date,Name,open,high,low,close,volume,return,log_return,close_to_SMA,RSI_14,MACD,MACD_hist,BB_width,volatility_20,price_momentum_20,volume_ratio,OBV_change,close_position,return_lag_1,daily_return,price_range
2013-03-11,AMAT,13.48,13.56,13.435,13.52,7355390,-0.1249576937142972,-0.116304200478978,-0.3222340547410349,-0.6489791593210933,-0.1541088967295982,-0.0188891424335331,-0.7278589700312467,0.0496120357407376,-0.2645959399149761,-0.9123953309236024,-7.718730064391721e-05,-0.2930827173604181,-0.0564435281080072,0.1978727226186027,-0.8207908064872279
2013-03-12,AMAT,13.45,13.55,13.335,13.4,8362743,-0.5855821746958833,-0.576788154434165,-0.5287340406380059,-0.4446157951967237,-0.1611219213702622,-0.0341934664183203,-0.6954459433107006,0.0619635034500593,-0.4470159595787956,-0.7330379497960584,-0.0003094849387271,-0.7363069223527474,-0.1254412477311145,-0.3071782057262273,-0.2541384715637036
2013-03-13,AMAT,13.45,13.65,13.34,13.63,10364562,1.0356120632671848,1.0289504638345972,-0.0823744830423592,0.349294936252543,-0.157508478908091,-0.019084582213995,-0.696726272395206,0.1344218091698722,-0.1997314508512468,-0.4106321535488458,-0.0021082671078523,0.113206137215891,-0.5861858932010664,0.9847854066833004,0.3041761993554976
2013-03-14,AMAT,13.63,13.76,13.63,13.675,7978653,0.1725514028350243,0.1793041083422842,0.0136057398707456,-0.0175935452779248,-0.1528084552993908,-0.0042006336844455,-0.7112845634990275,0.1217128359080972,-0.2688002760921253,-0.7684922935869735,-0.0022110118188171,0.2794152140880155,1.0354312705598911,0.2231207442460003,-0.7990524762238211
2013-03-15,AMAT,13.6,13.71,13.26,13.305,17885899,-1.717491390362417,-1.7231167370837448,-0.6448248590416265,-0.0685658593524171,-0.1634571435187586,-0.0318007948840843,-0.7147779053785501,0.2506809795824224,-0.786024931586823,0.8411694083381602,0.0020911423261351,-1.0502574008889844,0.1721454609075491,-1.6651236554383226,1.2274199274571849
2013-03-18,AMAT,13.13,13.2,13.0,13.05,9798197,-1.2262166039038185,-1.222974813736439,-1.073505904667527,-1.200184840677226,-0.1815355028608761,-0.0730047694148231,-0.5682734529758594,0.2965706143821128,-0.9050110958304048,-0.4564616521753871,-0.0004130310899879,-1.706345862226316,-1.7183903934158449,-0.4866473058308053,-0.3140693518128944
2013-03-19,AMAT,13.05,13.09,12.8,12.96,18027194,-0.462361818903966,-0.4532694745283944,-1.1613878072323405,-1.5651582727259683,-0.1988091314228558,-0.1038965858644702,-0.4674493317280334,0.2590803206634659,-1.150809638845817,0.7963581596628093,-6.754550553373882e-05,-1.4021414825551937,-1.2269874466318635,-0.5473633450647348,0.2735564372440512
2013-03-20,AMAT,13.03,13.22,12.93,13.18,12832833,1.0238533589303378,1.0174525171583264,-0.6945493078235982,-1.022880570897189,-0.2031942111146542,-0.0954351361037511,-0.4228973553305257,0.2600795738170436,-0.6105590175951077,-0.0137348675802378,-0.0018304063267186,-0.7007523326999386,-0.4629333925457705,0.8434277142313992,0.2424279339396516
2013-03-21,AMAT,13.1,13.13,12.92,12.96,10005342,-1.0722045597199203,-1.0670111201356651,-1.0958526077278916,-1.1360512593938157,-0.2145505911174919,-0.1066099832875384,-0.3187722944023789,0.1879943084195649,-0.4889184108690008,-0.4108091217123555,-0.0006614020178644,-1.3842289104918506,1.023669498694615,-0.8337402090580872,-0.2408933101567364
2013-03-22,AMAT,13.0,13.28,13.0,13.26,13887178,1.4081622323783545,1.3921379745978384,-0.4811058553878815,-0.5967532196938788,-0.2110076893401234,-0.077199366217721,-0.3065102651854261,0.1768808105004245,-0.5029839762924997,0.1802171084658805,-0.0019098173932913,-0.45221539532106,-1.0729352248645856,1.4847191523548022,0.168513247870926
2013-03-25,AMAT,13.37,13.4,13.23,13.32,10630694,0.2487145338649428,0.2547542789160771,-0.3726824985606933,-0.7699733045854762,-0.2051696480384172,-0.0477632229361655,-0.3213797718844854,0.0395082208716697,-0.067568449588106,-0.3071469592763285,-0.0019149803982543,-0.2658126922868996,1.408078627949822,-0.3088587541472992,-0.5276642842146199
2013-03-26,AMAT,13.4,13.49,13.32,13.4,10751052,0.3409261040869139,0.3459797877484116,-0.19419314031626,-0.5607344538784957,-0.1968218082188491,-0.0177541301311607,-0.3358918855202135,-0.1878528181707777,-0.4153057383569151,-0.1976609572106102,-0.0021399302130779,-0.0172757549080211,0.248328460841641,-0.0263165508545973,-0.5340144908586153
2013-03-27,AMAT,13.3,13.42,13.09,13.41,10585469,0.0134651789621593,0.0214098710320346,-0.1424644800202726,-0.3854185407220324,-0.1893262334480255,0.0040594285487898,-0.3811487938952139,-0.20950722732901,-0.5202106717690833,-0.1876206331066194,-0.0025481461326607,0.0137913622643382,0.340564086572198,0.5985478376906405,0.4595697267824331
2013-03-28,AMAT,13.42,13.54,13.33,13.48,11878165,0.2919899841593681,0.2975837028158254,0.0165317109445523,-0.2735771858673875,-0.1802493793613506,0.0255804612306366,-0.4204971375669727,-0.1997060232298416,-0.408591407328821,0.0537249379263406,-0.0040085705335967,0.2312611824708576,0.0130177357348465,0.3114708641698617,-0.2929870716702558
2013-04-01,AMAT,13.48,13.49,13.27,13.36,11026349,-0.5872218961547775,-0.5784335082294664,-0.1958796397128941,-0.4042540307821618,-0.177429426483888,0.0266921313737486,-0.4364718945524299,-0.1974862443183377,-0.4160351829151021,-0.0813325188326133,0.7548855453471077,-0.1415442235974631,0.2916152005324361,-0.6988843712742175,-0.2189444811134401
2013-04-02,AMAT,13.46,13.46,13.19,13.241,8535540,-0.5875399399327487,-0.5787526495299403,-0.3970935883254868,-0.40300636241363,-0.1795048332652689,0.0149808959981079,-0.4403710414634381,-0.1802650051262858,-0.5235473101796377,-0.5276056574810347,0.0008977941090258,-0.5112429179485439,-0.5878260424190102,-1.2555766511624007,0.1080969888999277
2013-04-03,AMAT,13.24,13.24,13.02,13.15,14398876,-0.4608701773595782,-0.4517757301102351,-0.5185858359068395,-0.878882128743329,-0.1843025846989569,-0.0013953605733272,-0.4876114604492641,-0.2281170114890547,-0.7981220891467046,0.4626868763418104,0.0007958718498053,-0.793953684217016,-0.5881441691660145,-0.5398860874438945,-0.1970281558393884
2013-04-04,AMAT,13.1,13.24,13.03,13.22,7399754,0.2984155634046118,0.3039405303508077,-0.3371403531478046,-0.8350712896617792,-0.1849145035502788,-0.0037221048209624,-0.5391574023455133,-0.21663184561078,-0.650940540294671,-0.7326563046516049,-0.001846699495822,-0.4493476614282256,-0.4614413618723841,0.6657608704626914,-0.2674524593701287
2013-04-05,AMAT,13.02,13.215,12.91,13.2,10348974,-0.1271836943354879,-0.1185213071204409,-0.3428430797763523,-0.3683379099842764,-0.1857415925026596,-0.0061373443551259,-0.5587966798313742,-0.2333882724378285,-0.5415529618079232,-0.1716376477180687,-0.0001630186748903,-0.4962271446485723,0.2980424560377883,1.0181781748661851,0.3343550437550585
2013-04-08,AMAT,13.17,13.42,12.96,13.38,15210222,0.8159771955652796,0.813832835112143,0.0278684815950988,0.4002904732147875,-0.1789464098429145,0.0115500599326823,-0.587792617161717,-0.1753067407836955,-0.3410255407715448,0.6610478023971605,-0.0023851225457691,0.127056893621901,-0.1276678290557562,1.1783816179911717,1.2739074314892136
2013-04-09,AMAT,13.34,13.48,13.2,13.3,13917202,-0.4052414092614354,-0.3960942547586172,-0.1082300197521595,0.4218495620118345,-0.1763726545976814,0.0148341018682238,-0.6178198441909332,-0.1677376464254719,-0.4064592643604219,0.3616083124229761,0.0005339146211293,-0.1499582344983073,0.8157391060520314,-0.2528586352937831,0.1632205045778398
2013-04-10,AMAT,13.3,13.83,13.27,13.81,15002192,2.354342236968974,2.305075597830656,0.8566422269147606,0.7727898243817259,-0.1541804073990311,0.0679589959799622,-0.4728258736430476,0.165216634304138,0.2818876251020237,0.4775620241470953,-0.0024103577076995,1.3783315378736158,-0.405798081730846,2.8707819778551555,1.7881750952550823
2013-04-11,AMAT,13.73,13.97,13.7,13.795,11024653,-0.1006188209285113,-0.0920677517547415,0.8102360190555286,1.2372413793648742,-0.1372966949323717,0.0967948342535912,-0.4042810961339986,0.1075539246803743,0.0103132682274203,-0.1961146309328128,0.0002385886173827,0.9456721119771264,2.354505465352956,0.3313575959356805,0.0398491330945628
2013-04-12,AMAT,13.77,13.79,13.51,13.63,6933235,-0.7776554259632923,-0.7698191881788442,0.4897288577981818,0.4966510126598695,-0.1306005678490205,0.0936408354712217,-0.4195528885029531,0.1404136938998554,-0.2158056318573189,-0.8769168232586593,-0.0006353297273099,0.4768772797737003,-0.1010960255906666,-0.7944538001258912,0.1207407061516841
2013-04-15,AMAT,13.49,13.65,13.23,13.31,16472331,-1.4946667693572837,-1.4957695347970197,-0.1412553041992364,-0.2049178213041135,-0.1379930820080275,0.0548537164180347,-0.4196418389548962,0.098444149480443,-0.1619577653767789,0.7455548308026145,-5.8774243538468936e-05,-0.432300576620829,-0.7783092511929772,-1.0344204299416684,1.038515382641957
2013-04-16,AMAT,13.37,13.5,13.34,13.46,10697070,0.6686347326648067,0.6691007608901315,0.1135327757311799,-0.0969160121671058,-0.1380531075747111,0.0426977205861554,-0.4543520301180594,0.0283109231071472,0.2939395485644933,-0.2393510365724577,-0.0017816427034128,-0.0061234564358929,-1.4955076434842565,0.4822594150722858,-0.6006450373045878
2013-04-17,AMAT,13.27,13.43,13.0,13.045,16516338,-1.9525417757344732,-1.963846043029869,-0.7110371950045574,-0.6515457873780511,-0.1543501521605827,-0.0088208835207025,-0.4863807480388438,0.2471915578247606,-0.0711531295694361,0.7601990095157093,-0.000210061520559,-1.457940042273442,0.6683582054818297,-1.3073377762581946,1.1558259230725134
2013-04-18,AMAT,13.17,13.23,12.89,12.92,13911185,-0.629565969255019,-0.6209381810467638,-0.9320870926202436,-0.8822639465938436,-0.1718997179802683,-0.0532597349003549,-0.405032115491327,0.2014414061584795,-0.4571964394525159,0.307199831835444,-0.0006088087860829,-1.7889644092095405,-1.9535020970861352,-1.460481037575745,0.6018566049932497
2013-04-19,AMAT,12.83,13.02,12.65,12.93,12634780,0.0151912924735155,0.0231252137772822,-0.909538011299092,-0.7471215889881001,-0.1849781458070206,-0.077302183779187,-0.3930244154210388,0.1421485698571649,-0.2014735921164381,0.0682192768683115,-0.001711394128508,-1.176173368216353,-0.6301811619444624,0.5625516109573261,0.7935266720734554
2013-04-22,AMAT,12.94,13.15,12.85,13.08,11135353,0.6892549720130149,0.6893760540193437,-0.5968309827364222,-0.3951502690563207,-0.1889575047168218,-0.0731152961269911,-0.3639247911265384,0.0463819558616186,-0.3668418753012026,-0.1610392416092508,-0.0017397049321874,-0.798425466234251,0.0147442995426058,0.791090707450337,0.3201636964695923
2013-04-23,AMAT,13.18,13.49,13.14,13.43,10313571,1.632930036803231,1.6102311303205947,0.08177333173672,0.1332721755096951,-0.1779811879980237,-0.0312701343934213,-0.3589173005929391,0.2072514942680859,-0.0461916308677179,-0.297700034552667,-0.0018034427662185,0.0829863050573182,0.688983824093654,1.4067597989267009,0.580627009664133
2013-04-24,AMAT,13.41,13.66,13.39,13.63,10007759,0.8941526911043514,0.8904861879569238,0.4524834890290264,0.260089608274388,-0.161248617824491,0.0170224922942324,-0.3193450381646091,0.2451695553556621,0.0846056166467044,-0.3441931144662167,-0.0019245865409014,0.5866501743667896,1.632905068225234,1.2131609088995756,0.0595955417504166
2013-04-25,AMAT,13.74,14.2,13.67,14.15,20800328,2.342218887194862,2.293462906640568,1.3986002440347405,0.6884658795803301,-0.1277465643692014,0.0988209549313954,-0.0558592822789412,0.5142454069257554,0.6429664987264996,1.343718213989343,-0.0031215656499976,1.3356470896947434,0.8939349954668352,2.2281399204549173,1.5302771850244667
2013-04-26,AMAT,13.91,14.22,13.8,14.14,17233769,-0.0769946561248982,-0.0685520731192371,1.3106997974853685,0.5524890735965882,-0.1021085972945561,0.1440177020745684,0.1394531382861647,0.5152503061170539,0.5515974332325814,0.7035005397421099,0.0035767215566783,1.2734937056990012,2.342378952924267,1.222922168549295,0.884147164666539
2013-04-29,AMAT,14.15,14.44,14.07,14.4,16446727,1.1117769236831263,1.1033746522984873,1.7107153886369757,0.8238367385401036,-0.0724191960315796,0.1906034216459908,0.4201362863955959,0.531181724901237,0.97578738405016,0.5231243281739494,-0.0029234121419672,1.3685953658813237,-0.0774656978804042,1.3085206427932834,0.5500731764719814
2013-04-30,AMAT,14.37,14.51,14.29,14.51,10093880,0.4425861878402092,0.446397245453156,1.7924605104924014,0.54761091332794,-0.0457300049442118,0.2201495079585756,0.6707033356724708,0.4994368663303641,1.2400626121611598,-0.4779879392424971,-0.0038580539741264,1.442878752192886,1.1116160003311564,0.7097481619126853,-0.3277133528133685
2013-05-01,AMAT,14.5,14.745,14.44,14.47,13788175,-0.2046239892917466,-0.1957016540414797,1.578471032724558,0.5150178956037932,-0.0275316261959312,0.2219311722139005,0.8208010028863745,0.4839074064389275,1.306762241481762,0.100273236973554,0.0607481029962535,1.0065303403567614,0.4422506906961115,-0.1826305891176355,0.16534244839463
2013-05-02,AMAT,14.47,14.8,14.41,14.79,14534559,1.3438230308629553,1.3295676916376789,2.032411692827009,0.9579329445155828,-0.0021864142400583,0.2417523292645194,1.0654615024471374,0.5382817572617757,1.57668967235933,0.1559571205311493,-0.0040428655051143,1.4274174427164068,-0.2051283260937681,1.6444900318233775,0.6063052469852969
2013-05-03,AMAT,14.89,15.18,14.79,14.83,15303776,0.135382692576649,0.1424499234443584,1.9404441190164967,1.469727742184348,0.0175753368135126,0.2432375226596204,1.2482155844293412,0.5297114719161634,1.6460893923246265,0.230194556778246,0.3277529125786237,0.9830117410842412,1.343722642074166,-0.3307562492849695,0.6003777240073623
2013-05-06,AMAT,14.84,14.92,14.71,14.81,8393454,-0.1169583323282722,-0.1083374557256877,1.75604488625232,1.358733180877018,0.0304029483237826,0.2265773215597888,1.3975289188132949,0.5266905616554887,1.4021617506777773,-0.7647374601477024,-0.0027520992622625,0.9567336261637476,0.1349670543363727,-0.1790492701816899,-0.4095831538984844
2013-05-07,AMAT,14.84,14.845,14.7,14.72,8008892,-0.411336581530566,-0.4021927599577456,1.442311864337488,2.0093315385041133,0.0349281464845047,0.1918788916410385,1.4592693844569773,0.5271154247779177,1.400560668034757,-0.7955363576665625,-0.0044002082934962,0.8384821090215245,-0.1174397995277189,-0.6372474281629765,-0.7703711412112247
2013-05-08,AMAT,14.7,14.98,14.561,14.85,14143857,0.5168371685525888,0.5196378533526154,1.5832867938547022,2.3383727075922804,0.0414566049581958,0.1692765052662653,1.5931706732446669,0.2994807356318078,0.9385340205314489,0.1683105722270964,-0.0417319656935788,1.0092898560047348,-0.4118948440658274,0.7446200324155071,0.7601791301263605
2013-05-09,AMAT,14.86,15.0,14.82,14.92,9214060,0.2604761875813263,0.2663976410856025,1.6022182809765697,2.349256988304824,0.0471457429897789,0.149034199797039,1.720186162795988,0.2943057066140759,1.030230060662846,-0.5926916724137244,0.0006983039347069,1.101263258226464,0.5165210414842825,0.2787377633868724,-0.5858711736115015
2013-05-10,AMAT,14.85,14.98,14.85,14.97,6112008,0.1756434928014479,0.1823690445991048,1.5623016336890374,2.3307881861907784,0.0513343176325051,0.1289779310903618,1.8145772472186603,0.2364831973596697,1.2763951232567718,-1.0782815324228407,-0.0004850604741312,1.1669585455277,0.2600931828558669,0.5842029251896101,-0.8675889819027505
2013-05-13,AMAT,14.92,14.95,14.68,14.69,8483008,-1.1974750343410792,-1.1938391969496225,0.9061845431984792,1.5458101570852916,0.0414601501642935,0.0767356600161608,1.755355439572806,0.1813594679422012,1.3552456900549603,-0.6603378757661804,-0.0020687577795435,0.7990649366407823,0.1752383575167459,-1.1909888422023285,-0.059531388485411
2013-05-14,AMAT,14.95,15.0,14.73,14.79,16563901,0.3908163293007728,0.3952805382420039,0.9632806100955748,1.4864176395392144,0.0354654015828514,0.0449274005886413,1.7216846422802574,0.1731361584925949,1.2837199937784212,0.5954493060506179,0.001053765929199,0.930455511243252,-1.198238379169764,-0.8348975291606321,-0.0698883358052109
2013-05-15,AMAT,14.77,15.0,14.69,14.8,15612663,0.0090986408553903,0.017070367487218,0.813847108775434,1.0627510143772052,0.029076757979076,0.018466914039891,1.5232729689541806,-0.1460733368518037,1.808367772762219,0.4527532540897046,-5.823629970246367e-05,0.9435945687035008,0.3904673267985776,0.1271400202228696,0.1543292322721176
2013-05-16,AMAT,14.84,14.93,14.32,14.66,22147927,-0.6219234247950104,-0.6132644922172694,0.3938499845869334,0.7339801447963881,0.0166162422240055,-0.0183303695915997,1.1838713325412245,-0.1471190343722112,1.8104329699397923,1.3861605522001483,-0.0024203692903778,0.7596477642600418,0.0086500585161997,-0.9427128668171708,1.8764744684104917
2013-05-17,AMAT,14.56,14.96,14.435,14.96,22522421,1.2410429234949307,1.2294820125819734,0.7500337675160298,0.7815904358605971,0.0166597005106905,-0.015583182564416,0.7878504795347063,-0.1084960087539371,2.1382999661596074,1.3168217908673066,0.0008376340054624,1.1290075340652703,-0.6225366237509838,2.049281942564911,1.3334054489347416
2013-05-20,AMAT,14.9,15.03,14.84,14.91,9654269,-0.2410777191833169,-0.2320663477658802,0.4897093192099092,0.5296450059970684,0.0128817277492854,-0.0232217306759878,0.3286880018027165,-0.0859787638420113,1.887292592990726,-0.5955876675928917,-0.0017523933461222,1.0029135487078509,1.2409157221516074,0.0243893452262539,-0.5293008772986915
2013-05-21,AMAT,14.83,14.91,14.66,14.67,13243174,-1.03513749172097,-1.0295329178727672,-0.0545135234828034,0.1312705390951136,-0.0012395452033559,-0.0559560458015541,-0.0724897042849891,-0.0803977015292693,1.1885410251748578,-0.0784447858579813,-0.0020991516745363,0.4957655767204438,-0.2415915657790691,-0.8414403287153674,-0.1710638582472775
2013-05-22,AMAT,14.66,14.9,14.45,14.54,10787490,-0.5847032601488534,-0.5759062388717974,-0.3685015984468073,-0.6354168633382912,-0.019023832526281,-0.0915720338337346,-0.4708136882930198,-0.0693864526347391,0.8130630401396444,-0.4475322601984712,-0.0022517177737662,0.0339541270516953,-1.0358584870685548,-0.6447486258379862,0.9880011775735422
2013-05-23,AMAT,14.43,14.63,14.34,14.6,15548738,0.223914703159771,0.2301966918938903,-0.3011757446555718,-0.594784116292023,-0.0320829776343643,-0.1079023895399811,-0.609764992437059,-0.4303772752472169,0.2995864625311719,0.3023223730018937,0.0010424623524147,0.0457589755866194,-0.5853067493689654,0.8637599201973711,0.0640767284565451
2013-05-24,AMAT,14.5,14.6,14.46,14.5,10009168,-0.4594209574255267,-0.4503245016203929,-0.5113517232151025,-0.7109265607815709,-0.0475164074055716,-0.1270780419554628,-0.7722975085903035,-0.4099187510935051,0.2064380309520909,-0.4918115328379301,-0.0020494598274054,-0.5935567842583718,0.2235221605303338,-0.0263165508545973,-0.7866535335631477
2013-05-28,AMAT,14.66,14.91,14.62,14.87,12792794,1.555657327601678,1.5353397132168531,0.1061072860169263,0.0287236488899831,-0.0463477995196723,-0.0996852047561464,-0.8336945433688631,-0.3206931978911955,0.3118757081774078,-0.0318581301120055,0.0002109804930262,0.2850177672410052,-0.4599917638759866,1.0559395803663196,0.0340190170311314
2013-05-29,AMAT,14.78,14.94,14.72,14.8,12546029,-0.3260735564949032,-0.3169376327426544,-0.0443929437795745,-0.2637732365338429,-0.049304353294976,-0.0883890300995586,-0.8739856010147043,-0.3214406892724103,0.1260516071664359,-0.089331038958458,-0.0021782976680148,-0.025945648072399,1.555612200660526,0.0759186117441511,-0.3524732891538134
2013-05-30,AMAT,14.85,15.43,14.84,15.25,19744504,1.8599848268374983,1.8297661439950348,0.6844196649870159,0.2247597360586886,-0.035227469096924,-0.0355083142549522,-0.7864247050666663,-0.1015437441105085,0.6241960720083155,0.963265584327346,0.0009784849134591,0.9038222866616716,-0.326609576209379,2.008748369292746,1.6330109787567078
2013-05-31,AMAT,15.17,15.39,15.16,15.2,22089249,-0.2371207561617979,-0.2281180159087646,0.5584302831815272,0.0993806380900464,-0.0274192857214161,-0.0093392695832228,-0.694159429786514,-0.2014574906484994,0.2396552546495079,1.2272822009877642,-0.0026229810039339,0.7540843795696652,1.860019090722825,0.1230937032531187,-0.3302451083895098
2013-06-03,AMAT,15.21,15.5,15.2,15.43,21290333,0.9090663664662666,0.9050987089118824,0.9106031354517776,0.7589837187076832,-0.013717462456249,0.0267660937734001,-0.5137440644916698,-0.1530118469222266,0.4267192546704241,1.041278524008315,0.0014039353966795,1.2456815423446015,-0.2376335704927517,1.0664771858517357,0.0290427732777219
2013-06-04,AMAT,15.45,15.64,15.4,15.54,19216628,0.4108396098869591,0.4150562011885277,1.0376844217526813,0.7676349472631698,-0.0002231171913847,0.0551163396575734,-0.3264392163892892,-0.1502245797989927,0.5564380501783183,0.6367110668943868,-1.994077584759961e-05,1.1910468175381483,0.9088525614039228,0.4137909355170721,-0.304206382351337
2013-06-05,AMAT,15.52,15.54,15.12,15.145,16748770,-1.6154879871918804,-1.6189393980670266,0.3030721862816238,0.1881927709368512,-0.0066932099455568,0.0264084165840314,-0.3156155405730962,0.0248563043461005,0.2565572585272564,0.2239946949014479,-0.0019824995142778,0.1963106756519486,0.4104958309179593,-1.8518268237396664,0.7198785336292906
2013-06-06,AMAT,15.2,15.24,14.875,14.95,16831431,-0.8346016760806091,-0.8271652549638555,-0.0491253883286366,0.121720913728096,-0.0209497965070846,-0.0166002228934408,-0.3165607809403125,0.0562886461194976,-0.0685776263570436,0.2148473794058377,-0.0022563509664455,-0.2947615969247841,-1.6163603803119253,-1.2689445962570651,0.44341948511076
2013-06-07,AMAT,15.03,15.52,15.01,15.49,12485494,2.215789257900299,2.1722287644203475,0.8494041045559666,0.3332818449358942,-0.0125477012045781,0.0073159225821154,-0.2028399448257354,0.3260263329279352,0.3936043656660888,-0.3864621191285367,-5.814342473504874e-05,1.0651308502107837,-0.8352703570491707,2.285980267097252,1.1526295006084777
2013-06-10,AMAT,15.5,15.6,15.37,15.46,9489583,-0.1535732622226037,-0.1448114868533251,0.7522214763287066,0.3566399724405202,-0.008665893732376,0.0148136959023724,-0.1184096419536757,0.3286178896456394,0.3132451120096968,-0.7980710177964575,-0.001873708674438,0.989581269814365,2.215916341553532,-0.2212888996558062,-0.3514534191954947
2013-06-11,AMAT,15.34,15.44,15.17,15.19,8689357,-1.1202968273088985,-1.1156706444829565,0.2341869344890707,0.321719571821105,-0.0177075714243545,-0.0124529137811974,-0.1321206971853721,0.3182648316034475,0.3324056070720318,-0.903919854459415,-0.0019905249072475,0.309635046246579,-0.1540642812685088,-0.7650888959700168,-0.1099524717177489
2013-06-12,AMAT,15.61,15.81,15.1601,15.25,24026405,0.212921155757693,0.2193074123571141,0.298336348035615,0.5249849071672187,-0.0239320937287269,-0.0270148920566018,-0.1280096593235889,0.3138688900971449,0.289305523474189,1.034184198363544,0.0015877010261784,0.193521932751411,-1.121040038427492,-1.7687023713394905,1.9603629432700145
2013-06-13,AMAT,15.29,15.605,15.235,15.6,11424337,1.395876948718947,1.38019534115496,0.8377987951234321,0.7260425022848666,-0.0165954396237736,-0.0037582400497551,-0.0468982893016472,0.4023652398067626,0.6263905918190442,-0.5607763223962344,-0.000576408958299,0.9743699449023314,0.2125257452086089,1.5054724223138627,0.385350324660005
2013-06-14,AMAT,15.62,15.745,15.38,15.41,10417612,-0.7912670125856653,-0.7835215114106913,0.4396926382654825,0.6210485949553446,-0.019727392783824,-0.0120989333313507,-0.0662451514438844,0.4172559268733006,0.5838813135037273,-0.638528509042198,-0.0017326635956556,0.5383395583309827,1.3957901393916603,-1.04205758054081,0.3826808766870307
2013-06-17,AMAT,15.56,15.895,15.56,15.78,13250987,1.4618432739161151,1.444294785972427,1.0089053518072526,0.6210485949553446,-0.009237559799404,0.0162907550854316,0.0552373267347527,0.4450000546351217,0.6375344543672863,-0.1990999189749014,-0.000485885199321,1.197038960034759,-0.7919243887107321,1.0418963498718374,0.177952895783162
2013-06-18,AMAT,15.77,16.09,15.77,15.97,13865373,0.7166254477423365,0.7162784107852628,1.241794225283425,0.8160519485195472,0.0048017865062068,0.048138892004097,0.2100479072518219,0.4520285883421669,0.8766372346896024,-0.1411573270149264,-0.0006204779321713,1.2149348753396878,1.4617736734217153,0.931854472106347,0.0786244376223247
2013-06-19,AMAT,15.97,16.05,15.66,15.7,19500287,-1.0855740095273596,-1.080534427652001,0.6832975165204522,0.2189730084601353,0.0035648166724412,0.034296426772179,0.1923008170979845,0.4584799525345752,0.8636850137425249,0.5765707031377871,-0.0019575459466146,0.7020611524199863,0.71636144004098,-1.3036479217579795,0.4789267424564487
2013-06-20,AMAT,15.51,15.53,15.02,15.07,18634942,-2.531248503185737,-2.560554361288148,-0.4471777093199112,-0.2889999411005419,-0.0236332483838307,-0.043600957605821,0.0659228330226232,0.7748287620084477,0.3678649515746429,0.3965831434551272,-0.0021628195108294,-0.4946442010593097,-1.0863081624004505,-2.169629605052327,1.2291033179296964
2013-06-21,AMAT,15.07,15.19,14.79,15.075,22346552,-0.0123397598736771,-0.004239715003216,-0.4788663109385365,-0.4791369529253148,-0.0461552237530145,-0.093882690750741,-0.0538759544605587,0.7743754882406699,0.310338873657794,0.8196463107580932,0.0004079046932462,-0.627087051797381,-2.532359793495171,-0.0012496015644663,0.6200421812957162
2013-06-24,AMAT,14.96,15.06,14.81,14.98,14138748,-0.4253352511687722,-0.4162013586774439,-0.6823271719695242,-0.6485982313234312,-0.0686476487332865,-0.1340320150743166,-0.2236196886605436,0.7727728655472902,0.3186984826183996,-0.2556618002775346,-0.0018975741248541,-1.0672175107738928,-0.0127939349126945,0.0746885095203604,-0.2004550873553774
2013-06-25,AMAT,15.1,15.32,15.02,15.27,12763039,1.1722663651317269,1.1624179978918878,-0.2192868897394756,-0.0833094794091663,-0.075881351446582,-0.1268757860910126,-0.2933996427711421,0.7277005133737323,0.2275882693413444,-0.4295400278940566,-0.0004689940623992,-0.5467773505099224,-0.4258971655789215,0.8242664608857937,0.046021074997293
2013-06-26,AMAT,15.37,15.42,14.92,14.965,18520391,-1.2765259341496955,-1.2740069111761043,-0.7553061186792458,-0.17669750920335,-0.0942275237333658,-0.1497541082896399,-0.3476189958913621,0.7997897363755712,-0.0037417692719154,0.2558296437028368,-0.0021206765572365,-1.4338168090554244,1.1721212218415715,-2.017108547600877,1.1932019658940896
2013-06-27,AMAT,15.13,15.1399,14.88,14.91,9374777,-0.2618094117400907,-0.2527569353912037,-0.8211136800950235,-0.7384823178849604,-0.1113441903115034,-0.1648920395199545,-0.2856370761768275,0.6360412479810845,-0.4949147750398057,-0.8416547095500655,-0.0018927740628308,-1.5744552587164522,-1.2773099012234468,-1.124888443472143,-0.1385881979145729
2013-06-28,AMAT,14.87,14.99,14.62,14.92,25016564,0.008759850642855,0.0167336621131025,-0.7806000271878356,-0.7038976798663275,-0.1247735435492228,-0.1675113034416498,-0.2358505385397989,0.6353909014483676,-0.4380186513665106,1.135297132637635,0.0010225998937698,-1.202898389853179,-0.2623286666745916,0.2277244214401945,0.475440034498196
2013-07-01,AMAT,15.06,15.18,14.79,14.815,8993756,-0.4711390683433064,-0.462059827867898,-0.9095095587550708,-0.5667360054766833,-0.1396352553458884,-0.1732935808522323,-0.1654470976317264,0.5912279962813206,-0.7528449311632525,-0.8551760573339391,-0.0016911100044828,-1.4403399282419296,0.0083111799224466,-1.2554126573828337,0.6025967941603403
2013-07-02,AMAT,14.78,14.99,14.68,14.82,9789080,-0.0119842180437442,-0.0038862414312636,-0.8407603619843793,-0.6304392959392637,-0.1511700364864655,-0.1693559405437575,-0.1273081820481036,0.5764891667346774,-0.8479348424545131,-0.7088501147251925,-0.0006606050243285,-1.429033188318654,-0.4717129317324683,0.1781537743428906,0.1519734250800045
2013-07-03,AMAT,14.74,15.0475,14.67,15.0,5564746,0.7231744528824502,0.7227136752308997,-0.5184487247484739,-0.8437487988518441,-0.1531580491994238,-0.1416326107082326,-0.1119584704344989,0.4991852458986214,-0.3080876912222387,-1.2553363549558,-0.0009691757249187,-1.0219905510807987,-0.0124383003314993,1.3063472308090522,0.5060877230692149
2013-07-05,AMAT,15.12,15.31,14.97,15.22,8382842,0.8801218402607788,0.8767355153467542,-0.162586119556399,-0.3940527057103486,-0.1460874592912601,-0.0961372596334032,-0.1390556122027682,0.5049189097700518,0.0977650817220406,-0.8195370952569604,-0.0008676219239109,-0.5244939944567506,0.7229121536396852,0.4733645679315873,0.2704298536938212
2013-07-08,AMAT,15.36,15.41,15.04,15.14,10152737,-0.3602393413359522,-0.3510861589247351,-0.2703585480414185,-0.9618198255363374,-0.1436723901112423,-0.0717242089847892,-0.1551262458092512,0.2426139490262717,-0.4993228071317964,-0.5483520776128423,-0.0016429018207388,-0.7054018332291313,0.879900484353167,-1.1084384737259076,0.4454077977116671
2013-07-09,AMAT,15.41,15.73,15.37,15.66,26328712,2.105324927837377,2.0661091876037974,0.6081866820358914,-0.518733788574129,-0.1215880508555809,-0.0015654058901081,-0.1146193481229915,0.4870233704408781,0.0225172225813125,1.6106350148025317,-3.003743545091205e-05,0.4704991187913414,-0.3607842739810787,1.19937756271565,0.3245579208225906
2013-07-10,AMAT,15.6,16.465,15.6,16.3,30331591,2.5113937397765334,2.455315260973295,1.6086589465465906,0.3740167641500229,-0.0796761322025335,0.1055974846303575,0.1781179984052959,0.6938020215105191,0.90573371291767,1.8750018738887584,-0.0002704857494535,1.1455942244541282,2.10542319432988,3.363827655063936,2.8313658638532133
2013-07-11,AMAT,16.47,16.5,16.28,16.49,14302293,0.6927111425145465,0.6927737583000063,1.820464715081915,1.360601490248679,-0.0402156239354277,0.1850179089134033,0.4850601580379906,0.704600223664701,1.0267080603030063,-0.1368992737311784,-0.0009032075143259,1.4251969355043597,2.5115979386565725,0.0654281791520431,-0.4794385728046164
2013-07-12,AMAT,16.46,16.66,16.43,16.66,10327865,0.6088393950779852,0.6102681413013178,2.01308584397277,1.441046392199163,-0.0039035714090216,0.2404501774627327,0.7906425695609526,0.645682665971036,0.8304552611487243,-0.661921436682177,-0.0010242720812899,1.442878752192886,0.6924408962167389,0.8916881291025082,-0.4407598161622421
2013-07-15,AMAT,16.61,16.72,16.45,16.47,9482181,-0.743021680790592,-0.7349682375940493,1.5932702916497727,1.2941671976851363,0.0155213617358877,0.241328837719487,0.97090644288736,0.6413353999008738,0.8427594220873158,-0.7711666145141736,-0.0014286259778864,1.0471428548783035,0.6085472689061475,-0.6631166665960694,-0.2250803056259815
2013-07-16,AMAT,16.55,16.71,16.5,16.575,8318798,0.3639131213290342,0.3687000801784914,1.6993575205210345,1.1966171765291305,0.0329718833574877,0.2369496646526265,1.1444605038942692,0.5614382695685306,0.572434765564738,-0.908758764020722,-0.0010678909927231,1.213351931750429,-0.7436664710114125,0.0878100128319067,-0.535421610110973
2013-07-17,AMAT,16.64,16.78,16.57,16.69,7863391,0.3989601748871664,0.403324435126589,1.8285940716508016,1.7771809309067754,0.0490657063537214,0.2299542072924902,1.315192169564659,0.5478511389671055,0.4946592840507576,-0.94871573932743,-0.001087253547292,1.3043711881327826,0.3635571005063745,0.2007020343631644,-0.5426971501350522
2013-07-18,AMAT,16.64,16.7,16.405,16.56,10658051,-0.5179298282413547,-0.5089415144481364,1.531779177751928,1.6386683081509157,0.0543809357821114,0.1966139271100925,1.4477227152255767,0.4952798148540106,0.6370092022471796,-0.5126934890671107,-0.0014422366900418,1.1043047067126288,0.398613296894368,-0.3895462872030195,-0.106689028226108
2013-07-19,AMAT,16.64,16.64,16.39,16.56,8097315,-0.0329960430517004,-0.0247793014886723,1.3990123703515245,1.634446613030635,0.0562487530843628,0.1610681234973672,1.5144601035052232,0.0860315080523454,1.284610560726894,-0.8353791565186672,-0.0012427088046935,1.1043047067126288,-0.5185158980762344,-0.3895462872030195,-0.3331587539840589
2013-07-22,AMAT,16.71,16.71,16.27,16.35,8969363,-0.8225001417655465,-0.8149743114342103,0.9357469599681152,1.4526557223715442,0.0472238228093284,0.1045937358577118,1.511379069068128,0.150468122943581,1.0746690294502554,-0.6355943134945259,-0.0014236302633962,0.7811203905723908,-0.0334556067571959,-1.6540031252273788,0.6514882126855214
2013-07-23,AMAT,16.38,16.51,16.23,16.26,9116544,-0.3757008366218532,-0.366546036167712,0.675361104993847,1.3049624716561248,0.0344363927965426,0.0497296161910007,1.4546066756647282,0.1467896006904264,1.0874485097981987,-0.5839857944681845,-0.001439422892172,0.642612826512287,-0.8231656657705957,-0.5798094824331208,-0.1561799523052208
2013-07-24,AMAT,16.33,16.44,16.05,16.1,8414876,-0.6456212582898628,-0.637061995730453,0.3390561721948084,0.9603171108080524,0.0161233617208688,-0.0083844815571454,1.4204453666107837,0.1297369188131583,0.6308096318341253,-0.6727442127622284,-0.0014381344046444,0.3963771570721022,-0.376249802753577,-1.0904262010020485,0.4274919439585533
2013-07-25,AMAT,16.06,16.185,15.92,16.13,6567836,0.0830127224735962,0.0904858566390642,0.2906873944802468,0.8304885644957817,0.0010822068615897,-0.0464540066987527,1.311735778800477,0.001186784451109,0.975846150111159,-0.919578678004816,-0.0010786242973356,0.4425463450921333,-0.6462406393706577,0.3029876185870542,-0.2221157349067652
2013-07-26,AMAT,15.97,16.13,15.915,16.13,6531282,-0.0329960430517004,-0.0247793014886723,0.188694947903271,0.9549086006995996,-0.012391317042506,-0.0728745717195604,1.1638439729780452,-0.0093046452536544,1.0342393757314854,-0.9122016627473246,-0.0012427088046935,0.4425463450921333,0.0825834223223209,0.7306205578288769,-0.4804568975816805
2013-07-29,AMAT,16.05,16.215,16.0,16.02,5857954,-0.4575703843315281,-0.4484714131603739,-0.0830633602056954,0.3066662682830628,-0.028762880287111,-0.101470527110045,0.9881967293690066,0.016198613614784,0.9153115536500308,-0.9380291563085712,-0.0013808886311593,0.2455432221188108,-0.0334556067571959,-0.1675348408741729,-0.4728292215551364
2013-07-30,AMAT,16.2,16.46,16.15,16.27,10455508,0.9385713336427144,0.9339977209315552,0.2062473998390961,-0.2395011524194819,-0.0332118486643482,-0.0936587374767114,0.7431630562239511,0.0168535891324177,1.274907765048208,-0.0832322950810352,-0.0009831570567077,0.639403593853703,-0.4581407080174408,0.3001417800857066,-0.003391118075338
2013-07-31,AMAT,16.27,16.46,16.18,16.315,10145981,0.1391988977864141,0.1462348462144212,0.1563754086749861,-0.5102508139643248,-0.0362450145195012,-0.0837650544506955,0.436427363839505,0.0129348713054619,1.314060940295158,-0.1444321714436403,-0.0010123816593213,0.7102984607659866,0.9383652256295536,0.1826465918756596,-0.1610180103476863
2013-08-01,AMAT,16.45,16.64,16.38,16.49,10080333,0.6348039301172217,0.6358215087907635,0.3177284530878682,-0.5001027756755464,-0.0330764400624384,-0.0598869352268125,0.1512971903747371,0.0083716223798918,1.2913869691089477,-0.1953984980546146,-0.0010314082598258,0.9102750804479512,0.1387842550910241,0.1573959966480614,-0.2772776047538339
2013-08-02,AMAT,16.36,16.415,16.22,16.32,10730344,-0.6748314811813654,-0.6664076639736956,-0.0466003520978015,-0.4669543817909451,-0.0385080223553406,-0.0629210952737267,-0.1155755088702386,0.0331891738413011,0.893968810482563,-0.0969225821192745,-0.0014517211883477,0.5640721388460191,0.6345185773914284,-0.2110397419559872,-0.5955231911775116
2013-08-05,AMAT,16.18,16.34,16.05,16.1,8099095,-0.8722588034492003,-0.865115965862447,-0.477739324005713,-1.0098383142612632,-0.052561077487354,-0.0875399459837925,-0.5376745257422623,0.0833413232859897,0.7637705758886378,-0.560754514870765,-0.0014133169093751,-0.1602726275666117,-0.6754584824205186,-0.3998729669755786,-0.0901531434882203
2013-08-06,AMAT,16.13,16.285,16.07,16.16,8928013,0.199021487998893,0.205536833488659,-0.4210009839935947,-1.1354135085708217,-0.0623147017055664,-0.0961683653927702,-0.7230454016381097,-0.173675306604635,0.3014422558535545,-0.2689432071944267,-0.0010423208074939,-0.30372510646334,-0.8729373081453978,0.1142013384705227,-0.4825191506748157
2013-08-07,AMAT,16.07,16.16,15.88,15.89,11617108,-1.0731984022482428,-1.068016298343191,-0.8224450045535856,-1.2918370400402115,-0.0814280274971786,-0.1271628116462221,-0.6310784918494967,-0.597374260696459,-0.5368932259410665,0.4999976180335538,-0.0014858940979966,-1.844367434833581,0.1986224514018378,-0.8725717673377702,-0.1227625036225309
2013-08-08,AMAT,16.02,16.02,15.58,15.65,19917873,-0.9733314111863052,-0.9670917121019964,-1.143358458143699,-1.5097952330798998,-0.1064894231344969,-0.1672685980380971,-0.4709232671442369,-0.6007382465937545,-0.9156092477969208,2.1891169715330414,-0.0016997012463595,-1.6873921955654616,-1.0739293266595855,-1.7712703903910434,0.751805687243886
2013-08-09,AMAT,15.56,15.69,15.47,15.67,10719481,0.0465669441669228,0.0542968049079464,-1.0341291869756084,-1.2778814967698415,-0.1258095328454088,-0.1845752560110553,-0.4005257071181858,-0.6581860908926647,-1.0402070831556725,0.2294088579343455,-0.0009482807776691,-1.3737941535790004,-0.9740362829964924,0.50778989950862,-0.4212544014000878
2013-08-12,AMAT,15.62,15.75,15.58,15.65,8656620,-0.1124574821054022,-0.1038554078852946,-1.0024103126033237,-1.2044203094866912,-0.1419675972086343,-0.1902815320978711,-0.3129463860427298,-0.6859616876168201,-0.8986834223928442,-0.2001420112046832,-0.001457671729422,-1.42454501674606,0.0461281362962705,0.1187893105291534,-0.6860238304117623
2013-08-13,AMAT,15.76,15.79,15.42,15.73,7797585,0.2852559058228203,0.2909209765667325,-0.8060781201416303,-0.8340630368457246,-0.1515734247998219,-0.1779812083103332,-0.2985477461621352,-0.6941127660466353,-0.9162030035890508,-0.3785634517541363,-0.0010328204673406,-1.1235849348031564,-0.1129377751545669,-0.1701334007793469,0.3690141740670712
2013-08-14,AMAT,15.64,15.775,15.52,15.73,12890315,-0.0329960430517004,-0.0247793014886723,-0.7298968550985709,-0.8989693118795324,-0.1590488360960222,-0.1626572944113029,-0.3463931406072649,-0.7283051146727992,-1.0122395343507895,0.6380519031408972,-0.0012427088046935,-1.0824684622983105,0.2848793654566976,0.4084443611941425,-0.240280091290637
2013-08-15,AMAT,15.42,15.59,15.28,15.325,11206264,-1.6359525075732737,-1.639826015406695,-1.2937968811022635,-1.3375913287980117,-0.1805273169315798,-0.1864418232289292,-0.2380632232467441,-0.548761425548355,-1.2627600810625368,0.2810639469339348,-0.00152314048815,-1.776695673931488,-0.0334556067571959,-0.491778262284215,0.0945270859157146
2013-08-16,AMAT,15.22,16.06,15.04,15.62,30578093,1.1654457880791698,1.1557632932052386,-0.7360945650020463,-0.712797296529042,-0.1854971013214137,-0.1629763458225956,-0.2763430119913499,-0.3851405637311448,-1.00113374604379,3.644230431746918,-0.0003914939584268,-0.7267966225450302,-1.6368302393340612,1.9592757004061063,3.8509088980831234
2013-08-19,AMAT,15.5,15.68,15.34,15.55,15962896,-0.312001332738027,-0.3028779918186136,-0.7869863640845836,-1.2138291315032466,-0.1916771897651474,-0.1473192656973477,-0.2602943157605508,-0.4155850096851937,-0.8860848772157698,0.8327573234263282,-0.0015827726178441,-0.8217199201898107,1.1652988654846443,0.2173988851469224,0.2309199670213691
2013-08-20,AMAT,15.49,15.62,15.375,15.56,9277459,0.0070412800985075,0.0150256390610564,-0.7142691924727748,-1.282130670878433,-0.1956225231032203,-0.1290413804256283,-0.2451958668293405,-0.4161190611699991,-0.7997392291002234,-0.3733546428972838,-0.0010174680656736,-0.8009437855807955,-0.3125336813893316,0.3151053317298393,-0.279080293334633
2013-08-21,AMAT,15.5,15.73,15.44,15.55,11539378,-0.0730076352744358,-0.0645842420384029,-0.6863984363985548,-1.6700737867711395,-0.1985501615363781,-0.1117995430422273,-0.2150119382617297,-0.4356435590863712,-0.6691913742524526,0.0054823287009799,-0.0015018345340902,-0.8217199201898107,0.0065921610494524,0.2173988851469224,-0.0370570718176262
2013-08-22,AMAT,15.61,15.74,15.58,15.66,9567986,0.4074145116006154,0.4116739071086224,-0.4664521031795671,-1.263372397455305,-0.1959782412593171,-0.0838503036881906,-0.2171225569341164,-0.4156650483334987,-0.5954173262547182,-0.366806157500309,-0.001005725298326,-0.5931824394906405,-0.0734776369238676,0.2156814797683082,-0.7398208669032053
2013-08-23,AMAT,15.74,15.75,15.54,15.62,7078566,-0.1920204044784711,-0.1831338197560347,-0.4910287353310133,-1.0566454130576342,-0.1949629295411627,-0.0654975958391693,-0.2208637842804834,-0.4159981893856357,-0.6318377838327495,-0.8061802570506513,-0.0014042401421216,-0.6762869779267048,0.4070698391159642,-0.6023149129420485,-0.4708642039612236
2013-08-26,AMAT,15.6,15.68,15.41,15.45,7602506,-0.710580318004216,-0.7023412025178885,-0.7265120735658052,-1.3912615456325332,-0.2002366807665001,-0.0670033693127012,-0.1852927134461058,-0.397588178775168,-0.6900320823879063,-0.7245048478284597,-0.0014269179569152,-1.0294812662799693,-0.1925214533455625,-0.7527760235514265,-0.1348816995879873
2013-08-27,AMAT,15.3,15.325,15.02,15.069,10480869,-1.5682913367059572,-1.5707961248260118,-1.2634599597212786,-1.495853322169209,-0.2185870659065884,-0.1018670186788741,-0.097851195777827,-0.3536812111651512,-1.251591637575618,-0.2250464528374572,-0.0015147152416703,-1.78075655356153,-0.7112166451495333,-1.1670003660224777,0.0955141159942315
2013-08-28,AMAT,15.05,15.14,14.96,14.965,12505890,-0.4626752453778155,-0.4535833474436005,-1.329443025778752,-1.3658367855178335,-0.2361962799252863,-0.1278501764643293,-0.0296097398853909,-0.3650938340522936,-1.3827292849724266,0.104663442026411,-0.0016025367531524,-1.8714093878167453,-1.5691514174943904,-0.4530209853157282,-0.5888945864117858
2013-08-29,AMAT,14.92,15.15,14.9,15.14,12229760,0.6950464936841065,0.6950694980077029,-0.9272235410051984,-1.0240697178257567,-0.2421690393239254,-0.1186846688177509,-0.1491431029455119,-0.3559874768101476,-1.369832428776523,0.038188280498648,-0.0008384062556381,-1.3546997694171328,-0.4632469007841233,1.0877178147823638,-0.2151538330328249
2013-08-30,AMAT,15.1,15.12,14.85,15.01,9689328,-0.5675762857739733,-0.5587232920881084,-1.039451310633873,-1.1413658495854888,-0.2508235283453315,-0.1182549885845471,-0.2067033240662885,-0.3615408651325493,-1.3463605201188775,-0.387115491507579,-0.0015222971177074,-1.524343693980615,0.6947768566163552,-0.4766252041289215,-0.0921878576893748
2013-09-03,AMAT,15.2,15.29,14.99,15.11,8697727,0.3817810222286317,0.3863548976560109,-0.7893353673043357,-1.102378015939382,-0.2525318202689093,-0.1000318526442844,-0.2510301939857159,-0.3590873403264304,-1.0705629138841188,-0.5604617321813152,-0.0009636171150014,-1.2790120537269267,-0.5681753070289686,-0.4736626471994852,0.0633589436626027
2013-09-04,AMAT,15.09,15.62,15.08,15.615,15004805,2.047765633770409,2.010741639141929,0.111985695164095,-0.324255563589226,-0.2330210782773376,-0.0308359158719846,-0.4023660686820635,-0.0184487749476308,-0.6627844675034378,0.4514717000902176,-0.0008052305330388,0.0599177308904753,0.3814296626588111,2.602224682362553,1.2907807396514674
2013-09-05,AMAT,15.63,15.695,15.52,15.675,9345657,0.2062279242819336,0.2126767245189567,0.2321961674554855,0.2884360649807282,-0.2144217560221989,0.0221748548340169,-0.4536377985397788,-0.0737525590505062,-0.3661936360843745,-0.4751296820891176,-0.0010073313606788,0.3851846266430063,2.047848884597424,0.1912029841563525,-0.6608836840814332
2013-09-06,AMAT,15.69,15.7,15.35,15.51,10748160,-0.6883438061946329,-0.6799873510316778,-0.0358616316700014,-0.3486489070648896,-0.2055025721405849,0.0396669618652234,-0.4662726033692244,-0.1029591215749843,-0.2988582233593684,-0.1682004617614475,-0.0014922456366654,-0.0681128557355185,0.2058307676495018,-0.8930674322366617,0.2893531291976094
2013-09-09,AMAT,15.53,15.62,15.46,15.585,10043324,0.2680582968834014,0.2739023336343548,0.0987315103518397,-0.1383159515723688,-0.1949314733838724,0.0579126479416131,-0.4777339887324048,-0.0967885765383549,-0.2471423427606655,-0.2860920493668764,-0.0009864991202589,0.1379314544365398,-0.6889743324344948,0.2412525530620778,-0.7357231622343957
2013-09-10,AMAT,15.67,15.99,15.64,15.98,8639358,1.544926626947556,1.5249325308359922,0.7405226767896911,0.3223689181136143,-0.1707363250312491,0.1075772659298273,-0.3879839058570636,0.056475108451934,0.1422074810252994,-0.5317504828343528,-0.0010409417181253,1.2230981546760316,0.2676772701255114,1.468326295332113,0.2340390990128609
2013-09-11,AMAT,15.99,16.03,15.755,15.93,11350655,-0.2277959100685294,-0.2188145053908193,0.6382586171623111,0.2661450318109379,-0.1534564662533352,0.129509123999146,-0.3369081004681682,0.0562673170107044,0.0192560384414875,-0.0872047889651168,-0.0014898305351706,1.0857352812279923,1.5448787006563751,-0.3098129304436056,-0.1526085018104163
2013-09-12,AMAT,15.95,16.0,15.83,15.93,8891666,-0.0329960430517004,-0.0247793014886723,0.6208287644338207,0.1495322772775031,-0.1398461341953564,0.1376093118469787,-0.2895044455763336,0.0562673170107044,0.0192560384414875,-0.484569428917776,-0.0012427088046935,1.0857352812279923,-0.228306291798946,-0.121052331620075,-0.7019361981875427
2013-09-13,AMAT,15.94,16.02,15.76,15.91,7920648,-0.1111605596851957,-0.1025639635940884,0.5361583326667227,0.1777291216275345,-0.1300440336245508,0.1342871398345008,-0.2482213357185303,-0.1263586193157625,0.3931515310851188,-0.6347969067104331,-0.0014320099272852,1.0307901318487789,-0.0334556067571959,-0.16850937110642,-0.2293739687041011
2013-09-16,AMAT,16.08,16.165,15.91,15.95,10437716,0.1235295069132993,0.1306924258808446,0.5751544115911262,0.4806470769128703,-0.1210028670534747,0.129670771208401,-0.1949894382691619,-0.2110216717767462,0.1428022654633353,-0.0062010601595081,-0.0009749894794548,0.8993813905578018,-0.1116405144023231,-0.6371207841170994,-0.2589151782671042
2013-09-17,AMAT,15.95,16.0,15.87,15.905,10549008,-0.2086456786276285,-0.1997124726433167,0.4684939193980617,1.132466737811486,-0.1159680134120011,0.1156654957938597,-0.1565092484966691,-0.2154640737914157,0.1678108367186952,0.0708432056737497,-0.0014894779706134,0.785626128820226,0.1231107764969673,-0.2394720575769263,-0.9101348571428836
2013-09-18,AMAT,15.89,16.23,15.82,16.215,10672501,1.1804583187565003,1.1704097827966196,0.9340314021862278,1.590241081278519,-0.1003173538589762,0.1317861771315454,-0.038167703131299,-0.129625401375318,0.450755051219841,0.0808979724738991,-0.000968685576272,1.4067463441772057,-0.2091510645797959,1.5189528120876754,0.5159688702526438
2013-09-19,AMAT,16.28,16.43,16.08,16.085,7989355,-0.5321354124513372,-0.523181731121279,0.6687760833095346,1.1859994871516062,-0.0936469611999038,0.1215676698084999,0.0226367394935401,-0.1052329123796941,0.3378159115290668,-0.4250580922558712,-0.0014294065888153,0.7170289861057617,1.1803153125258297,-0.9312672944843076,0.2221234562034108
2013-09-20,AMAT,16.07,16.24,15.89,15.93,12211303,-0.6329336129789475,-0.6243198502508103,0.3851413896188451,1.1332994923143798,-0.0950610843847148,0.0925834593397371,0.0461820372012156,-0.0823418004413792,0.0857394212929977,0.3982162306153596,-0.0015486473747983,0.3909225694579196,-0.5327251881395293,-0.6845150525637356,0.2397684241732303
2013-09-23,AMAT,15.87,16.07,15.83,15.991,10665742,0.2054057326804589,0.2118621667589162,0.4557421843849975,1.10180242474316,-0.0943891737970602,0.0747655059847847,0.0767669881863016,-0.0838685754971799,0.1813521073488639,0.0518739699842961,-0.0009423856236989,0.5192612237515855,-0.6335496841956985,0.5497241551578103,-0.340507426635269
2013-09-24,AMAT,17.33,17.52,16.95,17.445,88821106,5.6278873615467,5.363635818027209,2.709133948362373,1.6326060465937338,-0.037892926675461,0.204202024544721,0.7051989119192791,1.2917523828525377,1.728941580325268,10.469845697823157,0.0010140780664056,1.3495028663096709,0.2050083615604407,0.4750368994312772,1.1317652215742169
2013-09-25,AMAT,17.28,17.94,17.25,17.84,34665356,1.3766872365091125,1.3615362409104927,3.108140446571303,1.7469647239608217,0.0204938502056821,0.3126174304489938,1.2513336953006131,1.1713903474042804,2.5331952060586733,2.460097460166539,-0.0007569386560973,1.335300061660765,5.628904569454739,2.422120931197667,1.632061347560858
2013-09-26,AMAT,17.86,17.9,17.58,17.77,16844824,-0.2772820646268388,-0.2682034174723142,2.735576572493413,1.891909929360468,0.0616046180109804,0.3548816052110367,1.537723072476879,1.158516733274754,2.585331028833405,0.1144352973733171,-0.0014435954623782,1.259994978288281,1.3765954211041098,-0.4070366328502466,-0.0905318371368814
2013-09-27,AMAT,17.67,17.775,17.377,17.6,14483865,-0.6285991029705637,-0.6199673221058356,2.237653463304924,1.6128338224920964,0.0848208389615822,0.3426326894644213,1.6856280820165568,1.205302826627916,2.218844834640996,-0.2012918158955311,-0.0014289179122774,1.07711120438368,-0.2778053559586536,-0.3256162091020748,0.2933159843601312
2013-09-30,AMAT,17.4,17.655,17.3,17.531,15518600,-0.2770758491540876,-0.2679975254583789,1.904860158368631,1.3502071136749452,0.0976821639402899,0.3061802328910238,1.6957231567393718,1.185373632508756,2.29919802268795,-0.1052123559220484,-0.0014565699022774,0.9820007017474665,-0.6292140434307028,0.542492866158138,0.0963154260021218
2013-10-01,AMAT,17.58,17.59,17.28,17.47,13296773,-0.2496260292141121,-0.2405968712967166,1.6037111123014167,1.3336495031934243,0.1025953679450018,0.2565599410690852,1.6482670129106447,1.204298022720301,2.126385185514362,-0.4061130298851296,-0.0014412504565035,0.8965971708649211,-0.2775990866898543,-0.4990524079451357,-0.1124649208692988
2013-10-02,AMAT,17.41,17.715,17.3,17.51,16213828,0.1095524114384697,0.1168252951502362,1.5066562495767843,1.352507357654774,0.1051550411771787,0.2108057599181559,1.6837706235409766,1.098598905639147,1.6148484641363257,-0.0540758517005669,-0.0009819569798779,0.8909876089109284,-0.2501421058331124,0.4076397108367933,0.3839163380821023
2013-10-03,AMAT,17.5,17.51,17.24,17.33,13018948,-0.6729987129400082,-0.6645659883223195,1.0823835185129378,1.1267006936469377,0.0972820406515286,0.1473488923392304,1.6576935682331355,1.1371828241744129,1.383160335955609,-0.4638568599881001,-0.0014340983662122,0.6599634093975465,0.1091300347753664,-0.7602481781277424,-0.2928800453059274
2013-10-04,AMAT,17.33,17.66,17.315,17.57,11027200,0.8292041300388295,0.8268089016598605,1.2905996623925402,1.223192813255122,0.0976660096704905,0.1178366957433676,1.599302850307999,1.1054645774154772,1.7831543854116514,-0.7067560849194163,-0.0010685921743226,0.9469323131389644,-0.6736252360594195,1.019986301915914,0.0451357717966705
2013-10-07,AMAT,17.34,17.9783,17.25,17.775,16581120,0.6934067849055192,0.6934576103339317,1.4307367187134838,1.367445000963284,0.1031529889916496,0.1073619991381738,1.5546233905843772,1.108848018979374,1.8962730307276556,-0.0718237014663089,-0.0009963531462782,1.1538627548606075,0.8289694910756048,1.8690136997108224,1.8234242135875736
2013-10-08,AMAT,17.73,17.92,17.39,17.505,16681767,-0.978687751890864,-0.9725006036268816,0.8847165628393495,0.8969708141677025,0.0940946353098324,0.0615428050966693,1.5129859046122327,1.118076338053153,1.2340867558859534,-0.1057317671665805,-0.0014703524385741,0.735221161372242,0.6931367200820263,-0.9850955503529544,0.9319926017355088
2013-10-09,AMAT,17.57,17.58,17.15,17.34,13941472,-0.6198327289851694,-0.6111654422075822,0.5154569593163899,0.8570463497749441,0.0778288435561459,0.0063356283397474,1.4144132982080888,1.1392570521368326,1.132462461515005,-0.4361437475689924,-0.0014499572965612,0.4863692289771145,-0.9793940210256982,-1.015326828993934,0.4753756071802683
2013-10-10,AMAT,17.48,17.93,17.45,17.885,10927830,1.923787719158521,1.8913161234585951,1.2011631690827405,1.2785830333798294,0.0837256284052307,0.0192159775895139,1.3644329834908293,1.2383988693393069,1.6349213119541486,-0.7910349467149668,-0.001067149817485,1.303066221226208,-0.6204453825350632,1.7241681739732315,0.6453891226470051
2013-10-11,AMAT,17.74,18.09,17.67,18.0,9161170,0.3673212235033092,0.3720679276204988,1.2091898950024678,1.2986526644451346,0.0901889881745886,0.030978611080741,1.2840130274322343,1.2300252750983665,1.761805796568184,-0.997318410373318,-0.001104287982944,1.3110830084176333,1.923838627495518,1.0809813150824,0.353296148091172
2013-10-14,AMAT,17.88,18.18,17.73,18.1,9525855,0.3128819430515116,0.318249735978206,1.1894840829739253,0.5462078615173388,0.0964389821523795,0.0398395179992392,1.1815027218106362,1.2277752579728007,1.8122146781512063,-0.9528297489663716,-0.0011056154708153,1.330194632279584,0.3669660917624741,0.90329154396104,0.4806864115083251
2013-10-15,AMAT,18.08,18.17,17.81,17.82,11642433,-0.9961038054606508,-0.9900907919275912,0.613383047240818,-0.2124686482120344,0.0876658735419003,0.0082590360887613,0.9559618275552236,1.2854113074985385,1.600818701190743,-0.7144501489993731,-0.0014023760818642,0.9358002125830148,0.3125126095724873,-1.112791337454269,0.0923298216824258
2013-10-16,AMAT,17.88,18.17,17.84,17.959,13369567,0.4526306243053345,0.4563100705482457,0.6877429800749402,0.0269339797756351,0.0835245951602995,-0.005083098165663,0.8027265648442983,1.25798595154372,1.4121309664132935,-0.5287298991821855,-0.0010481625716373,1.1302642331397832,-0.9968146179735576,0.3074972650110167,-0.059919949422674
2013-10-17,AMAT,17.73,18.12,17.715,18.085,11486237,0.4038051555017287,0.4081094579751955,0.7220757449776232,0.3747200615186159,0.0825536449188943,-0.0075964355123183,0.5579268730019895,1.2301027723642028,1.6586404911749713,-0.75485766562739,-0.0010865166988159,1.308496945360106,0.4522977474834702,1.4864236483539135,0.2750320845012594
2013-10-18,AMAT,18.03,18.1,17.94,18.05,8948171,-0.1534843655537894,-0.1447229062450816,0.5070953355307777,0.4224386081538304,0.0778135864993134,-0.0193087249565196,0.109109742357824,1.20219694426569,1.7870418813531554,-1.0305786175492653,-0.0013579046107746,1.2589878586322387,0.4034595414335384,0.0574901991847464,-0.8525683595420814
2013-10-21,AMAT,18.1,18.1,17.82,17.87,8776295,-0.6538518186607892,-0.6453293132430982,0.0980833691007222,0.2608421176878335,0.0645330065277336,-0.0506617119649333,-0.6185409742773877,1.2403026205893224,1.5582454281848073,-1.0447563260768506,-0.0013605846966555,0.6050769012927493,-0.1539753614089542,-0.9863668595235556,-0.2854794347391087
2013-10-22,AMAT,17.94,18.1,17.855,18.071,10797297,0.6672762309949847,0.667764751806167,0.3485616707663422,0.4053759684506232,0.0595360981708709,-0.0544220734356023,-0.6112311367092044,-0.2194726107019503,0.3595382407990896,-0.4681289525139606,-0.001091255765574,1.0910964341528615,-0.6544733468725266,0.5253715124687912,-0.4614190509581242
2013-10-23,AMAT,17.92,17.98,17.32,17.4,14890762,-2.3447188675520723,-2.3675936513173355,-0.6114457797954496,-0.1259568690965024,0.0271591705071859,-0.1279060609713999,-0.5720884543472563,0.0168289065682539,-0.5297012651876372,0.2965611305859499,-0.0014407719208149,-1.074462606258712,0.666999349415607,-2.2186674595289646,1.56988110246176
2013-10-24,AMAT,17.67,17.85,17.54,17.82,12100232,1.4697841724312362,1.4520064800552115,0.0064806256561214,0.0243928960083393,0.0161473110351828,-0.1316999332660777,-0.5700971375894928,0.1564073819623725,-0.1261529499426385,-0.1063454398426936,-0.0010693938035822,0.2810288944459981,-2.345781497316623,0.6150398596757026,-0.1415109725906677
2013-10-25,AMAT,17.74,17.77,17.555,17.705,8395072,-0.4347735016564499,-0.4256480927528051,-0.1714617837893455,-0.2503382878798303,0.0011846400628542,-0.1449043518919579,-0.576491924884943,0.1445567359887918,-0.0798583304273187,-0.6664989151034237,-0.0013558859183446,-0.0901175878898204,1.4697166435028222,-0.1753758789615006,-0.5792773169104519
2013-10-28,AMAT,17.67,17.81,17.67,17.73,7473360,0.0549142047576469,0.0625871344725432,-0.1491795412769395,0.0236946224539253,-0.0112558826137865,-0.1489759204973739,-0.5928456196863812,0.1401687138063542,-0.0007652188275966,-0.7763481550135131,-0.0011376742919765,-0.0094335699907238,-0.4353378782512805,0.2302260133575195,-0.9332460476168408
2013-10-29,AMAT,17.85,18.14,17.76,18.005,11644959,0.932653156728842,0.928202169274995,0.2173819337938675,0.4181862316667079,-0.0118518075145977,-0.121745384606915,-0.6038667041624806,0.1821188446662285,0.2822828666759183,-0.0548305059259466,-0.0010850126838457,0.8780906268992569,0.054477574461873,0.6297353651046561,0.16760564748673
2013-10-30,AMAT,18.02,18.09,17.74,17.875,6475999,-0.4825125592869229,-0.4734521553385736,-0.0016166137580947,-0.1994692701761755,-0.0189183747135937,-0.116616277780458,-0.6292006248970295,0.1985155129942556,0.1386675719429976,-0.8903954698252735,-0.001325691616156,0.4585337338239942,0.9324455048231391,-0.6342526689604867,0.040525091874226
2013-10-31,AMAT,17.82,18.05,17.81,17.855,10983507,-0.1026553857074539,-0.0940953824954249,-0.069904176910431,-0.3462343039209861,-0.0266942181131459,-0.1143386570496071,-0.717130598458902,0.1694054597715978,0.2774416017659971,-0.0695736469499688,-0.0013877883495702,0.3939865195047239,-0.4830893897127419,0.1220735995728135,-0.4710883227941034
2013-11-01,AMAT,17.85,17.85,17.59,17.7,9638109,-0.5734606642939133,-0.5646263635431067,-0.3076797189168451,-0.6141585025716053,-0.0401896116354732,-0.1272385840210949,-0.737583830051299,0.1536549261113656,-0.0588115292584479,-0.3006817910657214,-0.0013770393868061,-0.106254391469635,-0.1031331216543646,-0.6612055017829261,-0.3671078880148117
2013-11-04,AMAT,17.78,17.8,17.61,17.75,7987810,0.1428741193736709,0.1498797223484154,-0.2322382969671621,-0.270127642925638,-0.0500363781859807,-0.1281670225825303,-0.7361949861125939,0.1253046464692397,-0.1881331375023788,-0.5414268361616482,-0.0011257164537464,0.0551136443285464,-0.5740612206243623,-0.1537942536000522,-0.6992245604643066
2013-11-05,AMAT,17.6,17.9,17.44,17.765,11222720,0.0196163830034444,0.0275224751473706,-0.2292140651459887,-0.4253863689743997,-0.0582740696628962,-0.124768041891861,-0.7806424403124436,0.0680866183368606,0.0506608894627112,0.1222259563548096,-0.0010849856247114,0.103524055068002,0.1424604354443472,0.6819814350248057,0.5666718910561724
2013-11-06,AMAT,17.85,17.94,17.6,17.92,7458491,0.5102066483234557,0.5131010798203826,-0.0439649618865203,-0.3876661758252418,-0.0597102142975551,-0.1045417928533694,-0.906916743361054,0.0538374586526834,0.3237686512466158,-0.5584248855008092,-0.0011435245611435,0.4378936362219066,0.0191705444591586,0.2699649595786197,-0.0100799190237949
2013-11-07,AMAT,17.89,17.93,17.325,17.365,11617200,-1.9611886106695129,-1.9727196628639696,-0.8219943094538357,-0.8692373369682633,-0.083425210015302,-0.1457061727885947,-0.7896583394444208,0.052581372518697,-0.594483142026938,0.2621937933006303,-0.0013918656215701,-1.707363053639252,0.5098887915314725,-2.2434594915615254,1.3122879510447143
2013-11-08,AMAT,17.45,17.795,17.265,17.75,12424593,1.3473290037063113,1.332978901941535,-0.2373682443067985,-0.3004569418001132,-0.0877521843744807,-0.1287332435171487,-0.7979194917028325,0.1646582837900196,-0.3714568041342659,0.3835744385590934,-0.001074125145953,-0.1193049211407452,-1.9621511877469096,1.2725680077781287,0.8971637261180021
2013-11-11,AMAT,17.75,17.99,17.64,17.8,9599835,0.1423787104654215,0.1493884164285818,-0.1417068147521994,-0.4533000543392145,-0.089873692916949,-0.1094780690540249,-0.8328985615164634,0.1586418698857416,-0.4109004223925485,-0.1690622639862355,-0.0011199122349108,0.0838211070506489,1.3472295295311614,0.1865053791748987,0.0474008600861112
2013-11-12,AMAT,17.71,17.76,17.57,17.64,7535736,-0.5926188520276887,-0.5838493111012663,-0.3642887218750449,0.0927370444526668,-0.098413593658742,-0.1105947605144352,-0.8189351691786052,0.1239712751421498,-0.3158259347466126,-0.5424453932351092,-0.0013350180348206,-0.503879496254101,0.1419648972972917,-0.3249402076153498,-0.6936615827416225
2013-11-13,AMAT,17.53,17.67,17.4,17.67,11176646,0.072884973102348,0.0804315698635766,-0.2989155428350794,-0.3974636081526644,-0.1044924731239025,-0.1051534872822458,-0.8227211364987979,0.1089627933104643,-0.4038159892362497,0.2074898057327512,-0.0011010897196279,-0.3426816164905064,-0.593224406211969,0.57706336485937,-0.3178642507164817
2013-11-14,AMAT,17.86,17.87,17.5,17.56,12179155,-0.4205673008244117,-0.411429670562026,-0.4229085565123807,-0.3909909450761922,-0.1140209256988998,-0.1096796104981405,-0.8440383355152434,0.1001235343374694,-0.5938213509917646,0.4010165552240649,-0.0013895381592865,-0.7605787240547169,0.0724530308947518,-1.2953834908400998,0.1647192611851797
2013-11-15,AMAT,17.7,17.74,17.11,17.52,14486112,-0.1748138961236328,-0.1659802358711457,-0.4433352215218862,-0.4794822959116517,-0.1234199495834735,-0.1129673618497708,-0.8604903355805748,0.1002410158807204,-0.5987163538525097,0.7863299132163805,-0.0014271060810354,-0.5580848917045385,-0.4211279714050701,-0.7946397897746306,1.4055220629461518
2013-11-18,AMAT,17.38,17.52,16.885,16.94,15640758,-2.094049795858511,-2.109225601140865,-1.2356069205273452,-1.4776670056814232,-0.1536203098234755,-0.1691398446229455,-0.6155013585341519,0.3019108436023224,-0.9318021344949996,0.9137882108995812,-0.0014559737370935,-1.7356215226525271,-0.1753104562773397,-1.93901997263864,1.5327283765359956
2013-11-19,AMAT,16.86,17.01,16.76,16.82,9281519,-0.4740211020735136,-0.4649464364841073,-1.3250919253440083,-1.4708309929646426,-0.1818765683932745,-0.2090737466093452,-0.4343459008156716,0.2619983992042512,-1.1841818054178102,-0.2763477139742168,-0.0013797988012628,-1.736773153186894,-2.095047032831335,-0.2055615927536921,-0.3526072044719271
2013-11-20,AMAT,16.83,16.97,16.75,16.83,10679703,0.0040182479700339,0.0120210460389978,-1.269634919893206,-1.4395374662521727,-0.2032297344098499,-0.2232524268005494,-0.2719711813163447,-0.0127796149360303,-0.6485880546240246,0.0311517670387815,-0.0010767705287626,-1.6899829845334973,-0.4745957173074492,-0.0263165508545973,-0.5019009025880349
2013-11-21,AMAT,16.88,17.3,16.82,17.265,13571549,1.5761689190327697,1.5552280374846277,-0.580342077473678,-0.664571186675463,-0.2023956220030483,-0.1774856982372022,-0.2570643250459392,0.009575202708101,-0.6248863202335759,0.574597785649108,-0.0010437347656051,-0.6496815681396183,0.0035683402935306,1.696872861869401,0.7257112814789266
2013-11-22,AMAT,17.27,17.27,17.075,17.25,6782090,-0.087086431842824,-0.0785964129973426,-0.5693493502609338,-0.7428275282647189,-0.2016960297909232,-0.1412185680519082,-0.2355798496749345,0.003219355482366,-0.5449059263208855,-0.7253705343628465,-0.0013354898688173,-0.6855540307738911,1.576129143011926,-0.1138113802239876,-0.6492098379307223
2013-11-25,AMAT,17.3,17.31,17.16,17.27,5810051,0.0391871888307079,0.0469664572837088,-0.5055517251743723,-0.7362604643936315,-0.1997480537889482,-0.1089915455190459,-0.2247370744916183,0.0029089901009645,-0.5485154594949706,-0.9052810360255288,-0.0011604764051952,-0.6377240805948634,-0.087560106270096,-0.1573312072022382,-0.867460037104725
2013-11-26,AMAT,17.26,17.63,17.17,17.52,12534314,0.8682494331871258,0.8650977993942561,-0.0948607496805861,-0.616007055681752,-0.1878955578162812,-0.0577158635906955,-0.2858612797527052,-0.0053752016291304,-0.5630879753388155,0.4023267804890915,-0.0010704099876916,0.028861232534511,0.0387464557811716,1.1117752302416983,0.5968493435729705
2013-11-27,AMAT,17.49,17.51,17.27,17.35,9707002,-0.6370980050812797,-0.6285018415370093,-0.3106932388116284,-0.2076001849363273,-0.1847591774658608,-0.039130449615101,-0.3192034765736297,0.0033563969534858,-0.5988301523494431,-0.178639503966073,-0.0013683431191066,-0.3470651525838386,0.8680249800891114,-0.6310764092002568,-0.4384820423897048
2013-11-29,AMAT,17.4,17.45,17.28,17.3,3493621,-0.2124140185519294,-0.2034708624353177,-0.3444626326131125,-0.8389344053840917,-0.1838185488613589,-0.0299139456295984,-0.3531984267595359,0.0038447910536984,-0.6239896902717594,-1.3479944130038348,-0.0012900694821777,-0.4068674259001109,-0.6377151626754747,-0.46052221269637,-0.7723674783891655
2013-12-02,AMAT,17.27,17.275,17.1,17.11,7517558,-0.7167548363886934,-0.7085497350477741,-0.5866587048673061,-1.1215702200642137,-0.1900559566529578,-0.0410168845576245,-0.3413157225391637,0.0132104930085128,-0.6570286003242201,-0.5302472703553143,-0.0013463886100602,-0.9162178227663036,-0.2129203875622227,-0.7262751858097345,-0.7389188509814184
2013-12-03,AMAT,17.03,17.19,16.81,17.12,11605024,0.003390887105281,0.011397493518104,-0.524865252877184,-0.943736399147578,-0.194064673903031,-0.0441626246122087,-0.3504387189518085,0.0095255510971647,-0.688746031208899,0.2515624624071058,-0.0010764446093776,-0.889409907141763,-0.7173927742991203,0.3729588845207575,0.2585316198550271
2013-12-04,AMAT,17.11,17.11,16.46,16.61,24734934,-1.8876455246098216,-1.8972882835129368,-1.2111019452782257,-1.4332914188708392,-0.2165132920148024,-0.0941432040380884,-0.2370954284033198,0.1819210146250451,-1.1223300143727788,2.545492112327868,-0.0015770538752557,-1.5554026345199543,0.0029408157672693,-2.2341419500500987,1.6700583064865395
2013-12-05,AMAT,16.63,16.82,16.41,16.5,14030083,-0.4453009271482412,-0.4361866815126938,-1.2748950502751968,-1.4332914188708366,-0.237590447872574,-0.130597547346192,-0.1695405345109317,0.1494177427773682,-1.3312548691349404,0.4829032747880575,-0.0014583317106307,-1.691950672357314,-1.8885889162820253,-0.6169198022593498,0.4795701769986499
2013-12-06,AMAT,16.66,16.84,16.605,16.83,11892726,1.212164706919855,1.2013317129869712,-0.7333609802922412,-0.915070599224086,-0.240233762104922,-0.1123126309803254,-0.1278848840104099,0.0843168954262144,-0.6199563042946244,0.0952906874866683,-0.0010445373888315,-0.997659591752239,-0.4458680500640997,0.7446200324154968,-0.427622062054227
2013-12-09,AMAT,16.81,17.02,16.6,16.83,15108498,-0.0329960430517004,-0.0247793014886723,-0.6647576257543547,-0.3349845161787942,-0.2412438385780428,-0.0934807720109412,-0.1610776499438592,-0.057827630271094,-0.9286952909451672,0.6417281556969187,-0.0012427088046935,-0.997659591752239,1.2120299720296552,0.0635725451126464,0.488483637862697
2013-12-10,AMAT,16.8,16.91,16.61,16.83,14962600,-0.0329960430517004,-0.0247793014886723,-0.5920269918129005,-0.1749607691318154,-0.2409628019751526,-0.0750919820037961,-0.2346012295069021,-0.0636333781862177,-0.9678113897572692,0.5544962042712912,-0.0012427088046935,-0.9250313840675256,-0.0334556067571959,0.1085973512176596,-0.1057470864077317
2013-12-11,AMAT,16.91,17.02,16.81,16.83,10718924,-0.0329960430517004,-0.0247793014886723,-0.5309770218302039,-0.1889912872378273,-0.2396734122398064,-0.0577854663935498,-0.2838730933617023,-0.0728774995824116,-0.8418593255550371,-0.2076707473551902,-0.0012427088046935,-0.9250313840675256,-0.0334556067571959,-0.3837466403186863,-0.5514201296105619
2013-12-12,AMAT,16.83,16.85,16.69,16.72,9532657,-0.4399113208201851,-0.4307911359650691,-0.6283277683075749,-1.0987889060669376,-0.241888480807387,-0.052960669249185,-0.3472820973164296,-0.0730769916189027,-0.9570763861827912,-0.3994613839668466,-0.0013909672980446,-1.1754834177104516,-0.0334556067571959,-0.5201190682432881,-0.7938037145103507
2013-12-13,AMAT,16.86,16.87,16.63,16.7,9167136,-0.1074673797724831,-0.0988865310328088,-0.5941198221499224,-1.1045420450031904,-0.2433223226456431,-0.0470899673809293,-0.3978293000627188,-0.0760857720248438,-0.8867498760097279,-0.4419275067164967,-0.0013933287269719,-1.1564812470102686,-0.4404770377332938,-0.7432967184509924,-0.393610952236939
2013-12-16,AMAT,16.8,16.81,16.64,16.655,11428820,-0.2007572219400794,-0.1918455836422404,-0.5980361149856983,-1.1984851108544226,-0.2451004305147035,-0.0432795407232077,-0.4520757776065909,-0.0760736752002583,-0.8925834185122146,-0.0198505953976828,-0.0014412651765541,-1.213741738795989,-0.1079463710387021,-0.6784004108705572,-0.7406516639155502
2013-12-17,AMAT,16.63,16.91,16.62,16.8,8855133,0.5090283002262286,0.5119393197675768,-0.362974422651077,-1.444266043231563,-0.2397356438169555,-0.0218455117442473,-0.4432534078339424,-0.3253449188291826,-0.2888533920132069,-0.4276560510296354,-0.0010770111261559,-0.8186545888540541,-0.2012605500069171,0.7460107779054771,-0.1527019248880377
2013-12-18,AMAT,16.83,17.07,16.69,17.03,11840762,0.8193461369883578,0.8171381378163862,-0.0233016588779649,-0.72776318250879,-0.2255286030418195,0.0180615212181156,-0.449071958305095,-0.2870185658865535,0.0158866292913792,0.0926933020973665,-0.0010336270609423,-0.1919646268771884,0.5087101360350469,0.8715062080339485,0.2683077206491668
2013-12-19,AMAT,16.94,17.03,16.79,16.88,9392604,-0.581363959950518,-0.5725556513010888,-0.259168004030656,-0.8579057180218789,-0.2193404845792499,0.0293465795981223,-0.4530008416871524,-0.2622671217679273,-0.1238448952911807,-0.3393321950813407,-0.0013969420071581,-0.6006754716447146,0.8191089263409519,-0.2939143731467092,-0.4063827727388609
2013-12-20,AMAT,16.83,17.26,16.83,17.19,17974671,1.1103683896828662,1.1019991205154425,0.2261451852903785,-0.0693401683641973,-0.2016082361075048,0.0680890182179892,-0.465794308559672,-0.359800805033719,-0.2312760353703016,1.1551779245394402,-0.0009301837830815,0.2439936075414998,-0.5819665780373829,1.5897644151447754,0.4934096342681048
2013-12-23,AMAT,17.25,17.53,17.25,17.51,10222783,1.1259668423203255,1.117230394099751,0.7004188676985181,0.3149996920966464,-0.1746444469049126,0.122844796037661,-0.3976245194872663,-0.261539877078636,0.0538855357809584,-0.2517790821835823,-0.0010829554414609,1.115910076378877,1.1102070988824115,1.112434993593074,-0.2586316902248823
2013-12-24,AMAT,17.43,17.54,17.39,17.39,4504940,-0.4596644896439009,-0.4505683689861398,0.5054360575782741,1.0269869486167762,-0.157874387397673,0.1404109335386957,-0.3720128013862445,-0.2457186908666622,-0.0654279663775585,-1.249840518523486,-0.0013092765258072,0.7889414005648583,1.125809620734943,-0.1996998788189541,-0.8724550723662254
2013-12-26,AMAT,17.41,17.48,17.3849,17.44,3836304,0.1460092401529536,0.1529887875867482,0.5890428908525206,1.3244646002634246,-0.1426677673778675,0.1504395772128773,-0.3964989476587912,-0.3029376163415991,-0.2345388196596305,-1.3410639559678494,-0.0011846281368645,1.1487033948970964,-0.4602353596253403,0.1038703276528229,-1.1368677217165009
2013-12-27,AMAT,17.52,17.52,17.36,17.43,3655734,-0.0686944590485975,-0.0602921116923002,0.5672433614933685,0.9817671772375648,-0.1311937871485899,0.1488547415873614,-0.3764549231214307,-0.3311092510156879,-0.0997579893977587,-1.355255553803102,-0.0012969211427009,1.119285859167512,0.1455963740919802,-0.4144250362679703,-0.8262901935480544
2013-12-30,AMAT,17.43,17.55,17.4,17.49,3601775,0.1813173390432305,0.1879926704148835,0.644847309934287,1.0496264258154366,-0.1200514980819017,0.1467331057443795,-0.3305086618631206,-0.3317630782675486,-0.0061795850605792,-1.3657669822880134,-0.001188232507994,1.2679218291695906,-0.0691633355068251,0.2337584410919377,-0.8765652428906087
2013-12-31,AMAT,17.53,17.7,17.43,17.68,5533886,0.6433348388653938,0.6442150231011502,0.8925567968403848,1.2339902365824054,-0.1042381313325473,0.1570590706143717,-0.2088030647890197,-0.3477562532208574,0.3217885807052502,-0.992091952408387,-0.0011606209335076,1.3913410539379647,0.1809136839117963,0.6201619302675019,-0.3185845333219096
2014-01-02,AMAT,17.69,17.69,17.37,17.55,7785873,-0.4907757305412458,-0.4817303267383795,0.6580016203092499,0.9334501612433448,-0.0973955803005834,0.1422291172829433,-0.1430567865784594,-0.3244653942957192,0.2014025066473156,-0.5368520348123105,-0.0013548839843622,1.0563460152809716,0.6430517116233239,-0.6242391015875453,-0.0717184893768624
2014-01-03,AMAT,17.54,17.7,17.47,17.51,6773030,-0.1748947040171161,-0.1660607841066671,0.5254156783782317,1.0899444016565856,-0.0941577819335302,0.1210865833127508,-0.1499066331311737,-0.6550076776929051,0.628302373978066,-0.6095103442962685,-0.0013444017829537,0.9532706187711288,-0.491354716605306,-0.155538532314912,-0.4966124414496983
2014-01-06,AMAT,17.5,17.51,17.22,17.29,9975530,-0.815221528470744,-0.8076430777378003,0.1263233861910158,0.6715934619380182,-0.1007844019663984,0.0787817129873664,-0.2417117170128142,-0.601672833662213,0.5356972393470659,0.1147430393262075,-0.0013981823117615,0.20386563369159,-0.1753912852514203,-0.9329379727802416,-0.1934725880676586
2014-01-07,AMAT,17.37,17.43,17.255,17.37,8133172,0.2550689077803675,0.2610450163248655,0.2070141825243545,0.8361582473695139,-0.1033918979055072,0.0552829729567207,-0.2562339833095847,-0.7222606307670415,0.3037492380413702,-0.2478310487225648,-0.0011084267698691,0.4456242909601411,-0.8158851536821365,-0.0263165508545973,-0.751677936300148
2014-01-08,AMAT,17.4,17.45,17.18,17.42,8026062,0.1462153487116308,0.1531931777376327,0.2377595781410632,0.7430359869474266,-0.1039880063920123,0.0416612576099448,-0.2732555670822011,-0.7228344498127274,0.3473812924630606,-0.2001202747857035,-0.0011163109532927,0.5889605590883996,0.2546844924416265,0.0605245815137725,-0.2995884234150153
2014-01-09,AMAT,17.42,17.5,17.32,17.4,8837992,-0.1044748461499659,-0.0959069174584741,0.1632228920818409,0.4339637166692133,-0.1057249475902847,0.0278274015714315,-0.3022975678887497,-0.7207171045161859,0.3299284706943825,0.0596787106091503,-0.00137583037568,0.5194949917921896,0.1458025364188146,-0.1130579804303515,-0.7291770790259495
2014-01-10,AMAT,17.37,17.51,17.33,17.47,7970117,0.2174673261954602,0.2238106970515141,0.220525755003979,0.8519555351185799,-0.1048342673923083,0.0235237689810737,-0.3337868123000095,-0.7200484512019522,0.3910133468847478,-0.1157007828475619,-0.0011166110265934,0.7349512025523526,-0.1049530567449732,0.4086390344100453,-0.7326315883140867
2014-01-13,AMAT,17.39,17.5,17.25,17.32,9143081,-0.5675527473898039,-0.55869968005953,-0.0535135394218903,0.0646730467318378,-0.1104546289904678,0.0033215534106133,-0.4224965007345918,-0.7047347692752266,0.3595523392227933,0.1732924898161223,-0.0013810775069009,0.2732593223520096,0.2170731016194783,-0.3304352950313038,-0.3883669242355505
2014-01-14,AMAT,17.34,17.74,17.3,17.63,12187626,1.0813221800752797,1.0736266543260762,0.3455310331552549,0.0467214169432123,-0.1032149031371164,0.0202614246729763,-0.506192612239414,-0.6166363323086195,0.6503967659791432,0.859083435383069,-0.0010485864016802,1.1163966369083562,-0.5681517625042702,1.237236949522349,0.4886521661452451
2014-01-15,AMAT,17.72,18.08,17.69,17.93,11834844,1.02641469146751,1.0199572322172037,0.7004488727835068,0.7580686849181557,-0.0863711855234797,0.058533831144818,-0.5644167867189309,-0.5613010772514517,0.956831104077826,0.7683143491837794,-0.001066528691593,1.1013532517707147,1.0811533119031036,0.86904884890267,0.2214443706675397
2014-01-16,AMAT,17.87,17.885,17.61,17.63,6960778,-1.0746809984099566,-1.06951583519454,0.184220851716312,0.101069682933144,-0.0855392041203485,0.0479378229523287,-0.6875649171474634,-0.4396793659443337,0.5581085324432326,-0.3713722766941142,-0.0013401453929608,0.3667048731647399,1.02623149941428,-1.0410019699096036,-0.2913388575656443
2014-01-17,AMAT,17.56,17.6799,17.415,17.55,9461179,-0.3155055722568158,-0.3063787994756528,0.0243771321047926,-0.0122067591020416,-0.0887019422325479,0.0291786771334355,-0.7554502613791108,-0.4700434583322133,0.2809673103891285,0.2621699903087614,-0.0013799647425639,0.0771297484374481,-1.075412309590602,-0.0693414854562232,-0.3333755455164047
2014-01-21,AMAT,17.62,17.69,17.47,17.61,5754123,0.17985194839643,0.1865402991766732,0.059338736275733,-0.0122067591020416,-0.0895114050848636,0.0202286504865338,-0.9227589742880782,-0.507159891940185,0.4676641135802906,-0.6100463162066975,-0.0011548888856925,0.1929864941145113,-0.3160388350695821,-0.0691949760308073,-0.5501547319864694
2014-01-22,AMAT,17.69,17.72,17.56,17.66,5772319,0.143772944735298,0.1507710936641231,0.0988092670921569,-0.2206731023159245,-0.0888569804443437,0.0168366503753111,-0.9667080030101588,-0.6029196540797367,0.2340750150119693,-0.4884503652288775,-0.0011573133918207,-0.1084059652802733,0.1794479109841475,-0.1544428117259477,-0.8362538261535601
2014-01-23,AMAT,17.51,17.56,17.4,17.53,8232195,-0.4912941673334191,-0.4822497415498414,-0.0974998823377074,-0.2206731023159245,-0.0940663772285671,-0.0009703251175265,-0.9666015754270756,-0.6985169848633006,-0.1507019074303567,0.2043910382951875,-0.0013608599991179,-0.5885655206886308,0.1433594952852392,0.0599790347084733,-0.8306543333286351
2014-01-24,AMAT,17.25,17.42,17.07,17.17,19772861,-1.311541023056728,-1.309549883979685,-0.6207726711634449,-0.6485229352972047,-0.1127592104121675,-0.0499220386916233,-0.9070641017605954,-0.562105954215944,-0.3532757360288501,2.851589792587024,-0.0015391142245739,-1.5521759003543063,-0.4918732886436386,-0.3767016414538713,0.1075287923527021
2014-01-27,AMAT,17.13,17.21,16.64,16.72,15409329,-1.6646860182619745,-1.6691640740163332,-1.2438312997945424,-0.885859759142371,-0.1453046077499587,-0.1247396712172254,-0.6403186856591204,-0.3651874293327337,-0.7738023885434422,1.5185909899941694,-0.0015013230859683,-1.696626033169473,-1.312334124621626,-1.834619639925977,1.2498417533342103
2014-01-28,AMAT,16.68,16.83,16.56,16.75,9867558,0.078710962029484,0.0862154988827646,-1.149676834136161,-0.963047836984906,-0.1696568419374403,-0.1635047163309615,-0.4674381363501941,-0.3614341281342842,-0.7404461793440535,0.1589827860767344,-0.0010600840489623,-1.4657800930692932,-1.6655712458197798,0.2907472957421008,-0.2479190044682624
2014-01-29,AMAT,16.68,16.83,16.62,16.73,8983473,-0.1073339982738815,-0.0987537223460908,-1.1247695554495567,-1.0615329497105843,-0.1892577695333971,-0.1822869710472807,-0.3261918906133553,-0.3704151013790073,-0.8056574891033069,-0.0963208469332674,-0.0013987060396738,-1.5095193238251146,0.0782805396650737,0.2001576252859035,-0.5452043270554495
2014-01-30,AMAT,16.92,16.925,16.68,16.78,10336297,0.1530710146248598,0.1599913008442745,-0.9836774555468164,-0.9630478369849031,-0.2021892917495929,-0.1801458401840786,-0.2523181891088611,-0.4159553624394683,-0.9150954206691156,0.1407264319175947,-0.0010525300571934,-1.4001712469355572,-0.1078129547444693,-0.651449524995605,-0.3744877543938634
2014-01-31,AMAT,16.41,16.85,16.4,16.82,20152221,0.1154140582559952,0.1226412036130789,-0.8695395167176009,-1.0109508243498424,-0.2101371999190432,-0.1656051987281925,-0.1933897442789993,-0.4170477105408179,-0.778370462441563,1.9569199816263263,-0.0008957044742301,-1.050257400888981,0.1526599907901497,1.8613270759456908,0.6383661496176158
2014-02-03,AMAT,16.6,16.83,16.55,16.76,24873416,-0.2550817891821759,-0.246041893926534,-0.9053459730254704,-0.9255934878035946,-0.217980706046858,-0.1537039565055547,-0.130258010912129,-0.4163732222629696,-0.7965410353071236,2.49106791183773,-0.0016234079159867,-1.1689781700833533,0.1149932107382585,0.701893426595717,-0.1989945091303763
2014-02-04,AMAT,16.78,16.85,16.65,16.78,18624348,0.0412975577819234,0.0490627858474423,-0.8372861052025391,-1.473323329249934,-0.2225404603538869,-0.135730642069266,-0.0721252342925891,-0.4507520721245281,-0.6006834421566887,1.2241315021566292,-0.0009123357153634,-1.129404580351896,-0.2555992890616244,-0.0263165508545973,-0.5979882703981343
2014-02-05,AMAT,16.69,16.96,16.64,16.89,16304007,0.3751317355444593,0.3797854950477279,-0.6341424989678,-1.930051034029644,-0.2209738696211138,-0.1055828838504571,-0.0455986979989209,-0.4420480302364977,-0.5733228776808298,0.7189184081170847,-0.0009842615667583,-0.9117498368288764,0.040857375270658,0.8790373755740399,-0.0123378162515455
2014-02-06,AMAT,16.91,17.18,16.88,17.05,7924097,0.556778142843661,0.5589995229828868,-0.3624662684212545,-1.2438783892826304,-0.212679932129153,-0.0641486025259472,-0.0469236394854651,-0.411127585204581,-0.479418587014019,-0.7007051228729365,-0.0011277988446274,-0.5951611189772099,0.3747786413553003,0.5991861057075464,-0.1249158194487139
2014-02-07,AMAT,17.07,17.23,16.935,17.18,12585895,0.4416986710137034,0.4455212813670524,-0.147445817947981,-0.8417884470206668,-0.2003770131695783,-0.0206821281817746,-0.0548754833026683,-0.3889752941998358,-0.3531689551171753,0.0566699495216328,-0.0010674529855863,-0.3379327857227332,0.5564724352969794,0.4605432246375914,-0.160267236531783
2014-02-10,AMAT,17.2,17.295,17.11,17.25,7728615,0.2206746568843077,0.2269875747417166,-0.023772799448012,-0.8203646020084853,-0.1874077865165428,0.0158061158263009,-0.0713108066846562,-0.388827296843978,-0.3524249115923721,-0.7528425213540174,-0.0011414818942065,-0.1994252216626285,0.4413629423404323,0.1933107315886326,-0.697523379425744
2014-02-11,AMAT,17.34,17.97,17.2,17.78,23056910,1.8798596018321565,1.848945692503467,0.7492754784110643,-0.0253019093343214,-0.1561670400569111,0.0920272884777565,0.0013374615838441,-0.1479054391347274,0.2225815247927088,1.598845617413401,-0.0009513441762105,0.8492749062210176,0.2202812690142916,1.8907991048897463,2.017925905546959
2014-02-12,AMAT,17.79,18.09,17.755,17.91,18143691,0.4222089555318243,0.4262821372384617,0.9253255681989602,0.3293584094566012,-0.1265298735251996,0.1488766394694659,0.0681165377480456,-0.2141757818484972,0.065775112972062,0.7573139541048497,-0.0010352151595142,1.0888239138854023,1.87989905050958,0.4833076323526247,-0.0324636072211128
2014-02-13,AMAT,17.79,19.0,17.73,18.87,31649491,3.304118194728051,3.208142030798476,2.309891679718286,1.625825728648847,-0.0661938978803237,0.2733743264519309,0.473812126514351,0.3668931106850487,0.6024815861064302,2.4988486289798058,-0.0009059395327489,1.2766696753207627,0.421868142518085,4.560301098010371,4.017732331333771
2014-02-14,AMAT,18.72,19.09,18.49,18.96,22151782,0.2639421326171886,0.269828310126893,2.33614567299327,2.5609902615410465,-0.0163429441529734,0.3459842101178103,0.8695235665003711,0.28366898098747,0.9404703480405509,0.972758446370822,-0.0010325077785972,1.2822305738034734,3.304529194011624,0.9422960794078472,1.0460450611101355
2014-02-18,AMAT,18.88,18.96,18.71,18.85,13689635,-0.39419773739999,-0.3850460739684557,2.063048263208568,2.305951650162361,0.0169437201154975,0.3614359211312284,1.1444226881638142,0.2884847057194182,0.920415607201239,-0.2059440792083711,-0.001363465323067,1.146297499781662,0.2635600320631946,-0.1463670569358431,-0.4860074636762869
2014-02-19,AMAT,18.84,18.99,18.65,18.75,13031386,-0.36327740909191,-0.3541236040357495,1.8199172162556432,2.1359094082978807,0.0372624008501394,0.3404179235647341,1.339635249839283,0.3049350945070888,0.7832707192768019,-0.3356423650361242,-0.0013628880627739,1.0227219779436494,-0.3947515288736358,-0.3872327220033392,-0.0800763191192529
2014-02-20,AMAT,18.7499,19.0,18.72,18.99,16166132,0.7639068369300981,0.7627236245897272,2.07237406997667,2.178849968399044,0.0604178539311691,0.3309053286971962,1.5721263984652982,0.3230373708867048,0.938588217863164,0.0062337193414905,-0.0010868717279515,1.3193032303548733,-0.363823134286874,0.9411544018986826,-0.3624960644297928
2014-02-21,AMAT,19.12,19.24,18.91,19.1,14790468,0.3276350325061598,0.332839131289492,2.109559325064346,2.193211574166362,0.08047404231231,0.3153177988183014,1.7964533371504177,0.2958722714735792,1.147861484046086,-0.2060789690061593,-0.0011077129991941,1.279010648234457,0.7636551636663921,-0.1053456148299827,-0.1514032951965843
2014-02-24,AMAT,19.25,19.38,19.07,19.07,13389816,-0.1307835365049653,-0.1221069341455098,1.912239061618917,2.250508473775682,0.092426472640799,0.2819888411907367,1.9468295312806652,0.1629689085094244,1.4577090773603312,-0.3468388140271681,-0.0013592516628126,1.097074632526051,0.3272695477097812,-0.7327748017057447,-0.2365432827960564
2014-02-25,AMAT,19.13,19.13,18.75,19.02,12121808,-0.1962315897181386,-0.1873327760386968,1.6560330833506782,2.1514185415101417,0.0971154520816029,0.2366296775412958,1.971920452653544,-0.0681025853177435,1.8528019912071712,-0.4915722798151324,-0.0013528398653731,1.04129977451527,-0.1312686103268453,-0.4607491889963466,0.0737405850398779
2014-02-26,AMAT,19.0,19.41,18.94,19.1,14863933,0.2288674164586309,0.2351018057181982,1.5895106449897458,2.144902423515356,0.1011181853136283,0.1985759606938117,1.9709983794543984,-0.0725626751075241,1.8930240274871344,-0.1700136302700657,-0.0011020841573514,1.1005211852137604,-0.19673373716974,0.371324423674198,0.4594721116646805
2014-02-27,AMAT,19.0,19.07,18.85,19.01,12154584,-0.3263585234114952,-0.3172223778355028,1.2820228171715895,1.934156232039973,0.0979234334046145,0.1496067843647269,1.900724608427416,-0.0554425423389957,1.8340372703598309,-0.5266513922699013,-0.0013521551681858,1.0011270528649818,0.2284761658583502,0.0134475465982878,-0.6268321034297422
2014-02-28,AMAT,19.03,19.04,18.7901,18.96,14745728,-0.1967467992289189,-0.1878465089715473,1.0437511201774858,1.7976025264092408,0.0906823189469336,0.1000161757577646,1.789377101818443,-0.0379016691254247,1.740549149809311,-0.2278701516130274,-0.0013809384464615,0.9459080904489928,-0.3268946174661442,-0.3042264279556443,-0.4928597259960497
2014-03-03,AMAT,18.7,18.89,18.55,18.71,9200300,-0.8539089847523669,-0.846620182015273,0.5422862854313508,1.3364544047139737,0.0725720705835843,0.0323667253069625,1.6177901506718737,0.0480238294377223,1.4827952613253867,-0.8718189509749736,-0.0013334752422126,0.6292678863852833,-0.197249081084769,0.0140854732953929,-0.0768454317264905
2014-03-04,AMAT,18.96,19.02,18.65,18.84,11369491,0.3995825178684076,0.4039390971681091,0.5757133042977122,1.101584469125333,0.0609372142694804,-0.0050852873903044,1.39445517808298,0.0276548197431279,1.6551974535179252,-0.530971943751569,-0.001126749527946,0.7588413961126612,-0.8545827024763857,-0.5044924063006143,0.0454127196467326
2014-03-05,AMAT,18.8,19.19,18.7,19.17,17568472,1.0575109831972942,1.050358070221142,0.8702785283680784,1.2279839382779996,0.062289688430122,-0.00161773247802,1.1547061580332216,0.0511710740967993,1.9243498291210817,0.3022579383743517,-0.0010707116462475,1.154863023317004,0.3992358022280872,1.4606068804950831,0.5389328034208857
2014-03-06,AMAT,19.18,19.3819,19.105,19.38,13373449,0.6490168872926597,0.6498049281193946,0.9843093106917518,0.6145747497430059,0.069133152702477,0.0152900254740755,0.9094426443201052,0.0551072005147846,1.9976804393142304,-0.2405734697956634,-0.0011194220033625,1.4034615798121437,1.057335903326851,0.7615018554068186,-0.4005558950737428
2014-03-07,AMAT,19.49,19.665,19.405,19.64,16734375,0.8022511060520394,0.8003642047908355,1.1595647325288978,0.7931449801831935,0.0821460432229521,0.044696228794114,0.6889685217057024,0.0632983059476469,2.063500367149404,0.1482576587675764,-0.001095000067626,1.4124375293225353,0.6487352423435863,0.5551492148750419,-0.4880335019452705
2014-03-10,AMAT,19.71,19.71,19.27,19.38,11603215,-0.8571859488373641,-0.8499228077681781,0.6365772476279405,0.5240665507527735,0.0796125254407899,0.0282050041045939,0.3692941555213833,0.1554357731440065,1.7132220572923105,-0.5191532351958167,-0.0013399509955988,1.0209634032097985,0.8020094357726971,-1.2912627255352294,0.3008318301983617
2014-03-11,AMAT,19.4,19.5,19.07,19.13,12202644,-0.8361183018052917,-0.8286932551788992,0.1559104240338344,0.2894853558647202,0.0653167165640268,-0.0152639104412095,-0.0838664709783973,0.2323514500432388,1.4331440992424953,-0.4633655370186179,-0.0013486879487074,0.6747411857719096,-0.8578605214328214,-1.0778104680363954,0.2819938971628742
2014-03-12,AMAT,19.1,19.52,18.92,19.51,10189811,1.2037030813319896,1.193080949800582,0.5597035122951856,0.4288041067850762,0.0664798466379189,-0.0102479993385516,-0.3350958804202337,0.1334990055285386,1.2615292745126083,-0.667347479653191,-0.0011506973618673,1.107102839319908,-0.8367873784205498,1.5954756960455454,0.9716958593158256
2014-03-13,AMAT,19.58,19.67,18.77,18.88,19390652,-2.0433785968243576,-2.0571288417587947,-0.3760150005716117,-0.4050612660704543,0.0404452213387481,-0.0762418245877948,-0.6890939370187159,0.4107839476780159,0.6279419800911611,0.5650234041158235,-0.0014121828200488,0.0494087137700197,1.2035661390321724,-2.7273507496456597,2.381492478500729
2014-03-14,AMAT,18.82,18.97,18.71,18.72,13071728,-0.5606065303277871,-0.5517321237851376,-0.5861223268514025,-0.5184619200787463,0.0116848568786747,-0.1360528904648019,-0.6618644314779017,-0.2087227257819921,-0.2842221764087432,-0.1693093859364513,-0.0013643857735229,-1.2546128232727445,-2.0443626150496805,-0.4277606802938701,-0.4338119654320501
2014-03-17,AMAT,18.88,19.07,18.85,18.98,6796316,0.8316989222063434,0.8292560716827783,-0.2294496890402061,-0.2242776201990613,-0.0025423087778342,-0.1464935396294586,-0.6630842402318765,-0.1617322333989034,-0.1519848088707409,-1.013233487541452,-0.0011765451090507,-0.6490630774045465,-0.5612037333617979,0.3738518027495929,-0.6253076169276545
2014-03-18,AMAT,18.98,19.39,18.89,19.37,10686142,1.2462787000697784,1.2345844435889444,0.2712518975381023,0.0289622406008102,-0.0001630048440317,-0.1121012921097069,-0.651428797634879,-0.0706232810261224,0.2376692438965217,-0.4046695279133034,-0.0011410991667608,0.468549680873535,0.8314649340670258,1.526117390798899,0.5599631209577046
2014-03-19,AMAT,19.36,19.76,19.26,19.47,16491666,0.2884187091350692,0.2940503571423325,0.3583588602892475,0.1813223873635398,0.0039168826303308,-0.0802102213353951,-0.6499727039111798,-0.0802077596525332,0.3964865517914025,0.453259910881009,-0.0010914355580222,0.646174086194265,1.2461528645991762,0.4029549557389802,0.5489138810088529
2014-03-20,AMAT,19.46,20.2,19.38,20.19,27535598,2.269304265062151,2.223573607698123,1.2599153740155775,0.6479793425043376,0.0334050643299136,0.0107031472257619,-0.3633314201835625,0.1789135478888696,0.760583051446086,1.955376953070852,-0.0010031883925611,1.4227321974205114,0.2880429938589222,2.807845996275062,1.7934955404952655
2014-03-21,AMAT,20.2,20.81,20.12,20.17,25859760,-0.0946681951057649,-0.0861436106667735,1.1557898369469244,0.8602177008851198,0.0536727029558176,0.0597003229311395,-0.1661807805617544,0.1807813486414228,0.655277395031858,1.5682620475391962,-0.0014497805366775,0.5015176088463429,2.269445309335631,-0.1385221723800389,1.2597020208368894
2014-03-24,AMAT,20.45,20.46,19.79,20.1,15100303,-0.2490626084904941,-0.2400345867042986,0.9870444727284692,0.7299381906957051,0.0645399424671212,0.0747015979987144,-0.0409612499420877,0.1853183311428894,0.6257661548435371,0.0528185803723871,-0.0013733735675546,0.3985562337928137,-0.095143847410334,-1.319378888564346,1.1867047388804814
2014-03-25,AMAT,20.25,20.4,20.02,20.36,13018711,0.7723318051886092,0.770995940703102,1.244939682549694,0.6941891849770455,0.0807577077216496,0.1004747792085926,0.1258054036010026,0.199366080453085,0.8672221225571722,-0.2418155252034272,-0.0011244904048589,0.7809841982773458,-0.2495785381282423,0.384088208041781,-0.0358461736067713
2014-03-26,AMAT,20.45,20.63,19.86,19.86,16214089,-1.5619262370246492,-1.5643062241124386,0.5141119971010996,0.1429984369608289,0.0714132411772784,0.0552965795701132,0.1491711587845043,0.3596238804847607,0.4169093138441299,0.1902442997432924,-0.0013839278390469,0.0455458050378551,0.7720823297716136,-2.206050205851044,1.639917869823291
2014-03-27,AMAT,19.86,20.02,19.64,19.69,12449639,-0.5659198282862531,-0.5570616740305243,0.2373828108631131,-0.1536626445248398,0.0549872286839407,0.0009262424927788,0.1334633956601057,0.3733192163945952,0.3578704291651669,-0.3302607132780443,-0.0013569541147355,-0.2045032486635688,-1.5627846573304591,-0.6730337450781507,0.0170827281062623
2014-03-28,AMAT,19.75,20.29,19.69,20.18,12615761,1.516340593530494,1.4971997934097274,0.8140610359491705,0.3467194040827318,0.0588788954352464,0.0097273294455924,0.1727087346832265,0.4680187662943029,0.7775436416571384,-0.2946982147266302,-0.0011219687667991,0.5162263767111297,-0.5665184174162208,1.618608391879686,0.8866005552133596
2014-03-31,AMAT,20.24,20.65,20.18,20.415,13094287,0.6920108356482918,0.6920853132192314,1.0108042434567956,0.674437517986358,0.0687233033803686,0.0320904523665775,0.1831917526140325,0.4218708319329617,1.170875104203243,-0.2522771105714382,-0.0011226137871621,0.8349844432624308,1.5162852099151334,0.6269226983095485,0.3273733239348596
2014-04-01,AMAT,20.37,20.64,20.235,20.62,16010163,0.5921765108159768,0.5938635686647413,1.1605348885551945,0.5878528387745267,0.0819521389119397,0.0586924090492663,0.2369273922341219,0.4267284376262036,1.2201057542492335,0.1128685513241486,-0.0011019612342951,1.1435448696743713,0.691740406659334,0.9009267623568662,0.0455843437971749
2014-04-02,AMAT,20.66,20.84,20.53,20.79,11896852,0.4802855464128056,0.4835944354961326,1.2736004172772255,1.3117129293815002,0.0963200858723579,0.0829060276039049,0.3587583778887275,0.3950580271962994,1.0736399109919554,-0.4104432915047612,-0.0011431699971116,1.3648463217364886,0.5918800377476002,0.4490819036885309,-0.3486271046611349
2014-04-03,AMAT,20.85,21.16,20.73,20.84,19373025,0.1167346868631108,0.1239514519703385,1.2380020213976133,1.5270490041901188,0.1067479057683563,0.0921351032115705,0.4804225844547848,0.3856726771989985,0.9389400934644828,0.5631066052272823,-0.0010862304856021,1.0086999391391722,0.4799598840133245,-0.0625524190370827,0.1282811606867764
2014-04-04,AMAT,20.99,21.03,20.16,20.25,15097599,-1.7955796382609706,-1.802987856891081,0.415304655980221,0.7535626621007389,0.0890693306575777,0.0271729867910353,0.495286751450185,0.5532414699657084,0.2886735190339561,-0.001170770046407,-0.0013581453457857,0.2081827525713879,0.1163141838617153,-2.6898859181127075,1.9892463448257247
2014-04-07,AMAT,20.22,20.25,19.88,20.03,10206197,-0.7093796603202001,-0.7011340029535442,0.0810445861667555,0.3227533994710235,0.063967180263548,-0.0439048613304888,0.4660885268853367,0.5407303465809716,0.3251059804688279,-0.6566015092956691,-0.0013241323591009,-0.0903151814030388,-1.796499012429577,-0.7362492501864044,-0.0518272490956229
2014-04-08,AMAT,19.99,20.19,19.78,19.85,12649441,-0.5924791558696795,-0.5837091211304432,-0.2039958663000904,0.0995745232930944,0.0348911881323351,-0.1109957400510612,0.3861631169853687,0.5214015267190816,0.3852839312701476,-0.3270007506380838,-0.0013466744312012,-0.3345407637457523,-0.7100156742463501,-0.5554436105077031,0.1300741997605473
2014-04-09,AMAT,19.97,20.04,19.77,19.99,9540105,0.4061034657543829,0.410379196792019,-0.0511966418135612,-0.3675615176780166,0.0154834202271621,-0.1397826003044527,0.3612880560188116,0.4624674138253188,0.1938528180371751,-0.7462769840403691,-0.0011612471237542,-0.1445875330347567,-0.5930846736110045,0.0493487322304986,-0.4656594673034031
2014-04-10,AMAT,19.96,19.99,19.03,19.09,19609316,-2.836009237084739,-2.877122151024299,-1.2491503180334005,-0.950264374903888,-0.036591775618104,-0.2468974856677625,0.3052542592232545,0.6545674552711911,-0.0041202018923453,0.6216976884100615,-0.0014053754525467,-1.3657154447483244,0.4057584512532739,-3.319405382999338,2.599730304894788
2014-04-11,AMAT,19.05,19.48,18.85,19.12,12163112,0.0648426748612127,0.072446444046817,-1.2348758271997828,-0.8864503756962382,-0.0774840266662218,-0.3038046865606423,0.1841996644017849,0.6382411557811816,0.1463382109354314,-0.3855595739683121,-0.0011355291414947,-1.4927620860680182,-2.837200031239876,0.251301557346606,1.1547399742407134
2014-04-14,AMAT,19.23,19.38,18.86,19.02,6573569,-0.3586133939856912,-0.3494606060206345,-1.3688146661749738,-1.180998270914341,-0.1142066300482024,-0.3385978459611893,0.1724632558386792,0.6129428793216144,-0.1365253174297515,-1.147124342744889,-0.0012984803281069,-1.6366660487278686,0.06440863463518,-0.8513750471467854,0.6871853942433566
2014-04-15,AMAT,19.07,19.15,18.3,18.86,28433272,-0.5567229620723425,-0.5478369666645103,-1.5474000047545686,-0.9984442548925192,-0.1495783522496578,-0.362955228577855,0.2987760431577496,0.541755628632504,-0.5541646241761475,1.616736324412363,-0.0014888897827111,-1.2304140926035263,-0.3591579024650612,-0.8582974047454612,2.16475935938964
2014-04-16,AMAT,18.7,18.925,18.44,18.92,16948176,0.1650677029671177,0.1718854998282056,-1.4340705682414203,-0.8316923574198574,-0.1749290258839613,-0.3566471281678339,0.4109721033298849,0.5376613412496241,-0.5823512298919783,0.1347887029127615,-0.0010816844724566,-1.1606760183914435,-0.5573191519882675,0.8625279804450602,0.5450564757111247
2014-04-17,AMAT,18.89,19.07,18.695,18.99,10238706,0.1973455333172324,0.2038762367989819,-1.26622028607658,-1.3163952983931535,-0.1917504827422051,-0.3296465906854247,0.5086743761439227,0.2320174408481581,-1.0403773668504934,-0.6512029834070744,-0.0011507656498869,-1.0793149318106872,0.1646598087444371,0.3736399613765749,0.0544276645063943
2014-04-21,AMAT,19.08,19.181,18.82,19.14,10505687,0.4587736054362833,0.4623717787267907,-1.002185903974851,-1.4308660716627586,-0.1985852366261352,-0.282340559160863,0.5592631807542727,0.2559441167868811,-0.91745939908772,-0.5369827201064745,-0.0011513933838978,-0.904969746280484,0.1969460595088583,0.2112676792097828,-0.0194299510287933
2014-04-22,AMAT,19.03,19.54,19.03,19.36,11168386,0.682613583368733,0.6828464908292474,-0.6626397199770837,-1.410200198702131,-0.1947942623085981,-0.2171452924684598,0.5735508429869367,0.2953824958665025,-0.708175787701527,-0.4192272611442952,-0.0011487255429526,-0.649263474169524,0.4584423311523107,1.2838300126217548,0.6041222873300988
2014-04-23,AMAT,19.36,19.495,19.195,19.25,9062971,-0.3867348924754374,-0.377581298157059,-0.7367263036957228,-1.7116320776690808,-0.1955608432397747,-0.1767201478681664,0.5617468728322169,0.2485902608181713,-0.9681680089151256,-0.7065172736105723,-0.0013164766544864,-0.7771166102250039,0.6823407028904191,-0.455588057448175,-0.2925053140355851
2014-04-24,AMAT,19.45,19.59,19.19,19.37,11860889,0.3551060088874979,0.359996144324336,-0.5448737320312499,-1.609063726361342,-0.1909407817155599,-0.1305149072367316,0.5747758899613132,0.148982518062082,-0.5298339116457417,-0.2652606813402201,-0.0011435311958669,-0.6376404618008421,-0.3872867370943694,-0.3370693947022825,0.1297057173493901
2014-04-25,AMAT,18.99,19.14,18.37,18.62,20504004,-2.4436066844525137,-2.469815971526435,-1.4770030559011893,-1.685142797421258,-0.2160022725202857,-0.1699505194697733,0.7111709319795811,0.4292349461380935,-0.9655779138888138,0.9418418536370416,-0.00140824234251,-1.509366389451846,0.3547476905270298,-1.4983629178569002,1.8551026061801568
2014-04-28,AMAT,18.75,18.89,18.27,18.67,11939110,0.1341845087704798,0.1412615137389886,-1.3138449762257187,-1.507121540881834,-0.2329072331138693,-0.1805042409042563,0.7799976027680661,0.2726074456925489,-1.2664209424132704,-0.3012442856392162,-0.0011402078981527,-1.421208454807738,-2.444695111378123,-0.3486708342059294,1.1762889914505108
2014-04-29,AMAT,18.81,19.17,18.71,19.07,13964027,1.3008665707367917,1.2877570317647469,-0.6888438362834681,-0.8939602644664175,-0.2296116040303782,-0.1369512479684312,0.7200727587247697,0.3554040833369721,-1.1350698520967997,-0.0120116119958588,-0.0011270934428993,-0.961114124365872,0.1337685579564043,1.0179930792210186,0.4189957241173984
2014-04-30,AMAT,18.95,19.08,18.69,19.06,17911754,-0.0656431523849949,-0.0572558733807223,-0.5992041535470765,-1.0644418259294108,-0.2264787838035963,-0.1025279208142489,0.5809129819123057,0.3188030249740581,-1.278583508811376,0.5447841762125086,-0.0013850784643355,-0.9726164826269204,1.3007549757675534,0.4122426242193689,0.1139717503863722
2014-05-01,AMAT,19.11,19.29,18.86,18.88,17221392,-0.6209523258294628,-0.6122895039925396,-0.7163683523336614,-0.4457323032026607,-0.2301234346898166,-0.092434353064213,0.34842172288427,0.291531519222771,-1.5167462897816684,0.3984874719588221,-0.0013869928374569,-1.1796589313257604,-0.0661112328397116,-0.9356263670193354,0.3067994823621155
2014-05-02,AMAT,18.91,19.11,18.84,18.96,10285315,0.2308092005863428,0.2370248217343676,-0.4817455388843943,-0.3806276321004658,-0.2289206809245891,-0.071882362737564,-0.0255703980055923,0.2977411700401485,-1.492367213363546,-0.5372825530115164,-0.0011518108328199,-1.0502574008889831,-0.6215652714519396,0.1734501999663204,-0.4045078658965547
2014-05-05,AMAT,18.79,19.075,18.7,18.97,9133061,-0.0001595253836828,0.0078685151879275,-0.3815941934866593,-0.2511518104923232,-0.226657308929039,-0.0527107574095289,-0.2324016874659214,0.1710072526195633,-1.095811931612912,-0.6765349325568324,-0.0011645538287049,-0.7060870901941823,0.230418456545105,0.6974365800067432,0.0561627742181396
2014-05-06,AMAT,18.89,19.09,18.77,18.86,10168577,-0.3940073306027583,-0.3848556067182672,-0.4531522740726224,-0.1889912872378273,-0.2282576176438742,-0.0473185207838559,-0.3980597653483865,0.1588083556039833,-1.0253532820373032,-0.5212522183522329,-0.0013273417210672,-0.8598095003063427,-0.0006105229284374,-0.1463035045239561,-0.177269024058524
2014-05-07,AMAT,18.87,19.01,18.66,18.99,11924628,0.396142073322378,0.4005410381158599,-0.2156794890241542,-0.1026947951213394,-0.2235290775014223,-0.0267143834733585,-0.5524988284741704,0.169224325880238,-0.8037707827492874,-0.2534341605024341,-0.0011403384976649,-0.5290933462899511,-0.3945610724044123,0.4541399525506073,-0.0552891062662814
2014-05-08,AMAT,18.8,19.63,18.76,19.32,21343337,1.0488971836218666,1.0419384087609895,0.285580109794206,0.1779199975722933,-0.2061144973788523,0.022422574898566,-0.8329557966217446,0.2338229126609945,-0.6597224813430913,1.0263760462759255,-0.0010659991381954,0.147994083537964,0.3957944601629813,2.0634136769881897,2.1616029869052067
2014-05-09,AMAT,19.35,19.45,19.14,19.305,14059751,-0.0813330286872418,-0.0728698537257834,0.2498504533573628,0.0043118747396697,-0.1923821298865576,0.0522541896736508,-0.8041468148279571,-0.2584746907360495,-0.002070551261157,0.0192662501901522,-0.0013521466766512,0.6484971347893503,1.0487198566437217,-0.2020183768091855,-0.2530350437055423
2014-05-12,AMAT,19.43,19.58,19.34,19.47,13120762,0.4991239355686257,0.5021735208077923,0.4526772060699258,-0.0572413001447639,-0.174687897041674,0.0863172547092946,-0.7382533530472759,-0.2416097118911044,0.1013667914701365,-0.1252182007220421,-0.0011363872271617,1.051798571317298,-0.0818052022069957,0.1292198056260375,-0.5640097635993533
2014-05-13,AMAT,19.43,19.47,18.9,19.11,20500415,-1.1841461971086191,-1.180332273093723,-0.0494015466698851,-0.3412042880927466,-0.1745175272986171,0.068461584780269,-0.7378739724208746,-0.1503414867347767,-0.0979822359036896,0.8102661500321481,-0.0014027006734955,0.1718681643472271,0.4988031875961627,-1.270607402699705,0.8945102041715134
2014-05-14,AMAT,19.08,19.145,18.89,18.95,14985718,-0.5542564302716149,-0.545363201776334,-0.2758934371016417,-0.6389882679470987,-0.1802971948038152,0.0388617553876419,-0.7483306120371742,-0.1505263830852233,-0.0973926731142151,0.1437510517434698,-0.0013668168754598,-0.2192120165283609,-1.1849060648036025,-0.5410823826607313,-0.4698505954940277
2014-05-15,AMAT,18.9,18.97,18.48,18.69,15801723,-0.8871960298395802,-0.8801760920656462,-0.6183162200327266,-0.0977308376102093,-0.1945634205772948,-0.0066623630161809,-0.7062147988013718,-0.1043555870771162,-0.3460132282127813,0.2724850360872886,-0.0013797009876415,-0.854717310451186,-0.5548519767359993,-0.865780830415365,0.5936424458094343
2014-05-16,AMAT,19.4,20.29,19.4,20.21,38232013,5.030257942921497,4.816410822594203,1.3867489838881375,1.0274884863506804,-0.1460613838890418,0.1184827693057723,-0.350990977495895,1.1309944033410466,0.7760507181320679,3.04435099794845,-0.000894048025764,1.3112279982347703,-0.8878784312547775,3.1281652006908107,2.078807947559764
2014-05-19,AMAT,20.05,20.41,19.88,20.12,16279247,-0.3102460863407677,-0.3011245388149778,1.1925116088195613,0.7156079064394337,-0.111575147971066,0.1825224452572589,-0.1435057585765233,1.1360251846958374,0.5844989399409249,0.0820730719674335,-0.0013745995593903,0.9924055531936712,5.031119245452625,0.2374552676607604,0.6040367048959164
2014-05-20,AMAT,19.97,20.135,19.66,19.87,13314567,-0.8065800079942761,-0.7989402107197259,0.8139241560151557,0.463082791951544,-0.0946880994085537,0.1884541807287242,-0.0580209922266568,1.155118981467684,0.2194104601194444,-0.3171337937195062,-0.001355962591542,0.604066588539174,-0.3107779770956859,-0.4046429662800779,0.400971425638435
2014-05-21,AMAT,19.86,20.065,19.835,20.0,7642712,0.3743288122485129,0.3789921708498946,0.9383819590214516,0.7251300032149841,-0.0769973222908049,0.1952683525711975,0.0527931960849996,1.1498228235419894,0.4047262782744182,-1.0483171983581632,-0.0011749341020309,0.8060028501595112,-0.8072413788663323,0.5062740796824545,-0.6329040176761487
2014-05-22,AMAT,19.94,20.19,19.86,19.89,9347211,-0.3754152492938784,-0.3662604437318428,0.7515383372141254,0.5637999726810364,-0.068216159603783,0.1777864958760695,0.120073279097765,1.1551779840525334,0.226792836014389,-0.8162554376708476,-0.0013236228256243,0.6351337057115335,0.3739755085983482,-0.2157643571747356,-0.2085947117622268
2014-05-23,AMAT,20.01,20.12,19.91,20.04,7170154,0.436521585142705,0.44041133823758,0.8556439251894413,0.6450450668419333,-0.0563996796347377,0.1716138649520761,0.1346255186133055,0.8844244661289663,0.952549920106863,-1.0595911927741166,-0.001178776492058,0.8681370845042293,-0.3759641409235803,0.0869544913649887,-0.7179915414663113
2014-05-27,AMAT,20.18,20.58,19.95,20.58,20050043,1.6446157458321442,1.6215488428890077,1.451653645631488,1.0147671782948315,-0.027165980832464,0.2115073816588905,0.2784595575046343,0.9671979757139963,1.3350034777124238,0.6352945404027843,-0.0010679592028042,1.442878752192886,0.4361845059075324,1.471241133198322,0.9599268910466492
2014-05-28,AMAT,20.63,20.64,20.325,20.54,13816799,-0.1540029186563203,-0.1452396174857743,1.292893320002072,0.919487752448526,-0.0071855977390225,0.2196043196820776,0.4187099638610478,0.927119963069438,0.9646272868870472,-0.1968276819987761,-0.0013559980828172,1.2889814587927686,1.6445938257400718,-0.3559171647393427,-0.3132143250359872
2014-05-29,AMAT,20.58,20.58,20.24,20.28,16091386,-0.8210724670843356,-0.813536247008177,0.8575905748071224,0.5094167251504588,-0.0032422294202909,0.1848028701415631,0.4616573703584989,0.9677375908571848,0.7725855063404024,0.1203340977912092,-0.0013802633844469,0.8888484959524713,-0.1544940497879864,-1.1276545269547336,-0.1940905594686521
2014-05-30,AMAT,20.3,20.3,20.09,20.19,10100521,-0.3092891088737918,-0.3001685600404385,0.6462879315757194,0.4431473285204351,-0.0052941998256554,0.1415298118407774,0.4378722373159939,0.9507699638785714,0.8515580009770676,-0.6525587009176648,-0.0013335541235929,0.7503409318923675,-0.8217376186476134,-0.4357104605911325,-0.7244798947769914
2014-06-02,AMAT,19.99,20.53,19.97,20.52,10808008,0.9845944658403648,0.979048745944145,0.9790610708967332,0.5321577203090812,0.0043210073300963,0.1369424793964895,0.4647502951620941,0.9761056111498092,1.0409100359733696,-0.5577282805434983,-0.0011422105843585,1.258202000112746,-0.3098207499791311,1.9768073178322068,0.6830855124775967
2014-06-03,AMAT,20.6,21.45,20.51,21.42,33319419,2.697619636710518,2.632992787903172,2.001936953664053,1.2201607486271249,0.0451446565386169,0.2136026060435636,0.7145311317761002,1.2050756904934348,1.729309888449185,2.189959151320275,-0.0009437154201262,1.409301160905591,0.9844003640195838,2.9810846060184835,2.06602472729494
2014-06-04,AMAT,21.46,21.92,21.305,21.56,22877344,0.3739192347167705,0.3785874859790584,1.9941569851887784,1.4097877094163596,0.0803847162539588,0.2605586441251256,0.8909204457441762,1.1817175275830023,1.935051348246792,0.7512990165925253,-0.0010573837373365,1.0949992889721571,2.697872416898216,0.325742093881975,0.7859779736741274
2014-06-05,AMAT,21.6,21.9,21.41,21.78,21007446,0.6022900538725764,0.6038208478199196,2.084630975858114,1.7196886286936006,0.1139611433586177,0.2938413128892725,1.076102918067276,1.183229496183295,1.9902625529817008,0.4542017415184323,-0.0010831840073196,1.3075922942737144,0.3735658242188881,0.6032816588159854,0.2836541079058432
2014-06-06,AMAT,21.91,21.91,21.65,21.82,7830991,0.0813437870650562,0.088829139362603,1.9606562746451863,1.2528683394015525,0.1388482332598283,0.2981012435225111,1.250791826071547,1.1696898854791131,1.7329564765734211,-1.0743217374208862,-0.0011864747624092,1.3462455679649057,0.6019962191544769,-0.3366616291039033,-0.5982614149334364
2014-06-09,AMAT,21.83,22.1,21.83,21.91,8643464,0.22379696221283,0.2300800778012462,1.895420925399094,1.4140700367898054,0.1585891809926813,0.2882631066766068,1.3784719584470897,1.1625415732921802,1.81431333753276,-0.9556263358370244,-0.0011818731047631,1.2684051355867871,0.0809140515336007,0.2505566883958719,-0.5643028130440759
2014-06-10,AMAT,21.89,21.91,21.74,21.89,9403335,-0.0898267482078609,-0.0813241299780599,1.7027125103200336,1.7560236737332269,0.1697934982296912,0.2584194572583927,1.4688538379703866,1.169842895441518,1.657969883075212,-0.8460458811859974,-0.0013074730740602,1.2500394917335145,0.2234043888679592,-0.0263165508545973,-0.9440901810757004
2014-06-11,AMAT,21.87,22.06,21.75,21.89,10332081,-0.0329960430517004,-0.0247793014886723,1.5133905520841306,1.7115932302629322,0.1749600303398605,0.2190033827454815,1.432056789516759,1.0795923021339209,1.969027899109028,-0.6841064905631912,-0.0012427088046935,1.2500394917335145,-0.0903011375096729,0.042775159397317,-0.4110741796572508
2014-06-12,AMAT,21.8,22.01,21.59,21.75,10857541,-0.4311744464231503,-0.422045632486377,1.1481726240009185,1.6624682979680268,0.1698902274961629,0.1611223731784671,1.2628208871419686,1.070617209749451,2.0025673062952203,-0.5954566789848611,-0.0013192754983057,1.1214799847605996,-0.0334556067571959,-0.1996004617731091,0.018016829957563
2014-06-13,AMAT,21.91,22.415,21.85,22.37,13396571,1.74171583047099,1.71551120635093,1.6837107788949242,1.8125050711507955,0.1864277009454648,0.1704343227420885,1.0424913097049344,1.0599381335023073,2.7242567168196543,-0.2423559592888522,-0.001145556726178,1.3932641023803136,-0.4317378841216597,1.559891626864083,0.5136195709356032
2014-06-16,AMAT,22.35,22.54,22.185,22.35,7917993,-0.0886581239623612,-0.080160864118944,1.5161061842260537,1.6031542729015733,0.1948049255676958,0.1568795423876488,1.139571305028373,0.0203124056137599,1.387654963659152,-0.8597589478565154,-0.0012981880604941,1.2235751090977245,1.741719241168905,-0.0263165508545973,-0.2675652853156072
2014-06-17,AMAT,22.27,22.61,22.14,22.49,11206097,0.3569871896015846,0.3618553895017103,1.5336133172643287,1.7198117574176557,0.2029184672279234,0.1453570026991011,1.2068543754858163,-0.0033713308540743,1.5624993106483058,-0.3358090332418481,-0.0011625890537056,1.307657808296919,-0.0891322084016652,0.7200414525267823,0.1503481245745305
2014-06-18,AMAT,22.52,22.52,22.13,22.37,13139155,-0.3651865499360611,-0.3560324298487759,1.2217629105324372,1.9566513597063675,0.2006171030010267,0.1093311824834024,1.1500503655124923,-0.0556838285814381,1.6803526323631817,-0.0397796973894652,-0.0013340133845141,1.1553819705762398,0.3566293619903653,-0.529547801923443,-0.1383540696013838
2014-06-19,AMAT,22.47,22.49,22.22,22.46,12922954,0.2174833210462906,0.2238265404386829,1.1735905545669447,2.1414435493953405,0.1983526365908759,0.0806055006559661,1.088396052090037,-0.0548068313245321,1.6389686410430062,-0.111283153924938,-0.0011498516938122,1.2615597592414791,-0.3657327731743167,-0.0599399532402026,-0.5894524834012517
2014-06-20,AMAT,22.55,22.75,22.35,22.75,19207726,0.7708699798596006,0.7695606814568893,1.3440509623532857,2.1327372035913843,0.2039243112721272,0.0777950474671321,0.995469734424762,-0.0798411789521718,1.944314484296868,0.7276189343616355,-0.0011091611561713,1.442878752192886,0.2170891006429333,0.6437658009012323,-0.1259901110806895
2014-06-23,AMAT,22.76,22.99,22.7,22.9,20573635,0.3774965118839798,0.3821219409915984,1.3428689628043038,1.907491898987826,0.2101249192038754,0.0771655482759999,0.9049252552647352,-0.0799705784604456,1.928507662186016,0.7891473155941301,-0.0011062315806691,1.3444654829922862,0.7706201230918519,0.4384132348424844,-0.5359156380056964
2014-06-24,AMAT,22.92,23.22,22.64,22.74,19276168,-0.4679866980636014,-0.4589026076708517,1.0129579058849405,1.4666098492719035,0.2046864075843782,0.0467030555611534,0.8606649070597783,-0.1521526869385126,1.3739684807835042,0.6174798891278371,-0.0013645857433714,0.9519227097398404,0.3771440346011094,-0.6196551777692944,0.5343444523347589
2014-06-25,AMAT,22.74,22.75,22.38,22.585,12007340,-0.4573582159751583,-0.4482589599608332,0.6993936458317958,0.9765414330677188,0.1903854406624067,-0.0004787459955343,0.7432435205556333,-0.1279162069439723,1.294742805155985,-0.3759079329104354,-0.0013221144140961,0.7933848210310469,-0.4685597390844842,-0.5412913397672041,-0.225987706727232
2014-06-26,AMAT,22.6,22.64,22.16,22.42,12812770,-0.4878366977900412,-0.4787858319343075,0.3710441552457733,0.6294556022796994,0.1689148572778,-0.0566786565935187,0.4793367641219774,-0.1707720737652325,1.3822871513348898,-0.2437085572412747,-0.0013299365270353,0.6246186814378136,-0.4579284843120761,-0.62805643266365,0.1929585452839645
2014-06-27,AMAT,22.35,22.49,22.25,22.4,9171848,-0.0885339890807716,-0.0800372997057705,0.213744529210285,0.5017935515702622,0.1477132663597066,-0.1009462030937029,0.0788645989672962,-0.1859477017900515,1.440114651848911,-0.7511757405991721,-0.0013071757984166,0.6041621796689337,-0.4884149171398224,0.1427031027482342,-0.6983861212381721
2014-06-30,AMAT,22.39,22.7,22.3,22.55,11208111,0.3839104580548532,0.3884586032407361,0.2695056017654759,0.6869680864079535,0.1335782507582089,-0.1181709970773081,-0.3055400612790102,-0.2204898983389328,1.2854321887974207,-0.4663042575351923,-0.0011620558619972,0.6210331322347803,-0.0890080411366371,0.5135800827173195,-0.11299380255738
2014-07-01,AMAT,22.69,22.91,22.59,22.66,9030994,0.2707017008438042,0.2765185334194054,0.324959028333556,0.7847146259564092,0.1235845232561471,-0.1212912279869252,-0.4011465219448978,-0.7530229123952702,0.6827247964468945,-0.6553113774034285,-0.0011795575225517,0.4707943339329419,0.3835596539973364,-0.1262087304409432,-0.4144009092084003
2014-07-02,AMAT,22.68,22.83,22.59,22.79,6428400,0.3241771641334283,0.3294199384158461,0.4041955208777874,1.1318126586042434,0.1177274259909432,-0.1131397976954448,-0.4682180517121904,-0.7551954548675525,0.67039206269709,-0.9895694814865904,-0.0011987568745686,0.6531560665021277,0.2703213636786248,0.3401162695885976,-0.713666758911705
2014-07-03,AMAT,22.85,22.95,22.72,22.81,5488520,0.021640233822867,0.0295334940050551,0.3660748383728831,0.5647411970620283,0.1108982412254155,-0.1091207899539817,-0.5008231286506276,-0.7781843543179255,0.5270660256723733,-1.0832363649827603,-0.0012057680023295,0.6067349298913992,0.3238107772725676,-0.1585735051836567,-0.7509732794532467
2014-07-07,AMAT,23.3,23.46,22.83,22.96,13761736,0.376416741901689,0.3810551177627803,0.4735522248749173,0.7825272908056744,0.1084432022407052,-0.094646607820224,-0.5188177064656446,-0.7712629011295211,0.5998313202645855,0.3049790479421076,-0.0011513013330991,0.554060159293824,0.0211949232466078,-1.128788952337851,0.6954679678867942
2014-07-08,AMAT,22.85,23.15,22.715,22.74,16012619,-0.6295451828464466,-0.6209173086409786,0.1673435792456535,0.1926678840397726,0.0950475388789717,-0.1112282409210362,-0.5717018273572401,-0.71575122044793,0.3888825254228018,0.6067162012947823,-0.0013456756315461,0.1629799784182324,0.3760639829359884,-0.3900231752594959,0.0029273649801095
2014-07-09,AMAT,22.79,23.38,22.7199,23.27,18536780,1.418048806299521,1.4017471284764702,0.702706691982444,0.944242867478736,0.1024131683709595,-0.0710543369938759,-0.5445582654046781,-0.5587646455848428,0.7583996302464618,0.9139397066314816,-0.0011189179177006,1.1051276868912403,-0.6301603701132773,1.5649452691114252,0.7728059300756493
2014-07-10,AMAT,22.91,23.05,22.73,22.87,14261832,-1.1031814749138122,-1.0983490301561558,0.1797725142738871,0.2668681878292895,0.0897771952785064,-0.0903989945846055,-0.6343290079997119,-0.4292254386574453,0.4900296070698466,0.1969560659621627,-0.0013338842101919,0.3940728125719933,1.4179677810111473,-0.1582271316672878,-0.4252078102776544
2014-07-11,AMAT,23.0,23.02,22.73,22.85,9123100,-0.0874412004619089,-0.0789495436951809,0.0922043955418212,-0.0651925980671082,0.0763991612787563,-0.1077847726582788,-0.8266834195375663,-0.4506162390449464,0.5752910719043481,-0.6008401179263373,-0.0013030136438826,0.1834062442177802,-1.1039202210991497,-0.5190455845098322,-0.5336062107429435
2014-07-14,AMAT,23.02,23.14,22.88,23.06,9837697,0.5391784810052505,0.5416582106980448,0.2947805593282189,0.0042158473368006,0.0715408374157771,-0.099763807888701,-0.8153499310092911,-0.6793258406210766,0.2855279303789887,-0.4657945660299843,-0.0011762359856968,0.4431249063455155,-0.0879149674387334,0.1049637013790576,-0.6516611321002402
2014-07-15,AMAT,23.1,23.23,22.69,22.89,10532168,-0.4919668312025345,-0.4829236808787184,0.0668032601859592,-0.0085989115890651,0.0586281549863366,-0.1140788163704267,-0.8460250033639563,-0.6519948779943527,0.1873658574416636,-0.3717236810446551,-0.0013122094695635,0.01822952186039,0.5388681821820572,-0.7131509614043279,0.3747776277139683
2014-07-16,AMAT,22.99,23.16,22.77,22.85,18058606,-0.1417912156136545,-0.1330724342853447,-0.0002667041052205,0.1453977202995242,0.0446101580740891,-0.1283758836069886,-0.8611532273224254,-0.6594124733316052,0.0676123267034285,0.7482937266052958,-0.001364936553275,-0.0817458627243443,-0.4925461279925928,-0.4863970172515345,-0.168875974073663
2014-07-17,AMAT,22.72,23.07,22.66,22.765,11318251,-0.2645904932652297,-0.2555330288777485,-0.1211294282510957,0.2617896603367868,0.0281351022853888,-0.1461379646469047,-0.9089548379237972,-0.6660565217214252,0.0918519309194256,-0.281734052953251,-0.0013228444748446,-0.3342798389782931,-0.1422791610417621,0.1233238686973956,-0.0903464219087423
2014-07-18,AMAT,22.87,23.01,22.71,23.0,11636839,0.6096852137972241,0.6111007320568659,0.1183763924954553,0.5267355473200068,0.022373032948738,-0.132772586771202,-0.92754219976219,-0.6370734856038734,0.1856279808260339,-0.2230998227621103,-0.0011578676968276,0.2666299004824638,-0.2651104737088,0.4031426564414687,-0.5042692134456265
2014-07-21,AMAT,22.86,23.19,22.84,22.91,7274690,-0.2766144506548304,-0.2675368531643956,0.0054889107819459,0.2511361687018855,0.012425175350474,-0.1328544313992977,-0.9241595277606932,-0.6842425033647014,-0.0641869311223459,-0.8506160814064198,-0.0012941733576742,0.0364942555825992,0.6093933082766496,0.138932323074692,-0.3181112965764004
2014-07-22,AMAT,22.8,22.91,22.32,22.52,24962632,-1.0928229581300797,-1.0878680333706123,-0.4218057593373161,-0.3423359832663897,-0.01236092007772,-0.1711132758414592,-0.9031159067750258,-0.5957791739550771,-0.4111838849517082,1.979880957344444,-0.0014226427900312,-0.96076020565015,-0.2771375678241882,-0.9541454914217772,0.5921177928170641
2014-07-23,AMAT,22.58,22.62,21.83,21.9,19372604,-1.7470272708100756,-1.753314852057507,-1.089460446111394,-1.0136151344120845,-0.0574385935487396,-0.253950523965712,-0.696004430268224,-0.3778124795355732,-0.7099880137148933,1.0775381290436008,-0.0013920302914198,-1.7385465229054515,-1.09355900205811,-2.3015696026313743,1.415035859644675
2014-07-24,AMAT,21.94,22.0,21.71,21.755,10357125,-0.4452067936130653,-0.436092440210155,-1.2109056273454173,-1.129524202937538,-0.0994196330255377,-0.3122496398713512,-0.497895237190611,-0.3784030276098875,-0.7072084573605414,-0.3641935496631086,-0.0013270796535379,-1.7958238314296615,-1.7479339789771242,-0.6633758149697812,-0.4803678348963205
2014-07-25,AMAT,21.54,21.64,20.94,21.23,32255135,-1.5354308712178018,-1.537298668353395,-1.753425321175946,-1.5741236861278072,-0.153280829008242,-0.3894682509297419,-0.1605107442610008,-0.244329354004218,-0.9470038866809872,2.809212836137786,-0.0015137028874197,-1.498758084512179,-0.4457738919720264,-1.113644935243902,1.1566083382082253
2014-07-28,AMAT,21.27,21.51,20.81,21.36,18648629,0.3482354630630023,0.3532052382580652,-1.5457081572502014,-1.3215941137344975,-0.1903518648008532,-0.4080255564833024,0.0491711668122359,-0.2242203291716689,-0.849352463064392,0.6662177193726224,-0.0010690764501453,-1.191378315214373,-1.5362823795981544,0.2933666021516223,1.1398840315327723
2014-07-29,AMAT,21.53,21.55,21.1,21.19,9834779,-0.5284954051658469,-0.5195325375934065,-1.6688917641362864,-2.0863690917911426,-0.2255178947282461,-0.4179679486230216,0.273709307141382,-0.2409955325350343,-1.053228938402141,-0.6077189685186483,-0.0013288861958184,-1.404627696861625,0.3478753523626611,-1.2194241660222616,0.1785386128509499
2014-07-30,AMAT,21.45,21.68,21.15,21.28,9720866,0.2314316763853914,0.2376412684169791,-1.487772406622951,-1.7933714227166977,-0.2486747915564002,-0.3950105604699624,0.4307083815379849,-0.2437118755751026,-1.0618917041396063,-0.6278883894143451,-0.0011547998536369,-1.291730965401314,-0.529084231274433,-0.6250952677440971,0.4843647923819822
2014-07-31,AMAT,21.1,21.365,20.93,20.96,12963351,-0.9692071332558868,-0.9629272930196708,-1.761592531991906,-1.9184051494357235,-0.2781108518146503,-0.3928071085231994,0.6286157354138042,-0.2312097557675027,-1.34678303214214,-0.1989230677763372,-0.0013563412217918,-1.693141566149087,0.2310410947312802,-0.527608016374306,0.1383170236859218
2014-08-01,AMAT,20.94,21.19,20.81,21.09,9624234,0.3531463650978795,0.3580592916181502,-1.5134026755589072,-2.037534389294599,-0.2946228208965741,-0.3577779587611823,0.7519514420366232,-0.2088884131229304,-1.2749239103242518,-0.6939058961375112,-0.0011547443215108,-1.5300685095953055,-0.969910929153334,0.5148853485756987,-0.0896867965625781
2014-08-04,AMAT,21.2,21.29,20.905,21.13,7408045,0.0850846349920666,0.0925425391898738,-1.3635555029000883,-1.9118083942089323,-0.3043225489278145,-0.3122200477572183,0.8200320059904476,-0.2302756804558465,-1.3380512362356527,-0.9814071428772418,-0.0011770801966242,-1.467396912883227,0.3527875355192649,-0.2757799924221882,-0.072808480832648
2014-08-05,AMAT,20.99,21.14,20.7201,20.84,9958822,-0.8874603532546218,-0.8804426232553294,-1.600627674248234,-2.0056421131730406,-0.321413866843292,-0.2947995440726974,0.9417414042163592,-0.212964036766837,-1.3945853087650644,-0.5840766114437489,-0.0013288968665555,-1.7314590443798912,0.0846558753468173,-0.56622926043394,0.0878904372368241
2014-08-06,AMAT,20.94,21.27,20.76,21.15,10986039,0.8931072018887665,0.8894616811208029,-1.1110416379523946,-1.5544002443841352,-0.3207572635992019,-0.2351802975839879,0.8895345246492669,-0.3274010449316976,-1.5054866179071902,-0.3881079173112261,-0.0011445834117879,-1.311931239392591,-0.8881428236246603,0.7313661083478146,0.4183138395711886
2014-08-07,AMAT,21.25,21.44,20.6,20.69,15622534,-1.387071563115339,-1.3862886597618094,-1.5371826856495576,-2.0235477112884244,-0.3361615692205508,-0.2288254033302936,0.955806003265775,-0.2880164784520612,-1.567419142541127,0.298942110905192,-0.0013774814285653,-1.767547523512032,0.8928892335113463,-2.017328300965804,1.792258588479268
2014-08-08,AMAT,20.67,20.87,20.48,20.83,9052438,0.3882763228159108,0.3927714912226359,-1.253214722815231,-1.8189195608301727,-0.3406293803746596,-0.1955911394362065,0.9604247224982756,-0.2542090775377825,-1.4658064913779814,-0.6861278078459091,-0.0011606292217353,-1.458225135029657,-1.3878843685585085,0.5585061693038423,-0.0309333526391666
2014-08-11,AMAT,20.9,21.435,20.9,21.09,9213580,0.7441086016737137,0.7432797625517898,-0.8242033181995202,-1.349697785099042,-0.3318089417344353,-0.1348000021024312,0.8486731775294242,-0.2257563369491515,-1.4221388122944276,-0.6587428977153637,-0.0011615678848826,-1.1439388805805464,0.3879266576946141,0.6605178596951351,0.5228230733868697
2014-08-12,AMAT,20.93,21.15,20.69,20.91,8558690,-0.5643590942486733,-0.5554961184422895,-0.9259805241597752,-1.1033940189746465,-0.3297971376479512,-0.1036924003687138,0.757251096253364,-0.2234498821677774,-1.4378731072626365,-0.7477026815853539,-0.0013159412333336,-1.3538496261720172,0.7438517635850617,-0.0985112810604917,0.2420952887749513
2014-08-13,AMAT,20.92,21.11,20.92,20.97,9312471,0.145649688651527,0.1526322321918983,-0.7413301160773452,-0.9338965721900088,-0.3238049484025478,-0.0685608761034809,0.6247964800832954,-0.2108834382767896,-1.3758232558170338,-0.5857074549718143,-0.0011608670624777,-1.28025151095189,-0.5649572762252766,0.1542565494333226,-0.836208817207997
2014-08-14,AMAT,21.0,21.245,20.99,21.15,11241007,0.5014077123009006,0.5044254833057253,-0.4238532320411953,-0.2743944409266147,-0.3100936548368486,-0.020586815052264,0.453929827600539,-0.1681776918612943,-1.2093736100300194,-0.2831328102796721,-0.0011467481426908,-1.0594571652915032,0.1452367287932762,0.5133390574344693,-0.5865050287563108
2014-08-15,AMAT,22.55,22.59,22.022,22.48,25841996,3.8820483953931935,3.751272823888419,1.240996078692245,0.6443364548163782,-0.2457476807258978,0.1481252298556431,0.2919871476522997,0.7119388857438411,-0.4995206779536126,1.793086519617643,-0.0010294773297318,0.5719677220880254,0.5010875601041159,-0.2608453739691395,0.5144415814229235
2014-08-18,AMAT,22.575,22.58,21.98,22.1,16987613,-1.085400591515209,-1.0803589950093102,0.8258697136081763,0.4539900101385286,-0.2089951460052852,0.2120698278016809,0.050204147026443,0.7539553060781412,-0.6867307738008571,0.3913799335862122,-0.0013728783999394,0.3348182397120565,3.8826101610596697,-1.615999738062709,0.6713238607151412
2014-08-19,AMAT,22.14,22.14,21.9,22.05,9119348,-0.173851331510022,-0.1650207723001716,0.7942721306277337,0.3603391674213904,-0.1814408811444837,0.2395493178840337,-0.0826718483114921,0.7099752208406163,-0.47399019454502,-0.6588840511616245,-0.0013160256794926,0.5574659127806327,-1.0861346991482232,-0.3334376287426865,-0.6842125057485451
2014-08-20,AMAT,21.96,22.145,21.86,21.9,9820524,-0.4565201076678873,-0.4474197335922509,0.6095132091982238,0.5104087819862351,-0.1652979600153372,0.2321603076265281,-0.0826718483114923,0.5821486223124516,-0.1674769497128712,-0.4968154571394509,-0.0013238053178651,0.35582412620458,-0.1743476405566144,-0.2327421933695507,-0.5067510734539348
2014-08-21,AMAT,21.92,22.2,21.88,22.2,11350001,0.8198537856959521,0.8176361818311524,0.9505073235871254,0.6029006668813044,-0.1407713052838751,0.2478286853901356,0.0040732176167454,0.6040071638086516,0.132937416440265,-0.2627122188262536,-0.0011461608606157,0.8284565722864524,-0.4570901573649801,0.9387609968156322,-0.390014216666837
2014-08-22,AMAT,22.19,22.32,22.03,22.17,7573729,-0.1171285261578796,-0.1085069449339509,0.853618058309332,0.5547623910033399,-0.1227950583265457,0.2435027507531537,0.0928698409333226,0.4776617770197994,0.4827989121448787,-0.7294285063010206,-0.0013049682589656,0.7811933276782692,0.8196167074803854,-0.094411895749116,-0.5011638098989286
2014-08-25,AMAT,22.21,22.24,21.99,22.115,9763728,-0.1874476471302769,-0.1785746638006412,0.7382300218790462,0.7779768525010186,-0.1111284330798868,0.2238011453780121,0.1592364208882909,0.4786044733597484,0.3516403202471966,-0.2819997613422854,-0.0013248129196601,0.6945440458965877,-0.1176100377563005,-0.3494781713068638,-0.6491934530534361
2014-08-26,AMAT,22.08,22.306,22.07,22.23,8671680,0.2907513823309259,0.2963582786133829,0.8131751326720889,0.6733722646440492,-0.0979239839792653,0.2119981932049529,0.2270032998988969,0.4599522259304944,0.5533352965860464,-0.4709295726987664,-0.0011675647617311,0.8757198168946415,-0.1879475030884591,0.486942859202951,-0.7065536432544461
2014-08-27,AMAT,22.3,22.7,22.2,22.63,10428212,1.087256543517408,1.079424423700883,1.2154913841187929,1.3856734720983583,-0.0725766321910207,0.2338114539490494,0.3687629595060519,0.504358170459095,0.7642355432269591,-0.1582308327715857,-0.0011547258541726,1.3380622172284828,0.2903762755862241,1.0917143506232048,0.2500561090789849
2014-08-28,AMAT,22.48,22.84,22.48,22.8,9035068,0.4346957985195916,0.4386091300405991,1.3044698865298774,1.3969172757289083,-0.0469531095753402,0.2519729214999723,0.4832918908257781,0.4371817661715514,1.1218002980803756,-0.3809539449576271,-0.00116882220259,1.386536692236235,1.0870892234604022,1.0491537005399951,-0.2754155958375869
2014-08-29,AMAT,22.85,23.16,22.75,23.105,15635889,0.799841739275778,0.7979997280161962,1.544590112045295,1.413441570133316,-0.0161527567641564,0.2798271673467959,0.6480115220009902,0.4522055613674021,1.2357187486966157,0.7574883070494487,-0.0011181582026146,1.3746586087005963,0.4343582429859925,0.8168215329930958,-0.1124339502168805
2014-09-02,AMAT,22.89,23.0,22.69,22.93,11956897,-0.5045457752417601,-0.4955278276544984,1.2189349406218983,1.4195886534571454,-0.0003229080164754,0.2635767442762661,0.7282897958304269,0.4795864201308738,1.083625233581632,0.0559187943317848,-0.0013338628517,1.157594515770582,0.7995994404577064,0.1057092860356925,-0.4646049125889407
2014-09-03,AMAT,23.0,23.06,22.84,22.9,12940767,-0.1144500825177903,-0.1058396441500966,1.0533996084863426,1.3604825515544663,0.0092390505231622,0.2344429643236573,0.7184499151934529,0.4199754831048127,1.2842645093937195,0.1996533808080668,-0.0013447137835089,1.1203835284111496,-0.5051283535386359,-0.3548025732914284,-0.7906693557142153
2014-09-04,AMAT,22.95,22.95,22.54,22.54,12291982,-1.0117250168284797,-1.0058724447038696,0.5370662921348818,0.8747770855272805,0.0009419466929938,0.1651670212585768,0.6828412436705804,0.4750565016280365,0.7977383614215611,0.075282521132426,-0.0013432968573627,0.6738516800979794,-0.1149308953825943,-1.376043431717026,-0.0753632838468791
2014-09-05,AMAT,22.6,22.78,22.42,22.76,10448028,0.5746689192236936,0.5766226998347492,0.6723840395085366,0.1121015830664284,0.0013133911857687,0.1320589609640443,0.5458485302507542,0.3460926023648894,1.3018878401839278,-0.2020061661155461,-0.0011539948752457,0.9467322540671428,-1.0124399044935963,0.5085633440867839,-0.2731029274698434
2014-09-08,AMAT,22.76,22.82,22.55,22.665,10070787,-0.2928604350712575,-0.2837593323291572,0.4481754620331732,0.4891027955640551,-0.0037835466085102,0.0914969908576386,0.3891369929078234,0.3612514594862237,1.126321339588847,-0.2763753909783818,-0.0013255708480011,0.7766966222195911,0.5743678788974464,-0.3416689054347748,-0.5985141926359717
2014-09-09,AMAT,22.6,22.74,22.41,22.46,12567731,-0.5961064638418349,-0.5873493541822364,0.1238627685947804,0.2738545399375966,-0.0173865294015736,0.0371530013739351,0.2483244962632239,0.3799159295656679,0.7865568501982917,0.1302695342566449,-0.0013492980544481,0.5008030128367145,-0.2933877903792423,-0.4943364589283076,-0.3668143914717923
2014-09-10,AMAT,22.57,22.57,22.315,22.37,7354994,-0.2824717053345177,-0.2733851434160284,-0.0685468947963042,0.3540722959243874,-0.0330244523876165,-0.0115600912390445,0.0087966338053938,0.3618895463401699,0.8579827488417476,-0.7650592029745521,-0.0013075793237389,0.2705111563984356,-0.5967129278498579,-0.6958051211733371,-0.641305163729931
2014-09-11,AMAT,22.36,22.93,22.28,22.93,12632892,1.5255422224469,1.506128108525924,0.4719525362175363,0.5764458749159239,-0.024788855140485,0.010919464777297,-0.2375717493681564,0.4506950822820024,1.205228680041411,0.1219170572573303,-0.0011286208719342,1.090546146841838,-0.2829963505034519,1.8996457721090856,0.7711513929861128
2014-09-12,AMAT,22.61,22.765,22.25,22.3,12031985,-1.7435308718395053,-1.749739290424142,-0.3321525010095427,-0.0766648519609371,-0.0442422745144283,-0.0423679425365081,-0.5399268278839525,0.6323682625349232,0.6310824803623815,0.0119809458156479,-0.0013470794096788,-0.7561951879613765,1.5254892392880426,-1.0621879971060622,0.3333641040663267
2014-09-15,AMAT,22.34,22.427,21.97,22.05,11816171,-0.730956104694958,-0.7228315981721251,-0.5993630502488162,-0.2421165499693372,-0.0703829658354027,-0.1022107912603969,-0.5030239219460722,-0.1780917721013972,-0.4484029413893131,0.1023936606182018,-0.001349212653606,-1.3954608682387788,-1.7444366678904792,-1.0070693573244385,0.1359673772504377
2014-09-16,AMAT,22.08,22.41,21.85,22.37,8430154,0.8705219614628205,0.8673255741156483,-0.2411380069891972,-0.0807242971284225,-0.0792880071857614,-0.105720803920226,-0.5289150363571589,-0.1969107176851122,0.011951483316627,-0.4514792214247645,-0.0011636921448521,-0.5617803429060223,-0.7315977473327943,0.965984975256658,0.49499175263455
2014-09-17,AMAT,22.38,22.62,22.27,22.445,10608135,0.1757367603632967,0.1824614907590007,-0.1765661766549953,-0.3454003628242447,-0.0841200998780854,-0.0980451143165518,-0.568680052383304,-0.1977736289341399,0.0956154339490096,-0.0538339537196141,-0.0011460303015648,-0.3714646060295452,0.870298101206066,0.1931144605587471,-0.2917337577376409
2014-09-18,AMAT,22.46,22.62,22.36,22.6,9095093,0.3969436233452638,0.4013327298878713,-0.0366803359779632,-0.3588131202212893,-0.0825934986819088,-0.0755373940270809,-0.6514439183764181,-0.2072827256624135,0.3019561399144503,-0.3319586771544815,-0.0011626098776974,0.0218545835151804,0.1753316494095831,0.4446206674208188,-0.6325352528129635
2014-09-19,AMAT,22.72,22.725,22.5,22.55,10453745,-0.170735064066258,-0.1619146463473617,-0.1153202851149066,-0.6976248440826186,-0.084078374301206,-0.0652827072771188,-0.6790147944959978,-0.247345063464542,0.0640677499006071,-0.0679249867434055,-0.001332190568544,-0.1050225744024736,0.3965962192886231,-0.5916248024954323,-0.7597632189126974
2014-09-22,AMAT,22.38,22.39,21.89,21.94,9260766,-1.7171380773813112,-1.7227555914761727,-0.8123744072684194,-0.9881542226461664,-0.1096937420678566,-0.1191904292672988,-0.6264631082986079,-0.049145266366114,-0.3198407922576758,-0.3071663987536542,-0.0013246199385653,-1.6529239009978338,-0.1712305601628261,-1.5116957050372004,0.3079664192089916
2014-09-23,AMAT,21.59,22.07,21.47,21.63,13683180,-0.9126674935785658,-0.9058655808171182,-1.1462840154141771,-1.14113866099714,-0.1422507130615737,-0.1801841740688831,-0.4927933322931288,-0.0049687376876709,-0.4895649676371355,0.476507590818673,-0.0013674167177035,-1.5665873734207327,-1.7180369882649231,0.1136589658855016,0.7204891148143471
2014-09-24,AMAT,21.68,21.99,21.63,21.96,7675801,0.9168491892428376,0.9127230026017732,-0.746163563819963,-0.6271751603948975,-0.1549746771561112,-0.1779293515692455,-0.4497197056917531,0.0488781797386841,-0.3458560936603263,-0.6237331915111219,-0.0011694604585319,-0.9174868365236744,-0.91335653981082,0.9494445121035068,-0.2250803056259818
2014-09-25,AMAT,21.95,21.96,21.47,21.51,9120543,-1.30877549998978,-1.3067419259525337,-1.2085242104984288,-1.0807615058404514,-0.1823625221677847,-0.2138700706171753,-0.2900703133942219,0.0447464436600365,-0.8943410884906573,-0.3462011097277344,-0.0013275059231257,-1.802623932292384,0.9166374145087886,-1.5407942488321211,0.3071893966714179
2014-09-26,AMAT,21.58,21.855,21.54,21.74,7473920,0.6327105410799938,0.6337616609269723,-0.8793383621432055,-0.8280131259467014,-0.1944701999302194,-0.2032917583981784,-0.2378773764857338,0.0622114839419296,-0.8502726729339652,-0.6426849980078657,-0.0011710308854379,-1.3502205277883823,-1.3095678801043904,0.5338449702610291,-0.3837631514599716
2014-09-29,AMAT,21.5,21.83,21.39,21.75,7110242,-0.0043584913044215,0.0036946391799119,-0.7902198001106092,-0.7029839775589048,-0.2030278267782151,-0.1856913386819759,-0.266152140001828,0.0026451122093281,-1.0287742705244416,-0.6559737834378796,-0.0011762355249806,-1.1647127532260766,0.6324246422455306,0.8521925789183102,0.0946521026738047
2014-09-30,AMAT,21.73,21.79,21.515,21.61,9495393,-0.4337374338471519,-0.4246110232448903,-0.8794796721607216,-0.7325035905679103,-0.2145426218869369,-0.1792227031056088,-0.2552173986480621,0.0003414163879255,-1.0129303018371367,-0.167971392898309,-0.0013294042187171,-1.4433866545685623,-0.0048105842459957,-0.4435376377969113,-0.5307622938119521
2014-10-01,AMAT,21.66,21.69,20.9,20.96,16300643,-1.9056348387053743,-1.915731003170292,-1.537841802981451,-1.5677146460165094,-0.2480857019636053,-0.2307482209435593,-0.086289507055529,0.1648465403451224,-1.4116649875111449,1.124673909578283,-0.001396337021806,-1.7840096670805556,-0.4343015401598692,-2.4679716576103217,1.5498630624750562
2014-10-02,AMAT,20.97,21.04,20.39,20.53,24922735,-1.3102363161618478,-1.3082251414297936,-1.9363785606014456,-1.4895258458427243,-0.2899455832148012,-0.293375938266621,0.220667844330254,0.1943911444005026,-1.4771470709135952,2.5233685403848383,-0.0014913618044699,-1.698080180823643,-1.9065829233038416,-1.611570984359922,1.0473297025900037
2014-10-03,AMAT,20.59,20.81,20.45,20.74,11155068,0.6038372679420299,0.6053440147377989,-1.5729691343540426,-1.161231975138239,-0.3129438757848279,-0.2949287075547335,0.3482821368521204,0.1974290688917767,-1.4709404834144426,-0.0063683918078607,-0.0011204624792703,-1.4232462741847,-1.3110290773639497,0.524084992325121,-0.1447130355402252
2014-10-06,AMAT,20.81,21.01,20.47,20.6,9935016,-0.453252805337176,-0.4441481811883905,-1.6239724279172314,-1.5650186170546203,-0.3345199782369453,-0.2925102301041802,0.4790579588082954,0.1984383949688747,-1.5055631952620887,-0.2281387349795398,-0.0013469913479681,-1.6064688786106605,0.6035438368503,-0.7887324510803786,0.5933393991599524
2014-10-07,AMAT,20.44,20.9,20.33,20.37,15630195,-0.728110053958162,-0.7199691316131638,-1.782653409194184,-1.738750036210168,-0.3582375896599858,-0.2960876553696406,0.6524130159874497,0.2035406440668976,-1.5341238105023438,0.7738921276959777,-0.0014131759692879,-1.830161530827412,-0.4538220026833211,-0.2850555411301808,0.740747270073244
2014-10-08,AMAT,20.64,21.18,20.38,21.15,16941879,2.350964155715652,2.3018400266783674,-0.769551643710913,-1.123847471763314,-0.344066530696225,-0.2014248102452656,0.6481656432846955,0.5643532519666872,-0.9684421000202198,0.8851207905164844,-0.0010458439714653,-0.8329070695946678,-0.728750954138216,1.840515349912824,1.5610490231593563
2014-10-09,AMAT,20.99,21.26,20.7,20.87,17546488,-0.8572159248295647,-0.8499530193133019,-0.9878791623839768,-1.220234368029905,-0.3416136708664301,-0.1558569769923044,0.5473254436322917,0.4224864309178396,-1.4868965749977094,0.9272057606732952,-0.0014330942155273,-1.1441126291021937,2.351126502849457,-0.4582467185180663,0.6449425659827951
2014-10-10,AMAT,20.59,20.59,19.5,19.83,33135379,-3.13545694379543,-3.189755558242151,-2.113728818143594,-1.3776954120514224,-0.3779391104125373,-0.2192173854300034,0.7841164616032441,0.7067716886760602,-1.7941934210268162,3.1113039284048227,-0.0016287194744243,-1.541153976767122,-0.8578905052449488,-2.8150177029652026,2.989691554052472
2014-10-13,AMAT,19.78,19.85,18.83,18.915,36073318,-2.905719407206982,-2.9497610559378264,-3.062541409067939,-1.55994242659417,-0.4393690516581892,-0.3345242673904528,1.287430789345721,0.9703337402815552,-2.255564602320463,3.089108158055483,-0.0017308382603264,-1.8087596708253169,-3.136725855770949,-3.3302747997831488,2.902869931121726
2014-10-14,AMAT,19.31,19.6,19.05,19.335,20061021,1.349418746766068,1.3350120721838,-2.374219008412671,-1.4943622755822294,-0.467826682772301,-0.3418996142858613,1.4824162714207394,1.033617509581274,-2.16004189330533,0.698218047941207,-0.0009133162123416,-1.4503113407288206,-2.906928386863047,0.0714977748321924,0.7793754819392399
2014-10-15,AMAT,19.09,19.49,18.63,19.43,30272357,0.2729007018339956,0.278694819511037,-2.0832824550173874,-1.2892660284779016,-0.4827718222079368,-0.3130189708341361,1.5660326753587008,1.039135828866622,-2.140297034266069,1.8360981246981705,-0.0007983864933534,-1.2318900306820877,1.349319817748451,1.3192888422601123,2.097463483661361
2014-10-16,AMAT,19.09,19.95,19.05,19.87,17523746,1.3768617284035027,1.3617059332900234,-1.3709513886575135,-1.1422411938523511,-0.473536975670373,-0.2276755884268954,1.4611903573616165,1.1438786743435814,-1.9415601437424943,0.1434999791530731,-0.0010209996994711,-0.8747130156699506,0.2725209383287926,3.0606605274673893,2.183551451232031
2014-10-17,AMAT,20.0,20.34,19.79,19.88,17455290,-0.0016633618747715,0.006373696850351,-1.1973371278416065,-1.1422411938523536,-0.4621930034144922,-0.1539720292099426,1.3016077899373004,1.1482411596701394,-1.9064165157425423,0.0888264665945814,-0.0010382031346189,-0.7761892422168643,1.3767699585187234,-0.4796272618174215,0.7143839748181344
2014-10-20,AMAT,19.73,20.135,19.65,20.07,10231144,0.5620254420956806,0.564168856139638,-0.8416829571894313,-0.9672879519865648,-0.4423225742766539,-0.0730622286018964,1.2127396675611637,1.10729067900069,-1.419247578668965,-0.7976286694323012,-0.0011310676498712,-0.4897849323667028,-0.002114751729857,1.2756402131879674,0.4226430512610047
2014-10-21,AMAT,20.15,20.78,20.09,20.78,18140091,2.169455707022577,2.127739735045429,0.1157788200391203,-0.2790343406176833,-0.3957666069725367,0.0603537277432699,1.1304247841898345,1.309153890266054,-0.744618285385057,0.1367249997217349,-0.0010524207612716,0.2457776628162761,0.5617211034276758,2.3358484442370315,1.1760097296948613
2014-10-22,AMAT,20.87,20.97,20.41,20.49,14909329,-0.9018521967854772,-0.8949564075648929,-0.1602625112824794,-0.2094880441231374,-0.3677408523825965,0.119390044283594,0.9578590314725244,1.28266898539955,-1.1505929693832049,-0.2894589040520255,-0.0013890710642916,-0.024552737308757,2.16957070350358,-1.4019599797467304,0.6864155408956809
2014-10-23,AMAT,20.6,21.19,20.6,20.895,19158545,1.1975801007708584,1.1871098672458251,0.3978017970612618,-0.1121715455471999,-0.3275119948903017,0.1980296743147925,0.8775074429021961,1.304034837640099,-0.5873852692749084,0.1466220543530634,-0.0010441618219422,0.4533549456983759,-0.902538421598855,1.0556143531424185,0.7619236193827004
2014-10-24,AMAT,20.99,21.53,20.9,20.99,19804212,0.2500627539028292,0.2560890504897148,0.5687731891543525,0.0057713285049844,-0.2902419616329656,0.2533254156939885,0.7438521060651967,1.287987946676727,-0.6741426414679468,0.1441194870798073,-0.0010511732072176,0.5702810986142313,1.197441561150758,-0.0263165508545973,0.9100930261999028
2014-10-27,AMAT,20.88,21.23,20.795,21.04,10460871,0.1153080005371052,0.1225359783138415,0.6798738175334514,0.156130023516762,-0.2574656462336196,0.2859952563885024,0.597753731972234,1.2895924420508786,-0.6468999454839864,-0.8988028680770074,-0.0011480685089806,0.6539116151416612,0.2496770325937279,0.5526243316011124,0.1317404422381282
2014-10-28,AMAT,21.14,21.25,20.99,21.245,10944348,0.5736055580513724,0.5755753839783663,0.9678153521285836,-0.1345872374389938,-0.222552963555705,0.3176301015424088,0.5129290422198008,1.302028837059812,-0.4155375963669322,-0.8505492918723779,-0.0011469596089279,0.9594601952772293,0.1148871253517736,0.3489406602073414,-0.5713839883748824
2014-10-29,AMAT,21.05,21.51,21.05,21.475,11025296,0.6410142475895305,0.6419319187357343,1.2288938936613691,0.1608766863380625,-0.1853916758475196,0.3487258483045804,0.6067112397453583,1.179667812002583,0.1933805408379565,-0.8243561315691954,-0.0011494682765929,1.3798339299310465,0.5733042403229103,1.4990757861145154,0.1938586489607523
2014-10-30,AMAT,21.36,21.46,20.95,21.34,13317895,-0.4243736943815364,-0.4152390184873737,1.0011630928153727,0.8728410018832315,-0.1610932546651499,0.3404936487061665,0.6905124305828885,1.1133249737204505,0.411972885155893,-0.5223527283574986,-0.0013516767909113,1.225087548015618,0.640730514967862,-0.0970579227276951,0.4004210949618091
2014-10-31,AMAT,21.71,22.35,21.71,22.09,18062928,2.155079314208552,2.113929160466239,1.8698394593241012,2.1351945381498103,-0.1127166700238032,0.3958846672745218,0.9363451887624328,1.2629778275868415,0.7884942098705253,-0.019661769599944,-0.0010888765907284,1.2105434834469042,-0.4249353579474859,1.2961006928569891,0.8232596162939279
2014-11-03,AMAT,22.19,22.46,22.11,22.21,11646149,0.3052096835136962,0.3106612456897472,1.9123600904453415,2.0850826205491044,-0.0705382214922393,0.4242435864811539,1.1730599712459846,1.2471673235894885,0.9803553184681068,-0.7450447533657156,-0.0011487338071011,1.2258956231170053,2.155190560276889,0.0417787940399212,-0.2779830291133115
2014-11-04,AMAT,22.14,22.283,21.905,22.08,12057951,-0.3974059878880482,-0.3882554311667432,1.6307252641483223,1.887600022867789,-0.0434233119111411,0.4081574319009879,1.3267506158409927,1.2271453063669224,1.0654145415174765,-0.6857129577425257,-0.0013368199769864,1.1130643959975453,0.3048383485493405,-0.2310639361133315,-0.1645646248086881
2014-11-05,AMAT,22.28,22.64,22.005,22.61,10383782,1.4614224295138114,1.443886061933193,2.2019829120829044,1.9079334187883528,-0.0027406141501006,0.4302117614477737,1.5784310333402796,1.1089613264656573,0.846346326730491,-0.8525507780045289,-0.0011588196449089,1.4180095636334649,-0.3979606163076105,1.0927179690266855,0.7492973110152459
2014-11-06,AMAT,22.58,22.75,22.39,22.59,11774263,-0.0880672836519483,-0.0795727412527789,2.059032680576003,1.8796014210867595,0.026709573281565,0.418942936860735,1.7922624423868452,1.0666882917148182,1.0429142899395274,-0.6704604966661324,-0.0013350405395279,1.3137843235543427,1.4613527192324711,0.0071430528480075,-0.2631827165431331
2014-11-07,AMAT,22.65,22.65,22.14,22.43,8217350,-0.4739560253346788,-0.4648812549585929,1.682897848214728,1.626550429039152,0.0415767475485812,0.3723914523462569,1.845357224406477,0.5715751516459906,1.7581422508764009,-1.011160051862512,-0.0013093654613185,1.184689894915799,-0.0885412139569704,-0.7601528747090488,0.303630990577946
2014-11-10,AMAT,22.43,22.96,22.36,22.63,10653851,0.5221358115945633,0.5248610846068036,1.6847450087755431,1.4528328947461076,0.0588556256525221,0.3413579488943651,1.658857034579893,-0.0570306522828846,2.7170343619781057,-0.5898660080571185,-0.0011541612591007,1.1895346627342192,-0.4745306235918506,0.6473507265459358,0.6183321103115551
2014-11-11,AMAT,22.69,22.78,22.411,22.54,8119098,-0.2805976062365016,-0.2715138524969749,1.3633324376300218,1.7469503937363038,0.066544036360093,0.2918454481508016,1.4902660321948649,-0.0660143983428236,2.266988589789645,-0.8893075498040872,-0.0013081027685815,1.1204408201545832,0.5218210667991419,-0.5257774487863148,-0.2269593451705763
2014-11-12,AMAT,22.6,22.74,22.31,22.49,9910155,-0.1711017162961075,-0.1622800972665521,1.1048189114751146,1.5106550200350797,0.0681872162264568,0.2366751274370069,1.2613952140147102,-0.0433501085187503,2.145484528728806,-0.5257214329481152,-0.0013244547244956,1.043296828254784,-0.2811217625035894,-0.3940464786268067,0.0021207184759487
2014-11-13,AMAT,22.87,22.98,22.5,22.62,13873351,0.3268770060730334,0.332089599374597,1.0879285784963422,1.5262395512224585,0.072078662421183,0.1983258696921358,1.1077429826410412,-0.1057172983423689,1.8651355905707871,0.1113775463130249,-0.0011247986207566,1.0835077751720767,-0.1715973080423413,-0.852199641808577,0.1771823963682454
2014-11-14,AMAT,22.21,22.98,22.07,22.82,14877153,0.5174729003486351,0.5202645604960643,1.1436631663504349,1.5888418205683612,0.0804107232049805,0.179076529005037,0.9183302201747108,-0.1149824392959828,2.0044775565205786,0.2904835099551867,-0.0011214203032623,1.2831583179614148,0.3265113235280281,2.0487212225756903,1.7320845937937142
2014-11-17,AMAT,22.69,22.79,22.27,22.48,11374089,-0.9605916937754768,-0.954228903968958,0.5846418186338338,0.990527309454194,0.0711170937400567,0.1183088331746254,0.6604702557762309,-0.0022234509601897,1.5960798185582077,-0.2671473860169298,-0.0013315551282232,0.8677608391405516,0.517156939125587,-0.7255618079589946,0.3364895691547401
2014-11-18,AMAT,22.48,22.85,22.35,22.68,9718560,0.5209010877185716,0.52364397304556,0.7069317405656673,0.9731765054714988,0.0691299250888713,0.0885013808669473,0.5733471155706225,-0.2396039329477396,1.175374064957335,-0.4747155417573866,-0.0011642836446188,1.0548419968494036,-0.9612932421374154,0.6458523562670199,0.2459966293475853
2014-11-19,AMAT,22.72,22.75,22.53,22.59,9928981,-0.2800517474111376,-0.2709688222299894,0.4713440862451907,1.034600408054145,0.0616067686870267,0.0504058818505069,0.3439467049006218,-0.318614087418574,1.337733103411337,-0.4081785896618668,-0.0013206300531695,0.8981599288304596,0.5205860208170334,-0.458611096227002,-0.7796820645311882
2014-11-20,AMAT,22.45,22.7,22.37,22.63,9402409,0.0772439525190493,0.0847591311368838,0.4137100432709616,0.5027742576413268,0.0548899612503404,0.0220050109926852,0.187674872307124,-0.386987631140912,1.0520092151265992,-0.4307762545560121,-0.0011667884146415,0.9104011603828732,-0.2805757612783982,0.5794438646859188,-0.3760130930163811
2014-11-21,AMAT,22.92,22.97,22.63,22.855,9890312,0.586007864910313,0.5877894479242282,0.5667279768679336,0.6012098260510201,0.056079273175944,0.0196345294441587,0.0392385225894393,-0.3767957547454335,1.137449913160164,-0.2724833254559943,-0.0011649752781136,1.2527081836893108,0.0768131474514729,-0.2405777216849049,-0.3515123859555961
2014-11-24,AMAT,22.84,23.24,22.72,23.24,13508835,1.0157610970468618,1.0095384664477622,0.8858166964929968,1.095908791944566,0.0696744260793195,0.0496705653203432,-0.0796377072647521,-0.3334986642213747,1.3681888744482036,0.343483119022202,-0.0011394280804255,1.442878752192886,0.5857097826087981,1.2968320509049434,0.2734457552846318
2014-11-25,AMAT,23.11,23.24,23.05,23.225,8721475,-0.0731798021944922,-0.0647555750559761,0.7483003579267218,0.6557832644599813,0.0772714711240023,0.0582603676481349,-0.199436105967401,-0.3320050508372676,1.2012859613868772,-0.4875603266412923,-0.0013069957454413,1.421104637318813,1.0155751257585377,0.3496443013069866,-0.9095256957922824
2014-11-26,AMAT,23.3,23.91,23.3,23.87,14856414,1.6960215753157009,1.6713112910568997,1.3536441188625956,1.1725261376346428,0.1057612758824871,0.1189098133528744,-0.1142858818832839,-0.1927520399310835,1.4704409127516402,0.5633324079091668,-0.0011306037507074,1.3979573800652858,-0.0736498487576242,1.821946004573212,0.5384592632909784
2014-11-28,AMAT,23.7,24.15,23.61,24.05,9712428,0.4364822455844219,0.4403725072679962,1.3962294248159324,1.5218267269794457,0.1322035648013399,0.1621590993926507,-0.1026409676726581,-0.231896337221568,1.6975909600670105,-0.3124139704242534,-0.0011722652689013,1.306641803937049,1.6960130656163757,1.089427111852771,0.2799469512580241
2014-12-01,AMAT,24.04,24.05,23.7,23.74,10257783,-0.8354904972953339,-0.8280607376450108,0.9393131603086446,0.938772081904246,0.1376758426994674,0.1427820808477965,-0.0465347586110499,-0.4106658581602013,0.9295265226846716,-0.1499503895626832,-0.0013152660795978,0.8357899190742114,0.4361451560866208,-0.9691424887972376,-0.362625469214192
2014-12-02,AMAT,23.71,23.95,23.625,23.87,10582586,0.3079283408916626,0.3133503259110097,0.9893353700655582,1.143907932833565,0.1437754012954563,0.1288950757298124,0.0246346823219709,-0.4106166550195364,0.9302120282450388,-0.0804277475050326,-0.0011658445267668,1.0282815003069656,-0.8361594101333487,0.4835225729613123,-0.4566033608185685
2014-12-03,AMAT,23.96,24.68,23.95,24.585,17468379,1.831876047919544,1.8026304727725768,1.6554692702428309,1.523276796185514,0.1730575814703677,0.1774571404996605,0.2302641292382884,-0.2503121675163031,1.4987280567836387,1.1187960760739415,-0.001119250391837,1.3248237069379205,0.3075577151516021,1.9444624860942248,0.8833080788209199
2014-12-04,AMAT,24.62,24.85,24.29,24.4,10152666,-0.5014823939663716,-0.4924580723463504,1.336945223952018,1.2439616275239933,0.185152664218603,0.1720674994085442,0.3841172165874706,-0.315595142126558,0.9952352854852472,-0.2039650794428303,-0.0013114071061928,0.90479181267881,1.831902978983501,-0.7014340461959293,0.3214171309571719
2014-12-05,AMAT,24.62,25.09,24.26,25.04,19265186,1.6000016618290516,1.5783285754851777,1.9137055070768016,1.406381283743641,0.2157426216185483,0.2153612755070015,0.6600387098431181,-0.1903290634236593,1.425353786007986,1.33427266186772,-0.0011090416356533,1.387842634023308,-0.5020641731097963,1.2625441220697438,1.1711726298934475
2014-12-08,AMAT,25.12,25.25,24.04,24.24,18680074,-2.022070723517469,-2.035234587802647,0.9040290549809592,0.9482191276707256,0.2044479899677536,0.1421860851962482,0.667211598886232,0.1117587813294548,1.0176614643841533,1.089416532704551,-0.0013663608054312,0.3870852450177527,1.599968103127223,-2.6730351392787157,2.568842748357772
2014-12-09,AMAT,24.13,24.56,23.94,24.415,13242220,0.4164741121566847,0.42061988589595,0.9962252658004256,0.9382455974207012,0.1984009658158433,0.0971531843142299,0.7030721737362124,0.1085062704841123,0.9909627714642268,0.1535891471209338,-0.0011509648358431,0.5700197635877019,-2.023049183094044,0.8660273683635534,0.5250526185391805
2014-12-10,AMAT,24.36,24.36,23.65,23.78,10681134,-1.6522405161869516,-1.6564550141812218,0.2142233288357379,0.5012107747096256,0.1650194490415948,-0.0092316498485096,0.6372734208272115,0.2887596736592862,0.6404787469482749,-0.2899304124085205,-0.0013143412205586,-0.0937712037946807,0.4161318030771727,-1.8251685784848315,0.8969860249531646
2014-12-11,AMAT,23.87,24.265,23.71,23.79,7741559,-0.0068152030607091,0.0012524764405581,0.1519955536324577,0.4878075663513142,0.1356975363698528,-0.0838901661033725,0.547809365539148,0.2845010960904273,0.6814565484570991,-0.7614302797812031,-0.0011894149216482,-0.0833178027335431,-1.6531224970493443,-0.2795273934535812,0.352945829221575
2014-12-12,AMAT,23.65,24.23,23.5,23.66,14273730,-0.3732038982351892,-0.36404909771141,-0.0510212048674496,0.2896886493558713,0.1044433793915263,-0.1485905426895688,0.4629689550584092,0.2965092460272055,0.5077667063027815,0.3170926473654686,-0.0013391196096856,-0.2192120165283609,-0.0072679368920394,0.0056292356826042,0.9800551023928518
2014-12-15,AMAT,23.82,24.05,23.27,23.39,14971299,-0.7434639265942271,-0.7354131333186805,-0.3826907740303977,-0.0976769648536397,0.0665845298579782,-0.217351208898425,0.4071706237018077,0.3235619390182385,0.1993649970642576,0.4315383865306962,-0.001347470612061,-0.6319459658081327,-0.3737522129831154,-1.3901816901913775,1.187892438169048
2014-12-16,AMAT,23.17,24.27,23.12,23.85,25505210,1.191403155295724,1.1810855750026097,0.051706181070219,0.1594487319512776,0.052384710841679,-0.2114618045952187,0.2701727653430824,0.3258024198483394,0.7275663260934647,1.9429935447956637,-0.0010572345505558,-0.1618985417448687,-0.7441088321850352,2.19099954362618,2.427208092046924
2014-12-17,AMAT,23.8,24.49,23.605,24.455,17430541,1.546295893495035,1.526260612942367,0.6207462124060813,0.1396358146351741,0.0625245249243561,-0.1441004845533084,0.2014511672071906,0.4181577716367566,0.9819333410743556,0.6017624376181859,-0.0011238941269861,0.5252661402946952,1.191263004277352,2.052944763435642,1.4246916533088152
2014-12-18,AMAT,24.87,25.02,24.58,25.01,18581776,1.379934270246651,1.3646938866477802,1.0934906778604088,0.3143098604797083,0.0896729420167999,-0.046431577169197,0.1706415744855928,0.4689846357583335,1.4058497361828326,0.6877442032005726,-0.0011212467692305,1.16586362407268,1.546248324408521,0.398985014182228,-0.1251112623485712
2014-12-19,AMAT,25.03,25.15,24.795,24.89,14802693,-0.3317151354079357,-0.3225750638124927,0.833171552789396,0.43501794344404,0.1035754890283771,-0.0023910928275014,0.0652454629018089,0.4860262497612147,1.2992310446065929,0.0902013778964937,-0.0013354112280011,0.986120983689338,1.3798433019050675,-0.4488994482763253,-0.402653548629854
2014-12-22,AMAT,24.92,25.47,24.92,25.4,17583841,1.2426809004707864,1.2310783185032332,1.2441926893188675,0.5869132682634629,0.1314532779969411,0.0688133268647258,0.0826837994373392,0.5271102588300542,1.4679318677964917,0.4234941391840336,-0.0011287839222761,1.3582632221488953,-0.3322526268580044,1.4289345276777214,0.2133010042315524
2014-12-23,AMAT,25.49,25.71,25.29,25.4,9841676,-0.0329960430517004,-0.0247793014886723,1.1212460824267982,0.2823184622900233,0.1501199970219484,0.1020677271488176,0.1310499980713509,0.5049931492381069,1.197537979702593,-0.6452313499124396,-0.0012427088046935,1.0554741369270288,1.242554126431424,-0.2930745212132594,-0.2132466997157089
2014-12-24,AMAT,25.4,25.48,25.25,25.25,2878423,-0.400661618830706,-0.39151235522846,0.8453267411399397,0.3059588080039943,0.1555212696681661,0.0945262167566422,0.0963082524159129,0.5207829517368752,1.1130510491951786,-1.6264751022510815,-0.0012606226144225,0.852483575658697,-0.0334556067571959,-0.4724885104636683,-0.8321794381470544
2014-12-26,AMAT,25.45,25.47,25.16,25.19,4057682,-0.1809359341374314,-0.1720828988630468,0.7073011507697152,-0.0903392068049104,0.1539694753522006,0.070595933776615,0.131191929780329,0.4123449865423107,0.6446824706561866,-1.4315716063080173,-0.0012681257704293,0.7754755091542392,-0.4012170965564661,-0.7981619002346391,-0.5656920465690308
2014-12-29,AMAT,25.02,25.4,25.02,25.31,5894399,0.2635884944564136,0.2694782799629982,0.7662747072560434,0.640655401820462,0.1539910897106462,0.0555016342349022,0.1848929884669133,0.4085413268182514,0.6019638982334469,-1.141375410946989,-0.0012054455349268,0.9294916421631548,-0.1814340913655363,0.849383596888658,-0.3400585296404134
2014-12-30,AMAT,25.03,25.31,25.02,25.22,6554342,-0.2543798192220714,-0.2453412786528068,0.5883307647203591,0.4494633792014135,0.1470746873519962,0.0255678590070163,0.168063960536446,0.3659878709475423,0.7481124895097023,-1.0260014548215353,-0.0012835951350724,0.813979542406466,0.2632063016477731,0.5471888099320241,-0.6330031543047167
2014-12-31,AMAT,25.31,25.35,24.83,24.92,7006526,-0.7735753947397764,-0.7657125495633216,0.2108926001473447,0.8047678945905506,0.1266308383167202,-0.0331985760511374,0.1248393564087696,0.4081654858326044,0.4785589528534243,-0.9405854955113432,-0.0012870694163716,0.4289392098841726,-0.2548971359765133,-1.190488665140773,0.1477309472598026
2015-01-02,AMAT,24.99,25.16,24.6,24.96,6910202,0.0669366014082893,0.0745255841009463,0.233285725909382,0.8219466302542002,0.10904996605749,-0.0728424711611624,0.1352355417198091,0.2389617326022601,0.0565399739957989,-0.909052088032778,-0.0011982473731167,0.4802779208871447,-0.7742281555994924,-0.1170149724157786,0.2785030694305986
2015-01-05,AMAT,24.75,24.9,24.145,24.16,11419766,-2.0284459628779308,-2.041784458527628,-0.6066820711345576,0.1720882228434324,0.0612305266174434,-0.1823911386273041,0.1525060060321677,0.4441293290279458,-0.3119348138276953,-0.1778531526537956,-0.0013150269763893,-0.546496299172314,0.0665031074311482,-1.8273490051849943,1.013077949132701
2015-01-06,AMAT,24.13,24.3,23.23,23.25,19686034,-2.377980071350806,-2.401957592440334,-1.4864406729616535,-0.2763847686608854,-0.0140149317222472,-0.3406241731195379,0.3049123847930219,0.538339535696509,-1.2173540917987105,1.167668233788177,-0.0013707103858182,-1.7144519744899476,-2.029426085582298,-2.7816240908966026,2.244147897086246
2015-01-07,AMAT,23.37,23.54,23.09,23.465,15710318,0.5427234434942949,0.5451515264924685,-1.2166460726949202,-0.4424812065386744,-0.0661199886408812,-0.4076476058086326,0.3989303690901986,0.3945414983248911,-0.6370345353858844,0.5501048985242668,-0.0011356187292868,-1.4055134430584115,-2.379051378065241,0.2808045270334885,0.0069452947132281
2015-01-08,AMAT,23.69,24.32,23.67,24.215,16696854,1.956926314669745,1.92326045198062,-0.4022303782349191,-0.3420514847579863,-0.0786859952869199,-0.3594935172077858,0.4055919029473969,0.5921703329498403,-0.2877845435555117,0.6746440325058823,-0.0011331225723612,-0.4539347586760184,0.5424140694560868,1.6480054081680564,0.6457836148428179
2015-01-09,AMAT,24.1,24.34,23.9,24.24,8737159,0.0312802706986283,0.0391115130677345,-0.3998230536141114,-0.7436941668814907,-0.088338582832142,-0.3134711557149953,0.3648790537834695,0.4575544538712939,0.1166194665376155,-0.6102618221086284,-0.0011875426460901,-0.4222154691966072,1.9569858679714347,0.4125734874219827,-0.0785360260141586
2015-01-12,AMAT,24.27,24.28,23.52,23.66,12581526,-1.522668557456628,-1.5242938450901111,-1.0143835552406923,-0.9854930074100452,-0.1191373917151191,-0.3310832762200799,0.3832051535145631,0.5729628898325404,-0.2477313186655514,-0.0191115161506652,-0.0013205998888334,-1.158102985118989,0.0308374749476701,-1.925228332802957,1.085728211960391
2015-01-13,AMAT,23.9,24.275,23.21,23.33,14419272,-0.901345678492571,-0.8944455398223922,-1.3511177275236894,-1.584658614625603,-0.1564259860255991,-0.3618775685953806,0.4414313399794923,0.6028525356204877,-0.3723189336964885,0.2753468479937653,-0.0013345549588692,-1.5767976062472442,-1.5235167364939544,-1.828179209493424,2.213134522078597
2015-01-14,AMAT,23.01,23.32,22.85,23.02,21954658,-0.8602567213439957,-0.853017787163575,-1.664828406043838,-1.687378669585292,-0.1975960861467306,-0.3965039316336092,0.5215707816154947,0.6110786531756164,-0.3997994517131265,1.392034725858653,-0.0013873394091591,-1.6837115749820493,-0.902031771169004,0.0065177755949701,0.1102488121731866
2015-01-15,AMAT,23.57,23.72,23.24,23.325,26527390,0.7918823860128754,0.7901880271549084,-1.310674990497132,-1.3620702829682163,-0.2174101901627192,-0.3692350557248106,0.5968766722079657,0.5695569940822202,-0.4907657755882919,2.0913730181720718,-0.0010583466244557,-1.329209697737308,-0.8609320950210766,-0.8116448225692872,0.123729151485771
2015-01-16,AMAT,23.21,23.51,22.88,23.47,16733221,0.3540314140670001,0.3589340547779358,-1.1040042870639653,-1.2190366408745146,-0.2264917279715592,-0.3197945143375693,0.6701431508231317,0.4414435015914463,-0.7590226980492177,0.571504190848109,-0.0011336590955843,-1.1606760183914475,0.7916380108144722,0.8200196896332124,0.6457762827084805
2015-01-20,AMAT,23.58,23.77,23.305,23.63,13686011,0.3914302884256104,0.3958869987238386,-0.8596194379452348,-1.1869684621979026,-0.226477459754647,-0.2568296330982909,0.6826231469784767,0.3306668590164573,-0.977850333771643,0.1364530291780367,-0.0011568897385312,-0.9747078204925668,0.3536728153737617,0.1338865559318129,0.0486887762848521
2015-01-21,AMAT,23.75,24.5,23.64,24.32,13106662,1.7849491907197437,1.7573016759187272,-0.0840452104822775,-0.6659279638631442,-0.1987162297357894,-0.1350375260819326,0.6581957975818071,0.5226121500686901,-0.503810144789371,0.0581976950660844,-0.0011629877683474,-0.1727199670536415,0.3910814460887714,1.7869262929966847,1.3557624025822483
2015-01-22,AMAT,24.3,24.63,23.765,24.62,12543536,0.734989616881429,0.7343219462818688,0.2829398638619819,-0.347970179446267,-0.1647060763617293,-0.0215192193253662,0.5687394900971459,0.4665420440115796,-0.6184812262603333,0.0089352958032746,-0.0011685433990695,0.1759704040067606,1.7849638798338725,0.9686040767729928,1.3367769600759414
2015-01-23,AMAT,24.52,24.52,23.965,24.11,13218578,-1.322662944931272,-1.3208437497677044,-0.1994724961465682,-0.6043225446049277,-0.1577024009365461,-0.0002187832543948,0.4564296061084268,0.5345269243512197,-0.9133686378490596,0.0902400119528488,-0.0013188312308734,-0.288729120923548,0.7347303998958942,-1.2896212782523435,0.3271405072631456
2015-01-26,AMAT,24.11,24.3,23.81,24.24,7787734,0.3026964030210963,0.3081752040997818,-0.0033380148604573,-0.1450150364577827,-0.1470368956326242,0.026247052673263,0.3539859276800716,0.5427760543220213,-0.7549389304464904,-0.8108927736314656,-0.0011965964249555,-0.1177102901942409,-1.3234589479052503,0.3810551650666399,0.093371686607398
2015-01-27,AMAT,23.86,23.99,23.4,23.57,13425227,-1.7538246372780757,-1.76026671001831,-0.6456630626063841,-0.0048407370963847,-0.1647496861575111,-0.0256255235265202,0.2716107825708239,0.6606730914360621,-1.1119870814997528,0.0066397790172886,-0.001320902438316,-0.9427103511481982,0.3023244124097288,-0.9445905532240966,0.4948494952185936
2015-01-28,AMAT,23.78,24.2,23.35,23.375,10842963,-0.5480710244782121,-0.5391600919867562,-0.7554297977414689,-0.2409867366895282,-0.1860134407592052,-0.0762637048915683,0.1453387930167719,0.6525071832305368,-1.2902929638570355,-0.4182419707094691,-0.0013076932865426,-1.1832246623866862,-1.7547331186944797,-1.3130479633857353,1.4392527966954043
2015-01-29,AMAT,23.37,23.72,23.06,23.62,8518901,0.6195480932970365,0.6208085372455312,-0.4002930279702608,-0.570517563047735,-0.1926978290801968,-0.0792472121552596,-0.0307494194670194,0.6877410008143406,-1.099216808132566,-0.7759962857058619,-0.0011904288269221,-0.8574548717173204,-0.5486649573372561,0.7818968120087963,0.7374215301851456
2015-01-30,AMAT,23.39,23.72,22.79,22.84,13074459,-2.08893462259832,-2.10396453033608,-1.1478839710414497,-0.960014151381435,-0.2277632732514399,-0.154686367155803,-0.0530755118298888,0.8275792853934367,-1.3933205692212254,-0.1403473232183839,-0.0013214624284577,-1.811172373067276,0.619258760735386,-1.802865581990065,1.8021524139233556
2015-02-02,AMAT,22.92,23.0,22.29,22.855,14152322,0.0078914596837953,0.0158706066741075,-1.0190982108717863,-0.6846776165631712,-0.2537338102139399,-0.1916275565662613,-0.1480361010248989,0.8258568710840741,-1.4060661618966326,-0.0357911862513544,-0.0011549730475428,-1.161700268523549,-2.08993052516057,-0.2405777216849049,0.9976942585074954
2015-02-03,AMAT,22.87,23.47,22.8301,23.45,11810761,1.587810446191536,1.5665129829425448,-0.3201741261451571,-0.1189776127286052,-0.2497166097747803,-0.1439925882501179,-0.1758465157897268,0.8206009438161096,-0.5990767079091357,-0.3703932311473491,-0.0011717330690608,-0.2334179205345251,0.0074425624236357,1.8897322201586293,0.6828686711296664
2015-02-04,AMAT,23.46,23.845,23.44,23.62,14635941,0.4183415422258418,0.4224637347647433,-0.1518832637772006,0.171058668232203,-0.2387860549957484,-0.088089758537107,-0.1974943729644931,0.5779075006079694,0.0662444834822237,0.0673834562702236,-0.0011569486452192,0.008082447570274,1.5877737071307598,0.4889556412031698,-0.1623210212596977
2015-02-05,AMAT,23.63,24.05,23.37,23.96,13207026,0.8631823121352937,0.8601301779807005,0.1976478374593491,0.1893645448020222,-0.2159494065742336,-0.0127214146897684,-0.1918846286751732,0.5986621271672717,0.1423394581958683,-0.1215953836001306,-0.0011676411512212,0.491083183779867,0.4179997203084067,1.028786669752904,0.7739425542380296
2015-02-06,AMAT,24.06,24.67,23.93,24.235,16898677,0.681568243764204,0.6818186895753602,0.5013880668625854,0.2551471824629122,-0.1865738324783645,0.0644043425088007,-0.1889351852433954,0.4320564129898072,-0.1553468241557024,0.4140353580211217,-0.0011491877259387,0.8353077569040243,0.8629565371622299,0.5232080710523982,0.9534351587613406
2015-02-09,AMAT,24.0,24.05,23.48,23.51,11718188,-1.8954708599062169,-1.9053101747531664,-0.2620952226640111,-0.2516808362221467,-0.1913170661463762,0.0382837244255752,-0.2312320139167999,0.5979584453631633,-0.6097699013790634,-0.3576684195945004,-0.0013054457924299,-0.1773105685774034,0.6812950905850157,-1.5688321645475227,0.4292754085303586
2015-02-10,AMAT,23.7,24.31,23.48,24.28,11140088,2.006080472214371,1.9706128323844392,0.5575292556771507,-0.2095955445963097,-0.1645713412262442,0.0984392672945701,-0.1787180755862264,0.6886496080590321,0.2173776868624068,-0.4326006693082727,-0.0011816874316652,0.8981599288304604,-1.896416292997084,1.8226300902033248,1.2576428671464437
2015-02-11,AMAT,24.27,24.35,23.99,24.26,14902181,-0.0842794347309239,-0.0758024464383872,0.4826070605660187,-0.383974222681707,-0.1441962097004052,0.13016590386017,-0.1557572713571735,0.6447770062876054,0.4179705878806423,0.1079384207109578,-0.0013225813707405,0.8702256301964907,2.0061528485084037,-0.0574462521980069,-0.3546087582373905
2015-02-12,AMAT,23.65,24.31,23.58,24.14,19818346,-0.3409500620059268,-0.3318043085762969,0.2868718430258615,-0.1714878686105214,-0.1329351923866878,0.1320876400266184,-0.2081501995196264,0.609459580980069,0.5470728096503489,0.8399431440149511,-0.0013520786424966,0.7026198383926662,-0.0847523768884497,1.5390269894680444,0.9289257768025942
2015-02-13,AMAT,24.07,24.53,23.94,24.12,12979016,-0.084576852909677,-0.0760984779803884,0.2203348212137925,-0.260563970693609,-0.1250524801973813,0.1249293297257667,-0.2253623707253329,0.5883209405200646,0.3330935483398902,-0.0585257585067298,-0.0013172734901225,0.6746855397586962,-0.3414899625989647,0.1306252546303862,0.447279206422311
2015-02-17,AMAT,23.99,24.315,23.89,24.13,12948675,-0.0071842530440067,0.0008856037047487,0.1945477878855075,0.1965201448339764,-0.1187392057411105,0.1151629757775177,-0.2321863639614227,0.5847926837560632,0.2455235906409731,-0.0343775091286721,-0.0011662645716419,0.6886526890756788,-0.0850498726555742,0.4145859052715323,-0.123447183095233
2015-02-18,AMAT,24.1,24.24,23.9,24.1,11429669,-0.110399322163062,-0.101805954042641,0.135408759127387,0.3301208346675766,-0.1152837792220944,0.0999938412251778,-0.2322507636546313,0.5804352222979925,0.1246380851419767,-0.2546469306464405,-0.0013083765875855,0.6467512411247264,-0.0076370831505118,-0.0263165508545973,-0.4155607399537148
2015-02-19,AMAT,24.01,25.39,24.01,24.93,29232446,2.1111604351150994,2.0717197269067094,1.0131022415663369,0.6322418044567747,-0.0806466507945938,0.1681196975147438,-0.1142709701859178,0.639987416835157,0.200894563699452,2.2636996773261107,-0.0010706870000211,0.9496131047014188,-0.1108790782938763,2.8686289863229244,3.0220088557810825
2015-02-20,AMAT,24.92,25.57,24.8,25.13,23555653,0.4664667527652057,0.4699623071924761,1.2033280029671087,1.4486971004278164,-0.0464856331251072,0.221394881651332,0.0032209861888946,0.6258692150867267,0.1367529550131082,1.2931320223018945,-0.0011121831928331,0.9969519605847456,2.111260223933869,0.610355796003288,0.9622957404321024
2015-02-23,AMAT,25.05,25.25,24.75,24.91,14203098,-0.5780325830312911,-0.5692131944523905,0.9163648402137796,1.2109786754559608,-0.0294279320384997,0.2199913865032862,0.1023283211104427,0.5530248895182664,0.3198411595642918,-0.0388562157108172,-0.0013178752408717,0.7739885647806771,0.4661374854156253,-0.4485620567414577,0.0815155063471006
2015-02-24,AMAT,24.99,25.39,24.89,25.36,13375057,1.0916975287813016,1.0837628335657237,1.3444549781762445,1.1573342659493708,0.0001031242450195,0.25097479193769,0.2838920375896878,0.5990198342735102,0.5111094966790992,-0.1919207151838646,-0.0011699540686997,1.2300500561980914,-0.5786343320518784,1.092297315066731,0.0518318418540437
2015-02-25,AMAT,25.24,25.39,24.91,25.1,11742682,-0.6712882256080995,-0.6628472372939359,0.9732944554339912,0.8322464240852095,0.0114461513652775,0.2289458423189026,0.3583937376763031,0.4529622041106433,0.7858714068022299,-0.408558579093051,-0.0013049523718217,0.9665478611569204,1.0915313672574265,-0.4453835049934874,0.0024455195650117
2015-02-26,AMAT,25.05,25.05,24.45,24.91,21342145,-0.5042720241166389,-0.4952535007378109,0.6802052351617798,0.4903990919247765,0.0111335321518167,0.1813212496083479,0.3547562734340888,0.449820290238744,0.7969659812241391,0.8247731206126121,-0.0013584309297632,0.7739885647806771,-0.6719143025075559,-0.4485620567414577,0.4160833870332933
2015-02-27,AMAT,24.88,25.25,24.74,25.05,13294331,0.3169086237407897,0.3222320793991073,0.7519984633258827,0.413599220627773,0.0145319128970819,0.1527736254502283,0.3821752388445318,0.4404414755094391,0.7216748627861478,-0.2850249535112101,-0.0011674872778333,0.9158743621105402,-0.5048545309992384,0.4899134924444395,0.1054361081159267
2015-03-02,AMAT,24.94,25.64,24.94,25.63,17091131,1.408507419989233,1.3924735012736935,1.2211347712425618,1.4376719056782477,0.037918182909896,0.1813840090145799,0.3313817060817964,0.2183021038606577,1.626545517720135,0.1880419755761675,-0.0011485562711967,1.4329558222303698,0.3165403407140205,2.063929309639555,0.6848603149821201
2015-03-03,AMAT,25.46,25.472,24.45,24.485,18989694,-2.814324678864116,-2.8545439252526075,-0.0990580156810263,-0.0456902660126961,0.0095831649802005,0.0711426110641136,0.0845810915473499,0.6992032949799377,0.8799558096349709,0.3978415396026151,-0.001343887713312,0.076485045745651,1.4084239056108268,-2.9195997610454225,1.8873102862392568
2015-03-04,AMAT,24.44,24.45,23.96,24.27,12448609,-0.579676788904034,-0.570862846289451,-0.3732570126159291,-0.1823100881397258,-0.022767689384048,-0.0273872011477197,-0.0299913471378616,0.6247478826419373,0.3460825643612936,-0.4465823174657129,-0.0013115457836752,-0.563345347497079,-2.815509816103584,-0.5518404247203927,0.0912892446003507
2015-03-05,AMAT,24.29,24.35,24.07,24.18,10047363,-0.2638663922429696,-0.2548102145896929,-0.4991962023058241,-0.1620834442947864,-0.0530327919773505,-0.1008423617641853,-0.1124910367452922,0.6241213462514031,0.1807223614755571,-0.7356923075666545,-0.0012996807390093,-0.695141091272332,-0.5802789668535332,-0.3684613169168313,-0.6262519143667035
2015-03-06,AMAT,24.11,24.21,23.65,23.91,18044122,-0.7281850473782543,-0.7200445558925296,-0.785417024161684,-0.3226296994355053,-0.0883221411081708,-0.1725388143544576,-0.1052056554846492,0.6154881208447001,-0.1981250079731809,0.269715935212876,-0.001347169458744,-1.2195444236291118,-0.2643861837881369,-0.6530422676565035,0.3606159224143066
2015-03-09,AMAT,23.8,24.19,23.8,24.09,9924301,0.4356968364859003,0.4395972469792407,-0.5852269971951075,-0.2135446939233523,-0.1096374979203597,-0.1939271607554196,-0.0922104789480898,0.6014608300626961,-0.255347784462587,-0.7427570965460615,-0.0011830081391618,-0.9425292955089046,-0.7288259671220665,0.8942724279914636,-0.2420945471136222
2015-03-10,AMAT,23.94,24.05,23.48,23.51,11622048,-1.5319442269112018,-1.533745499633478,-1.2059175802977224,-0.5139223514126342,-0.1493310814132044,-0.2583430769780959,-0.0922104789480898,0.5418478844917771,-0.1674769497128712,-0.5196393765273793,-0.0013111501649291,-1.835133597229572,0.4353595420960747,-1.3833452734528473,0.4292754085303586
2015-03-11,AMAT,23.64,23.83,23.435,23.455,16238713,-0.1786443655707114,-0.1697985122144561,-1.222486621300455,-1.1389263655630832,-0.1825449669399081,-0.2931971789368974,0.029317328097458,0.3176310202782325,-0.6665050943846564,0.0513033247099246,-0.0013407552810968,-1.8511514787875447,-1.5327948257202084,-0.6175636005452543,-0.1878005828149372
2015-03-12,AMAT,23.34,23.78,23.23,23.77,14311034,0.8031276752195498,0.8012244198011372,-0.8592962957313788,-1.0433870166787187,-0.1959080208860038,-0.2699847617398818,0.0788645948882882,0.3625093550121204,-0.4641137701575065,-0.193962832322167,-0.0011531368776316,-1.1364654283122868,-0.1791419249904589,1.3655972288798544,0.3370510500516779
2015-03-13,AMAT,23.98,24.32,23.93,24.24,14834869,1.198021105637064,1.1875399509719224,-0.3602868527309947,-0.5886054365326183,-0.1875355378298916,-0.1954679299074928,0.0727916754949389,0.4396217411177774,-0.1066378879136171,-0.0951683551391252,-0.001152761268284,-0.4881810620890633,0.8028862336134324,0.7928437553056221,-0.250443738635715
2015-03-16,AMAT,24.34,24.59,24.18,24.57,12944456,0.8145762496269734,0.8124583008546719,-0.0304789731935209,-0.6719089125050111,-0.1676761994663782,-0.1062874966221256,0.0588766432679312,0.4721609446420915,0.1065258398084044,-0.3433466779201752,-0.0011666871921324,-0.0330026772940306,1.1978826810632244,0.6876074666847677,-0.2006135909234371
2015-03-17,AMAT,24.4,24.49,24.145,24.205,12973613,-0.9578712439870386,-0.9514825154858858,-0.425668678558573,-0.7244300441973115,-0.1660839630327909,-0.0819623559003301,0.053487014585497,0.51929849632766,-0.1218287435845854,-0.3396536796235359,-0.0013168701982635,-0.5364575574461122,0.8143377946447611,-0.6301115552108139,-0.4034455090553094
2015-03-18,AMAT,24.07,24.4,23.5,24.365,23018282,0.3785423167819172,0.3831551888643509,-0.2683217664112119,-0.5170388454060352,-0.1583954587563013,-0.0468105548401686,0.0375619554817347,0.5258897639470281,-0.0059858450506218,0.8703060914624356,-0.0011075161869793,-0.315765007242461,-0.9585720826570906,0.8996401015067872,1.4871400130756665
2015-03-19,AMAT,24.37,24.37,23.97,24.08,9698597,-0.761234938479357,-0.7532932741446918,-0.5287687229691322,-0.7560580606892536,-0.1633319688572919,-0.0511856836649082,0.0360149685153161,0.3057443062799001,-0.6682217186895834,-0.7361688320766954,-0.0012970253716628,-0.7088736122927147,0.3781901123213038,-0.9253734936751355,-0.2069242446099209
2015-03-20,AMAT,24.24,24.31,24.1,24.12,17346628,0.0704226238894638,0.0779868347876421,-0.4323120015193801,-1.1776751297749894,-0.1654587971403809,-0.0474537140930129,-0.0030625392990532,0.287860464386085,-0.7577441607563978,0.344823498915202,-0.0011436204658649,-0.6537004747417983,-0.7618844800472768,-0.4003352892727581,-0.8657194026155571
2015-03-23,AMAT,24.14,24.46,23.96,23.97,11439927,-0.4201728931672445,-0.411034970181604,-0.5438701509701563,-0.6219158330767661,-0.172752425728002,-0.0577673934748828,-0.0114241698732906,0.2817505132528755,-0.7216863654993054,-0.4536978645957995,-0.0013058038346628,-0.8605997405577239,0.0699900393214513,-0.5583713759283355,0.1471170515796867
2015-03-24,AMAT,24.0,24.26,23.841,23.895,11834889,-0.2277959100685294,-0.2188145053908193,-0.5470393031999324,-0.5173429368213787,-0.1810929639600894,-0.0687130643830882,-0.1105200699407251,0.1908752332842404,-1.0158915807999689,-0.3900216471608309,-0.0013095006693167,-0.9640493734656844,-0.4207334608575958,-0.3568556109316552,-0.1299378349758052
2015-03-25,AMAT,23.88,23.9499,22.5,22.625,25737236,-3.341960580536304,-3.4062756126071907,-1.7940770916938846,-1.1970585452178213,-0.2366527059738787,-0.1990110187833276,0.1031690707903138,0.6688802490927148,-1.6156526492305072,1.3871091890813223,-0.001391542454122,-1.7489707176762606,-0.228306291798946,-3.9968982249077736,3.74948987434333
2015-03-26,AMAT,22.25,22.88,21.8,22.4,34670386,-0.6521367474574563,-0.64360649159575,-1.9114394404956605,-1.177675129774991,-0.28791643691135,-0.2921915237472543,0.3371606895928186,0.6720726013028053,-1.6473340067596234,2.383447764577724,-0.0014545625401179,-1.36189942002422,-3.343283363734217,0.4830213266317127,2.4268960942216795
2015-03-27,AMAT,22.51,22.95,22.31,22.83,20147094,1.1621359267870803,1.1525336679869511,-1.3264055162822497,-0.9705649905749788,-0.3097459728298603,-0.2909728164379329,0.3646083887433299,0.7554406658338529,-1.4690394219969385,0.4741852465789478,-0.0011094254955609,-0.9896603416126908,-0.6527578282534305,1.047720377237369,0.7449945352646005
2015-03-30,AMAT,22.98,23.09,22.62,22.77,19359227,-0.1966176921938194,-0.1877177715538284,-1.2420803966527985,-0.7044386899977977,-0.3273302554230582,-0.2790706416115241,0.1820274676874182,0.6124308244937952,-1.806319385235842,0.3588454784149084,-0.0013649111920654,-1.0031829346724797,1.1619881407391237,-0.7167375640703839,0.128930989481674
2015-03-31,AMAT,22.55,22.76,22.43,22.56,13746629,-0.6071808421163246,-0.5984645178026881,-1.3726548534555778,-0.7903677702538926,-0.3472241641517037,-0.2754938396637139,0.2743931897052408,0.3016531356603788,-1.3221270547896693,-0.30992549962612,-0.0013334792991985,-0.975790968598608,-0.1971199403691304,0.0071875667331875,-0.3722421818335346
2015-04-01,AMAT,22.53,22.67,22.175,22.39,16055288,-0.5021390561172224,-0.4931160880106139,-1.4621754663659283,-1.14796396344609,-0.3671446124836776,-0.2727007105875638,0.3964018204919423,0.2994120383074467,-1.3051247904413452,-0.0412088722104033,-0.0013523082662694,-1.1783396644284354,-0.6077901951305864,-0.4957905820337296,0.2511828132363995
2015-04-02,AMAT,22.48,22.605,22.2,22.27,9281092,-0.3666702056166629,-0.3575158813454415,-1.4949903231712638,-1.68113147758699,-0.3849134836308263,-0.264928084691477,0.5180620768433688,0.2998330720406256,-1.3275807371417505,-0.8835962237070251,-0.0013086699316727,-1.3213152144259632,-0.5027210065660698,-0.7320939033323008,-0.075695341764283
2015-04-06,AMAT,22.1,22.26,21.94,22.16,32215479,-0.3405121689988767,-0.3313666539142949,-1.5253499723981525,-2.1238264952634407,-0.4004050805662735,-0.2528483193560876,0.6542793967317911,0.2885984498859823,-1.2424021549448168,1.8152153791310777,-0.0014772397992618,-1.4523761352570286,-0.3672168159006209,0.1788014179068554,-0.3878457876408137
2015-04-07,AMAT,22.19,22.27,21.79,21.985,28793594,-0.5246547326839757,-0.5156824056235955,-1.6102342896996054,-2.068596902474613,-0.416464909553967,-0.2446471266083618,0.7765644201052374,0.2629679720371363,-1.4507972791485997,1.2225726473211254,-0.0014716777011335,-1.649797285320577,-0.3410519553574538,-0.7242938360234347,0.228262746440662
2015-04-08,AMAT,22.01,22.42,22.0,22.38,18046127,1.0855813875572764,1.0777878805965688,-1.104232262612912,-1.763317390196696,-0.4106098506173852,-0.1816776281494606,0.8424787887562556,0.2689508425250587,-0.8733808610580334,-0.033054449823553,-0.001086300471335,-1.180850247002797,-0.525242556864825,1.243749805773014,-0.027286327237972
2015-04-09,AMAT,22.31,22.58,22.11,22.51,14365460,0.3286458190937622,0.3338385767879577,-0.905761018595378,-1.4883906747527171,-0.3979621223380855,-0.1138178154273728,0.8835887262379395,0.282486191755398,-0.7591968087975735,-0.4349393016253396,-0.001124843910867,-1.0265132470501068,1.0854136304973163,0.6509742170563945,0.1488006594286767
2015-04-10,AMAT,22.44,22.58,22.22,22.5,12044671,-0.0606539895193108,-0.052291669367538,-0.8472409766831199,-1.5411675647636565,-0.3855836344415666,-0.0602229853601108,0.8976021528555403,0.2297262617110133,-0.9521600750091428,-0.6863966061090139,-0.0013375062274714,-1.038385323969546,0.3282805979843089,0.1756935698953182,-0.2578701518209702
2015-04-13,AMAT,22.44,22.575,22.31,22.33,8908989,-0.5033901041520763,-0.494369734061187,-0.9350979371101684,-1.5501491564523164,-0.3797822965824262,-0.034276592279406,0.849781036317952,0.1135548355836559,-1.3247091931134607,-1.0230134713180763,-0.0013153066612205,-1.2402106315999852,-0.0611207684361634,-0.3966684388961273,-0.6022810105672088
2015-04-14,AMAT,22.21,22.34,22.04,22.195,12358381,-0.4093881192858221,-0.4002431669462705,-0.957921768864018,-1.5764968173894116,-0.3778383589486262,-0.0234483595912078,0.7056530199835679,0.0365710703884467,-1.5871169621694694,-0.6252602390545419,-0.00134612028765,-1.3826755546332323,-0.5039723809655725,-0.0773420698733769,-0.4648423596349141
2015-04-15,AMAT,22.06,22.705,22.0525,22.55,15020992,0.9627959511810316,0.9577147486306606,-0.4580346777742412,-0.2709878216236265,-0.3598742587957438,0.0264498491025349,0.5682970227289272,0.1064074056158961,-1.17165953400758,-0.3295162251376587,-0.001112152607733,-0.9350938082996832,-0.4099458735199002,1.651850934577428,0.8202020696124547
2015-04-16,AMAT,22.2,22.22,21.71,21.88,33201490,-1.8827913922334127,-1.892312747806591,-1.0903138649909716,-0.6769315984406281,-0.3694432799869644,-0.0045013643101014,0.4159092766694061,0.2251368650322663,-1.665366362931671,1.6399148498506706,-0.0015183170242473,-1.675807926571347,0.962596162716424,-1.115351291906419,0.3512646829094809
2015-04-17,AMAT,21.7,21.759,21.365,21.49,20698392,-1.1427142617192334,-1.1383655703089548,-1.3985214141675075,-1.462600253377347,-0.3895807889955399,-0.0564654407496304,0.3573737193375439,0.2502477660675374,-1.7471348920925138,0.1852099028554636,-0.0014334721468258,-1.747046664997488,-1.883733517593561,-0.7574628588591493,-0.0633435119233759
2015-04-20,AMAT,21.71,21.93,21.68,21.76,13365227,0.7492128971351911,0.7482932792543929,-0.952095202246654,-1.0880465411005735,-0.3920902570151557,-0.0526624278556147,0.1503514945693703,0.3082191589672362,-1.6044693569800146,-0.5892134384350695,-0.0011104385892304,-1.4570534452529054,-1.1434633209411034,0.1476857180548248,-0.6338232183277563
2015-04-21,AMAT,22.27,22.67,22.055,22.29,30028400,1.483399171757413,1.4652262641500298,-0.2354449555679543,-0.4081456609598732,-0.3706441292249957,0.0120412736875957,-0.1558349063888936,0.4742468737954242,-1.196822097431352,1.0689732201325874,-0.0009590491727268,-0.8191722421980342,0.7489573906193884,0.0415341767255269,0.7081210707735749
2015-04-22,AMAT,22.26,22.42,22.01,22.31,11528374,0.0228658120389944,0.0307512698502446,-0.1190942750092517,-0.2567248229220376,-0.3505164105401304,0.0604106725810412,-0.5738196619609673,0.4778235963336391,-1.1416632224297434,-0.8480806985626123,-0.0011439059757455,-0.6660327350027293,1.4833351946146636,0.1433864706199438,-0.0597348239166012
2015-04-23,AMAT,22.14,22.235,21.9525,22.17,9290279,-0.4236784836523602,-0.4145432506700228,-0.2571708165757142,-0.2731743958739132,-0.3378761505018869,0.0798336020331126,-0.5928709802528215,-0.1021717125658445,-0.4628307632308771,-1.0378093248632674,-0.0013195930993606,-0.330018067776439,0.0224208211829963,0.0760571417747697,-0.5293576052571602
2015-04-24,AMAT,22.27,22.35,21.75,21.8,14287164,-1.0720341068529642,-1.066838724737892,-0.6582905861501204,-0.4710942576672695,-0.3401948222000744,0.0568679128174511,-0.5468471054862566,-0.0597264111814956,-0.5608666689541323,-0.4070596475249874,-0.0013643150983751,-1.043030919285845,-0.424239965856604,-1.6208086489875493,0.7024612151802785
2015-04-27,AMAT,20.53,20.55,19.64,19.97,219415189,-5.259244144996591,-5.4535523745225,-2.663980389203512,-1.2853927159654523,-0.4110114456730124,-0.1378171872574007,0.160567801179564,1.0809415059827518,-2.007316267384958,14.022382470491133,-0.0031958604137379,-1.5633375947116317,-1.0727647275310792,-2.087154334091977,2.206381749477291
2015-04-28,AMAT,20.13,20.49,19.99,20.04,55701399,0.185234433908762,0.1918747962237092,-2.4331754313189715,-1.543528929142657,-0.4607639752562389,-0.2393466522554365,0.5581938832411438,1.0937943719395449,-1.92831490250468,1.7825502825296018,0.000431079322935,-1.4551256650646742,-5.261067095702068,-0.3641039658790531,0.4880388543864556
2015-04-29,AMAT,19.95,20.01,19.63,20.01,31274209,-0.1261966979896841,-0.1175382445194037,-2.3295581797055998,-1.6651480017984852,-0.4973370303121557,-0.2866464837001534,0.8714322968282713,1.095153519579397,-1.8275257649508203,0.0422051783618292,-0.0018289263170759,-1.4705096196469554,0.1848318006416008,0.2009068631618625,-0.0086389170741743
2015-04-30,AMAT,19.92,19.92,19.645,19.79,33200136,-0.717492207453868,-0.7092912097513528,-2.451537219294764,-1.7245235668787755,-0.5305598546122677,-0.3158629125634187,1.186332682366246,1.098865641479292,-1.8729270947635737,0.1097400662644448,-0.0020316792467362,-1.7083372418379656,-0.1266805752292586,-0.519375389753257,-0.4332270680436281
2015-05-01,AMAT,19.93,20.11,19.82,19.98,27346042,0.564731451881593,0.5668344904832368,-2.093993408492272,-1.5154396943869106,-0.5448273219077802,-0.2904452930333694,1.388382593463602,1.1342663857969766,-1.6776789432916608,-0.3200567897224449,-0.0003347317407102,-1.5029406590366394,-0.7181303377244939,0.1632263120668053,-0.3816717883306126
2015-05-04,AMAT,19.98,20.08,19.86,19.88,14802898,-0.3445978323338813,-0.3354502136497868,-2.087367543628083,-1.5045045711797775,-0.5553642024608939,-0.2605087313550113,1.5772103002595177,1.134262638824236,-1.67854792903671,-1.0848457528824975,-0.0016130500957325,-1.6110441236689177,0.5644278191384681,-0.4044536137198182,-0.669040748323055
2015-05-05,AMAT,19.77,19.84,19.32,19.36,27823300,-1.6614758971392607,-1.6658857226591577,-2.57712446408014,-1.945821956250762,-0.5791991762193813,-0.2707885450013984,1.8630661314767625,1.197661273705125,-1.9210449499695788,-0.2381782188341073,-0.0020459883138288,-1.842021467229609,-0.3451386845316931,-1.5931466932821512,0.647170251730379
2015-05-06,AMAT,19.45,19.56,19.165,19.445,24425056,0.2403476133211992,0.2464701747688924,-2.3073952992385367,-1.694658744427875,-0.5896424446900798,-0.2445423770407935,2.0266712459220675,1.1248849733314128,-2.0935280147856714,-0.4748396286300543,-0.0002502944110037,-1.618373172118562,-1.6623602872631515,-0.0457386035950742,0.1016377555866205
2015-05-07,AMAT,19.21,19.67,19.2,19.56,14345884,0.3352052586884043,0.3403240270401557,-1.9956652035437537,-1.4554877211727333,-0.5883074107627706,-0.1932282950587821,2.089913457760871,1.125294720976984,-2.0921913468299045,-1.1224300741942344,-0.0008133541601322,-1.5103842238683132,0.2399593575942682,1.3502125905386535,0.4112427576757226
2015-05-08,AMAT,19.78,19.85,19.65,19.69,15655318,0.3807843697711712,0.3853702633197784,-1.66898310834802,-1.5910754759009451,-0.5771759691984801,-0.1269612448569714,2.078517882921291,1.1463648923552334,-2.0016638006700576,-1.044032930772428,-0.0008369395454986,-1.388309760628897,0.3348417487596098,-0.3700809929396476,-0.7447940943521922
2015-05-11,AMAT,19.8,19.96,19.73,19.92,18837111,0.6942436026909687,0.6942802349903942,-1.235791884132964,-1.9131860678214003,-0.5546054201902241,-0.0445035390545888,2.018142173196512,1.1929773929126957,-1.75254566172364,-0.8593463727439413,-0.0008167495417368,-1.1723318641283955,0.3804327502016381,0.4315730561785582,-0.6290549418552344
2015-05-12,AMAT,19.91,19.99,19.78,19.89,15269920,-0.1267581477182353,-0.1180974546357229,-1.133863820147605,-1.9452251053355172,-0.5334456764074144,0.0178312372234871,1.946955091660745,1.195085661937428,-1.692707706179407,-1.08806007040578,-0.0015420588426318,-1.2005028941067228,0.6939737561706385,-0.1022098558877148,-0.7114053246064656
2015-05-13,AMAT,19.95,20.04,19.78,19.93,23811231,0.092208657800141,0.0996136743395723,-0.9220204361416592,-1.855646771346231,-0.5109089017040529,0.0712435121303909,1.742234102260738,1.133118967421341,-1.873852104393671,-0.573253351172452,-0.0007194786678639,-1.1557681558220736,-0.1272421714248826,-0.1020576888600795,-0.5040874013226003
2015-05-14,AMAT,20.03,20.1,19.785,19.86,30896506,-0.2516645139448487,-0.2426312881070686,-0.8862092559107712,-1.7507489583827327,-0.4918298706259653,0.1050731594881854,1.6495376374686412,1.040096782168846,-1.5233649765432058,-0.1288022371675133,-0.0018139366778244,-1.222156945442894,0.0917817566200649,-0.6675448822215487,-0.2694522651672792
2015-05-15,AMAT,20.57,20.59,20.12,20.2,55400664,1.0328515274174186,1.026251336623876,-0.3680443694141079,0.1233008899605629,-0.4597253981453035,0.1656641393166844,1.576267509966105,1.0771925360691128,-1.04907996872912,1.2167666668268524,4.702389997231584e-05,-0.8996971101417679,-0.252181122349468,-1.385293726808608,0.3477951012872862
2015-05-18,AMAT,20.26,20.34,20.02,20.19,24351930,-0.0638168536945541,-0.0554386647755002,-0.2805033279591386,0.0204690541552848,-0.4313991673467784,0.2044117941306405,1.4316825577848495,1.039273251691968,-1.2271222963946051,-0.6333963920802456,-0.0016297554446004,-0.9091812229447404,1.0326700145608676,-0.287354308072412,-0.2704187507115043
2015-05-19,AMAT,20.2,20.33,19.93,19.99,22054898,-0.6497175635923598,-0.6411764568810672,-0.3918595493580114,-0.2148369784857527,-0.4137482587867921,0.2079318223113718,1.0901706934840416,0.910477198148142,-1.6829127456834003,-0.7517036622588191,-0.0016500561348638,-1.038768294192756,-0.0642844577172599,-0.8117559015327546,0.0763271099982845
2015-05-20,AMAT,19.95,20.07,19.87,19.91,17596213,-0.2821527714101893,-0.2730666833938258,-0.3412009562945029,-0.0237721020641961,-0.3999935006402986,0.2007192207623567,0.6178643041464922,0.9043183032702832,-1.7473836661636606,-1.0219974071313795,-0.0016236135115783,-1.1037469782183176,-0.6503380132885914,-0.1777988268655617,-0.75414801482438
2015-05-21,AMAT,19.83,20.26,19.82,20.15,11820898,0.7174775380461825,0.717115740151835,0.1056503934297083,0.0397253777780252,-0.3769977487153354,0.2187352984287731,-0.0017208702319887,0.952028907179059,-1.505628958149848,-1.359995847560597,-0.0009461150204706,-0.8532592014565618,-0.2826773333778751,1.1928751410944918,0.2285261274684713
2015-05-22,AMAT,20.18,20.28,20.07,20.14,13257218,-0.0638933321328755,-0.0555147614857138,0.202891436842987,0.1758021835185557,-0.3567507451263184,0.2260729296638257,-0.7742430170334997,0.928304565356885,-1.2858105368892558,-1.2757235137185556,-0.0015432247320853,0.3931372140531534,0.7172137526321763,-0.1760723192598866,-0.722327849091026
2015-05-26,AMAT,20.11,20.24,19.88,19.99,15116990,-0.496685498105666,-0.4876515012269792,0.0036898240342496,0.8839783921990129,-0.3443350530393727,0.2117853736585506,-0.7730981003209785,-0.5894631317327762,-0.1527683372758759,-0.8047635806502779,-0.0016269937061429,0.0432233680065703,-0.0643609561067406,-0.4771476905491017,-0.0904379907099248
2015-05-27,AMAT,19.96,20.495,19.96,20.34,16439236,1.057064643516704,1.0499218182851708,0.445165108863454,1.1328312080130245,-0.3187429265844058,0.2342712440903692,-0.7158837712291509,-0.4919891457644708,0.0523815760107893,-0.5797150704496009,-0.0007576464089897,0.8596890087819227,-0.4972660258684962,1.4120440884729848,0.6007783451593885
2015-05-28,AMAT,20.34,20.6,20.29,20.36,18479785,0.0282212996214332,0.0360723819279183,0.4479612351591532,1.0516018926624144,-0.2959583850440994,0.2450332651969821,-0.6587336961990556,-0.4938351863831762,0.089409223771342,-0.3501595186170508,-0.0007785606649234,0.8869180769411763,1.0568894472082917,0.047972323442815,-0.3223815437209553
2015-05-29,AMAT,20.43,20.43,20.06,20.13,17857102,-0.7363039322792577,-0.728210629631802,0.1224659699940705,0.4592186492600456,-0.2853599545151548,0.2222760421182394,-0.654803404966791,-0.4914021404542206,0.0848437595461374,-0.348226183070591,-0.0016269547190071,0.3541224298249573,0.0277777058675255,-1.1357407088644391,-0.0594750218129017
2015-06-01,AMAT,20.03,20.34,20.03,20.31,11839688,0.5237077199758292,0.5264105363984797,0.3372267473328192,0.4002904732147833,-0.2684779020394158,0.22024419837616,-0.6186516050783567,-0.4950929830814712,0.0750936879774353,-0.8772178135300808,-0.0009470032809483,0.7710929362637359,-0.7369469700208978,1.0298242302203615,-0.3192576088283975
2015-06-02,AMAT,20.27,20.59,20.09,20.375,15954112,0.1662542000505961,0.1730617363488772,0.3895136365200138,0.5309121228869034,-0.2513394923280381,0.2192785824939394,-0.5775133005483457,-0.5059985549973618,0.1982092681733749,-0.4760710367473011,-0.000882610617203,0.9216656191444093,0.5233933852488566,0.3650469144561765,0.4538505588408091
2015-06-03,AMAT,20.54,20.59,20.33,20.36,9133955,-0.0788301810874661,-0.0703788490702431,0.3031025051824708,0.457414725503561,-0.2373081131072,0.2105086467918481,-0.6665538608327284,-0.8010156271560495,0.5911258146642189,-1.1036912097661769,-0.0014251925302243,0.8869180769411763,0.1658466153529644,-0.6884061968567682,-0.5270496652310992
2015-06-04,AMAT,20.24,20.31,19.86,20.06,17684747,-0.9503541594354712,-0.9438943910258194,-0.1301123228270504,0.0800871421925893,-0.2369594517829451,0.1682736179070944,-0.7871454083886767,-0.6879429883827896,0.2970243593012376,-0.1913889222502154,-0.0016208922147761,0.1606944448936341,-0.0793017016818682,-0.6982197785662866,0.2782367502500683
2015-06-05,AMAT,20.04,20.23,19.935,20.15,12782591,0.2463271560944647,0.2523906445933845,-0.0510895498878957,-0.2649296584301758,-0.2321610599432302,0.1459391245456864,-0.8896165308808358,-0.6919879713453807,0.2755222433250071,-0.699541280328304,-0.0009262307127701,-0.1317335550167215,-0.9510530371011552,0.3883888567128508,-0.3711971760771728
2015-06-08,AMAT,20.14,20.24,19.805,19.87,15101511,-0.8981201373247416,-0.8911923999625775,-0.4283610629593773,-0.6156206160722998,-0.238326733851684,0.0998502133629477,-0.9393834068195728,-0.6199044599253238,-0.0332169744309358,-0.4533055181545939,-0.0015783278129351,-1.3463770206036878,0.2459404602687714,-1.039175636918494,0.2331991879354961
2015-06-09,AMAT,19.82,20.01,19.711,19.91,12721028,0.0923346816560564,0.0997387553447354,-0.3755015092022649,-0.3039730941554087,-0.2405619410153274,0.0730960381564255,-0.9376663732376436,-0.6676587229068265,-0.174849715535333,-0.6823776232779377,-0.0009211017549301,-1.1371946570706883,-0.8988053885445867,0.3167541183907251,-0.3397459531059308
2015-06-10,AMAT,20.0,20.14,19.96,20.04,14241459,0.373510480042981,0.3781836114995603,-0.2155588224112084,-0.0065945518596387,-0.2361906082231232,0.0686978181085163,-0.9575151294614972,-0.6536392872023894,-0.0567186577193537,-0.5154435722856502,-0.0009200530874353,-0.6510938698181354,0.0919078133522012,0.1247870194663395,-0.8427533065545337
2015-06-11,AMAT,20.04,20.11,19.74,19.78,16586540,-0.840735052514288,-0.8333448630225344,-0.5451987676321902,-0.7032230121610967,-0.2418668091092454,0.039317063346603,-0.923164911758346,-0.5926304771313016,-0.2780129470912484,-0.2288739990387653,-0.0015793561354236,-1.6232954443232412,0.3731569629120422,-1.0065293323776543,-0.0323695058197354
2015-06-12,AMAT,19.74,19.79,19.59,19.62,12228230,-0.5365999864173521,-0.5276578659708152,-0.7387618879393972,-0.8639395591218797,-0.2514596099357588,0.0057311987132667,-0.8522706655261274,-0.5751173743037122,-0.3449579106595823,-0.634627097245728,-0.0015251599064302,-1.7825647197810155,-0.8414053335151352,-0.4855979196112445,-0.7417738555045408
2015-06-15,AMAT,19.45,19.79,19.34,19.71,15661262,0.252591284923435,0.2585922818860166,-0.5897813297756815,-0.5622919499679876,-0.254284868975959,-0.0037179569360602,-0.8052653588898876,-0.6840267596282061,-0.5237348340686535,-0.0081340363107973,-0.0008399726055439,-0.9051542385403027,-0.5371909267923304,0.983630191650407,0.3114354426177427
2015-06-16,AMAT,19.64,19.85,19.57,19.82,11534804,0.3144612945862342,0.3198117280037384,-0.4220154707890774,-0.9667235599164068,-0.2509975835626529,0.0044563027427023,-0.7901115238933157,-0.6672962124955962,-0.4366212449969716,-0.4801283268100366,-0.0009836758973702,-0.614947913842944,0.2522062232397964,0.6661132520417666,-0.4139555548991602
2015-06-17,AMAT,19.79,19.9,19.52,19.54,18479164,-0.9125243225472596,-0.905721154510919,-0.7597865641282758,-1.2724241203569868,-0.2581325115246241,-0.015830887327858,-0.7068511571864767,-0.6322440183318979,-0.49808962021078,0.4919371883992059,-0.0016222627896272,-1.3536549221635004,0.3140923731173763,-0.9807352618256694,0.02942975951765
2015-06-18,AMAT,19.62,19.86,19.575,19.84,16078011,0.9228591897821498,0.9186099424979522,-0.3621180251541207,-0.56049500578404,-0.2507855442405127,0.0052155096788556,-0.7000344804199637,-0.5449381507271628,-0.2191122317964386,0.1738258004694412,-0.0008601545137178,-0.5621831275343341,-0.913213331430058,0.8208492358581103,-0.3941391774520396
2015-06-19,AMAT,19.83,19.925,19.68,19.72,16973916,-0.4095567537285889,-0.4004118968274768,-0.4916154490048925,-0.9650543199767624,-0.2485170848422196,0.0089806354106895,-0.6781375132751175,-0.5907418322883546,-0.4808871875732375,0.2569497690249222,-0.0015976532456276,-0.8787718453860025,0.922648982894947,-0.4454136949620943,-0.5559024734358777
2015-06-22,AMAT,19.79,19.95,19.7,19.86,13235440,0.4089981379726911,0.4132377655182568,-0.2896781469515085,-0.8444558803978648,-0.2401375101191527,0.0277226416416251,-0.6782126130768857,-0.5683130598468807,-0.3716593660552419,-0.2497495888038269,-0.0009253520021373,-0.5094183412257244,-0.4101145519548393,0.2409206882173038,-0.5422194273087957
2015-06-23,AMAT,19.84,20.13,19.83,19.96,11025282,0.2804885364980486,0.2862036872346784,-0.1564142883972165,-0.6800594209483386,-0.2286218035902388,0.0507885959073215,-0.6779037337255263,-0.5759631529421823,-0.1895177944127303,-0.528604375543253,-0.0010054747075258,-0.2455944096826657,0.408653878613396,0.4306498916482494,-0.3387057746550371
2015-06-24,AMAT,20.24,20.46,20.08,20.1,19194731,0.4036835786818123,0.407989390219965,0.0432703432815356,-0.1363768443402689,-0.2132239615283883,0.0792339093521879,-0.7132437890780043,-0.6731836552836882,-0.3407695693983036,0.5699355111135505,-0.0008622153248678,0.1237590944776124,0.2801107524540073,-0.5489079501859009,-0.0157255662383966
2015-06-25,AMAT,20.22,20.28,20.01,20.06,10723542,-0.1568926350886828,-0.1481191488340453,0.0105218687060775,-0.3100765804815152,-0.2019633182663775,0.091341081617579,-0.7606723182848871,-0.6734686183004549,-0.3838799386864543,-0.5445792104434313,-0.0014296497926967,0.0334257803172655,0.4033379328975128,-0.6241546134498109,-0.4695875086834943
2015-06-26,AMAT,19.96,20.155,19.63,19.78,17069814,-0.9020015515064256,-0.8951070455927453,-0.3348135638825522,-0.3100765804815152,-0.203410108487013,0.0683181043991387,-0.7607523779605584,-0.6494728845993077,-0.4228317600168518,0.3494439583195884,-0.0015617748952065,-0.7111908840698465,-0.1573845200693321,-0.7076452747466107,0.6207059824125267
2015-06-29,AMAT,19.59,19.59,19.19,19.21,20049105,-1.8270850912918295,-1.835241819796145,-1.0150218317885005,-0.9472582584084698,-0.2260794461313198,-0.0047267491061548,-0.6492499114910452,-0.4360497563582264,-0.9629079920651358,0.6893715104376925,-0.0016661443967244,-1.833814477571859,-0.9026878152824168,-1.4918437770403323,0.1440401649448774
2015-06-30,AMAT,19.28,19.41,19.06,19.22,15942325,-0.0005868616365242,0.0074437452404858,-0.9279624497950156,-1.1182432941054117,-0.2425516584001454,-0.0472113378750301,-0.6050235918372026,-0.4440698472543073,-1.0000150941881234,0.1295181760206518,-0.0008453872809396,-1.5336759578046413,-1.8280126843823572,-0.2614362142170649,-0.0736703758754407
2015-07-01,AMAT,19.34,19.66,19.34,19.51,13062030,0.9063812136906404,0.9024680324325364,-0.4886948592888607,-0.4914743201697767,-0.2430868581666703,-0.0401774130587468,-0.6665397792400947,-0.3488138355303219,-0.7806187518046865,-0.286502577149136,-0.0009579399449792,-0.8128158625002297,-0.0010379706617673,0.6377891098113818,-0.2243800270040113
2015-07-02,AMAT,19.55,19.64,19.45,19.61,9066974,0.2861122988169731,0.2917683352938817,-0.3264548629611894,-0.2004559129275685,-0.238522050761537,-0.0214229425405332,-0.6819351811568769,-0.388196332756018,-0.4969359369139279,-0.7880682202242919,-0.0010634325729976,-0.5753743241114855,0.9061667081444474,0.2055559355713927,-0.7838397958601417
2015-07-06,AMAT,19.38,19.72,19.255,19.27,11559006,-1.1124316753574963,-1.1077101056017085,-0.7208314372032425,-0.6487146464561804,-0.2471326704921796,-0.0403326887635405,-0.6617494829017851,-0.3244012242243936,-0.8088746457992031,-0.4360719826843056,-0.0014573907055564,-1.3826755546332326,0.2857359818606566,-0.4551450527974077,0.4197554735286241
2015-07-07,AMAT,19.23,19.3,18.73,19.17,20993992,-0.3560787493235033,-0.3469266613652693,-0.808555270600693,-0.8705449247719886,-0.2566300796074683,-0.0577430663522873,-0.5841965208354841,-0.3643032638720644,-0.6848692326941647,0.8185170163006169,-0.0016653144412099,-1.0358462092526708,-1.113172834670337,-0.2620475497952165,0.8867298157481788
2015-07-08,AMAT,19.0,19.04,18.52,18.55,18978919,-2.0465580278779245,-2.060396432856671,-1.54939865676396,-1.1150054822347906,-0.2869457434654712,-0.1252571977527855,-0.2987031771070719,-0.1198729514558942,-1.1706767159078997,0.4902359662230989,-0.0016933766379837,-1.8298979161138973,-0.3566225965825266,-1.8157009362341483,0.7449158183362824
2015-07-09,AMAT,18.74,18.91,18.51,18.52,14214396,-0.1336828961491377,-0.1249949957045646,-1.4931802451610023,-1.5394286549417358,-0.3102713194693271,-0.1612761370682828,-0.1097057266267033,-0.1462614779005728,-1.2814268133794136,-0.1458534573631503,-0.0016456759433439,-1.864255700442214,-2.047542875530952,-0.9132638686402604,0.2086946575366602
2015-07-10,AMAT,18.83,18.99,18.715,18.77,18375163,0.8074202298772732,0.8054367156856957,-1.0921249564064583,-1.1189209756597265,-0.3169605150604247,-0.1472695317271287,-0.0166312423678834,-0.0980481451385386,-0.9173968189506811,0.3954116022148237,-0.0006333022548202,-1.4380785802572786,-0.1341687263356544,-0.2670551121731373,-0.3702937294383688
2015-07-13,AMAT,18.9,19.63,18.87,19.31,21962014,1.7581249078930083,1.731375960791743,-0.3443415807101036,-0.6642185134092916,-0.2992562106665187,-0.0732757984175233,-0.0133429057075538,0.117902688534944,-0.3995274263023502,0.781293877454249,-0.0006454857190823,-0.5175360006578198,0.8071799080827498,1.6126375187640658,1.6887927730345549
2015-07-14,AMAT,19.31,19.42,18.86,18.89,27788016,-1.3871325396546392,-1.3863506501597642,-0.8566089515191717,-1.0342077533025706,-0.2999927961852017,-0.0615473449520179,0.0345296724441872,0.2044183387791675,-0.7784850981166856,1.3979752652848412,-0.0018645458141182,-1.233513562568508,1.7581325992761114,-1.6695972223925202,0.8793421211374769
2015-07-15,AMAT,18.9,18.99,18.52,18.57,22511360,-1.0876584040652073,-1.0826430758969472,-1.2078301122888713,-1.3419338620364238,-0.3112782649089208,-0.0793172259544111,0.1273828200410817,0.2353474447144121,-1.093722504603163,0.6535854683576885,-0.0018919318646092,-1.7790202764052256,-1.3879453610049417,-1.3454747044500996,0.5180031770732275
2015-07-16,AMAT,18.43,18.4764,17.64,17.87,32327000,-2.3798256741235844,-2.4038649426847805,-2.051349698624167,-1.6009464900728672,-0.345484629491277,-0.1525311221220539,0.4476747202905123,0.453248203950753,-1.4226733517409451,1.677126748072513,-0.0024597051062368,-1.610181596025574,-1.088393100700546,-2.3219757852476053,2.3094200611487654
2015-07-17,AMAT,17.9,17.9,17.69,17.77,13387001,-0.381390209244088,-0.3722357850873991,-2.0569808109611865,-1.538030397157825,-0.3739148648123341,-0.1962345817714273,0.6920396890408046,0.370993956526263,-1.6997933561123053,-0.4912683401812867,-0.0021402755558562,-1.7280603739490683,-2.380897462305944,-0.5750166665451578,-0.6064291077436613
2015-07-20,AMAT,17.75,17.96,17.69,17.77,12652766,-0.0329960430517004,-0.0247793014886723,-1.9328191387719973,-1.2996794221223391,-0.3936049381189734,-0.2087003229243406,0.8855790195546355,0.3764186085240089,-1.6197473128347724,-0.5580121144505842,-0.0012427088046935,-1.7280603739490683,-0.3819406595794929,0.058812221157198,-0.3250305965035964
2015-07-21,AMAT,17.77,18.04,17.74,17.83,9426665,0.1772168016255429,0.1839284789105914,-1.719272265301698,-1.2472621490325764,-0.40388848984572,-0.1944606912296777,0.9868326251795884,0.360483387068041,-1.668670077720482,-0.924562828271728,-0.0003085544176057,-1.6573331071949746,-0.0334556067571959,0.2287823298222797,-0.1890660326038116
2015-07-22,AMAT,17.66,17.7,17.4,17.49,12036072,-1.220193617337547,-1.2168681163660664,-2.030965387935788,-1.7072937822815593,-0.4222479215562203,-0.2038561619289624,1.1113531753646353,0.3721578174659707,-1.984900662653802,-0.6188605825828256,-0.0021350782476114,-1.7835327400307115,0.1768120767746275,-0.7535987409610547,-0.161806588697396
2015-07-23,AMAT,17.47,17.86,17.46,17.72,13400511,0.7857202876900466,0.7841395637650417,-1.5544412622672197,-1.5639820616272633,-0.4245483193888091,-0.1700368617367354,1.0728444695203825,0.413129933840964,-1.906481320541247,-0.4298723206940822,0.0002216853279016,-1.511949281089331,-1.220962888831042,1.054848090823566,0.2899596035691885
2015-07-24,AMAT,17.74,17.74,17.21,17.37,14637121,-1.2626976866466382,-1.2599758084558508,-1.868723926883541,-1.5678525493806463,-0.4368067750275857,-0.1686132909519475,1.0687144507126585,0.44370667294076,-2.136909562092524,-0.3012286102148317,-0.0022897575718566,-1.7007020905158898,0.7854743049665927,-1.602086590841843,0.9516038698610304
2015-07-27,AMAT,17.25,17.49,17.13,17.38,18439234,0.0028462353009519,0.0108561428864282,-1.695547021836439,-1.517472837880376,-0.4427208623188994,-0.151144139413608,1.0690304242784183,0.4435454452960916,-1.949464757802717,0.1427069666788609,0.0008754501925066,-1.560435841481027,-1.2634780463040345,0.5430592213692306,0.1349539664613015
2015-07-28,AMAT,17.39,17.77,17.21,17.62,14067192,0.8267236922566326,0.8243757161250925,-1.2468835110350884,-0.9522671050942788,-0.4346482529827738,-0.1011673018395085,1.0928141664692663,0.4046341932489564,-1.3830737083886304,-0.3460200353506961,-0.0003262433558441,-1.2524035754631877,0.0023960218779923,0.9729307514402932,1.057420772848077
2015-07-29,AMAT,17.56,17.6,17.35,17.55,11913296,-0.2803321738633049,-0.2712488224239596,-1.2326850609578397,-0.9763236669059214,-0.427770612420002,-0.064261660831914,1.0983883683068307,0.3999726312250394,-1.4435715228465102,-0.5885241820278236,-0.0018261752506194,-1.3422463197183905,0.8264884062141723,-0.0693414854562232,-0.4041321723127645
2015-07-30,AMAT,17.6,17.74,17.53,17.57,12332833,0.0379532874310143,0.0457407322082229,-1.070163455500276,-1.228900276271854,-0.4184059366261637,-0.0283355621544279,0.9929912464041376,0.3258789410973491,-1.6278514277026468,-0.5339310957515531,-0.0004779054712753,-1.3165769642169045,-0.2808562608862542,-0.1550980028326762,-0.5952180116783208
2015-07-31,AMAT,17.52,17.6,17.32,17.36,16080637,-0.7771160131542373,-0.769276242034567,-1.2173037348779083,-2.0604887349293577,-0.4161480895677849,-0.0178875380361893,0.8327295272302738,0.3107281536428271,-1.852573146360808,-0.1159437482383623,-0.002024487221867,-1.5861051969825133,0.0375122324899231,-0.7162871915894843,-0.2471164925849718
2015-08-03,AMAT,17.46,17.46,17.105,17.16,12754220,-0.7502545395791016,-0.7422448368376585,-1.361427100686296,-1.9775131215940116,-0.4190949298387257,-0.0229258943305774,0.7617784489601014,0.2893871063318305,-1.775604582494312,-0.5202294879267468,-0.0021059342136286,-1.808894870572643,-0.7777696976656866,-1.3244571893506496,0.1328022668450641
2015-08-04,AMAT,17.1,17.22,16.83,16.83,17050004,-1.230265994947448,-1.2270808240760078,-1.6819356962825356,-1.981561677425853,-0.4311438616967728,-0.0503852064222946,0.7465379097848927,0.326292551465804,-1.9602013040642927,0.0171056795208863,-0.0029176552511847,-1.881302785249608,-0.7509012166574635,-1.2192394744409805,0.3399259567950987
2015-08-05,AMAT,16.99,17.23,16.92,17.03,13308146,0.706849916527379,0.7066714128985357,-1.2820817527680473,-1.2377130643145131,-0.4295659714771955,-0.0372774506483625,0.7842398576920248,0.2317775875923123,-1.3709031097062685,-0.4075215260478828,0.0020547177797521,-1.643861246860855,-1.2310378940522668,0.1515569868981399,-0.0742559984069151
2015-08-06,AMAT,17.11,17.19,16.8,16.85,12857169,-0.6910375433302747,-0.6826948731556182,-1.430355466950593,-1.2999323110419343,-0.4321144884639468,-0.037412547143794,0.8370985731048263,0.2385431897162584,-1.491804039109662,-0.4564281974214914,-0.002698596604869,-1.822571662679952,0.7065833586539074,-1.1743857584362494,0.3376336721020669
2015-08-07,AMAT,16.78,16.99,16.77,16.98,13570800,0.4473330296376215,0.4510820875829907,-1.1105341344400173,-1.0946967167272537,-0.4258056913172133,-0.0147220502358046,0.7572118910732228,0.1993616070051136,-1.568058922958978,-0.343331557194732,0.0019896528585396,-1.637219525507326,-0.6916687722934135,0.8741814844310972,-0.5115247806312843
2015-08-10,AMAT,17.16,17.69,17.13,17.6,14581527,2.2402656323969827,2.195717846025566,-0.06094127232942,-0.4055005602475709,-0.3935648028461958,0.0701791039483193,0.3055770917135777,0.3244361115830154,-1.468046585982273,-0.1738482906636314,0.0003617211166438,-0.8401440395600707,0.4469987708163648,1.9109087096702813,1.0604307099730164
2015-08-11,AMAT,17.36,17.45,17.14,17.34,20174022,-0.9527170515534334,-0.9462795133471428,-0.3346468339434815,-0.3338966381687966,-0.3756124436463751,0.1013215989230918,-0.0553606975127817,0.2831544140953078,-1.3725670372421317,0.607576880631092,-0.0026493133320624,-1.027796714825183,2.240399101275361,-0.1133577779979942,-0.1013777428469291
2015-08-12,AMAT,17.1,17.39,16.98,17.3,14683656,-0.176613199911166,-0.1677737828114023,-0.3000228040339263,-0.6216806917659689,-0.360499817075493,0.1189261720009265,-0.3634421733504375,0.2462031861573773,-1.1718882522595806,-0.0636975116270498,-0.0033186696506155,-0.848827272565288,-0.9534165456338636,0.8573300592093767,0.3838062891798064
2015-08-13,AMAT,17.38,17.45,16.995,17.05,17273873,-0.932678665863528,-0.9260555192351128,-0.6160830079073699,-0.5306039019929663,-0.3559547739090864,0.1058090526969567,-0.3903014080047137,-0.0039562081758696,-0.8413980803809846,0.4088926809887042,-0.0109344878198826,-1.1484123675457478,-0.1771102294546426,-1.4608441171926292,0.6327283539960867
2015-08-14,AMAT,16.7,16.78,16.24,16.64,42704629,-1.5301101412579845,-1.5318765018634648,-1.153304348332206,-0.8789730953627213,-0.3659661131220708,0.0578474795917504,-0.2922957969014207,0.1033319592333623,-1.1013993445201142,3.454055513460061,0.0083714308888886,-1.14259577692905,-0.9333729324702492,-0.2977600903532864,1.1132472509102778
2015-08-17,AMAT,16.54,17.06,16.47,17.03,14596490,1.4261767108212304,1.4096458448947924,-0.5071651869225386,-0.7141819800883437,-0.3561422294465416,0.070533743366889,-0.3299534925920034,0.2542618614823008,-0.779072146312304,-0.1764722579526985,-0.0019788149080422,-0.4223564438165089,-1.5309602616035718,2.21191650408074,1.2959988778174136
2015-08-18,AMAT,16.96,16.96,16.46,16.53,15286185,-1.8608890993810696,-1.86986764267019,-1.1716180493894397,-0.9925573242186644,-0.3655172307075829,0.0312651550616849,-0.2725788954700138,0.3942477329501237,-1.2382853834673615,-0.123841347264594,-0.000193544931718,-1.2862332507691565,1.4260978058836602,-1.941839405748589,0.929573231740402
2015-08-19,AMAT,16.44,16.66,16.235,16.44,13984611,-0.3719690239877006,-0.3628142606424231,-1.2321632891257048,-1.0628605645494458,-0.3738753311109216,0.0024677697196913,-0.1428407867328173,0.3439572875013282,-1.0491737475549203,-0.2979324031515508,-0.0005461891798231,-1.461944498987628,-1.8618255110244628,-0.0263165508545973,0.5631691143848383
2015-08-20,AMAT,16.31,16.37,15.97,15.98,12890000,-1.775009257732119,-1.78193782589412,-1.8109672987759573,-1.1904799934257668,-0.3957371046325453,-0.0553283606998322,0.0855254314280594,0.4019714706568821,-1.609609915960748,-0.4320768059516435,-0.0007295069569709,-1.8628351100415943,-0.3725170165902822,-1.5549547545918747,0.4948052413123932
2015-08-21,AMAT,15.82,16.04,15.46,15.48,19420699,-1.9809947132199837,-1.993050023987493,-2.4469188429499176,-1.3243047706786428,-0.4294858273422298,-0.1321620676162624,0.5328442567304145,0.4948114614243381,-1.765495291086705,0.3492898177846493,-0.0005901620371192,-1.8525219927176388,-1.7759232656439288,-1.6500590890695033,1.531266430162861
2015-08-24,AMAT,14.67,15.67,14.25,15.1,34065188,-1.5612941211821827,-1.5636617514533695,-2.876418878482096,-1.3448387312095071,-0.4674942300552603,-0.2045933761492672,1.0275559869085826,0.5506920211585681,-2.094135919897927,1.9632266503477052,-0.0003159948991303,-1.0785884935376422,-1.9819624571746903,2.188221119152362,6.246028413649919
2015-08-25,AMAT,15.43,15.6,14.84,14.84,26214311,-1.104988741702719,-1.100177848013848,-3.0891020982306365,-1.6325338547895345,-0.5037379887095066,-0.2579962595460288,1.459595325787042,0.4796425779625575,-2.484651050790426,0.9343421707803744,-0.0007080894721299,-1.319335132787983,-1.562152376586039,-2.915205289978209,2.6768063522413845
2015-08-26,AMAT,15.2,15.35,14.71,15.24,38654411,1.6451181752388238,1.622035403831486,-2.295569694903046,-1.2004450551788826,-0.5125074492109147,-0.2300001957775049,1.6328148393064483,0.7014160151514686,-2.100578339306402,2.040765232219898,-0.0019037026745156,-0.9383401141699312,-1.105727959355158,0.1725039364098021,1.908554699406628
2015-08-27,AMAT,15.38,16.0,15.36,15.94,21758933,2.8266251018961253,2.7557782252056198,-1.0659252189824602,-0.7715512025141771,-0.4879793855790124,-0.1218960908476112,1.5802671521414815,1.1355752029705586,-1.5299741446414403,0.199946857086942,-0.0017311122763886,-0.2482019717967559,1.6450963862170158,2.724593702062381,1.7548586506272568
2015-08-28,AMAT,15.86,16.18,15.84,15.99,11053654,0.1622926567556343,0.1691343643482056,-0.8809990263657357,-1.2004450551788826,-0.462932676878273,-0.0340778234247849,1.5361658511482803,1.1347767217663385,-1.326496122531214,-0.8893617685257704,-0.0015438089177116,-0.1998853796827653,2.826911536126021,0.5929603766902428,0.1807769213549345
2015-08-31,AMAT,15.96,16.2099,15.8502,16.085,16130215,0.3368922347697553,0.3419918645086844,-0.6456423704088006,-1.0061720710699056,-0.436014233905056,0.0409946023096477,1.498255893806801,1.138167552634506,-1.0875259434317512,-0.3735503135978637,-0.0017355654735692,-0.1080838546661843,0.1618840385983346,0.5654110898132445,0.2723818542802309
2015-09-01,AMAT,15.68,16.01,15.39,15.49,17930295,-2.335982198578847,-2.358570489903708,-1.4955204638013804,-1.2387944234772297,-0.4347820173178755,0.0349366383580407,1.582685199721816,1.2698987274714788,-1.3368160082141307,-0.1912876941685727,-0.0005765491324925,-0.6830513008226626,0.3365291649274653,-0.9418037434878418,1.744462586385258
2015-09-02,AMAT,15.72,15.79,15.38,15.68,13136751,0.730659678364048,0.7300680810800306,-1.0860839839467478,-0.993090900604443,-0.4231462797848204,0.0568687510188259,1.5816280135034453,1.2716916966705891,-1.3317072403622934,-0.6860636574776283,-0.001636300279583,-0.4994482507895023,-2.337042549182388,-0.2185602789982915,0.5878694844442811
2015-09-03,AMAT,15.78,16.125,15.74,15.76,13300422,0.2846470054104311,0.2903184925169967,-0.871760699554948,-0.7418355827584041,-0.407772021188596,0.0840373300068499,1.577777305907599,1.2750474604774318,-1.1175267405135318,-0.6706994830771046,-0.0017070581471117,-0.4221417034071185,0.7303993318144797,-0.1220729325535434,0.4446044497047273
2015-09-04,AMAT,15.57,15.67,15.28,15.39,15285305,-1.4946377863558833,-1.4957400177703253,-1.3476920218531032,-1.2237044426364234,-0.4071521370856674,0.0677946872424062,1.592877359334523,1.3117660948814511,-1.5427192190981092,-0.4726057588303011,-0.0006018339353598,-0.7796844850506418,0.2842703061986336,-0.8997475931721689,0.5206276975089171
2015-09-08,AMAT,15.68,15.8,15.62,15.73,14935264,1.3424251882359242,1.3282075787347103,-0.6460519095704201,-0.7116358641359335,-0.3904749476600762,0.0961318005110516,1.3354480218280642,1.1647755620311036,-1.7279228360365466,-0.5099772070597782,-0.0017514318987003,-0.3438688241824536,-1.495478652921974,0.2146011314173131,-0.6376459165239265
2015-09-09,AMAT,15.74,15.91,15.44,15.46,15443824,-1.101633686066078,-1.096782827369432,-0.938613587628214,-0.8046587981584702,-0.3851406531215915,0.0896050749501268,1.1404280836141405,1.1724526713173051,-1.759790276960856,-0.4384304513961741,-0.0005985938558105,-0.6243466414041636,1.342324434787741,-1.370312729058636,0.9423244707749496
2015-09-10,AMAT,15.41,15.8,15.26,15.56,15423965,0.3697079511176347,0.3744263553877766,-0.633861004370758,-0.4747861364180795,-0.3743583924010824,0.0984066656692766,0.8723885730535557,1.1919259307282222,-1.6446212365286177,-0.4435435681013992,-0.0017648191136907,-0.5204659683590861,-1.1023720284751015,0.7090999172875528,1.3009681275062608
2015-09-11,AMAT,15.54,15.63,15.35,15.5,10501804,-0.2730655963881198,-0.2639936990787707,-0.6073011176351332,-0.1738426558637251,-0.3656557982022098,0.1000949124185626,0.641407749435149,1.1778733129229024,-1.5026178150165503,-0.935075810000642,-0.0008048411635548,-0.4025743433267897,0.369353442009583,-0.2207870403281326,-0.0858116040451077
2015-09-14,AMAT,15.5,15.705,15.49,15.6,10151542,0.3686687150036381,0.373399452720125,-0.3554820652373227,0.2190985745714631,-0.3524566058950072,0.1130196759416266,0.5062881487434083,1.1307578462590686,-1.0853862946091504,-0.8723952913768761,-0.0016082928218532,-0.2842760679729645,-0.2735877877572328,0.4611143211484335,-0.4427159033678252
2015-09-15,AMAT,15.77,15.95,15.68,15.92,13098678,1.2440919056370825,1.2324533939099271,0.271969243957518,0.6780717935371375,-0.3273252866812999,0.1540725760104472,0.1377026058367906,1.1081424233178767,-1.1247329664690624,-0.525700318924563,-0.0017859930019029,0.1671780883773156,0.3683139347869478,0.6923117163661087,-0.1778796790366714
2015-09-16,AMAT,15.98,16.2,15.825,16.17,12053369,0.9446741437978448,0.9399735121345388,0.7213508612472685,0.5894633110873604,-0.2958553311223201,0.2032304369010492,0.0144785775778062,1.0398378848140746,-0.4873292078255493,-0.6338054397462174,-0.001864323512061,0.7670078171942069,1.2439654996908651,0.8719837733312229,0.341441851499867
2015-09-17,AMAT,16.04,16.31,15.915,16.02,15661683,-0.6105288584374099,-0.60182525723374,0.5060999328248404,-0.1096267403755225,-0.2753406927797501,0.2143579276900627,-0.1191066759489103,1.0476046167242703,-0.542680769524491,-0.2204338392384971,-0.0002018792720067,0.8940751964830386,0.9444696278430528,-0.1205207717529371,0.4635849253991249
2015-09-18,AMAT,15.83,16.095,15.73,15.93,24123421,-0.3827602986616922,-0.3736060432430067,0.3594070794299642,-0.2477236886118425,-0.2613086372307217,0.2065738638058661,-0.1280752636945453,0.9298720688135036,-0.2134298580931606,0.6768687022077066,-7.679543454285247e-05,0.8296802161598061,-0.6111390848587199,0.4509530964004233,0.3182438093699655
2015-09-21,AMAT,16.0,16.05,15.56,15.64,14699285,-1.1663815342373691,-1.1623348358561052,-0.1405171014491075,-0.5980870491745098,-0.2602968644402569,0.1668326290171242,-0.137203907698565,0.8192425765434402,-0.0156779882829942,-0.3640261689924505,-0.0007424405854316,0.361712912345087,-0.3833111064164282,-1.726231716965171,1.019738823419705
2015-09-22,AMAT,15.46,15.56,14.97,15.1,19368445,-2.1825702277852312,-2.2003417356826125,-1.0459759887734277,-0.5537847579942083,-0.2792244813850187,0.0837159952565801,-0.137203907698565,0.9201383057500052,-0.1674769497128712,0.2656833366877081,-0.0006842072338187,-1.0710335354980014,-1.167136767611527,-1.7856077965059112,1.6650407954041302
2015-09-23,AMAT,15.05,15.1,14.58,14.605,16846463,-2.073905219329597,-2.088509036733194,-1.85758225871742,-1.1057465585642534,-0.3118076069876002,-0.0179263559627551,-0.0117418956182021,1.0452040887259386,-0.4000469724089625,0.0220185179006226,-0.0008383115621754,-1.833265479795236,-2.183590557348335,-2.260239766562849,1.37596447820156
2015-09-24,AMAT,14.55,14.88,14.29,14.69,19878568,0.3293410461218039,0.3345259939608869,-1.6715313059586652,-1.100163951521495,-0.3321520379484773,-0.0677380476148962,0.1790742004976906,0.925704391446148,-0.6975033430913002,0.541210990087088,-0.0016592024944612,-1.2230490154590143,-2.0748972011263893,0.7006422067031839,1.75592639948311
2015-09-25,AMAT,14.96,15.0,14.395,14.6,17564349,-0.4144271781689236,-0.4052852761019296,-1.7170476032663824,-0.9209607695610442,-0.3494846509970903,-0.0998350334777274,0.3784734927118635,0.501035185277038,-1.402105328293562,0.271474656576629,-0.0008097232145466,-1.3711561136618975,0.3289760063783083,-1.8444076376038827,1.8621843044745396
2015-09-28,AMAT,14.59,14.65,14.36,14.37,29601058,-1.0137733461114982,-1.0079421101845447,-1.9782771116221225,-1.4942407892175615,-0.3697070536537356,-0.1329508908724513,0.6083709346599357,0.5128406611598639,-1.6554200528843268,1.6357802387608305,-0.0006114822973126,-1.7496520312914892,-0.4149862469573893,-1.1655484038568906,0.0905723543350622
2015-09-29,AMAT,14.42,14.73,14.33,14.55,17131137,0.7468541135067003,0.7459764965207988,-1.5496475093825792,-1.0887335724926577,-0.3760111571024476,-0.1236181142251762,0.6843950700199589,0.5488852968553676,-1.56902208559429,0.0789814862462738,-0.001540328676427,-1.45343783488572,-1.0144887681304118,0.654802178053944,0.6998337408248753
2015-09-30,AMAT,14.69,14.87,14.59,14.69,22366263,0.5660503658693266,0.5681336838109935,-1.2455757452864409,-1.037791173982488,-0.3728950538719329,-0.0919044430802599,0.7744617902116251,0.3638427341021124,-0.9259817666704164,0.6906174406004908,-0.0016779541494764,-1.2230490154590143,0.7465979916479456,-0.0263165508545973,-0.0027983326113963
2015-10-01,AMAT,14.72,14.78,14.45,14.67,17555446,-0.1177585175221937,-0.1091343321013657,-1.1969647220257438,-1.0096353496131123,-0.3686590993092372,-0.0636510281131029,0.8370687571130008,0.3166094318988968,-1.1134855602692406,0.0740577758043022,-0.0008375391314908,-1.2559617039485431,0.565747077195245,-0.2829462558833716,0.2834193541804222
2015-10-02,AMAT,14.49,14.94,14.435,14.94,14386223,1.1128574078423736,1.104429799798823,-0.6648634722144938,-0.806334083902471,-0.3523109726754211,-0.0098717737346955,0.8214149957301908,0.3971468170830385,-0.9316248307432772,-0.3139571926334843,-0.0015324366521259,-0.8116404093398938,-0.1182401934683492,2.3200121808370158,1.225753334165108
2015-10-05,AMAT,14.64,15.175,14.64,15.1,23367153,0.6337567012436449,0.6347910676314726,-0.3649139103006596,-0.9970365106009442,-0.3309393406392908,0.0460820461958742,0.8240945761407591,0.3306292895511638,-0.4442215475243558,0.7002067076590478,-0.0017681608409949,-0.5483389014236562,1.1126967663595435,2.347578338067271,1.361481374917965
2015-10-06,AMAT,15.09,15.32,14.92,15.24,13667711,0.5442307946834719,0.5466368573063168,-0.0816031069027061,-1.1404357963019465,-0.3066536078005733,0.0983459474410657,0.7811427707680814,0.2383001405281207,-0.6249727706910544,-0.4330430675839705,-0.0016218320023295,-0.3179500819969477,0.6334710753241178,0.7246952300645898,0.5961002257227092
2015-10-07,AMAT,15.4,15.6211,15.21,15.39,17420975,0.5797799165799755,0.5816563289175243,0.1832006007945863,-0.833518212732874,-0.2799724367075865,0.1463228852671601,0.7761356919338592,0.2040282840662006,-0.2339749100158367,-0.0023723083883674,-0.0018023999860739,-0.0711049183254747,0.5439218138724845,-0.0753761516081483,0.6348896940368774
2015-10-08,AMAT,15.39,15.725,15.33,15.67,11398350,1.0997037944792902,1.091583407075937,0.6564456190902419,-0.4385242802633647,-0.2466606293520749,0.201771579123922,0.7918175434836574,0.2664240467424486,-0.0636517281821885,-0.6924856977154162,-0.0017014158584161,0.3896727205279391,0.579480209574921,1.3482448425782527,0.5094826974392676
2015-10-09,AMAT,15.62,15.72,15.32,15.65,14906141,-0.1124574821054022,-0.1038554078852946,0.6086648795311328,-0.1784683986583166,-0.220205640782841,0.2284812006909503,0.8103990836532724,0.2629592767482825,-0.0253490511482849,-0.2990442801073333,-0.0005240556932253,0.3567600320384102,1.0995397215739342,0.1187893105291534,0.5387939068504609
2015-10-12,AMAT,15.62,15.65,15.47,15.6,8574104,-0.2319035110982793,-0.2229125358188814,0.522486112122063,0.4487595357628384,-0.2005914990346299,0.2322406759898062,0.8103990836532728,0.2576846318847783,-0.1674769497128712,-1.035779890951895,-0.0009143601592988,0.2744783108145849,-0.1129377751545669,-0.1230537917770922,-0.62969860001927
2015-10-13,AMAT,15.44,15.53,15.13,15.14,17777066,-1.8688099692918256,-1.8779838791522767,-0.2033526520305407,0.5039004530745889,-0.2025124427460778,0.1798173169739393,0.7205374893193313,0.3293454630558397,-0.8870440743551792,0.018550765331051,-0.0006339521633485,-0.4825135244445953,-0.2324149643908828,-1.4942916511227928,0.6105482053977754
2015-10-14,AMAT,15.21,15.51,15.07,15.44,20314036,1.200650670922767,1.1901043351213456,0.3793196138491001,0.6984812435643034,-0.1917142920039061,0.1706173599305453,0.5369275100289627,0.3636268435251386,-0.8305060869044958,0.258327916509766,-0.0018132036824211,0.0111768028983475,-1.8697484472762835,1.116149628429295,0.7836746777043022
2015-10-15,AMAT,15.6,15.895,15.4,15.72,25250635,1.096035725057238,1.0880005351115822,0.8913090895137835,1.0423437346034583,-0.1718522372845435,0.1865877271014995,0.4437300922201825,0.4296146779422516,-0.4425059669102573,0.7429366093348981,-0.0021353319611515,0.7522593192062217,1.2005129323315016,0.5548510273028694,1.032958879256491
2015-10-16,AMAT,15.75,16.01,15.58,15.83,15916595,0.4026518020401344,0.4069704110686687,1.091105371590259,1.491382482802834,-0.1517293941586636,0.2000352857072667,0.4106508464097084,0.4355492205924325,-0.2596712341971171,-0.2470786254370522,-0.002072141671836,1.0273560600125735,1.0958706952516226,0.3574385483731873,0.6725149787177889
2015-10-19,AMAT,16.0,16.045,15.64,15.805,11012252,-0.1313189070734598,-0.1226402083670516,1.032806291391026,1.3485318091614071,-0.1368840127770881,0.1972092369115141,0.4532422603124923,0.3670757054794606,-0.0125357303697652,-0.7878906357404898,-0.0004242347143844,0.9882898239956188,0.4023058870931712,-0.9471039324978274,0.5442691384724094
2015-10-20,AMAT,15.79,16.32,15.7501,16.19,19316662,1.4835711468852075,1.4653932291459628,1.5995409115914656,1.478787280080896,-0.110390648351763,0.2249301057139771,0.6651411988540495,0.1843483127868184,0.8926779492931642,0.1598434439573275,-0.0023514227788535,1.2300001315684916,-0.131804120559064,1.8875982093853128,1.342336114595093
2015-10-21,AMAT,16.53,16.7,16.05,16.07,20915538,-0.4944515402616769,-0.4854131648702449,1.259093803084991,1.310998648459737,-0.0947213922860085,0.2192457321712737,0.7158109108729057,-0.1144340179190352,1.3057031286417171,0.3151774171578573,0.000756417296174,0.5739018357660114,1.4835072146061246,-2.1287860713516507,1.7796504900539325
2015-10-22,AMAT,16.2,16.67,16.08,16.21,31972218,0.5093888511487313,0.512294797395171,1.3617343351300475,1.2392297734011437,-0.0775952753597313,0.2184481681127971,0.7875566761328376,-0.1109187431988667,1.3521660229132355,1.444686802115322,-0.0030190718310641,0.7556007128060435,-0.4950314852452315,0.0203203535654531,1.4420571551412458
2015-10-23,AMAT,16.2,16.51,16.12,16.44,15106027,0.8503690787664948,0.8475667709788008,1.587543625220285,1.2787365176069754,-0.056021270655774,0.2292589034370874,0.8605219459450478,-0.1269173606521659,1.6834306608177103,-0.3847948393655173,-0.0035744755106545,1.078200608844767,0.509070781015549,1.0929691552264498,0.385740278146241
2015-10-26,AMAT,16.65,16.7,16.08,16.33,11076176,-0.44956442047529,-0.4404552062168931,1.2253411932351472,1.0183717182007963,-0.044436736516711,0.2121947664273743,0.7507554579756969,-0.2127716353069739,1.8356989066508929,-0.762978506626953,0.009455727900714,0.9239137020436348,0.850139961166854,-1.4783628722570263,1.5728728346330203
2015-10-27,AMAT,16.26,16.66,16.25,16.27,14499899,-0.2617457215522928,-0.2526933608934887,0.9726154461949102,0.8198957734592537,-0.0388653714729238,0.1830656630827563,0.6311291503322026,-0.1979111703924216,1.5686649864758304,-0.3542094788771661,0.0016420899982333,0.8117979305150618,-0.4501326556214259,0.0201482616672076,0.5088452622499698
2015-10-28,AMAT,16.12,16.66,16.12,16.54,13535440,1.0001736019769456,0.9942913942685078,1.2626743647923993,0.8123273291562618,-0.0252293161469301,0.1805207543629212,0.5823598535880323,-0.1702687189568523,1.682088510391272,-0.4253993606614089,-0.0025631154382926,1.2080579813360208,-0.2622649598717435,1.94215427838841,1.129598950716754
2015-10-29,AMAT,16.5,16.82,16.37,16.74,14808454,0.7198218227110329,0.7194193558561138,1.4137622552050666,0.9831202435894504,-0.0081536672566621,0.187338282010215,0.5211795891343213,-0.1775647811275289,1.9048582583965177,-0.2586346314255704,-0.0039983703157172,1.3313758075407245,0.9999835643320832,1.0726185060249598,0.6490217770809266
2015-10-30,AMAT,16.7,16.825,16.57,16.77,10770709,0.0785775008525664,0.0860830072567274,1.303471423196491,1.07839779314739,0.0048080129454354,0.1822030195450878,0.5049458705771303,-0.2124058806927053,1.6314779109673865,-0.73134310084801,-0.2846954529519429,1.3592037020513132,0.7195586488575907,0.2903675785605478,-0.3240657536654179
2015-11-02,AMAT,16.79,16.95,16.77,16.89,7825505,0.4124997530025306,0.4166955306520313,1.345547684937123,1.9774857732497213,0.0179004288483095,0.17843132101622,0.5236637792734509,-0.2186418697811988,1.5735113706731862,-1.0434411100475571,0.0007936245678681,1.3446270811354746,0.078147043671739,0.4236643017985957,-0.7031442266156758
2015-11-03,AMAT,16.9,17.05,16.76,17.0,9825826,0.3724737097513571,0.3771592075763948,1.3734269334721745,1.909820462319425,0.0305570003529208,0.1742921062148908,0.56539627663121,-0.2221373999234411,1.5286075090981006,-0.7721619869293445,0.0002320534787764,1.35893477397464,0.4121564071200391,0.4207354323434567,-0.169626889266812
2015-11-04,AMAT,16.91,17.03,16.82,16.87,11165061,-0.5090869180408248,-0.5000786993404622,1.0352475782375232,1.4719744591359611,0.0333901519004222,0.1456954205106217,0.5605207940015151,-0.1833070269540767,1.2448747908422872,-0.5692285273900354,-0.0023369874075437,1.1406804306072056,0.3721199221550462,-0.2050315955866339,-0.5538858172631365
2015-11-05,AMAT,16.91,17.01,16.675,16.81,9679525,-0.2544235623116178,-0.2453849370937807,0.8418214729752017,1.2620040023188552,0.0312181045044686,0.1099347760293273,0.5754144932304998,-0.2215464122875501,0.9009765570457832,-0.7582562524525172,-0.0028089513737193,1.039947656745308,-0.5096706809992276,-0.4731041626847046,0.0695439072850739
2015-11-06,AMAT,16.78,17.055,16.63,17.05,11137278,0.8558754024961223,0.8529660473747158,1.111651066175961,1.4746272881896172,0.036821497612475,0.1013401104502681,0.6165020083244288,-0.199791823781467,1.1463357867520914,-0.5460278218625181,0.0028939526638685,1.4345054989499595,-0.2549408904774505,1.1893557967810926,0.4860875462325866
2015-11-09,AMAT,16.77,17.04,16.64,16.81,12893624,-0.9093555151724568,-0.9025246503520604,0.62461398144539,0.6977919445112454,0.0297774797442646,0.0619101598545524,0.5606164160441678,-0.1250438453034686,0.9716720834404592,-0.3343424175663169,-0.0031655932747118,1.0325893432894029,0.8556477213476495,0.1538904501244567,0.391801839476045
2015-11-10,AMAT,16.65,16.835,16.585,16.76,9401924,-0.2181775942074824,-0.2092196609693491,0.4116478548321753,0.8326278452051472,0.0202971506879008,0.0240951763198329,0.2771246511928618,-0.4440742072873048,1.4040032497396766,-0.7621654860576169,-0.0058078963658367,0.9488568108601256,-0.9100436973989816,0.4728243721275006,-0.348172657839665
2015-11-11,AMAT,16.84,16.885,16.6,16.79,7059575,0.0784443581987353,0.0859508315573154,0.3498049122201155,0.7200071730348195,0.0121286394167745,-0.0027802141111795,0.0642115341028894,-0.5168921412194155,1.116644931748246,-1.0365125647446043,-0.0065576546856295,0.9106079924211258,-0.2186854667790243,-0.250638953350058,-0.1766636923491817
2015-11-12,AMAT,16.69,16.8299,16.5,16.53,18726967,-0.9970871538099034,-0.991084121363429,-0.1283095779593505,-0.0501552703772639,-0.0062020745974838,-0.0504378613784014,-0.0953795521602858,-0.4700581949113968,0.5892727392092537,0.6919800358338617,-0.0166497683257001,0.2596954931031876,0.0780138662845849,-0.7505996919975103,0.0719640285143877
2015-11-13,AMAT,17.12,17.5,16.85,17.24,20075492,2.641124139887827,2.5791444735428857,0.882452655594934,0.8792286370886284,0.0054541879614978,-0.0113780177069233,-0.1274968361978635,-0.0304084629477691,1.1406743339801175,0.845570527657958,-0.0048714987789687,0.9782082147009216,-0.9977982228518402,0.5032520367187795,1.550877866332866
2015-11-16,AMAT,17.14,17.79,17.02,17.74,15869880,1.7726314946100878,1.7453979495100809,1.510289046806241,1.2792192006695362,0.0323011875907794,0.058970552946517,-0.0199522279053586,0.0966913895219743,1.6305915930260575,0.2013410065209208,0.0080849176908761,1.361399720440287,2.6413621819260102,2.618436721973983,2.026064011077131
2015-11-17,AMAT,17.66,17.9,17.5201,17.815,15621161,0.2302143747833415,0.2364357515035457,1.4926236092122442,1.1745917337732166,0.0542082814804916,0.1025341771341945,0.1635746794682182,0.0108193445659314,1.3066208246727515,0.1951171480572724,0.00086266204285,1.2901460869590464,1.772642970369929,0.6367936813012885,0.1858971168979303
2015-11-18,AMAT,17.83,18.18,17.82,18.13,12712275,1.0678336966088078,1.0604466219978916,1.8122770934723615,1.2380150664714682,0.0813331373515825,0.1508155060026402,0.3702259290818315,0.0061218836406116,1.715179678027099,-0.1672749473535375,-0.0002684641910648,1.3637315727299684,0.2298234755681143,1.2448856672127648,0.0635414790008022
2015-11-19,AMAT,18.2,18.42,18.14,18.2,12973465,0.2073824801088334,0.2138205424972943,1.755378368465378,1.258900323496262,0.1027046205532858,0.1746314868884902,0.5484439133598528,0.0054925860392411,1.6354985926373755,0.0141369637928298,-0.0005067872223505,1.130348864057264,1.0676613096555387,-0.0263165508545973,-0.3091568343310733
2015-11-20,AMAT,18.29,18.36,17.99,18.18,13651139,-0.1014114688743138,-0.0928569146060616,1.581339779253265,1.1636305472530513,0.1158232839318674,0.1724416554415726,0.6956724689493187,-0.0022316701375152,1.386938875220971,0.134096254680602,-0.001854771156845,1.1019370560449355,0.206985624668839,-0.4807012620438627,0.1048322007821657
2015-11-23,AMAT,17.82,18.48,17.82,18.13,8125746,-0.2042227688453736,-0.1953015323572532,1.358336428785355,1.0217148751466367,0.121159348397206,0.1506575146557972,0.7456883205941234,-0.0216937915806231,1.4513711294673397,-0.7323149404534863,-0.0017101170461327,0.9498857275721752,-0.1018888803169134,1.2879962100738884,1.4425959590713413
2015-11-24,AMAT,17.96,18.54,17.95,18.38,11883630,0.8254986825216426,0.8231740075064787,1.568918298561911,1.3612098595974478,0.132009265220815,0.1474227630785178,0.7998943500574073,-0.0279120221361781,1.737170836623845,-0.1053378546138733,-0.0004206986112028,1.223098154676027,-0.2047270009798152,1.7404846611385696,1.0839267479960488
2015-11-25,AMAT,18.45,18.67,18.3,18.45,12357547,0.2041129136893434,0.2105813295927318,1.5210875579837684,1.4888248362730936,0.1400522220705672,0.1376098951647229,0.8838156545791999,-0.0557217226927932,1.5284909813651393,-0.0183833949270438,-0.0005832436063603,1.124913561654905,0.8252630769072227,-0.0263165508545973,0.0800104042280293
2015-11-27,AMAT,18.41,18.735,18.39,18.62,5012283,0.54065525097314,0.5431134894984001,1.6265038360194917,1.457222883421616,0.1496950494579518,0.1338776400563972,1.006510747551106,-0.0632761857864541,1.4819085398020693,-1.1885380866843525,-0.0010265824935689,1.2718358542931627,0.2037152053077617,0.835490884435939,-0.047145788478546
2015-11-30,AMAT,18.72,18.92,18.695,18.77,11926059,0.4685456124148267,0.4720132772500215,1.6912948939288257,1.934156232039983,0.1597033042314208,0.1318324397708259,1.124549791532552,-0.0653745007369388,1.5840495283241558,-0.0181149458755313,-0.0007656186293767,1.2368344420208282,0.5403453373993528,0.1754777471167464,-0.5922992144648064
2015-12-01,AMAT,18.74,19.225,18.72,19.18,17276489,1.3269291234063276,1.3131277725249808,2.118398730230808,2.12604420025459,0.1799996629857107,0.1566776820832503,1.3328629493172222,-0.0034624243577806,1.8237722152959903,0.7787316405621812,-0.0006529614925656,1.3879840112075952,0.4682168873835912,1.747578084716743,0.6030000776220821
2015-12-02,AMAT,19.09,19.34,19.08,19.13,10679391,-0.1952954108790717,-0.1863992911749717,1.873968936323464,2.035072131244624,0.1902279232120323,0.1506387636406416,1.4731298428986197,0.0157605946858817,1.6726613134674335,-0.3052273831609571,-0.0015433685831602,1.197076596255236,1.3268243274532867,0.1319899659824239,-0.458620114516051
2015-12-03,AMAT,19.23,19.31,18.685,18.76,15094918,-1.2371504536357982,-1.2340621675148862,1.1813680209141797,1.8578908401910392,0.18000122802913,0.0931569257874,1.4528851509590748,0.1226013870423528,1.477904116657223,0.3754761610430667,-0.0017193128756773,0.763996607222238,-0.1957973141068947,-1.872876042556149,1.1852239133815596
2015-12-04,AMAT,18.74,19.09,18.74,19.03,12265938,0.8630418100728287,0.859992429183465,1.4053664345576342,1.7150057366072675,0.178765679479491,0.0703145121596963,1.430417960917477,0.118764443288675,1.772091160383253,-0.0979701562652854,-0.000775128043278,1.0800279505706436,-1.2379241487099804,1.142841277135612,-0.0585177658371016
2015-12-07,AMAT,19.1,19.15,18.88,18.91,13871111,-0.4255848239150445,-0.4164511372013804,1.08828557484888,1.2533929381378217,0.1694147749200592,0.031151794591058,1.3954060858679702,0.1361317656038634,1.434692088651544,0.1333563475399734,-0.0016952371047823,0.9395695757491286,0.8628159984465708,-0.777878811613205,-0.4013698012979633
2015-12-08,AMAT,18.63,19.02,18.61,18.95,10641220,0.0986973202451361,0.1060534632881384,0.9844777135985244,1.2310401312626345,0.1600373897959962,-0.0002465399813606,1.263636849735914,0.0472158751784411,1.7021968140734811,-0.358951896178576,-0.0008279173787555,0.9863890340229652,-0.4261468034319839,1.2714060069205202,0.2118292544919432
2015-12-09,AMAT,18.72,19.29,18.71,19.03,13953524,0.2298347221138084,0.2360597694472319,0.9295777346054476,1.0618426382512156,0.1523024079106543,-0.021137689976167,1.0705242217813071,0.0275144237765649,1.8216917499668943,0.1269066291597886,-0.0007695262079898,1.0800279505706436,0.0982721117818719,1.2248080965677255,0.9487548346964506
2015-12-10,AMAT,18.88,18.98,18.71,18.75,13510955,-0.9490365317328368,-0.9425644069192748,0.3847066585399385,0.5065129364723407,0.1319357891423533,-0.0703642258599802,0.7814540419354501,0.1253635968598462,1.5469743341434323,0.0071008152058588,-0.0016341440864423,0.7522917426537766,0.229443723857452,-0.5465354105400334,-0.3912155263472571
2015-12-11,AMAT,18.6,18.62,18.26,18.32,13903769,-1.4607803696857666,-1.4612683683674257,-0.3553016781459878,-0.0384448520856988,0.0960686169947985,-0.149643612129167,0.2411306757235583,0.2085333789855952,1.4228995559029427,0.1056900582888396,-0.0017116681190957,0.0811658332405388,-0.9497350656650346,-1.1636552521950112,0.0463785738994876
2015-12-14,AMAT,18.4,18.43,17.82,18.05,17322312,-0.9505544559674296,-0.9440965683932164,-0.7946587490068565,-0.2686239575692598,0.054691020675066,-0.2272508581038702,-0.01456407167983,-0.0736255115730699,0.5225523490026642,0.6628049814164659,-0.0019457737029381,-0.4054808095747061,-1.4616124037661349,-1.463442899015704,1.225181589794105
2015-12-15,AMAT,18.2,18.57,18.165,18.46,16828364,1.3811754458356815,1.3659008512166952,-0.2645486861154237,-0.1134423435900539,0.0359245306646704,-0.2311360564848947,-0.1484198194233968,-0.1515201351411117,0.4285949585850513,0.5759042204972201,-0.0003279572939272,-0.1645061332125706,-0.95125338588507,1.0529946657235527,0.2371185691657008
2015-12-16,AMAT,18.51,18.6,18.15,18.5,14933237,0.1019076134999329,0.1092393285248921,-0.2561674239354393,-0.1413147694018545,0.0206915186973198,-0.2251491035343817,-0.2811344032073616,-0.1528209452143605,0.3972318024658099,0.2870153097886019,-0.0006321997063294,-0.3941689395516502,1.3810848012832926,-0.0671332905415135,0.4358861886198621
2015-12-17,AMAT,18.71,18.71,18.04,18.06,13475447,-1.5137277457205975,-1.5151847668575946,-0.8723431712827175,-0.6800594209483419,-0.0102749271990958,-0.2608571292623733,-0.2643998362133575,-0.0663726542899281,-0.224181774108008,0.0532559038410926,-0.0016942822778765,-1.3564320161797436,0.1014832425154879,-2.651044522757628,1.5005019934412356
2015-12-18,AMAT,17.93,18.195,17.85,18.1,29994463,0.1048955128698565,0.1122043448558721,-0.8090078345297047,-0.7964047941659055,-0.0345398196143076,-0.2721738665488128,-0.243590354444133,-0.0690522387734394,-0.248172276736718,2.3372938144909208,-4.223774821201942e-05,-1.2689535546680932,-1.5145735923415802,0.6900138159764142,-0.0027826604965157
2015-12-21,AMAT,18.3,18.55,18.15,18.52,9573316,1.4116656005617183,1.3955432078830416,-0.2398826231668562,-0.7855034987389408,-0.0384929735198831,-0.2289451911129238,-0.2839565914776545,0.0586622857375883,0.1071889928743548,-0.6248629096131973,-0.0009752475483756,-0.3504297087958289,0.1044719213476717,0.881956276211158,0.2086946575366764
2015-12-22,AMAT,18.56,18.84,18.42,18.755,9538764,0.7569952535015353,0.7559364469125233,0.047258273208726,-0.5097179347991194,-0.0336851416568742,-0.1718116242128755,-0.3400610212874838,0.0847223855609939,0.3388161252437073,-0.6372777889934135,-0.0009996381961389,0.1635062525850821,1.41158291006734,0.7674656746999114,0.2750136562699439
2015-12-23,AMAT,18.8,19.26,18.77,19.09,15180516,1.0790510143742598,1.0714076214733552,0.4679223417538997,0.096145048465049,-0.0181773663812527,-0.0985633005441811,-0.3140496636137134,0.1112878805280838,0.3998489565995188,0.1682528186439755,-0.000887025018819,0.8961383677451075,0.7567417771923535,1.139109922365416,0.5478600185094338
2015-12-24,AMAT,19.08,19.19,19.02,19.11,3215265,0.0322297688902278,0.0400548226475002,0.4486443652821674,-0.1143986593324347,-0.0067189183313514,-0.0503875401806193,-0.2871986445864557,0.1106542475383335,0.3578955533822364,-1.5596459398818605,-0.0011759323793922,0.9398775985009288,1.0788815537162828,0.0924755641775927,-0.8499347791655684
2015-12-28,AMAT,19.18,19.24,18.75,19.0,8102287,-0.3913625592653885,-0.3822100562717736,0.2672464541117658,-0.1048081786017397,-0.0036215280360583,-0.0333681506177389,-0.2713863965118629,0.1090000483725218,0.1322485506614243,-0.8370174616290134,-0.0014070279421109,0.6993118293439075,0.0317872208377075,-0.735353116489873,0.5579929949517022
2015-12-29,AMAT,19.01,19.41,19.01,19.26,10880449,0.81895604903412,0.8167554275883322,0.5964123325751722,0.0820433503590747,0.0072855174110902,0.0003492789532326,-0.2110899432293126,0.1340471992043157,0.2159225848628816,-0.4168092662668123,-0.0010081597261449,1.1292767203586915,-0.3919156111176202,0.9672629488885648,0.1395350661337957
2015-12-30,AMAT,19.09,19.35,18.94,18.96,6435422,-1.002747405957906,-0.9968021355380666,0.1920298806141824,-0.246442155248528,0.0023989470833888,-0.013329272513435,-0.2425668732099112,0.0875380450724892,-0.3359358075874749,-1.0414359451352488,-0.0013706260162571,0.5020726566902948,0.8187187366233007,-0.5408127305749239,0.2108782243487068
2015-12-31,AMAT,18.94,18.96,18.67,18.67,8685066,-0.9852550554244716,-0.979132983569236,-0.182033859443268,-0.2544670383992274,-0.0144167799932647,-0.0549775578027281,-0.2779701347353168,0.1357233040188,-0.5206297347853529,-0.6804025148486726,-0.0014236837192477,-0.1042246048558185,-1.0034599516067784,-1.1033483350851614,-0.296795287930681
2016-01-04,AMAT,18.31,18.47,18.205,18.47,13331704,-0.6999273499459603,-0.6916310128506115,-0.442433348203728,-0.0578454948522319,-0.0368854382853824,-0.1028467336697314,-0.2646037994757861,0.0788438902356742,-0.3945078324590753,0.0637032435689499,-0.0015398867793764,-0.5223606473014214,-0.985963037791454,0.633884739460816,-0.3955833634662782
2016-01-05,AMAT,18.47,18.625,18.29,18.49,9442776,0.0344192655553111,0.0422299938966398,-0.3768391874273472,0.2265279028249109,-0.0549674088779612,-0.1298508157398621,-0.2814579543414129,0.022983732328798,-0.5842261215417678,-0.5345190321305119,-0.0010069770095092,-0.4805470430568627,-0.7005608980195843,0.055493720028422,-0.0813624156646162
2016-01-06,AMAT,18.17,18.23,17.24,17.73,28687169,-2.59200677852598,-2.623537494288923,-1.366060548510436,-0.8088409776274655,-0.0997540175213191,-0.2201913600286024,-0.1090394742968859,0.3577581863926717,-1.0839300661402511,2.2883661090280483,-0.0019027949000909,-1.1306811477625909,0.0339772886833454,-1.8558589543002175,3.062226609861467
2016-01-07,AMAT,17.3,17.61,17.02,17.21,17003235,-1.858950893545819,-1.867881793407594,-1.9853072977585915,-1.1512361872174126,-0.1556149626888539,-0.3209689470323835,0.2164069939008287,0.4811906328888738,-1.5160044516607538,0.4641269835654857,-0.0017560437153026,-1.617037307377609,-2.5931339190287304,-0.4193605198975045,1.2658002665749837
2016-01-08,AMAT,17.23,17.255,16.52,16.79,30972785,-1.552367091825846,-1.5545609297185057,-2.4356242098108565,-1.14113866099714,-0.2156250770431688,-0.4122709066958294,0.611890198883322,0.5336727753753823,-1.8962142550771728,2.257731657180976,-0.0023900010382915,-1.570739112201348,-1.8598867995636492,-1.9556714824046215,2.0570103151265875
2016-01-11,AMAT,16.98,17.05,16.4,16.68,23412740,-0.4408807437570958,-0.4317615925043959,-2.4580292373437582,-1.2349664120412196,-0.2661408777060274,-0.4608742744257345,0.9709142277230692,0.5187323699695836,-1.7888720165376597,1.1006760442146335,-0.0027211399388904,-1.5720765957200724,-1.553223018408809,-1.3611537445024815,1.656371450716178
2016-01-12,AMAT,16.93,17.2,16.57,16.75,13943707,0.228278694652164,0.2345187623416471,-2.254335784250193,-1.6177977475133445,-0.3016391508764197,-0.4611021113650083,1.246787089548637,0.4724745271329226,-1.4260950034134463,-0.1714953332235844,0.0006415630572556,-1.494770048337689,-0.4414467135664703,-0.8295842017042481,1.5432875190191724
2016-01-13,AMAT,16.92,17.105,16.02,16.2,26701113,-2.0772898116617373,-2.091989247217013,-2.927130194157253,-2.087622936615418,-0.3490894388507614,-0.4920486612724569,1.6620346799716257,0.6043463683435996,-1.6727465679361326,1.433531463364044,-0.0033918140479099,-1.7047975708721308,0.2278872904702618,-3.241286132151206,3.990455862214832
2016-01-14,AMAT,16.36,17.03,16.205,16.81,20913236,2.311288084981189,2.263825097859771,-1.9334688084693756,-1.7733809261906128,-0.3602308223343141,-0.4233474060829457,1.820316508249048,0.7924763910074992,-1.4801967062275945,0.6442856434469515,0.0062176179566535,-1.106641011037346,-2.0782826764072717,2.051819349036079,2.498872934570949
2016-01-15,AMAT,15.95,16.42,15.85,16.08,25362664,-2.736646689926311,-2.773732162664407,-2.836800125692373,-1.9925506146837093,-0.3949336497170359,-0.4290331529266068,2.1456557586113387,1.0201467733744225,-2.088636400220112,1.1116052548367183,-0.0036958656793209,-1.666538247718212,2.311440081699553,0.5894660241210159,1.362922973251356
2016-01-19,AMAT,16.36,16.76,16.315,16.45,21473665,1.3995583023757852,1.3837742594841298,-2.1868983217456925,-1.6310915647370272,-0.4049029773693722,-0.3699181478732048,2.3340101718297084,1.0968929341584803,-1.4767429920455477,0.5634986295894454,0.0166516015672552,-1.3210474699503116,-2.7378115630760846,0.3893106291235379,0.6631856646258032
2016-01-20,AMAT,16.32,16.59,15.96,16.37,27857802,-0.3357706935007084,-0.3266279572875752,-2.1873594535196954,-1.8818583724347029,-0.4128888063569493,-0.3175206524125596,2.5128213673929807,1.0896784187918107,-1.5712189754990042,1.3606344736166092,-0.004359669469108,-1.3957481786568828,1.399472453414256,0.2051533791713558,1.6160518646587043
2016-01-21,AMAT,16.55,17.1,16.26,16.81,17693105,1.6404026435319508,1.6174686545131602,-1.417456822613412,-1.4142870173859154,-0.3989978962586674,-0.2192923062366884,2.5488600280197358,1.1235630145662328,-1.523524448436533,0.0664532604963814,-0.0173225884395027,-0.984894280770734,-0.336309242936367,1.1605997114851043,2.57324014969193
2016-01-22,AMAT,17.18,17.36,16.86,17.05,14021266,0.8558754024961223,0.8529660473747158,-0.9386979287385612,-1.121253447328879,-0.3759068184954818,-0.1170285561038763,2.497579605109531,1.13238645857092,-1.5026178150165488,-0.3934140385970635,0.0014153954122563,-0.7607921546510136,1.6403796243552589,-0.5980122476451114,0.8526895656413633
2016-01-25,AMAT,17.0,17.16,16.9,16.91,9212120,-0.5442057351221439,-0.5352840548136445,-0.9903185873600376,-1.0973702855639922,-0.3606554890032245,-0.0553969330887456,2.3585287022394628,1.051194417177411,-1.8446208968046576,-0.9404367950995556,-0.0021347423226971,-0.8915183948875166,0.8556477213476495,-0.4262965899394382,-0.3099150644095764
2016-01-26,AMAT,17.05,17.48,17.0,17.35,15786662,1.5869647197735226,1.565693230529378,-0.1984018524162601,-0.801930344642918,-0.3291540794390177,0.0357357916896803,2.1366833212841643,1.195464282741797,-1.520084336017381,-0.220635790252072,0.0010100315048716,-0.4806644970013646,-0.5447986596315733,1.30304037279004,0.7143598123044117
2016-01-27,AMAT,17.3,17.52,16.98,17.09,12590163,-0.9659695156528776,-0.959658360264377,-0.4482989173483793,-0.5676462337134033,-0.3125151093930481,0.0703863080436568,1.9085298003047395,1.210936948059405,-1.6438616644513075,-0.6082950314554598,-0.0022343677668043,-0.723441800297728,1.586927760085562,-0.9434191452880526,1.0420326800151547
2016-01-28,AMAT,17.23,17.58,16.67,16.68,17497162,-1.5266060708116267,-1.52830588771986,-0.8801013597041292,-0.5096476866627621,-0.3135461886806326,0.0526243183253704,1.5427355702611056,1.201736966071513,-2.1348340503005367,-0.0852165617663098,-0.0033870917364805,-1.0929968777989596,-0.9666724669433212,-2.438010215292124,2.955449589836153
2016-01-29,AMAT,16.83,17.69,16.83,17.65,18896716,3.587525322273293,3.47507947410019,0.70517406983922,0.2785200725308521,-0.2747177295650817,0.1410124922337942,1.1947039832879862,1.7392259204853076,-1.182212174872472,0.0008893981245577,0.0089447633037516,0.0426608055531198,-1.5274552770398588,3.65475676058839,2.469477168518401
2016-02-01,AMAT,17.45,17.815,17.4,17.65,8861090,-0.0329960430517004,-0.0247793014886723,0.7860950963239935,0.3492415824787788,-0.2428426962361712,0.1938250330862703,0.909478986370205,1.7203430398473425,-0.9698486962960158,-1.0856786818648294,-0.0012427088046935,0.2749230768752513,3.588010254823305,0.8396064882338816,0.3682487101544575
2016-02-02,AMAT,17.4,17.435,16.99,17.05,11379629,-2.149416581246996,-2.1662002107637304,-0.0272915628186588,-0.0376346706832166,-0.2401230318478683,0.1610296480135863,0.6007680875794861,1.834298923295252,-1.2965998688272966,-0.8067708095043166,-0.0025561736918684,-0.4438188771663662,-0.0334556067571959,-1.546036367300825,0.5838480847415926
2016-02-03,AMAT,17.42,17.43,16.88,17.29,9221594,0.8433634290690419,0.8406966360509893,0.4381044748862758,0.391765601454171,-0.2275948943350755,0.1600401809287847,0.2001148705609781,1.8693955040731665,-1.1206332191562751,-1.0408453378235336,0.0007780289032009,0.1299667163962695,-2.150428261919,-0.5901358430969224,1.0597734131192398
2016-02-04,AMAT,17.34,17.77,17.255,17.58,13648091,1.0112394037145045,1.0051159111681227,0.8997482120664088,0.2464664436148728,-0.2055794697891142,0.1836687207643233,0.1554349269145161,1.7139387855142671,-0.2917286376852974,-0.496552243850952,0.0004879133088236,1.0453303240509038,0.843132483884576,1.0193828977332169,0.850117651587873
2016-02-05,AMAT,17.42,17.505,16.691,16.81,16145172,-2.7598839198381278,-2.7978958005485253,-0.2636057322748137,0.2206998414578007,-0.2176234349314694,0.1149032698943166,0.1408463654125152,1.8463147124447796,-0.5088261540903385,-0.2089686019762221,-0.0025036603532722,-0.2572751639036594,1.0110522528384938,-2.671930152914698,2.444336976815539
2016-02-08,AMAT,16.56,16.57,15.865,16.19,15377250,-2.329247277383556,-2.3516156149216383,-1.181610970333952,-0.3282760669811715,-0.2503787839351936,0.0065801636776521,0.2425596164764571,1.936868869806492,-0.692308975383166,-0.2160809707074353,-0.0034437106402804,-1.3061263360229147,-2.7610548549536853,-1.714369721710499,2.037787014012222
2016-02-09,AMAT,15.98,16.35,15.62,16.1,13838916,-0.3790876659591758,-0.3699330265282111,-1.2784881913822808,-0.3333706659331139,-0.278366939655702,-0.0678076478500802,0.3517317988716953,1.935746795835812,-0.6781603262498883,-0.351297293463348,-0.0108152005937971,-1.1543747041687866,-2.330305871028028,0.5410310223153951,2.187485241277567
2016-02-10,AMAT,16.19,16.3,15.95,15.99,13051609,-0.4583615166444735,-0.4492636140221859,-1.393550876598247,-0.6554112134647996,-0.3030793042081725,-0.118886066997221,0.4830432852284976,1.9348535843911336,-0.8338517338286178,-0.443287114418791,0.0024433664844465,-1.320962389416476,-0.3796375156232156,-0.959630759137123,0.2328975336619653
2016-02-11,AMAT,15.72,15.94,15.44,15.64,11210364,-1.3957423297622984,-1.3951042186208908,-1.8993861187861227,-0.9743289831151316,-0.334281255313303,-0.1764528863857452,0.6534138775937427,1.8658521817020677,-0.6751601429394549,-0.6013086755005068,0.0001171804325698,-1.601371708412344,-0.4589320467154428,-0.4108040071419772,1.0730258177156946
2016-02-12,AMAT,15.8,16.14,15.5,16.06,8707219,1.6388949895188163,1.6160084982745804,-1.1860944394147124,-0.6386227920715114,-0.3402535698938993,-0.157565691800899,0.7368369559293326,1.7741290535794174,-0.8227364463669672,-0.8781737761758887,-0.0019515959336145,-1.0135164470540954,-1.3965573971743406,1.2169406733050268,1.7298560413043846
2016-02-16,AMAT,16.15,16.985,16.15,16.72,22150126,2.525553443191243,2.468842912894774,-0.2013477091839287,-0.5095849911110135,-0.3170533026739968,-0.0673662127733096,0.6590382594941252,1.7448817481871826,0.4170623345991877,0.9539858611393864,-0.0036646714452803,-0.0897438934911291,1.6388715770359057,2.640217043044347,2.570734555721551
2016-02-17,AMAT,16.89,17.27,16.78,17.14,11855614,1.5309020280848409,1.511328119820276,0.4008226033198236,-0.1642315494036839,-0.2805991265741739,0.0389087037447346,0.6559288613481529,1.7565711214758606,0.4485546106308936,-0.3860596874915875,-0.0114251336279738,0.4981113678671243,2.525761335955534,1.091975118187292,0.7912327510302378
2016-02-18,AMAT,17.17,17.29,17.03,17.17,12865473,0.0759736841920168,0.0834980497300329,0.3840069386241767,0.070208050842768,-0.2493500480247868,0.1105308054681,0.6360181979818869,1.7495966721164256,0.5502530206397499,-0.1463630881862963,0.002897383974698,0.5401010293927152,1.530850443154538,-0.0263165508545973,-0.3293190420738517
2016-02-19,AMAT,18.5,18.845,18.23,18.38,35168210,4.354437001402567,4.191705445169992,2.1362674193129823,0.1812115398967767,-0.1766247349150795,0.2745876006076369,0.9638346412246236,2.218490636946932,1.2041995966163686,2.832626074882839,0.003299073415836,0.9889156347447924,0.0755425477457362,-0.5163821843279207,1.1972848261773934
2016-02-22,AMAT,18.7,18.82,18.45,18.59,15303385,0.678330827171445,0.6786354810073401,2.331355985507312,0.2710791901919563,-0.1111397082371037,0.3871966640827343,1.2989436787225663,2.2133279321961314,1.1590501035565903,0.0686330151792732,-0.0004931009322571,1.1939312361729648,4.355122000499949,-0.4707388165044189,0.0674237015823237
2016-02-23,AMAT,18.48,18.725,18.4172,18.51,12056293,-0.3009165917276655,-0.291805409775459,2.074046733543317,0.5931463220901905,-0.0633566074118394,0.4317194624497757,1.5364619087395726,2.2034636575836224,1.222143347705508,-0.3956917494631063,-0.0017076757836366,1.11583005467652,0.678056829437691,0.0963324510292872,-0.2054613133726289
2016-02-24,AMAT,18.28,18.72,18.09,18.69,10670974,0.572430577680011,0.5744181125696661,2.2384132140467217,0.5692756839328188,-0.0198712189159445,0.4562754635910763,1.78473926162094,2.153953674744421,0.9668156355652978,-0.5594201883581229,-0.000748343270047,1.291557713043524,-0.3014460486693732,1.6682256764863614,1.2179185437789453
2016-02-25,AMAT,18.76,18.95,18.58,18.89,10102043,0.6332215866816153,0.6342645246602577,2.393568925868705,0.5324658213536942,0.0205295987287361,0.4679806322327918,2.049194903948992,2.112756083513881,1.3793802260046737,-0.6264403275865529,-0.0008454627432075,1.3860551361682294,0.5721289534308994,0.4972299347989757,0.0410804363838139
2016-02-26,AMAT,19.0,19.015,18.81,19.0,10634351,0.3295441435466922,0.334726808443932,2.3676949323683734,1.1868371300236105,0.0545516796335613,0.4609260085852749,2.254213120756074,2.005612602027184,1.875256556435204,-0.5153004573973472,-0.0008768924705169,1.4289311373504696,0.6329358211651492,-0.0263165508545973,-0.6921198912322238
2016-02-29,AMAT,18.98,19.23,18.87,18.87,9630518,-0.4589720890946037,-0.4498750180766429,2.071151369377903,1.6910981389681357,0.073850746759229,0.4173855256507275,2.423716994810115,1.6762321368217732,0.8476839801667566,-0.6124337057841202,-0.0015354119574984,1.127125360773547,0.3291791567858302,-0.4641825343978883,-0.001355202414282
2016-03-01,AMAT,19.09,19.38,18.99,19.37,10150546,1.616660488442166,1.594470482856447,2.6812029326880404,1.900977646254637,0.1059062507208401,0.4153879881216558,2.694409517643466,1.737174152156349,1.26373354159283,-0.5422433682491915,-0.000897826302845,1.4344417432146073,-0.4595427784474373,1.0818290670045805,0.0866799769885678
2016-03-02,AMAT,19.15,19.51,19.1,19.49,11373277,0.3527016595724231,0.3576197496797897,2.6588337470152883,2.0431365932645047,0.1328060984834397,0.4005193877947806,2.922714022640699,1.5259286899142697,1.9342931866361448,-0.3612757452098113,-0.0008989949318385,1.426543707782847,1.6166312755783454,1.3150728462503534,0.1618701625550052
2016-03-03,AMAT,19.4,19.55,19.31,19.45,8138339,-0.1607703632129675,-0.151983419969263,2.422852594296567,2.415606749101461,0.1491349221661306,0.361414873527708,3.105904045704878,1.5285819619754202,1.6672799594609515,-0.8351685737041434,-0.0014615553021332,1.3619984228147224,0.3523427139821458,0.1684045449198127,-0.5629533994517962
2016-03-04,AMAT,19.55,19.55,19.27,19.39,8932573,-0.2250516857208332,-0.2160768261396431,2.188315037475963,2.294943222011809,0.1562173783488543,0.3063312713417933,3.2543644686619118,1.522492168246146,1.3446194455201372,-0.693768988823792,-0.0015034758041806,1.3134702251878254,-0.1612632597881702,-0.644643181323918,-0.3878457876408099
2016-03-07,AMAT,19.21,19.5,19.19,19.44,9204121,0.1275455698894489,0.134676318170149,2.0522710730717217,2.2104793541261203,0.160254602422139,0.2544260145658643,3.300320546943271,1.1624702567086542,2.130299685220826,-0.6156271556464444,-0.0009461497379218,1.3539103898769074,-0.2255613515572227,0.878259742060975,-0.2623287162984473
2016-03-08,AMAT,19.26,19.41,18.76,18.78,12899048,-2.146694847015784,-2.1633982131032448,0.8908819356573546,1.160760231117328,0.1342358879862759,0.1355383408239927,3.08624528283555,1.1237903271041958,2.1820081183848328,-0.0228905681957986,-0.0016181958652677,0.8201002159810324,0.1271278871554975,-1.909227084448868,1.293210629077183
2016-03-09,AMAT,19.01,19.28,18.94,19.17,10108295,1.259902499251045,1.2478592995406137,1.222726519380802,1.3066476986825186,0.1258180731127324,0.0857326143111917,2.830512278753881,1.1177701525532011,2.6330017472626106,-0.4369680274677386,-0.0009024196370294,1.135533500555868,-2.147705817660825,0.6095743289810269,-0.1131865946928119
2016-03-10,AMAT,19.34,19.64,19.2,19.57,15402073,1.2660762052232792,1.2538739428390162,1.52463085545146,0.9312088644213012,0.13167513766091,0.0826313269959039,2.512031975483069,1.0947486979156749,3.1206936116166397,0.3823279967482194,-0.0007808397165383,1.3874757265688444,1.2597802178617516,0.8721793429876026,0.2824613862441654
2016-03-11,AMAT,19.7,20.1,19.6,20.035,15394447,1.446308373751514,1.4292055038595652,1.8506311750860185,1.068781451098998,0.1511784410383689,0.1152754809754926,2.0004577232433407,0.9400795078911584,3.959593710971677,0.3422080224189754,-0.0008469340944196,1.395906621772502,1.2659555343871591,1.258447308473196,0.4885577869423505
2016-03-14,AMAT,19.98,20.1,19.84,19.91,11496355,-0.4214290197086672,-0.4122920377547895,1.38791006264678,1.0136245504205716,0.1581957735580562,0.109252130112444,1.4621949138186712,0.9567239154599236,3.353271222492036,-0.2809327976901776,-0.0015013795363289,1.2829814124171703,1.446234720621166,-0.2910124948602492,-0.5029952501465319
2016-03-15,AMAT,19.81,19.94,19.77,19.9,10204257,-0.0642657755974472,-0.0558853473037434,1.1416810495475342,0.9046144338475464,0.1598250010059186,0.0905645597212837,1.0550399877976422,0.8127989624502804,2.625778281646142,-0.4047990683867121,-0.0014959063197401,1.24262685234695,-0.4219899150885126,0.3169272989405714,-0.8793668094748867
2016-03-16,AMAT,19.91,20.14,19.83,20.05,14361029,0.4362856466360819,0.4401784496203353,1.138259310351222,0.8757545727700132,0.1634393532450281,0.0807241804478659,0.7262404127061294,0.7649767877167776,2.3259804072515853,0.2402832579764139,-0.0008505959829585,1.34668057265275,-0.0647334967317548,0.5049365843772384,-0.3027619861377886
2016-03-17,AMAT,19.87,20.435,19.87,20.28,13491109,0.6811859332412253,0.6814427890667099,1.2294868770715794,0.943562246364797,0.1716803841501529,0.0847608682689619,0.3048893652738411,0.7592196542717791,2.492695968285896,0.0966276635644309,-0.0009199499839671,1.223156731594345,0.4359485058509241,1.532628185722792,0.7305491492472715
2016-03-18,AMAT,20.35,20.53,20.155,20.49,19742301,0.6116877771998369,0.6130719322538224,1.3635644423998867,1.2107689062126643,0.182674248199862,0.0950759636510351,0.3528416584390877,-0.0780898886207409,1.51851975777888,1.2905615199402902,-0.0008196036872147,1.3883839728905465,0.6809126803275456,0.4934500301019422,-0.0660519520082639
2016-03-21,AMAT,20.46,20.9,20.35,20.73,13961016,0.6962342643987053,0.6962370894890801,1.5344239068009493,1.083109021040833,0.1968668181533844,0.1115614538886178,0.4681251295559639,-0.0771990136496739,1.523174796884686,0.3273139048070627,-0.000983085485497,1.241771684091385,0.611396394093977,0.9707011418788768,0.6198421662741415
2016-03-22,AMAT,20.63,20.875,20.5,20.78,7568593,0.1171680609004859,0.1243814136097839,1.4398828555164809,1.045056555268462,0.2060114027045962,0.1117564185522631,0.5087512838252785,-0.1003509913721155,1.63362879888966,-0.7338463527925462,-0.0011140013078921,1.3009208217682986,0.6959649371882587,0.5230178056199867,-0.0873382303562869
2016-03-23,AMAT,20.68,20.76,20.2,20.28,12699150,-1.531023894316822,-1.5328076413073957,0.6613024658896843,0.501833375439674,0.1896978778316108,0.0463836548768542,0.4303574042444981,0.1028571419971818,1.0819405855552573,0.1354921509598389,-0.0014490925299082,0.5545198930487752,0.116747670954674,-1.487666360534864,0.7100016001647139
2016-03-24,AMAT,20.28,20.32,19.71,20.15,14108546,-0.432086027016952,-0.4229580556974811,0.4024255789443229,0.4313053027122911,0.1680200891689882,-0.0197220787142615,0.3542489825023022,0.1158027424060956,0.8121446698270406,0.3368945118286106,-0.0014904186227939,0.2778618582293934,-1.5318742530359073,-0.5106228659858252,0.9316500005909448
2016-03-28,AMAT,20.22,20.32,20.15,20.2,5424261,0.1214904023542096,0.1286695574552056,0.387599875543046,0.4313053027122911,0.1493898540521008,-0.0647623152228934,0.28598728639557,0.1144148543478612,0.7600945988138946,-1.1084085961835852,-0.0011381393029957,0.3555296511602941,-0.4326497025222218,-0.1010463086789974,-0.8899404295878909
2016-03-29,AMAT,20.12,20.675,20.04,20.59,7850893,1.1690155720198636,1.159246351338674,0.7862846547950687,1.407715279258026,0.1465880390317055,-0.0600524235815906,0.2138949809186658,0.143413392491539,1.1712016497331064,-0.6793874485451559,-0.001096854059386,0.9613384360213112,0.1210711399905623,1.738561134305484,0.9789260065159814
2016-03-30,AMAT,20.81,21.2,20.81,21.04,12446156,1.3276701480294113,1.3138489752068123,1.2637746440333644,1.4315335540068586,0.1585537653616472,-0.0182731130503235,0.3297469424747746,0.1008523116453408,1.098735631372755,0.0983234025665638,-0.0010230280542398,1.2248996349835422,1.1688695806855698,0.8087103874879372,-0.0465075928641374
2016-03-31,AMAT,20.91,21.41,20.89,21.18,14526487,0.381268465018683,0.38584852306647,1.330522915820124,1.3217469839862286,0.1698919298436518,0.0135350019813359,0.457867062346606,0.1013165885006717,1.1060104123187031,0.4233067228739574,-0.0010051161024079,1.1543648829054238,1.3275655453896835,0.9492445200840388,0.4548161747312346
2016-04-01,AMAT,20.99,21.42,20.89,21.42,11886704,0.6724774696800784,0.6728797179711759,1.507566561357924,1.210931934420611,0.1844999182937743,0.0473979646118377,0.598744798378025,0.1015173140149474,1.3200553151267551,-0.0564110870538423,-0.0010636234642867,1.442878752192886,0.3809169717365274,1.5214332166062112,0.4707981996403756
2016-04-04,AMAT,21.35,21.46,21.14,21.17,7935324,-0.7596304676382803,-0.7516787384424226,1.0612292739048546,1.032217624226471,0.1824387665180538,0.0315822547277547,0.6168226225895008,0.1495458206452715,1.18074678121266,-0.7117036386034636,-0.0013550155679644,1.085837031504619,0.6722019449634192,-0.6632871049007139,-0.3315659894193402
2016-04-05,AMAT,21.0,21.13,20.88,20.95,8911608,-0.6799855683085451,-0.6715870940582666,0.6754336900930057,0.762925402724086,0.1685084499522264,-0.0116213390261415,0.5738267601009227,0.1969355839296049,0.9732992731623392,-0.5459422766503741,-0.0013741517523342,0.8149777951204129,-0.760279590643085,-0.2062017536176238,-0.5968029056884997
2016-04-06,AMAT,20.77,21.12,20.72,21.06,8766800,0.2938958006162445,0.299469195706547,0.665865007776905,0.7380719184586504,0.1582770342394336,-0.0366633069087028,0.2968627110608826,-0.1714468298078793,1.6155546212038598,-0.5445116645489444,-0.0011069730092592,0.9152308891067732,-0.6806139141098487,1.0285711572116645,-0.0084015973890646
2016-04-07,AMAT,20.9,20.99,20.6822,20.8,9180765,-0.8016137899477265,-0.793939290714616,0.2261596904843275,0.2838891378167392,0.1366645757785977,-0.0859914893279427,0.0573818153244128,-0.1573908027238351,1.0813011261814935,-0.4675062667790864,-0.0013782260136042,0.4721000731167599,0.2935215141653614,-0.3878083458807622,-0.3580394535985406
2016-04-08,AMAT,21.04,21.225,20.7,20.79,8668112,-0.0629277918491006,-0.054554047382312,0.1346342589419394,0.1017727393012917,0.1161084250825124,-0.1227351172607981,-0.0949027013764808,-0.2344113555604894,0.7480872001274635,-0.5117022607576623,-0.001377227284422,0.2454585209635972,-0.8022738652676022,-0.9240326292822358,0.513243251373983
2016-04-11,AMAT,20.95,21.17,20.92,20.94,13809982,0.4161961466927333,0.4203454257797818,0.2673024940786979,0.0207530681775105,0.1028392653960033,-0.1333734301911799,-0.1365000668979788,-0.3583313215009652,0.4959284565311081,0.4144218789876774,-0.0010174778240176,0.4551219524956886,-0.0633951639395792,-0.0623794554657931,-0.5963279672971934
2016-04-12,AMAT,21.03,21.04,20.77,20.93,8306083,-0.0627276750949611,-0.054354932761619,0.1889559729321067,-0.0371145448531349,0.0892053608665025,-0.1428229274824037,-0.2271385806780703,-0.3787332984787377,0.5849228749334018,-0.5443854009608334,-0.0013680064565094,0.4361266294245858,0.415853765099538,-0.3855737318363906,-0.5162148693097869
2016-04-13,AMAT,20.96,21.38,20.95,21.31,8393588,1.0973457748871362,1.0892801804971164,0.5792409149135884,0.8987510304435162,0.090614841704744,-0.1116611103449054,-0.2932248881950838,-0.3133856739485861,0.8731278151544681,-0.5162247902308222,-0.0011101043549809,1.1579489061263826,-0.0631949949803825,1.2352829150883584,0.0903546296144073
2016-04-14,AMAT,21.33,21.52,20.72,21.48,18154170,0.463665917284225,0.4671989397653035,0.700957277145149,1.195716736440576,0.0956238902268799,-0.0774664313817355,-0.3126579861854309,-0.3122801656192738,0.879992666807171,1.2051219307085936,-0.0009689824915975,1.369416176779794,1.0971810868381449,0.5049899551965357,1.5126187129321562
2016-04-15,AMAT,21.47,21.505,21.29,21.47,12349887,-0.0619802318313018,-0.0536112381645502,0.6112936042369357,1.1522055510682985,0.0963927456918352,-0.0610248721470902,-0.3083058071061882,-0.3284800011547338,0.6943077606828452,0.177461268673975,-0.0014122017760992,1.3510505329265177,0.4633359192723014,-0.0263165508545973,-0.7567507856739731
2016-04-18,AMAT,21.4,21.67,21.26,21.56,9351868,0.227983154660082,0.2342260708673754,0.655169685627151,0.9588065192662564,0.0977214640238363,-0.0464305473774219,-0.2668406053882294,-0.3451598232791782,0.5994634106885086,-0.2802989140611593,-0.0011060130869081,1.2563175434588638,-0.0624473567289597,0.5385566092236839,-0.006455983245199
2016-04-19,AMAT,21.38,21.515,21.17,21.2,12243030,-1.0725551107459566,-1.0673656676526004,0.1742112612992032,0.0074359662463769,0.0819654692788457,-0.0787308449151017,-0.26616990660156,-0.2715604530695163,0.1655031889084496,0.2836880263362751,-0.0014132638426942,0.6457535876020803,0.2275916733797767,-0.6623933202130907,-0.2350693507522088
2016-04-20,AMAT,21.13,21.32,20.97,21.14,13616651,-0.2091980359722018,-0.2002633572441135,0.0763973274627552,-0.2397914390009823,0.0646757110568299,-0.1085189637319601,-0.2690791622636007,-0.2677311494759002,0.0869579793825353,0.4732478872010432,-0.0014448202104524,0.5439929282926184,-1.0732858673399182,0.0094391449146794,-0.211508349419439
2016-04-21,AMAT,21.09,21.24,20.85,20.945,8925869,-0.607277845900458,-0.5985618876539693,-0.2089543438167666,-0.8041755426553926,0.0411288575788727,-0.1484551142607527,-0.3699813397240837,-0.4287773397362442,0.314108623743558,-0.3650128255521148,-0.0013856013331476,0.2132707855368595,-0.2097035660194845,-0.5457574635273392,-0.0395007869963612
2016-04-22,AMAT,20.94,21.26,20.87,21.1,9139325,0.4277342416119284,0.4317369941452548,-0.0748093050488743,-0.2836007441912287,0.0265655583594461,-0.157280520670759,-0.5435210537177259,-0.4422553481618366,0.5249410176530581,-0.2841483298683098,-0.0010884570625305,0.2804349016761869,-0.6078872242203875,0.5509654752043911,-0.0509004354353785
2016-04-25,AMAT,21.02,21.13,20.87,20.94,6772343,-0.5050949056001601,-0.4960781166849043,-0.3199189715692809,-0.2028894419654805,0.0069508728846891,-0.1773430270623136,-0.7454118214329261,-0.4123362697453758,0.3705451613550473,-0.74831255258311,-0.0013509926190068,-0.0458651265390268,0.4273948699961223,-0.3138590252997675,-0.5565281301057355
2016-04-26,AMAT,21.12,21.45,21.0,21.27,9230905,0.9481478143757438,0.943374626995557,0.0479780040735264,0.0754300155293725,0.0026665731033369,-0.1539328833074249,-0.8274035712650453,-0.4480754933216663,0.3175572257349938,-0.2893216354472742,-0.0010891222290451,0.0967837785372832,-0.5056776271503176,0.5102728323873723,0.1718818662221402
2016-04-27,AMAT,21.25,21.515,21.17,21.42,9512579,0.4060592284474551,0.4103355102063412,0.2103579522596131,0.6301896353644612,0.0034387991987903,-0.1221893577427638,-0.806486513968605,-0.5800400396603186,0.0977744199149527,-0.2104706443390292,-0.0010927353085116,0.6015693936581387,0.9479442046078024,0.578097730429169,-0.2489991360086496
2016-04-28,AMAT,21.26,21.29,20.72,20.81,10876426,-1.8059840390429691,-1.813637588491111,-0.5238652665353452,-0.1681686101900324,-0.0214055307400642,-0.1627311115441874,-0.7708175304905857,-0.3293939535915415,-0.4240408459256188,0.0895851807349872,-0.0014053931604396,-1.451225441166655,0.4057142024060273,-1.6254841577319137,0.691438701426002
2016-04-29,AMAT,20.65,20.67,20.1738,20.47,14884513,-1.0501864683047828,-1.04474607680306,-0.888813574557137,-0.6475383524906915,-0.0555317597290626,-0.2190559629560754,-0.6770417178837627,-0.3130108482112352,-0.8188411907223716,0.8340402005123835,-0.0014792075091233,-1.2232205961101466,-1.806906127438779,-0.6848793270717688,0.4288878408235827
2016-05-02,AMAT,20.5,20.65,20.3,20.31,11773450,-0.5196245725960357,-0.5106402184544362,-1.0362974638056457,-0.7652605167025299,-0.0895379449595959,-0.2638068535178041,-0.5332855171971118,-0.3305268532304747,-0.7640963444116364,0.1913939174562814,-0.0014472022140704,-1.578700509217217,-1.0509113895239752,-0.7265526084394465,-0.1551200232470531
2016-05-03,AMAT,20.11,20.34,19.98,20.1,16630824,-0.6767275976898715,-0.668313053424465,-1.2474669107676464,-1.3773761708172634,-0.125007900603119,-0.3033752858119778,-0.3495671819433381,-0.3307885139085642,-0.763351273846016,1.0032347800697814,-0.0015545475331645,-1.6452662263779498,-0.5202110845439527,-0.0638858124957982,-0.0986517941776429
2016-05-04,AMAT,20.0,20.02,19.71,19.85,12115063,-0.8073497432827749,-0.7997153607680293,-1.4882156506972264,-1.748292049474452,-0.1627767542311589,-0.3409473554848192,-0.1208363171706097,-0.3186939486518554,-1.011291048344966,0.142565436079759,-0.0014986301110646,-1.6438612468608576,-0.677355093574619,-0.5929549395581174,-0.2897789945917476
2016-05-05,AMAT,19.89,19.975,19.7,19.85,9268094,-0.0329960430517004,-0.0247793014886723,-1.4316612876897734,-1.7437737822430948,-0.1921895411467595,-0.3494966393517467,0.0577560324352143,-0.3452471484506777,-0.838256855598613,-0.3719703357728554,-0.0012427088046935,-1.6281925159011914,-0.8080113149579818,-0.178255786974192,-0.4367276126150345
2016-05-06,AMAT,19.75,19.9,19.63,19.87,7069070,0.0297324582063094,0.037573758053461,-1.3514697539219191,-1.8488015791793568,-0.2139422210271244,-0.3366190828023875,0.2014534592715294,-0.3430050828476645,-0.8173867889083122,-0.7595741912297506,-0.0010782111300321,-1.4902226043740177,-0.0334556067571959,0.4327322703735788,-0.4588612925890775
2016-05-09,AMAT,19.87,20.009,19.8,19.89,5616437,0.029669319302171,0.0375110286067116,-1.2630799732405222,-1.640042238728287,-0.2294454987587426,-0.3102311840130796,0.3177104344117015,-0.3673856882576993,-0.9039085158187689,-0.9845224993128048,-0.0011193271076521,-1.4576325893010529,0.0292892586728692,0.0497295338564931,-0.7155954130468243
2016-05-10,AMAT,19.9,20.0,19.79,19.98,11661722,0.2487145338649428,0.2547542789160771,-1.091767545021207,-1.4595616257601935,-0.2371523463847328,-0.2690529881022914,0.3969363782472281,-0.3539457040676036,-0.8340905207794479,0.1221638291708177,-0.0009974289711775,-1.3109775214727075,0.0292261032974957,0.2774092186347365,-0.7153689217797722
2016-05-11,AMAT,19.89,20.16,19.84,20.01,20502448,0.06048449373296,0.0681188148021001,-0.9742744867755402,-1.2800377150065283,-0.2409974805001795,-0.2261704472754343,0.4205470805370032,-0.4860800904244062,-1.0634184970541467,1.563715114034397,-0.0008464998283072,-1.2620924988632576,0.248328460841641,0.4295011575042,-0.2585365454967606
2016-05-12,AMAT,20.14,20.18,19.46,19.63,11787895,-1.2153075997463505,-1.2119146326358246,-1.344564542348981,-1.763980719720271,-0.2577251610592316,-0.2250238673917083,0.4657842437779124,-0.4551807611548558,-1.4323799575773908,0.0892944087039374,-0.0014420506882943,-1.6255965131386498,0.0600493165751594,-1.939494824530856,1.4654982392803524
2016-05-13,AMAT,19.58,19.715,19.5211,19.61,10177818,-0.0964275636819385,-0.0878950897191951,-1.2566514226229686,-1.6904179949044518,-0.2703488079591593,-0.2135428914955018,0.4765524951315916,-0.4565160694890433,-1.4398096047717102,-0.1840255414913323,-0.0014281423464048,-1.6556796039752328,-1.216075596609798,0.089442057665024,-0.7672651222034533
2016-05-16,AMAT,19.54,19.98,19.54,19.85,7795882,0.7289585209288703,0.7283967315559607,-0.8428967609307486,-1.84926926311622,-0.2694973299900097,-0.1696733713346217,0.3788035133991936,-0.3925875522827539,-1.3323192352584263,-0.6092767031048794,-0.0010905028664219,-1.2504362160999365,-0.0969036749582591,1.1723044010259498,0.2560301580662388
2016-05-17,AMAT,19.8,19.98,19.59,19.64,7844915,-0.6916453062608461,-0.6833057626353696,-1.016041531539755,-2.221784957016225,-0.2756063314454005,-0.1524939094227093,0.3672093171209439,-0.430138233199599,-1.248185310496415,-0.5707407038149126,-0.0013879088042827,-1.590133599488222,0.7286977305932654,-0.6368360268988004,0.0636116956240284
2016-05-18,AMAT,19.64,20.1,19.59,19.92,10024955,0.8545930862559415,0.8517087024426053,-0.5772864391478978,-1.3544596579107704,-0.2680345864028579,-0.1035363339162862,0.2997932670068964,-0.3345399472003984,-1.0150450865328968,-0.1293105470512348,-0.0010469151539932,-1.137203754970508,-0.6922766937729214,1.050796475873086,0.5424029166839383
2016-05-19,AMAT,19.79,20.04,19.72,19.91,14193312,-0.0642500779405523,-0.0558697278977119,-0.5242697973630327,-1.0483605212312197,-0.261113664129839,-0.0660454801162383,0.2532003981606232,-0.3459731017817494,-0.8932147750402706,0.6010614110833892,-0.0015016453604346,-1.1533798208461432,0.8543650705857895,0.4318044304115209,-0.2518424854686988
2016-05-20,AMAT,21.72,22.7775,21.7,22.66,53384957,8.566180407028186,7.985934791577164,2.931924220170042,1.3462771574003587,-0.1473978287302016,0.2388354708783758,0.844419961453443,2.568513324173403,0.9183532516431048,6.219530841171008,-0.0001685578565575,1.3251421039187363,-0.064717794979765,3.243420007655621,2.371596476152986
2016-05-23,AMAT,22.88,23.02,22.77,22.9,24854316,0.6264006471362358,0.6275524521909104,3.09997168314612,1.6281771370653857,-0.0489635766429187,0.4434056992946436,1.397216948313254,2.557065070353396,1.2071953070181356,1.553949704876793,-0.0008821644105382,1.3308276891330255,8.567964136246006,0.0397252193905673,-0.6814891909819891
2016-05-24,AMAT,22.93,23.49,22.92,23.49,19040312,1.5710319973046876,1.5502478063262966,3.695534036992441,2.00873986854856,0.0499936637833073,0.608408045009055,2.014738309142211,2.589411568100453,1.3653928166583458,0.6186948878295964,-0.0009982609877681,1.442878752192886,0.6261131022208353,1.8188208102384305,0.4309957995951519
2016-05-25,AMAT,23.79,23.88,23.3842,23.66,14755355,0.417572980990805,0.421704885279075,3.7486312434895295,2.033942878429953,0.1318919390814603,0.6965004390044447,2.54493616013853,2.5894753020621333,1.368371365930574,-0.0173545376028526,-0.0010686079747963,1.277421752591677,1.5709908811996829,-0.4391678358844852,0.155100360368956
2016-05-26,AMAT,23.67,23.87,23.6,23.73,12330459,0.1511993341630225,0.1581354043410147,3.625381754564768,2.0410357670240247,0.1956009013017456,0.7201553754603517,3.0143569165074307,2.463622255965774,1.893297898607849,-0.3587794288585146,-0.0011058078660689,1.3300671615556985,0.4172309585764979,0.1651962125432947,-0.6430713917610025
2016-05-27,AMAT,23.86,24.58,23.8,24.44,18555575,1.829760241145126,1.800587432496914,4.230248142517061,2.1264076851796108,0.2692335144615871,0.764622631311662,3.5700324480277947,2.449534278627941,2.680867045783547,0.461029566361499,-0.0010463772567764,1.3519831632784447,0.1507878220574229,1.810231453884412,1.0684907543713464
2016-05-31,AMAT,24.32,24.465,24.1,24.42,18801418,-0.0839437005791742,-0.0754682792624989,3.9084659832455215,2.0980812795537864,0.3213997424067082,0.7449423299855825,3.971731323865449,2.42871356078418,2.80454267216696,0.4359987964804035,-0.0014284982783119,1.3389980791478104,1.8297866202522317,0.2843404604960241,-0.3456476659696249
2016-06-01,AMAT,24.3,24.48,24.23,24.38,10480933,-0.134974810453147,-0.1262819191265564,3.556416782019697,2.0580953560238835,0.3553749477831299,0.6823747099843408,4.238144106988608,2.3987937895193765,2.9598082213566386,-0.6332961674713746,-0.0013537087747746,1.313027910886539,-0.084416555152726,0.2224136060522946,-0.7367211583745542
2016-06-02,AMAT,24.5,24.65,24.44,24.52,18034782,0.3245152469319314,0.3297542481605552,3.403193792204572,2.43540562406753,0.3817140296671206,0.612665363566758,4.410706586290119,2.3434619328120463,3.28774653898486,0.336654966467273,-0.0010437511217373,1.35961408940531,-0.1354609776652187,0.0353583758070095,-0.8775563437977475
2016-06-03,AMAT,24.41,24.47,24.11,24.39,16194520,-0.3630753609479136,-0.3539215926755884,2.937671415457654,2.3259790832652936,0.3912653072461687,0.5136863671473619,4.473675800397531,2.359238138221588,3.1915625874793547,0.0464160368219131,-0.001409413982681,1.276349426617733,0.3241489482677432,-0.088218873804592,-0.3612005158450301
2016-06-06,AMAT,24.42,24.53,24.095,24.17,13550487,-0.5945691570200166,-0.5858065433890145,2.3903411635742,2.092099398385196,0.3840532582291959,0.3913546559279048,4.435570725766957,2.391033359221903,3.010789931457939,-0.330394314442966,-0.0013911106721257,1.135439997284912,-0.3636210334339729,-0.7997787248970836,-0.0913953203633391
2016-06-07,AMAT,24.31,24.36,24.11,24.17,10476123,-0.0329960430517004,-0.0247793014886723,2.1140681581248035,2.296526752660072,0.3723493066930899,0.2819272071944639,4.3385539868005205,2.3931671736787945,2.99282631516884,-0.7390787840174227,-0.0012427088046935,1.135439997284912,-0.5951752199862032,-0.4614152724698003,-0.7292959794283835
2016-06-08,AMAT,24.2,24.3,24.09,24.23,8014917,0.1215543189637923,0.1287329661395357,1.9149644869994005,2.276838215238647,0.3595938646747438,0.191678729807429,4.203416496548219,2.3961320012193514,2.956538838722913,-1.034352709812841,-0.0011499723853271,1.173869841648408,-0.0334556067571959,0.0673426869476417,-0.8690135212449922
2016-06-09,AMAT,24.03,24.46,23.91,24.42,11920923,0.4552015270981161,0.4588470319590242,1.85995120706714,2.30412385313862,0.3512178938189379,0.1307526312792686,4.032032896838446,2.388382313297159,3.069288836188252,-0.500914045942759,-0.0011092379697184,1.2955643487994828,0.1211350732742624,1.1998672282791254,0.2857224785677266
2016-06-10,AMAT,24.4,24.45,23.96,24.07,12630169,-0.9253102578142922,-0.9186205210643028,1.1860507818803243,1.2289050988341623,0.3253587332393745,0.0370103230741729,3.673429760514251,2.360738338211618,3.1543916117456967,-0.4134924364748773,-0.001377631802127,1.0669647566545364,0.4548693209553657,-1.0481234813035722,0.1052702428694341
2016-06-13,AMAT,23.98,24.15,23.85,23.94,11253046,-0.3692463494420257,-0.3600917550734357,0.7809285859619649,0.8976275618237333,0.2946561775085449,-0.0504503392320786,3.2127308071393235,2.3739323389644498,3.075397064280716,-0.5962717832857506,-0.0013690633948559,0.9810061706695667,-0.92600260220233,-0.1523412133407832,-0.5469522294280915
2016-06-14,AMAT,23.72,23.88,23.46,23.74,14600478,-0.5531133153873664,-0.5442167682314133,0.3298145359733877,0.1141371903612534,0.2577853263107136,-0.136295955424309,2.7106799690030496,2.4097704461206813,2.7106428299518317,-0.2053814348162273,-0.0014144699941732,0.8450516377516468,-0.3697936317723415,0.0373864720463034,-0.1168857836402752
2016-06-15,AMAT,23.84,23.95,23.52,23.7,13912714,-0.1378958534958089,-0.1291917763040918,0.0550441757182463,-0.1377493950245577,0.2227270869579974,-0.2003068166921827,2.001795529451597,2.3792928380057106,2.868540924241421,-0.3245146372767551,-0.0014171768324164,0.8187735228311533,-0.5537085636439463,-0.4699931415620575,-0.0792323610526311
2016-06-16,AMAT,23.52,23.745,23.32,23.69,12827761,-0.0592652571861172,-0.0509099551335793,-0.1658725801149836,-0.2416057301353811,0.190655723185034,-0.2438273393821119,1.180461921962257,2.387617825023269,2.612055765354575,-0.4720975164181066,-0.00141436229807,0.7955736252263983,-0.1383827827291305,0.5197635289617307,-0.0961839600409913
2016-06-17,AMAT,23.65,23.65,23.36,23.43,22138510,-0.7162839176667473,-0.708076200201762,-0.6441692925896615,-1.85149010862649,0.1515632063984747,-0.2967160845246034,-0.1590972934801438,2.420779785632871,2.4290400922036754,0.6051745748136369,-0.0015584841649981,0.0681324892505675,-0.0597316738202054,-0.7291238546729198,-0.5597895764312797
2016-06-20,AMAT,23.87,23.96,23.63,23.63,13020721,0.4984426039698846,0.5015016646605138,-0.4771302116573842,-1.3705460861149,0.1253125663396442,-0.3059723110093894,-0.3782411033579143,-0.4036725143502482,0.4612058849204126,-0.2744921713396714,-0.0010331413041391,-0.3606665500365523,-0.7169217327271963,-0.7859490786515375,-0.4274439353383092
2016-06-21,AMAT,23.69,23.92,23.64,23.83,7720110,0.4939446044182743,0.4970660369880167,-0.3085951363275548,-0.9498010718597492,0.1094223783046322,-0.2867096670391048,-0.5749341770815486,-0.4136196238119743,0.4289637075821795,-0.93078402065141,-0.0011271781836316,-0.1327448667104958,0.4981216782564063,0.4201693048847686,-0.6120775461774043
2016-06-22,AMAT,23.83,24.27,23.78,23.97,11645677,0.3327666615140136,0.3379130161484978,-0.1816942926554846,-0.9498010718597492,0.0994960103019254,-0.2559487817645909,-0.6287863328616602,-0.6054583605487941,0.1326313418496429,-0.3190959994806482,-0.0010753973948467,-0.2567027857476385,0.4936225052981771,0.4175462239026771,0.1123482326064106
2016-06-23,AMAT,24.34,24.53,24.13,24.52,10942852,1.3955363150717166,1.3798641753361829,0.3712472894369333,-0.0387822110440244,0.1103071965284516,-0.1779619659479514,-0.6160341101370214,-0.4581787016735941,0.3663536752141288,-0.4002389078486136,-0.0010944337011696,1.117958752292494,0.3324025154210683,0.5324065933066429,-0.2317666527293548
2016-06-24,AMAT,23.5,23.96,23.145,23.23,35722847,-3.308398505252597,-3.371034045979533,-1.0090284490623378,-0.9540808657260296,0.0656534246240122,-0.2583383607158311,-0.5083416594879682,0.2705223133090814,-0.4769280562940022,2.893275241125443,-0.0017022022702789,-1.6935583130352458,1.39544941688231,-0.8943583378046774,1.3326020671575545
2016-06-27,AMAT,23.04,23.17,22.17,22.29,20469065,-2.5522623042942207,-2.582330402977409,-1.9258014746623575,-1.4037387758901485,-0.0083294272581565,-0.3981320235039826,-0.1098255731824093,0.3472628510936308,-1.4594606430202368,0.7665527926696438,-0.0015582378852686,-1.7204552915023936,-3.30971253301138,-2.485684557380316,2.1476110100013743
2016-06-28,AMAT,22.75,22.97,22.56,22.94,13573757,1.782514247395862,1.7549487469683562,-1.135122374427418,-0.9270237833386736,-0.0425854516803266,-0.4077107837345172,-0.025840463975092,0.5601100931478877,-1.0575708599153244,-0.1465993347353481,-0.0010066299873993,-0.8491980337049618,-2.553379076536906,0.604665391144937,-0.1017967731796945
2016-06-29,AMAT,23.25,23.71,23.18,23.56,13315337,1.6496536190720363,1.6264274295749523,-0.4086287663542877,-0.6430973033572271,-0.046493300787647,-0.3372581110906833,-0.0484785142337991,0.7176299137303734,-0.6614462116094737,-0.2007982936235529,-0.0010292797799272,-0.0181526493443407,1.7825283012990307,0.9810405846183324,0.2834916934014193
2016-06-30,AMAT,23.71,23.98,23.465,23.97,10256713,1.0504417911765258,1.0434482881454283,0.0735997478257216,-0.2412325780580955,-0.0347500535636735,-0.2406103204464673,-0.1064157264903539,0.7703647015815075,-0.4969060783869027,-0.5853823910113852,-0.0010900461699929,0.6540899127997485,1.6496330132250492,0.8021720253462489,0.1992702800395944
2016-07-01,AMAT,23.77,24.02,23.74,23.89,8592957,-0.2407825678696495,-0.2317718315640079,0.0130745878112351,-0.2153455699056546,-0.0299428728767124,-0.1811454037956479,-0.1511515010509913,0.7680096770124699,-0.468554225611609,-0.7884331847450298,-0.0013639391872741,0.5414057928864462,1.0502648671447814,0.3550975938343585,-0.6145369342500031
2016-07-05,AMAT,23.75,23.87,23.49,23.84,8747113,-0.1632975028645469,-0.1545019194256456,-0.0238480169780124,-0.1348293607256379,-0.0294575010408941,-0.1446977320595569,-0.1715211201696017,0.7561367137878322,-0.3679966576587708,-0.7433118409184051,-0.0013717508693354,0.4709782179406293,-0.2412963374683942,0.2599849508061308,-0.2629041634431763
2016-07-06,AMAT,23.62,24.02,23.52,24.0,9625834,0.3848431347911138,0.3893799878179139,0.162433112814864,-0.0300123950293876,-0.0241931950901971,-0.1032387005264988,-0.1864027252487693,0.7648169217825526,-0.2707749810789402,-0.608130966635747,-0.0010937785929975,0.6963464577672396,-0.1637910587022417,1.1891651748430547,0.144944000393857
2016-07-07,AMAT,24.02,24.46,24.0,24.29,10056914,0.7192885767227816,0.7188953682201715,0.4795847086323587,0.1137219458713911,-0.0101867747509465,-0.0475694233560511,-0.178262710430189,0.788943819770785,-0.1311091011325829,-0.5550412288105304,-0.0010950336495628,1.1048263924529689,0.3844925740437714,0.8229333239716675,-0.0130285007764036
2016-07-08,AMAT,24.5,24.97,24.43,24.93,14148112,1.607396875807507,1.585494837235974,1.1573475426652564,0.5215574592886376,0.0241267598381911,0.049236160880358,-0.0600419403514586,0.8917987074439467,0.1392446004244584,0.0338118846648353,-0.0010454547742966,1.395390444515137,0.7190252637598608,1.299694372369978,0.213893267080694
2016-07-11,AMAT,25.0,25.3,24.998,25.15,11026227,0.5164130323468964,0.5192197345259406,1.3373008061047904,0.5287236774159986,0.0576183932561156,0.1245650688034947,0.1370796369488409,0.8561323005213467,0.4914957748325232,-0.4152286285562688,-0.0010991815580519,1.283572927714809,1.607365246317305,0.4269941601082186,-0.590570837766278
2016-07-12,AMAT,25.32,25.46,25.13,25.41,10622966,0.6106258157805241,0.6120266105902084,1.5376163197184165,0.5499493330122778,0.0916407013059885,0.1861941425092797,0.3701164326365634,0.8543899214839072,0.7343287224659288,-0.4711831934252459,-0.0011112303326257,1.39235927593996,0.5160967946329074,0.2422324485309592,-0.5089750778769573
2016-07-13,AMAT,25.49,25.97,25.42,25.91,15989732,1.1920735653422097,1.1817394453042995,1.9580916039219245,0.6692719374454112,0.1350287734612442,0.2596047170531375,0.6847377954918843,0.8711738855357586,1.1749751334715772,0.311535830913888,-0.001053758350735,1.3903916752859005,0.6103341556376072,1.2185539774858325,0.1777796341168919
2016-07-14,AMAT,26.08,26.24,25.74,26.1,14888635,0.4235468795546272,0.4276030512388423,2.023896390945908,0.5499493330122778,0.173199032698299,0.3049026160594165,0.9681422210039669,0.8651168058777519,1.3197685711317344,0.141536397263274,-0.0010779849357558,1.3285334413226308,1.1919335892157148,0.0316219346979193,0.005244284504847
2016-07-15,AMAT,26.15,26.34,25.95,26.34,11635444,0.539491658084649,0.5419668330255166,2.1284780510373214,1.5564051651503938,0.2087916298271097,0.3345060773712809,1.2379416094793336,0.8622095839089319,1.475383169476754,-0.3286272836146086,-0.0011211899791168,1.442878752192886,0.4232064155691361,0.5226256740207146,-0.3573476237056111
2016-07-18,AMAT,26.53,26.64,26.36,26.6,13472967,0.5815479869266756,0.5833975396459317,2.2229710559154383,2.5897881302137824,0.2427372201396824,0.3539494792283641,1.471101424156199,0.8153437299990798,1.8195636808095064,0.0071523407288409,-0.0011079018320914,1.413132161253804,0.5391814409608989,0.1730285287244801,-0.7140516962529992
2016-07-19,AMAT,26.5,26.82,26.32,26.39,15996681,-0.5245068654088998,-0.5155341789408604,1.8378950886895251,2.272294516105419,0.2567192235102828,0.3181182715908626,1.6110152437704168,0.8480983604121434,1.5479219783709095,0.3644096544999265,-0.0013953528514578,1.135481319698204,0.5812487411634295,-0.3399277345395658,-0.0123004207873361
2016-07-20,AMAT,26.57,26.765,26.42,26.65,9809520,0.5803836367372485,0.5822508831730483,1.95316827002476,2.225969773502994,0.2731872535429697,0.2958522953130794,1.770192749320255,0.8496923159777682,1.570503312214116,-0.5786051278848094,-0.0011436560657237,1.3213495346949873,-0.52509465101517,0.2011634195194137,-0.5124272223284708
2016-07-21,AMAT,26.61,26.66,26.06,26.23,14638512,-1.0141733694833244,-1.00834630843078,1.3799368880213891,1.572618208295124,0.2649585047588367,0.2144704307619038,1.8317865135429283,0.9237129551760658,1.2172373561465162,0.1189556930841837,-0.0013854290091405,1.0211008797001828,0.5800840872264801,-1.1052221638188418,0.3150625096015503
2016-07-22,AMAT,26.39,26.41,26.08,26.37,5292082,0.299300001546122,0.3048154541818711,1.4244232401540111,1.7138977308904084,0.2592621974062011,0.1558833997706326,1.922789218225477,0.8657778160821878,0.9406028467361452,-1.2457022154898498,-0.0011883157304075,1.1211837646984515,-1.0148888958575333,-0.0835744403282377,-0.5483779927968893
2016-07-25,AMAT,26.44,26.579,26.25,26.49,6859553,0.2503169831079278,0.2563407405397799,1.369360484763423,1.8079353946028756,0.254836769105669,0.112284995780036,1.862126201446782,0.2257383070461883,1.8935713253534177,-0.8841961292912933,-0.0011735602006523,1.2069690946969658,0.2989271249053262,0.1165574755456782,-0.5562486748502475
2016-07-26,AMAT,26.66,26.83,26.46,26.81,11876967,0.7190829301285544,0.7186932909295269,1.4535903942194237,1.8452614730469987,0.2592389026580393,0.1001282648338488,1.5544699461577345,-0.3730502489416666,2.810683831933559,0.0392020742840487,-0.0011258921028326,1.427308815249362,0.2499313281203609,0.3987685119387409,-0.4411516531747126
2016-07-27,AMAT,26.88,27.1125,26.62,26.9,10220850,0.1760014718633274,0.1827238702085487,1.33017435206951,1.7981216259163395,0.2615584097255801,0.0850422353565614,1.3353280028581156,-0.4983409713558223,2.3677774571148635,-0.2248363219804377,-0.0011462414352649,1.2632503792223746,0.7188195635179905,0.0298975750088463,-0.0654735961034404
2016-07-28,AMAT,26.82,26.95,26.58,26.62,8239113,-0.6810350950815065,-0.672641834515773,0.8783779238483107,1.2296499879258789,0.247824156925324,0.0316513102343219,1.1566373578077296,-0.5287951166847655,1.7400290573381412,-0.5440648857439608,-0.0013178597561654,0.9940345007356064,0.1755964299656958,-0.5897153961973997,-0.432942309585568
2016-07-29,AMAT,26.58,26.68,26.16,26.29,8805576,-0.8047898963398666,-0.7971375439188074,0.4194885933606939,0.7388833079499928,0.219723331071213,-0.0480407415890646,0.9893676662943482,-0.4702826456949432,1.2539996828507458,-0.4303749735133692,-0.0013252620317661,0.6881128958653622,-0.6816637146760036,-0.8506212045993773,0.0571069405366729
2016-08-01,AMAT,26.41,26.46,26.19,26.27,6456670,-0.0803585668239162,-0.0718999908958247,0.2760432089427795,0.5606866920362099,0.1927480917933278,-0.1088971425771087,0.7565501645710165,-0.4818412091935686,1.2956451873172778,-0.8492991124527978,-0.001305096560902,0.6697599267145414,-0.8054508002201325,-0.4268182518188477,-0.7347562552372111
2016-08-02,AMAT,26.23,26.25,25.68,25.97,10462246,-0.7439747735265236,-0.7359270452065446,-0.1361362619438152,-0.1333986683272048,0.1560681351496324,-0.1825620388041635,0.4383993345225169,-0.4134507209142424,1.1447021809106683,-0.1230781014815979,-0.0013461253309602,0.3857103718092941,-0.0808304861328844,-0.7752095795134739,0.2378747811984016
2016-08-03,AMAT,25.9,26.22,25.86,26.2,5615640,0.5183843429580454,0.521163053480739,-0.0153815451517738,-0.0974879082855596,0.1328235533186041,-0.2069115323028104,0.0849513654057723,-0.4088715272788532,1.1787900894683367,-0.9939107954468972,-0.0011850511746811,0.4683195062760089,-0.7446198123835015,0.8488006517763321,-0.4461823219535127
2016-08-04,AMAT,26.2,26.37,26.14,26.37,4926186,0.3709683223970951,0.3756717459802991,0.050317414923349,-0.1609302510257969,0.11803572981651,-0.2046235767428922,-0.2748731560834399,-0.426499324784409,1.0901608847106847,-1.1004564244438972,-0.0011931594338847,0.5227651299930537,0.5180686195057614,0.4639049559118162,-0.8644222062171795
2016-08-05,AMAT,26.5,26.87,26.38,26.81,6914596,1.005818386200265,0.9998133329579784,0.3950679497992002,-0.0031817231311489,0.1205470198686781,-0.1582655918038709,-0.4610088999719254,-0.5391814392919265,0.940052656965028,-0.6724817913477529,-0.0011743792248925,0.9673219231191756,0.370614142085875,0.85749678498486,-0.0681228173122768
2016-08-08,AMAT,26.85,26.92,26.72,26.83,5746138,0.0134478491516406,0.0213926491167515,0.3297497393128191,0.2238812837799269,0.1202421317890946,-0.1284279978843593,-0.6413497591885916,-0.5464414927534227,0.8135728789476439,-0.8739583212209128,-0.001187290294153,0.9691933628725774,1.0056298211271744,-0.0825934857972282,-0.9700726180757836
2016-08-09,AMAT,26.95,26.95,26.71,26.79,6923710,-0.1258145857256908,-0.117157659382274,0.2204076512165242,-0.0477251117868578,0.1153998828512042,-0.1162370114891106,-0.8033815202934697,-0.5582697794467043,0.6301396711178976,-0.6073499809560079,-0.0013081770759204,0.809467499120384,0.0130004014034482,-0.4748614720299303,-0.8447092580788768
2016-08-10,AMAT,26.8,26.86,26.37,26.41,6234346,-0.916088773527984,-0.9093169576025336,-0.1814456752451967,-0.0048407370963851,0.093829478561164,-0.1495422062805871,-0.8690217786724039,-0.5797607954388647,0.1159377457394713,-0.6821942454306961,-0.0013030828911471,-0.187304514860065,-0.1262983632824942,-1.1257641707271109,-0.0450527517345286
2016-08-11,AMAT,26.56,26.99,26.4111,26.82,7599083,0.9335240392813938,0.9290550410892776,0.1889315634846604,0.2319242559426116,0.0901354215325932,-0.1301729519971864,-0.8797959316539761,-0.5214051504730313,0.2376692438965217,-0.3159427406915727,-0.0011674819572371,0.7641191712491303,-0.9167787122797888,0.7132717074933821,0.2075584042134024
2016-08-12,AMAT,26.86,27.22,26.86,27.18,9852879,0.8026823126339143,0.8007873678419327,0.502793533440553,0.4107202388865167,0.0985437905312568,-0.0835261123149719,-0.7967510392170533,-0.4934624051799594,0.3008868162478721,0.2193490362302293,-0.0011477446813168,1.356536374596979,0.9333166145654314,0.8737791770437808,-0.4874714589523251
2016-08-15,AMAT,27.4,27.75,27.35,27.47,10768461,0.6312729368816149,0.6323470509471972,0.7450474332607963,0.3897675846352773,0.1136147960434567,-0.0290591288780822,-0.6500654889462651,-0.4888654353133772,0.3128726022027741,0.4683140980668468,-0.0011423540273437,0.9932310079977644,0.8024407548447249,0.1666989586794509,-0.3777693418755516
2016-08-16,AMAT,27.43,27.5224,27.21,27.22,6704672,-0.599596311513462,-0.5908518391434002,0.4564644726680029,0.0788640584224522,0.1127242145841834,-0.0265703922205637,-0.6000751083378372,-0.4807514516510499,0.2944342325615719,-0.391202681991303,-0.0013030112686202,0.5917598078235503,0.6309866630150375,-0.6047297803004149,-0.6348329207334504
2016-08-17,AMAT,27.43,27.43,27.0,27.29,10255330,0.1271091231827014,0.1342433800360466,0.4931718551666723,0.4074117029483524,0.1117885480001852,-0.0246954512294679,-0.5391439339610327,-0.5040448383216453,0.1852206747425854,0.4773490670609006,-0.0011484226971153,0.7041717438723305,-0.6002036859285026,-0.4119253704851424,-0.2781480303216687
2016-08-18,AMAT,27.6,27.71,27.256,27.68,20765004,0.8567303997641881,0.853804380584066,0.8031415077730644,1.026293055535371,0.1232785038366334,0.0087878397713287,-0.4402155331974292,-0.5603179885263284,0.6443986431805199,2.878024225991844,-0.001058070975106,1.3304668161441056,0.1266913265915901,0.1926741307699488,-0.2243892864684484
2016-08-19,AMAT,28.985,29.74,28.64,29.64,53885959,4.375448808726245,4.211223264726559,2.5501130162334014,1.6809517755920345,0.2054568935514297,0.2175252845006418,0.3023462535437299,0.5345739477736475,1.6537220235511911,7.89636715091071,-0.0007934552847161,1.3610023596450431,0.8565029416614142,1.6809947922576318,1.5016229648197428
2016-08-22,AMAT,29.5,29.53,28.87,29.15,29150820,-1.062228106962073,-1.0569217808280402,1.9321979495169532,1.51456871116155,0.2467589769248561,0.2793003314312929,0.6099506576150239,0.6257293762115638,1.3072766070551778,2.8367938658831164,-0.001451882311825,0.9598080361606026,4.376139289236754,-0.9226936629279744,0.2956389499862613
2016-08-23,AMAT,29.25,30.15,29.2,29.95,23549505,1.6756293428441065,1.6515757588253306,2.5409408125787643,1.6312777421668727,0.3057549871093352,0.3742642319933208,1.0580003132603748,0.7063603246646394,1.552618741730211,1.7170407230177278,-0.0010599536036666,1.2941457974974728,-1.062956169519618,1.7817603589686155,1.0522091955700132
2016-08-24,AMAT,29.95,30.0,29.61,29.7,12402095,-0.5526791607359921,-0.5437813587157687,2.152831186901323,1.4063812837436416,0.3370889512928356,0.3790337222279031,1.3328988698828912,0.7394116918549264,1.3612345243151345,-0.0803226740741184,-0.0013330085525328,1.108229604128206,1.675615513362002,-0.6569658426782204,-0.4969489798857742
2016-08-25,AMAT,29.63,29.96,29.59,29.65,10441738,-0.137807553992071,-0.1291038129306828,1.9478880046440163,1.2637519416557714,0.3541747167607626,0.346174696198942,1.516242660983624,0.7039549982672219,1.504207687423553,-0.4048962989458765,-0.0013212920493892,1.071046365454352,-0.5532742957333474,0.0246802666684997,-0.5513199220685278
2016-08-26,AMAT,29.78,30.155,29.7,29.97,12175151,0.6389288135939959,0.6398801010869419,2.0631409255810644,1.3376957819215871,0.3742982933208419,0.3277067488322241,1.6681388558281378,0.6453929323561245,1.8883048010476056,-0.1574476666479625,-0.0011484099996505,1.305454487516491,-0.1382944601904366,0.4557129716601486,-0.3260555994224094
2016-08-29,AMAT,29.92,30.27,29.6,30.05,9799140,0.1331915778988025,0.1402766653477871,1.9456376213120483,1.3856468595453892,0.3872348808059804,0.2944332047812035,1.7667710936397207,0.6379925016539009,1.9457760833791349,-0.544871360732958,-0.0011693067065628,1.2835497896139438,0.6386445369389132,0.3019498953640199,0.2668583186526851
2016-08-30,AMAT,30.19,30.2,29.7,29.99,12069319,-0.1573049365596785,-0.1485300080256622,1.6867066350390505,1.635947036655215,0.3889462122340407,0.2389207536879322,1.7503368985013763,0.5894748422132614,2.105912694635557,-0.2086799825060002,-0.0013307865359683,1.2318196069584413,0.1327753680558757,-0.5268252302879933,-0.2018464199426348
2016-08-31,AMAT,29.89,29.91,29.55,29.84,10595677,-0.344390028539755,-0.3352425103474685,1.3665189552239876,1.422993238637983,0.3783416830283816,0.1628099795549238,1.6928182722307603,0.6158984020201064,1.872944433751225,-0.4624358100163069,-0.0013225668147975,1.0967775267448785,-0.1577969290986478,-0.1526995972923209,-0.5858711736115015
2016-09-01,AMAT,29.94,30.29,29.825,30.29,10705194,0.9058818682874462,0.9019788054077374,1.590701126110723,1.4444011147297569,0.3815531045807314,0.137483379663355,1.668300500635437,0.6282484601494023,2.0157340518758518,-0.4794837759265384,-0.0011596349564472,1.442878752192886,-0.3449308265271685,0.8568873504868976,-0.3119082657962136
2016-09-02,AMAT,30.39,30.41,29.82,30.02,11528135,-0.58795378899479,-0.5791679291873933,1.186002349977466,1.1550771288213553,0.3675392556032486,0.0728845499327156,1.6252403386283023,0.652652010635585,1.59096482402353,-0.3868474441499699,-0.0013295687757781,1.1219800394199717,0.905667232475522,-0.9461638858126096,0.0466210348471517
2016-09-06,AMAT,30.04,30.22,29.79,29.98,14689448,-0.1159514561077654,-0.107334757575942,0.998583304375281,1.3225492879008496,0.3491381669440522,0.0099128067321168,1.541387631566037,0.6572717421999247,1.5568104518067902,0.0025424566861396,-0.0013569639478615,1.0890673509304425,-0.5885581261901005,-0.1772189180193146,-0.3959746841438914
2016-09-07,AMAT,30.03,30.25,29.87,29.91,11248833,-0.1783617076581237,-0.169516746008302,0.7873819754543853,1.2458769398865683,0.3263422672549138,-0.0517767557644524,1.4040498934885768,0.6596217381537318,1.542938671684005,-0.4998844680254345,-0.0013339593754479,1.0314701460737656,-0.1164326606403959,-0.3282217862610736,-0.5324965333261292
2016-09-08,AMAT,29.86,29.965,29.64,29.79,8170398,-0.2827775375294495,-0.2736905227150382,0.5212756471020941,1.0276276115439882,0.298417565218379,-0.1143298547135467,1.1288677219048509,0.6031461898742985,1.7121344615703842,-0.9298483013376132,-0.0013112403991345,0.9274888816749064,-0.1788591933400547,-0.2034305817063363,-0.6821000232788034
2016-09-09,AMAT,29.5,29.65,28.67,28.86,14681876,-1.976600436260089,-1.988538856238545,-0.4091278776224433,-0.7522753229645918,0.2352780229920165,-0.2550147263115135,0.8729228442612645,0.8184954496573724,0.9496207765143684,-0.0884743396049465,-0.0013689752836104,-0.0085244542960904,-0.2833022624817446,-1.665406127217339,1.2386844846677398
2016-09-12,AMAT,28.64,29.77,28.53,29.59,16269116,1.541791461243599,1.5218915565372315,0.1379801980136253,0.1111059055852641,0.209853886482898,-0.2704838185298993,0.650779879220097,0.8797653622168549,1.1347520546727254,0.0780835082563355,-0.0010961226124616,0.6435154499339869,-1.977567033866601,2.479765708309037,1.9011622555985648
2016-09-13,AMAT,29.29,29.62,29.085,29.38,13010389,-0.4748408512538484,-0.4657675115023074,-0.1356001373975007,-0.6392467878517553,0.1776958854622205,-0.3001919436364744,0.4443809864846234,0.8930204134152101,0.8536846658688652,-0.3592102189084216,-0.0013540525730143,0.4388004578920732,1.5417427170723486,0.2058330109221965,-0.0737146524539121
2016-09-14,AMAT,29.38,29.5,29.27,29.43,12259396,0.0729570500364144,0.080503129749327,-0.1893521713745125,-0.4143540001587984,0.1507443922722906,-0.3105569821934191,0.1154276585008424,0.8656680538783366,1.0249284299907448,-0.4842384808730408,-0.0011334069194555,0.4875421226639579,-0.4754156803382087,0.1022603469678517,-0.9400021985397068
2016-09-15,AMAT,29.58,30.385,29.52,30.15,15579797,1.4901363728156565,1.4717668544429072,0.3217087084152479,0.1617716654125384,0.1542469907204536,-0.2404607054179942,-0.2890401667701096,0.9303913023219011,1.371677745137026,-0.0944053196671461,-0.0011090663818927,1.168849836614239,0.072525126631744,1.429549491791378,0.7997156751640583
2016-09-16,AMAT,30.38,30.44,29.89,30.05,16245771,-0.2394903631133193,-0.2304824238893005,0.1273171150606895,-0.1297669897049001,0.1496658675149131,-0.205191044376129,-0.7600190737024229,0.9261879509836536,1.0900057944513954,0.0177944960480873,-0.0013756616325531,0.7641191712491299,1.490074153226731,-0.8469909782066378,-0.0659504364045965
2016-09-19,AMAT,30.44,30.78,30.27,30.3,13655492,0.4849576798982025,0.4882027785925195,0.3181424541365459,-0.0114967810774012,0.1524210473414773,-0.1580917978296334,-0.7244735204435253,0.020546343634696,0.159551480857462,-0.0603610986035875,-0.0011253313261741,0.7337200242051536,-0.2400037956107379,-0.3737951948252232,-0.1885569620919535
2016-09-20,AMAT,30.6,30.709,30.19,30.39,13183700,0.1519288208054632,0.1588587458080332,0.3418396657050517,0.0929617081940475,0.1546675035448293,-0.1217218464411037,-0.7493789700986769,-0.0617478117650465,0.457268209900926,-0.0122926875960931,-0.0011339850192244,0.8666872857028531,0.4846332363321812,-0.5448091941127273,-0.1680298575325317
2016-09-21,AMAT,30.43,30.67,30.0,30.57,21288337,0.3357583745114542,0.3408708727573638,0.472168152974568,0.3219062010405688,0.1599914284656475,-0.0847045338289617,-0.6824488497104647,-0.2350434631021276,0.1365517882294016,1.2653677117608046,-0.0010737658824656,1.132621808698252,0.1515174990032295,0.32127628261454,0.2352503777896595
2016-09-22,AMAT,30.76,31.07,30.17,30.29,15660404,-0.6032364911904647,-0.5945054116119741,0.2001416681890913,-0.1889912872378273,0.1497685227727715,-0.0951079581061899,-0.6696082097722911,-0.2305525261604288,0.1242760541868206,0.3602866034020615,-0.0013598574828983,0.4220670989625121,0.3353950088756416,-1.1807163891322667,0.8849644215373675
2016-09-23,AMAT,30.33,30.42,29.61,29.66,13971788,-1.3278974502522405,-1.3261598930945615,-0.3528258588186285,-0.4300610983320785,0.1138640554781602,-0.1695345949926367,-0.6703530428429569,-0.1081547187628347,-0.1625236446476631,0.072629574301662,-0.0013518319193822,-0.4024346209543259,-0.6038448152300834,-1.6952811422662295,0.6846739402031808
2016-09-26,AMAT,29.49,29.62,29.2236,29.35,12610260,-0.6837037849451301,-0.6753238624349152,-0.598010109302947,-0.5864725603482629,0.070698156962013,-0.2477667034632829,-0.6285321987258594,-0.1148311896944268,-0.4713027989411338,-0.1367656527442137,-0.0013452291066825,-0.8081418164689596,-1.3286948187673042,-0.3849889795580759,-0.4657253778713138
2016-09-27,AMAT,29.35,29.759,29.26,29.64,17381889,0.5821600344470261,0.5840002778452354,-0.3255534609538096,-0.3516764358290398,0.0456793019833437,-0.2636422125687044,-0.6237964566113593,-0.0883213282211017,-0.3678591561195133,0.512455050127347,-0.0010959751729043,-0.4286092787294631,-0.6843331007287472,0.7201917181926344,-0.1882507297293962
2016-09-28,AMAT,29.73,29.98,29.47,29.74,14034816,0.1770513169300065,0.1837644554205139,-0.2267631131718305,-0.2192418909571611,0.0277709759869374,-0.2580402406577172,-0.623257629820746,-0.0851181943364176,-0.2899056719397835,0.0054776112195731,-0.0011301799161087,-0.2977359898537771,0.5818609483504503,-0.0009039086882822,-0.1621430588103307
2016-09-29,AMAT,29.66,29.82,29.3,29.58,11533967,-0.367941772701077,-0.3587873017185402,-0.3560643911125271,0.3284268438912979,0.0055218060843218,-0.2647319206175524,-0.6132398317194503,-0.0841712492140296,-0.2954428637466698,-0.3654485169434379,-0.0013315827380414,-0.5071332520548794,0.1766465489086028,-0.2300974953197944,-0.1262378010377516
2016-09-30,AMAT,29.68,30.21,29.66,30.15,13210894,1.1667024483002153,1.1569894459502372,0.1513461889601474,0.2297876288198684,0.0085274492059456,-0.2050798106129178,-0.6264926144551364,-0.0468998184958628,-0.2353579973380835,-0.1385646090952136,-0.0011375457911449,0.238844494536547,-0.36848871470255,1.1700897505409833,-0.0710097181978939
2016-10-03,AMAT,30.18,30.4,29.8,29.92,9867563,-0.5079329791934226,-0.4989222566096515,-0.0465268440093692,0.2127917312525949,0.0001596677629841,-0.1866331216493249,-0.6297396806152403,-0.052210934400527,-0.2163994997406538,-0.6123526256796011,-0.0013183900505004,-0.0621640698775332,1.1665558535344067,-0.6771934276512198,0.0799500149267715
2016-10-04,AMAT,29.9,30.13,29.52,29.61,8483142,-0.6780492390597063,-0.669641192950525,-0.3030547747085502,-0.0633150824019613,-0.0201361277330364,-0.2025782733148521,-0.6261149151438762,-0.0270065670751181,-0.3487318970706428,-0.7851931586733504,-0.0013095959504828,-0.4678712653921713,-0.5085164411203411,-0.7590930624444385,0.1255934969771842
2016-10-05,AMAT,29.74,30.175,29.59,29.94,7940018,0.6608625308939652,0.6614568533855247,-0.0139198178521378,-0.3505437280929808,-0.0246453769542086,-0.1747000962951342,-0.6253343295381771,0.0037205961134503,-0.1527462079692979,-0.8513084467404928,-0.0011785579362945,-0.0359894121023958,-0.6786770797249975,0.4817653937349865,0.0370796620736017
2016-10-06,AMAT,30.05,30.0698,29.44,29.89,13015401,-0.1369673815596793,-0.1282668450399614,-0.062337141982903,-0.313707003735735,-0.0315195726637631,-0.158484886228812,-0.6250142077430787,0.000208515521685,-0.1181766827832274,-0.1233677372659205,-0.0013454901107199,-0.1014260565402412,0.660583976153427,-0.4285889510434566,0.1647173557736285
2016-10-07,AMAT,29.83,29.91,29.475,29.75,11641487,-0.3246027760661194,-0.3154680180181153,-0.2245395977994217,-0.6305511894843379,-0.0436699502607647,-0.1590935195266021,-0.7611492247726651,-0.2654210450127778,0.2854346605200814,-0.3068482818874494,-0.0013381760315845,-0.2846486609662063,-0.1374540685797453,-0.2289361557100273,-0.3727264618121013
2016-10-10,AMAT,29.97,30.0,29.35,29.38,10270686,-0.8072976858911656,-0.7996629368688888,-0.5405731505412777,-0.9423768290823108,-0.0687642634138167,-0.1928978934612371,-0.7369719287516826,-0.3958989976360246,-0.2717072774875086,-0.476710975570416,-0.0013299351395548,-1.3872808439168474,-0.3251384120936983,-1.5136556647911117,0.2525004188216749
2016-10-11,AMAT,29.37,29.39,28.305,28.64,20018667,-1.6011018207558505,-1.604260721876518,-1.159791396269683,-1.449871329004509,-0.1181095008611705,-0.2823628542721469,-0.5719185279598271,-0.231183438067262,-0.5373900417336992,0.9322670094878472,-0.0014182391353294,-1.4785538467167914,-0.8079592439860048,-1.9041784223950529,1.5659677265418062
2016-10-12,AMAT,28.66,28.8,28.26,28.64,11687678,-0.0329960430517004,-0.0247793014886723,-1.126361231473226,-1.338299685283707,-0.1571011326878559,-0.3272848202866115,-0.4334014196306602,-0.2331880753451733,-0.5617132432734879,-0.3027717862131327,-0.0012427088046935,-1.4317693389050723,-1.6019704609135563,-0.0790393597593206,-0.0199529507632449
2016-10-13,AMAT,28.25,28.26,27.56,27.86,16963790,-1.728571086658236,-1.7344431290721245,-1.7189789665700548,-1.3998442196747078,-0.217884180134413,-0.4193131217728975,-0.1229710982210356,-0.268293699055514,-1.2829727506083817,0.4705357742124026,-0.0014014958689086,-1.5971847051263175,-0.0334556067571959,-1.0693323459902917,0.5026675370601245
2016-10-14,AMAT,27.95,28.405,27.82,28.07,12138271,0.4362856466360819,0.4401784496203353,-1.4500610168510546,-1.070160274830523,-0.2565295277359117,-0.4359537046527311,0.0537292382558862,-0.2330435402866003,-1.135176385530313,-0.217292395393148,-0.00112219515248,-1.3983020490400135,-1.7294729801052309,0.2980560509077096,0.1455625496982692
2016-10-17,AMAT,28.65,28.65,27.74,27.8,11038569,-0.6318442840426597,-0.6232259642948696,-1.584957713803822,-1.461618563332676,-0.2960655447704947,-0.4515587387448251,0.2204092844426126,-0.264914756550285,-1.3792384611271011,-0.3664601902223613,-0.0013477431724241,-1.6540083211509742,0.4359485058509241,-2.2678180303100737,1.136740195068167
2016-10-18,AMAT,28.24,28.34,27.955,28.02,11970776,0.459693462332727,0.4632794146370967,-1.287926576760096,-1.3460285337886229,-0.3167843315180631,-0.4156075391911047,0.2835039968253904,-0.238070368039638,-1.3128248390997386,-0.2164364167260297,-0.0011243238501433,-1.445655062393896,-0.6324600710829076,-0.6148927808582563,-0.4462050267987583
2016-10-19,AMAT,27.98,28.43,27.95,28.32,11794033,0.633578234235011,0.634615459846987,-0.9218231236240008,-1.0103353338863814,-0.3194115918295777,-0.3402793019403924,0.2377344371904198,-0.2055289753844321,-1.2484300545956335,-0.17643582722674,-0.0011308435688013,-1.1615369822706052,0.4593624280145789,0.8917537477358175,-0.1787669635426612
2016-10-20,AMAT,28.22,28.45,28.02,28.38,12119108,0.0989065787673143,0.1062611344982393,-0.7842893878358757,-1.4895258458427243,-0.3171723509964909,-0.2674904219685636,0.1988978892636134,-0.2059227847270631,-1.093568385171117,-0.0979504892768071,-0.0011322140485153,-0.9282157710178446,0.6332925617582608,0.4020422594102934,-0.3285836080091515
2016-10-21,AMAT,28.26,28.56,28.05,28.43,9875721,0.0766904218858925,0.0842096069428873,-0.6849795452302547,-1.335244319972026,-0.3115349141134285,-0.2005124198571009,0.2095052134491145,-0.294521195653327,-0.7765280592057501,-0.4319912692439273,-0.0011561155161229,-0.8629795677936314,0.0984814248939476,0.4281704794808508,-0.0962891404797645
2016-10-24,AMAT,28.71,29.16,28.65,29.15,12300692,1.5437112027793325,1.523753640011898,-0.0255511223567517,-0.5086488459739161,-0.2772315378999777,-0.0731443838046274,0.2045581126535091,-0.124078624904423,-0.2675556517117858,-0.0335947139570475,-0.0011381160993941,-0.0202293188645495,0.0762594724171215,1.131565214056815,-0.1332162425296662
2016-10-25,AMAT,29.08,29.3,28.75,28.86,9773198,-0.6523727454389309,-0.6438435532129346,-0.2525309682286813,-0.946639264962619,-0.2601562187123838,-0.0155946771728314,0.1823626024119968,-0.131631545109869,-0.5539650949323583,-0.3960178878102451,-0.0013227921294219,-0.3596703913498738,1.543662959416808,-0.5978912666490722,-0.0030538869171294
2016-10-26,AMAT,28.71,29.02,28.6181,28.85,7343464,-0.0545684746173865,-0.046237136703477,-0.2214707990612877,-0.9255934878035958,-0.2458792582082333,0.0232421610540905,0.1453818866540314,-0.1372730163449054,-0.6069870059106852,-0.7702146614551513,-0.00130467041354,-0.3713752559183311,-0.6529938878004056,0.3421003743444917,-0.430329399204399
2016-10-27,AMAT,29.07,29.3,28.67,28.86,9128007,-0.0114161340400588,-0.0033214662738622,-0.1798601168396846,-0.8396870276879866,-0.2331793017045956,0.0502524504858253,0.1183616695110174,-0.1410038273465463,-0.5249588852505694,-0.4440914329582175,-0.001163931030166,-0.3596703913498738,-0.0550336659877346,-0.5720982805999973,0.2279672054707504
2016-10-28,AMAT,28.96,29.175,28.57,28.66,11541636,-0.4644446743654776,-0.4553553266342073,-0.2941781962643377,-0.7385804938775724,-0.2300301164883781,0.0472771611502464,0.0044105430732454,-0.25614155679441,-0.8932798944003427,-0.0062293393684621,-0.001339567627455,-0.5937676827190627,-0.0118700681300379,-0.8089662590086397,0.1679649983366888
2016-10-31,AMAT,28.73,29.165,28.71,29.08,10929238,0.8793687772345058,0.8759974036733079,0.1264475698831749,0.1772290158683164,-0.2102771947924184,0.0876346615537046,-0.086180533441824,-0.1886837779287993,-0.5797998639978325,-0.1232745524481802,-0.0011476724869331,0.0509174583116103,-0.4650167913680265,0.8940845910237305,-0.2873317760070593
2016-11-01,AMAT,29.11,29.23,28.51,28.9,10437813,-0.4183621623689006,-0.4092229277783732,-0.0050496022212993,0.0169405107698059,-0.2010850321516314,0.0927374498678606,-0.141737066954098,-0.2048358393969261,-0.5196366983795967,-0.2251104487146948,-0.0013304667212016,-0.1778980968469547,0.8791472248730863,-0.5713483228813503,0.4849881630140532
2016-11-02,AMAT,28.74,29.0875,28.47,28.59,9944303,-0.7008158224482125,-0.6925241869063518,-0.2264883273346974,0.4728174591166501,-0.2053296498052327,0.0622336393504328,-0.2714110042686266,-0.2278930348940334,-0.829696116371511,-0.3259690000392828,-0.0013290475785945,-0.517087714899074,-0.4189222576884837,-0.4206369326942077,0.2087103974680632
2016-11-03,AMAT,28.52,28.59,28.12,28.27,12013760,-0.7298331189364524,-0.721702119303575,-0.4459170601157764,-0.0136098109126444,-0.2204423590492469,0.0098563102727832,-0.4091302468149442,-0.2068612274423463,-0.9634692621823118,0.0405353135860211,-0.0013503642368448,-0.9140204526331438,-0.70144960230032,-0.6885867573804568,-0.2057489495388537
2016-11-04,AMAT,28.05,28.64,28.02,28.22,8665773,-0.1431093035727139,-0.1343856018278705,-0.4224287998680009,0.2051143487336666,-0.2333928042684913,-0.0264799226121225,-0.5530150836795392,-0.2078182295332608,-0.922785210656096,-0.5209855894351636,-0.0013234967137841,-0.9821389267610648,-0.7304744686176295,0.4315730561785494,0.2396942683639398
2016-11-07,AMAT,28.67,29.35,28.63,29.33,12024855,2.415849514121294,2.3639585388112465,0.6003639863285929,0.7687743532000466,-0.1993693099346184,0.0653612028513807,-0.5634921018786815,0.171352212831927,-0.1924710775521172,0.0534614242196783,-0.0011272442261305,1.33388919358821,-0.1435975928543763,1.7129292882074874,0.4545478566437225
2016-11-08,AMAT,29.34,29.67,29.11,29.51,7395779,0.3490853326640912,0.3540452969859284,0.7245735131178057,0.7077418264944153,-0.1651142376069324,0.139430180991732,-0.4555550860105436,0.0194723831161894,0.2786577598177216,-0.6797287471867446,-0.0011745299074861,1.1908081142825548,2.41602878809294,0.4114408955421319,-0.0097962425870357
2016-11-09,AMAT,29.33,29.33,28.36,29.13,12558628,-0.8346922222946701,-0.8272564792039935,0.3528416822898658,0.3334216209648455,-0.1528560953731393,0.142065644111021,-0.4244199423910975,0.0673083700757597,0.083794323471027,0.2636268506178642,-0.0013557061174062,0.5921403492455152,0.348725443671779,-0.5415009024432084,1.1838437413151113
2016-11-10,AMAT,29.21,29.9,28.1,28.18,14796754,-2.063381749321848,-2.077689517546213,-0.5329457535074568,-0.3325784608373927,-0.1801487750897518,0.0423708797582909,-0.4698218382765871,0.1444470104861955,0.0012127791410051,0.7019751393848406,-0.0013814945857675,-1.204154694289098,-0.8353609268842939,-2.690415787940672,3.7320808702005
2016-11-11,AMAT,28.5,28.84,28.24,28.82,12748367,1.3809551279593133,1.3656866077677456,0.0191781218049663,-0.3815288921381854,-0.1762551963809739,0.0428879606036219,-0.5081638932453593,0.2398801053707851,0.2249317477846465,0.3151953867692242,-0.0011168414760608,-0.2192120165283583,-2.064370985829491,0.8219841948068215,0.1437390955378739
2016-11-14,AMAT,29.4,29.5,28.93,28.99,12293754,0.3342442891744723,0.3393739395654778,0.1198422015105843,-0.1112969374824121,-0.1662586633382095,0.0590105246755573,-0.6031035837096328,0.2147141535851555,0.4611918965758014,0.2180554713809759,-0.0011265960214395,-0.1084059652802785,1.3808644259319398,-1.079929881323738,0.0473201068826941
2016-11-15,AMAT,29.31,29.64,29.1,29.61,12678706,1.2984969976215883,1.2854498416431566,0.6116159346604714,0.2152091982711855,-0.1340863239854489,0.1289887196270621,-0.5852323138237672,0.2856209587783666,0.6659139758460629,0.2813986410307244,-0.0011277690685202,0.9485132927783628,0.3338805285546818,0.7469872890683324,-0.0714298105380161
2016-11-16,AMAT,30.0,30.3,29.54,30.02,16103223,0.8290706700322984,0.8266779864954374,0.904691570436461,0.3864016775138841,-0.0930769117491851,0.2077177490635937,-0.4540956665695406,0.2980929263257198,0.714130895667734,0.8528970605764158,-0.0011025294521788,1.03464593180521,1.2983847844947127,0.0240513059190482,0.5185712694713402
2016-11-17,AMAT,30.39,30.8463,30.0,30.73,19147636,1.4394625386934867,1.4225548738510545,1.436584546084264,0.7566003748838098,-0.0339390706503166,0.3173632364312354,-0.1729563599745236,0.3816892207833117,1.0486397299242018,1.2961188791999516,-0.0010840419320025,1.3060913224067492,0.8288359962529619,0.8189485677554654,0.7038719713996593
2016-11-18,AMAT,30.47,31.25,30.3511,30.74,23958862,-0.012736349755709,-0.0046340002233927,1.335342887568557,0.6207833173576525,0.0114930266319978,0.3698012776806452,0.0202263181775736,0.3834797958816753,1.0258374852982586,1.895957535346876,-0.0010549104028176,0.918007983123017,1.4393870996696372,0.64316103343575,0.8457319983634526
2016-11-21,AMAT,30.88,31.45,30.84,31.35,13076803,1.2024432176552928,1.1918523876892408,1.778735096112607,0.926727656432116,0.0690135408226617,0.4428670877048183,0.3422801540445147,0.3411836758228051,0.9409418818599972,0.0995651432178545,-0.0011467044340323,1.345963838564827,-0.0131906282543172,1.1235972776888323,0.0303004741489168
2016-11-22,AMAT,31.53,31.8,31.35,31.67,8955598,0.6024926969656936,0.6040203435206096,1.93002663634838,1.2114622792699292,0.1240664638286237,0.4949681984933671,0.6468249949156436,0.3059922932287252,1.2625024039439794,-0.5711748191708436,-0.0011791589382296,1.32855504852423,1.202305946691064,0.3091496693314429,-0.4071310778379223
2016-11-23,AMAT,31.64,31.95,31.505,31.88,9876745,0.3798295923982975,0.3844269844324974,1.9715064786626308,1.480794548895562,0.1722789204966127,0.5190418445262597,0.9141597455113,0.300610559553471,1.3749925490937691,-0.4362370653383049,-0.0011741913293124,1.3836694118313146,0.6021989151117049,0.546769050868307,-0.4280026207311532
2016-11-25,AMAT,31.71,31.97,31.44,31.88,4703898,-0.0329960430517004,-0.0247793014886723,1.827330450442264,1.5173150760980658,0.2064121097419731,0.5020609693758994,1.111150574344966,0.3013398701431559,1.3693691883809689,-1.2645122506530408,-0.0012427088046935,1.3671379070359686,0.3794777237531306,0.3787229785455845,-0.2057951859222205
2016-11-28,AMAT,31.84,32.16,31.62,31.84,8412891,-0.1111115229746315,-0.1025151345403832,1.6419083553172198,1.219672730606042,0.2275692663669012,0.4550761846680276,1.2289019716752687,0.2786770272339083,1.4620843715824057,-0.6315866982018782,-0.0012996649954266,1.1859371840813917,-0.0334556067571959,-0.0263165508545973,-0.1778796790366806
2016-11-29,AMAT,31.67,32.35,31.57,32.16,8982904,0.5927128765319908,0.5943916872301979,1.778128942448936,1.2596141535779677,0.2523254764590318,0.4267522585699884,1.3868667966514303,0.2646623956749869,1.388044801198017,-0.5235786185078233,-0.0011806193235163,1.2970139734136508,-0.1115914648994054,1.1426248677949111,0.4300029089349745
2016-11-30,AMAT,32.16,32.54,32.05,32.2,14878917,0.0444393269714222,0.0521835212145654,1.6589536040619228,1.6021918856230932,0.2687253384091113,0.382584021425236,1.4886631653938702,0.2393665845650247,1.5095338949419257,0.4285220945531108,-0.0011421167856428,1.192829698491462,0.5924165433869456,0.0676533311858029,-0.3230934328392558
2016-12-01,AMAT,32.14,32.18,29.85,30.1,25173904,-4.093302836437252,-4.200512954250021,-0.2341376105315383,0.7234449870113836,0.1951300456705192,0.115603452772756,1.3860343226279197,1.0778637071979602,0.6082030003638724,1.89292860835283,-0.001406949228335,-0.3515909273114676,0.0439999640628978,-4.821762777592582,4.8599784834445785
2016-12-02,AMAT,30.2,31.45,30.06,31.44,15229645,2.7386242309713853,2.6720467399986214,0.7868209778108806,0.9297900260852532,0.1857049599586274,0.0671920060720738,1.260383527624581,1.2877918675133275,1.4793699541831082,0.3083893599311803,-0.0011370969761069,0.6338965196294487,-4.094821624540452,3.075809727257423,2.093275152525318
2016-12-05,AMAT,31.7,31.835,31.34,31.53,13035877,0.1452235299404144,0.1522096219594759,0.7170595237566971,0.9083515804671888,0.1780291692288064,0.0329655038819382,1.0871510522933725,1.2807768112353797,1.555148100099565,-0.0635748472550571,-0.001155623891785,0.6867023213782658,2.738887708150436,-0.4314838529769876,-0.2829279172528798
2016-12-06,AMAT,31.71,31.83,31.21,31.61,10087976,0.1249691646833446,0.1321205807421311,0.6848528444667003,0.7493554650752537,0.1714223108212012,0.0083357155259545,1.0507347195689158,1.1029134463717256,0.9741982259371884,-0.5002336470019018,-0.0011773673888506,0.7465974842150662,0.144810458908864,-0.2645750975605927,0.0433275622308089
2016-12-07,AMAT,31.8,32.65,31.29,32.51,12588974,1.7396149581732474,1.713479730754573,1.3196217448038348,0.8946952589416483,0.1976320761439997,0.073101309397675,1.1033668631777955,1.1901286845550578,1.325564343239394,-0.1546060830780801,-0.0011630436679755,1.3405962433485012,0.1245508098348483,1.660531482602432,1.8950977684758024
2016-12-08,AMAT,32.78,32.925,32.4501,32.71,10131405,0.3500124927746914,0.3549617409842835,1.3290887662276902,0.7429399313693431,0.2220191913589316,0.1202223144936235,1.0915511440762855,1.1382819705072778,1.6374611647965305,-0.5096587505318273,-0.0011803846052277,1.2947546007835338,1.739617820810312,-0.1876534929300374,-0.3813399785089865
2016-12-09,AMAT,32.78,32.828,31.91,32.35,10774375,-0.7181960888935868,-0.7099990167358329,0.8412946684197947,0.5286665299548436,0.2229123938602812,0.0974461916842895,0.7797388930089142,0.9434985421464228,2.0057988306803063,-0.3872956339121846,-0.0013075325509677,1.034894892207951,0.3496528456534149,-1.0173863378894388,0.7736500947077352
2016-12-12,AMAT,32.18,32.3175,31.6734,32.0,7709169,-0.706576046900307,-0.6983152054644903,0.4105191055080678,0.1126096137812267,0.2057775770785888,0.032821482147688,0.5037198022119602,0.9474440751220182,1.453037535655716,-0.8355031305499178,-0.0012902000971058,0.6731996728100826,-0.7188344027878726,-0.4489182080604578,0.0861713320642415
2016-12-13,AMAT,32.04,32.37,31.95,32.03,6321986,0.025370867103219,0.0332403025312727,0.3063702540903141,-0.0139571009647738,0.1894982229868694,-0.0166763392440636,0.1846048502715046,0.95057167921442,1.3726096503476686,-1.0294947770545857,-0.0012030850144758,0.6650637257847759,-0.7072113294394248,-0.0498970081456258,-0.498499644409777
2016-12-14,AMAT,31.93,32.36,31.87,32.14,10482847,0.1808155125163215,0.1874953062512416,0.2909811489758481,-0.0604566750585654,0.1771871935653635,-0.0460601969695183,-0.0500650114317004,0.9052971375619078,1.0874021546910946,-0.34684027021141,-0.0011779311835215,0.6719828860503905,0.0249265297484405,0.4705789982747097,-0.3207258588549874
2016-12-15,AMAT,32.34,33.1,31.96,33.06,11742550,1.7491257521782957,1.7226758290163993,0.9229354392826172,0.3163520829177587,0.1996403250305672,0.0199150685208546,-0.1342255839111585,0.9855006972277484,1.3197685711317344,-0.1090645689417678,-0.0011718020121704,1.4019657486551331,0.1804117264718978,1.655726903552896,1.2824988297757969
2016-12-16,AMAT,33.4,33.4,32.42,32.51,13336491,-1.0687468181339246,-1.0635140670035683,0.3940563563182429,0.0781391454436679,0.1918809725865989,-0.0050711325727695,-0.1960807419086967,0.9925968698443997,0.6832245843790902,0.2069519042811312,-0.0013212342534522,0.6094923949185697,1.7491310959246864,-2.039522802136585,0.9209505383929544
2016-12-19,AMAT,32.25,32.76,32.25,32.44,10385088,-0.1670490305909368,-0.1582408097442303,0.2654466607273988,-0.0734458440118244,0.1792147202952282,-0.0376903691844897,-0.2891345115560366,0.9957116859796836,0.644726504456901,-0.1859022448026075,-0.0013056368718061,0.5439451533351962,-1.069476581247183,0.4187947415636704,-0.2810946082350768
2016-12-20,AMAT,32.75,32.91,32.35,32.61,8185615,0.2932637095610734,0.2988438516139349,0.3523546413023072,-0.0228251787195537,0.1721860875495447,-0.0492746228127186,-0.2959782834826228,0.9483242741846614,0.4227958538950701,-0.547061368768881,-0.00119195760976,0.7031313114662469,-0.167543565100909,-0.3492860141359974,-0.1601407911592738
2016-12-21,AMAT,32.5,32.99,32.5,32.58,6521240,-0.0902711465462582,-0.0817664963929379,0.2899146593254839,1.2162190646107112,0.1618730649127177,-0.0669959887555965,-0.2875872322700217,0.9383503373545088,0.2545236837474927,-0.8381942243260216,-0.0012824147016848,0.675039636501943,0.292889258214703,0.1596570741557864,-0.3378855622564728
2016-12-22,AMAT,32.95,33.62,32.86,33.01,9492894,0.7887030399559346,0.7870673850345126,0.5942343507898185,0.8892981811894468,0.1670016109753465,-0.0414267494981638,-0.2300390391821274,0.955822516528242,0.3530939711065994,-0.285529879299724,-0.0011840704509657,0.905013834993968,-0.0907456517795962,0.1112587787243961,0.3274598926764213
2016-12-23,AMAT,32.92,33.0,32.66,32.9,4028103,-0.2404599668579276,-0.2314499263332211,0.4618210686233551,0.7475702113933543,0.1631599552201366,-0.0440605031527613,-0.196932616537386,0.9596817314764692,0.3024189257170944,-1.2956439263711073,-0.0012670758681614,0.8080218007449831,0.7884578353520004,-0.07221678485246,-0.730050581374529
2016-12-27,AMAT,33.15,33.46,33.1,33.33,5008470,0.780710830030018,0.7792220498026773,0.7496876798858907,0.8985244080180685,0.173343995103893,-0.0100656069486941,-0.1226294419929668,0.9771728443352082,0.5198019065160019,-1.0986517782799552,-0.0012121428716919,1.1871724800819257,-0.24097365229878,0.3839193866683163,-0.6911526019018841
2016-12-28,AMAT,33.55,33.68,32.88,32.9,5388563,-0.8362050476838226,-0.8287806527800249,0.3692078167725666,0.0852567874358233,0.1609406357924359,-0.0410092666805336,-0.0986006358345109,1.002112639692396,0.1704598240300369,-1.009521041719253,-0.0012752361439698,0.7658913894761369,0.780463540474336,-1.4900620159605718,0.4352015516439206
2016-12-29,AMAT,32.8,32.99,32.48,32.66,4472486,-0.4871580187252262,-0.4781059114771697,0.1552983310797452,-0.2238188144513418,0.1383743003513669,-0.0919235200719019,-0.0920331505702725,1.0135596612222548,0.0423309005491314,-1.1407617441883229,-0.0012700265414287,0.5575875855632895,-0.8368741469287381,-0.3487936826370928,-0.2899204025873774
2016-12-30,AMAT,32.86,32.91,32.18,32.27,5887732,-0.7764324981786171,-0.7685882566448701,-0.2490605311019528,-0.2443229079376019,0.1022666154451814,-0.1675101231990856,-0.5072279058693676,0.2030075708356248,0.8913208062605105,-0.7280126749137031,-0.0012790282989099,0.1481008605371115,-0.4877360610259665,-1.3828458644479344,0.2939821806235737
2017-01-03,AMAT,32.36,32.71,31.66,31.94,13209441,-0.6696602009237512,-0.6612113916212539,-0.5360425803557336,-0.2306857514207941,0.0582955227443208,-0.2482196819987862,-0.5830607104447725,-0.1989530725867837,0.0660877690902518,0.9421377290061692,-0.0013252740399063,-0.8988523713495986,-0.777086004379467,-1.0069021431721894,1.14843508954346
2017-01-04,AMAT,32.09,32.51,32.06,32.24,9460624,0.5517694938792213,0.5540648915524999,-0.3219257580430527,-0.051797085802074,0.0331762295148397,-0.2642631217256906,-0.6752557430200328,-0.1806971693794775,0.1632382471796659,0.138254904530004,-0.0011817622734029,-0.4951056259112377,-0.6702858531155307,0.3268391915595627,-0.4280674893444505
2017-01-05,AMAT,32.3,32.4,31.91,32.1,7290175,-0.3033473225120292,-0.2942333047739501,-0.4545560057214561,-0.214950836156444,0.0059939857449225,-0.2824078726853971,-0.752709498627714,-0.1735020309344552,0.0601854755951584,-0.3351586417583813,-0.0012886638367827,-0.7546973269531949,0.5514624797112787,-0.4941294620649283,-0.3191425591188768
2017-01-06,AMAT,32.04,32.23,31.86,32.04,7063604,-0.1493662066004464,-0.140619527780828,-0.4842816691470779,-1.0056589443868325,-0.0193821899919684,-0.292274885426919,-0.7253573490970394,-0.4071703053497182,-0.3798017197411696,-0.3334506039637589,-0.0012879853213596,-1.2559617039485462,-0.303877413565759,-0.0263165508545973,-0.6288982460475194
2017-01-09,AMAT,32.27,33.07,32.21,32.78,9271782,1.4049236744560505,1.388989967230436,0.1106174025870608,0.0165721175712266,-0.0119284613317633,-0.2156648868561841,-0.7211059323006427,-0.2563774486662055,-0.1360474643480323,0.2129878050916955,-0.0011822925963854,-0.0381922298359458,-0.1498561281391472,1.1677153807177476,0.5951659994347468
2017-01-10,AMAT,32.87,33.2,32.74,33.13,8753286,0.6317481035164119,0.6328146209536237,0.3612298202503048,0.3008935497649514,0.0059879776326535,-0.1274460517880875,-0.6800831091972188,-0.2673530216087322,0.1866345997247051,0.1130196748323118,-0.0011868864059979,0.5377798187308253,1.4048392251752104,0.5712941623100695,-0.4341613502589791
2017-01-11,AMAT,33.21,33.48,32.8,33.47,10620118,0.605933409091872,0.6074075174193984,0.5746504712832173,0.3975623169163952,0.0315084494742977,-0.0372983340081272,-0.6277224572000447,-0.2925892379293829,0.5071864187858934,0.5274572260570436,-0.0011763164666144,1.0972955230528234,0.6314619536079781,0.5651758954483855,0.1018874615558975
2017-01-12,AMAT,33.25,33.3399,32.6,33.31,6484120,-0.3306143878312719,-0.3214750852309025,0.3933457612374295,0.2943521792008369,0.0432420986928028,-0.0006672038812723,-0.6208702183706514,-0.2789822511321388,0.4194348012542164,-0.4756074471740615,-0.0012822976186475,0.833994015136592,0.6056405248267639,0.1100174975552785,0.2598890009197562
2017-01-13,AMAT,33.32,33.895,33.3,33.79,6911166,0.8641476975462362,0.861076637503061,0.7105687362393298,0.321719571821107,0.0689409547684117,0.0645839022647337,-0.5381414952338254,-0.2374814917754807,0.5864996123674585,-0.3357771316997738,-0.0011999020312688,1.286709149762696,-0.3311515921260225,1.0393899024893654,-0.1237947123557092
2017-01-17,AMAT,33.79,33.83,33.09,33.3,6428559,-0.9358204992311489,-0.92922601764835,0.3081603026808196,0.0525176309804567,0.0675484284676336,0.0470520353124429,-0.5190643252281423,-0.3788601481042198,-0.0608595303419812,-0.40169809821957,-0.0012819215511295,0.5579176717551674,0.8639221744161567,-1.121918052145822,0.2606951935590242
2017-01-18,AMAT,33.68,34.0,33.53,33.69,10609448,0.6961521438685934,0.6961563648267547,0.5720466812493704,0.0301630864842193,0.079184606685895,0.0665622028984825,-0.4546132408894599,-0.4431119475728899,0.3655937495071132,0.7140882728559553,-0.0011770661039762,1.0024957280017832,-0.9365155854573533,-0.0038843106050561,-0.4286583058966398
2017-01-19,AMAT,33.7,34.13,33.67,33.75,8333520,0.0778820290739977,0.085392583260279,0.5662796777585293,0.3712877914922884,0.0880564993754695,0.0750551136025855,-0.4027419604433737,-0.4485110954900526,0.425598878555501,0.1513492758953709,-0.001192339083949,0.931466207970961,0.6958827952351181,0.0857780858819986,-0.4554188548228728
2017-01-20,AMAT,33.92,34.18,33.765,33.84,8571730,0.1330253902778513,0.1401118289675911,0.5876986314183584,0.6158148207877391,0.0958287511035872,0.0790189852609747,-0.343430244474332,-0.451815650473587,0.386477539939346,0.2084395850226981,-0.0011918228366042,0.9943780685696976,0.0774513904633638,-0.204504723402872,-0.5692654893487431
2017-01-23,AMAT,33.76,34.1999,33.56,33.75,7254438,-0.1985759300160092,-0.1896704319449311,0.4683763672564901,0.8957562320032995,0.0956476041041597,0.0617181711776834,-0.3116335534365323,-0.447697602398265,0.3599405744264283,-0.1467923999344096,-0.001284999272658,0.8540566435683825,0.1326091370810619,-0.0486956341367227,-0.011181208947344
2017-01-24,AMAT,33.89,34.21,33.88,34.03,9702805,0.4835150828624283,0.4867799144764489,0.6492592991624256,1.3621408026185473,0.103632865480581,0.068897714488907,-0.2394643179735983,-0.4766854965048962,0.2863334261946498,0.4901481051322131,-0.0011852700725347,1.208230643667534,-0.1990786890426877,0.2857887876660828,-0.7831404267327788
2017-01-25,AMAT,34.3,34.83,34.22,34.42,12230219,0.6805107046546074,0.6807788761341447,0.8961907131713447,1.3930705819576126,0.1222050945910849,0.1018920218348383,-0.1243194066458319,-0.4561447414598792,0.5110505660280888,0.989514167215275,-0.001171776324639,1.0129372915142074,0.4831902629617963,0.2380045634094478,-0.1143359819720757
2017-01-26,AMAT,34.42,34.47,33.85,33.98,9375456,-0.8288570686000659,-0.821377905589807,0.5213302028192295,1.0814785632792714,0.1165673865659933,0.0659715062893138,-0.0831772479503716,-0.4307035290966043,0.1189394075304928,0.2206840066009981,-0.0012957291826902,0.5515366995663481,0.6802372755920232,-0.9921150828304016,-0.0706843258967867
2017-01-27,AMAT,34.26,35.15,34.22,35.04,11055855,1.909132260317728,1.877183568422138,1.270903120492149,1.4601181170138888,0.1503867264143861,0.1387968558413447,0.1036456976884679,-0.2446883284445938,0.7878183685013721,0.5391315662676288,-0.0011789676390101,1.3381051220729228,-0.8295242509556635,1.6937766314328144,0.6206338353192524
2017-01-30,AMAT,34.79,34.83,33.77,34.34,11183818,-1.2767353766420122,-1.274219450557354,0.6506138841384567,0.6749932487641271,0.1462577475643272,0.0993788164188604,0.1334935989369437,-0.1298165996112228,0.5879854872378976,0.4714322975354302,-0.0013057400595315,0.6713638394913372,1.90917934544127,-1.003560107112465,0.981224461205758
2017-01-31,AMAT,34.14,34.315,33.93,34.25,9468804,-0.1961650405727313,-0.1872664179323741,0.5000840626523324,0.4631782500219806,0.1361775851949849,0.0525261409495724,0.0958219649949928,-0.1804247534650414,0.73365004273566,0.0440456062368506,-0.0012973145398261,0.5856399603022726,-1.2775193983536537,0.217113336891497,-0.654499641744053
2017-02-01,AMAT,34.59,35.05,34.5,35.03,15244891,1.3848512342881951,1.3694751844281825,0.985615202490536,0.6467173912222433,0.155398894273696,0.090465483667874,0.0706372026003505,-0.1379672394278925,1.2533570519049146,1.2809890826805177,-0.0011530283720317,1.3216320091858678,-0.1966671706634578,0.9347353563615532,-0.2828034148283166
2017-02-02,AMAT,34.97,35.03,34.64,34.94,7517981,-0.1929510351976383,-0.1840617234846722,0.8062187683643754,0.6954739701634206,0.1635089444216572,0.0922167686308125,0.0364434442120747,-0.1316241599884632,1.0624760186344986,-0.3870328717691719,-0.0012855501203584,1.2306969519305984,1.3847615486497522,-0.0911307789019004,-0.6610738959166228
2017-02-03,AMAT,34.98,35.39,34.98,35.31,8560301,0.6262905589653018,0.6274441151391483,0.9639839568371414,0.652839799123048,0.1807184513686995,0.1170396417583505,-0.0168040710681626,-0.1424290350158347,1.3011780021211767,-0.1702534848082812,-0.0011931629894521,1.3675431932706783,-0.1934523268411536,0.6864361393385281,-0.6236163858303307
2017-02-06,AMAT,35.32,35.39,35.01,35.18,5877077,-0.2622100015568048,-0.2531567990527468,0.7378795270288508,0.9277926942651072,0.1854074759720591,0.1046704342430278,-0.1693105549325962,-0.1351098537261409,1.2718415736201227,-0.7493290797131138,-0.0012761278832697,1.2233573299089469,0.6260029853308704,-0.3257856879572545,-0.6911099559242767
2017-02-07,AMAT,35.38,35.64,35.07,35.54,8155222,0.6040958699525076,0.6055985938424943,0.9047603549489418,0.9166590746661604,0.1992980650021275,0.1184597366637267,-0.1659379119579223,-0.2206731701983325,1.069096469158993,-0.2363814231604507,-0.001195770191718,1.3335306753033287,-0.2627293609943712,0.3153534781356499,-0.2546809686935801
2017-02-08,AMAT,35.8,35.8,35.1799,35.6,8735864,0.0721103792869281,0.0796625274241153,0.852525084278943,0.9166590746661604,0.2085674196289693,0.1175962007991528,-0.1399040922844053,-0.2321743296918726,0.927475580027574,-0.1074798823038461,-0.0011932644745983,1.2351174061027343,0.603802506323059,-0.4483935629242535,-0.1396478657680075
2017-02-09,AMAT,35.75,35.85,35.38,35.41,6515495,-0.3652720858812006,-0.3561179530568137,0.6309786089243818,0.7306631500490466,0.2043837320145258,0.0822774729673715,-0.1284598852113888,-0.2249795816278259,0.6837900376065341,-0.5664684701639288,-0.0012789405119818,0.9928357132775896,0.0716782350087227,-0.744851011122012,-0.485133448987348
2017-02-10,AMAT,35.64,35.64,35.09,35.32,11636382,-0.1912344891085188,-0.1823502181532017,0.4839799247152794,0.7306631500490532,0.1935983022719468,0.0370297201105763,-0.172535172565958,-0.2332877311551159,0.7187423397456794,0.5208281488524376,-0.0013082729581623,0.8045395439158838,-0.3658183314334745,-0.704671524237045,-0.2935472126724305
2017-02-13,AMAT,35.72,35.8295,35.37,35.46,11900268,0.2137798700230733,0.2201580511370748,0.5253688639793691,0.6726374627082206,0.1867121189830582,0.0108681110729118,-0.1636019568613894,-0.271596591100009,0.5583750093172747,0.5095154247544176,-0.0011740354498177,0.9731574479890543,-0.1917353329515131,-0.5762455581816429,-0.5113711405477832
2017-02-14,AMAT,35.5,35.55,35.12,35.23,9956599,-0.4368129811417502,-0.4276895948148442,0.2766656198121938,0.315573433657112,0.1685637365657403,-0.0390498828393717,-0.2652735561559208,-0.3336446025995088,0.6837254698185721,0.0531284123017544,-0.0012987783322077,0.5545198930487649,0.2133846834893522,-0.6009357619342355,-0.5741064856748229
2017-02-15,AMAT,35.46,35.735,35.261,35.49,17409981,0.42647286837693,0.4304917415902302,0.4038661303039595,0.7888278976890368,0.1608630083536981,-0.0520921958971666,-0.307865298177688,-0.3513147416275322,0.6172006737069231,1.4976563415939128,-0.0011426447397986,0.9202999952150276,-0.4373778897817044,0.0376020491119617,-0.4782338096391427
2017-02-16,AMAT,35.62,35.65,34.58,35.18,21684867,-0.5768109662570925,-0.5679875598784372,0.1156267762429096,-0.0804393839965568,0.1392584558096429,-0.0983142508250173,-0.3851871746773515,-0.3142683748538904,0.4547975928419992,2.0895565706106307,-0.0013630054794791,0.4703016211507561,0.426133167702909,-0.9595783551950424,0.9434890424970164
2017-02-17,AMAT,34.97,35.8,34.72,35.67,14892760,0.8341568385373671,0.8316669751945966,0.4141864801870466,0.9025752049654732,0.1381325059727726,-0.0825803239302707,-0.431506554210861,-0.2756031841763791,0.6267424834597943,0.7125946180545026,-0.0011563479324783,1.181589373703957,-0.577412396590852,1.4860154369157557,0.9320326435733972
2017-02-21,AMAT,35.515,36.82,35.515,36.58,13814798,1.555308249735128,1.535001187171854,0.9866633676538722,1.3677281026199777,0.1694048727606333,0.0133995268530288,-0.3785760642732855,-0.1500927402391484,1.0640174247138996,0.4384616691445249,-0.0011650164883246,1.1813038115416712,0.8339234916020465,2.239279709764872,1.381880616256862
2017-02-22,AMAT,36.45,36.67,36.21,36.51,10380015,-0.1521338950172688,-0.1433772527167752,0.8382187269642873,0.9895722336673924,0.1875751651645888,0.0564588935626659,-0.3444286787840346,-0.1464443397016343,0.9028328594403556,-0.1844108982557338,-0.0012994947400781,1.1050111205184003,1.555263031728987,0.0980485275988412,-0.541288422520497
2017-02-23,AMAT,36.56,36.66,35.9,36.16,7852525,-0.6298274077326785,-0.6212007017444889,0.5110525563021211,0.7187407174997804,0.1843792333914419,0.0359100937098429,-0.3418045999517454,-0.1225262090587449,0.5749575698081139,-0.6094262302209627,-0.0012865649572963,0.7235476654020466,-0.1526245385711387,-0.8529225154111741,0.1603092030263986
2017-02-24,AMAT,35.81,36.32,35.55,36.3,7505777,0.2080472437237685,0.2144791139490416,0.5267662245012105,0.5930314243547771,0.183544298584363,0.025548219374589,-0.4215407842630237,-0.188972143394385,0.8352539179313277,-0.6610936526321153,-0.0012001161652274,0.8761330474485881,-0.6304426686243608,1.0074833577918685,0.1765125076207316
2017-02-27,AMAT,36.47,36.5,36.1,36.43,6491371,0.1899666256759978,0.1965644176969471,0.5702322787141348,0.7984111263892039,0.1841795913186092,0.0210430602883551,-0.3688941928701935,-0.4282282452134273,0.4151230454496081,-0.8226032438761561,-0.0012064293469921,1.0178194736346646,0.20765056170265,-0.1091811356206719,-0.6762444671752017
2017-02-28,AMAT,36.33,36.44,36.1029,36.22,8585589,-0.3918812441140509,-0.3827288850065983,0.3442322309047964,0.3706617813484515,0.1727311066015884,-0.0136645021226137,-0.4436193217440261,-0.5736548901799949,0.636562453154923,-0.4087032452688844,-0.0012900734179041,0.7527372565300833,0.1895652269098804,-0.2550723000330081,-0.8156694631935276
2017-03-01,AMAT,36.52,36.93,36.5,36.85,7298251,1.0499019035000496,1.0429205432143338,0.7099132603534832,0.6984812435642992,0.1846277339150097,0.0186593644378476,-0.4892151620850942,-0.5157206557906308,0.9474144005845072,-0.6395677088473108,-0.0012017470463076,1.3334406768861398,-0.392434431277153,0.6563803030050682,-0.6188254057964677
2017-03-02,AMAT,36.71,36.95,36.33,36.49,7854762,-0.6412156766877444,-0.6326371926258103,0.3907267497371806,0.5476109133279421,0.1761610550968703,-0.00789634174994,-0.4905741634939424,-0.5977666175482864,0.4446373036921268,-0.4773217191527173,-0.001286152795308,0.7976789601154401,1.0497248386261897,-0.4790921633662652,-0.1752829919334796
2017-03-03,AMAT,36.44,36.88,36.42,36.87,7257496,0.6153474551521739,0.616674131922836,0.59666888635307,0.8016667699222039,0.1806279840653199,0.004149977095428,-0.4745489447937078,-0.5836798537049576,0.6437720648949454,-0.5946036845647616,-0.0012019298909638,1.330670092701149,-0.6418339084712679,0.865211100599906,-0.5515410064869414
2017-03-06,AMAT,36.68,36.955,36.51,36.86,9219071,-0.0498818682479454,-0.0415747940350615,0.5312763823380582,0.73176146346938,0.1800033943661251,0.0006815507697405,-0.440679699237913,-0.6047605649212962,0.4772172375832978,-0.2087705357577173,-0.0012937594327634,1.309911490695188,0.6150570267574657,0.344439210565375,-0.585174079120637
2017-03-07,AMAT,36.81,37.26,36.75,36.97,7841451,0.1527984258805708,0.159721014312986,0.544581476188074,0.9868691063258758,0.1800656969173431,-0.0003251414628325,-0.4270147265051003,-0.6179497146661243,0.5797920564789842,-0.4980063190865637,-0.0011984730458742,1.0831725410517217,-0.0503458370092491,0.3020802333256511,-0.4416393385159773
2017-03-08,AMAT,37.01,37.23,36.96,37.19,8052683,0.3374872744946177,0.3425801428360903,0.6429199827497681,0.9704751395786568,0.1849452375753144,0.0112689927109911,-0.3681056501540555,-0.6359074791481628,0.5143690464959584,-0.4555597221581336,-0.0011979941434536,1.3560531150208803,0.1523873309348183,0.3411333634627381,-0.986267915601972
2017-03-09,AMAT,37.03,37.48,37.02,37.38,8494054,0.28507405979127,0.2907410473739773,0.7142140961966995,1.3543657044237838,0.1923761463331382,0.0271114776182504,-0.2994939487733543,-0.6333629411697551,0.5668505262041528,-0.3665040655427649,-0.0011962911821205,1.32825180262591,0.3371243598821235,0.6877834979211149,-0.5657274504196599
2017-03-10,AMAT,37.66,38.19,37.65,38.12,11486540,1.1995065719549274,1.188988608901279,1.1473968786302418,1.4331888398508297,0.2231202308074338,0.0997931785109057,-0.152728947071977,-0.558691827157513,0.9565148377681416,0.1707594799638119,-0.0011809706773204,1.3784209384474635,0.2846974719864282,0.8965146008664938,-0.4107346026813777
2017-03-13,AMAT,38.2,38.59,38.17,38.44,9111376,0.4896317638618583,0.4928127023563655,1.2598426897934718,1.2307808299148453,0.2554382679674091,0.1619898663429797,-0.0135337750844328,-0.5670602231297037,1.129862645338722,-0.2658287766466747,-0.0011948024742096,1.3185328093957809,1.1993685348991363,0.4483543506771414,-0.6807317843587997
2017-03-14,AMAT,38.35,38.44,37.78,38.27,9646912,-0.3083307562347925,-0.2992112223207014,1.0322671190890782,1.1205237359902112,0.269556666902949,0.164901661118712,0.0564127192310008,-0.5418122681400024,0.9963471942954968,-0.1405868864923976,-0.0012925702119935,1.1776074075590717,0.4893085396381241,-0.1839213178125497,-0.1540370668749775
2017-03-15,AMAT,38.41,38.95,38.3,38.92,9405810,1.024430776234314,1.0180171796744064,1.3580807737360154,1.719949626904454,0.3011590458945236,0.2122345606235414,0.1578229137376012,-0.5289699344482144,1.3707963322251469,-0.1831596843189637,-0.0011932041548981,1.4200582839724565,-0.3088621473318076,0.9768443559884152,-0.199454462312395
2017-03-16,AMAT,39.0,39.28,38.85,39.05,8305248,0.1749573196105511,0.1816889102520378,1.31694771528802,1.7175085259912268,0.3258678494703331,0.232356935777474,0.2523504093411515,-0.5301319119594632,1.3057300462096977,-0.324264678205843,-0.0011997626906789,1.2802060386584635,1.0242470666311738,0.0705447121716407,-0.6736140531929391
2017-03-17,AMAT,39.34,39.38,39.085,39.28,11023657,0.333696623393201,0.3388324690412622,1.326659849531171,1.7414144797621247,0.3487848351694526,0.2438427275314754,0.2778261634313664,-0.5983888199432776,1.5441447963131645,0.3706033225993944,-0.0011865745522395,1.3715443844366084,0.1745520053217932,-0.1415455063611651,-0.965418769072527
2017-03-20,AMAT,39.33,39.765,39.2101,39.57,6916906,0.42664832748261,0.4306649597821931,1.3857467907440582,2.0391056625547987,0.3723712407217424,0.2547544361129316,0.3588807034351329,-0.6234670161474346,1.4382854030072791,-0.4605637670729998,-0.00120818508875,1.290357481651407,0.3333327199021973,0.4347164630918293,-0.4226142002706413
2017-03-21,AMAT,39.7,39.81,38.3,38.58,13550141,-1.5906270039714066,-1.593575112582844,0.6193378361184688,0.8751605348738895,0.3464121989442784,0.1359546744571236,0.3702474438651894,-0.4912859041476357,0.635505528053148,1.0628099859304452,-0.0013095093963972,0.4830798575792062,0.4263086725811316,-2.1577523034925523,1.6705915308369448
2017-03-22,AMAT,38.48,38.83,38.34,38.82,9075725,0.354301235322047,0.3592007377822199,0.7038829326677049,1.2810585006150583,0.3297871025005065,0.0649402797411231,0.3791899448631265,-0.4954552511913648,0.7617459861229691,0.0523420266948681,-0.0011968630559909,0.6703576906745596,-1.5914929115322762,0.641240802434386,-0.53936560371251
2017-03-23,AMAT,38.84,39.1092,38.61,38.85,6904579,0.0151168143660596,0.0230512013863468,0.6283410300838493,1.1614460804660862,0.3124938879849686,0.0064090395529924,0.3317521758626043,-0.550552517945529,0.9250788634601342,-0.4405229813479513,-0.0012083973350998,0.6937674198114793,0.3539427070178877,-0.0068644949430487,-0.5204421248263943
2017-03-24,AMAT,39.38,39.68,38.74,38.97,9059928,0.1593067754767211,0.1661740738954725,0.6163585963271323,1.2143772393479728,0.2983759348066249,-0.0322428845764762,0.2832469803157351,-0.5504749348661581,0.9127733867601052,0.0414668610242695,-0.0011982364111869,0.6902338757908092,0.0146698020058228,-0.8129146188026166,0.4189508664315178
2017-03-27,AMAT,38.45,39.0,38.295,38.86,6823948,-0.2087308165914375,-0.1997973832852798,0.4542345135186755,1.068054454585473,0.2779579696879005,-0.0793805461623095,0.2156847735901656,-0.5368730063456104,0.8121638773408583,-0.4762502089748482,-0.0012756771622635,0.5910073539111093,0.1588973783836265,0.7793071660710844,-0.079349999743512
2017-03-28,AMAT,38.74,39.195,38.7099,38.82,7924875,-0.0970804872087538,-0.0885450979512296,0.335351170389657,0.9410431475124852,0.2555602804726379,-0.1221864511752768,0.085853533802431,-0.5592642757831374,0.8867756385721973,-0.2164188590899992,-0.0012814563336941,0.4972064182652791,-0.2092362247538006,0.1297015909326374,-0.5498851866462064
2017-03-29,AMAT,38.82,38.9469,38.66,38.87,6404366,0.0471920526445571,0.0549176883957814,0.2991636314197371,0.8791715145558426,0.2353684116885451,-0.15075343136817,0.0197219247701666,-0.6315629143298486,0.6375930645896432,-0.5595393892804086,-0.0012109522102733,0.5449676472515192,-0.097556768815191,0.0709938370388412,-0.9761838798534532
2017-03-30,AMAT,38.91,39.13,38.8,38.89,5997692,-0.0009620644056574,0.0070707932942219,0.2294685351509614,0.4802520100313706,0.2159676425626567,-0.1715707386207424,-0.1268944673345579,-0.6909660738691188,0.798478622882829,-0.6388479206847306,-0.0012133051929081,0.5407409898191103,0.0467534078478262,-0.0651506732706626,-0.8841373839430016
2017-03-31,AMAT,38.8,39.04,38.53,38.9,8567565,-0.0169872908021324,-0.0088603959137445,0.1661399714617722,0.2510567806326337,0.1970187009143154,-0.1870615882736303,-0.2443314691838063,-0.7097996714937018,0.6411396904344333,-0.0518064086994464,-0.0012011467636744,0.5262105100496504,-0.001413271311171,0.1684045449198127,-0.4986802433498069
2017-04-03,AMAT,38.99,39.06,38.52,38.89,7165262,-0.049000679940789,-0.0406982070635963,0.0895396604296873,0.4366160611878925,0.1778615548418629,-0.1999901825994438,-0.4000035162806752,-0.7098331202577357,0.641359065540279,-0.3579926193957293,-0.0012769552783116,0.4434516232886056,-0.017442678256467,-0.2200887620894553,-0.4341096028533988
2017-04-04,AMAT,38.71,39.02,38.655,39.0,7241421,0.1431002316935748,0.1501039607049647,0.0947568527158573,-0.089952335901255,0.1634284566963642,-0.1981734400187831,-0.577418954964586,-0.7098564366235448,0.6389524666309511,-0.334095502701293,-0.0012076659055947,0.4981113678671224,-0.049464418823859,0.5396875229386408,-0.8113389339092386
2017-04-05,AMAT,39.16,39.35,38.38,38.38,6927418,-1.0227392032855085,-1.0170021734731756,-0.3658803368155964,-0.8768288821912233,0.1244588081417093,-0.2598767043201476,-0.7566246082384771,-0.59224690102481,0.3024610424039684,-0.3974236360615538,-0.0012758141574076,-0.260913218610973,0.1426866067508494,-1.5311784616096076,0.5149979712476209
2017-04-06,AMAT,38.35,38.65,37.85,38.58,7158874,0.2914335426626109,0.2970331843639556,-0.2708078422879142,-0.9152188089223934,0.0986133143985516,-0.2754579672037211,-0.956197892694581,-0.5919870333226255,0.3040013654826491,-0.3289320166116725,-0.0012080843271808,-0.450057956628537,-1.0234569642544444,0.4267971541495192,0.1368432170463657
2017-04-07,AMAT,38.45,39.03,38.45,38.93,6314603,0.5318124879100025,0.5343989027327507,-0.0615313107605969,-0.8392332298062325,0.0891808836653994,-0.2456760358673903,-1.020241914207532,-0.6971544095533776,0.1445929639769452,-0.4833701921904044,-0.0012125440483451,0.0018542433508163,0.2910586138751186,0.916852678716934,-0.3496671216977891
2017-04-10,AMAT,38.82,39.2,38.745,38.86,7339629,-0.1449421675032905,-0.1362116699766503,-0.1230154623288803,0.2276725837892775,0.0763741864343158,-0.2305357946773016,-1.0451748471722246,-0.7169843197364313,-0.0070099674625318,-0.2101302146666649,-0.0012773931077405,-0.1127727062161664,0.5315002674981223,0.0515317594601562,-0.61551095624716
2017-04-11,AMAT,38.69,38.69,37.6,38.2,10549694,-1.0903893716430926,-1.0854059292966611,-0.5663920722229527,-0.9501468944891236,0.0381145697342086,-0.2839389782762818,-1.0323095781020657,-0.6119598143186493,-0.1943402490670341,0.577400140158026,-0.0012931935942847,-0.9788100601520964,-0.1454309349296577,-0.9831626281001372,0.7867267939117824
2017-04-12,AMAT,38.35,38.37,37.63,37.77,6802507,-0.7338064128000968,-0.7256984792935943,-0.8189993854327765,-1.3254632538250184,-0.0107021453011359,-0.3538353145339809,-0.8915953648617488,-0.6889469513711801,-0.6014320356864458,-0.3262908422784447,-0.0012758648410992,-1.6255965131386445,-1.0911247807141249,-1.1689511112997737,0.0415126323947772
2017-04-13,AMAT,37.67,38.25,37.4101,37.52,5753986,-0.4450826031428998,-0.4359681077818513,-0.9379612724932802,-1.647111684262218,-0.0602304913906024,-0.4115841096229952,-0.7455303690711808,-0.6894850196756791,-0.7429038578578355,-0.5675510123521635,-0.0012710933618387,-1.7290766295910636,-0.734448799006348,-0.3271598684566786,0.274294107724072
2017-04-17,AMAT,37.64,38.03,37.57,38.02,5242480,0.7966686357673028,0.7948856062625933,-0.5571269556284949,-0.9344682131116172,-0.0805716076043739,-0.3826557184411003,-0.7341691708043394,-0.6253565318257157,-0.6385831715333645,-0.6475564299058191,-0.0012165802869948,-1.0365099523456596,-0.4456496691039209,0.736427295080015,-0.5829915673545488
2017-04-18,AMAT,37.79,38.11,37.6,38.05,6047326,0.0161291838014554,0.0240572328370163,-0.4858929004488367,-0.8744096490935948,-0.096099781083815,-0.3471245737503753,-0.7836830395456027,-0.654106063917626,-0.731630481880614,-0.4238469030035859,-0.0012128500465838,-0.9949559517109434,0.7964255091722126,0.4934893274656478,-0.4742716466172463
2017-04-19,AMAT,39.2,39.655,39.15,39.25,13394449,1.9304637466537964,1.89775288238857,0.3071217542040737,0.0620480277531993,-0.0621588252777657,-0.1913669708089707,-0.7460888728207526,-0.5026954203288891,0.0875771761888424,1.5485226240438132,-0.0011772774851723,0.8131602354739683,0.0156824355410663,0.0700505220541599,-0.5190402325014294
2017-04-20,AMAT,39.54,39.97,39.15,39.89,9402816,0.9821668613837232,0.9766732364356564,0.7045367806743519,0.3910104454911259,-0.0116347908154787,-0.0240763294660099,-0.6223753710581021,-0.4358049838280087,0.2373300565886293,0.4723971909039832,-0.0011978344220101,1.3389940211505045,1.9305163965860872,0.6424524123766779,0.1218750110315318
2017-04-21,AMAT,39.9,40.085,39.47,39.79,8762041,-0.1890703411178274,-0.1801924927547791,0.6039011446336382,0.3182241545444056,0.0225146330730812,0.0676082178742065,-0.5382931213104457,-0.4311803086030314,0.187873283163318,0.2724037637548611,-0.0012838597453327,1.076273064673524,0.9819721262664948,-0.2346046803696766,-0.3031955147379791
2017-04-24,AMAT,40.37,40.61,40.09,40.44,6925408,0.9840364870834072,0.9785027491461216,0.992534304904119,0.5970558114726315,0.0726261288663646,0.1820419540482109,-0.3633080669521538,-0.363878560194896,0.3865191445124409,-0.1872641983407029,-0.0012096940836274,1.2662760891830327,-0.1895706203930517,0.1046872876698743,-0.5196808030916784
2017-04-25,AMAT,40.62,40.87,40.28,40.79,7236945,0.5058346474651767,0.5087905156383069,1.1608421695665914,0.6827561104565378,0.1230003102832133,0.2742650912604399,-0.1631971600360497,-0.3588757181224059,0.5619373727368744,-0.1090311767410485,-0.0012086145129863,1.3660168420234031,0.9838422397010363,0.2898775278573681,-0.3858542511763113
2017-04-26,AMAT,40.78,40.92,40.425,40.71,5578304,-0.1551005539584432,-0.1463333682936244,1.0402659587406529,1.0569492770585378,0.1562761674592148,0.3040328087753555,-0.0204287312552448,-0.3566290616337334,0.547555986651464,-0.5290388622927347,-0.0012686700661692,1.2439904297726103,0.5055156501362312,-0.1560032835969447,-0.5779678360651593
2017-04-27,AMAT,40.96,41.82,40.94,41.33,8312470,0.9151735282850312,0.9110815526532188,1.3701400452808783,1.1773871623782708,0.2030116829186768,0.3624919115060765,0.1886645884140703,-0.3109434415076995,0.7620036732641694,0.185036201104539,-0.0012036575124464,1.0735168724797797,-0.1555919714335191,0.6561580709562846,0.1831729814416414
2017-04-28,AMAT,41.1,41.33,40.58,40.61,9209031,-1.117578356116701,-1.112919088494448,0.8271728147518298,0.5967177266989938,0.2076243576049233,0.3008357266688938,0.2624774980991671,-0.1970463883320744,0.4820695962255589,0.3739556192838267,-0.0012853717517324,0.5307810492278708,0.9149613164162878,-0.927055595346823,-0.0521551133065165
2017-05-01,AMAT,40.98,41.71,40.85,41.7,7478348,1.6380519961861868,1.6151920479532864,1.4576579024373468,0.9541509256620564,0.2496041517984357,0.3476931011502649,0.4574678284077499,-0.0478906155758935,0.8896525785995537,-0.0665071651985711,-0.0012075227473404,1.3524227816509031,-1.1183208580595705,1.3010940229750485,0.1274564100595481
2017-05-02,AMAT,41.72,41.75,41.13,41.71,6950795,-0.0180660580400565,-0.009932980138893,1.364929762123779,1.361517692663731,0.2783620730443754,0.3511461273777651,0.6094900856907985,-0.048793685891758,0.8974772709536271,-0.2034406371411486,-0.0012104143550659,1.3599607791960668,1.6380283637890791,-0.0444257994548982,-0.3525002905401797
2017-05-03,AMAT,41.71,41.71,41.2,41.55,5673883,-0.271818531658093,-0.262748685528928,1.169624919981479,1.5512314115987984,0.2898190387640248,0.3093761866643872,0.7131261378329655,-0.0355759195709486,0.7927974418709284,-0.5260142587070782,-0.0012687672989986,1.2393528184734175,-0.0185217269156324,-0.3161339957281406,-0.5683675040572723
2017-05-04,AMAT,41.65,41.81,41.41,41.62,5016859,0.0718911440698484,0.079444861692437,1.1036518722433235,1.753175286601174,0.2965392017455125,0.2637677853878931,0.7617850895656898,-0.1336632309196613,1.0723464072288449,-0.6846245549730493,-0.0012194494370958,1.2921188012895757,-0.2723403977016937,-0.0807356037913125,-0.790354564273357
2017-05-05,AMAT,41.85,41.89,41.3,41.83,4748163,0.2811362941588053,0.2868446614665162,1.129894098414237,1.704063946593927,0.3049186100989729,0.2315519333908848,0.816270170211712,-0.1337501401180108,1.069725899810367,-0.7363030976418435,-0.0012208781369832,1.398357469966373,0.0714589425990951,-0.0624225413733461,-0.4158252870774166
2017-05-08,AMAT,41.9,41.96,41.44,41.54,6380021,-0.464620018059772,-0.4555309258056398,0.8503249098420845,1.4722311230849725,0.2950489385358765,0.1588064342389505,0.842395340242664,-0.1112681509139736,0.8171594295028648,-0.287576088410502,-0.0012718133400988,1.1360244816098288,0.2807586790972456,-0.6754488338562483,-0.5480584488160593
2017-05-09,AMAT,41.82,42.25,41.72,42.04,8074643,0.7163785055590225,0.7160357443162905,1.069017378334585,1.3083640057155377,0.301730664986045,0.1432130484775985,0.8849259033893404,-0.1008640486249277,1.034355975359766,0.1679392310208825,-0.001205483316058,1.298644755031183,-0.4651921808047558,0.3711342558241048,-0.5406422769165532
2017-05-10,AMAT,42.53,43.09,42.47,42.87,11555055,1.1961707296366892,1.1857353780542192,1.4491688917308396,1.3568358660621642,0.3341432199213382,0.1969690494429149,0.9187858782896868,-0.1703990047844639,1.6279729521366038,1.1000238137146383,-0.0011901430949465,1.3141229751127672,0.7161144334371188,0.5776713860031392,-0.3860210599264648
2017-05-11,AMAT,43.02,43.48,42.73,43.48,11149880,0.8528775952532391,0.850026578289538,1.6472348499568892,1.567430115080548,0.3777863126915223,0.2688810612727897,0.9106762940135928,-0.2411027674694082,2.0528089319319265,0.9035023908758958,-0.0011929291567535,1.442878752192886,1.1960318223497188,0.7815361031160151,-0.1537515808649552
2017-05-12,AMAT,43.53,43.64,43.06,43.44,9365074,-0.0902711465462513,-0.081766496392931,1.4195761444519155,1.3950994666670518,0.4044412660615437,0.282683492364954,0.7716682151282256,-0.2770961470481187,2.149803784524214,0.3745203975450176,-0.0012837832814862,1.3333505302013693,0.8526491320578097,-0.1825228606281458,-0.4785776202473075
2017-05-15,AMAT,43.88,44.425,43.71,44.32,12098120,1.22821650296002,1.216980480252002,1.7664766613566565,1.513271081336421,0.4532772260911886,0.3508189665430612,0.7477566194721211,-0.240655309447199,2.2661175259721613,0.9492635473241304,-0.0011888502925958,1.3917374977706956,-0.0907456517795893,0.7312674389039863,-0.2468131966904673
2017-05-16,AMAT,44.8,45.08,44.31,45.07,13410525,1.0205582918746046,1.014230137533168,2.0017277388684303,1.70574947645937,0.5138770052053989,0.4356072136995984,0.742073380148131,-0.2344226647801937,2.5421045908587487,1.1308841463072767,-0.0011841442486698,1.4372730497688695,1.2280859555499444,0.4290178686393122,-0.167484059258782
2017-05-17,AMAT,44.58,44.7,42.73,42.76,20062012,-3.2239449363669044,-3.282442948444137,0.4350204616872621,0.3084543547026909,0.4639470280144485,0.2189361214225738,0.5882831237871247,0.4044264730211143,1.145893465812606,2.527172516189001,-0.0013285102019751,0.1423557898207804,1.0203735720448674,-3.1107546170738782,2.248280695654501
2017-05-18,AMAT,43.1,44.1,42.835,43.91,21882225,1.6413899046415823,1.6184247938712026,1.0243241505956613,0.9034973697810637,0.4626073472207318,0.1706698340641757,0.5619511789906895,0.4759041847671321,1.312591465020861,2.6142115523445444,-0.0011461370686004,0.7496002497316164,-3.2252369324701524,1.3935661864999356,0.8096368575243541
2017-05-19,AMAT,45.05,45.74,43.91,44.08,23338575,0.2080394016023304,0.2144713449164985,0.9909032726851312,0.6897622151915088,0.4612232633472801,0.1319425114146015,0.4929240188954602,0.4647342792590196,1.4159685751345932,2.570008886474611,-0.0011431733705547,0.4662165659708411,1.641367143014654,-1.6530697496482905,1.868607412227442
2017-05-22,AMAT,44.19,45.0,43.62,44.73,12606288,0.8850557803166258,0.8815712790284468,1.2542059808069133,0.8432772258520183,0.4784955877569463,0.148981927052797,0.5272813230634323,0.458254702112615,1.3905175466689452,0.3807612418617806,-0.0011908064008882,0.8279660502117625,0.2076427175354142,0.8969231863405546,0.979889729764424
2017-05-23,AMAT,44.81,44.94,44.3,44.91,8541940,0.2175393191156186,0.2238820082008752,1.231601240938312,0.9568343580867016,0.4919015680050781,0.1526615562491909,0.5710009567979473,0.4559564330589497,1.3159401627059262,-0.4112126054213407,-0.0012081857070428,0.923768559139775,0.8848357115407384,0.1422881917485397,-0.4036563439661617
2017-05-24,AMAT,45.0,45.13,44.47,44.63,7570534,-0.4211557068148198,-0.4120185179351612,0.9342645177934628,0.8131206330798983,0.4842283052092249,0.1013476508821477,0.5328561657452412,0.4711032348554504,1.2467032053324412,-0.6104322723218347,-0.0012729299336463,0.727793188905839,0.2171451133206455,-0.6475201177295691,-0.3588576861922027
2017-05-25,AMAT,44.76,45.33,44.551,45.02,8662611,0.511046856891066,0.5139294471466693,1.0549139405975392,0.851877381557215,0.486195189857365,0.0851101001579225,0.5584273837993087,0.4521236838268365,1.143758659352612,-0.4062892397473632,-0.0012077474609919,0.9790394678985856,-0.4217165308947117,0.4125454719720916,-0.1492419507825127
2017-05-26,AMAT,44.87,45.5,44.7499,45.5,6633378,0.6307946721708114,0.6318764288290728,1.1909112270899016,1.076494489005317,0.4991941239343719,0.1005163648959591,0.5063151959657543,0.3550799947323091,1.600984688915174,-0.7746834019634719,-0.0012162702781673,1.2797287380852778,0.510729219286809,1.034472944378216,-0.2173903059826251
2017-05-30,AMAT,45.47,45.74,45.21,45.56,6593508,0.0491024679354411,0.0568151529630888,1.104907162115063,0.9922568886125184,0.5043472695930676,0.0926464523598843,0.5373566845753934,0.2590520759467157,1.191997418171882,-0.7770048511404246,-0.0012166771754069,1.31308424530793,0.6305082735378861,0.1232251395883883,-0.6218187322060361
2017-05-31,AMAT,45.66,46.035,45.33,45.88,13082140,0.4042860464905498,0.408584377652768,1.1659759163545362,0.8834017592932337,0.5134105593757404,0.096415165994515,0.5621990000563126,0.2558176443519875,1.3008258911281694,0.3988383488210363,-0.0011915395612658,1.3363124361011451,0.0486643215144706,0.3377086952098762,-0.3106938698247915
2017-06-01,AMAT,45.97,46.26,45.8,46.0,7176781,0.1298410210247844,0.1369532664638179,1.0982711201555773,0.7653724893306767,0.517652640375302,0.0870204284897455,0.5353526537950446,0.2398793630248012,1.4054507363669158,-0.7132187649460092,-0.0012151458654535,1.268627300633402,0.4039405578738325,0.022988507984084,-0.757915306294543
2017-06-02,AMAT,46.22,46.86,45.9,46.8,9523927,1.0497524351844392,1.0427744358319986,1.4122389847960346,0.9702515202099402,0.5445259288885145,0.1377569770385373,0.5548550040868996,0.2666373862152593,1.6604021109551623,-0.3137024472884362,-0.0012064911816732,1.4070062895586133,0.1294239371120478,0.921758641552856,0.1182321865865097
2017-06-05,AMAT,46.63,47.24,46.51,46.72,6807565,-0.1394200387757656,-0.1307101791540342,1.2122697814572951,0.7246238452468476,0.5545856948311216,0.1350684982191547,0.52767979737273,0.2787691643946111,1.5494063193448608,-0.818619547365372,-0.0012682631511902,1.14484868331873,1.0495753313183316,0.1195050374885727,-0.2891229739755595
2017-06-06,AMAT,46.57,47.21,46.48,46.57,7806155,-0.2328827216644319,-0.2238895048883667,0.9691148088649096,0.4300021586157608,0.5486343324662406,0.0917053465255875,0.3787642087018503,0.2613849620531954,1.6108895422768406,-0.6477079714206742,-0.0012722839975558,1.0394001960178,-0.1399073656278676,-0.0263165508545973,-0.2849286398878155
2017-06-07,AMAT,46.7,47.34,46.62,47.26,8026510,0.8894442806334885,0.8858721388870797,1.213136249420451,2.2129724102592525,0.5628884525737649,0.1090233892250982,0.3133575262642353,0.2703880656628837,1.6561145937157036,-0.6079805291994593,-0.0012119711930872,1.3882720739597407,-0.2333944304066295,0.879657746572873,-0.3216366660887123
2017-06-08,AMAT,47.4,47.47,46.93,47.43,7936089,0.1909537321230405,0.1975425994674856,1.172737212460598,2.095449017600513,0.5725789294593682,0.1111310842928446,0.3191438081533306,0.2276767624402659,1.3947032649741482,-0.601039355620937,-0.0012126503728178,1.4148265873199544,0.8892253566988264,0.0215010346900057,-0.642471611555232
2017-06-09,AMAT,47.62,47.86,43.41,44.74,20477177,-3.5639705501395325,-3.639901825494812,-0.4252389264040844,0.086452028554474,0.4673090683659271,-0.1830886906130311,0.2389412045519675,0.8921348432636972,0.2581222313613941,1.529605294723501,-0.0013194363719333,-0.5788456916317859,0.1905525908663393,-4.595597131748201,6.698055246886569
2017-06-12,AMAT,44.14,44.5,42.316,44.34,20623498,-0.5896168521583435,-0.5808367693220211,-0.6826885221121941,-0.3577283552088378,0.362267558205172,-0.4178767391679716,0.1652376224770685,0.909167301305135,0.1368023911367253,1.3882836294304173,-0.0013221818022068,-0.6677127001515534,-3.5653512497433484,0.3160114290297303,2.5136927070745188
2017-06-13,AMAT,44.91,45.5,44.28,44.85,12330638,0.6830977576761899,0.6833225360444521,-0.4024705908763008,-0.2137510250719686,0.2940075010224607,-0.5110323512250002,0.1412196637468063,0.8655998799672486,0.0081519141120478,0.0060825646624576,-0.0011937916941125,-0.3619167794993769,-0.590221623201924,-0.1272541395793321,0.6756961269137928
2017-06-14,AMAT,45.08,45.285,43.37,43.98,10697299,-1.2406770380074064,-1.2376386863051188,-0.8754563019235555,-0.4367488191228227,0.2016508699611626,-0.6475810072208577,0.1931874635641591,0.879452550208239,-0.5226653006112773,-0.2454283636758045,-0.0012844112191128,-0.8835686441413299,0.6828250035058782,-1.8698605543265845,2.03754707008646
2017-06-15,AMAT,43.19,43.67,42.83,43.16,11523008,-1.1937871014608463,-1.1901016947366057,-1.3617532346382653,-0.8605991759889723,0.0934130106864485,-0.797697940049643,0.1378959873630503,0.4682304351406244,-0.0300910795693694,-0.0352152705897831,-0.0012883154697802,-1.375240516562478,-1.241451653072219,-0.0787952161663405,0.0306946762780933
2017-06-16,AMAT,43.19,43.9,43.055,43.11,10775074,-0.1051207389490296,-0.0965500095278301,-1.3686489495660774,-1.0999766737072658,0.00392456621539,-0.8695308153720236,0.2216344016415137,0.3201743564775564,-0.4350524362688345,-0.0710852724305557,-0.0012860677618837,-1.4052205087832783,-1.1945494842074316,-0.1662596583525709,0.0422420022827874
2017-06-19,AMAT,43.7,44.39,43.63,44.29,9649864,1.6711209657240491,1.6472117177676258,-0.6904008538285826,-0.6118092735512872,-0.0219985805075435,-0.7633811334783989,0.2083076741480684,0.4715535619905044,-0.0975092682507219,-0.1603035431071023,-0.0012032614024346,-0.6976926923723576,-0.1055991180400265,0.9937189925018568,-0.161225615304968
2017-06-20,AMAT,44.26,44.59,43.3,43.36,9083673,-1.3402883183661685,-1.338745830102822,-1.191433050580201,-0.9738697419632998,-0.079918486568259,-0.7608204956870482,0.3019290655970389,0.5082053342735448,-0.6172997272699117,-0.2401455336174636,-0.0012793212878425,-1.2553205476792697,1.6711059601280986,-1.5626158424140857,0.8881435432256504
2017-06-21,AMAT,43.41,43.82,43.09,43.62,9713578,0.3403224474840488,0.3453830231824915,-1.00429729734698,-0.9194551361322164,-0.1159475341802943,-0.7024252926497705,0.3670061708659173,0.5130663758996692,-0.5893350855102253,-0.1260843317604661,-0.0012030340355274,-1.0994245881311018,-1.3410889193241198,0.3391723891062129,-0.1965777456024491
2017-06-22,AMAT,43.69,43.92,43.08,43.34,7632051,-0.4326349816028613,-0.4235075241948486,-1.1310352556254035,-1.3117417779680296,-0.1554248888644826,-0.6645850132623907,0.4443200903037685,0.513425041497467,-0.5919817419750079,-0.5375769612921169,-0.0012734422916839,-1.267312544567588,0.3399602724916264,-0.6315608815060987,0.0239580970624689
2017-06-23,AMAT,43.45,44.3,43.41,44.09,13947666,1.0443811633150284,1.0375237131492747,-0.6678467734042671,-0.9837661744123792,-0.1570796769482216,-0.5369581544238625,0.4696039052181254,0.5597969264895227,-0.4708641343431828,0.6399128077305921,-0.0011859140388008,-0.817612661255562,-0.4331988003155587,1.0865290763652156,0.0909932855028523
2017-06-26,AMAT,44.47,44.65,42.91,43.25,10911376,-1.2191323891348491,-1.2157922010328637,-1.0942974974842898,-1.1259718642027143,-0.1909448839987665,-0.5177657312836286,0.5408590249689447,0.5886604640306745,-0.8937348929275104,0.0136832188994125,-0.0012862488027388,-1.3212765305650331,1.0442026582291362,-2.0990212483084627,1.7615800288661572
2017-06-27,AMAT,43.0,43.1,41.83,41.89,12734948,-1.9907054302902336,-2.003020218672773,-1.7885434468889785,-1.6131330755504028,-0.2698919553172524,-0.6184517353301732,0.737038887145269,0.7306801855180228,-1.350524287998857,0.2907038469449076,-0.0012943354005484,-1.848226352041224,-1.219901383782564,-1.9766068189504515,0.9353624488278488
2017-06-28,AMAT,41.9,42.775,41.42,42.69,14308333,1.1559853367253885,1.1465317301702658,-1.2295637355481883,-1.378597566856821,-0.2992204859057271,-0.5712832688924481,0.7970480192943508,0.801563430659414,-1.1886210857962662,0.5646706933059068,-0.0011836043382488,-1.225757668393714,-1.991675707508796,1.398168181287915,1.0539528434162568
2017-06-29,AMAT,42.35,42.46,40.79,41.44,12362485,-1.8559650492176196,-1.8648226780707204,-1.8401123801447772,-1.1329863403900764,-0.3690994864221917,-0.6379247072761761,0.9525574873168284,0.9004453532495024,-1.6233609889222749,0.1583528464897811,-0.0012927105431973,-1.5756849635611192,1.1558359461545753,-1.6497433394266878,1.767248367921283
2017-06-30,AMAT,41.81,42.02,41.09,41.31,10044092,-0.2283035931196264,-0.2193209908640758,-1.7647749682692508,-1.079082879546614,-0.42637646695075,-0.6588004754732127,1.002723786668394,0.8126029845020055,-1.89032218167204,-0.2588007076639962,-0.0012840788452844,-1.636808527898815,-1.8569001763092945,-0.9298298869042272,0.2849045934367206
2017-07-03,AMAT,41.33,41.96,40.98,41.01,6519489,-0.4851241294611356,-0.4760683466793344,-1.7841907007187572,-1.341151144741923,-0.4797415535344979,-0.6654319423586496,1.0340613292594385,0.809401403577366,-1.962429812506622,-0.8838603486973117,-0.0012699678980934,-1.777862907139658,-0.2288141072908416,-0.6112807717921837,0.4002401579600809
2017-07-05,AMAT,41.28,42.23,41.25,42.12,10942496,1.6521154327693723,1.628811266289314,-0.9899203958215278,-0.7337547437198675,-0.4745745588535443,-0.5200765462989163,0.9209532661636576,0.985883795944608,-1.57085134002026,-0.1231643083183498,-0.0011965025239741,-1.2559617039485456,-0.48570164117509,1.511074426247984,0.347755920042243
2017-07-06,AMAT,41.72,42.59,41.56,42.11,11934214,-0.0477771535689286,-0.0394810902061167,-0.8450990786833716,-0.5234485026298517,-0.4671839683743514,-0.3980687321448078,0.6359408730637235,0.9246167179470997,-1.7678944279069762,0.0159751088362022,-0.0012922774801504,-1.260663516589906,1.6520954691431,0.6799441445572763,0.4471725372856073
2017-07-07,AMAT,42.36,43.795,42.36,43.54,10748709,2.081204707909289,2.042913444975781,0.1405771644112035,-0.0698044777389443,-0.4021091957326898,-0.1519843889463285,0.1438485395383493,1.1517601869712066,-1.3720031488767843,-0.2107032311797262,-0.0011972522275947,-0.5883043088752291,-0.0482405732670083,2.0782893624918293,1.1554407510159286
2017-07-10,AMAT,43.6,44.5,43.51,44.21,10357926,0.9250399037569276,0.9207458658344976,0.565006844573296,-0.2122830564256772,-0.3221512774376656,0.0831920463165839,0.0964191140485651,0.713498558367015,-0.3414570848206148,-0.1985443068811395,-0.0011996107648507,0.5324341272882549,2.081296682087756,1.0307153057483085,0.2749382718403926
2017-07-11,AMAT,44.21,45.5,44.04,45.4,13527360,1.642802749603998,1.6197930755807477,1.2559121018449455,0.3900717143630084,-0.2112122669720659,0.3510779924463933,0.2153311622478404,0.8202919669309279,0.1836223396295009,0.4440584127884167,-0.0011872838514839,1.3723016494870997,0.9248302657591128,2.007309876219802,1.0888006459830557
2017-07-12,AMAT,45.68,45.98,44.84,45.28,10395825,-0.1975547324752527,-0.1886521352842017,1.1691814865291268,0.2886492021915399,-0.128232927899033,0.4934190365007597,0.2652333224556408,0.8037128045091048,-0.0266694515437199,-0.1149841867856216,-0.0012844690907887,0.99453056795209,1.6427803565501675,-0.6878908517343678,0.5069221132955555
2017-07-13,AMAT,45.28,45.6569,44.9915,45.3,9036082,-0.00549690988095,0.0025629744657622,1.1392835357868307,0.3896621448699494,-0.062657949107363,0.5624933479893903,0.3747556396813706,0.72976007020365,0.273319898040866,-0.3544355951098637,-0.0012058561098505,1.0073405160732531,-0.1980572250990693,0.0070543789865929,-0.3671515431959914
2017-07-14,AMAT,45.38,46.13,45.35,46.12,8085735,1.0939706401455216,1.0859833242598582,1.5416093449883144,0.4061539733187929,0.0196595483133816,0.6608477519155168,0.5813939322630632,0.6922544211539347,0.8397562888016744,-0.507721081414451,-0.0012101641551682,1.4366536931340017,-0.005949299805189,1.2056869973769462,-0.1818297496084475
2017-07-17,AMAT,46.2,46.45,45.68,46.15,7679902,0.0075013794322001,0.0154829192164692,1.4622432370209943,0.7357474061131385,0.0834196771867073,0.6917649278733211,0.7488543002575558,0.6897767291882786,0.8681785950738383,-0.5632910346513679,-0.0012121558928452,1.2666853844839177,1.0938050716150185,-0.1080825521105243,-0.2008046881829523
2017-07-18,AMAT,46.02,46.63,45.68,46.62,6594152,0.6010511427409639,0.6026011651106361,1.6706041108445493,1.480052261828562,0.1490330846959586,0.7212689759449583,0.9378058140513912,0.5910821420411478,0.6051502884387043,-0.753848479682441,-0.0012167609837253,1.4371866605191803,0.0070523804106366,0.9587132426326168,0.1069561570771043
2017-07-19,AMAT,46.9,47.21,46.7446,47.18,9533910,0.7148482512255144,0.7145319645736169,1.8837406269415191,1.4422510706118914,0.2188524019940086,0.7556981537955171,1.165578043361165,0.489331401731309,1.1264026434619585,-0.1826384168106505,-0.0012055406183441,1.4273451936067056,0.6007569848244058,0.4247388829392555,-0.7692205521212707
2017-07-20,AMAT,47.11,47.34,46.37,47.25,8782346,0.0593749324654848,0.0670169835134122,1.8089927672382604,2.28123023385142,0.2721067907052401,0.7406036550523655,1.359162142737551,0.490265485647704,1.0547187117171126,-0.3216396266110605,-0.0012089230867372,1.3972029753425297,0.7145837799015781,0.198205841895686,0.1195889771291138
2017-07-21,AMAT,46.78,47.0,46.23,46.81,7539498,-0.6127534292818458,-0.6040583827518499,1.4370368162756135,2.0493026923819126,0.2919334334087574,0.6424856132797744,1.4664600096463902,0.503744163909273,1.0083958428261544,-0.5647500467361267,-0.0012713644343787,1.1738991774074623,0.0589394658531121,0.0221347863581898,-0.2204103852108222
2017-07-24,AMAT,46.68,47.02,46.56,46.78,8495499,-0.0728965157062037,-0.0644736609372935,1.334905366534377,2.250144837447677,0.3012962266268996,0.5370574114174885,1.5642832719313828,0.4702368627572508,0.7285724538783243,-0.3318289766997365,-0.0012753348133251,1.1586739184573436,-0.6133642360336168,0.135533888649411,-0.7718113879708074
2017-07-25,AMAT,46.63,46.665,45.85,46.4,7271894,-0.5387261467169393,-0.5297896456523559,1.0126068425322026,1.831942955340053,0.2887366520172204,0.3962870525239757,1.5971019614761992,0.3959090047235823,0.9021792579812884,-0.5513717119376439,-0.0012709679073995,0.9658206384225108,-0.0733664883675408,-0.3989717210649429,-0.1274704455897163
2017-07-26,AMAT,46.61,47.47,46.52,47.45,9161265,1.3758604089635456,1.360732149479851,1.4582545569010703,1.9722481364001976,0.3147817627759838,0.3830385609827309,1.5869883473562578,0.1780566921713795,1.7818478371568605,-0.1287337915760559,-0.0012067412338405,1.432926112859228,-0.5393176417497247,1.33526893583914,0.0772496777313892
2017-07-27,AMAT,47.5,47.59,45.3,46.04,17026585,-1.883024133104301,-1.8925513004721315,0.5308108820726889,0.8256122948086851,0.2750643513463899,0.2031681677134208,1.52380130625009,0.396250188821076,0.985016395015182,1.466433306108743,-0.0013087007509081,0.6851609017464335,1.375768377861564,-2.3485398421027317,2.5539968520636163
2017-07-28,AMAT,45.9,46.0,44.91,45.25,9584336,-1.1012812216763048,-1.0964261752727604,-0.0423165577258862,0.2262207932978903,0.2083986390427657,-0.0100926094471501,1.2958696730732016,0.2565076200079498,1.1828066811963291,-0.0396544065103181,-0.0012807607636114,0.2660883138244385,-1.8839663191802571,-1.0962220051967635,0.4162238685743564
2017-07-31,AMAT,45.43,45.48,44.01,44.31,11121273,-1.3263121811437106,-1.324549851743516,-0.6745509887428204,-0.6394240494351259,0.1155432388202825,-0.2481130370333486,1.0250898232578685,0.3759082025480688,0.8990843805950797,0.2689047847322797,-0.0012874765584553,-0.2066394691098933,-1.102019472136887,-1.888918342175889,1.1735387263877506
2017-08-01,AMAT,44.39,44.79,44.015,44.1,9452283,-0.328057832144492,-0.3189203909813267,-0.8832811959911987,-0.6705373241727894,0.0316292408465464,-0.415514363636832,0.660489087898884,0.3658203184122931,0.93911749095214,-0.1074593907156815,-0.0012813820111251,-0.3869940499639442,-1.3271091361048726,-0.519896584567962,-0.1267169631570776
2017-08-02,AMAT,44.35,44.44,42.51,42.73,15631985,-1.9670892714655908,-1.978775813375478,-1.6914674973230477,-1.0725701229223186,-0.0894553747487222,-0.6451119547995625,0.5752863015794347,0.4671787669421252,0.0452199925043109,1.0843859926484654,-0.0013075695579646,-1.236312337686142,-0.3285943695029013,-2.7860435398052585,2.1729601661582327
2017-08-03,AMAT,42.7,43.115,42.31,42.7,11475763,-0.0767063431911103,-0.0682651393239017,-1.7247833242699524,-1.4841992697236486,-0.1861468288227054,-0.7660024498928485,0.4881887760048845,0.4674220215058745,0.038295176048729,0.2577777407565832,-0.0012914638699138,-1.6357666489612417,-1.968053387866048,-0.0263165508545973,-0.0201437669073015
2017-08-04,AMAT,42.85,43.14,42.36,42.82,7510942,0.1419679967569426,0.1489811013050942,-1.6359617654119891,-1.4356928516007277,-0.2567888646544461,-0.7956640918426574,0.5680119618747174,0.2301742291365024,-0.4103413422991168,-0.512949332047618,-0.0012102277669375,-1.560217068564823,-0.0771773097335575,-0.0792116163111712,-0.0732045584204799
2017-08-07,AMAT,42.86,44.045,42.85,43.96,7758354,1.6245042546685082,1.6020694020108772,-0.9706060597848304,-1.1067251764673074,-0.2665314987058118,-0.6626393935795903,0.5843279328992307,0.3334197735453135,-0.2505268791312175,-0.4414942453091249,-0.0012095459618745,-0.8424960547988296,0.1415540764446972,1.912716666049676,0.6741976361127183
2017-08-08,AMAT,44.04,44.52,43.73,43.9,9798285,-0.1179706165256531,-0.1093455557810613,-0.9633331174656204,-1.3910088085590802,-0.2751384590284389,-0.5532964303415497,0.6390171204033802,0.1656191110094724,-0.6527153699223586,0.0192446934019569,-0.0012840967107611,-0.8802708449970412,1.6244770880314827,-0.266490254816129,-0.0915681186702908
2017-08-09,AMAT,43.39,44.025,43.06,43.81,5634688,-0.1606321108164375,-0.1518456432078594,-0.9742648894822976,-1.4465156395684684,-0.2839247754678227,-0.4662837193081023,0.6936202551597054,0.1654051610640565,-0.6442708497119987,-0.8274048061180461,-0.0012668700149497,-0.9369330302943544,-0.1184523478027112,0.704998262867402,0.2444197461749276
2017-08-10,AMAT,43.37,43.58,41.94,42.03,11299315,-2.5625396802913616,-2.5929833630814145,-1.91763263027312,-1.6872715079630924,-0.3585045394003042,-0.5660247517196932,0.914785169567033,0.4690976572724639,-1.2276318487189033,0.3667313686393531,-0.0012915851115103,-1.8283512209363624,-0.1611249713253232,-2.360635022494662,1.6606154055439095
2017-08-11,AMAT,42.03,43.14,41.98,43.08,10761599,1.522343937283951,1.5030249672426168,-1.2221764293015511,-1.2352209003254837,-0.3736747770691818,-0.4928984797585867,0.977265717189189,0.5358974408410981,-1.1355409249027022,0.2200146986395072,-0.0011953239338943,-1.2105829706151936,-2.563659133623914,1.8611299021193104,0.6527660873998756
2017-08-14,AMAT,43.7,44.24,43.59,43.78,9764788,0.978624807668012,0.9732070295754888,-0.7461189536737471,-0.9077614047358952,-0.3557437060572789,-0.3491952634716653,0.9785056018130396,0.6026186672832194,-0.9216941189104192,-0.0117714466668682,-0.0012004348170101,-0.798737470401078,1.5222901197788608,0.1119933533293265,-0.3539653223624135
2017-08-15,AMAT,43.85,44.35,43.6,43.88,6250208,0.1092105295809642,0.1164860641312493,-0.6089249024542095,-1.263422280504342,-0.3354271839637394,-0.2280925804226184,0.9340490650377844,0.576241649455746,-1.0306503877277329,-0.7409928007363752,-0.0012160562133436,-0.739902398941918,0.9784291485246188,0.0253722417295345,-0.1668561598642157
2017-08-16,AMAT,44.35,44.616,43.76,44.46,8490601,0.7899224106669698,0.7882642596900431,-0.1888619341372449,-0.7085589108511818,-0.2947978220471677,-0.0789255339566183,0.8063942195908962,0.583258610062584,-1.0141792534408505,-0.2642673835047958,-0.0012068469675573,-0.398658984478796,0.1087880637301165,0.1610723187655077,0.013259444606753
2017-08-17,AMAT,44.33,44.4,43.0,43.12,14283433,-1.9094191255549664,-1.919611369247708,-0.8596519137525296,-0.848912501624826,-0.3134185506478879,-0.1121006098078152,0.6849205257216084,0.7078567382312,-1.4511901668715206,0.8670736023185314,-0.0013022682660841,-1.1870489420315304,0.7896775241639261,-2.0885240862520447,1.1145481509333468
2017-08-18,AMAT,44.77,45.25,43.66,44.3,20996205,1.670725762336106,1.6468291521846934,-0.0873516198272028,-0.1920132449837398,-0.2802021123799537,-0.0052126953257403,0.5403359903687025,0.8670275051876629,-0.9549847320464466,1.96335648619057,-0.0011532381378206,-0.4927950988134528,-1.910368197371682,-0.8194668529636296,1.3999168689544916
2017-08-21,AMAT,44.11,44.26,43.0211,43.31,14374518,-1.4243156169476865,-1.4241635344050008,-0.5734625396392248,-0.4100419001331576,-0.2911795233619552,-0.0334565709293031,0.3877135487810176,0.9279012954338228,-1.256881114497852,0.6253515509911857,-0.0013020495729563,-1.0752623062591251,1.6707106536422631,-1.3965597639213811,0.7926749556727004
2017-08-22,AMAT,43.62,44.53,43.61,44.45,8664516,1.6057516537476453,1.583900622185538,0.1641178399604758,0.3030303768294065,-0.2537844523748317,0.068458264462708,0.2362730616618454,1.0597630373906577,-0.7846918540396781,-0.4453183478662935,-0.0012061585068541,-0.4045424916247107,-1.425138138358761,1.411280461598189,0.1336162683293263
2017-08-23,AMAT,44.2,44.2,43.83,44.02,8480893,-0.6352672719468316,-0.6266633367280402,0.01034371423689,0.1744909201441599,-0.2400010671183711,0.0892140601716763,-0.1890658113152017,0.964576318065856,-1.2291179370238894,-0.4743269489177351,-0.0012780194705456,-0.6575332988990948,1.605719595063435,-0.3339935039967826,-0.890821446852029
2017-08-24,AMAT,44.3,44.31,43.25,43.72,9252991,-0.4572898015608703,-0.448190453853318,-0.0998509771269021,0.0547373820670219,-0.2398160141250463,0.0708168235835974,-0.4161292650588749,0.8479382170842171,-0.907546343339064,-0.2681765550227966,-0.001281730627776,-0.4239029978979725,-0.6358839519521892,-1.0154821353483334,0.4292916249579123
2017-08-25,AMAT,43.79,43.95,43.12,43.31,6385750,-0.6168431467666327,-0.6081640375588558,-0.2882640283487243,-0.3776775652152654,-0.2545668186848544,0.0176543940864113,-0.5424029350893719,0.8184822938568632,-0.7971323323776334,-0.7996205377881587,-0.0012700229143831,-0.594825749572706,-0.4578600520503149,-0.8544703959567985,0.005834104197894
2017-08-28,AMAT,43.36,43.721,43.36,43.63,5545131,0.4270033104358379,0.4310154075122837,-0.0750850054815706,-0.2654111120803843,-0.2524491982952688,0.0185434859249563,-0.5719935706283898,0.7656868684326982,-0.3928629499943312,-0.9335984443259042,-0.0012187545640942,-0.1840620606943732,-0.6174550204152565,0.4441396759287778,-0.9017513523326748
2017-08-29,AMAT,43.02,44.19,42.933,44.02,6768784,0.5235163251455341,0.5262218779452041,0.1623541821075788,-0.1312185656248256,-0.2344162085473786,0.0602206461471083,-0.5765433098032805,0.7768795375270134,-0.1941192164128087,-0.6702441981189916,-0.0012137187640812,0.2076088757414497,0.426663748139826,1.7298848708206709,0.788491183838789
2017-08-30,AMAT,44.0,45.49,43.99,45.47,8797177,2.017757123075932,1.981856146986079,0.950236949543934,0.787467891932208,-0.1628778551781741,0.2312842592118442,-0.4398012401204854,0.7597683877139125,0.7742769861694812,-0.195033308786899,-0.0012054208569719,1.424150968883348,0.5232019404888187,2.49779990791565,1.1579896859026162
2017-08-31,AMAT,45.43,45.47,44.84,45.12,9213406,-0.5122199956468724,-0.5032186842204388,0.6651152720364444,0.4319461049746387,-0.1202674369603963,0.2936751425671344,-0.404884026876125,0.7776989480506243,0.6648755054249247,-0.0844840760305099,-0.0012812432537806,1.0964147609664814,2.0178325454928574,-0.5418581180953169,-0.4276549870721997
2017-09-01,AMAT,45.19,45.2964,44.76,45.1,5307511,-0.0605926908790771,-0.0522306798557069,0.5830095113878617,0.2431486704274241,-0.0879675902214887,0.3170486157572758,-0.3876074395968883,0.7796115226351232,0.6145252198764855,-0.9020464273655456,-0.0012652196716455,1.07768697765695,-0.5128045759406168,-0.1767848107448834,-0.6001035687038437
2017-09-05,AMAT,44.63,44.96,43.87,44.48,9214780,-0.8888715031208586,-0.8818655792355071,0.1968219630341116,-0.0032932534817525,-0.0874581959531106,0.2539193169106536,-0.3745860065602149,0.713249179299421,0.0062492957270059,-0.076456604599807,-0.0012821112611953,0.4971256950613561,-0.0610594538047698,-0.2802436800069822,0.450976831244249
2017-09-06,AMAT,44.7,44.955,44.21,44.73,12116667,0.3169254806588411,0.3222487501694159,0.3209155404004742,-0.1024265019700339,-0.0780124504308202,0.2264178921250778,-0.3495904699462303,0.7162010858596526,0.1101958543924248,0.5119191576040022,-0.0011901516750632,0.7312229864305455,-0.8895543416217905,0.0243893452262448,-0.203241178241849
2017-09-07,AMAT,44.94,45.4,44.59,45.22,8291534,0.6490168872926597,0.6498049281193946,0.5700860359684539,0.5529102097348904,-0.0523352219394657,0.2461963100402539,-0.2910987290175548,0.730126860836701,0.3052013159995249,-0.3189588996810831,-0.0012074119683333,1.1900536775141586,0.3165572020295866,0.4444110825439718,-0.0984867486112068
2017-09-08,AMAT,45.2,45.25,44.12,44.35,8128854,-1.2307955261070556,-1.2276177793653509,-0.017496457566812,-0.170645030685752,-0.0671473388918906,0.1578001662086101,-0.4945350987815962,0.4725666506560541,0.6432010156107035,-0.3247454982127597,-0.0012768785367349,0.3632300477243846,0.6487352423435863,-1.4470912717926427,0.5321297840703989
2017-09-11,AMAT,44.89,45.79,44.85,45.58,8893042,1.693664297946068,1.6690302476812748,0.63682915698295,0.6197569571560263,-0.0318080984994093,0.2161719816127624,-0.4746617173128091,0.4978505447028515,0.6848065645826517,-0.1445219695763804,-0.0012048608093294,1.1985391922128623,-1.231567563352254,1.1349828868982244,0.1274213318365969
2017-09-12,AMAT,45.84,46.02,45.37,45.65,7234426,0.0626174414788132,0.0702368478710433,0.6213429377940505,0.3020768464726835,-0.0027114851359209,0.2468010194278791,-0.4109176323325956,0.4615427471941642,0.4598379794624739,-0.4778847302475972,-0.0012123339686817,1.0444507739441862,1.6936551732967329,-0.3394674928373564,-0.4046523001220732
2017-09-13,AMAT,46.1,46.42,45.53,46.12,7500510,0.607995799759504,0.6094377280223549,0.8305815952458006,0.6656300504351622,0.0367254491086102,0.297920057623131,-0.3048018098726531,0.4737143763778667,0.5822466355442506,-0.4310778175790447,-0.0012115577158226,1.1568866497458652,0.0621828207494813,0.0064607962865978,0.0169450660611573
2017-09-14,AMAT,45.98,47.36,45.78,47.05,12338916,1.222424053949121,1.2113339242390562,1.2984903165382944,1.0577102771250757,0.1017116319238956,0.4045786141799699,-0.0733587369945988,0.5113673382676971,0.6880822777388088,0.5562794917620073,-0.0011920316902835,1.210103446882929,0.6077034535164282,1.7318480885908785,1.2073702016347223
2017-09-15,AMAT,46.97,47.69,46.87,47.14,13880440,0.0860947831942623,0.0935452373424341,1.2271600632516892,1.305677019075758,0.1532924570263101,0.4554002994405866,0.026635179984316,0.2775546540462437,1.2017236315424336,0.8873256346404685,-0.0011867228152542,1.0585399156166064,1.2222919954455176,0.2471304041652033,-0.141610183788927
2017-09-18,AMAT,47.8,48.5272,47.74,48.05,11215511,1.168845580276806,1.1590804938882893,1.642689986328913,1.410901453057355,0.2256865426292393,0.5496306218851331,0.2971244547339474,0.2109308349629021,1.0757411246387478,0.4520635557610952,-0.0011983661855749,1.1593173082567436,0.0856662870694009,0.3688287690223381,-0.2259560663464169
2017-09-19,AMAT,48.03,48.5,47.58,48.26,9384975,0.2390994382115996,0.2452342591768695,1.6113149168761451,1.3804525973847144,0.2863273166731933,0.5947620582167042,0.4511603884053062,0.04000290964377,1.5110827389452972,0.1036441906338017,-0.0012061870841146,1.284103358605842,1.168699544596257,0.335476299174715,-0.0025632184138179
2017-09-20,AMAT,48.37,48.37,46.78,47.28,11021297,-1.2972496018707331,-1.2950405423556997,0.9578062530947326,0.5230247250580571,0.2907691041529692,0.4862119833096982,0.5170748390975298,0.070171552370427,0.7675722097225286,0.4449219960481019,-0.0012850412094577,0.7017684569767202,0.2387108568694883,-1.7288479923454405,1.2113826582354807
2017-09-21,AMAT,47.31,47.53,46.76,47.15,8533594,-0.2041793102855262,-0.195258192966037,0.7891053081885959,0.6337335915233894,0.2842007912502458,0.3710321145341824,0.5238629786503292,0.0384001071664606,0.8767961078156511,-0.1174907991638098,-0.0012759937386376,0.624519949617753,-1.29803897518977,-0.281828823644187,-0.2302960817969691
2017-09-22,AMAT,46.89,47.92,46.84,47.77,5867667,0.7856674404927092,0.7840876885646442,1.0244644416412363,0.8106162733774723,0.2982615338697826,0.3319870533068135,0.5287384413882464,0.0299813100439246,1.1930108258882022,-0.6938759023712057,-0.0012195443912288,0.9929359077912832,-0.2046835310828031,1.3915885662538232,0.2928738798733227
2017-09-25,AMAT,47.52,47.64,45.97,46.33,11445862,-1.9097298508380367,-1.919929994336398,0.1114736275836925,0.4382649019666247,0.2481757109406519,0.1356388488610937,0.3709974782662451,0.2561766972628265,0.8566140118523142,0.5160967083600889,-0.0012875208207502,0.1372601339688945,0.7854214439828485,-1.9182909688040863,1.412760598098813
2017-09-26,AMAT,46.56,46.86,45.58,45.92,11086582,-0.5839521271099102,-0.5751525510767586,-0.1880988606684905,0.2071924952133674,0.1884777332214818,-0.0461812356554968,0.221218220845982,0.2829437087357601,0.6033733458864803,0.3619404582510379,-0.0012868265545796,-0.1063697738555328,-1.910679003714588,-1.0648290616514375,0.7317662514577493
2017-09-27,AMAT,46.73,49.71,46.68,48.84,20364432,3.9259209755861297,3.792309754165368,1.3314960063610524,0.7565760766090107,0.2514899377291106,0.1242165933744366,0.2817545005211274,0.9379827763792552,1.4406368321681164,2.074858263333548,-0.001160361901179,0.9476667765807356,-0.584555420379696,3.385073705695634,3.579085664938195
2017-09-28,AMAT,48.92,50.88,48.65,50.62,22109112,2.236031531630302,2.191655171704239,2.182085512168136,1.3265118456735316,0.3655703786317996,0.3919836179592269,0.6660928311060768,0.9714360218862296,1.4959435477459666,2.148460955153416,-0.0011558832480488,1.3195852857542176,3.926494186424041,2.599154315310545,2.0801521152830693
2017-09-29,AMAT,50.59,52.28,50.56,52.09,21008733,1.7749714623396549,1.7476594523433349,2.792748487020968,1.354139951920066,0.5063002727264615,0.6747924713831139,1.1485954716446607,1.020657986467526,2.101256431112333,1.7308808249332566,-0.0011627074532539,1.3677783369593466,2.2361638959461283,2.213803586340601,1.1605723904139236
2017-10-02,AMAT,52.21,52.63,51.62,52.08,15636031,-0.0449480563937269,-0.0366669050372673,2.5717577423123315,1.3425696342295572,0.608723051275312,0.8024376981495608,1.4694630825229762,1.0200352250512577,2.10551896243827,0.6421021852906995,-0.0013005825922637,1.2341687241571118,1.774983548533888,-0.2144362993867042,0.0249254821350384
2017-10-03,AMAT,52.21,52.36,51.26,51.84,11304643,-0.3198994416626525,-0.3107686454764691,2.215739626591981,1.1992672258548247,0.6710172806480676,0.8012636847809848,1.6048706289981132,0.9703966840036752,2.2626715317391497,-0.119146809172559,-0.0012854419105488,1.134288456707626,-0.0454107380567506,-0.5617342966767336,0.1770971096064091
2017-10-04,AMAT,51.78,52.0,51.15,51.6,8294699,-0.3212276981377127,-0.3120957469520816,1.8796089302829548,0.981852385277194,0.7011618577675056,0.7175718226299781,1.6570357042016317,0.9941258493451764,2.088203693949081,-0.6085975012655671,-0.0012745542558764,1.0405395061804572,-0.3204338507172946,-0.2889531157229749,-0.218460908380542
2017-10-05,AMAT,51.65,51.74,50.77,51.43,9337020,-0.2381097324850044,-0.2291048114177981,1.6054185128543326,0.9072874431792218,0.7084979322860908,0.5919096398541747,1.6742713864096082,1.0088034676921207,1.8494065644157065,-0.4353968260718794,-0.0012789720991911,0.9741339995570458,-0.3217624536986008,-0.3481247354684081,-0.0194663566101574
2017-10-06,AMAT,51.2,52.41,51.15,52.4,8509548,1.1412271024591072,1.1321278110613715,1.8972340376478476,0.9168653382880022,0.7422346273356316,0.559334636403687,1.6300481471270127,0.911605330331712,2.498289084619502,-0.580351410087752,-0.0012092217020208,1.344606033219649,-0.2386228048131747,1.744428413843913,0.4126738593942314
2017-10-09,AMAT,52.69,53.0434,52.21,52.69,8762962,0.3115617980663809,0.3169440711870226,1.84753167075378,0.9294826625501252,0.7698142548329406,0.5174264477554009,1.6632879242936776,0.8474289640671993,2.1234701120554647,-0.5359222165700318,-0.0012086355910684,1.2897828943812015,1.141073861863506,-0.0263165508545973,-0.2731179385266254
2017-10-10,AMAT,53.05,53.07,51.79,52.59,8217204,-0.1511551576817546,-0.1424020247281186,1.596037517182126,1.2610022938573464,0.777081889268615,0.4316171763592697,1.6286485603941934,0.8562430155640846,2.065264641903401,-0.6357539896149634,-0.0012742724175203,1.2312597683769195,0.3111921201971792,-0.681430993339343,0.4371282729300369
2017-10-11,AMAT,52.39,53.375,52.3,53.23,7745998,0.7246602413957207,0.7241735660401375,1.733950314373038,1.396333094864783,0.7971440256253848,0.3959025869348372,1.631101526332633,0.8587083778896888,2.096646360681768,-0.7179019854811974,-0.0012126128864788,1.381043431740138,-0.1516455459094836,1.1850501132949456,0.0917763003583808
2017-10-12,AMAT,53.15,54.13,53.04,53.31,12611372,0.0605723018644466,0.0682060103635699,1.600124546593918,1.3280258841875845,0.8052137214150002,0.3364625798206858,1.6600915954011497,0.8339231097884948,1.786567683333066,0.1126931390170406,-0.0011942348665385,1.1240683591282257,0.7243983297550565,0.2011206199012913,0.1127004209809395
2017-10-13,AMAT,53.6,54.045,53.237,53.94,10208344,0.7027489133186583,0.702640668430398,1.739615648606992,2.0644932338900137,0.8251945914066889,0.3195697314792197,1.6959445942147553,0.8344552235838187,1.9510749536540184,-0.2707408110709335,-0.0012041448791528,1.3690080513608287,0.0601371476134163,0.4529298475513641,-0.3429105834802986
2017-10-16,AMAT,54.28,55.09,54.28,55.04,9921082,1.2366339393071497,1.2251849909358337,2.115147824084352,2.336501971844809,0.8725662283685224,0.3765588154656851,1.8399494954197684,0.8392338657401528,1.9690262996773455,-0.3110038495511343,-0.0012057437127082,1.4254014570433449,0.7024812856041931,1.031519792586027,-0.3648323299702302
2017-10-17,AMAT,54.97,55.28,54.28,55.13,10241702,0.0688067072185085,0.0763824249332422,1.969821331565739,2.1839807186821147,0.9015618155920744,0.3748504469651469,1.9421135220837653,0.8429032766743217,1.923210890962616,-0.2615919711444237,-0.0012050506931951,1.391473883057178,1.236505587778912,0.1935904097725717,-0.0796086952168079
2017-10-18,AMAT,55.29,55.61,54.67,55.34,9459402,0.204155922750982,0.2106239404731728,1.8550383848026133,2.039702550371424,0.9204986348036056,0.3475926564595962,1.9231307164015,0.7106197704793678,2.336194562931463,-0.3866077965121774,-0.0012083927995403,1.3533943040264391,0.0683737011014729,0.0420066406452004,-0.175703956097329
2017-10-19,AMAT,54.7,55.34,54.15,55.33,7969205,-0.0442461401783035,-0.0359687083850629,1.6274848502535026,1.8081561017438343,0.92277927933203,0.2829137171504768,1.8184682711016564,0.7017747878442194,2.38047586174047,-0.6443174648352403,-0.0012712656994274,1.3500800652054583,0.2037582255893031,0.8438411210118705,0.2011146047040954
2017-10-20,AMAT,55.84,56.235,55.73,56.09,10575253,0.822165867284824,0.8199044682584022,1.7862365448345483,1.947554697766683,0.941942716742799,0.2746265839515529,1.7637018632256969,0.7028731545941633,2.390448358903261,-0.2237703010223785,-0.0012044193955879,1.3976411808245943,-0.0447086387303412,0.3119346362893408,-0.8409738554568184
2017-10-23,AMAT,56.49,56.73,55.8,56.37,11003932,0.277794659383701,0.283537949679897,1.657748867785388,2.207280144405208,0.9554396027979948,0.2534112717506696,1.4562733347623562,0.4131611482079489,3.01518994353423,-0.1464042829248477,-0.0012034094897143,1.335550917800124,0.8219293922289084,-0.1868089250669668,-0.216354960709804
2017-10-24,AMAT,56.61,56.66,55.86,56.38,7763858,-0.0219515091686742,-0.0137963155809092,1.3877862696506618,2.448430824151216,0.9538381464312996,0.1975761485081714,0.9033064221749688,0.3594338602209287,3.177934809038027,-0.6859557995126913,-0.0012153682077633,1.3271112359635475,0.2774161725798662,-0.3332748724745917,-0.4087647047613256
2017-10-25,AMAT,56.29,56.38,54.571,55.3,13694570,-1.225594136319967,-1.222343666846096,0.6922385225674655,1.6354250431234654,0.8980169793216791,0.0133474478333434,0.6085149471836793,-0.179234209630577,1.775092867823561,0.422830629743013,-0.001290464075698,0.8545644454425436,-0.0224081916535266,-1.3550830690437163,1.134962071700676
2017-10-26,AMAT,55.67,56.43,55.59,55.93,8210468,0.6762727385776773,0.6766117684163844,0.8657045579795256,1.5708772528617725,0.866883318461753,-0.0704902966057276,0.5098525500452511,-0.4496586448893704,1.3731310696942376,-0.4674513029765716,-0.0012135762265155,1.0118665593316238,-1.2263648166630288,0.3265389214235068,-0.3396464140461059
2017-10-27,AMAT,56.26,56.82,55.5,56.69,10523573,0.8129919508499552,0.8109038336963039,1.1184649291930666,1.6582869586951317,0.8605044477861582,-0.0738420883667047,0.5583584408388369,-0.6272882816338242,1.129473094141344,0.0827253251685528,-0.0012057567038541,1.3714500579999054,0.675998203944186,0.5511322159246792,0.3492288279856063
2017-10-30,AMAT,56.5,56.6,55.58,55.9,7336197,-0.9005890863375832,-0.8936824586952385,0.6401864810918069,1.1904447998188552,0.8132869928090098,-0.1816413347471692,0.520596956850837,-0.5200422724510837,0.9097622814710886,-0.4972857328971924,-0.0012681303857511,0.9373833779041087,0.8127530825669745,-0.8286363932666707,-0.0706141249817233
2017-10-31,AMAT,56.05,56.68,55.69,56.43,7661511,0.5572858867201578,0.5594997414946132,0.7815505665393891,1.1656794264463417,0.7859690026144986,-0.2166598520626624,0.4647577406667275,-0.5346252893602935,1.132894622223522,-0.3973900936464674,-0.0012159145015978,1.228592669613948,-0.901274981639554,0.4858989417587623,-0.1292035623657761
2017-11-01,AMAT,57.0,57.3408,55.2,55.71,10479942,-0.8273569680734361,-0.8198667328575135,0.3346069883793241,0.741453597687352,0.725919160680733,-0.3289258888256634,0.3117468638860228,-0.4648245232005383,1.0023237968061087,0.1825534600766441,-0.0012790094280017,0.6178536028562418,0.5569803116301426,-1.7361727413283925,1.6112629116788957
2017-11-02,AMAT,55.72,56.38,55.11,56.26,6545508,0.5816498127052149,0.5834978170482403,0.4798153777030479,0.7200071730348212,0.690321093538149,-0.3558002708514586,0.1101101553579528,-0.4728949428230383,1.211796512732868,-0.6327236379673912,-0.001219735863892,0.8625376968094367,-0.828023759093315,0.7058795005928858,0.2899930426644834
2017-11-03,AMAT,56.29,56.55,55.92,56.55,5566417,0.2879216760131355,0.2935585868630963,0.5167790252755451,0.4740604700523702,0.6641702211276406,-0.3529828598615543,-0.0068857023617955,-0.5451299114662322,0.9956753499266876,-0.8247110863521606,-0.0012233325953775,0.9692960686500568,0.5813505935055647,0.3226524337203193,-0.6628580930215017
2017-11-06,AMAT,56.69,56.72,55.7,56.33,7887713,-0.2752023781478472,-0.2661270244451368,0.3242167607581077,0.3279225377206042,0.6258763746672135,-0.3819847372374956,-0.1437689795535911,-0.5268810598229529,0.8471186138999462,-0.307913713076705,-0.0012699748782411,0.837545701453014,0.2875458310744689,-0.5060950419071495,-0.082222596524498
2017-11-07,AMAT,56.38,57.21,56.31,56.47,8177438,0.1217372296236175,0.128914422906897,0.2971702584834922,0.3028022056066713,0.5925117671988707,-0.3924984628275764,-0.3405625659015406,-0.5365527987268242,0.9160714840418526,-0.2437469308514807,-0.0012141607427857,0.8686252045804179,-0.2757251269456195,0.0942875758648425,-0.26306511948447
2017-11-08,AMAT,56.49,57.13,56.22,56.92,7468240,0.4631278612224291,0.4666680674026269,0.4207320904773431,0.4607715415552783,0.5754505338825071,-0.3589448388887595,-0.4761039666987248,-0.5556937595463477,0.8506212603693442,-0.3974041594129323,-0.0012169020690812,1.1176333115874637,0.1213180316505394,0.548781123406371,-0.2589243580496491
2017-11-09,AMAT,56.48,56.58,54.8008,55.48,10258117,-1.6080412643790594,-1.6113408287510949,-0.3076125375283215,-0.4167871515446074,0.4978225474706811,-0.4879997195720746,-0.6968370332441145,-0.3050385883509871,0.430343580296485,0.2472095610179653,-0.0012778294681599,-0.064416195142025,0.4627977228462087,-1.36398980086292,1.0813519585980436
2017-11-10,AMAT,55.65,56.51,55.31,56.36,7373087,0.9545142849719002,0.9496076340515182,0.0485074311059732,-0.1924617334124595,0.4638911754044724,-0.4787692910135117,-0.870235686912589,-0.277504481512319,0.4914301662378876,-0.3710260000143369,-0.0012171420620616,0.4210794379382785,-1.608911714850214,0.9375966111208528,0.1831443586776042
2017-11-13,AMAT,56.4,57.09,56.1,57.03,9414477,0.7071190230243749,0.7069358998658114,0.3151061253325978,0.0203164418846855,0.4564112268071536,-0.4032994395088166,-0.8744386561737962,-0.3483458846652817,0.3635229329451506,0.0983280659376922,-0.0012103613801766,1.1190867182712592,0.954312336044217,0.8176129642357631,-0.1445862066026836
2017-11-14,AMAT,56.83,56.9,55.8,56.42,9640841,-0.6989157848390566,-0.6906141105032512,-0.000583078092279,0.1911904936993448,0.4199394388883947,-0.417548053635088,-0.9243464470931873,-0.3037632592795912,0.1761771202791335,0.1572920014640465,-0.0012754523551924,0.4835875525949654,0.7068525353535213,-0.5713848583645827,0.0335421962664351
2017-11-15,AMAT,56.23,56.54,55.46,55.77,9612481,-0.7502545395791016,-0.7422448368376585,-0.3142963599165347,-0.243178115785193,0.3596125945215185,-0.4903494495779403,-0.95509266116419,-0.2619881429373818,-0.0533602837770862,0.1489192505019088,-0.0012757458144144,-0.1935836895191169,-0.6995490690226606,-0.6443820172215857,0.0225926854021502
2017-11-16,AMAT,56.36,58.0,56.26,57.84,16712331,2.2778186892785324,2.231738826629444,0.5924171482515256,0.149507226508681,0.3871107791028571,-0.3225304536936001,-0.8649589365739107,0.0689486810544649,0.4987663051404568,1.589468218075695,-0.0011845784295232,1.287769669080962,-0.7509012166574635,1.957655096368539,0.9158181291495172
2017-11-17,AMAT,60.46,60.89,56.085,56.49,27436497,-1.48611413819487,-1.4870599279524728,-0.0461301352782972,-0.0245275981805684,0.3500419815286855,-0.3544695575586555,-0.8664448519775324,0.1753139517336894,-0.0627413496533918,3.425123583072057,-0.0013361830790511,-0.871791095053033,2.2779619547353667,-4.987292189079308,5.497591448539381
2017-11-20,AMAT,56.66,58.2199,56.66,57.62,14360173,1.2123851283661318,1.201546626872261,0.4505939120540333,0.1249054428152656,0.359298644053412,-0.2607799038311081,-0.7923335610191243,0.252730091275485,0.1581960482989354,0.771801408418322,-0.0011920794286323,-0.2773417933739697,-1.486952781171328,1.2537701726549564,0.6648962708651802
2017-11-21,AMAT,58.0,58.86,58.0,58.8,10199364,1.2419863284915504,1.2304014218510848,0.9411671605594566,0.5938464770779842,0.4066900503575061,-0.0876700068359199,-0.5808634322057008,0.3272987006824747,0.4629141434830103,-0.0674897066579295,-0.0012073933676049,0.3434105747510723,1.2122504509779355,1.0157770375656756,-0.3723929649770488
2017-11-22,AMAT,58.94,59.0,57.5,57.68,8302387,-1.2188634239769989,-1.2155195164347798,0.3647604337134705,0.153951376632137,0.3939326253196639,-0.1040041456749237,-0.5966060011390979,0.3263299296631796,0.4646023966460856,-0.3924364980428645,-0.0012710947229391,-0.309506246688808,1.2418593732571148,-1.6414378488218884,0.5760008015707052
2017-11-24,AMAT,57.85,58.13,57.67,57.91,3703283,0.2152589608434594,0.2216232049523421,0.4245166073719729,0.1410841634275583,0.3867200612405715,-0.102799080090953,-0.5663255928731599,0.3087339857836405,0.3524473851041153,-1.290729547906073,-0.001229916412691,-0.1839459508187817,-1.2196323484589668,0.0520431226048293,-0.9293174184737952
2017-11-27,AMAT,56.92,57.33,56.27,56.94,7962088,-1.0758262342729208,-1.0706741818059764,-0.030018570096982,-0.0495568908545478,0.3372453959448082,-0.2106169486296753,-0.5652646173945692,0.3430489896364916,-0.1027100176334012,-0.4030392979100589,-0.0012700863555805,-0.7134828507923772,0.214864160164592,0.0002301059129553,-0.0398432047117845
2017-11-28,AMAT,57.0,57.63,56.76,57.33,7878914,0.3934288713221259,0.3978611306149006,0.1169920095261943,0.0038482538539716,0.3081369129279419,-0.2444490408707641,-0.5824047023354062,0.3044545031971755,0.2082254798260722,-0.4246658374489393,-0.0012153473320675,-0.500576262143199,-1.0765578442146768,0.411088521127069,-0.3266012841644429
2017-11-29,AMAT,56.86,57.06,51.59,52.91,25319760,-4.832935442035068,-4.992451386252217,-1.848781912387724,-0.8795289434081928,0.1081732499474792,-0.7112930066837455,-0.1761651150858755,1.293850040249132,-1.083596997640543,2.731550819089944,-0.0013297794900055,-1.4094834702577723,0.3930805503615948,-5.2748137612636175,7.024712753109768
2017-11-30,AMAT,53.71,53.755,52.33,52.77,14549690,-0.1977309750078658,-0.1888278759751006,-1.8500283667375053,-0.694036692306323,-0.0568499902989426,-0.9948321327026434,0.1182716093880291,1.2789940842657683,-0.9425344902607258,0.6489684644015543,-0.0012943635012408,-1.4595249127569043,-4.834647180312,-1.3485782907697283,0.6592109558150572
2017-12-01,AMAT,52.0,52.7154,50.371,51.91,16271762,-1.047623904502863,-1.0421552916957553,-2.1563533813081515,-1.0193598223911329,-0.2206307847201946,-1.2184653993520014,0.4749351277107493,1.279969215583583,-1.3030349021618772,0.8392961749099422,-0.0013015728476033,-1.3949528103352644,-0.1982335136085998,-0.1570792559400312,2.17258113132383
2017-12-04,AMAT,52.06,52.34,49.27,49.77,19956122,-2.5995959322244504,-2.631409051990935,-3.0137056036818017,-1.4283266235315668,-0.4313728357527058,-1.5182494787689047,1.048280139476352,1.453877374694279,-1.928304637322921,1.2823413523948357,-0.001316465622024,-1.738265713931084,-1.048348157218359,-3.3496663014784227,3.549452421427578
2017-12-05,AMAT,49.45,51.9,48.25,50.08,21045742,0.3547875941707006,0.3596814369624452,-2.7362509186556307,-1.2904200494045683,-0.5811837986953582,-1.601241170464369,1.439349774036867,1.4734402774438615,-1.7969982436881589,1.2834061761415934,-0.0011628011574445,-1.4000328316483612,-2.600725052532464,0.936223886983538,4.482840153197554
2017-12-06,AMAT,49.87,51.269,49.095,51.01,19296322,1.1231536149690218,1.114483665508793,-2.1787486005173955,-1.0025009101364504,-0.657427059570269,-1.4782725251380595,1.6568592961178208,1.5424287330520914,-1.587497498148129,0.8796280666302598,-0.0011714939137778,-1.1554530191624817,0.3544291927444313,1.7007545356289782,1.9605880346470468
2017-12-07,AMAT,51.69,52.59,51.33,52.3,14690099,1.5414573655577122,1.5215674894547693,-1.4631675276838785,-1.1806744442571149,-0.6611563703704367,-1.1932479496843746,1.729315142811851,1.6392969236101718,-1.359533498812187,0.1230027625922405,-0.0011898499903723,-0.8161971502304551,1.1229956594885917,0.8652792887253348,0.4165055950662851
2017-12-08,AMAT,53.0,53.79,51.19,51.43,15131797,-1.0686459976169616,-1.0634121032075412,-1.7871156035430948,-1.1219592809456609,-0.6920696659879417,-1.035199398279413,1.867756084690467,1.5995976848036344,-1.2395844758354175,0.1491501818890415,-0.0012961393123849,-1.0449976199753097,1.541408534229919,-2.264359998060975,2.6219025000621183
2017-12-11,AMAT,51.57,52.2,50.97,51.62,9740829,0.1970064287493853,0.2035402342755489,-1.589395413211858,-1.3644203306938432,-0.7026871058383861,-0.8565193737963782,1.9570409061349456,1.5554650914084631,-1.4026480766989224,-0.6441669330215131,-0.0012076386730496,-0.9950297012953994,-1.0693757344288697,0.0469351314805448,0.3945198973191737
2017-12-12,AMAT,51.5,51.74,50.41,50.47,9547496,-1.4199922290913165,-1.4197657303978348,-1.9951763919422156,-1.8241402094797616,-0.7494177963502777,-0.8065302397367995,2.074028910754088,1.5580777223831517,-1.8568293053206837,-0.6726036902991485,-0.0012766539246726,-1.2974671038317018,0.1966068664777866,-1.537352254064,0.6048984642194414
2017-12-13,AMAT,50.81,51.08,50.57,50.76,13858344,0.32473787560469,0.3299743912788822,-1.726862197557581,-1.6268720285396967,-0.7678835287807425,-0.6937854169579227,2.158768225846119,1.5708177924319702,-1.640817436664432,-0.0826963221305731,-0.0011928267994483,-1.221200280583417,-1.4208136226472483,-0.1006639088160975,-0.7539748401442438
2017-12-14,AMAT,51.0,51.81,50.57,51.31,8940288,0.6415886816176898,0.6424970811775472,-1.3567560413846216,-1.530115293785158,-0.7538780606775877,-0.5200092475405081,2.208617789845196,1.5950030254861451,-1.3419795649504271,-0.7758199918343162,-0.0012110971274037,-1.076556305457358,0.3243716350183107,0.4329197903168906,0.4227603995030373
2017-12-15,AMAT,51.57,52.88,51.15,52.54,14575378,1.459449603474346,1.4419700175210142,-0.6306048546158781,-1.0673245345249232,-0.6881349491243469,-0.2478165084096812,2.078567043454425,1.471146811272088,-1.5132361552316225,0.0392888982272033,-0.0011917526062813,-0.7530797792663566,0.6413050988503473,1.3947660864472422,1.15286502957296
2017-12-18,AMAT,53.16,53.54,52.76,53.4,13304279,0.9860734706288756,0.9804959674929532,-0.1337309740749817,-0.9492924423851608,-0.5970014954042607,0.0352919865474688,2.00139253574754,1.4711960903910315,-0.970830428411262,-0.0423616443142493,-0.0011970350301189,-0.2887879091725066,1.4593793785359666,0.3147750300053153,-0.373985506043295
2017-12-19,AMAT,52.85,53.43,52.33,52.96,10922643,-0.5459836179463523,-0.5370668510799154,-0.2359207381989803,-0.1758961370055462,-0.5375931546327196,0.1801188879192471,1.82716406829791,1.3994601510880436,-1.3552471814981284,-0.3794178252228527,-0.0012795992714171,-0.424847432565501,0.9858797546405048,0.1309340899713564,0.139698478044984
2017-12-20,AMAT,54.11,54.25,52.92,53.29,9950750,0.3549411241411002,0.3598331795578472,0.0637720828206292,-0.0550636144076879,-0.4737591970699096,0.3073718704521056,1.4739667980490585,1.3277225344711716,-1.5437165389315088,-0.5261288702545144,-0.0012086480870578,-0.3228027900207552,-0.5465770062574006,-1.171252123421322,0.4886787783707675
2017-12-21,AMAT,53.18,53.31,51.81,51.89,9530910,-1.66859845434856,-1.6731599025621606,-0.4889967663691911,-0.1939101667073803,-0.4744946690454013,0.2429736563846904,1.1958904792470215,1.3647781353839383,-1.6417335674519715,-0.5968912663265661,-0.0012749369082094,-0.6566043240865839,0.3545827627666543,-1.8589943029607712,0.8178356446080884
2017-12-22,AMAT,51.75,52.24,51.3,52.06,8087577,0.1709713181885837,0.1777378409002462,-0.2591325440755235,0.4850622749182612,-0.4647261446850188,0.2184921908770425,0.7847164181918747,1.3630235573185865,-1.6510948858601966,-0.8359732792571402,-0.001215039924586,-0.5310755296359718,-1.6694847025552886,0.4262641911694777,-0.0865139175564849
2017-12-26,AMAT,51.22,51.43,50.42,51.05,7393627,-1.2408450225669627,-1.237809054584876,-0.6207470297400168,0.0778636649746074,-0.4927497330776746,0.1016307708212844,0.4270100440109945,1.37284864304953,-1.686686234276015,-0.937321218194234,-0.0012677538791634,-0.8890097889981183,0.1705649640596929,-0.277074135338784,0.0575354108440463
2017-12-27,AMAT,51.34,51.83,50.97,51.68,5962129,0.7353205803391871,0.7346470829720108,-0.1607943590580227,0.0006430929270396,-0.486255470869901,0.0969899880106658,-0.2509566970079065,1.3956274648980227,-1.6148693233152365,-1.1452498729053542,-0.0012223288523619,-0.5870981685154706,-1.241619681454411,0.4740263972279803,-0.2044597560645036
2017-12-28,AMAT,51.89,52.15,51.501,51.72,5634394,0.0151912924735155,0.0231252137772822,-0.1103315061350483,-0.3755542900012097,-0.4757465259536763,0.1036110859425061,-0.2918942363273517,0.4958007805514915,-0.4977924652453811,-1.1273369253934358,-0.0012235895272527,0.0411822039046338,0.735061449693081,-0.2738363711914645,-0.5455346947979673
2017-12-29,AMAT,51.82,51.94,51.06,51.12,6971504,-0.7552470581164158,-0.7472680463626981,-0.3734378267905202,-0.2917344513212425,-0.4871124997266818,0.0526023001502083,-0.3195782438050753,0.5163775375144578,-0.6266925401101018,-0.8740462968571585,-0.0012662034609196,-0.2912359498396164,0.0147442995426058,-1.0468925757934096,-0.1566612212337311
2018-01-02,AMAT,51.68,53.06,51.22,53.04,9819493,2.3053340038432686,2.2581182851831283,0.5732958125748682,0.2049729782248436,-0.4174414398691906,0.2203832010599137,-0.2627672129413636,0.7300303659691152,0.1522264013895126,-0.3506273923529489,-0.0012093336010604,0.7725021421419829,-0.7558950376080459,1.9618883217893504,1.2998371267704292
2018-01-03,AMAT,53.54,54.2779,53.1855,53.98,10898946,1.0703703832051523,1.0629255145143708,0.9394871721465587,0.8044664357154274,-0.3232027894260776,0.4178444770334487,-0.243900447255696,0.4068007839101217,1.0748452016275616,-0.0888834046873966,-0.0012061048719483,1.2785970487797345,2.305484447302648,0.5945797037327514,0.09525547412444
2018-01-04,AMAT,54.5,54.94,53.98,54.29,9462780,0.3245436313565906,0.3297823157287222,0.9853331390517256,0.8082113083507296,-0.2353014654157662,0.5595013286688819,-0.2016200081359376,0.406448605191883,1.0671551084383557,-0.2545317396653225,-0.0012113419177785,1.0732092912283666,1.0701986580049156,-0.3174335211976942,-0.1176229445000792
2018-01-05,AMAT,54.65,54.91,54.22,54.6,10902204,0.3225020528141904,0.3277634949566181,1.0470563212704171,0.7623026243858728,-0.1533670076876839,0.6574681988840778,-0.0858564321012509,0.362891604000325,0.866138278102112,0.1020026230058329,-0.0012069744438506,1.19338168315747,0.3241773400971323,-0.0954398675613364,-0.5381152383940748
2018-01-08,AMAT,55.01,56.45,54.97,55.92,12657970,1.4721433250457936,1.4542973535321997,1.6128999865970408,0.779769583545168,-0.0377449665734086,0.8225529547735089,0.2038354455983598,0.3531096174773951,0.8490681603519974,0.4725552336736976,-0.0012017469578902,1.151187325894124,0.3221352289620213,1.2234948379115909,0.6144069941324675
2018-01-09,AMAT,56.17,56.18,54.04,54.86,13564898,-1.2131376694553724,-1.2097148670169025,0.993110312852466,0.2214816947568377,0.0103538729695874,0.7808172010265165,0.2839210648746535,0.3734576783060222,0.812007103328306,0.6738292812631355,-0.0012859670471511,0.5678044732965994,1.4720764115565903,-1.788339669249042,1.6596684184267143
2018-01-10,AMAT,54.09,54.11,52.56,53.3,14537219,-1.8033667776084363,-1.8109584408355173,0.1727886894413128,-0.1026310292404622,-0.0144517823160933,0.5597736833627369,0.2668062160939025,0.5628759897734713,0.3105045146577614,0.8010071210934527,-0.0012898017995045,-0.2907589701488132,-1.213905100242604,-1.129772093039323,0.8322845751927155
2018-01-11,AMAT,53.47,53.53,52.6199,53.2,10694213,-0.1498028676268908,-0.1410546086982035,0.0545832735774528,-0.2123137843533654,-0.0392892436545733,0.3828570009993369,0.1542640361781513,0.4491576987623959,0.6269411240947265,0.0372935896698492,-0.0012779504731815,-0.3487613799278606,-1.8042881832314144,-0.4078198609972309,-0.1655999149835822
2018-01-12,AMAT,53.24,53.9999,53.08,53.45,9072267,0.2595699226371082,0.2655005686523726,0.1113534699872214,0.2607540876672992,-0.0502510796168433,0.2770392759634294,0.0531852234079963,0.4481308039427718,0.610829161483661,-0.2367456287823167,-0.0012124275677571,-0.210942908226265,-0.1502929030786617,0.2716901148797898,-0.1569879519630339
2018-01-16,AMAT,54.82,55.4,54.01,54.5,14384996,1.190033692654695,1.1797498770341468,0.5504474876134472,0.4586877647911717,-0.0190910712666978,0.3008059980835173,0.0253887453933559,0.4908293085531438,0.7456022349198715,0.7468156321469667,-0.0011952130714836,0.3678946729204364,0.2591866814915977,-0.4673339031229381,0.5342503069475726
2018-01-17,AMAT,55.71,57.52,55.47,57.34,17924232,3.2112760027457887,3.120444341145812,1.8257139380941176,1.2443351912026015,0.1143590508588181,0.5831123677524385,0.3532915257323024,0.8407938190561757,1.1742710078058618,1.3784946578998076,-0.0011845231597251,1.358603727299978,1.189893184380501,2.1842275132553715,1.388249892797668
2018-01-18,AMAT,56.75,58.63,56.68,57.4,17677739,0.0321501419834363,0.0399757152827299,1.749877948950552,1.1745571228709744,0.2182683703227617,0.7329199459702402,0.6154760035328315,0.8171436508812232,0.9326391190766764,1.2630930075667846,-0.0011865017425389,0.9448588629049104,3.211662782008588,0.8390342923930755,1.239942221451223
2018-01-19,AMAT,57.7,57.72,56.22,57.4,11458659,-0.0329960430517004,-0.0247793014886723,1.6338733929450544,1.1694179657535897,0.2955146064900083,0.7841356911335039,0.8125260637784731,0.7940024914317478,1.0637972168549463,0.0942623780531347,-0.0012427088046935,0.9448588629049104,0.0317075731584062,-0.4191334581014143,0.5865731171738982
2018-01-22,AMAT,57.47,57.53,56.87,57.46,11479829,0.0320820449259057,0.0399080624581852,1.554945974317858,1.3967669306185309,0.3533250915919833,0.7750809986010821,0.9783527171918625,0.7948232407020632,0.9817613969090035,0.0831938788268806,-0.0012069328008092,0.96915251604091,-0.0334556067571959,-0.0394628506911129,-0.6340498457073381
2018-01-23,AMAT,57.88,58.18,57.18,57.79,8813491,0.3245596891886556,0.3297981943009166,1.5627622037153304,1.1844573693617415,0.4057542534453153,0.7539858111705474,1.0724936028971608,0.6225637922902085,1.5024140149856966,-0.405537255084614,-0.0012155918013732,1.1027676082889024,0.0316394583361922,-0.1437951386991475,-0.1491910180575469
2018-01-24,AMAT,57.32,57.42,56.36,56.88,11787268,-1.0133527505046551,-1.007517127845264,1.0015439413669882,0.6520112252191539,0.4051249502291758,0.6005380855183619,1.0664022033558205,0.7011153566937359,1.192284261935248,0.1107037747216113,-0.0012786244803767,0.7343138690595897,0.3241934021182521,-0.6062674488065627,-0.0382066217029429
2018-01-25,AMAT,58.18,58.73,55.46,55.76,15271922,-1.258892702658034,-1.2561155645342652,0.347350885301778,0.2058328640225843,0.3547622980758071,0.3497671209726526,0.8960297575169012,0.7036280990917938,1.1875406454170736,0.6517002994796086,-0.0012898522783936,0.1706082410840966,-1.0140680628015328,-3.1688968205063275,3.2961332260886644
2018-01-26,AMAT,56.42,57.12,55.93,57.12,11253501,1.4854926764258225,1.4672587483655182,0.8636893224400436,0.4287250340352956,0.3624983953471015,0.2986955302075498,0.8048266335457006,0.7611805368863631,1.378475631165071,-0.1025354215682767,-0.0012073696442975,0.7451040096528057,-1.2596720696978576,0.9110505106896905,0.1449440003938538
2018-01-29,AMAT,56.73,56.92,54.82,55.33,12350579,-1.9840094730666744,-1.9961451686296292,-0.0757885712677906,-0.3281731281773967,0.2931078252872318,0.0593155435909551,0.6242712375887912,0.974347314860888,0.8576283047575285,0.027365479622719,-0.0012810054476144,-0.030682815904178,1.4854292454219078,-1.890806225183136,1.5718028707772105
2018-01-30,AMAT,54.28,54.33,53.21,53.38,14603702,-2.227161470888813,-2.2462913715582333,-1.0540916135390492,-0.5149019768752972,0.1578560135119681,-0.3017141481018084,0.3969474653386284,1.1704837336649183,0.4818110376003031,0.3300903390117638,-0.0012886255384149,-0.9252132884618848,-1.984978003490815,-1.2790174838763906,0.157304094081405
2018-01-31,AMAT,53.68,54.14,52.91,53.63,13166801,0.2585833757314452,0.2645240138057564,-0.9490952187030012,-0.1084349571013869,0.0581405382369365,-0.4990679830487822,0.3543835392503771,0.9687699122315446,-0.004108469022433,0.0680351946999109,-0.0012006134914272,-1.3048239772976675,-2.228193433103099,-0.0966889289846884,0.3200924122035656
2018-02-01,AMAT,53.16,54.18,52.93,53.28,9706003,-0.4393043243215567,-0.4301835000280437,-1.098997967100412,-0.1698587625478073,-0.0359409992456463,-0.6424493921146699,0.3976447022901244,0.9255834583375648,-0.3579286848525211,-0.4797506345299722,-0.001273276029375,-1.493391811674471,0.2581998772224877,0.144229239575364,0.3639327442198726
2018-02-02,AMAT,52.58,52.79,50.52,50.68,16813121,-3.071113488552897,-3.1224455593794267,-2.2533241124930794,-0.7453343262472841,-0.2120773785596122,-0.968362269698828,0.7215081643480787,1.2609044431946983,-1.1440553943842486,0.5886488417847039,-0.0012962482440482,-1.8165197102202792,-0.4398698828856702,-2.7564114881861497,2.1415835636337897
2018-02-05,AMAT,49.98,51.465,48.31,48.31,17999698,-2.944431498293031,-2.990136391547224,-3.24910671926628,-1.3295960706029577,-0.4415458465199088,-1.366368449850423,1.3197634187734215,1.5002550923091476,-1.8593889729795663,0.6990318063174279,-0.0013011542622188,-1.881302785249608,-3.072365615058477,-2.550755950974337,3.851450070914967
2018-02-06,AMAT,47.41,50.26,46.4,50.25,21455699,2.467119724848149,2.412998441915898,-2.195898779429651,-1.5733543361473843,-0.5424939446069975,-1.3539641743467812,1.54374414516182,1.6610124208463164,-1.656617431990956,1.120758737322613,-0.0011715429271215,-0.8433385582298506,-2.9456505768882777,4.499460075505564,4.8105808998249655
2018-02-07,AMAT,49.87,50.58,48.67,48.69,14763371,-1.9657828788284657,-1.9774349446186663,-2.813074853935773,-1.735900308799695,-0.6777740060977183,-1.4324106367332765,1.9014632023630853,1.722824649966596,-1.819245278698666,0.1240722698674081,-0.0012904527794533,-1.2639162709962983,2.4673123738332703,-1.8139866228288235,1.677951946842119
