date,Name,open,high,low,close,volume,return,log_return,close_to_SMA,RSI_14,MACD,MACD_hist,BB_width,volatility_20,price_momentum_20,volume_ratio,OBV_change,close_position,return_lag_1,daily_return,price_range
2013-03-11,SYK,65.83,66.265,65.68,66.22,1104222,0.4406652282399857,0.4445012752240517,0.7275438466273043,0.7439767064700068,0.1379542245846904,0.4638007368454031,-0.2757696247083513,-0.7513202924631693,0.3943791309511417,-0.6276914936972207,-0.0002933384858961,1.2092515357059672,0.2712503452395811,0.4212787128942005,-0.8550749909954486
2013-03-12,SYK,65.98,66.79,65.85,66.79,1303150,0.5029006856434071,0.5058976144563845,0.8993341481878714,1.185999487151612,0.1878866945356267,0.498535159788828,-0.1558691914841947,-0.7339900110414607,0.4967504072199006,-0.379368606037905,-0.0004078843123997,1.442878752192886,0.440329229969402,0.9011909662715152,-0.4183877160059133
2013-03-13,SYK,66.71,66.73,66.17,66.68,1182956,-0.1355321131945866,-0.1268370771720763,0.7980278280835139,1.6695127264973464,0.2189098215013416,0.4776503748166721,-0.0672486898455882,-0.7282097626066496,0.4451318178854587,-0.5369588475240434,-0.0018252901817878,1.372559527362372,0.502580922923051,-0.0602927696345871,-0.8914006654671521
2013-03-14,SYK,66.91,66.92,66.29,66.81,1158862,0.0883828542910544,0.0958163734028587,0.7892387783499542,1.605044294584581,0.2441021082408573,0.4459340644723817,0.0103034812826115,-0.7353438514060027,0.5061547047758205,-0.5820165583411142,-0.0005203593291766,1.3742746304070188,-0.1360184257918942,-0.1392320868887713,-0.8054424239551881
2013-03-15,SYK,66.58,66.72,65.72,65.93,2464159,-0.853039045577497,-0.8457434599994827,0.3919954121443048,1.4227195105812962,0.2251427766435075,0.3069155106509802,0.029380805503351,-0.6469164820508755,0.2706878359795769,0.9483915352653646,-0.002461467004202,0.8254416561200806,0.0879549550621549,-0.7639053215711022,-0.3272429160595796
2013-03-18,SYK,65.43,65.43,64.43,64.78,2328847,-1.1189469473951756,-1.114304320749104,-0.0936157038057485,0.6017005275216896,0.1613028560452246,0.080178804107529,0.0173100197769365,-0.5282800204520095,0.0464383369285792,0.7737388701040178,-0.0032964263057364,0.1082167465405519,-0.8537125363578769,-0.7768692079584635,-0.3048024540623906
2013-03-19,SYK,65.04,65.2,64.29,64.77,1979058,-0.0426067311496652,-0.0343380175080679,-0.1195713848021208,0.3057914314478021,0.1073817332441166,-0.0756797463455916,-0.0014241622169496,-0.5317685171356289,0.081564869722013,0.3533970806452196,-0.0079552763400496,0.101980008196379,-1.119689806366552,-0.3399540353768558,-0.4204086313462213
2013-03-20,SYK,65.15,65.56,65.08,65.37,1277020,0.5437342718957706,0.5461475919847916,0.0768121784895344,0.4390701026580219,0.0855795853627472,-0.1176928981804764,-0.0484113149061535,-0.551572503838615,0.3656904313429271,-0.483798032072909,-0.0042957944559446,0.4761843088465713,-0.043068802024158,0.2288084335706263,-0.9793671530439664
2013-03-21,SYK,65.15,65.36,64.15,64.54,2088990,-0.8234835927506439,-0.8159649388038521,-0.3065144666230419,-0.3449776355929313,0.0335531334241646,-0.2291002579918852,-0.1796769717297746,-0.5703218501959201,0.3923931220012495,0.5125988078067379,-0.0511372290211354,-0.1951237445179053,0.5434251615553961,-0.7337085531245388,-0.028844202545505
2013-03-22,SYK,64.56,64.63,64.2263,64.57,1636879,-0.004056763148436,0.0039945738146744,-0.3318485690898407,-0.4101931492695898,-0.0081003001362908,-0.2915261751032337,-0.279940900711188,-0.5862570069646427,0.2705429482025442,-0.0649698753546335,-0.0035454360865371,-0.1744766542232406,-0.824149373311498,-0.0146139819016232,-1.070266055823751
2013-03-25,SYK,64.84,64.85,64.17,64.54,1175894,-0.0619218774168288,-0.0535531767920138,-0.3928203234144681,-0.9358240739225644,-0.0434864699905505,-0.325335079901098,-0.4714820720693723,-0.6324891997673712,0.4120374055767743,-0.6034467577084569,0.0084723726172633,-0.3074646237170952,-0.0045087773772823,-0.3758775556069231,-0.7132361348639537
2013-03-26,SYK,64.55,64.88,64.36,64.86,869642,0.2756896092498874,0.2814548084828893,-0.3058001227102936,-0.7255889167890501,-0.0599416326515468,-0.3036541171139344,-0.6234578634031392,-0.6600616127320346,0.3215287615079576,-0.9417313280753916,-0.0028391438297502,-0.179825979354874,-0.0623889870913957,0.3365192880260515,-0.9231578976844712
2013-03-27,SYK,64.59,64.92,64.19,64.87,1016373,-0.0233972090247759,-0.0152338481601731,-0.3258993223371138,-0.4734351242504752,-0.0734384977223793,-0.2786947398130768,-0.6980571323803003,-0.7239081754716419,0.1116736144905852,-0.7427788691170586,-0.0056352192521467,-0.3791993632501887,0.2753105732953174,0.3012031866424098,-0.653466225932015
2013-03-28,SYK,64.67,65.33,64.4,65.24,1217737,0.3221060669293969,0.3273719155615658,-0.2045858636151224,-0.4442758044014182,-0.070457229853955,-0.2163128074514623,-0.7704506021587353,-0.7175390626259932,0.1451984940088385,-0.4639720198285981,0.0077885944008191,-0.0503364838775442,-0.0238542686536811,0.6395952713422082,-0.4032950966024816
2013-04-01,SYK,65.1,65.6,64.99,65.33,1233391,0.0528902747728294,0.0605771102883139,-0.1770991627780991,-0.7001616252522812,-0.0654937157580238,-0.1613049938961742,-0.7803606651350148,-0.813933350529927,-0.070170073089046,-0.3764893574283597,0.0009075014519847,-0.4652254516098519,0.3217391397752037,0.2406098790518299,-0.8131527040921519
2013-04-02,SYK,65.57,65.74,65.27,65.56,1185046,0.1861888432895466,0.1928206484343121,-0.0947318594375297,-0.9455847792594576,-0.0535867253468069,-0.0994263545456716,-0.7860782535344457,-0.811831689896723,-0.0568820632216022,-0.4294792231103363,-7.865493042033717e-05,-0.1892103781037914,0.0524531164883767,-0.0378388606243703,-0.9938528207095748
2013-04-03,SYK,65.62,65.64,64.8,65.25,2014746,-0.3273827365318656,-0.3182458045000248,-0.2039734674338068,-1.0333529279665312,-0.0573852335712062,-0.0903491261892291,-0.7929605407489156,-0.8951027763582251,-0.3343695578758309,0.6766391431463371,-0.0026369645544965,-0.561230694568478,0.1857864590020199,-0.4523171681873353,-0.5184300790562374
2013-04-04,SYK,65.73,66.06,65.35,65.59,2513335,0.2914136542589046,0.2970135075718806,-0.0602196942905748,-0.8802641216149342,-0.0481556951543767,-0.0495533757223628,-0.8008072272814842,-0.8804304325690437,-0.2498605658709344,1.265470317127882,0.0022525324066194,-0.1532084119943043,-0.3279190977760599,-0.1872362210579421,-0.6891740274994426
2013-04-05,SYK,64.83,65.2,64.67,65.0,2544668,-0.5930241284940182,-0.5842560219780922,-0.288871550921437,-0.7470687182163774,-0.0650078115844658,-0.0840505059391849,-0.7944014213464656,-0.8764693509502439,-0.2573029406507339,1.190796481906944,-0.0028089604733755,-0.861247078814191,0.2910387202830647,0.1717985729658566,-0.9117753538248744
2013-04-08,SYK,65.04,65.5,64.91,65.38,1647034,0.3309740223246032,0.3361405960578921,-0.1296073172982277,0.2380244812060935,-0.0643623067657651,-0.0666096342330749,-0.7973494149011837,-0.8715321346401093,-0.243457272844883,0.0400000677244916,0.0010843223323775,-0.4052221747607128,-0.5936297884039844,0.3686343555808116,-0.8392421158576435
2013-04-09,SYK,66.02,66.48,65.75,66.34,2467919,0.8811629657986527,0.8777559558322232,0.2531795061195935,0.719822429766703,-0.0274490582950057,0.0406956109569587,-0.7904224762000878,-0.8011894060299907,-0.1408628460855546,0.9509121537631252,0.0006538695611782,0.7468407407428345,0.330609408580502,0.3398841648580802,-0.6742478173790031
2013-04-10,SYK,66.35,67.0,65.94,66.74,1945708,0.3423915812990741,0.347428509459612,0.414700298999652,0.6364852074657324,0.0156704305987949,0.1425145631198529,-0.7949128703671734,-0.8173858039445215,-0.1784715218930953,0.2724463666010188,-0.0003544591587552,1.1396200856191785,0.8809418814925792,0.4177708072853177,-0.2676602677211571
2013-04-11,SYK,66.81,67.15,66.67,66.85,1280714,0.0696168446444938,0.0771867986305505,0.4553532659726896,1.4431920061021508,0.0518778997259189,0.2061783049585037,-0.7797976451932959,-0.8176010064024275,-0.1300337370836325,-0.5237130353001478,-0.0007997974235941,1.1104605984486242,0.3420299460877891,0.0189172675321441,-0.9929153352605558
2013-04-12,SYK,66.52,66.685,65.98,66.5,1121028,-0.3589543545625789,-0.3498014803459727,0.3212542989596916,1.0775051466970895,0.0643600667009955,0.1960407791120024,-0.8053743045496675,-0.8074914016534112,-0.2356228911989594,-0.7118179745175092,-0.0015770394606539,0.7226394190803395,0.0691840498704357,-0.0490320605240066,-0.7077854662470703
2013-04-15,SYK,65.98,66.3965,65.29,65.29,1546086,-1.165811462198761,-1.1617573806579358,-0.1514941807534805,0.2007453268181357,0.0246516524270248,0.0535931007405294,-0.8149101526291069,-0.7428033868942897,-0.3100431819552176,-0.1556267259092721,-0.0017669622690122,-0.6181138010214596,-0.3594989519893561,-0.8164155469249847,-0.1789075918175633
2013-04-16,SYK,65.27,65.27,64.16,65.08,2258403,-0.2332439810927774,-0.2242499412557243,-0.2418032434131223,-0.0724067662849722,-0.0165871675369897,-0.0643042798574764,-0.8243444882430059,-0.8683171668769314,-0.0994626728449792,0.7203802167620357,-0.0021868459709429,-0.8508065086424429,-1.166566546856518,-0.2462466746555647,-0.1698679416810791
2013-04-17,SYK,64.77,65.06,64.19,64.4,1748899,-0.6835102639956628,-0.6751293703649403,-0.5074427776837198,-0.4112725291421044,-0.0768414178879593,-0.2075675748085855,-0.8040597599971666,-0.819508492278035,-0.2513741756166211,0.111702111860596,-0.0023508179047834,-1.6042876571294002,-0.2337557840778044,-0.4579077274699006,-0.4654458318871157
2013-04-18,SYK,64.56,64.59,63.35,63.7,1841474,-0.7097138419492947,-0.7014700030343717,-0.755791677726996,-0.8806787194764113,-0.1520852820018762,-0.3607612185548655,-0.7189782996038925,-0.8187396572120398,-0.542672569961129,0.1874062110995851,-0.0031849783271058,-1.575128169958851,-0.6841395292948901,-1.032737480811292,0.0310099374196559
2013-04-19,SYK,63.96,64.68,63.5,64.68,2109621,0.9248199184649004,0.9205304022581314,-0.3645874077147867,-0.4460605115963472,-0.172851681621559,-0.3430920777523219,-0.7247959348727887,-0.7730414707993905,-0.1356189247273176,0.5107861293360679,0.0061704392966435,-0.7178392471447316,-0.7103499430544076,0.8241725879124272,-0.0708815081979814
2013-04-22,SYK,64.71,64.8,63.81,64.15,1403843,-0.5431500299757351,-0.534225456360129,-0.5693447678368821,-0.7250475983592368,-0.2094494242249265,-0.3697063694198133,-0.7014059729201856,-0.745911267156413,-0.2630066198027397,-0.3320437725726938,-0.0025864543126095,-1.1814750931564484,0.9246102230788636,-0.6801413026682634,-0.3051594311736332
2013-04-23,SYK,64.47,65.11,64.1,64.94,1329682,0.7337046525660176,0.7330595881858416,-0.2596702029012067,-0.2999738788176036,-0.2066761564248102,-0.2896574997320352,-0.7144638364697252,-0.6859340366703854,-0.0764540211827176,-0.4299841798585275,0.0012247530915493,-0.4903952472144638,-0.5437426790802001,0.5244720178660609,-0.2951386850462789
2013-04-24,SYK,64.79,65.22,64.59,64.73,1685038,-0.2343232354554754,-0.2253267492400237,-0.3414984400156362,-0.5018198761200803,-0.211995392896576,-0.2464483706682897,-0.7105728746269878,-0.690515938273042,-0.1969134504434327,-0.0474793499062888,-0.0028979492828623,-0.6741000163889119,0.733445100367992,-0.0962827047306334,-0.7801893193034408
2013-04-25,SYK,64.5,66.28,64.46,65.64,2301086,0.8422521281781211,0.8396067617095234,0.0087999950134394,0.0349637761170864,-0.1800183031147456,-0.1158809656824435,-0.7131173233495341,-0.6188103804634073,0.0068508309117964,0.5835593008445096,0.0043581733378122,0.1219539833670499,-0.2348353199888214,1.3090173264002227,0.7194677470912393
2013-04-26,SYK,65.5,65.5,64.75,65.06,1123852,-0.5831127668355994,-0.5743103468215219,-0.2206411296773071,-0.2983707323334383,-0.1771564848009385,-0.0863692492442623,-0.7112319290063791,-0.5993521858994904,-0.2079977791626137,-0.7574015121072453,-0.0021490568724571,-0.3854210934004864,0.8420208930852623,-0.5338399931539356,-0.6305854355222485
2013-04-29,SYK,65.2,65.8,65.11,65.66,1246946,0.5411635403966013,0.5436143739649644,0.0138071219984962,-0.4315527866977446,-0.1512279726287941,-0.003386603186617,-0.7079580381301772,-0.5701875261287543,-0.0932911033780748,-0.6170051759889477,0.0002505890477201,0.1394496756693752,-0.5837158411389558,0.5067175162284663,-0.7155213877256129
2013-04-30,SYK,65.57,65.61,64.7,65.58,1284923,-0.1088510994008658,-0.1002643250321388,-0.0187364139139612,-0.619448996384574,-0.1339795966797074,0.0406569924465542,-0.7076813145709357,-0.5734475354160149,-0.1629966112386995,-0.5776852925501103,-0.0022431689620583,0.0694669064600612,0.5408537594217988,-0.014794241084808,-0.43487098824234
2013-05-01,SYK,65.49,65.91,65.12,65.3,1171611,-0.2988126105967164,-0.2897039600958032,-0.1322294063758415,-0.7521150410612268,-0.13150988660803,0.0378518373936866,-0.7078726373635188,-0.5749361113764355,-0.1562228887792762,-0.6744017254940763,-0.0026691641475176,-0.1754727857725443,-0.1093304516421698,-0.2455078652612112,-0.5830654181810274
2013-05-02,SYK,65.53,66.5,65.33,65.78,1407243,0.4246434362640444,0.4286856455953348,0.0567595136840243,-0.4464444835520772,-0.111077626897596,0.0818430069031709,-0.7040414717328328,-0.5656367877689535,-0.1249332020610228,-0.3445248351009506,0.0022825762081273,0.2444238294833527,-0.2993415186665629,0.2619170259822332,-0.1089766012135507
2013-05-03,SYK,66.1,66.7,66.09,66.33,945098,0.4875561099464393,0.4907655828865009,0.2505912543966498,0.2152653294315103,-0.074081491469039,0.1596710734684594,-0.6822132856984833,-0.577215258469917,0.1330324481239424,-0.8454151526766481,-0.0001998397694217,0.725555367797395,0.4243032583405873,0.2365716577219293,-0.8248845176454714
2013-05-06,SYK,66.24,66.58,66.04,66.28,1044340,-0.079926570338432,-0.0714700381048495,0.2122425494493978,0.2875168748532387,-0.0478738488972945,0.1941641318270087,-0.6622930563322891,-0.584992836957126,0.0346933556787845,-0.6939939823668944,-0.0020803325993875,0.6818161370415752,0.4872323442406495,0.0193065078171911,-0.912324743453464
2013-05-07,SYK,66.27,66.44,65.95,66.39,789389,0.0703290040944027,0.0778938827863775,0.2553345005844462,0.666972729769986,-0.024192250484085,0.2152565843346571,-0.6597729977409758,-0.6595155252993895,-0.1564077987343226,-0.965716774474954,-0.0003358746399732,0.7780424447043834,-0.0803983769511827,0.1104906653707949,-0.976215884601914
2013-05-08,SYK,66.3,66.61,66.07,66.45,1293524,0.0232696935037282,0.0311525748465556,0.2852967987167225,1.1157791163408326,-0.0047049789275782,0.2213344212153464,-0.6784063234478911,-0.6732771461124849,-0.2312932421959199,-0.2370999161555673,-0.0001227009644062,0.8305295216113722,0.0698963951035139,0.1446150897799567,-0.9140618368487384
2013-05-09,SYK,66.45,67.48,66.32,67.01,1190874,0.4916766582154795,0.4948294189387969,0.5066065574483456,0.9966965381979208,0.0307276285912364,0.2672397109940546,-0.6650231089991542,-0.64729025905124,-0.1323258962658313,-0.3753257563237049,-0.0005080598179598,1.0645820639125068,0.0228248080094977,0.6103877334172371,-0.1486228594542459
2013-05-10,SYK,67.0,68.23,66.83,68.21,1776931,1.081906881859404,1.074197921861607,0.95213519442873,1.6627764739368032,0.1031497956104472,0.3991744322100055,-0.5031840247450003,-0.5535036335561551,0.2101771807587387,0.3906106393184416,-0.0003759599211837,1.4292550573672953,0.4913539674494617,1.338126136371795,0.1192347117785224
2013-05-13,SYK,67.99,68.8601,67.85,68.6,1169397,0.3229727976526831,0.328228998173624,1.0391179749180264,1.5905229398715606,0.1722122849239393,0.4960744566038054,-0.317904059094757,-0.6975158728571282,0.5770854473725439,-0.4211361503262034,-0.0008080501539419,1.285963339062667,1.081738166220134,0.6515270871493253,-0.3641722679930617
2013-05-14,SYK,68.52,69.3,68.38,69.21,1076443,0.5206104128394423,0.5233574409239417,1.1961717743757998,1.8543386561272783,0.2464150805260116,0.5868255360172557,-0.1216180538812337,-0.6973095212936117,0.764536718245736,-0.4869497220254335,-0.0008967793194232,1.3925970146517372,0.3226060966051303,0.7344938951571389,-0.4834841289489563
2013-05-15,SYK,69.12,69.81,69.11,69.43,1538344,0.1649055354729084,0.1717247329866451,1.1786717756367404,1.74634482378073,0.308625783732561,0.6285589601611966,0.0139364708146966,-0.775633646406763,0.9796246663935336,0.1981758673438149,-0.0008031327891519,1.247338661755095,0.5202952701086775,0.3125297078222818,-0.7510732654368443
2013-05-16,SYK,69.12,69.27,68.66,69.06,1920436,-0.3647758770495998,-0.3556218197604453,0.9213488408744211,1.9307272755413616,0.337776810422823,0.5768506612330371,0.0222162998411766,-0.8330748035099297,1.0683143441380694,0.7471926005317968,-0.0017164332125479,1.0477700116093889,0.1644975989451077,-0.0918996976952856,-0.8551825122279612
2013-05-17,SYK,68.61,68.97,68.28,68.9,3312031,-0.1772370798280184,-0.1683956787635636,0.7719280263365753,1.6755330329442777,0.3488646737142001,0.4889897504521882,0.0496330153988671,-0.879514728540782,0.7907363923928314,2.5703937935436736,-0.0022278658676413,0.93871121901411,-0.3653219931543893,0.2930249109809483,-0.7567057147259126
2013-05-20,SYK,68.64,69.14,68.52,68.73,1211101,-0.1866080368798333,-0.1777375873981735,0.6122599523257101,1.5924267026141283,0.3452850571601298,0.3809471812003496,0.0027061947564002,-0.9265716448344642,0.8810717142621748,-0.3455264531278536,-0.0018011981850155,0.814136885216024,-0.177734272124918,0.0727461045131555,-0.8395221710699202
2013-05-21,SYK,69.01,69.33,68.83,69.24,1321518,0.4289797917260376,0.4329666012285381,0.7253337885060468,1.9449886173424131,0.3567114693392886,0.3331383854351991,0.0128972334202184,-0.9580551639700264,0.8049924517171266,-0.1901293046102823,-0.0004797702656608,1.0887136164279811,-0.1871076738063741,0.2254862398555509,-0.9894979360863704
2013-05-22,SYK,69.31,70.0,67.355,67.7,1948720,-1.4177068712985263,-1.4174411621639578,0.0642887013212677,0.6813325435844989,0.3000049028434908,0.1195182345967545,-0.074451995627281,-0.698601929991988,0.5063845066361355,0.6650429105453264,-0.0021251550324241,0.0628033846626121,0.4286407450406214,-1.7813067991356066,1.6647554568861451
2013-05-23,SYK,67.17,67.74,66.95,67.24,1603216,-0.4560196360996528,-0.4469185998043761,-0.1464917422090775,0.2292976378884423,0.2325837301445323,-0.0789570979931136,-0.1178143172163346,-0.7295847149879962,0.1905132883941474,0.2395123607615445,-0.0023071576006439,-0.2882044635318886,-1.418527668666324,0.0524183748746327,-0.6121555646574023
2013-05-24,SYK,67.0,67.43,66.58,66.99,1085441,-0.2644729819964417,-0.2554157258539906,-0.281370602616897,0.1274913526421676,0.1657067534018655,-0.236336613041637,-0.2043363280494998,-0.7615404453809298,0.2681984356298428,-0.4959490591575695,-0.0024117722084265,-0.4450054794489873,-0.4565895552372282,-0.0375929366994494,-0.5338566599276853
2013-05-28,SYK,67.41,68.37,67.38,67.91,977264,0.8220180560480552,0.8197594593300555,0.0327909692435014,0.4145857180775175,0.1455396177654604,-0.2420098981648813,-0.2591591903865774,-0.7252549573002391,0.3357934800200869,-0.6368596890794951,0.0005759273225352,0.1320222591259377,-0.2649929317844952,0.5340734889056018,-0.3763710110855928
2013-05-29,SYK,67.5,67.64,66.83,67.23,1350025,-0.656401513513087,-0.6478906188309997,-0.2634339181273756,0.0968543428324716,0.099946923109308,-0.3119934774890903,-0.3298739104392436,-0.6760765071827294,0.2020382485985338,-0.1045416728775202,-0.0027604572949108,-0.4440029811504958,0.8217815424321794,-0.3285236914964732,-0.5872171611931201
2013-05-30,SYK,67.24,67.89,67.17,67.35,1018448,0.0781294143308502,0.0856381738600904,-0.2564326870288887,-0.0571782618734304,0.0660792001897445,-0.3378004655393549,-0.4381884165457524,-0.6886100956210909,0.2935862434356409,-0.5729340923821435,0.0012841661345694,-0.4434341116663483,-0.6570237068713592,0.0972809561003648,-0.700374846796844
2013-05-31,SYK,67.21,67.78,66.39,66.39,1267943,-0.9204157312274248,-0.913682254881772,-0.640174913272761,-0.9175869421452708,-0.0002360383226414,-0.4419654025439949,-0.4804946546601384,-0.6153189195197986,-0.0312836507437674,-0.2033378532383884,-0.0028893516865619,-1.5201571367373383,0.0776988402563494,-0.9480910461913764,0.1535743424057215
2013-06-03,SYK,66.4,67.33,66.1,67.31,1481709,0.8297452507981592,0.82733970138389,-0.3025435965116493,-0.6707235248701912,-0.0180719797133891,-0.4005124759090577,-0.521376123949764,-0.5738530307636133,0.0495111179484254,0.0663426910669269,0.0034889544520036,-0.76503441712077,-0.921106798765648,1.0091070108325635,-0.0683814417713517
2013-06-04,SYK,67.31,67.35,66.24,66.7,828529,-0.5972123983352089,-0.5884592719943849,-0.546737518855908,-1.1263152534837455,-0.0572502211709239,-0.4222848475735337,-0.5463917791695933,-0.5419440170506148,-0.0744119105200063,-0.8550134650474881,-0.0022208529063612,-1.2657136116491456,0.8295107529987282,-0.7110081115125484,-0.2043920593385375
2013-06-05,SYK,66.52,66.71,65.5,65.73,1327865,-0.9383977877836512,-0.9318269417438848,-0.909820338259288,-1.45076357524401,-0.1267097301972426,-0.5176462063467934,-0.4951141706221273,-0.471962629233577,-0.313479701363793,-0.1740601720598698,-0.0036635955224335,-1.7114001733358777,-0.5978191508516765,-0.9235791827964306,-0.0571319073454536
2013-06-06,SYK,65.79,66.379,65.59,66.36,1323120,0.5637263610880293,0.5658444097006293,-0.6641316106802795,-1.0828456429805622,-0.1568509044161945,-0.4927305764212451,-0.4897325193632912,-0.4410384788594116,-0.1873684389024975,-0.1826627376454412,0.0176474329208993,-1.2460147580939316,-0.9390935463548418,0.6282588791722671,-0.60042670279096
2013-06-07,SYK,66.68,67.2,66.56,67.15,773993,0.7081710700266248,0.7079698764012415,-0.3608516581141852,-0.7300422215463684,-0.1496184849736851,-0.3765990857682407,-0.4940120647657587,-0.4186187379842025,-0.1367932169480943,-0.9392232398555064,0.000172802770754,-0.6624362215206893,0.5634224661438578,0.506217027810982,-0.7970104226160074
2013-06-10,SYK,67.2,67.46,66.82,67.25,766655,0.0597188303638923,0.0673584876756658,-0.3036674356848188,-0.6499516495369156,-0.1400331026690807,-0.2776374073441549,-0.4925564664045312,-0.5261149760244078,-0.3741781304430678,-0.9091981186573846,-0.0003141970642297,-0.588565520688638,0.7079048568064247,0.0298975750088443,-0.7981915578940264
2013-06-11,SYK,66.76,67.2459,66.26,66.83,841186,-0.4218194742695881,-0.4126827900257869,-0.4325432155035858,-0.946818951427157,-0.1489451753859059,-0.2460801954034749,-0.493968991926605,-0.5318089165446979,-0.5464156180432296,-0.7837019652861819,-0.0020060873082862,-0.898822464183272,0.0592834534651947,0.0529019177079009,-0.3618498140984043
2013-06-12,SYK,67.22,67.25,66.36,66.37,1043184,-0.4615266019226527,-0.4524330756420941,-0.5568573184128366,-0.6616961976129649,-0.1738042794178089,-0.2618818099339325,-0.5202558917883311,-0.5609155829517136,-0.77013264444032,-0.4790760524496377,-0.0025486047484092,-1.2386276880107223,-0.4223804715084847,-0.9816723584475624,-0.4737502255417682
2013-06-13,SYK,66.32,67.79,65.81,67.72,783003,1.2333645208036643,1.221998404067519,0.0015006377481386,-0.0349306962698214,-0.1404522903929952,-0.1246887501118803,-0.6098294941696248,-0.4084786448487199,-0.5291937821536361,-0.8355535001544759,0.0006086124978623,-0.2413732267779784,-0.4620979576789011,1.5685643180334985,0.8453993896302863
2013-06-14,SYK,67.65,68.0,67.13,67.21,813155,-0.5018619486080411,-0.4928384084739959,-0.161109480522659,-0.120324980405425,-0.134240667218288,-0.0847931367414565,-0.6829102470888009,-0.4013041368504093,-0.5609046446003608,-0.7335876673617764,-0.0023959941783756,-0.6181138010214647,1.2332353163724268,-0.5177102754755541,-0.5125179545355725
2013-06-17,SYK,67.64,68.22,67.44,67.81,1005821,0.522796584520791,0.5255124223260822,0.094243776693007,-0.2212984012977274,-0.1061767332044953,0.0033708258755648,-0.7481682899761091,-0.3711612038036515,-0.3998185894079539,-0.2588654665393139,0.0011981402807583,-0.1748895960291258,-0.5024438267670223,0.1635681841731973,-0.6326766462128014
2013-06-18,SYK,67.8,68.11,67.58,67.67,1479103,-0.1615335043376617,-0.1527439411465723,0.0604384480597376,-0.0378933999422851,-0.0901031383910078,0.0430390692766726,-0.8109336737460295,-0.3715422569571955,-0.393982733059895,0.5506847613941919,-0.0031524632351726,-0.278308577194004,0.5224820121031825,-0.1711798557345496,-0.9385877464730408
2013-06-19,SYK,67.76,67.9,66.37,66.45,1262679,-1.1554255649708003,-1.151237915545829,-0.3620086395529546,-0.4629342543903833,-0.1256265628130128,-0.0580361752917648,-0.952619143249626,-0.3109717709893149,-0.7592659900966058,0.1766659497534009,-0.006470245234863,-1.1795311273450793,-0.1620265999957758,-1.4869546641989886,0.3275852735822572
2013-06-20,SYK,65.72,65.86,64.6,64.75,1733739,-1.6257524576127769,-1.6294147006141884,-0.9714070006760732,-0.6527254941199235,-0.2198456009412294,-0.2899778702038963,-0.7888455170126577,-0.2684466999470692,-0.8074373792417402,1.0339972087062146,0.0068805556129685,-1.7490409203646236,-1.156177940228432,-1.1414296306728546,0.0304441714791183
2013-06-21,SYK,65.33,65.98,65.0,65.6,1669470,0.7842909356941118,0.7827364859476837,-0.6064881035852892,-0.6757892632639025,-0.2597643198508494,-0.3357631392240373,-0.7417127272697922,-0.2141136384285819,-0.5256854745504439,0.9112874966820212,-0.0032345946269783,-0.9995570193497444,-1.626627528455972,0.2859286962497439,-0.3462927705998271
2013-06-24,SYK,65.09,65.35,63.83,64.76,1581142,-0.8302026207773862,-0.822733420634436,-0.8938352445650265,-0.7292590638342696,-0.3224381947233533,-0.4309627341673581,-0.6282832373572264,-0.179717698526361,-0.6563708954644631,0.6954381791577721,0.0054404375442109,-1.2003581090774629,0.7840445800913203,-0.4093567890318133,0.3647926223721887
2013-06-25,SYK,65.26,65.49,64.45,64.89,937169,0.0919814874426664,0.0993882029247557,-0.7848165935546213,-0.4430963584802293,-0.364486031746257,-0.4540313437664496,-0.5877028002007265,-0.2433866079699828,-0.8205969547988408,-0.4175867098714607,-0.0024050042590837,-1.0786530290562024,-0.8308701541512116,-0.4546671562694651,-0.255609712431567
2013-06-26,SYK,65.31,65.68,64.67,64.69,1248239,-0.2248839687677741,-0.2159095131239548,-0.8149197923435256,-0.717509300103493,-0.4027340439648863,-0.4627055478120429,-0.5185947613205077,-0.2612270220390176,-0.7223458442032002,0.131847557034026,0.0014209117102304,-1.230096379281375,0.0915545269999786,-0.7435437258582992,-0.2901294671917513
2013-06-27,SYK,64.93,65.06,64.55,64.72,1302920,-0.0041238661316642,0.0039278698281222,-0.7523842367712862,-1.0263916836704945,-0.4286204700252203,-0.4378264010770147,-0.475004976222301,-0.2635051411366842,-0.7409828922998849,0.1996436690077296,-0.0026614019394255,-1.2073798767475985,-0.2253935908513396,-0.2706700836391239,-0.9345896861713784
2013-06-28,SYK,64.66,65.46,64.35,64.68,2394728,-0.0714744345835728,-0.063058488422059,-0.7351707709387904,-1.0808959541184042,-0.4472503900099743,-0.3992449619684097,-0.4187877788614303,-0.3099590812666464,-0.5457568062629851,1.89101645275106,0.0040916866191128,-1.2376685467926267,-0.0045758978658667,-0.0029476101925161,-0.161077243131897
2013-07-01,SYK,64.85,65.17,64.34,64.43,1454257,-0.2736347161290776,-0.2645618910474729,-0.7786063324836106,-1.0389169032752517,-0.4681532044249349,-0.3742302018178741,-0.3815859730351596,-0.3814152483494715,-0.7958718778486672,0.3482153611594795,-0.0001341108410486,-1.42697273457409,-0.071944036262347,-0.5156264932971029,-0.5177104711097388
2013-07-02,SYK,64.4,65.05,64.19,64.32,1573745,-0.1392878966112927,-0.1305785368342081,-0.7762138499547196,-0.946850514921558,-0.4851515692107448,-0.34416840756561,-0.3299364988129853,-0.3971669880679518,-0.6915247436206735,0.468574530002131,-0.0003854563182592,-1.510266577197944,-0.2741570559661624,-0.1201697001222767,-0.4770027091503925
2013-07-03,SYK,64.17,64.47,63.71,64.2,492031,-0.1491490980863498,-0.1404032060372441,-0.7943018601083057,-1.7277685845621622,-0.499286250038502,-0.3127478989529884,-0.2717625638342115,-0.4517640414093597,-0.5093363862420195,-1.231775945593556,-0.0010379397343978,-1.5201389375008654,-0.1397751889910723,0.0090045268267831,-0.6047342880497859
2013-07-05,SYK,64.59,65.24,64.42,65.23,967078,0.9658478607416916,0.9607020658308084,-0.3617540652882523,-0.9925573242186626,-0.4662730215519069,-0.166253585120867,-0.2677601342231319,-0.3951684807653438,-0.4175643661644182,-0.4237999440036499,-0.0016175237037706,-0.7609577881514696,-0.149638962987302,0.7222999919957026,-0.5436540451028247
2013-07-08,SYK,65.5,66.41,65.384,66.17,1073673,0.8641763507650041,0.8611047287690143,0.0326182270897479,-0.824795291936703,-0.4001984090012943,0.0360412993866045,-0.2984326179127943,-0.3736000319848023,-0.3818152747757707,-0.2672651789920801,-0.001723812451872,-0.0681128557355189,0.9656488684378745,0.7465032362830373,-0.2990808652721225
2013-07-09,SYK,66.14,66.27,65.48,66.07,1532118,-0.1270840549885029,-0.1184220641849104,0.016383949313581,-0.812569869727371,-0.3494374083405658,0.1584602336059567,-0.3391178692623596,-0.3749616507545335,-0.4251740267633078,0.4144170866987464,-0.0004122106754795,-0.14181976343935,0.8639508351097757,-0.1062776177011873,-0.5948159710606273
2013-07-10,SYK,66.12,66.56,65.81,66.35,938616,0.2308491287297779,0.237064363329831,0.137864939507839,-0.2334989730726207,-0.2964680140401489,0.2620797481933499,-0.3555744611876014,-0.3778189503237676,-0.2729616686834453,-0.5438006560539361,-0.0016343085502367,0.0645595781313604,-0.1275681637155562,0.236492139207522,-0.6492644500725793
2013-07-11,SYK,66.98,67.48,66.66,67.38,1058643,0.9334814041756688,0.9290132879944544,0.5286224912093727,1.1133709228381197,-0.2131916866468485,0.4229848839221536,-0.3105072018519635,-0.3227236348246786,0.056018831717349,-0.3529651538839842,-0.0017569450019006,0.823740727480756,0.2304583951047144,0.4248735665563816,-0.5770837005162706
2013-07-12,SYK,67.26,67.72,66.97,67.43,916690,0.0132031536673554,0.0211494765928876,0.5545156218865849,0.8579850444401251,-0.1452486197163237,0.5122414440301919,-0.331070275133117,-0.4467204586762052,-0.2303697341239551,-0.5874432113262591,-0.0017892630110418,0.8605941813326765,0.9332739683373588,0.1646409792863487,-0.6643530486603321
2013-07-15,SYK,67.41,68.28,67.34,68.22,766930,0.6964100020895789,0.6964098396734268,0.8489988627513003,1.8099448805720155,-0.0613017923612519,0.624840095950828,-0.2564255946977887,-0.4248625024874256,0.0532255501163802,-0.8232196450857729,-0.0018121074492896,1.399235230913552,0.0127556420847189,0.8815153135569279,-0.4429743290071243
2013-07-16,SYK,68.43,69.3,68.35,68.67,1378610,0.3776770275193994,0.3823002903991385,1.0106201577118308,1.865884224303573,0.020998509406928,0.7106808889709818,-0.1819416634256409,-0.4353141492272658,0.0187851441637382,0.1188582213226613,-0.0025304439849998,1.0682393302628757,0.6961407207243503,0.2386612138467386,-0.4383631263690699
2013-07-17,SYK,68.94,69.64,68.69,69.37,1897013,0.6016424635596993,0.6031833113784182,1.2540214016453428,2.140264319956627,0.1107976863997052,0.7986554991249663,-0.0349021639966904,-0.4113672942084318,0.2014773015236995,0.88473589217866,-0.0045486219799324,1.2915247867444106,0.3773245973281837,0.4449231883244371,-0.4499974429252231
2013-07-18,SYK,69.37,70.24,69.08,70.0,1802155,0.5324149937668698,0.5349927141771625,1.4300083201806806,2.1970575587666223,0.2027251987587151,0.8745134858423625,0.1896958484538298,-0.5261911529138983,0.6171317905445934,0.6820955081041733,0.0151832622636823,1.3207036267738688,0.6013484599027746,0.659824787636044,-0.2102468037758698
2013-07-19,SYK,69.57,70.88,69.05,70.88,3241996,0.7496764283589921,0.7487485465724624,1.649525758663282,2.293037866842471,0.3049993866834691,0.9618320400084656,0.4229513460676277,-0.8227882567272273,1.222925344455886,2.598243039029225,0.0030282895482512,1.442878752192886,0.5321029305324977,1.3963201971720798,0.5603941067880668
2013-07-22,SYK,70.83,71.045,70.49,70.96,1533409,0.0372726222965742,0.045064567048412,1.5684058501077982,2.486954398266735,0.3830887199003279,0.9694354836561948,0.6229285681734682,-0.8533513472813244,1.0325216084929971,0.1622175011278966,-0.0004470580663452,1.4043572210841415,0.7494210427659684,0.112349721499783,-0.9394893876587204
2013-07-23,SYK,71.08,71.08,70.395,71.05,1283786,0.0459670822988107,0.0537009915385709,1.4725183970621274,2.5766058172573603,0.4417289695284623,0.925456632225492,0.7509562245383652,-0.9905531333992352,1.2589961273464465,-0.1772056316101634,-0.0007250034359613,1.4293474840621834,0.0368313897883301,-0.0582039109392089,-0.7878265224312441
2013-07-24,SYK,71.21,71.32,70.63,70.83,961706,-0.2257725138425121,-0.2167959233324359,1.2638192897109932,2.4980362724601286,0.4724018568772135,0.8182860420211793,0.824269258861756,-0.9639313806930468,1.1769228674999863,-0.6468432813483702,-0.001569559564892,1.2288381538555924,0.0455281179403957,-0.42948574564435,-0.7794476756457318
2013-07-25,SYK,70.72,70.95,70.36,70.87,852267,0.0021630914950059,0.0101771329713123,1.1530423125552145,2.4571465542850546,0.4909292992372633,0.701287403535974,0.8533306910811351,-0.985428785017197,1.2355664267493995,-0.7879793773409612,-0.0009143852960833,1.2463108557606803,-0.2262823677234933,0.1339318622402971,-0.8975027194830394
2013-07-26,SYK,70.87,71.09,70.33,70.94,819496,0.0284977148839553,0.03634701054154,1.0540617264629375,2.408858987585615,0.5008971546239188,0.585656263228289,0.8521117964822476,-0.9875369917534604,1.243993044169663,-0.81460733986599,-0.0009604068999249,1.2768880840945769,0.0017126998582749,0.0483077607191628,-0.6984700360747214
2013-07-29,SYK,70.65,70.65,69.9465,70.35,1077348,-0.5507891375563725,-0.5418859083619332,0.7129635460932908,1.9484035727089437,0.4783664791271274,0.4095006919378544,0.7867886430847884,-0.919084919163494,1.1199803132585318,-0.344594689162768,-0.0015795706056276,1.0191657309945656,0.0280541932393252,-0.3471309252090471,-0.7579153062945382
2013-07-30,SYK,70.63,70.95,70.26,70.42,751551,0.0289522529667976,0.0367986080051719,0.6213709484951712,1.9185454131506985,0.456309459499001,0.2697954169576469,0.672591542185653,-0.946614388155933,1.1979185433006208,-0.8251395986424485,-0.0009752525804403,1.0497429593284684,-0.5513837794977186,-0.2509502034625294,-0.7747207621156321
2013-07-31,SYK,70.63,71.25,70.23,70.46,1389571,0.002367795345661,0.0103805988840837,0.5161982597071,1.7418468214792489,0.433707685821643,0.15662900942849,0.507957997690097,-0.9582128030858924,1.2345039900043302,0.226573765254034,-0.0007916661953189,1.0672156612335502,0.0285088498988791,-0.2081628410610257,-0.3848567347150099
2013-08-01,SYK,70.89,71.44,69.83,71.22,1038835,0.6385354428824485,0.6394930637285492,0.6682159551860398,1.8751287424436944,0.4389498165869774,0.137765614118553,0.3038928296584599,-0.9639256792772364,1.438435474255198,-0.3833076628046474,-0.0009526523481004,1.338702122814347,0.0019174571106368,0.3253845226812326,0.2926803589829442
2013-08-02,SYK,71.23,71.4,71.05,71.27,861288,0.0107122113000056,0.0186739832568693,0.5695507723170558,1.735322812741266,0.4383231681738402,0.1075687612939929,0.1442404963825861,-1.0204553323819154,1.1924304409168438,-0.661388594649279,-0.0010249813991829,1.3495645412673196,0.6382510636075697,0.0161103957468093,-1.1820450886423344
2013-08-05,SYK,71.07,71.55,70.69,71.2,805376,-0.0941446697515734,-0.0856224425183389,0.4459976183285668,1.548634416660913,0.4284367586919557,0.0595768134466131,0.0223244299641319,-1.0654463569591353,0.9489405216072514,-0.7372293347031321,-0.0014314916215135,1.251204363707737,0.010264049897771,0.1118814521123624,-0.5846786891080066
2013-08-06,SYK,71.14,71.37,70.79,70.97,1894907,-0.2341104900274476,-0.2251144845665441,0.2657741871211724,1.0451066404116256,0.4051830749586547,-0.0132238786419534,-0.165520407792829,-1.053771362270326,0.9217328677514596,0.9867601117790956,-0.0017193004355502,1.106985844228314,-0.0946201854825149,-0.2068591918059614,-0.9102234565346076
2013-08-07,SYK,70.76,71.07,70.59,70.79,1285195,-0.1909000412163284,-0.1820167578973953,0.1141828812067578,0.5017098859929898,0.3736668114682497,-0.0927321703704608,-0.3891071435283831,-1.0343933931813185,0.8153155124036588,-0.0163140217534128,-0.0016329688294221,0.9262370408521368,-0.2346225190612564,0.0057150143632401,-1.0262213069173565
2013-08-08,SYK,70.98,71.32,70.64,70.9,928163,0.0637462104423488,0.0713576945802395,0.0889710144444552,-0.1663266041434845,0.347319245184732,-0.1430346661198725,-0.5457261031685788,-1.1253500515435548,0.5997633931864852,-0.5721781539611381,-0.0009147464948397,0.9711062632545472,-0.191400797810899,-0.1114693095589856,-0.7920039510518023
2013-08-09,SYK,70.8,71.16,70.7,71.01,891908,0.0635961166781093,0.0712086554172903,0.0627606569448892,-0.1329759107689349,0.3253214851605515,-0.1720803362881094,-0.7543564179528253,-1.126779960588271,0.6122627399750843,-0.6283011269676789,-0.0009608634033199,1.016499172568439,0.0633118841783581,0.1977777271637545,-1.0514450747164676
2013-08-12,SYK,70.37,70.86,70.14,70.76,962833,-0.2521836134593155,-0.2431493624054856,-0.0776250765313021,-0.4952488329927632,0.2929758117384002,-0.221952223373728,-0.925891719576212,-1.1627325635318506,0.3793397576542484,-0.5273766613095898,-0.0015189163208827,0.6222214351367794,0.0631617512587087,0.3924015991039554,-0.7433106334203412
2013-08-13,SYK,70.95,71.08,70.3,70.88,759727,0.0725857051086807,0.0801344478026492,-0.0741674347934706,-0.134225324370486,0.2672870497442875,-0.2447149576226203,-1.096815382919939,-1.1782447492898491,0.3051788597458792,-0.8177672264272878,-0.0010006783900835,0.6641369234913206,-0.2527003572829803,-0.1008567194413974,-0.6741981905154831
2013-08-14,SYK,70.96,71.09,70.3,70.43,1179356,-0.4282572856357816,-0.41912586558644,-0.2606370495225463,-0.6071912462687177,0.2249295000887899,-0.3058303175153724,-1.207094465708637,-1.194537711557356,0.056939116157691,-0.0841621292412129,-0.0015882852935884,-0.0463545765813385,0.0721536848301464,-0.5906125786878575,-0.6565052307150363
2013-08-15,SYK,69.97,70.15,68.76,68.91,969770,-1.376631099105084,-1.3756755168258736,-0.8043466359347072,-1.5035429067090509,0.1283644334455733,-0.4942518209944142,-1.0481930184600945,-0.971643877550232,-0.3961675064984585,-0.3753730301963683,-0.0015672885492148,-1.7025833477527097,-0.4288199623258166,-1.1708769663197742,0.0897643937260862
2013-08-16,SYK,68.73,68.82,67.97,67.97,1622666,-0.8822567490256314,-0.8751957666838626,-1.10106983602677,-1.6201041340513245,0.0129956838755064,-0.6933893799331934,-0.7916000719705845,-0.9955472629359308,-0.7704377157734066,0.954948096501026,-0.0018577416382756,-1.881302785249608,-1.3774411809131275,-0.8617502293349935,-0.549103355417081
2013-08-19,SYK,67.93,68.538,67.82,68.06,826792,0.0494406698344535,0.0571510561300299,-1.0155602536135186,-1.6023093305997964,-0.0757162050214504,-0.7840851265992318,-0.6366952199877466,-0.9948732770799722,-0.7676882462628598,-0.465041696807556,-0.0008401136469537,-1.6674144289530322,-0.882937861915845,0.118269524088149,-0.7121182429746467
2013-08-20,SYK,68.0,68.53,67.56,68.25,1233596,0.1408068826716318,0.147829580742813,-0.8941861736536335,-1.4733233292499384,-0.1386414140904605,-0.7902672539626991,-0.5421118064188667,-0.9884330079138136,-0.7462572262977165,0.3175618610788138,-0.0007181244706346,-1.3064443238873733,0.0490026116412256,0.2514473651765425,-0.4068457533979569
2013-08-21,SYK,68.21,68.45,67.67,67.93,912348,-0.3249018598948466,-0.3157668619749832,-0.9612312525504844,-2.2826597450014474,-0.200488925562667,-0.7924389807914505,-0.4382551186966816,-0.985351539547453,-0.7687898623655222,-0.2933924693417492,-0.0015690063047359,-1.5730453494466656,0.1403926594560763,-0.3364543582865081,-0.6343701199372903
2013-08-22,SYK,68.03,69.08,68.03,68.78,613949,0.7460313656600828,0.7451683782671699,-0.6049952214337725,-1.5401069258446576,-0.2152659261563629,-0.6730176775538996,-0.4127051004257219,-0.8879022623912596,-0.6005923510580328,-0.852549798040141,-0.0009938766342121,-0.8648863753047848,-0.3254375739453199,0.8066077306440435,-0.3190368654921602
2013-08-23,SYK,68.74,68.91,68.08,68.29,629183,-0.4765325125821288,-0.4674619432928945,-0.7400628021621897,-1.6546407940045942,-0.2451314811191328,-0.6163183141661973,-0.3721078625829114,-0.8773803356054245,-0.7161005220782798,-0.8117168305954577,-0.0014767326936949,-1.2731191956924557,0.7457750291686324,-0.5209092672091314,-0.5783950197150985
2013-08-26,SYK,68.4,69.0,68.33,68.38,883420,0.0490543797755224,0.0567673915066865,-0.6701045672842904,-1.52545342346575,-0.2639120675175557,-0.542426305194875,-0.3333074636876671,-0.8941298734107728,-0.578742089032427,-0.2972717652813339,-0.0008838622920011,-1.1981376572539122,-0.477107782975248,-0.0484077161062081,-0.7747346080682953
2013-08-27,SYK,67.82,67.8397,67.04,67.08,933981,-1.2166089232528068,-1.213233886102007,-1.0981914637229049,-1.7894563906633176,-0.3278747409991103,-0.5996106123775528,-0.2170290698890192,-0.7683883896838932,-0.8640556971036297,-0.2136258326256295,-0.001578655153755,-1.851820022168084,0.0486162208096496,-0.8506798805323835,-0.5977686644449182
2013-08-28,SYK,67.13,67.31,66.59,66.64,926890,-0.4413671894347409,-0.4322485625635241,-1.1949292512859755,-1.9420222226625192,-0.3930474315611159,-0.6484726212587972,-0.0923383370555584,-0.765870221845276,-0.9637105455127646,-0.18583040580887,-0.0016220199128368,-1.8477928907189396,-1.2173772595964163,-0.5777894352375847,-0.6908824424495487
2013-08-29,SYK,66.5,67.2999,66.44,66.91,955752,0.2192499071976389,0.2255763729056664,-1.0143264401432357,-1.839302228396121,-0.4308013678340988,-0.6169868268271543,-0.0486974463960005,-0.8253410266850364,-1.056258590039289,-0.1200327429018886,-0.0007896672129642,-1.5755561467764243,-0.4419332861446567,0.4394914478791238,-0.5202612050800862
2013-08-30,SYK,66.96,67.07,66.63,66.89,909986,-0.0516055296750945,-0.0432894908320959,-0.9415263617065732,-1.797256740659294,-0.4579261984782734,-0.5644390563692513,-0.033948220726844,-0.8282576328645381,-1.0700599003278737,-0.2166054412703252,-0.0016135241566824,-1.5885666420305995,0.2188561476489035,-0.1052984051143403,-1.043110741235001
2013-09-03,SYK,67.63,67.99,66.69,67.22,1000667,0.2741522956316697,0.2799334506318212,-0.7422557175556745,-1.666231864810828,-0.4627967707272629,-0.4651187619922182,-0.0594977142266595,-0.8027032876941491,-0.988438566047072,-0.0537952672810829,-0.0007720557845974,-1.355367369589335,-0.0520699480931187,-0.4843415680923982,0.0204451716845039
2013-09-04,SYK,67.13,67.38,66.515,67.27,1465886,0.0133131190269735,0.021258757657173,-0.6541131923087808,-1.5383611155206387,-0.4610701626722496,-0.3686814979560093,-0.0952992023662352,-0.7975967135137452,-0.9331558734533216,0.9344609483241796,-0.0006532155417759,-1.315919449987873,0.2737728586334905,0.131247130397687,-0.5196746759856743
2013-09-05,SYK,67.34,67.995,67.1,67.79,1038093,0.448261270747337,0.4519981632729793,-0.3986421223808032,-0.7483095683453924,-0.435908147402717,-0.231209351988388,-0.157068914300885,-0.7546731894580132,-0.7898762794913912,0.0917161046976067,-0.0008983857805119,-0.9617033845226818,0.0128656361313298,0.478558758355556,-0.491013100865478
2013-09-06,SYK,69.63,70.38,68.06,68.93,1713246,1.0139749371574691,1.0077915058305786,0.0760413902457566,0.2747058357412858,-0.3685493820699159,-0.0126179269522551,-0.2490230343233165,-0.6248019322698468,-0.5755517388684529,1.3454247317920862,-0.000737166974428,-0.1276561690987939,0.4479272540791197,-0.785849074369292,1.2137071933429076
2013-09-09,SYK,68.98,69.2001,68.62,69.16,732761,0.1747414968390976,0.1814749853399452,0.2001842194026647,0.3304077003406003,-0.3043035974837989,0.1542424542234519,-0.3609716048938564,-0.6198509066082456,-0.5501007577530063,-0.5830800539303232,-0.001059804465273,0.0631646947167509,1.0137884999082634,0.1708322071750351,-0.8922777381525621
2013-09-10,SYK,69.69,70.0,69.325,69.54,1303377,0.3090810860613802,0.3144904947340775,0.3700168979840928,0.4021233869331529,-0.2373928336250558,0.2945903699351644,-0.4487547492932645,-0.60641750837516,-0.4206933207187419,0.5118051884861927,-0.0009374885564655,0.3348182397120584,0.1743361262480066,-0.1889333936450962,-0.7823638758258992
2013-09-11,SYK,69.6,70.07,69.37,69.58,1176473,0.0028153101255031,0.0108254050086256,0.4108906073111627,0.6015086353205592,-0.1823850641930581,0.3762305997555614,-0.560197190492653,-0.6080398854478692,-0.4368408658223885,0.2172112796019336,-0.0009945035931787,0.3634133497115576,0.3087107610414056,-0.0480268339466821,-0.7528846709376811
2013-09-12,SYK,69.46,69.73,69.12,69.5,1421499,-0.1045775750995059,-0.0960092005065606,0.3983523461518714,0.2053236454070471,-0.1419987278088781,0.4039074666491405,-0.6394106134970543,-0.6194439785335311,-0.3614069660703436,0.657098775932365,-0.0015179887148958,0.7004219621042106,0.0023650886350002,0.0171915315873731,-0.859842975671653
2013-09-13,SYK,69.5,70.16,69.31,70.12,1013207,0.5223993993816589,0.5251209094332521,0.6131584880424769,0.7895800572524525,-0.0862931799752811,0.4654803467204718,-0.5627971670928339,-0.7739995440577041,0.0904061574877116,-0.1227174539119204,-0.001024891275268,1.223516518757602,-0.105055812493722,0.6476705973395289,-0.5810596327214668
2013-09-16,SYK,70.75,71.01,70.43,70.83,1036128,0.5973976623674487,0.599004248388531,0.829319904055994,0.9886109257384472,-0.015718580009833,0.5530113349999103,-0.4284097063543354,-0.8408293078788254,0.4504946792771789,-0.0236437462652724,-0.0010361736156363,1.3119481883548838,0.5220847233491732,0.0591130295388651,-0.9088772181938356
2013-09-17,SYK,70.8,71.54,70.67,71.35,1238187,0.4240727060554684,0.4281221848026948,0.963204633010689,2.1626284484001848,0.058308937951207,0.6319238771034598,-0.2760353764528759,-0.8296766557546201,0.5424664519230372,0.3234046603913805,-0.0010129918610796,1.3190366949156092,0.5971025513565198,0.5605970344315371,-0.5751144030590458
2013-09-18,SYK,71.19,71.86,70.39,71.78,1081653,0.3422100694134585,0.347249074725292,1.0572678991262086,2.6470651254273854,0.130696473108595,0.6908326232813721,-0.1176192943823046,-0.8241694024137077,0.5921350620049579,0.0390584915527262,-0.0010573737434984,1.3938133420461345,0.4237323792439119,0.5998325325093244,0.1154337352096431
2013-09-19,SYK,71.74,71.94,71.56,71.63,826660,-0.1630978210509603,-0.1543029165891868,0.9264677801784632,2.4751944496743774,0.1784080549629583,0.6744441412087583,-0.0136591293824309,-0.8379613322672622,0.6324675993502757,-0.4455359520931636,-0.001375485381025,1.2555157928097629,0.3418483868506241,-0.1421612172562096,-1.149197323720823
2013-09-20,SYK,71.73,71.86,71.17,71.28,2599265,-0.3372025644045174,-0.3280589507808557,0.7439202811070459,2.141591531128822,0.1984614765791756,0.5901417272222667,0.0584406829112261,-0.8624338153733649,0.3663464552864174,2.546479155574132,-0.0016811751911636,1.0439769676997892,-0.1635913247970621,-0.5002926183606861,-0.7845731568416795
2013-09-23,SYK,71.11,71.44,70.86,71.2,940784,-0.1028703836786118,-0.0943094411846654,0.6565209258342194,2.023594945405013,0.2071217964037298,0.4933741481491961,0.1062366975371136,-0.896259508336262,0.4583520017935074,-0.40497539149733,-0.0014311857521079,0.9956252362460808,-0.3377414873766286,0.0693051713285352,-0.912423640542
2013-09-24,SYK,71.11,71.45,70.77,70.83,1057206,-0.3565279794909444,-0.347375759905309,0.4685648734690549,1.6774171355480345,0.1954741351146891,0.3636876910984282,0.128016803799166,-0.872671386449216,0.3587302208038604,-0.2158153968882311,-0.0014699417586594,0.7719984782726742,-0.1033481757126874,-0.3238063532021111,-0.7912139976955488
2013-09-25,SYK,69.1,69.91,68.72,68.79,3482495,-1.8261119049336625,-1.834245260847511,-0.3364109415812027,0.223671009997898,0.1030734866774506,0.0520817266699568,0.064404333366567,-0.6649445327732523,0.2069118349675435,3.386484129046464,-0.0020579788453755,-0.4609706737969008,-0.3570719439419873,-0.3652608837018451,-0.1496082072462782
2013-09-26,SYK,68.71,68.71,67.95,68.4,1639416,-0.3859635474047381,-0.376809804827714,-0.516773983457237,-0.433372611995172,0.0126545971580088,-0.1921020315336289,-0.0282249285740947,-0.6700007982233152,0.2204031095950425,0.4439314094336106,-0.0017861446989166,-0.6966853646337324,-1.8270392441461492,-0.3671847417983438,-0.6653143517624118
2013-09-27,SYK,68.3,68.34,67.595,67.65,1197492,-0.7156499629922516,-0.7074387293987162,-0.8138134240415335,-0.832851966169407,-0.0891877855341776,-0.4168529128721026,-0.0753188065064901,-0.6201462035447682,-0.0050491116681525,-0.2431295848992173,-0.0017363080785095,-1.1858288599044928,-0.3865151908005705,-0.7453306116789735,-0.6735272967319867
2013-09-30,SYK,67.42,67.87,67.15,67.59,1881008,-0.0882138146690699,-0.0797185978107537,-0.8493276557894324,-1.0608421467845668,-0.17197367955741,-0.5476025441591141,-0.1228601387127214,-0.6196397350507002,-0.0137830543198608,0.6862612419490913,-0.0021857795645743,-1.2225940013324297,-0.7162876126710455,0.164187802116035,-0.7035384475080274
2013-10-01,SYK,67.74,68.1,67.55,67.96,1103364,0.3078158207517265,0.3132390322309977,-0.7232954367370741,-0.8787575097329432,-0.2221557798786346,-0.5682806454615195,-0.1676467183515368,-0.6178022073229279,-0.0057981838162356,-0.4484595209808024,-0.0004047865207637,-0.9958756291935004,-0.0886877832000774,0.2190538762977989,-0.916846667928292
2013-10-02,SYK,67.5,68.09,67.33,67.74,1676668,-0.2345376594390957,-0.2255406894122864,-0.8149356574071657,-0.9235067960172942,-0.2691769302462544,-0.5766868957374023,-0.1985660456025989,-0.612733448903411,-0.0648654100425874,0.362544407438972,-0.0022207265523787,-1.4417415902158897,0.3074451656581999,0.2423120186048459,-0.65629211527122
2013-10-03,SYK,67.49,67.85,66.93,67.34,1095847,-0.4006254348354428,-0.3914761559196245,-0.9575929623358724,-1.3865083150582045,-0.3201889833014413,-0.5936844107740523,-0.1697805325186926,-0.6213510887523666,-0.2649684275599472,-0.4744144848226847,-0.0022297708830608,-1.6092639767962318,-0.2350497999098687,-0.1942342834678714,-0.4527199417435653
2013-10-04,SYK,67.38,67.855,67.27,67.7,921076,0.299835758247496,0.3053454414875962,-0.7991595298822113,-1.609986595571176,-0.3441770567186908,-0.5377231644227333,-0.1229374045123523,-0.7239644227112803,-0.4295465262043673,-0.686663020547461,4.4876162632933e-05,-1.370400632788388,-0.4011809031217756,0.3324927583076314,-0.8711702403456647
2013-10-07,SYK,67.31,67.89,67.04,67.54,755490,-0.1801346841118553,-0.1712841504221428,-0.8298202929799199,-2.0202828919070464,-0.3669508374757516,-0.4898285989379329,-0.0683315650225821,-0.7308027302283027,-0.5114938701829611,-0.9316406798063958,-0.001964121602125,-1.4765621190140945,0.299463021371156,0.2318458408688971,-0.5424679566472157
2013-10-08,SYK,67.71,68.37,67.59,67.61,1561754,0.0315296102633781,0.0393592288857491,-0.7677706305183087,-2.318371652131604,-0.3795650784148792,-0.425362465951302,-0.0225393734400385,-0.7471829140826102,-0.5750846657093793,0.2342709810394743,0.0007724157374385,-1.4301164687903511,-0.1806326323154656,-0.1378979792410481,-0.6298408312420248
2013-10-09,SYK,67.8,68.95,67.71,68.44,1828211,0.73130171059155,0.7306988518054042,-0.4322042739208327,-1.6462074235508912,-0.3545063925919888,-0.2768200946015029,-0.0122855595490179,-0.6775119973883842,-0.4081016471964603,0.5617134340992865,0.0001239199712504,-0.8794037589944892,0.0310868795583791,0.6868566424005779,-0.0813492439880872
2013-10-10,SYK,69.04,69.63,68.76,69.42,1297872,0.8584837457941044,0.8555235180627431,-0.0593463645017347,-0.9630478369849096,-0.2943813800322228,-0.0677260761542685,-0.01264399763082,-0.596970224012957,-0.1843823304534071,-0.1861339244874188,-0.0005926349981521,-0.2291646558620215,0.7310415315308524,0.3895246768536626,-0.5468619639425568
2013-10-11,SYK,69.42,70.33,69.38,70.22,1260026,0.6844690966611011,0.6846708309347505,0.24188398938121,-0.5591811111119094,-0.2144712189814458,0.1504757702256622,-0.0102104403945953,-0.5779926539364114,-0.1465320701944186,-0.255949103874986,-0.0007313663597061,0.3016427752665195,0.8582567450919624,0.8443464875835448,-0.4638129867309025
2013-10-14,SYK,69.85,70.98,69.72,70.81,1261118,0.4901062372695937,0.4932806435756047,0.4658292088092071,-0.1963389401112999,-0.1281410283150036,0.3415622930419893,-0.0110593910134341,-0.5893110698166639,-0.1716239353173708,-0.2684276940683039,-0.0008105481898758,0.6931132557238222,0.6841967002360989,1.012047282417441,-0.1083485766566184
2013-10-15,SYK,70.65,70.92,70.105,70.14,1631298,-0.622077883526884,-0.6134195709728096,0.2351894745206754,0.4091518530712174,-0.086787707713332,0.3786618220078449,-0.0619012820056928,-0.5812392028981825,-0.4165410690848671,0.221796349446092,-0.0017264032074421,0.2485620321536665,0.4897831368231588,-0.5717009872571468,-0.6229349585419612
2013-10-16,SYK,70.65,71.52,70.4175,71.52,1099474,1.191926850419045,1.1815963505880398,0.7636484071594771,1.0142541922203925,-0.0013843152666064,0.5217255718046597,-0.0802736900727005,-0.4574610448168313,-0.2206742591969696,-0.5178912739234396,-0.0008478941522856,1.1642048508504002,-0.6226911227769696,0.9040451347732612,-0.3066021809971635
2013-10-17,SYK,71.05,72.62,70.9,72.55,2322917,0.8636171927359879,0.8605565347597408,1.1360638378468697,1.6339131485057437,0.1039404870416224,0.6874539376862148,-0.0054423904440285,-0.3957455453393945,0.0211538691740927,1.022927531811545,-0.0005124502148168,1.40198372449148,1.1917868360185886,1.568724655911132,0.3845034994117985
2013-10-18,SYK,72.77,73.6,72.02,73.46,2481974,0.7479111123405301,0.7470146849764432,1.437245415333381,1.7831204196360937,0.2190040929053489,0.8451041430935536,0.1686856004175672,-0.3667097938158771,0.2816908105281787,1.2455493139352312,-0.0006249876952904,1.373105826369505,0.8633915312115291,0.6900601395497474,0.2011966221743742
2013-10-21,SYK,73.45,73.45,72.92,73.16,1102669,-0.2872488506963163,-0.2781553864638088,1.2846286517746168,1.5720806405516026,0.2933089180550852,0.8663119075083422,0.2968948021029922,-0.3592961347837704,0.2368157055672875,-0.5903930047428615,-0.0014671814070145,1.2235924138908332,0.7476552662242278,-0.3246149538026816,-0.9875697238767214
2013-10-22,SYK,73.17,73.72,72.64,73.53,1142443,0.2818682800001559,0.2875689738413063,1.3705463818276824,1.738659217293614,0.360901226229915,0.8660002159001607,0.4520647877163807,-0.3702525640801026,0.3923661068947711,-0.5421285229355329,-0.0009896731158883,1.3498604175663669,-0.2877747420934731,0.3454019493199164,-0.3672231517384883
2013-10-23,SYK,73.5,74.08,73.29,73.97,1261750,0.3395530729468585,0.3446224243714267,1.433039399911318,2.0083867059010028,0.4251876565256751,0.8572415898623058,0.6191955825570454,-0.7124226703545354,0.9384443543284656,-0.2560931290982972,-0.0009865989537563,1.3917374977706942,0.2814908558939357,0.4568037079946657,-0.7012430714470457
2013-10-24,SYK,73.43,74.255,73.09,74.02,2494613,0.0090872592996417,0.0170590560007148,1.3403525236357705,1.9813238211890545,0.4709776206798157,0.8026251035930413,0.7398446419897586,-0.7447335536291043,1.0392249259168551,1.3881861249914036,-0.0007791324910198,1.3362326550872228,0.3391906972453956,0.5807317025115543,-0.2796229942609246
2013-10-25,SYK,74.05,74.705,73.72,74.61,1483480,0.4632514863209171,0.4667900423593062,1.4232737861326683,2.12300762863342,0.5227640805621524,0.7743667913546395,0.8314775037408688,-0.8409167502659243,1.3435117368747054,-0.0227418644835919,-0.0010064897105899,1.4022617430537176,0.0086386739913104,0.5450406360443008,-0.4910592382881622
2013-10-28,SYK,74.54,74.86,74.17,74.54,1018736,-0.0914072831656277,-0.0828974526211922,1.2609655198343128,2.077225471883499,0.5529797825665945,0.6962373821185154,0.8701300751359856,-0.8406493271591347,1.3426801615826789,-0.6144706947819751,-0.001392201197798,1.308737756987139,0.4629213801951465,-0.0263165508545973,-0.8198563257870705
2013-10-29,SYK,74.67,74.67,73.94,74.53,1902486,-0.0413483421526661,-0.0330863495849386,1.1297123611467397,2.0019280785475373,0.5682854076562699,0.5953555734222439,0.8883137977018881,-0.8300828601994047,1.252338093481609,0.5537537283776772,-0.0015377794951827,1.304545850886957,-0.0918820847863294,-0.1679698242236325,-0.7750240563805137
2013-10-30,SYK,74.64,74.79,73.61,74.09,1820176,-0.4005465126528598,-0.3913972004094934,0.8459508074009934,1.6096661123136204,0.5550048581554299,0.4410698051692368,0.8371401859045181,-0.8087530231723568,1.209251562856691,0.4293609002737927,-0.0015585991533546,1.1201019824790512,-0.0418100847474512,-0.5830352250006091,-0.2639893888757504
2013-10-31,SYK,74.16,74.33,73.32,73.86,1821898,-0.2262656965092975,-0.2172879265285465,0.6382879454626001,1.3258290574285,0.5276495764076887,0.2814130720544082,0.7128857938293535,-0.8310128303499907,1.254505569734408,0.3727026301119313,-0.0015995100706493,1.0177915990672473,-0.4011019603505265,-0.3319467497238099,-0.4516777060505442
2013-11-01,SYK,74.25,74.25,73.45,74.03,1350125,0.1103002793793669,0.1175673578915735,0.5816334738165148,1.2355487042467226,0.5051416772091486,0.1661647647983633,0.5808771485104206,-0.8289684111548744,1.205726277038902,-0.2780220155198781,-0.0009392912440453,1.0900564150986063,-0.2267756790483185,-0.2501736920708038,-0.6907067518299782
2013-11-04,SYK,74.17,74.4,74.01,74.29,752859,0.1856597687763491,0.1922963193523354,0.5502860810032567,1.7674241574648566,0.4901897271241505,0.0934150019390276,0.3957554009689333,-0.8503210951093725,1.300308203511858,-1.0592692650889768,-0.0010901911061659,1.1822482877716756,0.1098780978148139,0.0959190460074324,-1.153809628127283
2013-11-05,SYK,73.85,74.23,73.64,74.05,1251360,-0.2341257913308713,-0.2251297512683401,0.3446060511537744,1.269798198031363,0.4618745061330778,0.0008183623828902,0.1438182434586772,-0.8283173847621801,1.2314489325251488,-0.3904705637032097,-0.0014830092917266,1.066293151447652,0.1852572464675691,0.1782922105820204,-0.9272981461511088
2013-11-06,SYK,74.3,74.6,73.67,73.71,1870354,-0.3188533387912962,-0.3097234722775042,0.1260322138616996,0.5842743712746484,0.4195214532499213,-0.1093920868963682,-0.0984393017920573,-0.823496296873864,0.9634131140167344,0.4241709146123493,-0.0016359223462247,0.8161887902160189,-0.234637824356377,-0.626256702196153,-0.539811226572324
2013-11-07,SYK,73.89,73.89,72.85,72.9,1906169,-0.7171503012778272,-0.7089473996852711,-0.2273608182012196,-0.5709331690126614,0.348366402247928,-0.271696293662345,-0.2968355910118215,-0.791834128803397,0.5687545732462871,0.4224469790285107,-0.0017096033982749,0.2539379103338967,-0.3193874749459481,-1.038581638266493,-0.4023733697575411
2013-11-08,SYK,72.89,73.35,72.541,73.33,1604363,0.3342324360208382,0.3393622205461871,-0.1289212218832704,-0.0764318498480008,0.3037014122713524,-0.3333546980119096,-0.4542621797277174,-0.822788161726251,0.4829811676616482,0.0092583146318226,-0.0007702560429928,0.453385026067007,-0.7177883423543645,0.4297512975554266,-0.6718808997450457
2013-11-11,SYK,73.36,73.49,73.04,73.3,1245809,-0.0584663979536158,-0.0501151469868238,-0.1840901766226557,-0.3538754781187322,0.2624024650265919,-0.3740172854449998,-0.5847092226230749,-0.8384818091272809,0.3489685848255788,-0.448895429842937,-0.001556206146913,0.3522955348615919,0.3338686723088799,-0.0881091777579285,-1.079681515289605
2013-11-12,SYK,73.31,73.4525,72.81,73.23,1253000,-0.0924511948238736,-0.0839366226132131,-0.2639740231883334,-0.7719705689690207,0.2226550886897035,-0.4025536385843055,-0.8637273507445768,-0.8943019071333359,0.479535283131043,-0.4202236470034843,-0.0015981685771797,0.223201564566267,-0.0589326061869028,-0.10876291305399,-0.8601139836847945
2013-11-13,SYK,72.89,73.82,72.6,73.82,891970,0.4686049691586059,0.4720718366772521,-0.0947095823677856,-0.3266739415491881,0.2102550001188455,-0.3549912731590246,-1.0217793396998698,-1.0350624514560398,0.3048253977729089,-0.880408393841409,-0.0009524982441435,0.5698613787231335,-0.0929262687729372,0.9376450378302236,-0.2139756435442316
2013-11-14,SYK,74.0,74.57,73.75,74.48,932486,0.5236323062989084,0.5263362009815461,0.1055300456523346,-0.277044883627296,0.222145660138251,-0.2544174121033531,-1.0670130096310717,-1.0985301221838968,0.2232196811678615,-0.7703698522570334,-0.0009680381967215,0.9980938985914316,0.4682762596119419,0.4637490826187259,-0.6737687890720025
2013-11-15,SYK,74.56,74.8,74.21,74.21,2007778,-0.258689788011648,-0.2496430550088759,-0.0038170323054499,-0.4026868706986733,0.2167483933721924,-0.2184571491995925,-1.069122497592481,-1.169443979895706,-0.0175325971569843,0.7432464222047648,-0.0017808542105789,0.5111331724871347,0.523317951898544,-0.3809721947141087,-0.928729814661407
2013-11-18,SYK,74.35,74.5,73.34,73.51,932306,-0.6202568737888543,-0.6115912760953207,-0.2586602968225102,-0.7625288785180423,0.1811378946167154,-0.2674572779081824,-1.086445508432533,-1.121259286004627,-0.0972159829083429,-0.7422536157940622,-0.0015527053901027,-0.492285144119034,-0.2592082291205604,-0.8798942177650753,-0.2761913092514647
2013-11-19,SYK,73.31,74.18,73.0,74.1,1216402,0.4666943681054323,0.4701868721999644,-0.0592704014092802,-0.1835248516121128,0.1724520798668807,-0.2373537077426073,-1.0917649149748447,-1.099068811658874,-0.0536277286404643,-0.3498403973560482,-0.0007873901960167,0.3534531513061634,-0.6208696379866737,0.7878412758644142,-0.2641685163397458
2013-11-20,SYK,74.05,74.275,73.62,73.79,616529,-0.2934547694290096,-0.284352887381978,-0.1661331283183923,-0.2266967015263822,0.1499436666848002,-0.2488499820240339,-1.090984888680936,-1.1081865196741396,-0.203215477674222,-1.1659039955029242,-0.0014409599522307,-0.0909178174765583,0.4663651601345475,-0.2915895304862183,-0.8515452997576581
2013-11-21,SYK,74.08,74.32,73.9,74.14,838671,0.262305666183991,0.2682085231500902,-0.0440020172740911,-0.1316275760433249,0.1425407964791449,-0.2191655938639673,-1.0893016340661916,-1.0950544683870218,-0.143667358491566,-0.7753801097068794,-0.0009522789316486,0.410791340826526,-0.2939822797827789,0.0348754997613363,-1.119201415115275
2013-11-22,SYK,74.15,74.44,73.8,74.28,1003008,0.0845670166974331,0.0920287321438211,0.0115881980753665,-0.1943193320882155,0.1388866185914707,-0.1857690138417266,-1.1053513695711574,-1.1316764382049302,-0.2324355523271639,-0.4989605277993322,-0.0009282745219528,0.6114750041477639,0.2619231387200957,0.1061410630477729,-0.8732551058814306
2013-11-25,SYK,75.38,75.5,74.54,74.74,1481888,0.3525545391958155,0.357474336867786,0.1713440821965883,0.1645777690337437,0.1506613760642905,-0.1193379358092084,-1.0919006786967196,-1.1085969131834492,-0.1280711286279797,0.1992144076909176,-0.0008254269995365,0.5890842376757148,0.0841381220195485,-0.6677750611053387,-0.5208499244350333
2013-11-26,SYK,74.88,75.13,74.39,74.82,997767,0.0336435475274513,0.0414593599692809,0.1945383342771324,0.4067307110339481,0.1596054348315698,-0.0734792431218662,-1.0726060685558687,-1.1081806435302008,-0.1103308426376167,-0.4807207470487384,-0.000998472169399,0.6789573444669936,0.3521955552258047,-0.0868548402460019,-0.7670491614729412
2013-11-27,SYK,74.8,75.12,74.56,74.56,608519,-0.2493431394113626,-0.2403145512996208,0.0938326958061317,0.8010975005671827,0.1530013577942307,-0.0768129228779041,-1.0574799655011258,-1.122774098944047,-0.0743108237360868,-1.0436761606780969,-0.0013796156818219,0.3868697473953419,0.0332013682915997,-0.2687286957544961,-0.9653732387656968
2013-11-29,SYK,74.59,75.11,74.35,74.42,515233,-0.1498968645350806,-0.1411482658674647,0.0341561484108653,0.5016722814647097,0.1389598090092767,-0.0986237909278807,-1.0497833052238683,-1.1270670544258508,-0.0561248277216617,-1.1495038589232571,-0.0013646429503346,0.2295918105106003,-0.2498591422320526,-0.1985085803127022,-0.7402213319133633
2013-12-02,SYK,74.32,74.76,74.145,74.26,827324,-0.1668483139435632,-0.1580407635147979,-0.0266955571741782,0.4027560872752704,0.1184730562037003,-0.1326623295652366,-1.0469424081016172,-1.125940339887084,-0.1218480642715849,-0.5745347450057456,-0.0014474994881319,0.049845596928043,-0.1503869245081066,-0.0873109952790767,-0.9011188293011516
2013-12-03,SYK,74.05,74.23,73.44,73.93,1066940,-0.3096611706376232,-0.3005402317704739,-0.137360185110144,0.2202321575209383,0.0865558967354039,-0.1893148304549099,-1.050451795001489,-1.1216778203931603,-0.238646122234107,-0.1746770867658963,-0.0015278536359915,-0.3208809685859876,-0.1673427960919822,-0.1487502337614937,-0.7007614911274643
2013-12-04,SYK,73.65,74.01,72.76,73.29,786010,-0.5719537597984924,-0.563114618448005,-0.3510486506985786,-0.4957882745068652,0.0339858074408424,-0.2877971170072138,-1.0323559554244648,-1.0855541447778856,-0.3182099359915828,-0.6385818245390178,-0.0014768281834871,-1.039865822916233,-0.3101929088038295,-0.3956124457326581,-0.1699011402457742
2013-12-05,SYK,73.19,73.69,73.079,73.16,762200,-0.1434278192123751,-0.1347029326282943,-0.3875304711411935,-1.041899098419256,-0.0143236249094399,-0.3556160886200525,-1.0111407702565305,-1.094654242832673,-0.2770631962884677,-0.6108883859484097,-0.0014906523723612,-1.1859096214520748,-0.572553923018251,-0.0572846278434508,-0.8952978596695927
2013-12-06,SYK,73.94,74.54,73.81,74.52,1092889,1.1243430903280989,1.1156450390477577,0.0664144414306016,-0.0273299193260451,-0.0007727722598298,-0.2506439572216062,-1.0426890414756789,-0.9832999030979234,0.1588908173613601,0.0918027018476989,-0.0008523143682606,0.3419331939996944,-0.1439161915861668,0.566326611074974,-0.7749145153390882
2013-12-09,SYK,74.48,74.66,74.06,74.61,935653,0.0421948234924767,0.0499540605023472,0.0754674077228254,0.4540741259545114,0.0116776306806789,-0.1694987907102576,-1.0489823975961798,-0.9957379433873964,0.0888817490935623,-0.1544058390024683,-0.000949698399846,0.4226989010467427,1.1241854451496691,0.1055541804942313,-0.9211119221829248
2013-12-10,SYK,74.35,74.66,74.01,74.4,1030267,-0.2082297633934893,-0.1992976695937569,-0.0185202907575182,0.000691682864954,0.0114518329986289,-0.1372109796877281,-1.071186626507657,-0.9896150457742195,0.0529214741640006,0.059350964589384,-0.0015345378025351,0.1819823069560869,0.0417548750536053,0.0244916436043718,-0.8632115529802983
2013-12-11,SYK,74.41,74.45,72.68,72.73,1087015,-1.430454680452587,-1.430408803046351,-0.6012153516330465,-0.707794166041627,-0.0555073023264162,-0.2831511931740424,-1.0250841418792356,-0.7540408139343295,-0.2677538138282638,0.1939840143700553,-0.0015867934559223,-1.73228775081252,-0.2087350408446035,-1.7320953315237164,0.4369082020458835
2013-12-12,SYK,72.53,72.62,71.81,71.84,1422357,-0.7948502074093913,-0.7871290965325275,-0.8824401875693758,-1.2220309587629914,-0.1436397606000503,-0.4544031327421534,-0.8650199896525187,-0.7329561651712464,-0.5613995729357653,0.8074220279566917,-0.0017566639348284,-1.854276919091538,-1.4312788033795507,-0.7450637142452518,-0.6516510706092701
2013-12-13,SYK,72.04,72.15,71.22,71.56,2079488,-0.2756498640372535,-0.266573795803465,-0.9315737143998186,-1.3851453084550764,-0.2236232948462285,-0.5704294942305624,-0.7264885736921539,-0.7769917368827449,-0.7432654109582286,1.9004689386142228,-0.0021648908460892,-1.6172322892845474,-0.7955085182932269,-0.5297154525345797,-0.5082188252084207
2013-12-16,SYK,72.02,72.21,71.4,71.56,2012900,-0.0329960430517004,-0.0247793014886723,-0.8858550656543546,-1.6905265422372766,-0.2854168538630514,-0.6164299003143542,-0.6193896154060105,-0.7768041826756937,-0.6919258949170498,1.7732368192434411,-0.0012427088046935,-1.6172322892845474,-0.2761727295720105,-0.508874467736238,-0.6479743183536567
2013-12-17,SYK,71.8,71.86,71.24,71.65,2277960,0.0453050102584232,0.0530433812003714,-0.821581850809318,-1.6834098317456527,-0.3287531656856673,-0.605721588637908,-0.5372424794064571,-0.8001329228371827,-0.5390860111210234,2.0193617500544145,0.0002702055210185,-1.5473312756467354,-0.0334556067571959,-0.1841545421369074,-0.8701608457378985
2013-12-18,SYK,71.73,73.805,71.47,73.76,2722929,1.8004227862853532,1.7722519967516082,-0.0632789355306302,-0.4799946257329441,-0.2785424009274939,-0.3563663745547306,-0.5412248303143504,-0.4878044187520973,-0.2348646263152408,2.510312521646493,-7.23009952434169e-05,0.0914591551952411,0.0448658731832914,2.111842153672857,1.0469747193654668
2013-12-19,SYK,73.62,73.99,73.05,73.85,1544171,0.0429695666943805,0.0507236204117932,-0.0322592611419947,-0.3976189912490038,-0.2342043787718165,-0.171998541650009,-0.5407592528923758,-0.4929886416068845,-0.1555350474076787,0.4431651364189495,-0.0007758552960023,0.1613601688330422,1.8004415120427153,0.2097186377749508,-0.5305194619559651
2013-12-20,SYK,74.03,74.805,73.85,74.72,1872920,0.7004432612646623,0.7003744017674616,0.2674672771659164,-0.0342711903153388,-0.1646252208575634,0.0404659735999014,-0.5231308026644679,-0.45590551756341,-0.0525835221348107,0.85329768425533,-0.0007580004587743,0.8370699673318702,0.0425298203650894,0.6778673173167409,-0.5261402726141032
2013-12-23,SYK,75.0,75.08,74.58,75.01,1042560,0.2086371324647342,0.2150635021081434,0.3575865948373327,0.1759309038681482,-0.0986293065210251,0.2012143785149514,-0.4965157529679021,-0.4528090921598075,-0.0231422546618658,-0.4337596128486892,-0.0010130129195151,1.062306566831483,0.7001750320678382,-0.0162429794998629,-1.0357922407784832
2013-12-24,SYK,74.89,75.34,74.746,75.0,648649,-0.0412960080561843,-0.033034295553654,0.3493098600075962,0.4337972235000995,-0.0478650069365549,0.2906071882815558,-0.4853220109593386,-0.4637097978766342,-0.1163864643667552,-1.0092879429991826,-0.0013746947813704,1.168553091335979,0.2082406043296588,0.0846554930451444,-0.9312642931787084
2013-12-26,SYK,75.0,75.55,74.93,75.39,519533,0.290745751940913,0.2963527080703557,0.4778429946064472,0.5978939377977011,0.0059500341308799,0.3699739921546495,-0.4569051359587971,-0.456153443724661,-0.0555906462451598,-1.1993474822877497,-0.0011317166033282,1.3200452542735357,-0.0417577369984169,0.3665527319798474,-0.9059368082267564
2013-12-27,SYK,75.3,75.33,74.78,75.06,686432,-0.3055143130414992,-0.2963978474793611,0.3512829492330945,0.0283667391586307,0.0335288444727644,0.3659358290121753,-0.4382148696703322,-0.4536091013338097,-0.0689888225780775,-0.9314195102593976,-0.0013837176642885,1.066701164814871,0.2903706437273945,-0.2671190533580824,-0.9806461393778576
2013-12-30,SYK,75.19,75.29,74.9,75.02,759201,-0.0661737875220378,-0.0577838773728525,0.3261858899254741,-0.0228251787195537,0.051520983612279,0.3380293718541524,-0.4186480970648853,-0.4550317203917544,-0.0490688643728539,-0.8253763315739713,-0.0014070142422633,1.035992790335028,-0.3060449694045405,-0.1971345250171195,-1.158066965055279
2013-12-31,SYK,75.25,75.25,74.9,75.14,1006423,0.0665902605983886,0.0741816938337071,0.3529439527524111,0.1146775865330153,0.0680223007263274,0.3118668558981116,-0.3923009804067944,-0.457044597395273,0.0065624197476665,-0.4398887366845156,-0.0010111934343826,1.1281179137745465,-0.0666420064051324,-0.1367576985974766,-1.203124526873234
2014-01-02,SYK,75.12,75.12,74.4,74.63,1204442,-0.4555619084266722,-0.4464602700212752,0.1590209024167994,0.7409384011840652,0.0586560517074758,0.2243541732073926,-0.3823563632676265,-0.4476141680470993,-0.0284185882515124,-0.1345821487113556,-0.0014984426251427,0.7365861391566042,0.0661566762702828,-0.5191330408523478,-0.7872850583215569
2014-01-03,SYK,74.02,75.18,74.02,74.84,719536,0.1421907166254027,0.1492019785376585,0.2057709667291004,1.4662945567301815,0.0571430649044189,0.1745581888073857,-0.3743269370836786,-0.4755980292196429,0.14312684007329,-0.9004193629106162,-0.0010744262103975,0.8978051051757614,-0.4561317081554583,0.810652698423787,-0.2995628531025585
2014-01-06,SYK,75.48,75.6,74.92,75.35,2301772,0.3912636993891692,0.395722444924259,0.3472716473288498,1.815836246079405,0.0734723008743244,0.1806469755579849,-0.3563630001105074,-0.4687828876030687,0.2721559568640233,1.405882413986111,-0.0007351544554333,1.2531423630694558,0.1417768544147565,-0.1564401871935194,-0.8392099730802369
2014-01-07,SYK,74.87,75.915,74.87,75.78,1576204,0.3222920276103998,0.3275558071998667,0.476870043022835,1.8833162370205243,0.1004818274868276,0.2130088892154166,-0.3144188625177487,-0.5645704584717691,0.080846351321872,0.2767362858231316,-0.000948882518157,1.3472952575060375,0.3909148135937492,0.8919701393554665,-0.4420602689830024
2014-01-08,SYK,76.22,77.21,76.11,77.02,2146257,0.9857419682736784,0.9801715919361448,0.8717970807757941,2.0239059530632404,0.1670660802802504,0.340763084067364,-0.1992886596682904,-0.4865941114605274,0.3069176936218102,0.9826508219935204,-0.0008809201819276,1.3374372676997195,0.3219251489683266,0.7666699110763372,-0.4010493581741804
2014-01-09,SYK,77.23,77.35,76.65,76.99,2129195,-0.0572461225759479,-0.0489010794287105,0.8137627533771129,1.6881093895490875,0.2144853184762875,0.393636022293604,-0.1031278877336697,-0.4919349817529269,0.3437886854013984,0.847704959155793,-0.001560229110998,1.247657650483376,0.9855481658052954,-0.2611013292893183,-0.8335813155115611
2014-01-10,SYK,77.17,78.53,76.89,78.15,1879839,0.9050390718768836,0.9011530780531898,1.1230669192951408,1.8744546166271827,0.2926483302964274,0.5150683169408019,0.0200992946240575,-0.6624515852688938,0.9269971103642004,0.4427674484230253,-0.0009261575789166,1.2700758815734423,-0.0577120124723412,0.9331333578827482,0.157607758571238
2014-01-13,SYK,77.83,78.29,77.36,77.43,1482295,-0.6065825689503093,-0.5978639902932114,0.7681774969990756,1.144025049011405,0.3208621870615303,0.4836458874023815,-0.0014969083559257,-0.6961455029917771,0.9753099629753688,-0.0870161846937794,-0.0014667609481138,0.9426599161892304,0.9048242162021348,-0.4146078789310124,-0.5903294641327227
2014-01-14,SYK,77.75,78.4,77.48,78.16,1573644,0.5539646617650512,0.5562276677812238,0.9038367380355268,1.2544282659703576,0.366035908291371,0.5021623429463389,-0.0396891604875303,-0.7104038613571582,1.187067863325795,0.0685112526260655,-0.000983959952748,1.274161719428313,-0.6071917658912579,0.3720915766797108,-0.6103414207197752
2014-01-15,SYK,78.26,78.49,77.67,78.25,1166150,0.0386930994108379,0.0464756448107861,0.814378763956716,1.2819501271024127,0.3990819070648063,0.4857589585527933,-0.1269613753099969,-0.7139759701034945,1.2055389289581415,-0.4332732311655869,-0.0010673152899805,1.3152009976683454,0.5536582202571316,-0.0359704973356233,-0.7179755974707837
2014-01-16,SYK,78.23,78.87,78.09,78.68,951836,0.3091248019884156,0.3145337333110513,0.8371925818699238,1.2909606149675916,0.4354779617291937,0.4812592372313443,-0.2393182345935969,-0.7181733378409784,1.2735062060991804,-0.6669103693509619,-0.0011080586242911,1.357528145150445,0.0382522374667144,0.4082776370811272,-0.7651181258387315
2014-01-17,SYK,78.82,78.89,78.08,78.2,1632875,-0.4128112184370333,-0.4036682934636238,0.5924028232486567,1.1918629872556077,0.4386784428983946,0.3922146254466009,-0.248156536188371,-0.9669049205450332,0.7165832436362572,0.4145067266917226,-0.0014630126258122,1.0501244267073877,0.3087544883727458,-0.6206086949739922,-0.7280745894887873
2014-01-21,SYK,78.62,79.0,78.26,78.59,1285778,0.2774980058542575,0.2832443879029323,0.6427717343229387,1.303019978589004,0.4496837293688485,0.3410683705075107,-0.2561851839143806,-0.9666750769627208,0.775166851464298,-0.089324185388796,-0.0010542766748546,1.1782351734838743,-0.4133698656652425,-0.0551457743958615,-0.8065900159487409
2014-01-22,SYK,78.59,79.24,78.49,78.58,2041807,-0.0409179208349557,-0.0326582329611161,0.5712623478581702,1.271476476419943,0.4511156220965331,0.2755096158646408,-0.240000345786064,-1.0034854376004043,0.5912232796874795,1.0405499598160364,-0.0015229129125589,1.022579937113952,0.2771194416615276,-0.0359299603418742,-0.7958842901966273
2014-01-23,SYK,77.54,79.0,76.14,77.78,2333338,-0.6668269160328985,-0.6583645987564425,0.2488853227166118,1.0947137925863328,0.4142940394862472,0.1245988251492683,-0.2601995365386915,-0.9274243354525812,0.3748739657091129,1.3187490894539122,-0.001598881327576,0.5131268279273646,-0.0413795511444422,0.2075295729332853,1.4731509931930704
2014-01-24,SYK,77.66,78.145,76.11,76.13,1791263,-1.3537181036412442,-1.3523899296490474,-0.3348736988415161,0.24940171794318,0.3148503411827666,-0.1573180552016847,-0.2977641050371369,-0.7071729850115794,0.0538003963634569,0.4364054370466426,-0.001556393716144,-0.5376202097699793,-0.6674518290971602,-1.5147820581365865,0.6364266378645529
2014-01-27,SYK,76.13,76.78,75.79,76.32,1235939,0.1223832702903364,0.1295553241675657,-0.2857076928451288,0.153286142486145,0.2390661185194301,-0.3219524764734864,-0.323090281662053,-0.7138788578460942,0.0136941744688035,-0.3736399019126801,-0.0009986910706482,-0.4166250963381657,-1.3545222080675152,0.1622403804535484,-0.5102514326165994
2014-01-28,SYK,76.75,77.46,76.53,77.44,1243554,0.8806439202398153,0.8772472247579046,0.0560748461998304,0.3520528069830443,0.2188657939063321,-0.3105880167650329,-0.3678123713810683,-0.6545024695462747,0.2982036771676284,-0.3940893225331993,-0.0010170304345567,0.296609256523062,0.1219642408518226,0.652911224529431,-0.5904587247774888
2014-01-29,SYK,77.24,77.37,76.48,76.9,2155514,-0.4671300855262817,-0.4580447050530173,-0.1601872886348582,-0.2313856584934077,0.1778584692140948,-0.3550533090174738,-0.4274736571527361,-0.6294667278215497,0.200567746294595,0.6906745477029971,-0.0016044708794138,-0.0472715921778804,0.8804227005287718,-0.3588852581896441,-0.6267807946098826
2014-01-30,SYK,77.28,78.45,77.21,78.14,2097340,0.9709046916457864,0.9656515538345026,0.2106065957331228,0.1658118669613921,0.1902713810510698,-0.2531227736020526,-0.4731770230352301,-0.5540592853612156,0.418890478488105,0.5287558483157628,-0.0008379491883658,0.7423807270613294,-0.4677029030800856,0.8144512446682314,-0.2687917079633725
2014-01-31,SYK,76.96,77.85,76.94,77.6,1563572,-0.4632409912118308,-0.4541499031480821,-0.0237416923106424,-0.3704610342977069,0.1751415995929906,-0.2424727636743169,-0.5914044923495686,-0.5532965177636389,0.4169938002465436,-0.1467443474597253,-0.001506051093429,0.3984998783603777,0.9707070185325972,0.6019727228291458,-0.6140019671634072
2014-02-03,SYK,77.84,77.84,76.31,76.47,3528302,-0.939588599409862,-0.9330287108512824,-0.434657213459643,-0.4918341619886381,0.1156499954399608,-0.3481393236772216,-0.7014955847829157,-0.4658909517876112,0.1523931159591625,1.904573403955632,-0.0018992565612198,-0.6642111468267285,-0.4638127942059492,-1.3560434993366672,0.0761471947268331
2014-02-04,SYK,76.85,77.28,76.23,76.75,3908010,0.1949659093427254,0.2015183425357496,-0.3632271608657567,-0.6563069690365806,0.0769390024500469,-0.3791836362759113,-0.7882861642144224,-0.4745630643172653,0.1053985556046697,2.1432992192120275,-0.0002901611760681,-0.4512201101027229,-0.9402846686316492,-0.1246272667432971,-0.4511557924209638
2014-02-05,SYK,76.45,77.42,76.21,77.0,1793696,0.1697988673671217,0.1765756170817062,-0.2990550138179144,-0.5959538289868707,0.0537830519904457,-0.3639806746559103,-0.8558081329271192,-0.4803379430679292,0.0689652568373441,-0.1332570517713682,-0.0009172237312413,-0.7154304199436919,0.1945658147547158,0.5172214718825944,-0.281681825843511
2014-02-06,SYK,77.28,78.325,77.17,78.21,2302092,0.9453445462116652,0.9406299261783702,0.0902538070863791,-0.3298673947722811,0.0804288341100316,-0.2236295030187473,-0.8528156374196301,-0.4868834774290877,0.0594380584256005,0.3983461176267053,-0.000868819582992,0.450441945362224,0.1693922073774725,0.8828858326758968,-0.3605517165933187
2014-02-07,SYK,78.45,79.54,78.28,79.43,1344533,0.938168843129942,0.9336035872569206,0.4607533567956651,0.153873691644253,0.1461784833768849,-0.0106958848299785,-0.7866165891284203,-0.420558481457203,0.2979754574146899,-0.5876454318940102,-0.0010502655709335,1.3453694270945733,0.9451402051467594,0.917478853316989,-0.2692858454729678
2014-02-10,SYK,79.43,80.44,79.08,80.42,2735973,0.7429759715975772,0.7421672210128615,0.7554966718351059,0.2937238522555859,0.2328671411819574,0.2135476572414374,-0.6418492030211213,-0.4408810625979222,0.2591189224129485,0.8532681039161021,-0.0008765019641349,1.428581197193136,0.9379626301178752,0.9153461371583066,-0.1819286179574529
2014-02-11,SYK,80.34,81.28,80.17,81.14,1229397,0.5243999653911853,0.5270928799631734,0.9332406563169378,0.4459250876606138,0.3244681741827929,0.4055868600878147,-0.4666051733686407,-0.4653317262156371,0.5362179839438901,-0.7335667880613165,-0.0010973375777913,1.3581090955003632,0.7427188380363239,0.7260039386696225,-0.4512160146878367
2014-02-12,SYK,81.18,81.42,80.69,80.95,1340346,-0.1787814402014385,-0.1699351548748592,0.8207023724164207,0.6397678878441566,0.3834685564675958,0.4753047086295078,-0.3448396600954531,-0.476479118775538,0.3567742421521496,-0.6064368952554803,-0.0013933106800753,1.165371590097332,0.524085811252348,-0.2403706354432696,-0.8397633396086218
2014-02-13,SYK,80.52,82.93,80.45,82.75,2446517,1.3513704485782012,1.3369108778922074,1.345426321256478,1.518997002690508,0.4936799446339564,0.662895235024229,-0.0917255802430038,-0.3517622161234898,0.6771169523003197,0.4939112035384601,-0.0009520440321673,1.3590758562909715,-0.1792790353802555,2.0660888255468994,0.9063840245565872
2014-02-14,SYK,83.08,83.86,82.47,83.35,2560619,0.418421751499916,0.4225429299565984,1.4634396855059308,1.5619177474121675,0.5960693855574261,0.7928340985886169,0.1535084160963733,-0.3480770280892945,0.7042336025322959,0.5069447932799799,-0.0009673292546388,1.2328003650682655,1.3512720287068831,0.2192176570573744,-0.2014763371592805
2014-02-18,SYK,83.81,83.82,82.545,82.62,1805699,-0.5782673972683948,-0.5694487837546452,1.1423727186583654,1.1451343767239548,0.6394172017085031,0.7448130636548431,0.288726200506929,-0.3315876135347851,0.662632370888983,-0.2528213480794246,-0.0014193716496589,0.9320999285957758,0.4180799505069146,-1.0990599506989975,-0.3051995285818503
2014-02-19,SYK,82.2,82.6,81.57,81.64,1756987,-0.7714719175204354,-0.7635954611964354,0.7636066239393141,0.9865960631600666,0.6262865591008744,0.5610216551178527,0.3502743117450763,-0.2738479444297305,0.4024934794885346,-0.3210765694943006,-0.0014262919713599,0.5284198905916049,-0.5788692075456756,-0.5410245762787264,-0.5398652389346791
2014-02-20,SYK,81.59,82.845,81.18,82.65,1428144,0.7372222062570208,0.7365151967824111,1.0286463163451611,0.9516356396468504,0.6464812439925804,0.499767347588857,0.4501318511348839,-0.2464333129507282,0.5932033320337036,-0.6224167213028952,-0.0010829153982175,0.9444574807795776,-0.7721241296397472,0.9552362407877416,0.0875935907130974
2014-02-21,SYK,82.59,83.12,82.0,82.1,1602080,-0.4472963530845942,-0.4381844256311182,0.7723253600076984,0.9481304632067554,0.631860249145304,0.3611489412560513,0.4898542050007546,-0.2687993820594802,0.6482326661167855,-0.4199981608419541,-0.001412204604148,0.7179023574098861,0.736963571693765,-0.474559373576852,-0.4543962214638469
2014-02-24,SYK,82.15,83.06,82.1,82.61,1745537,0.3537469426276523,0.3586528907395711,0.8299302660446236,1.4496817241657292,0.6313701946618694,0.2866270134276338,0.4619553889587318,-0.4521361379225668,1.0826063404335386,-0.272525840453786,-0.0010460234138026,0.9279807445345069,-0.4478639965531948,0.3967366588084062,-0.6228306793647623
2014-02-25,SYK,82.32,82.68,81.46,81.59,1594607,-0.8017068316795848,-0.7940329788724292,0.4056646345023748,1.0215875415357965,0.5824290604648589,0.1022972260488513,0.3782495674748476,-0.3706436791400057,0.8466493076463334,-0.4401649973126654,-0.0014104963907001,0.4564876293177955,0.3533882697234973,-0.6962971529821771,-0.3451436289591303
2014-02-26,SYK,81.7,81.97,80.7401,81.13,1853372,-0.3840034857450016,-0.3748494096774701,0.1934711160766059,0.8259101600804778,0.5178734070014541,-0.0853581076479317,0.3246790781799676,-0.3909927339344298,0.5323341004249933,-0.2077365145765236,-0.0014502730066719,0.2566022035369363,-0.802366931271536,-0.5534220287183488,-0.327908112772544
2014-02-27,SYK,81.12,81.32,80.65,81.17,1552771,-0.0023005974712323,0.005740271719588,0.135992415255902,0.6170503074663047,0.4612733994360328,-0.2150046790173321,0.2273110712282047,-0.4182658957388043,0.6480180625538877,-0.4825240513112551,-0.0010547524337461,0.2739835449091875,-0.3845546178136765,0.0202513640618632,-0.903405015934625
2014-02-28,SYK,81.17,81.52,79.84,80.24,2490517,-0.7463134617245916,-0.738279819421822,-0.2018189600817858,0.0376555437054819,0.3738115428013611,-0.3981598043422454,0.1775711531411378,-0.4228203756629808,0.2272217191956876,0.4363489880053517,-0.0015250535536821,-0.1301326419955888,-0.0027521535638769,-0.8919462194419777,0.153599373761136
2014-03-03,SYK,79.45,80.31,79.43,79.9,1503770,-0.2968012866897368,-0.2876951228362269,-0.349850191210189,-0.3440654347253561,0.2861220997510662,-0.5452697081181773,0.0974753363772316,-0.4348110992581186,0.2678202653925824,-0.5442493517999915,-0.0014324961848344,-0.2778740436596949,-0.7469591106821662,0.4016041958063432,-0.673427076189502
2014-03-04,SYK,81.04,82.05,80.81,81.87,1747698,1.5020269090409095,1.4833087053614429,0.2025893148847471,0.0042592451657717,0.2891291360766373,-0.4295064545304408,-0.0799364904003721,-0.3720855231593138,0.8696273709231781,-0.2208144844546777,-0.0010059447636612,0.5781570189235342,-0.2973296700594899,0.7474739437553486,-0.3290463197310595
2014-03-05,SYK,81.8,81.89,80.97,81.08,1339201,-0.6337515044402122,-0.6251411759224664,-0.124022181537456,-0.1563371402391758,0.255776711504499,-0.4304844780968259,-0.291423946076704,-0.3226762081919178,0.6610932055237949,-0.5477874111956282,-0.0014098720044149,0.2348755268216271,1.501967791371793,-0.6913200388196139,-0.6456703406874993
2014-03-06,SYK,81.28,81.42,80.71,80.95,1024731,-0.1328177607973183,-0.1241332174693043,-0.2297490964522867,-0.716181728994638,0.2199963224089421,-0.4375164358367381,-0.5395252673959405,-0.3172931875578634,0.5859239671370633,-0.8743105319587577,-0.0013788170700865,-0.0030656833762691,-0.6343677890227591,-0.3330597730858349,-0.8603540398134181
2014-03-07,SYK,81.36,81.71,80.69,81.64,1380275,0.4976777787397627,0.500747467363748,-0.0624673666909011,-0.6853813416092386,0.2146252849361065,-0.3648688544370715,-0.7143252798716567,-0.3593371315829193,0.4766205422690736,-0.4262659147093653,-0.0010499210893019,0.1203549147157652,-0.1333033652933839,0.2336945091863527,-0.5500735754215693
2014-03-10,SYK,81.36,81.88,81.36,81.8,994656,0.0890187291160095,0.096447527041613,-0.0491998301147002,-0.4411891179117034,0.2125196658047841,-0.2983456587192035,-0.8031651095436502,-0.4178896711208735,0.2707343351727727,-0.8663381250175636,-0.0011128056498532,0.010281687939425,0.4973566535040352,0.3822722577811775,-1.0615287048950492
2014-03-11,SYK,81.73,81.88,81.27,81.63,1030850,-0.1623831625475222,-0.1535906933765992,-0.1233520777933664,-0.1923509323943434,0.200157064536747,-0.2715283975948118,-0.835161176862842,-0.4554908161330395,0.0534969985237833,-0.7592867709474026,-0.0013713190581773,-0.2304677102217385,0.0885909957696807,-0.1187572521398983,-0.968539087110215
2014-03-12,SYK,81.25,81.64,81.24,81.63,920419,-0.0329960430517004,-0.0247793014886723,-0.1312248196340811,-0.5762769803188007,0.1865134631594038,-0.2533718609247284,-0.8413572309157289,-0.4783789272249747,-0.0787856844431293,-0.8859008087514634,-0.0012427088046935,-0.2304677102217385,-0.1628764798585191,0.3270333366651352,-1.1829404151339151
2014-03-13,SYK,82.17,82.27,81.1,81.22,1970650,-0.3456971991758784,-0.3365490604428615,-0.2673039357563488,-0.5292589704388103,0.1560697872005333,-0.2820897343546926,-0.8487829960821369,-0.4713624798041546,-0.1184915467486716,0.3880601632777916,-0.0015005169458827,-0.5381233378405678,-0.0334556067571959,-0.8998007409780824,-0.3907722457375255
2014-03-14,SYK,81.14,81.64,80.13,80.27,1490287,-0.7612050509764662,-0.7532631987723881,-0.5333456244060366,-1.0444002943464623,0.0918007441412617,-0.392129945724416,-0.8356353170655733,-0.6098065456286504,-0.607629732860719,-0.1495077970695452,-0.0014576398427093,-1.25098393842079,-0.3462383381688119,-0.8363985460432748,-0.0235563972808758
2014-03-17,SYK,80.55,81.16,80.48,80.79,1204541,0.3703200090133442,0.3750311415337783,-0.3251326788946468,-0.500780578482595,0.058956241793458,-0.3992758879902542,-0.9063992324816024,-0.614526962127127,-0.6185575347992708,-0.4445682208603096,-0.0010544053090196,-0.8514880037184452,-0.7618545847475435,0.1987911889158992,-0.8898536139588061
2014-03-18,SYK,80.86,81.6,80.24,81.53,1414268,0.5372595300260022,0.5397671347650056,-0.0690160792024359,-0.0386643075305253,0.0596659717495583,-0.3186246254758752,-0.945192569605042,-0.5979981230302559,-0.3612355913854828,-0.1415767300210311,-0.0010356669242731,0.0105078458152219,0.3699656595746694,0.5996999722410625,-0.2011169996553591
2014-03-19,SYK,81.56,81.97,80.73,81.22,985860,-0.2697186190919244,-0.2606522834810876,-0.1622395823595989,-0.1708260048564284,0.0458040520905608,-0.291610790728292,-0.9466406119859988,-0.6419305076691688,-0.2430324469899776,-0.682988229093203,-0.0013770143936002,-0.2687594378181603,0.536948730600318,-0.3412700446574429,-0.3189443691612576
2014-03-20,SYK,81.07,81.33,80.52,81.3,912316,0.0283268207735381,0.0361772211729718,-0.1146489781791056,0.2412006315498957,0.035857350415227,-0.2599220192392461,-0.9977791453939248,-0.7046945707391434,-0.407366143297381,-0.7619405032209676,-0.001112101730757,-0.1966904613966445,-0.2702399373250427,0.1880279734689306,-0.7609906147476392
2014-03-21,SYK,81.91,82.3,80.73,80.86,2765700,-0.3699399114326859,-0.3607852626566115,-0.2367890260223438,0.1953229043617015,0.0088597706254512,-0.2784596687902767,-1.0149822329735392,-0.7098757058560118,-0.3892957244113126,1.6918760309990823,-0.0016208505197391,-0.5717767250449941,0.0278832545472495,-0.9948109278353487,0.0268451451362774
2014-03-24,SYK,81.21,81.25,79.18,79.31,2157197,-1.226416252336838,-1.2231772473075218,-0.6854764498378217,-1.2758510183319889,-0.0743760124928312,-0.4380459556796447,-0.977830592654882,-0.6111490506072592,-0.754156690791718,0.8303196616249287,-0.0015841790837182,-1.757833185287463,-0.3704873746945961,-1.7939362012042153,0.5838819822930783
2014-03-25,SYK,79.57,80.63,79.38,79.94,1154929,0.4615514745892587,0.4651127012341382,-0.4551169322676959,-0.6844051566448942,-0.1159069594927106,-0.4583674549550773,-0.953442086286276,-0.6218045142337268,-0.4644840180455335,-0.4826055062755764,-0.0010342412597192,-1.0715662568982385,-1.227187147147768,0.3249987753911518,-0.2881455902454377
2014-03-26,SYK,80.31,80.69,79.59,79.59,1166100,-0.3055793946216516,-0.2964628567140645,-0.5440049772927407,-0.7614364259632255,-0.1624188808311769,-0.4874455965773895,-0.904945602183992,-0.6255771836234426,-0.4462552839695486,-0.4303983713267951,-0.0014384867436869,-1.4444712370600516,0.4612209249763345,-0.7036579194953438,-0.4394839047880494
2014-03-27,SYK,79.33,79.98,78.75,79.87,1163718,0.1860295945862213,0.1926628285484415,-0.4323280294996467,-0.9803636059033264,-0.1877917305758217,-0.4562965034937268,-0.8816509158769142,-0.6192363289342513,-0.4026933396825967,-0.4119519593881173,-0.0010325020970494,-0.8325469199156329,-0.3061100679627198,0.4879651078704032,-0.3078725803556116
2014-03-28,SYK,80.22,81.15,80.11,80.54,828082,0.4892636930700861,0.4924496964470744,-0.2196378232650421,-0.7118751028507077,-0.1811396983687237,-0.348945734179032,-0.8885437759978089,-0.637842757407687,-0.1125671185126926,-0.8116213675696771,-0.0011036610797477,-0.2051661790462021,0.1856271687550083,0.2750617993242978,-0.5151568565811432
2014-03-31,SYK,80.78,81.67,80.43,81.47,1112315,0.6859010872397954,0.6860787268880925,0.0566126439881679,-0.2489690745612475,-0.1393568986599442,-0.172639127940594,-0.9053050054663264,-0.602644476397765,0.1211073149153432,-0.36432175721049,-0.0010648453202911,0.6656757448471773,0.4889403728266217,0.6190255110508763,-0.3228488110660157
2014-04-01,SYK,81.88,82.18,81.345,81.88,1082808,0.2803192309683875,0.286036153607631,0.1894175183729464,-0.0999220973266095,-0.0907578599376306,-0.0140489610679389,-0.9048160169461849,-0.8259287380231771,-0.1656830631221373,-0.3672239365352946,-0.001079991865161,1.0495953026926454,0.6856290643824656,-0.0263165508545973,-0.7414262745764286
2014-04-02,SYK,81.79,82.59,81.79,82.29,2052722,0.2787503586876492,0.2844836791263218,0.3024489304200536,0.1922248455821862,-0.0373722982129451,0.1251436002401383,-0.8612092309622511,-0.8616165682534028,0.0516982466017807,1.0503322987976955,-0.0009513239578837,1.183177069580194,0.2799414027571055,0.4355478895444125,-0.781107743685573
2014-04-03,SYK,82.56,84.23,82.34,84.13,2873837,1.3590903465142743,1.344420976230804,0.845315817975846,1.0526176621874443,0.0747922065239578,0.3877936367431593,-0.6673557443116553,-0.681187838602999,0.4094622407543614,2.0086884140183896,-0.0008735276439616,1.3822185051592588,0.2783721211999551,1.4104119217948388,0.2809478687449575
2014-04-04,SYK,84.36,84.85,82.49,82.6,1570728,-1.1652294600590076,-1.1611678464043331,0.3346661045244973,0.3353941534795911,0.1006133224855222,0.3756672696060718,-0.6350486956845303,-0.5606933613292634,0.0052213297776561,0.1563168240229283,-0.0014207986090791,0.2167462178903258,1.358993940555859,-1.602551044482237,0.7898435051712865
2014-04-07,SYK,82.35,82.4903,80.75,81.23,1505845,-1.0656051395777506,-1.0603368415144925,-0.0989583604250745,-0.2708359761895784,0.064717367875018,0.2071074986795214,-0.6415237807830296,-0.4666114324516145,-0.2698159866988606,0.0286903963053253,-0.0014251493386609,-0.5298322585516724,-1.165984392888123,-1.0538575269289838,0.1941998879101441
2014-04-08,SYK,81.21,81.65,80.42,81.26,1764717,-0.0100028001001066,-0.0019163867507209,-0.0832671537265617,-0.1777882119440494,0.035346640375577,0.089055504192884,-0.6451438640577312,-0.4676066793689278,-0.2340458988955966,0.3258148453604359,-0.0010138607371021,-0.5134838247609711,-1.0663340831119117,0.0201997557335612,-0.3298267685201727
2014-04-09,SYK,81.28,82.16,80.92,82.1,1426037,0.6105770740884098,0.6119786322026708,0.1807273659778248,0.0199738760432417,0.0429377574196784,0.0897530601747193,-0.6336115948989893,-0.4335456746924582,-0.0829163926429222,-0.1606805447466101,-0.0010718680808964,-0.0557276786213542,-0.0104563654894265,0.735893880144233,-0.3325825419331438
2014-04-10,SYK,82.14,82.21,79.43,79.64,1201565,-1.898462209269756,-1.9083769351163096,-0.589596516752857,-0.4592633728589518,-0.0489924637784337,-0.1658551064537231,-0.5946219584423699,-0.1806422174697814,-0.453179341229467,-0.4162560102502102,-0.0013783102114905,-1.3962992494588171,0.6102854012301014,-2.325798689899827,1.3178622937677764
2014-04-11,SYK,79.26,80.03,79.06,79.36,1894608,-0.2518841708719145,-0.242850510684968,-0.6657993107295908,-0.1767451991153711,-0.1330300549805135,-0.3500261460152785,-0.5564145490179642,-0.2117389395637902,-0.333974521180291,0.4884077771753246,-0.0014675065772905,-1.5488846315053586,-1.899408422722893,0.0690049040538882,-0.5726667233620464
2014-04-14,SYK,80.26,80.35,79.13,79.8,1572204,0.3121846084021152,0.3175600535716162,-0.5075191197016757,-0.2238305805078304,-0.1819131323879085,-0.4068758643284334,-0.5328398822202732,-0.2151286404971201,-0.3474458075313783,0.0321839842628946,-0.0010397228623232,-1.3091076025750814,-0.2524008365790944,-0.4593320152679642,-0.3171904625438163
2014-04-15,SYK,79.88,80.07,77.39,79.57,2291088,-0.2124365020075043,-0.2034932872089935,-0.5508126553410746,-0.1940192886068797,-0.2287642067627877,-0.447125298153412,-0.5073471081232568,-0.2420248139482144,-0.5205449867047443,0.89734182356773,-0.0015183487946902,-0.9098931670693642,0.3118150930073117,-0.3195195228093531,1.2156825416685826
2014-04-16,SYK,80.24,80.25,78.28,79.05,2154840,-0.4398601815368135,-0.4307399425791569,-0.6850713386680913,-0.3910025930786092,-0.2847724092499939,-0.5028951353380872,-0.4595614304932474,-0.2359183680254967,-0.5598656773021202,0.6233596725713313,-0.0015305445503463,-1.1416055530573113,-0.2129428768831239,-1.1467879409463122,0.4856083279065575
2014-04-17,SYK,78.76,79.45,78.493,78.78,1337167,-0.2456420914339417,-0.2366210766763064,-0.7328070179899011,-0.6375794785858419,-0.3375899464199422,-0.5392982874852814,-0.4079960042326134,-0.2363511560850845,-0.6227057908717627,-0.4101421755760632,-0.0014419910913984,-1.261917753474129,-0.440425885109064,-0.0071312321241618,-0.5789197064448935
2014-04-21,SYK,78.87,79.73,78.8,79.48,2066777,0.5201979941278473,0.5229508978123726,-0.4829095661386951,-0.7064982172028333,-0.3495658460216896,-0.4632951371755647,-0.3893319022313598,-0.2133066958684719,-0.4181254574461113,0.5360001042570199,-0.0009108617756283,-0.949997233874966,-0.2461571287511576,0.5580195585391732,-0.6161477654355634
2014-04-22,SYK,79.62,79.78,78.7,78.74,1729931,-0.6126506448250846,-0.6039552012587406,-0.7148173633517922,-0.982449575325826,-0.3854331060985614,-0.4639885675101833,-0.3645783793938423,-0.2901731768536854,-0.2730290014775179,0.1443527531452322,-0.0014908055027618,-1.2797417831655125,0.5198827438081777,-0.8613526088954712,-0.4482183877462259
2014-04-23,SYK,78.74,79.105,78.03,78.39,1904469,-0.30973357320794,-0.3006125587002191,-0.8042456403802656,-1.1795942466193825,-0.4244361428494187,-0.4726147469555275,-0.3074332997423492,-0.3072393685634004,-0.4522424207339838,0.3099371404873315,-0.0015426499799786,-1.435702042965091,-0.6132614247631664,-0.3621449075495948,-0.4484303709982493
2014-04-24,SYK,80.5,80.78,76.89,77.88,4159739,-0.4380425939418022,-0.4289204595628986,-0.9435394509711454,-1.982083304194424,-0.4716766469638369,-0.5007187897007773,-0.232558240391728,-0.3016368091252921,-0.483019099183437,2.6664727414899017,-0.0019772231987086,-1.4678681467988473,-0.3102653302620218,-2.485269061667416,2.571438581306446
2014-04-25,SYK,77.58,78.45,76.67,76.72,2050607,-0.960311444930882,-0.9539459774050982,-1.2730362719965933,-1.9389795455516552,-0.5501222905981829,-0.6035235158368009,-0.0823129434786869,-0.2567647110356057,-0.746701076203074,0.2216817792276504,-0.0017351223987791,-1.8609838271967825,-0.4386078233545314,-0.8638331174697585,0.3422883182510731
2014-04-28,SYK,77.13,77.3,75.78,76.83,2373696,0.0562686092533579,0.0639321968283839,-1.1788369547397932,-1.689477251353286,-0.6027103786233408,-0.6192103937354404,0.0358194233259731,-0.2848920976930399,-0.8439991587151461,0.4723602739421262,-0.000549763718744,-1.4964747131090774,-0.961012920183465,-0.3201780256133268,0.0574865389433948
2014-04-29,SYK,77.16,78.27,76.9,77.9,1612419,0.8340623992687323,0.8315743440097472,-0.7710045234741099,-1.2117116979407132,-0.597089555587974,-0.4819311610285701,0.0598430788193088,-0.2643385457481657,-0.8110387734575049,-0.3568775689550132,-0.0008660472181981,-1.1043165824515806,0.0558323322851425,0.6982599268378408,-0.1256374152079405
2014-04-30,SYK,77.9,78.0231,77.29,77.75,1116890,-0.1528767314315085,-0.1441174358805833,-0.7540804832821838,-1.6146729657522143,-0.5933942179466222,-0.3770639411207777,0.0607989476423386,-0.2799555647007596,-0.9082616286423536,-0.8764648509183767,-0.0014724360872972,-1.1592920213288016,0.8338290276967567,-0.1717949561700137,-0.8055080283923585
2014-05-01,SYK,77.74,77.94,77.12,77.43,1164304,-0.2892349112130497,-0.2801386855593977,-0.7814620967803632,-1.1395844920555458,-0.5978637762542376,-0.3141864668116432,0.035108894889792,-0.2968930810238343,-1.034856104642203,-0.7982583781839147,-0.0015038005822762,-1.276572957600199,-0.1533675687713393,-0.3275907134445744,-0.7087266551269544
2014-05-02,SYK,77.43,78.03,77.26,77.82,1057447,0.2805857033572516,0.2862998369689531,-0.5500644812412187,-0.8409265681983378,-0.5810553330302641,-0.2091152777146356,-0.2001582579961499,-0.4810009645012206,-1.2690118060153606,-0.8554430296733636,-0.0009809541918904,-1.1336368165194353,-0.2897613207197637,0.3542232426696475,-0.7666970467783217
2014-05-05,SYK,77.69,78.93,77.32,78.83,1700556,0.7750304009673702,0.7736454068934457,-0.15256377515699,-0.5685419563208526,-0.523645217448484,-0.0205503207302034,-0.365373923850063,-0.47165053997462,-0.8377952509736885,-0.1393364005884949,-0.0008580427961692,-0.3703787298125049,0.2802079446614199,1.0823079192565612,0.1108045199791762
2014-05-06,SYK,78.6,79.43,78.46,79.04,1701847,0.1328569047435809,0.1399447129100056,-0.046220605489567,-0.3969269284095172,-0.4662046277791918,0.1303800846339985,-0.4451936963225186,-0.538629160753361,-0.563433412167206,-0.1481889706501317,-0.0009046123357197,-0.1959479155664724,0.7747816295411404,0.3966196510615314,-0.5685426052497976
2014-05-07,SYK,78.77,79.48,78.41,79.42,1261666,0.2663214449222331,0.2721832960311983,0.1112177812736778,-0.0410711709776715,-0.4027805433533349,0.2665258214251979,-0.536422243632806,-0.5270473545552374,-0.5000298799829486,-0.6188337702565436,-0.0010192796810136,0.0005044925560988,0.1324406075934654,0.5971271504822817,-0.4684994295132635
2014-05-08,SYK,79.41,80.42,79.345,80.04,1562823,0.4530274176523896,0.4567016321633718,0.3528653054636519,0.2918992685719501,-0.326053605281461,0.4096837271394977,-0.718908013879438,-0.5448931266589762,-0.5359823334860896,-0.2853198932247259,-0.0009865686274185,0.3210321058087214,0.2659399650665683,0.5730742645477054,-0.4719907697743766
2014-05-09,SYK,79.93,80.63,79.41,80.62,1263513,0.4181491562133623,0.4222737806670442,0.5297135281758164,0.2529700331016334,-0.2413348699195483,0.5447808003597818,-0.6610932099738759,-0.8703174275662034,0.0132465375796163,-0.6246324589169164,-0.0010531218860217,1.3365049429947284,0.4526946443431945,0.6258882753774077,-0.3301498946490362
2014-05-12,SYK,80.79,81.39,80.57,81.1,1307709,0.3376794468926971,0.3427701303977495,0.6599566716459586,0.7583554121274132,-0.1552109239183407,0.6564754469313937,-0.5657139533296315,-0.8673413280239033,0.1545315704725176,-0.5506110004750479,-0.0010590374526865,1.2710404908990636,0.4178072841076118,0.2635838501819766,-0.7486666289614867
2014-05-13,SYK,81.41,81.44,80.335,80.35,1379137,-0.6087485476624738,-0.6000381582232995,0.4006857410964488,0.5571277376246548,-0.1168232728427702,0.6229587628120441,-0.5415637840763086,-0.8328201732306553,-0.0662538640601477,-0.4603880099617999,-0.0014243886513512,0.8027095161836403,0.337316582412792,-1.0100395857409556,-0.4451926054569894
2014-05-14,SYK,80.19,80.22,79.29,80.11,1688127,-0.2189565782061288,-0.209996688693219,0.3115955238815004,0.6905925988460659,-0.0964306809591265,0.5498264429345651,-0.5231413359772702,-0.8325140239543856,-0.0678070145626398,-0.0717441382409669,-0.0014806711184908,0.6617548220164701,-0.6093583096487782,-0.1016893256748677,-0.6238167326423989
2014-05-15,SYK,79.77,79.8,78.85,79.12,1254236,-0.802381352296395,-0.7947121900947591,-0.0192476098177693,0.7796910587116809,-0.1195495263609627,0.3793228964924088,-0.5225610994477324,-0.7838528326970349,-0.1544717825239537,-0.5395494688939472,-0.001436089985394,0.0803167085768847,-0.2194646539935603,-0.6419447363166118,-0.5906437135021505
2014-05-16,SYK,79.03,80.13,78.89,80.1,1420353,0.7381474952269357,0.7374241591200195,0.2847648606398626,0.9902935087719978,-0.0998480139485597,0.3531389232165504,-0.4980063664606742,-0.7315018038057985,0.0786038495281713,-0.3444593081560086,-0.0010073129770068,0.6558817097595016,-0.8030416278525603,0.9965913337677288,-0.3011532946135261
2014-05-19,SYK,79.57,80.36,79.46,80.1,949617,-0.0329960430517004,-0.0247793014886723,0.2742959141270549,0.7239804543084777,-0.0849512974453841,0.3198242826382256,-0.4807837014350431,-0.7590545018046729,-0.0529115156241583,-0.868926239657201,-0.0012427088046935,0.6558817097595016,0.7378891020465856,0.4769189164703896,-0.6549097501295695
2014-05-20,SYK,80.18,80.55,79.7,80.05,1498218,-0.0718587381194773,-0.0634409217848725,0.2355879061651355,0.779114462077187,-0.0759341419977873,0.2780386812328871,-0.463265577886725,-0.8000559759768108,0.0768636633049862,-0.1766955745968366,-0.0014715953984331,0.6265161484746755,-0.0334556067571959,-0.1488125856620535,-0.706380359081471
2014-05-21,SYK,80.1,80.42,79.94,80.37,701648,0.2158805590662938,0.222238935704894,0.3084898551686478,1.048500409712668,-0.0572306005390027,0.2695427909540053,-0.4432756810042541,-0.8094511188453422,0.2034806730236266,-1.1359306912474938,-0.0011258810945004,0.8144557406975773,-0.0723284400526661,0.2283523878885697,-1.0935808044138566
2014-05-22,SYK,80.38,80.63,79.91,80.59,853159,0.1374253610752993,0.1444758764284357,0.3357534460562083,1.0059651376917138,-0.0350418693129324,0.2717168971956926,-0.4378448765113228,-0.8369538823304183,0.3435727317804877,-0.8089888773995111,-0.0011063921476767,0.9436642103508186,0.215485920545617,0.1710693023887382,-0.8467474169147223
2014-05-23,SYK,80.44,80.58,80.12,80.27,632496,-0.2802050267909455,-0.2711218684627764,0.1702715944656364,0.5020231549867377,-0.0313852913206379,0.225754738789191,-0.5301776737852876,-0.9546471536280208,0.5121013973949048,-1.079468343752396,-0.001339036765811,0.7557246181279167,0.137010255712074,-0.1859859128297346,-1.1137258507862553
2014-05-27,SYK,80.43,80.48,79.96,80.36,732853,0.0368086582672498,0.0446036661196083,0.1410961248204515,0.4570651278763339,-0.0263379523531286,0.1925648068727778,-0.6408333609351501,-0.9543336921048674,0.5073052941989056,-0.8526078660740576,-0.0011270833932309,0.6521042895413675,-0.2807290806446571,-0.0920709330656313,-1.0520351126009595
2014-05-28,SYK,83.5,83.86,81.61,82.64,5572972,1.7334092020548055,1.7074785759439597,0.8121939771320577,1.0089173419650903,0.0649481165592251,0.3879898676511207,-0.5470266358490022,-0.7170586924852215,0.7261590543555972,5.772126091182574,-0.0003986042559591,0.8411723017952837,0.0363673047233194,-0.8044546974175218,0.6777580599296069
2014-05-29,SYK,83.22,83.9,83.0,83.89,1452891,0.90870950962525,0.90474909841142,1.1175539837312352,1.1377541968221545,0.1826854975978395,0.612415138337629,-0.3901772815810901,-0.6746375075573459,0.9923354495490012,-0.0299640876617294,-0.0010739701073839,1.437975829571287,1.7334104457776796,0.5819470403195802,-0.6972152646957478
2014-05-30,SYK,85.38,85.61,83.115,84.49,3349383,0.4122873339794885,0.4164857772037817,1.1926885935492777,1.141534041205358,0.2945154679458532,0.7767497814630313,-0.2694952157730321,-0.6974578798614653,1.1716298512619912,2.275552527549,-0.0008760072412166,0.9970005100449087,0.9084956114685928,-0.8138673682921517,0.8697418314275738
2014-06-02,SYK,84.73,85.09,84.2,84.83,1177705,0.2175393191156186,0.2238820082008752,1.183585632087143,1.114698491224959,0.3903268547995636,0.8669859378027682,-0.1601813440453892,-0.6975735924770526,1.1554825995491007,-0.5311191556217716,-0.0011288182408664,1.130108957355112,0.4119439326826101,0.0628511408254046,-0.7169473253492257
2014-06-03,SYK,84.72,85.76,84.3975,85.46,1687441,0.4293706152543767,0.4333524171859946,1.274803414120125,1.6228196609648602,0.4837792704011865,0.9331029114804672,-0.0003319526976809,-0.7238890046291885,1.067735828500972,0.1246908986857265,-0.0010859566643214,1.3071978731135958,0.2171451133206455,0.6336022524828372,-0.2626096390093914
2014-06-04,SYK,85.38,86.08,85.09,85.53,2347979,0.0179993071109594,0.0259156051679564,1.1872636679297683,1.7728681363820582,0.55253050971029,0.9224160878669272,0.1162745067571149,-0.7205025389183135,1.038440388015236,0.9129417415007168,-0.0010362576975141,1.204508498530127,0.4290316705242653,0.1064167329831976,-0.6266629536939207
2014-06-05,SYK,85.46,85.95,85.24,85.78,1083794,0.1489811506188815,0.1559358547978104,1.1603608232072349,2.462776634798936,0.6081487696586338,0.8800625661806871,0.2205266040732511,-0.7203865483647357,1.0086305161225018,-0.6716328060100709,-0.0011540119662643,1.3049459083156054,0.0175530467152409,0.256582714899568,-0.9015126363465974
2014-06-06,SYK,85.76,86.115,85.27,85.56,1318397,-0.1926692565010749,-0.1837807690053149,0.9974303984525104,2.233808721851988,0.634557479336566,0.7709948692668248,0.2960678037990196,-0.7120067511579645,0.845388534310608,-0.3616285963893257,-0.0013472638356095,1.188932330543807,0.1485690598490951,-0.2025100796803229,-0.7682403776624354
2014-06-09,SYK,85.4,85.57,84.98,85.5,1051776,-0.0766552558838039,-0.0682142965302668,0.8971847129414162,2.1857262548846466,0.6440054011033581,0.6400839356258989,0.3594712060344002,-0.7126031426368484,0.7215128995739237,-0.692868289606942,-0.0013293849503565,1.1614786633385,-0.1931704746361374,0.0621515816518027,-1.0162232320947455
2014-06-10,SYK,85.74,85.74,84.68,85.1,1003456,-0.324261715559675,-0.3151272328100012,0.7038672981464926,1.9215568619009613,0.626828862326125,0.4668242856026813,0.3981077872885978,-0.6952182667311197,0.5568904741263625,-0.7423610231652978,-0.0013280688485425,0.9784542153031226,-0.0771262090989522,-0.5902673614762546,-0.553235640636551
2014-06-11,SYK,85.28,85.28,84.45,84.76,979594,-0.2817355583221608,-0.2726500927131927,0.5238592556567742,1.6405327073781393,0.591322875494329,0.2810368818260589,0.3886413079437639,-0.7336294250322145,0.6385925384748277,-0.7568091927945578,-0.0013286833392855,0.8228834344730589,-0.3247972626137778,-0.4869981676867284,-0.7752206286139087
2014-06-12,SYK,84.82,84.82,83.51,83.78,1539082,-0.7528270570749105,-0.7448331177235537,0.1541440660660241,1.0113974840545334,0.5169602713042645,0.0323906946262955,0.3342165421907965,-0.6678100027451638,0.5053433814856015,-0.0116595020387522,-0.0013821053851056,0.374473536786389,-0.2822600114502184,-0.952676566969762,-0.2881903879719203
2014-06-13,SYK,84.02,84.03,83.28,83.44,977097,-0.2856545862543387,-0.2765633846539837,-0.0221052294504745,1.0008323946951585,0.4379024507846109,-0.1786116611395347,0.2065079036704876,-0.7376783493586708,0.6344175639275588,-0.7420466538640189,-0.0013358857788534,0.2121264182608904,-0.7534744052536186,-0.5478594619837631,-0.8422150247300867
2014-06-16,SYK,84.2,86.52,83.97,84.61,2338607,0.8399893820841725,0.8373875834212716,0.2750152709458956,1.21327494004303,0.4148167570829525,-0.2033422548613074,0.1328987197202063,-0.7238761615581399,0.6594436286606055,0.9808572489312024,-0.0010119493583181,0.5435605175590122,-0.2861800617509542,0.3415721892379496,0.9204263765394886
2014-06-17,SYK,84.21,84.43,83.66,83.8,1152613,-0.629013184924396,-0.6203831121397171,-0.0384513668276078,0.2691634326851152,0.3588108301823364,-0.3078628433836942,0.0288179092187693,-0.6689810148636731,0.5109279593740184,-0.5628982317537875,-0.0013477108970992,0.1171054703976385,0.8397575567019611,-0.3941616038862144,-0.8255427337094173
2014-06-18,SYK,83.52,84.47,83.52,84.43,935803,0.4350536422001436,0.4389623566183159,0.0901187595740374,0.04361993399347,0.3336772139207942,-0.3120145180715774,-0.0952923484347329,-0.6631174185104515,0.636109394950856,-0.8196425775912985,-0.0011541056505465,0.3918137880091073,-0.6296282334073349,0.796865016387124,-0.6535788286841802
2014-06-19,SYK,84.6,85.67,84.6,85.64,1298340,0.8592487203413965,0.8562735526651372,0.3851073741567494,0.2658234943195615,0.355583865717712,-0.194255017619523,-0.1975931465210967,-0.6152831676136963,0.795545520881309,-0.3774275433093458,-0.0011235833080254,1.000325083062874,0.4347161800182976,0.9024524392977588,-0.550049735308324
2014-06-20,SYK,86.24,86.93,86.01,86.08,2118813,0.2868724354557105,0.2925204433793195,0.4349896803301319,0.2988247396269196,0.384137287290175,-0.0829387462772113,-0.3041456158278136,-0.6141334838739338,0.833008927637781,0.5707722798235828,-0.0010563043087172,1.037490759821847,0.8590219192004565,-0.1664868387218858,-0.7005991020952791
2014-06-23,SYK,85.88,86.25,85.145,85.26,890649,-0.6260674969182677,-0.617425333944306,0.1013548258545361,-0.2651258816115458,0.3685499089413013,-0.1075033883339943,-0.5212684739770554,-0.5742923710226239,0.7455152278941931,-0.9536017888276946,-0.0013161328667049,0.6464105789462634,0.2864963167985161,-0.5717532858277077,-0.5111966477029177
2014-06-24,SYK,85.07,85.59,84.66,84.73,694398,-0.4200094124423452,-0.4108713688614404,-0.1309682004672396,-0.4764458045317848,0.3298399853898368,-0.1866721352851706,-0.8393172748302435,-0.546321512262998,0.6311818531137572,-1.1929251926383309,-0.0013015098271041,0.0682172141527572,-0.6266817769507513,-0.3282750198161467,-0.6765711655435942
2014-06-25,SYK,85.6,85.65,85.09,85.5,1034693,0.5327857210684994,0.5353580888980656,0.0628567154697515,-0.2836007441912296,0.3240345196430413,-0.1653116248944744,-0.941365338573798,-0.7897552983186841,0.3407942461057856,-0.5732668111344772,-0.0011531953402445,0.2333165133779292,-0.42056993748499,-0.1145779821168237,-1.045465638789094
2014-06-26,SYK,85.23,85.23,84.55,84.61,1083948,-0.6810621643819318,-0.6726690385247666,-0.2233271054790991,-0.4870837645700884,0.2794892176262077,-0.2479388882496197,-0.9666432821911912,-0.8174905485219857,-0.0414271743736761,-0.4829850944926274,-0.0013335533423707,-0.5786418682177525,0.5324737545468692,-0.5759130168817214,-0.9215238241176104
2014-06-27,SYK,84.47,84.85,83.81,83.97,1642215,-0.5039231674943201,-0.4949039121129204,-0.4131244891306808,-0.6411483050374767,0.2148266141310519,-0.3658222866273321,-0.947611411328838,-0.8137008461115006,-0.2578664129574802,0.4743118187045339,-0.001384998744209,-1.2528958644728108,-0.6816907910380785,-0.4735273071022004,-0.5591160437780637
2014-06-30,SYK,84.09,84.49,83.9,84.32,1586771,0.2265051255144739,0.2327622667206597,-0.2971238806543271,-0.4206645599964165,0.1736575498345568,-0.3996570398643876,-0.938938480072672,-0.8131541758093519,-0.2557728386006898,0.3520894157245832,-0.0010977929260038,-0.934138730745454,-0.5045055833696475,0.1803300252770156,-1.0081750966027254
2014-07-01,SYK,84.99,85.89,84.72,85.5,1178372,0.8382620718477692,0.8356934779623391,0.0670593183494541,0.0136427753713418,0.1836571883353579,-0.2950174823033235,-0.9377792684916172,-0.7531513096203427,-0.1606028333925623,-0.2301657203260811,-0.0011404315648333,0.1405281772496582,0.2261132586562772,0.4270474970550404,-0.4508700360037504
2014-07-02,SYK,85.22,85.6,84.89,85.4,653308,-0.1058124611786906,-0.0972387397087765,0.0381658757051231,0.2941243260887111,0.1838311797281402,-0.2365968827657776,-0.9414727103011936,-0.7528519163578874,-0.1897995433920968,-0.9690904442792506,-0.0012973974828493,0.0494547104704173,0.8380297958569616,0.1332624368112689,-0.8984432185587876
2014-07-03,SYK,85.53,85.72,85.11,85.63,443447,0.1346778284315842,0.1417508119417537,0.1116151498618974,0.4714626817443773,0.1891443857367704,-0.1766321531841511,-0.9476489086548718,-0.7533912695120127,-0.1931587220112063,-1.294919810494266,-0.0012048414775598,0.2589236840626743,-0.1062910207213379,0.0620171158827646,-0.9976309852755132
2014-07-07,SYK,85.69,85.91,85.0,85.56,789657,-0.0838901528835331,-0.075414981657397,0.0899710611913845,0.1338562747171829,0.1867513525960146,-0.1484960964294273,-0.9476489086548718,-0.7558097033970826,-0.1674769497128712,-0.6797573640100047,-0.001309232407266,0.195172257317208,0.1342620063112867,-0.1409359004970383,-0.7049262607838681
2014-07-08,SYK,85.47,85.47,83.85,83.93,1326385,-1.2190713249904883,-1.2157302923449966,-0.3900044323929644,-0.1486295228232616,0.1176528107810328,-0.297686082043439,-0.9371063323612696,-0.6209716450136545,-0.4371597888215782,0.221077297438463,-0.0013571925179744,-1.289325251184502,-0.0843629934879371,-1.3876099771693662,0.0173046232052832
2014-07-09,SYK,84.09,84.285,83.52,83.98,951837,0.00409322032169,0.0120955628569353,-0.3573555136800013,-0.337799812604651,0.0624435500135953,-0.3812873002168986,-0.9237533850595968,-0.6259871383258289,-0.3607664380858584,-0.41505209225532,-0.0011570184715327,-1.2437885177948815,-1.2198403037082166,-0.1251475220479814,-0.8321460309802301
2014-07-10,SYK,83.39,83.91,82.68,83.68,1088751,-0.2553991300911553,-0.2463586250219214,-0.433739672733802,-0.9108614437922822,0.0051278733057751,-0.4535901531250714,-0.8975934896921547,-0.626979704346942,-0.3546108982712433,-0.1892824274606208,-0.0013377892687789,-1.0991424234984328,0.0036433322034486,0.2364249972511322,-0.3663088795517843
2014-07-11,SYK,83.57,84.05,83.46,84.02,562736,0.2199644343564791,0.226284109693446,-0.3320658805593472,-0.9572953546633944,-0.0282843938627184,-0.4499054707853814,-0.9067101785912708,-0.6685858753746118,-0.1254051917228774,-1.0443246501577994,-0.0011918217783618,-0.8332079005030418,-0.2559167127562773,0.3805077081164656,-1.006092918072072
2014-07-14,SYK,84.4,84.49,83.23,83.45,1232774,-0.455360734484568,-0.4462588325215494,-0.5088304737056728,-0.8861154613680507,-0.077993643242522,-0.4889058765792626,-0.9073123078990828,-0.6571002428012827,-0.1657168167408728,0.1218934373057483,-0.0013521787336735,-1.2790393067012062,0.2195708612085843,-0.8767217155755306,-0.3329718007453092
2014-07-15,SYK,81.86,84.0,81.86,82.74,1787406,-0.562692946874246,-0.5538248675499526,-0.7004899186929511,-0.9378231539688084,-0.1453516950185544,-0.565533914764918,-0.8248896517944216,-0.7143182529586718,-0.4920703500118514,1.1735446058788814,-0.0014079476485962,-1.304324530230007,-0.4559304817325051,0.7858697543153672,0.5642168139254552
2014-07-16,SYK,83.24,83.24,82.14,82.29,1295441,-0.3716003079098061,-0.3624455604398948,-0.8172768304170233,-1.4483750762211187,-0.2156536882950717,-0.6344140000568699,-0.7339966405940221,-0.7359745866340962,-0.4321152524896486,0.2731447297667189,-0.0013700491344956,-1.59937022881957,-0.5632906941979922,-0.8885726284908984,-0.4772766861612252
2014-07-17,SYK,82.14,82.84,81.0,82.16,1411691,-0.1313499727493068,-0.1226711525402296,-0.8233438295720574,-1.2584285562073962,-0.2750107434718357,-0.6613459860345646,-0.6397328476698338,-0.766361678706074,-0.5623421327832616,0.429011804647495,-0.0013881497392781,-1.2310413040635575,-0.3721482043243197,-0.0079206937422392,0.2751218271765116
2014-07-18,SYK,82.14,82.84,81.0,82.16,1411691,-0.0329960430517004,-0.0247793014886723,-0.770591572674322,-1.0618227000195313,-0.3200583436892502,-0.6460592840831167,-0.589569964894722,-0.8774327543681475,-0.7642680791363282,0.4169201768569089,-0.0012427088046935,-1.2310413040635575,-0.1318351943391069,-0.0079206937422392,0.2751218271765116
2014-07-21,SYK,81.89,82.22,81.21,81.59,1460955,-0.4649225446849695,-0.4558338943853585,-0.8802485588517863,-1.459717358356029,-0.3755585354882689,-0.6607347133156649,-0.5459547455337632,-0.8937069129368375,-0.9335388379255636,0.5771881210758446,-0.0014015493742544,-1.5077280981846397,-0.0334556067571959,-0.3030968115474879,-0.5596500685543727
2014-07-22,SYK,81.94,82.38,81.63,81.89,1111990,0.1959218543569637,0.2024655690582963,-0.7351439063919032,-2.1406492278194422,-0.40476639287463,-0.6047990405359439,-0.5080392030411275,-0.9012504095155552,-0.747979786644697,-0.0683793664064903,-0.0011144693843012,-1.2787525676683813,-0.4654947863509803,-0.0724184456315474,-0.8280360193307911
2014-07-23,SYK,82.26,82.41,81.62,81.81,1429392,-0.0938171811624121,-0.0852964306974513,-0.7155239562946369,-2.1369853204099343,-0.4278267005369535,-0.5442268151501974,-0.4641120878318262,-0.9099124894709189,-0.6736108408205567,0.4161065167797241,-0.001400271760981,-1.332914384979052,0.1955220091491939,-0.4396195331328826,-0.786541123922201
2014-07-24,SYK,81.88,81.88,80.55,80.79,4129401,-0.8092238666496703,-0.801602708373096,-0.9638611538887522,-2.4816952426965653,-0.4823804616382413,-0.5768326418458106,-0.4044864785304929,-0.921826489178976,-0.9765254670389936,4.2358768521573245,-0.0017252938789667,-1.7324588358118789,-0.0942926114604242,-1.0320743161808257,-0.2193305492069237
2014-07-25,SYK,80.84,81.1,80.11,80.44,1730352,-0.3027115168046781,-0.2935982316280929,-1.0105751192126498,-2.5098548360973685,-0.5349191062510729,-0.5977304280504698,-0.3126950843690018,-0.9499601433980982,-0.8913028744437509,0.5248559424478786,-0.0014874920233604,-1.6921683184640877,-0.8098859272330547,-0.4001502230983931,-0.5656221257245685
2014-07-28,SYK,80.53,80.53,79.8,80.09,2007129,-0.3038850674736582,-0.2947704352419903,-1.061941049734564,-2.3564644291325165,-0.5852802249015823,-0.6088437426724513,-0.2067428117559413,-0.961350101874037,-0.8460980302316385,0.8963761705268086,-0.0015541122412602,-1.7235265747981603,-0.3032414419938682,-0.4391165691161974,-0.831693142587412
2014-07-29,SYK,80.14,80.63,79.94,80.22,1542360,0.0680595803072126,0.0756406041994553,-0.9581708042314816,-2.2792737582773066,-0.6146859648254537,-0.5637956102664528,-0.140687953308584,-0.9750501325372144,-0.8815999694613991,0.2190958234762324,-0.0009731698006919,-1.6527993080440673,-0.3044152988105271,0.0491032496549792,-0.8744803073997062
2014-07-30,SYK,80.41,80.79,80.09,80.41,1233637,0.1144612883460828,0.1216959053354083,-0.8195381470018839,-2.0453991453111104,-0.6250041368380136,-0.4786260331230759,-0.1603509139866913,-1.1162238350120457,-1.0417990204538423,-0.2375620331455584,-0.0010462060455247,-1.549428687403467,0.0676263792849413,-0.0263165508545973,-0.8658096407071338
2014-07-31,SYK,80.14,80.54,79.7,79.77,2001018,-0.5285207787697699,-0.5195579744880144,-0.9362126623530714,-2.469908848188303,-0.6525429962618586,-0.4548161243575139,-0.1699447651809212,-1.10521876923091,-1.1356885865777064,0.7498374500453086,-0.0015403698933219,-1.8438321399000184,0.1140401922764052,-0.3751331282114013,-0.7137217706415546
2014-08-01,SYK,80.0,80.76,79.74,80.58,1183479,0.5991841045457499,0.6007630587467956,-0.598978017751413,-1.664766725718639,-0.6368446708027667,-0.3244764277678871,-0.2713466190668237,-1.0236662932156502,-1.0336111908388708,-0.4329023164983679,-0.0010455102072819,-1.4102432437118653,-0.5291096114976441,0.5214338915588088,-0.5363763138062407
2014-08-04,SYK,80.0,80.76,79.74,80.58,1183479,-0.0329960430517004,-0.0247793014886723,-0.520572910587232,-1.4567687798450493,-0.618964734313102,-0.2145892412590856,-0.4109501264051607,-1.0213832082581291,-1.022304165717261,-0.4539972389705602,-0.0012427088046935,-1.3743218921907896,0.5988894595693441,0.5214338915588088,-0.5363763138062407
2014-08-05,SYK,80.27,80.75,79.75,79.99,1350081,-0.4888441706784281,-0.4797951613902078,-0.6478921649555502,-1.5023130401845537,-0.6225345270205012,-0.1818907257564516,-0.4335580050861624,-1.1665738932017953,-0.856920594443738,-0.2315634254268643,-0.0014527435854662,-1.6800475355923432,-0.0334556067571959,-0.2898583453597886,-0.5494329222253638
2014-08-06,SYK,79.39,80.2,79.39,79.82,1406556,-0.1653109120948085,-0.1565085182092813,-0.6369922405395844,-1.5148752482562158,-0.6265279857304868,-0.1568224223517547,-0.4755774936866047,-1.1725705165747105,-0.8949840465966113,-0.1838377608080761,-0.0014794458748899,-1.601028655622108,-0.4894226528506801,0.3828945288657901,-0.7455948084602728
2014-08-07,SYK,79.9,80.13,78.971,79.25,1840847,-0.4775848851237294,-0.4685160627193387,-0.7510405820037998,-1.6749617577032634,-0.6463707203138143,-0.1775635428867928,-0.4929199046071597,-1.1598654219055435,-0.9449795114510208,0.3320980481812282,-0.0015814352841818,-1.7132566448353217,-0.1658049931766012,-0.6409430884554229,-0.3724966961692835
2014-08-08,SYK,79.5,79.9495,78.91,79.81,1133618,0.4069345689256337,0.4111999476235196,-0.5030015845376442,-1.0995134518260714,-0.6344397900682435,-0.1123715730166546,-0.6007101147819215,-1.1288954703899483,-0.9033776099391656,-0.6070570548120512,-0.0010051183885479,-1.3451444727588795,-0.4781604300524263,0.2682878944252251,-0.5058355746612421
2014-08-11,SYK,80.13,80.13,79.48,79.55,739553,-0.2358163631823962,-0.2268165233262264,-0.5250399671389255,-1.3943403427090866,-0.6296547772020752,-0.0786114654409077,-0.6831999348778742,-1.140098196436855,-0.8538465497311797,-1.0919102399023275,-0.0013854856918075,-1.4633310398737345,0.4065897712368989,-0.5731783428560014,-0.910348932893978
2014-08-12,SYK,79.98,80.02,79.43,79.59,1442849,-0.0016909330586977,0.0063462906674358,-0.4615518281769737,-1.340580643051915,-0.6188508076237805,-0.0361106884173205,-0.7366933235632377,-1.161294631222724,-0.7266095455887766,-0.1656602355264592,-0.0009490470736296,-1.3592604190923516,-0.2363288372324457,-0.3947236052754947,-0.9735188103070144
2014-08-13,SYK,79.99,80.8,79.89,80.75,1629498,0.8743958843053883,0.8711230219057846,-0.0588936368010315,-0.2092415195557894,-0.5598782640813476,0.1218750133817729,-0.7958146930403815,-1.0205311594074529,-0.44232548851764,0.0547682551076301,-0.0009427935546962,-0.3249429814597376,-0.0021423301063605,0.6915151371308712,-0.6521265997237707
2014-08-14,SYK,80.89,81.38,80.55,80.92,1092957,0.0980735095768915,0.1054343803475376,0.0167916035990785,0.0617669086994574,-0.5023569230612158,0.2445282045105371,-0.852873110280701,-1.0161942420656354,-0.3891337340695179,-0.6219163338995873,-0.0010611647678845,-0.1811488691530638,0.8741730346504918,0.0017036439137817,-0.7364930390078219
2014-08-15,SYK,81.22,81.22,79.78,80.47,907225,-0.3792159747664866,-0.3700613450784288,-0.1023526573224564,0.0060671352116418,-0.4707505005795736,0.2759462032108287,-0.9262900071985104,-1.004928921137353,-0.4695736961344314,-0.8441261787264981,-0.0013841497989186,-0.3996675857038085,0.0976481383782693,-0.7239752416986326,-0.0999502538173028
2014-08-18,SYK,81.06,81.37,80.73,81.32,743324,0.6246320403805247,0.6258119548654668,0.1795175016582583,0.3127191899277081,-0.4092287030610801,0.3780822625342456,-0.9418134022082948,-0.9616672761758897,-0.2160781063491264,-1.037290429046961,-0.0011205974692133,0.4076336448179348,-0.3797658579028294,0.2160158466499859,-0.9354194478645214
2014-08-19,SYK,81.25,82.02,81.08,81.98,944148,0.4722954565678562,0.475712642406905,0.3934597550055826,0.4785212408362037,-0.332362392080726,0.4992876234939132,-0.9341716217349496,-0.9354947034215272,-0.1513359134856076,-0.758011015111632,-0.0010941434348559,1.034479306164244,0.6243440340833811,0.6524871804333219,-0.6357199993747211
2014-08-20,SYK,81.64,82.005,81.3,81.89,829674,-0.1013447058337465,-0.0927904447196271,0.3627535936451789,0.790066183106641,-0.2735303457265849,0.5498320255667015,-0.927858056124372,-0.9353626968246016,-0.1531153317998147,-0.8906427903990275,-0.0013666276735161,1.3039258261904716,0.4719677097696993,0.2050399691125451,-0.8738332919959757
2014-08-21,SYK,81.78,82.95,81.7,82.9,1307447,0.7348708255960487,0.7342052459566527,0.6569536311587929,0.849864095930915,-0.1867003130177904,0.662333882127247,-0.7872301667137248,-0.9540331220141406,0.2160930401831348,-0.0309098311304597,-0.0010383036078857,1.4017378915809766,-0.1018220998596718,1.008386302896036,-0.3346764441446137
2014-08-22,SYK,82.78,82.79,82.03,82.14,977010,-0.6037573035935548,-0.5950281577951066,0.3809869516495943,0.4372209377663116,-0.1477896780017833,0.6289916626284433,-0.7357675525756484,-0.9163814490071188,0.1429051261347031,-0.4952909592913789,-0.0013849755286154,0.7763968102799099,0.7346115776210752,-0.610432792733081,-0.8202129535729209
2014-08-25,SYK,83.5,83.74,83.22,83.51,1006242,1.0053958655561916,0.999400024538972,0.7695160325230243,1.0882696713786766,-0.0639939627425099,0.7178513108961806,-0.5965287179967513,-0.8280991919150216,0.4596675046849868,-0.3837624324289242,-0.0010882685628548,1.28458439326706,-0.6043657634990655,-0.0172684328713029,-1.072377103633438
2014-08-26,SYK,82.52,83.09,82.095,82.85,1771409,-0.525036574114597,-0.516065176803092,0.5113071269140823,0.847898221572518,-0.0249682916034325,0.6737017066440705,-0.5376742001536483,-0.7867567837353399,0.3140192511501961,0.8518090189459794,-0.0015002564472796,0.8303484067842272,1.0052071902588748,0.275817345206418,-0.5904288483990451
2014-08-27,SYK,82.74,82.83,82.14,82.33,592638,-0.4237525849860474,-0.4146174110105301,0.3109649556354774,0.8711651509596277,-0.0160166041883454,0.5609721068488901,-0.5135918277406769,-0.7622401139278171,0.1832030039647038,-1.0495490758823334,-0.0013376873215549,0.4724655083432158,-0.5256244979075644,-0.4006969220872837,-0.8928519820533382
2014-08-28,SYK,82.13,82.7,81.89,82.67,764701,0.2241123348119835,0.2303924315941991,0.3732651522601253,0.8214078943535813,0.0027309663747175,0.4960028616032764,-0.5021843721091459,-0.7971632306360446,0.3664454973623127,-0.6913070018315518,-0.0011158120032607,0.7064658650161888,-0.424314086521328,0.4704320670274713,-0.7747508251843224
2014-08-29,SYK,82.83,83.48,82.565,83.31,1136281,0.4489822320068504,0.4527096663467378,0.5350139814006467,1.0814785632792738,0.0406118666249556,0.493276326648665,-0.444714053556754,-0.8121056316100111,0.3300941620402867,-0.0297402919021493,-0.0010623955139222,1.1469371246358988,0.2237198437393075,0.4115061809699338,-0.6759849694974633
2014-09-02,SYK,83.61,83.61,82.76,83.12,1073133,-0.1749841252114603,-0.166149918088283,0.4317944412281983,0.9835930500776872,0.0607586555303131,0.4454478013691568,-0.4101387613890382,-0.8066171857089307,0.2954646707461106,-0.1324412568620982,-0.0014026122168668,1.016172219436299,0.4486484034179567,-0.4690910363064565,-0.7390653526048983
2014-09-03,SYK,83.5,83.74,83.22,83.51,1006242,0.2591193879450047,0.2650545990289447,0.4994468166076262,0.814970230570328,0.0893477419350045,0.4289153095779324,-0.3880334629691841,-0.8403177066944857,0.4788120152147279,-0.224023645508537,-0.0010836055209161,1.28458439326706,-0.1754807297733394,-0.0172684328713029,-1.072377103633438
2014-09-04,SYK,83.7,84.31,83.11,83.33,886973,-0.1671889151597669,-0.1583802274638233,0.3840001742201967,0.6865753235456452,0.1020482964504061,0.3747925085768845,-0.399658121524615,-0.8402014903947695,0.4783485177060095,-0.4015752735506153,-0.0013753495993947,0.8396013620644317,0.2587360292671593,-0.3602969631529756,-0.3911675200921726
2014-09-05,SYK,83.28,84.17,82.84,84.13,728274,0.564705024977377,0.5668084584406766,0.5604479516457728,1.0856962087766877,0.1402848259680585,0.397223427839855,-0.4286591292522549,-0.8608705070412968,0.736880925990618,-0.6230364664392714,-0.0011283339883015,1.332072700944799,-0.1676834861618456,0.7448051756871789,-0.2737993211302433
2014-09-08,SYK,84.07,84.35,83.91,84.27,967774,0.070607014713669,0.0781699099365379,0.5321105973633161,0.9325449665268216,0.1724137216016132,0.3994472187731313,-0.4409208774948774,-0.868163952055791,0.653247406280091,-0.1404206629340535,-0.001096736512608,1.3888270198767492,0.5644013853401864,0.1534188723890594,-1.1561752321410506
2014-09-09,SYK,84.28,84.42,83.67,83.75,753668,-0.4171681030880174,-0.4080280325942816,0.2980407428410337,0.4963101030388624,0.1737125847521987,0.3218702786357366,-0.5269119200569433,-0.8486406659386969,0.6079285559694664,-0.562628245244739,-0.0013507064622849,0.9965457601915878,0.0701744782482433,-0.5014286312419872,-0.8449878456307394
2014-09-10,SYK,84.04,84.16,83.69,83.91,961902,0.0859446853037894,0.0933962474817497,0.2791663007981312,0.585975611274071,0.1772989128350573,0.2656966218836635,-0.6397225107613387,-0.850454031553447,0.6296821647390802,-0.1079809060640428,-0.0010992910665519,1.0775053504481256,-0.4177278869097784,-0.1431862803984079,-1.1245117916482918
2014-09-11,SYK,83.59,84.29,83.43,84.24,819478,0.2118514408540449,0.2182477408755466,0.3275982309185961,0.3750355406239556,0.1892507571236219,0.2422903911863494,-0.6712449707571111,-0.9182253453725128,0.4672729923181881,-0.3253334802012059,-0.0011265299564378,1.313923433930026,0.0855161500224415,0.5611778905176348,-0.7405031609979027
2014-09-12,SYK,84.19,84.35,83.221,83.46,887969,-0.6094593532237251,-0.60075166786455,0.0399545148939199,0.3650342995124906,0.1644336594561269,0.1289227829967899,-0.7380071970815554,-0.8604630938631099,0.2935195378870375,-0.1616445386767163,-0.0013635395340871,0.7551170547909853,0.211455751245229,-0.681415768898824,-0.463935568541896
2014-09-15,SYK,83.38,83.74,83.04,83.4,566656,-0.0777537982627502,-0.069307590277754,-0.0255451419691228,-0.2457522273865028,0.1391049380876722,0.0369117858462768,-0.8741864256329623,-0.8819639453444983,0.3672762513401623,-0.8210098486851957,-0.0013233266935734,0.5239993028185413,-0.6100693006400059,-0.0081942708928538,-0.8918202837115408
2014-09-16,SYK,83.58,84.29,82.71,84.06,922199,0.459693462332727,0.4632794146370967,0.1392036679887169,0.4353790543976116,0.1416771543144467,0.0351195211920807,-0.9399184334190884,-0.9005492241116185,0.3273723577176859,-0.0723500754221223,-0.0011075827674136,1.0845837361811212,-0.07822503805794,0.4075774055587303,-0.0248409403302163
2014-09-17,SYK,84.08,84.515,83.67,83.94,1052508,-0.1218726133565999,-0.1132315778067613,0.0702433406482353,0.7043643006423153,0.13573220250195,0.0117626655554104,-0.9750423525740456,-0.917839258978706,0.1836530460903407,0.1934543413508035,-0.0013897682971392,0.8483517276114112,0.4593624280145789,-0.1521163834243624,-0.7523552775735305
2014-09-18,SYK,84.45,84.59,83.67,84.07,2065794,0.0634245535031544,0.0710382972543884,0.0765998340716868,0.619826815344191,0.1329087878511172,0.0011119639641359,-1.0280764788996817,-0.9205124378743516,0.2234948166808542,2.0796268690916992,-0.0009379195675554,0.8447561226184465,-0.1223553625592614,-0.3662772182433404,-0.6793030769028562
2014-09-19,SYK,84.44,84.62,82.76,82.84,2694809,-0.9438725284002306,-0.9373522521414316,-0.3093258266132477,-0.4323677612384689,0.0796494963477889,-0.1372296760929923,-1.02593687030699,-0.8744048372427051,-0.1781065392315747,2.9903459298412534,-0.0016009594789263,-0.7245363161762107,0.0629901433275544,-1.457899405624276,0.2799218523947782
2014-09-22,SYK,82.58,82.84,82.06,82.14,1042551,-0.5590779630058907,-0.5501989658577979,-0.5294993471954182,-0.654713968885866,0.008102640855408,-0.2949748630331381,-1.02593687030699,-0.880251209591054,-0.1674769497128712,-0.1023656305487944,-0.0014018494427501,-1.5768905565460831,-0.944569715183408,-0.428869051104133,-0.7999205603226378
2014-09-23,SYK,81.48,81.78,81.25,81.51,1525002,-0.5105047309516779,-0.501499618277484,-0.6968935543988034,-1.1040250767605253,-0.074233230049444,-0.4489417525282064,-0.9270885299537234,-1.0024650796672137,-0.5192084673356822,0.729935254745003,-0.0014896537138101,-1.624837740817838,-0.5596747672779647,0.0015007485417475,-1.0494191576428782
2014-09-24,SYK,81.68,82.3,81.32,82.13,866016,0.4405652776343201,0.4444026232663911,-0.4904719745088352,-0.7028997992604611,-0.1154498161062324,-0.4662749327780132,-0.8970881849693801,-0.9918182709786874,-0.2951090034630843,-0.4019211874488402,-0.0010887772451174,-1.0132672502497932,-0.5110888637791826,0.3899212469197741,-0.5968755603329418
2014-09-25,SYK,82.15,82.16,80.93,81.23,2105446,-0.7152343694698156,-0.7070208344145695,-0.7571074082521139,-1.4131439414732072,-0.1831195761861416,-0.5482314915321587,-0.821754992797111,-0.9531814278807824,-0.3637019523871635,1.6839187733875731,-0.0015972787927723,-1.6110441236689197,0.4402292532893224,-0.8724229701806178,-0.3293608702823821
2014-09-26,SYK,81.13,81.8397,80.96,81.5,1278476,0.173943143512574,0.1806836459901375,-0.6539212667565518,-1.33688895000418,-0.2252222461882477,-0.5479874888028285,-0.7664282531653642,-0.9567285916902551,-0.3753306201671882,0.1697597453879373,-0.0009958694748905,-1.3678113282463016,-0.715871910731482,0.3182435441703535,-0.6917539126453826
2014-09-29,SYK,80.82,81.57,80.73,81.52,1020588,-0.0177179970397877,-0.0095869120387312,-0.6199143874004127,-1.183014226579238,-0.2565407010789318,-0.5200339025686781,-0.7153013144860996,-0.994112454983422,-0.483032388889795,-0.2680312112880423,-0.0010617550894757,-1.2062119331726049,0.1735375646526589,0.6280542684021369,-0.732561364867207
2014-09-30,SYK,81.46,81.62,80.74,80.75,954570,-0.6210565051947976,-0.6123940998618924,-0.8266766606611323,-1.4785552505551929,-0.3097897144261838,-0.5541199135224376,-0.62196127817331,-0.9601543429227256,-0.5862344371823968,-0.3744024454051182,-0.0014015974714509,-1.864211877602092,-0.0181735751156477,-0.684820939068853,-0.6830891479883751
2014-10-01,SYK,81.03,81.61,80.18,81.33,2467392,0.4141824306222998,0.4183570678085903,-0.6094111218980464,-1.3367890937419242,-0.3270893329209139,-0.4888555987900548,-0.5845803417309771,-0.9420301911977804,-0.5508643039217366,2.0152709981184325,-0.00080706921175,-1.0203098194705895,-0.6216694779948576,0.2534012764703539,-0.1259675896589223
2014-10-02,SYK,81.1,82.08,80.92,81.74,1356455,0.2808585662488925,0.2865698427833337,-0.4547155987791229,-0.9027691942649444,-0.3226405371300024,-0.380664103023491,-0.5685493878480756,-0.9240033205527642,-0.4477075237457684,0.1456446604878552,-0.0010357079804805,-0.7133471099319834,0.4138395237049603,0.5698997562070658,-0.4086055641800238
2014-10-03,SYK,82.38,82.76,82.13,82.51,1434337,0.5534816774511805,0.5557518168133672,-0.1850227103521309,-0.5247536219387428,-0.2871965159559184,-0.2143297298448338,-0.5968988998224287,-0.9258308839884613,-0.450279876370561,0.2078684812965309,-0.0010390157527754,-0.136856167627759,0.280480878735621,0.0929081647421717,-0.9549799239929848
2014-10-06,SYK,83.14,84.09,83.08,83.7,1377620,0.864920144359615,0.8618339304714067,0.2017158713494839,-0.316174401004579,-0.2115314107728983,0.0222661465466071,-0.6207243210183491,-0.8238719085369457,-0.2668163732972304,0.0849187101818104,-0.0010604473873873,0.7540843795696652,0.553175109945696,0.482572067017226,-0.5856576166809817
2014-10-07,SYK,83.17,83.27,82.39,82.44,1511053,-0.9702138118475088,-0.9639437436659752,-0.1774728964934399,-0.6551952116465432,-0.2005388172758715,0.0450769158924193,-0.6395927992544006,-0.7480437102628266,-0.3972008884475105,0.2254155192545557,-0.0014303037037889,-0.1892644351099658,0.8646948227400498,-0.6894499302840003,-0.7017077400064793
2014-10-08,SYK,82.59,84.35,82.42,84.35,1859191,1.4094208858940116,1.3933613927879909,0.4221231411023963,-0.1157235727943398,-0.1170052296931221,0.2500448013804155,-0.6175599545525676,-0.544341256659779,-0.0904648916975001,0.6582205251432074,-0.0009951601021727,1.2407325776186726,-0.9709178703602164,1.5836984858620342,0.3155860972532466
2014-10-09,SYK,84.07,84.74,82.87,82.92,1339565,-1.0884672181906072,-1.083461320603749,-0.0109614704486703,-0.16842298844367,-0.1075393048814304,0.2233702208444277,-0.6606865489571137,-0.4560196369235487,-0.3976080675216236,-0.1328359970917707,-0.0014064635059522,0.1161220859329447,1.4093376098141928,-1.0597952345056014,0.2881672567704444
2014-10-10,SYK,82.6,83.62,81.9,81.9,1338160,-0.7988329732078704,-0.7911392191305259,-0.310535785322563,-0.2490199894910635,-0.1402595493225181,0.0934440829776557,-0.6677302340939314,-0.4364232328967816,-0.4419918939809157,-0.1647100066913847,-0.0014165491370865,-0.6274448369160331,-1.0892021258237097,-0.6665859166212823,0.158935902864372
2014-10-13,SYK,81.59,82.32,81.19,81.22,2010597,-0.5499125937114528,-0.5410068672292215,-0.4926797896286622,-0.261219398197786,-0.1924303301693657,-0.0605621731906873,-0.6562864786175288,-0.4198010471124828,-0.551369970695872,0.6448413099260263,-0.0015213597496494,-1.123156118815359,-0.7994923230877521,-0.3689340347297569,-0.4318167466382606
2014-10-14,SYK,81.65,82.35,80.48,80.64,2704622,-0.4775868057847115,-0.4685179865849269,-0.6240127558327799,-0.561353383537401,-0.255354883122422,-0.2114472024046931,-0.6600470572252445,-0.439310531239513,-0.7650025189815408,1.3716079022942929,-0.001659381225368,-1.5459686827883077,-0.5505070069861799,-0.9608824175058543,0.3413076316562055
2014-10-15,SYK,79.57,79.97,77.87,79.48,2981820,-0.9285729713546602,-0.9219126104129868,-0.9252988927442376,-0.6168929805125483,-0.3485538044946397,-0.4100809289252154,-0.5970632929148185,-0.3936704986074225,-0.947820181209158,1.5075878152397253,-0.0017832397553776,-1.1022733419770574,-0.478162351214457,-0.1117716302116602,0.6106867227670829
2014-10-16,SYK,78.59,79.99,78.346,79.2,2545907,-0.2523248112902784,-0.2432902821221466,-0.9394152793116204,-0.7509100472050804,-0.4301715871070095,-0.5391782583386323,-0.5565403507767744,-0.3993922668406202,-1.018238174338992,0.9460394894138316,-0.0018158472149499,-1.2377567234157625,-0.9292661668965542,0.5601014278689894,0.1386302989484743
2014-10-17,SYK,79.39,80.86,79.36,80.28,3047561,0.8159771955652796,0.813832835112143,-0.5522833567223305,-0.4674628508663488,-0.448872009483769,-0.4805079197210543,-0.5446462952106217,-0.3693360874189881,-0.6213345881357546,1.498933632587386,-0.0003780779501917,-0.7151779664379032,-0.2528415919486443,0.8206552187992431,-0.0341329576419589
2014-10-20,SYK,79.82,81.035,79.63,81.0,1528969,0.5253720062629055,0.528051004108499,-0.3025764698040342,-0.1326330469497041,-0.4320716615180898,-0.3421932770976574,-0.5430515498111795,-0.3551860418897944,-0.3713078049710656,-0.2911419464997928,-0.0009119638214554,-0.3667921284526638,0.8157391060520314,1.0905853094480231,-0.1457201068875929
2014-10-21,SYK,81.54,82.57,81.54,82.14,1603708,0.8432281884097764,0.8405640039382223,0.0540293837813529,-0.0138928917988617,-0.3713077806641912,-0.1183801861599664,-0.5386288283656332,-0.3122610492807748,-0.0539629490190382,-0.209543757883259,-0.0009327372553226,0.1848187816906331,0.5250581057032827,0.5296200581260452,-0.5462656446940627
2014-10-22,SYK,82.25,83.04,82.1,82.56,1552863,0.2853430822149558,0.2910072338472105,0.182122399513059,-0.0118611393011895,-0.3048051382928404,0.0754417599455362,-0.529019139305671,-0.3210843022171104,-0.0905840202974736,-0.3015882855375637,-0.0009727198521087,0.3880438538486907,0.8429972079446746,0.2584378977745319,-0.6424333019506671
2014-10-23,SYK,83.4775,83.93,83.1,83.53,1202618,0.6984755700008795,0.6984402572080013,0.4562383098738063,0.0281573383624847,-0.2131652567993498,0.2952021376024263,-0.4815857812863381,-0.3278328086795253,0.2483677368830059,-0.6599392442358545,-0.0010521531770309,0.8573969966899163,0.2849665645907998,0.0211988721147571,-0.7632033052544066
2014-10-24,SYK,83.29,84.43,83.29,84.22,669480,0.4812867999270998,0.4845820473974175,0.6328753327647505,-0.0741387702080827,-0.1137692836487552,0.4909744861351902,-0.4019627779202573,-0.3154847383739234,0.3226753777703919,-1.2600143228135632,-0.0011434448735952,1.191266758092437,0.6982068274865403,0.8172800417644036,-0.4632239285492914
2014-10-27,SYK,84.17,84.69,84.09,84.38,784778,0.0852809220370273,0.0927373798488148,0.6370028040048331,0.2780048791339345,-0.0300500988034892,0.6072405817333649,-0.3282038800060147,-0.3161488064519909,0.3477773636145804,-1.1186316739322602,-0.001130367731567,1.2686858332002664,0.4809613987276226,0.162181428041663,-0.9987129057664984
2014-10-28,SYK,85.01,86.25,84.91,86.19,1408306,1.3024750149291844,1.2893230819778023,1.1250463174205705,0.2575813813094603,0.1046294072064829,0.8314244476275364,-0.1626354176288067,-0.2544203321695796,0.8219327020490119,-0.4049233769270287,-0.0010489526910337,1.4190779297290963,0.0848522135977674,1.022396618059108,-0.2956196255237309
2014-10-29,SYK,88.02,88.23,87.67,88.02,2155895,1.2888766640186995,1.2760818963156442,1.5950648963307583,1.0093089433476332,0.2784784242479076,1.1115931874497702,0.1262040456827376,-0.1722495719299539,1.040601450357184,0.4880045934128397,-0.0009654550906311,1.3754966940014817,1.3023638395596016,-0.0263165508545973,-1.0610934825848537
2014-10-30,SYK,86.18,87.24,86.16,87.04,1375214,-0.7261666491481155,-0.718014593410965,1.1953604790180388,1.0225720122527506,0.3717055746735648,1.1282088825129863,0.2697527210083772,-0.1145885649309718,0.7847950400987824,-0.4298336845975881,-0.0014035015562885,1.061047089108276,1.2887619412065745,0.7276232871357043,-0.5572231640272713
2014-10-31,SYK,87.88,88.21,87.43,87.53,1287909,0.3174915301824831,0.3228085463097678,1.2668386431767409,1.3213124936135163,0.4578985132732033,1.1233954984146377,0.4223934248991146,-0.1233435562576497,0.726069027527087,-0.5258659098188497,-0.0010828628737324,1.2182718915548787,-0.7268070423463343,-0.3272169241609707,-0.8486542971573694
2014-11-03,SYK,87.36,87.8,86.74,86.85,1241251,-0.516664105419276,-0.507672864753615,1.0003279755560857,1.2854002246117855,0.4920767155768286,0.9856597553236928,0.5136534776706196,-0.1332168479910594,0.3852426558160705,-0.5750290789760002,-0.0013883741129494,1.000082369792242,0.3171233992202638,-0.467381230706247,-0.574152790305884
2014-11-04,SYK,86.88,87.72,86.78,87.65,1075853,0.5404804105909458,0.5429411953218923,1.16629658151758,1.808698332221868,0.5426956937134325,0.9177894348233936,0.6241614801000726,-0.2049562175173485,0.7606759249905969,-0.754363352790981,-0.0011094597622473,1.2567759248071098,-0.5172498450612512,0.6432837550105351,-0.6975371596714776
2014-11-05,SYK,88.02,88.23,87.67,88.02,2155895,0.2298159806159967,0.2360412090895635,1.2219307246391078,1.9516450913421008,0.5888886998049593,0.852100802570532,0.7410335744999101,-0.3247888491895132,0.4715228929938222,0.5179746181605097,-0.0009879247718314,1.3754966940014817,0.5401704514060242,-0.0263165508545973,-1.0610934825848537
2014-11-06,SYK,88.27,88.75,88.05,88.55,1022144,0.3418819377963629,0.3469246967988487,1.2950587096365895,1.9134074008308213,0.6373127892853774,0.8052926670040064,0.8619699456048489,-0.4419504563274218,0.8296922952009841,-0.8180027861947415,-0.0011320689089061,1.3817724739310746,0.2294249774704895,0.2133401824062126,-0.932502876697042
2014-11-07,SYK,88.33,88.5,87.14,87.47,2027243,-0.7923261446718552,-0.7845878309757599,0.8674313537007036,1.4062610098870347,0.6242925524792933,0.609689520429766,0.8888401071675933,-0.4430011257392455,0.8313518758934337,0.3390328372755591,-0.0014537309581253,1.051798571317298,0.3415201696328505,-0.7619050851917897,-0.2955245561973182
2014-11-10,SYK,87.38,88.5,87.0,88.44,819662,0.6574154851707906,0.6580664052951949,1.05201714945841,1.3867621469096578,0.6430401760329433,0.5349769288648357,0.908147102804066,-0.4738704902927063,1.1380744849389175,-1.046044756494694,-0.001150366207661,1.348164020887079,-0.7929837970958825,0.8901962927034072,-0.1778086481196358
2014-11-11,SYK,88.39,89.0,88.24,88.68,543288,0.135953855180547,0.1430164188010116,0.9964940027048144,1.3654933567147618,0.6580612934287785,0.465614892913046,0.8782191794862094,-0.518611862632163,1.2968070052407168,-1.3365295921833094,-0.0011834732805988,1.3473047996338947,0.6571360311891074,0.2215623686672579,-0.877081081341994
2014-11-12,SYK,88.37,88.82,88.24,88.58,616675,-0.1032013176328715,-0.0946389308027871,0.8202222576770449,1.1977155581888748,0.6567631773451071,0.3681198381046897,0.7296953826687019,-0.6404601877927933,1.514047969976337,-1.174655025254114,-0.0013085407137409,1.311833487904745,0.1355383659411704,0.1532226013882252,-1.0456285000892696
2014-11-13,SYK,88.79,89.24,88.37,88.84,887701,0.1497437373686002,0.156692044199832,0.7472019692667994,1.1326017871753182,0.6567006983599474,0.2933043028785564,0.5032135316830922,-0.6694290930222141,1.6201283199437202,-0.7156254542932029,-0.0011456415457303,1.3082965037134358,-0.1036791959986792,0.0162286598450679,-0.7751763577021662
2014-11-14,SYK,88.64,88.64,87.68,88.0,701059,-0.6216582616334919,-0.6129982655514007,0.3708441235564169,0.7824112504846064,0.6148091764970903,0.1257846384013366,0.2692235890663613,-0.615305090629801,1.2448319974917663,-0.8951290408476733,-0.0013167767875171,1.0139521022003082,0.1493318455371039,-0.5718168047208076,-0.6821508889500691
2014-11-17,SYK,87.84,88.65,87.67,88.53,605700,0.3419671373374695,0.3470089218556098,0.4151481484132318,0.5217918671225428,0.5939257813785914,0.0458434634127192,0.042989103603341,-0.621633083630506,1.1978282092143344,-1.0128158151593525,-0.0011769609432895,1.1363633117274117,-0.622271391415557,0.567157171375869,-0.6687660986273701
2014-11-18,SYK,88.58,90.3,88.4,90.16,1289617,1.1132888448132348,1.1048511148267164,0.7827499050266097,0.4747260640088012,0.6325375788620121,0.1350301249923167,-0.0799208666147494,-0.5849997023439901,1.266490996928113,0.1812347647913426,-0.0011059623297461,1.386124433260941,0.3416053914002165,1.3212993957873371,0.1649719353248254
2014-11-19,SYK,89.88,90.25,89.58,89.64,916973,-0.3920707934871561,-0.3829184880464797,0.5169931462602675,0.6584271735900448,0.6336720618977002,0.1099134920250794,-0.2581565447796325,-0.5483915787877729,1.0919800584006287,-0.4176708188198016,-0.0013353754553064,1.1381621112606592,1.1131283158806595,-0.2280569651682648,-0.96840582944793
2014-11-20,SYK,89.47,89.84,88.94,89.65,654560,-0.0260507019652858,-0.017872437418521,0.4263151235857667,0.5407267806123724,0.6260518287026217,0.0672856967823681,-0.4098000094772184,-0.56510583352699,0.9085637907665224,-0.8545342651811968,-0.0011742758841949,1.134645086096225,-0.3926240300985711,0.1256821227665619,-0.7546616196601137
2014-11-21,SYK,90.72,90.78,89.8999,90.11,1557588,0.2864540099248293,0.2921064383838199,0.4737831499257037,0.9627224652055318,0.6291675375999956,0.0608175907190591,-0.5325529713849365,-0.5721498892275033,0.8596398475208655,0.6780492055992737,-0.0010837848803546,1.1099637103264473,-0.0265084538188441,-0.5343256882872108,-0.777337768181767
2014-11-24,SYK,90.64,91.55,90.1,91.4,1794354,0.8582798239238463,0.8553235772506519,0.7499968891270817,1.0623148292385611,0.6729520111266015,0.1603238059269193,-0.6146706168110605,-0.5342971725606782,1.054371564375185,0.9606840262388348,-0.0010695433035068,1.3677842897506651,0.2860777821117132,0.6071714977106898,-0.2691767891577131
2014-11-25,SYK,91.45,92.09,91.335,91.9,1532678,0.3075840307917211,0.313009768131272,0.8106285539466607,1.0869089530278797,0.7173638732158156,0.2415436654531082,-0.5484632525940707,-0.6469126017994549,0.8054920461071091,0.5093109456621732,-0.0011034835816005,1.3363704061365511,0.858052770023995,0.3454527583002603,-0.9066411048684684
2014-11-26,SYK,91.9,92.41,91.73,92.37,834537,0.2854074131434211,0.2910708864495561,0.8828382733615686,1.0756470975537389,0.7605939469651024,0.3034776502311181,-0.4068500438712309,-0.7789903626340645,0.5583409371853463,-0.5737484946703005,-0.0011705225342355,1.4216039903532585,0.3072133152304532,0.3600745157985129,-0.9777937014178064
2014-11-28,SYK,92.64,93.86,92.63,92.91,680864,0.3309678007204337,0.3361344445385715,0.9520167038667516,1.7282890816989058,0.8051289670869299,0.3563837475522962,-0.2998309638834138,-0.8608362284831397,0.8229877294307233,-0.8070786434406622,-0.0011853080477642,0.9993432942476086,0.2850309123014671,0.1938797141856294,-0.4880060984929065
2014-12-01,SYK,92.79,93.57,92.37,92.96,818126,0.0005084438165412,0.0085324671593716,0.8838383505955116,1.6010312646746812,0.8311143641753341,0.3509622150458303,-0.2112055942333884,-0.8604413438659221,0.7436159771075186,-0.5255992023209549,-0.0011751337146107,1.0226872657184112,0.3306031853532839,0.1121014195870338,-0.5154952514866533
2014-12-02,SYK,93.21,94.93,93.2,94.66,1558382,1.1055437993276418,1.0972873396099292,1.2616628648610009,1.7907305821479191,0.9064672208922468,0.4736959802826144,-0.0708475847064828,-0.8240179307977398,1.1532133408828569,0.8069616736105321,-0.0011170501327379,1.3327524926702472,5.762052691319015e-05,1.1489874774973154,-0.068191779964166
2014-12-03,SYK,94.62,94.64,93.95,94.51,1108488,-0.1316512894576395,-0.122971291554712,1.1130754039682444,1.7632102990660916,0.9476613680962817,0.4839590622149368,0.0355107633483235,-0.8215440599030172,0.981978038259924,-0.019148211112076,-0.0013282189873088,1.2668186959853387,1.105381249921847,-0.1141488946260163,-0.9828677256262034
2014-12-04,SYK,94.12,95.01,93.92,94.38,617485,-0.1186329584555265,-0.1100051688919477,0.978950080955628,1.6617008629364831,0.9624016872972432,0.4240778298733549,0.106392574107781,-0.8106175397753264,0.8937188573383141,-0.83185665790074,-0.0012918566986634,1.1814262717198771,-0.1321365896528321,0.1823900379864728,-0.6288155648520803
2014-12-05,SYK,94.28,95.0,94.07,94.62,642928,0.1253206448022937,0.1324692475215107,0.9569444631507176,2.1839072858742856,0.9706437313539208,0.3594463956440086,0.1768486316248529,-0.8131637576848503,0.8392690195285383,-0.7582133661006467,-0.0011906132419832,1.2810272166619785,-0.1191148625197081,0.2461442781076435,-0.772184191488775
2014-12-08,SYK,93.73,94.47,93.17,94.41,918523,-0.1711717762444941,-0.1623499279138247,0.7926224377345433,2.0040319731807616,0.95619239778655,0.2493288849139962,0.1581073788977474,-0.9113162064851456,0.9977757501531708,-0.1003006146089513,-0.0013157641084422,1.1938763898376397,0.124902381645469,0.5218026629416159,-0.4437429543594662
2014-12-09,SYK,93.73,94.47,93.17,94.41,918913,-0.0329960430517004,-0.0247793014886723,0.7040601599472495,1.8081757637379368,0.9322965379610142,0.136924828325355,0.1560271220068089,-0.9324583016714476,0.8239149614641125,-0.1095291049321998,-0.0012427088046935,1.1711472913665206,-0.1716673862674765,0.5218026629416159,-0.4437429543594662
2014-12-10,SYK,94.29,94.57,92.37,92.64,1656764,-1.2002106005401367,-1.196611677512894,0.139232127675816,0.9864377562181852,0.8324078120712232,-0.148602746007,0.0960485046055521,-0.7283370012280673,0.48835002471911,1.252739516867095,-0.0013780430446389,0.3695394819287549,-0.0334556067571959,-1.3484126958835083,0.3878415819062706
2014-12-11,SYK,93.17,93.96,92.95,93.41,1469457,0.4844768506648918,0.4877285301335373,0.2893595949400775,1.1489914538864638,0.7729429675501569,-0.2729744307113505,0.0290291196489602,-0.7197612831349535,0.633336260645951,0.7621729611421973,-0.0011165214957056,0.7182615233225841,-1.2009746590041714,0.1683000471760179,-0.6901969548965144
2014-12-12,SYK,92.63,93.36,91.91,92.0,1233616,-0.9727651563478698,-0.9665199293779696,-0.1580056464164737,0.4143361923154998,0.6610093666019153,-0.5075254542889263,-0.0554512033436706,-0.6055493962361864,0.354917202447819,0.2738717836181146,-0.001344036450386,0.0796925903806353,0.4841522816635079,-0.5401633029985659,-0.2777994876876661
2014-12-15,SYK,92.55,92.86,90.96,91.4,1422254,-0.4390267223902527,-0.4299056076451381,-0.3768752001905262,-0.1889912872378273,0.5407581401709246,-0.7165756979588601,-0.2049942568914641,-0.626741047495031,0.3999579180411947,0.5416456243198411,-0.0013639578230477,-0.1920388704457235,-0.9734698804374609,-0.965101563653516,0.1411447270952239
2014-12-16,SYK,91.11,92.62,90.76,90.78,1355117,-0.4553153346175513,-0.4462133732668843,-0.5845858831371341,-0.5700510861448315,0.4145824972789274,-0.8990652388788883,-0.3219971681445012,-0.6079499257991292,0.2057833735251966,0.3392356688260211,-0.0013635120604863,-0.6843962710116167,-0.4395922085355187,-0.2999647684262689,0.1162548414798165
2014-12-17,SYK,90.96,93.02,90.57,92.83,1563675,1.37291910204728,1.35787163801076,-0.0404320285137457,-0.0566330793236674,0.3890851625405421,-0.7859126395658528,-0.3773421023970078,-0.5512211180041826,0.2674508144172207,0.6736488665419372,-0.0010969696721397,0.2490211324853656,-0.455885070021889,1.526913860865712,0.6082355636872186
2014-12-18,SYK,93.97,95.85,93.61,95.83,1727169,1.979005599690251,1.9445348867725445,0.7197354816923275,0.4884507365895886,0.4797191887164773,-0.3964704362786605,-0.3771004513998028,-0.2897452563501005,0.8466879489766372,0.8567553423507724,-0.0010897632110957,1.4332573873956596,1.3728263036377513,1.4691215719343167,0.3567458549437251
2014-12-19,SYK,96.13,96.605,94.51,94.79,2610373,-0.7086545946380605,-0.7004049980909982,0.3518505145188194,0.2048675957527833,0.5031216389335001,-0.2579695928014339,-0.4648170361622245,-0.2362876327047224,0.6745628107363217,2.0106576785438928,-0.0014617909688708,0.5430577964341179,1.9790709128811723,-1.0794674102640331,0.2506330579784779
2014-12-22,SYK,94.81,95.47,94.64,94.99,1111139,0.0983638841527983,0.1057225550066976,0.3382481197524979,-0.1092279644530193,0.5218279282075597,-0.1592567554442361,-0.5452788479508434,-0.2377055029282757,0.6278882888788648,-0.2880831185720757,-0.0011414611168557,0.6175823366710339,-0.7092904194141538,0.117121075227926,-0.8631113164383888
2014-12-23,SYK,95.46,98.24,94.07,96.61,3601688,1.0287790990442776,1.0222692853479454,0.7180915846393401,0.2639705344863631,0.5918898413113483,0.0519020061119386,-0.4854617285911709,-0.2178866476289997,0.6696885097023783,3.272482484762856,-0.0009260722222143,0.7364360004287076,0.0979385887050616,0.883850565576798,2.0059370734071638
2014-12-24,SYK,96.58,96.92,95.99,96.0,631746,-0.4260961659596092,-0.4169629040048083,0.4882848280015981,0.1485746434316349,0.6146263084062266,0.0990141320192885,-0.4669189980612149,-0.1984428368979995,0.4877445195493237,-1.079934887926617,-0.0012925601206438,0.4720617190936465,1.028596523801136,-0.4800340430172864,-0.783959324756704
2014-12-26,SYK,96.14,96.37,95.52,95.64,583049,-0.2664636836713713,-0.2574029297571863,0.3410455558257825,0.0217616565425609,0.6097521128984443,0.0656344625128538,-0.4616839867660927,-0.1918285476273633,0.3524431209266571,-1.145732809224434,-0.0012895589723004,0.3160375530598399,-0.4266582788718797,-0.4192424150134806,-0.8506324477206986
2014-12-29,SYK,95.35,95.565,94.79,95.45,749443,-0.1566788862630115,-0.1479061488001582,0.252024412278665,0.0261958724780171,0.5899153909247483,0.0004174413585801,-0.4560230365416088,-0.1931542800031841,0.2340281173045088,-0.892326648498061,-0.0013039634040094,0.2336914654308874,-0.2669841527797348,0.0529197209445389,-0.9146432707227116
2014-12-30,SYK,95.43,96.08,95.112,95.56,679597,0.0387523500844331,0.0465345027217238,0.2459417521565748,0.04713206625364,0.570254091305819,-0.0513046414434972,-0.4530090874743909,-0.1933553093180456,0.2432914318241923,-0.99414923951727,-0.0011859093158372,0.2813655161634392,-0.1571707154823643,0.0766042504747619,-0.747100879206024
2014-12-31,SYK,95.98,96.33,94.25,94.33,888059,-0.8343500209007122,-0.8269117160513073,-0.0919847924356313,0.1715757566307168,0.4988187326228689,-0.225947844445442,-0.4546601917714361,-0.2284806178371556,-0.2186766258279389,-0.6359586915688935,-0.0013154425881032,-0.2517170511187355,0.0383115035972103,-1.3251334451531598,0.2463628079323067
2015-01-02,SYK,94.7,95.45,93.13,93.99,1524254,-0.2573968990838942,-0.2483525922371556,-0.1794581921214093,-0.0612695304880078,0.4222610792518885,-0.3788471051956556,-0.4547512981263649,-0.2257151595990503,-0.2482832744355157,0.3341149077759939,-0.0013709080166326,-0.3990732079284433,-0.8350186362192331,-0.592755489227716,0.4658182782871244
2015-01-05,SYK,90.82,93.71,90.82,92.54,1825503,-0.993461564627801,-0.98742181101459,-0.5582281297076205,-0.0704323637488493,0.2993757659614656,-0.6204131129156304,-0.4263306266105343,-0.1650614099497213,-0.4538008648828897,0.6772548055567185,-0.0014036807273469,-1.0275038766757154,-0.2579150029129987,1.4045254495418955,1.0113893376050092
2015-01-06,SYK,92.72,93.45,91.57,92.41,1854966,-0.120456004958074,-0.1118207408141737,-0.5641877513308466,0.0408058471471673,0.1929516714090545,-0.7712950254335154,-0.4001275736771845,-0.168419740506284,-0.5105045806104879,0.6028470477183965,-0.0014163503020567,-1.083845936632372,-0.9941716878514256,-0.2789163502478878,0.10417242440072
2015-01-07,SYK,93.07,94.48,92.95,94.16,1145421,1.1460058574191632,1.1367922046955634,-0.0720870046368805,0.518314234896348,0.173782763907446,-0.6674072060435307,-0.4014804467914775,-0.0689934039521577,-0.2063672937398299,-0.4226776717255823,-0.0011283308024415,-0.3253951295235894,-0.1209383846058586,0.8585168629727651,-0.2371234468845812
2015-01-08,SYK,95.03,96.0,95.03,95.76,1368804,1.0249145346641702,1.01849024821808,0.3555062291461964,0.4443893283623801,0.2173585615357585,-0.4227931596530841,-0.3730425670958218,0.0002487021384002,0.0425309080327048,-0.1364984067766408,-0.0011114347119952,0.3680456084044443,1.1458538634716855,0.5540559964161954,-0.7471234657287694
2015-01-09,SYK,95.45,95.79,94.44,94.6,760893,-0.7871660879384147,-0.7793929302829562,0.0043453573865197,-0.4963774472703627,0.2022130379733646,-0.3782495924206542,-0.3934559854230255,-0.0541663344793764,0.1432488388875952,-0.9499541065739564,-0.0013123858592335,-0.1346989265933821,1.0247309512605407,-0.6991192474119592,-0.4019987410948808
2015-01-12,SYK,94.9,94.9,93.855,94.02,772490,-0.4147049410345237,-0.4055632190452213,-0.1658159243062336,-0.3892326621489125,0.1637995171589208,-0.4025061630118662,-0.3994847105925324,-0.0564749700929623,-0.0715686400438029,-0.9050264863764907,-0.0013152695577899,-0.3860711940922922,-0.7878223942429826,-0.7269021245238741,-0.6650188796675295
2015-01-13,SYK,94.66,95.49,93.33,94.22,1126163,0.0994396887044761,0.1067901974293355,-0.1409905509082226,-0.3892326621489087,0.1379414088644401,-0.3895940037950468,-0.4534858597739839,-0.1217823751903702,0.1869158756209979,-0.3769238213570451,-0.0011340872490395,-0.2993911018512872,-0.4152640822838204,-0.3774974664536535,0.3192710467761402
2015-01-14,SYK,93.28,93.375,91.6775,93.25,1986337,-0.6739459090421571,-0.6655177810386184,-0.4364062920519533,-1.1159513598599156,0.0766934955637728,-0.4703570252856381,-0.5382132148648678,-0.1028142012356651,0.1297890963366884,0.8370487139445321,-0.0014270804381372,-0.7197895492201549,0.0990146739050959,-0.0506149380202726,-0.0742074543333497
2015-01-15,SYK,93.56,93.56,91.44,91.5,1491201,-1.2013774438293117,-1.197794304227201,-0.9327074130596654,-1.310720526678082,-0.041931054999203,-0.6826539190745589,-0.5953343349951445,-0.0200019941987005,-0.0509940718410356,0.1083183039260226,-0.0013909715537297,-1.4782403563289377,-0.6745726792594533,-1.6898124618268984,0.3396337121766062
2015-01-16,SYK,91.08,92.55,90.79,92.45,1435498,0.6133988817969241,0.6147561886172894,-0.6634815654796699,-0.9463679253699124,-0.0991077047476042,-0.6943255952109506,-0.5785132739672959,-0.1218552465771559,-0.2275964026587867,0.037439801063409,-0.0010919293089611,-1.1406126708664486,-1.2021418066912513,1.1101123651515985,-0.0047375046672354
2015-01-20,SYK,93.05,93.22,90.7,91.67,1894362,-0.5582666677016874,-0.549385249486741,-0.8240532175410643,-1.0457163082035508,-0.1747991671235952,-0.7513197450981045,-0.52195898408848,-0.4297864765172746,-0.8050230834527894,0.6864757537221639,-0.0014314324715082,-1.453656088788173,0.6131079450720469,-1.1468051432398565,0.6997087731343543
2015-01-21,SYK,91.35,92.43,91.13,92.11,1156584,0.2658316704791639,0.2716985364274542,-0.664899637124472,-0.9515652083036632,-0.2166672534320001,-0.7098542772662663,-0.4792607108750674,-0.4424195090266478,-0.582710125249875,-0.2858609504259777,-0.0011190783762241,-1.2596720202902032,-0.5588632603287248,0.6022478358116055,-0.4150876925174596
2015-01-22,SYK,92.45,93.37,91.7501,93.37,1277401,0.8186501109837886,0.8164552740834681,-0.2908830638208101,-0.400709285005232,-0.1996545651792823,-0.5251238028903458,-0.484078351515664,-0.3769297719565153,-0.4179476331501951,-0.1142506264901458,-0.0011119871633381,-0.7041721877732852,0.2654500628545729,0.7255238206719854,-0.1454220268690178
2015-01-23,SYK,93.24,93.71,92.6,92.7,961450,-0.4797443039925542,-0.47067912230891,-0.4240239007196449,-0.4666295162312051,-0.2117948600087102,-0.4523786999856654,-0.5519228407004119,-0.4748764996120229,-0.7618709939806606,-0.4325569993477732,-0.001336672033914,-0.8124341236925356,0.8184127187619936,-0.4638751521700546,-0.5933912802811246
2015-01-26,SYK,92.42,92.68,91.78,92.55,1082771,-0.1337372040526386,-0.1250490932689377,-0.4182761346093248,-0.1866132333215553,-0.2264057508435482,-0.4005418892494867,-0.5993045513340411,-0.4813106634192441,-0.6952748230282327,-0.262513611605437,-0.0013522371424243,-0.7966932889059408,-0.4803204122553209,0.0799562480077783,-0.7808779416971617
2015-01-27,SYK,91.73,92.98,91.34,92.33,1510792,-0.1809892170083425,-0.1721360157447733,-0.4341109325614602,-0.2078785231497699,-0.2455092872720856,-0.370636433079561,-0.636880021469498,-0.4825137737098999,-0.6757630110439773,0.3513253794613955,-0.0014018130029436,-0.91888432947141,-0.1342230484066208,0.4678627917408632,-0.1109923808979373
2015-01-28,SYK,93.12,95.05,92.5,92.75,1944134,0.2502095862064305,0.2562344164069043,-0.2784663535360418,-0.5615864810666088,-0.2430144332945578,-0.2911181830463892,-0.6891683604152049,-0.4703275610433673,-0.5829162760567084,0.9004413767644807,-0.0010255172232041,-0.670899205896658,-0.1814873881365096,-0.3265115735068124,0.6999881315012797
2015-01-29,SYK,92.59,93.72,91.45,93.68,1300821,0.5912624461523801,0.5929635482649396,0.0096740268452741,-0.7737747136411833,-0.2037835568718997,-0.1329456936425788,-0.7645629266830458,-0.4315014715339327,-0.4564128339163043,-0.1187698731471268,-0.0011079332383944,-0.1217892894097051,0.2498239032019121,0.863103967828982,0.4281439734239474
2015-01-30,SYK,92.61,93.15,90.94,91.05,1303037,-1.780846583415299,-1.7879105363690615,-0.6856065150503297,-1.0642842787050977,-0.274727366554044,-0.2899954475384597,-0.7183301921250878,-0.2558560619972606,-0.6781509921188579,-0.1443606541968383,-0.0013714613839309,-1.661781362965673,0.5909657346292163,-1.2989737676814357,0.4315569218555862
2015-02-02,SYK,91.35,91.77,89.83,91.76,1248592,0.4524867315116227,0.4561680743734277,-0.4543117928055254,-0.7402233975949879,-0.3012320730572968,-0.3012497640747614,-0.7091679420292757,-0.2331923220210009,-0.5159289704161282,-0.2054593402149253,-0.0011133338818002,-0.8414858699718065,-1.7817621141277482,0.3127773945837555,0.1706777007052069
2015-02-03,SYK,92.15,92.79,91.4,92.74,1045803,0.6319219685939645,0.632985705516832,-0.1803989252482726,-0.528080325134355,-0.2821128444514555,-0.1928179937314838,-0.7110741268632393,-0.2613406357702149,-0.1357359738789837,-0.4590714157213957,-0.0011391727197848,-0.3134959337167646,0.4521538171520142,0.4574116449639214,-0.3421995265887779
2015-02-04,SYK,93.06,93.51,92.25,92.47,1557673,-0.2142519210397978,-0.2053039947952268,-0.2574753057870609,-0.3779879044882546,-0.2761001671160052,-0.1398086148026105,-0.7120128423054489,-0.259358812416321,-0.1579412612473308,0.3434036237784538,-0.0013913746018099,-0.4589625488074388,0.6316358640422344,-0.5053145440275781,-0.455717944456484
2015-02-05,SYK,93.09,93.925,92.9101,93.67,1259996,0.7749378273743268,0.7735545205372052,0.0883027235143361,0.3617156120654336,-0.2232311898905147,0.0232061976442765,-0.7259925941452734,-0.3148404982802737,-0.2439044057874967,-0.1212365982256182,-0.0011156471791885,0.1875557404844577,-0.2147587695092193,0.4444110825439685,-0.688338545538998
2015-02-06,SYK,93.6,93.99,92.42,92.71,1182323,-0.6710628306959391,-0.6626207570128662,-0.1397779773394192,-0.123064756378243,-0.2182933397983175,0.0302441514766015,-0.8643288630751513,-0.38490244108054,-0.6352503000777274,-0.2269849154731803,-0.0013567179504998,-0.2749868745391457,0.7746890317981464,-0.7447042516325716,-0.1799858671634567
2015-02-09,SYK,92.07,92.91,91.46,91.9,793946,-0.5769396346151543,-0.5681166502733261,-0.3310269305747828,-0.130821843072976,-0.2451285688902865,-0.0459088443162487,-0.9195761967209636,-0.4037572896824922,-0.5866490818430942,-0.8254562664546026,-0.0013225472755074,-0.6655685480577366,-0.6716888487959495,-0.1658169687679129,-0.2763701901801621
2015-02-10,SYK,92.5,93.18,92.14,93.06,662551,0.7528507850043473,0.7518662203453902,0.0112542162286823,0.0372890977379146,-0.2199043689069948,0.0271688333061503,-0.9563275320311256,-0.3555269281402816,-0.317435336626366,-1.0228939740527367,-0.0011741098616949,0.0157124737502641,-0.5775410985150139,0.431078040387169,-0.6599409888301625
2015-02-11,SYK,92.92,93.52,92.35,92.96,838762,-0.0998970074817299,-0.0913491207092164,0.0008492944776699,-0.2967546778647576,-0.2032033101733067,0.0636925565501874,-1.0154099525053526,-0.3575839202333676,-0.3638795435688368,-0.7369330116246271,-0.0013274574135267,0.1119325044429196,0.7525962275152519,0.0062068177034977,-0.5423909676265716
2015-02-12,SYK,93.45,93.7,92.89,93.37,967084,0.2415929777574423,0.2477032827075331,0.1154200896339358,-0.0087087395194472,-0.173527613679183,0.1263080293873812,-1.0109226835602445,-0.3819428718270723,-0.1485773685632649,-0.4752673926936884,-0.001141916646442,0.3730272229010536,-0.1003740238422489,-0.0909943765671439,-0.8683283326205955
2015-02-13,SYK,93.25,94.55,93.08,94.51,1175110,0.727142788996911,0.7266127653476769,0.3952147798708375,0.2946738092810702,-0.1056225799649842,0.2748020635582779,-0.9579493534992828,-0.4642554399840656,0.3156543513822639,-0.1132761296892165,-0.0011245276777571,1.0989979034919433,0.2412050469124629,0.9945440314745464,-0.2950477057175693
2015-02-17,SYK,94.85,95.2,93.92,95.07,1340528,0.3359014386878327,0.3410123143759917,0.515787589904241,0.468432175156374,-0.0311057701740473,0.4106158886973376,-0.8546528457712368,-0.4836147196701048,0.248734621277414,0.1670776198657172,-0.0011133980389141,1.3624050836886856,0.7268815249858771,0.1489221706562442,-0.4692422770035848
2015-02-18,SYK,95.11,95.31,94.45,95.25,1008244,0.0848796985044671,0.0923391121694383,0.51484612747041,0.4228045604081585,0.032957300990252,0.4923592055407091,-0.788259512547574,-0.518186098457126,0.4060787094521662,-0.31864935422537,-0.0011497808599348,1.4064826039727116,0.3355381103736005,0.0848941517262653,-0.8388499988383872
2015-02-19,SYK,95.1,95.3899,94.31,94.56,839061,-0.4839991493406141,-0.4749413623564479,0.2850201728784539,0.0307408946258583,0.0542508516315464,0.4476658494500316,-0.7676227557514381,-0.4947173515818959,0.223165177308452,-0.5886313034275067,-0.0013175378872726,0.9466938823348832,0.0844508853968223,-0.4553172236900678,-0.6395494288167548
2015-02-20,SYK,93.96,95.33,93.75,95.25,1115702,0.4212980122995987,0.4253827593791012,0.4524159985854337,1.0660712857342742,0.0954847010839074,0.4632371504526029,-0.7033646774789146,-0.5349236569837802,0.1282359462331489,-0.0951906201749978,-0.0011404512057739,1.3592346224264882,-0.4845763675776343,1.0109525302118867,-0.208871851470103
2015-02-23,SYK,95.25,95.8,95.05,95.6,875880,0.1957736485441178,0.2023187158739742,0.5091552734626297,1.0019781654664035,0.1386429650288918,0.4806476010306177,-0.6352281522736616,-0.5580542364319951,0.2919728194692981,-0.5084598537144747,-0.0011652844100081,1.3315158866169217,0.4209569616453693,0.2513015573466004,-0.9374991658160868
2015-02-24,SYK,95.39,95.7,94.66,94.88,1093826,-0.5018850283966428,-0.4928615358581984,0.2735128749013531,0.493402093372885,0.1411864964247577,0.3900343390785931,-0.6181948836141822,-0.533352950968765,0.2022654638769009,-0.1272326406658614,-0.0013367745518461,0.9306095705434556,0.1953737646734537,-0.430252083214804,-0.6778068920028194
2015-02-25,SYK,94.68,94.91,94.28,94.57,990426,-0.236410794575306,-0.2274096295720398,0.1547017478194453,0.477760704653599,0.1278323069573202,0.2766232696879782,-0.6241808021091256,-0.5308483468827782,0.188830544287807,-0.2683807043867571,-0.0013308706265264,0.7579971289007118,-0.5024669125765177,-0.114093234078644,-1.0361294250554451
2015-02-26,SYK,94.61,94.86,94.02,94.4,998217,-0.1449117285202172,-0.1361813434136212,0.0837143509648997,0.0717212492048466,0.1076218213387351,0.1682464259109328,-0.6273964612454929,-0.5320935243155607,0.0937932034435921,-0.1760221060315218,-0.0013344793888262,0.66333869316115,-0.2369234236964538,-0.1940142031503191,-0.849731506974718
2015-02-27,SYK,94.45,95.25,94.35,94.75,1340035,0.1978335451315857,0.2043597812022095,0.1666240697300136,0.5977461416387052,0.1025016219631157,0.1203870879052184,-0.6135457728157137,-0.558828568692378,0.0002707870999414,0.4591595522424969,-0.0011153003263189,0.8582237079190822,-0.1454004880058757,0.2136573564841088,-0.7996956841969052
2015-03-02,SYK,94.83,96.18,94.83,96.01,1081359,0.794920867219634,0.793170258398488,0.4485003181529379,1.3078863613779022,0.1446681375803144,0.2038148078695556,-0.6577699394476789,-0.854002038605455,0.6325811020275891,-0.0031747679347758,-0.0011444076767448,1.3538849157574169,0.1974341986323156,0.9137984601055964,-0.4194651349074466
2015-03-03,SYK,95.71,95.83,92.235,92.44,2993627,-2.3479756688190685,-2.3709575859410403,-0.5578707574435179,-0.3629697117524099,0.0354806653308163,-0.1190255754271841,-0.6935854229925711,-0.3284502883998789,-0.0586402706318823,3.180469418936816,-0.0015055356133721,-1.1580498984420418,0.7946772846789263,-2.6075968504548146,1.6498096856590332
2015-03-04,SYK,92.35,93.03,91.55,92.37,1587800,-0.0801408139831147,-0.0716832678297748,-0.5723375586675151,-0.3550257851685995,-0.0548697229078419,-0.328811552093828,-0.6784818777109716,-0.3616755227079967,-0.2260711196695873,0.6635493436531145,-0.0013966931279563,-1.2404118532426809,-2.3490391481951227,-0.0099544966779847,-0.2559934712224567
2015-03-05,SYK,92.35,93.13,92.34,92.99,1543540,0.3848883701681614,0.3894246751698974,-0.4063926435361766,-0.2938260573558051,-0.1025861559599597,-0.3869012667041232,-0.6972583607437016,-0.3511604230772853,-0.0848879397687041,0.5896404371478129,-0.0010842233742676,-0.8037608885786321,-0.0806126764862469,0.4972691827967385,-0.8832985322881232
2015-03-06,SYK,92.5,92.5,89.811,90.07,2129944,-1.9879747450180327,-2.0002164051916838,-1.1733020572203308,-1.2389154511261198,-0.2540873924457373,-0.7005133358151397,-0.5077470461968354,-0.1387246174568465,-0.7319221110881872,1.461520019420752,-0.0014495900425463,-1.746122534315779,0.3845378212215072,-2.011082366421546,0.8967805779160566
2015-03-09,SYK,90.37,91.15,90.36,91.02,1021798,0.6236613969799442,0.6248567176345831,-0.8846477956007368,-1.117625968106735,-0.3346043934163062,-0.7686907908541086,-0.4345965395964313,-0.1221588597783307,-0.4351963832798577,-0.3513498418901025,-0.0011354674592998,-1.2502876370681135,-1.988944309874547,0.517101180187838,-0.867974318174206
2015-03-10,SYK,90.12,90.86,89.84,90.3,1538862,-0.5254788709903558,-0.5165085535891523,-1.064619012426737,-1.2782163485673463,-0.423564304806739,-0.8449646609645591,-0.3476655358502605,-0.1254339498717714,-0.4231731328395829,0.4297657693279106,-0.0013982090888657,-1.626078296034763,0.6233731374681488,0.1245858163101168,-0.6499321334015832
2015-03-11,SYK,90.36,90.96,90.115,90.46,1107286,0.077317201685534,0.0848318497625602,-0.9845653766050306,-1.1283595678971314,-0.48388696658299,-0.8322719695252497,-0.2544958677616843,-0.1734345546894463,-0.5778039295934356,-0.2950105314992825,-0.0011241774357855,-1.5425692607088426,-0.5260669101666342,0.0572954291813319,-0.8128248265366878
2015-03-12,SYK,90.55,92.04,90.46,91.95,892088,0.9924790384526344,0.9867634916683288,-0.5525746768285217,-0.9007884356615564,-0.4693391117477609,-0.6294023954829894,-0.2342844826923193,-0.0934180471177097,-0.3270446671561127,-0.6378970494378797,-0.0011511251835246,-0.7648913692361865,0.0768864157266871,1.141794981168136,-0.1592569330304456
2015-03-13,SYK,91.83,92.4,90.71,91.29,1254442,-0.4798726580496535,-0.4708076951467433,-0.7093136669744137,-1.0980121847148374,-0.479948144371048,-0.5318601315012633,-0.1917798749732138,-0.089604035609873,-0.4946486643765546,-0.0885820056707499,-0.0013673783856782,-1.1093661399556145,0.9922869935039328,-0.4705936279171394,-0.0484818350464667
2015-03-16,SYK,91.84,93.04,91.84,92.78,1177059,0.9831555165154052,0.9776406866165716,-0.2663925910141297,-0.6087645901382648,-0.4264957518486065,-0.2889333147835637,-0.1997586529508014,-0.0575394393475881,-0.4363133761939751,-0.2093582253125078,-0.001120227723719,-0.3316882484829656,-0.4804487997965277,0.7469704488279122,-0.5134080650649173
2015-03-17,SYK,92.09,92.44,91.69,91.89,1036303,-0.630211535331662,-0.6215864214521936,-0.4726229366871118,-0.7044205032995129,-0.4160609054038724,-0.2053182844829178,-0.2122276295856435,-0.0527077564650821,-0.6587278960505443,-0.409598478766139,-0.0013459853735055,-0.7962072574834086,0.982961039311603,-0.1903990465880562,-0.9111014103149078
2015-03-18,SYK,91.57,93.83,91.3,93.11,1382206,0.7935879785857516,0.7918620625852918,-0.0986778214654557,-0.4211762203422486,-0.3573541289362484,-0.0141751433461855,-0.2533795219570524,-0.001983394428019,-0.497442471699734,0.1046577774397468,-0.0010996358387096,-0.1594508631232516,-0.6308268964318618,1.2442933557428075,0.6732274236087986
2015-03-19,SYK,93.02,93.76,92.8395,93.57,945515,0.2745831347954166,0.2803598218890936,0.0451415162839422,-0.3999598786620054,-0.2910659086776213,0.1582538753696047,-0.2722685964455132,-0.0044934404863598,-0.3212384135787476,-0.5802504307454839,-0.0011496361159093,0.0806376134387715,0.7933440483303928,0.4203990139514477,-0.7714536311636199
2015-03-20,SYK,94.04,94.4,93.44,93.65,2101931,0.0202330154060069,0.0281352047914932,0.0904830962259415,-0.6434700305934384,-0.2343779427734123,0.2714862008986494,-0.3175585665928569,-0.019407279675036,-0.4141801437217383,1.0918002835077891,-0.0010425168702528,0.1223921311017392,0.2742038101915408,-0.3396427547314941,-0.7370022236639466
2015-03-23,SYK,93.49,94.18,93.15,93.71,918810,0.0068916478176408,0.0148769228980837,0.1343874955829379,0.1283911706819434,-0.1866357030425988,0.3390459161487994,-0.3851072401555139,-0.0239239273504792,-0.4578281901905222,-0.6755552334641556,-0.0011610872543271,0.1537080193489541,0.0197873377244633,0.1514713701562414,-0.6752948195969386
2015-03-24,SYK,93.57,94.33,93.36,93.42,961115,-0.2256631103293392,-0.2166867819929857,0.0731753184003365,0.0686048195378784,-0.1600637908981869,0.3386016295805661,-0.4270214515061412,-0.0339633706597993,-0.3934714933129658,-0.6055006349396038,-0.0013256491879069,0.0023478928207241,0.0064424897335643,-0.1474319486751581,-0.72597779018423
2015-03-25,SYK,93.52,94.24,92.21,92.29,1190188,-0.7860637199238187,-0.7782831748854163,-0.2144754225622929,-0.3537266036582845,-0.1830631235336947,0.2106506696123724,-0.4635591296476205,-0.0041618688549995,-0.5215568154400161,-0.2756767674159618,-0.001348581309298,-0.5874346691685999,-0.2261729356698981,-1.0199937936623111,0.2418318503452084
2015-03-26,SYK,91.9,92.225,91.29,91.53,1049713,-0.5456854839328336,-0.5367678895466637,-0.3895813467993292,0.2262362080617981,-0.2302425860322766,0.0460506636218972,-0.489119321033641,0.0076683505122183,-0.6139853937556385,-0.4873618377604783,-0.0013397888771707,-0.9841025869667334,-0.78671973865034,-0.3304967522623696,-0.7399778549250053
2015-03-27,SYK,91.26,92.73,91.26,92.56,1229695,0.6676024342075157,0.6680855567324381,-0.0661337945480643,0.2456322334025139,-0.2261851684160626,0.0462535062218236,-0.5525865012154535,0.0397584695115103,-0.5069338726169932,-0.2130103189005287,-0.0011248612150791,-0.4465131720561081,-0.5462787944687684,1.049919704992552,-0.267738516292718
2015-03-30,SYK,93.12,93.86,92.81,93.55,1016592,0.6329012897442443,0.6339493561722662,0.2505973442140772,0.7051103567729109,-0.1835874197185358,0.1456179290480929,-0.7171704914666827,0.0231935252013988,-0.5437805828252306,-0.5267347171478068,-0.0011492523635526,0.1836772394218442,0.6673256377257474,0.3225587457412097,-0.6559107273043021
2015-03-31,SYK,92.87,93.58,92.25,92.25,1199545,-0.8981531648919097,-0.8912257092573637,-0.1165621303351307,0.2560780592643606,-0.2003770346240568,0.0722474157254783,-0.7176782539270375,-0.2842279560419785,-0.1976634967540294,-0.1265828361466835,-0.0013493918194178,-0.1145390524489493,0.6326154406709565,-0.530700170963263,-0.3897700480326087
2015-04-01,SYK,92.46,92.58,90.63,91.18,2006155,-0.755121789647675,-0.7471420028345788,-0.404272229146485,-0.3874807691050682,-0.2545552354546646,-0.0826865714736651,-0.7017349549398082,-0.2476725619128824,-0.35668333627588,1.1106978607723412,-0.001428261385805,-0.8896260528986001,-0.8988384247277552,-1.0722421944345313,0.1910261270871699
2015-04-02,SYK,90.22,91.87,90.19,91.12,1043153,-0.0739642625067855,-0.0655362417815944,-0.3950129976243777,-0.2352414715762141,-0.298112867906337,-0.1792966010545987,-0.6966854157426958,-0.2635945207237354,-0.462818896151161,-0.3711698967571772,-0.0013461046804615,-0.9330888753537226,-0.7557697364601443,0.7273589827790036,-0.0547496735039226
2015-04-06,SYK,90.45,92.18,90.36,91.76,1152611,0.4042860464905498,0.408584377652768,-0.2365819353751245,-0.4901272570082011,-0.3056181656388008,-0.1637865357791735,-0.7603691124010186,-0.559507916873715,0.1080894840164024,-0.1210358413318623,-0.0011240425821723,-0.4816474010632942,-0.0744345137144294,1.0679105200156729,0.0616879111512542
2015-04-07,SYK,91.94,92.39,91.46,91.48,1038870,-0.2229726178076086,-0.2140027974861331,-0.3228107265631477,-0.3179163255438946,-0.3205863643608395,-0.1705878622350301,-0.7744085884958982,-0.5895324862836832,-0.0932535616834624,-0.3120393883437797,-0.0013452791807329,-0.6857638112571321,0.4039405578738325,-0.4043220019511359,-0.744067677763715
2015-04-08,SYK,91.68,92.34,91.41,92.02,1093376,0.3345087694672292,0.3396354263318146,-0.1934976611131403,-0.5585638527691014,-0.3093271382113943,-0.108519983275544,-0.8382530607266254,-0.6059608495401387,0.1122668506364699,-0.1870284624701931,-0.0011306140541689,-0.4034577843562733,-0.2234817412713228,0.2538711340773288,-0.7490396225412943
2015-04-09,SYK,91.79,93.11,91.61,93.07,1380151,0.6774032111702865,0.6777233670508029,0.0677556750900973,-0.3477417614976917,-0.2578050320974359,0.0447702798107141,-0.8956447189400956,-0.5689111802670855,0.256267182974157,0.27350876902352,-0.0011067065753042,0.3927216394141331,0.334145077843205,1.027243586474095,-0.2481275006253224
2015-04-10,SYK,92.92,94.06,92.92,93.74,1102708,0.4151922574108254,0.4193541861444804,0.2322837700946989,-0.1621243376731219,-0.1901097917216653,0.2090318594553417,-0.8694218885834823,-0.6402928424307106,0.1184276031727111,-0.2084748463308529,-0.0011391224654769,0.9217481548741028,0.6771289714465671,0.6404125045864802,-0.5777909405020211
2015-04-13,SYK,93.36,93.97,92.95,93.1,1334885,-0.4580562521309642,-0.4489579359998784,0.0248716530420205,-0.3609826144512702,-0.1614830926659574,0.2398793703631096,-0.8941029363758327,-0.642394180223129,0.1237121687907549,0.170707643936033,-0.001363593452067,0.4164093938377146,0.4148496139300255,-0.2367221222098094,-0.6782446676476661
2015-04-14,SYK,92.9,93.28,91.9,92.54,1478116,-0.4074804791333652,-0.3983344791877692,-0.1304659922895761,-0.4308606665280796,-0.1606793091547036,0.1929416734386853,-0.8947454779513873,-0.7234389898610072,-0.2054675930023906,0.3784265822397808,-0.001382660115823,-0.0257620220691151,-0.4586267025666653,-0.3190898840921558,-0.3485058126995488
2015-04-15,SYK,92.58,92.97,92.1,92.29,752132,-0.20118827748702,-0.1922754348319989,-0.2069914158637077,-0.1889912872378273,-0.1696220548004967,0.1303041176316567,-0.9026694335992432,-0.7583315261690632,-0.1035459473476934,-0.7971017581411957,-0.0013177041812616,-0.223159975598954,-0.4080377357156415,-0.2629769277884461,-0.8056857196142432
2015-04-16,SYK,92.15,92.394,91.78,92.18,877039,-0.1072010937055482,-0.0986213888247888,-0.2250423561260047,0.0194054180364953,-0.1806520597201236,0.0748215035465511,-0.9049977797667282,-0.83443954608191,-0.3141689382431744,-0.559217375536957,-0.0013325874604247,-0.3100150751520829,-0.2016917180046097,-0.0017202019146713,-1.0362003618868
2015-04-17,SYK,91.54,92.79,91.17,92.5,2042376,0.1831307957370222,0.1897899681068645,-0.119125371973747,-0.2098385193293121,-0.1764616163528009,0.0696125841549135,-0.9267937877265496,-0.8405939367294037,-0.3354218891659463,1.2620292240551227,-0.0010264016244632,-0.0573456946338943,-0.1076800155049231,0.7660115434653806,-0.131732635377179
2015-04-20,SYK,93.0,93.54,92.7301,93.35,1345311,0.5391048420703654,0.5415856425219862,0.1263516751459078,-0.2596485726638017,-0.1397732940290229,0.1490944296370364,-0.9393543179274872,-0.8015191525008833,-0.2145240917897779,0.2016555014692155,-0.0011105295996779,0.6559951998514231,0.1827276136874687,0.2580181244805004,-0.8682627104954505
2015-04-21,SYK,94.0,94.81,93.73,94.71,1959478,0.8740305343244774,0.8707648942399948,0.4977804052098642,0.6738855762820745,-0.058199133083556,0.3282152819425201,-0.8719694029254461,-0.7165075344859244,-0.0107535528679203,1.0921522440432077,-0.0010589390441615,1.370926770862956,0.5387945240367626,0.5443405498255437,-0.6409688363168276
2015-04-22,SYK,95.0,97.3,95.0,96.45,2463636,1.110800654736567,1.1024212607674813,0.9465883275535734,1.522979428079309,0.0723970860302193,0.5976938976162626,-0.6491957831616436,-0.6097126657869196,0.3088690687047231,1.6776713443398197,-0.0010260058712889,1.0454730831596797,0.8738075893596368,1.1268422752788951,0.3960682841659009
2015-04-23,SYK,96.45,97.42,96.2,97.18,1620228,0.4382156456363472,0.4420834745168291,1.080900097970768,1.644195298153782,0.2006164199381544,0.8071587285525883,-0.423585278024168,-0.6744077172554876,0.6106921601005972,0.364786384221237,-0.0011105146846809,1.332532477091063,1.1106394767023922,0.5455113720810525,-0.5450607968955923
2015-04-24,SYK,96.77,97.16,96.47,96.9,1284524,-0.2123770936753073,-0.2034340339503772,0.9229758259180582,1.425565348543861,0.2862161282212477,0.8650284106237632,-0.300972914210845,-0.709119492018528,0.6941724648341454,-0.1507054672174642,-0.0013427477755918,1.2037951561389328,0.4378790083358108,0.0751790786882551,-0.997875055345334
2015-04-27,SYK,97.44,97.44,94.5,94.63,1841082,-1.491466064948231,-1.4925099409441869,0.2541527249715855,0.6272961118060306,0.2600237014033653,0.6235731249893854,-0.2885830940177757,-0.5044328169481187,0.1609711650555448,0.6105269460232161,-0.0013914543546621,0.1544718390600013,-0.2128834530528973,-2.2050985325963977,0.9979408782733656
2015-04-28,SYK,94.62,95.41,93.55,95.1,1619112,0.2762217274685604,0.2819813951416266,0.3641609198818514,0.6141006694852049,0.2531488783942437,0.4801320761405166,-0.2609187038422352,-0.5309939804513629,0.0758597873627838,0.2413306461745698,-0.0011044886428848,0.3699705042459278,-1.4923061040978556,0.35695185832977,0.0386865959425404
2015-04-29,SYK,94.95,94.95,93.18,94.32,1259970,-0.5436297890968211,-0.534706528084361,0.1155773358183301,0.1449172352307892,0.2128533590972593,0.2793549401408908,-0.2678174945702589,-0.5790257783155344,0.1620748931376956,-0.2693839368946507,-0.001345166954812,0.0123344215969418,0.2758428303292644,-0.5276080163743115,-0.0273573940123297
2015-04-30,SYK,93.6,93.99,91.775,92.24,1923519,-1.4059468275835378,-1.4054807283257555,-0.4830684656182942,-0.54426566050106,0.0962534684956775,-0.0776729068464493,-0.3044447820578725,-0.4531867411778624,0.0032594232794606,0.6731431127989089,-0.0014051213401509,-0.9413617988003524,-0.5442225633574853,-1.1240775318186915,0.4099770879533224
2015-05-01,SYK,92.81,93.45,92.48,93.4,1275719,0.7499541249703314,0.749021290762576,-0.1894798189995857,-0.1207873797780315,0.0472588363858418,-0.1892804128770809,-0.3654169226981121,-0.4108889678053902,0.2000091444686064,-0.2565398808905135,-0.0011282978891758,-0.4539705996810761,-1.4067645570734988,0.4539717073576382,-0.7257924912320033
2015-05-04,SYK,93.65,94.1499,93.46,93.63,1044971,0.1203160407242363,0.1275045165514723,-0.1511938545394591,0.0652910242797278,0.0156059965544311,-0.2339289429092023,-0.4047978016459816,-0.4211722126390327,0.1318239177598466,-0.5744062785548293,-0.0011527026676684,-0.5770784499850912,0.7496988118208546,-0.0424514756085768,-0.9772380412838372
2015-05-05,SYK,93.21,93.55,92.47,92.9,1028689,-0.5183999453689246,-0.5094127253006098,-0.3752607866012618,-0.0518967510531991,-0.0394501008317517,-0.3298873490028086,-0.4535774658675311,-0.4020917276958679,0.0604952881100803,-0.5967952039983391,-0.0013285292601086,-0.964104370612362,0.1198964720013522,-0.2775884465712031,-0.6224527689326695
2015-05-06,SYK,93.37,93.47,92.13,92.56,984850,-0.260851078030351,-0.2518003493457213,-0.477830995259569,-0.1050606017160918,-0.0970408818653223,-0.4131783059524658,-0.4720912454543532,-0.4052783809804914,-0.0812920253496471,-0.653224557273066,-0.0013274937161118,-1.144363018575753,-0.518986137844668,-0.6817406268959479,-0.3847902846619968
2015-05-07,SYK,92.37,93.28,92.37,92.61,801515,0.0006351353723384,0.0086583959771409,-0.4574968623779613,-0.1641936615110528,-0.1407874389704627,-0.4441762774434005,-0.4618183476037708,-0.446109091333589,-0.2400654613539646,-0.8888056957895656,-0.0011715326189162,-1.117854393875256,-0.2613700829614658,0.1699855866198253,-0.772403891017264
2015-05-08,SYK,93.77,94.8,93.49,94.56,1258527,1.2779117759983771,1.2654029421574244,0.0764630269694057,0.0626074883964946,-0.0992652923485376,-0.2494944791106096,-0.4566517337435992,-0.3260188535961543,-0.0390048929063928,-0.2400271265030429,-0.0011337435801572,-0.084018030555818,0.000184345133116,0.610197369128039,-0.4367498129743029
2015-05-11,SYK,94.59,94.88,94.2,94.36,741510,-0.164675479385412,-0.1558752278562293,0.0028380681803525,-0.2682567046699611,-0.0750607047246175,-0.1383241391901262,-0.4617215866168708,-0.3403867558813135,0.0312883821142931,-0.9583610490084532,-0.0013044844156858,-0.1900525293578129,1.2777941927430638,-0.2100242428612409,-0.9907327125387836
2015-05-12,SYK,93.98,94.14,93.04,93.08,1098264,-0.8775306763516207,-0.8704307961681473,-0.3623226835355648,-0.9801783520686288,-0.1067195449276716,-0.1931793688129545,-0.4753905905620259,-0.2941092436646734,-0.0817763149613736,-0.4134891373306736,-0.0013362888052086,-0.8686733216905718,-0.1651693946999701,-0.7498386475179669,-0.6064190304441537
2015-05-13,SYK,93.15,93.81,92.71,92.91,821373,-0.1467032451870477,-0.1379662687772402,-0.4183758779174339,-1.238296173448282,-0.1385983255455619,-0.2376296753528161,-0.4946382515556795,-0.2954621734327385,-0.0688133815974633,-0.827720262955168,-0.0013151379402365,-0.9588026456722673,-0.8782105563370967,-0.2209749345208722,-0.60461692273422
2015-05-14,SYK,93.66,95.34,93.34,95.26,1319703,1.5417148397559644,1.521817235158888,0.1943844357191627,-0.5326691276155969,-0.0722401572827075,-0.0203297052769468,-0.5198541106940867,-0.1335817389304738,0.3232430819261901,-0.1208572422744891,-0.0011232181934598,0.287102715251161,-0.1471924720310264,1.264339612467554,0.1584316997863983
2015-05-15,SYK,95.23,95.68,95.0,95.51,1260927,0.1303937257352492,0.1375015035039752,0.2215801897786171,0.0263608511335626,-0.0113769169062951,0.1393664209971161,-0.5355834542685928,-0.1341850552727427,0.3104313102893432,-0.1532380419184842,-0.0011332526442456,0.310368537318394,1.5416660755962368,0.1958245795132667,-0.99796420518066
2015-05-18,SYK,95.69,96.89,95.531,96.59,995748,0.6710001929284591,0.6714269876512751,0.4760972619130713,0.1580560736611453,0.0767805029993215,0.3373780702657392,-0.4923844437320605,-0.1246410690885829,0.342265101057597,-0.5313005113945458,-0.0011595514915999,0.9441048233621526,0.1299767860082463,0.6842760569876378,-0.4187363881464268
2015-05-19,SYK,96.48,96.96,96.16,96.68,1025994,0.025014344927106,0.0328860667850624,0.4731166399410085,0.3924071051819794,0.1467995466645225,0.4490995214829759,-0.4420063154334144,-0.1705998236011043,0.1380082424646262,-0.4286563699208115,-0.0011595182566708,0.996916180532468,0.6707242828301879,0.1302999192127142,-0.9017015629594768
2015-05-20,SYK,96.67,97.57,96.67,96.78,983818,0.0313999411214157,0.0392304042976196,0.4961887378019234,1.151359009583252,0.2021987453072648,0.5008454530439639,-0.4278536096192261,-0.2576614789763888,-0.1172274801322366,-0.4002990741380567,-0.0011652595866064,0.9897116400997804,0.0245699145653193,0.0596532057157104,-0.816300409059084
2015-05-21,SYK,96.65,96.84,96.13,96.4,744305,-0.2774479365158436,-0.268369029680183,0.4017587043745283,0.7717941917610018,0.2268368955324624,0.4630637892056071,-0.4647813934954849,-0.269963646891163,-0.2853562317081944,-0.7537909154496377,-0.0012997120378354,0.7717325228904384,0.0309571765892392,-0.2217427928630558,-0.977506366523252
2015-05-22,SYK,96.19,96.71,95.79,96.44,1268718,-0.0071628324713775,0.000906897963981,0.4193829357167023,0.7299220018142537,0.2434347285945036,0.412142820167924,-0.4863194876724436,-0.271828784719633,-0.2371963798308968,0.1569010661783902,-0.001143505356351,0.7946776931229964,-0.2779712711191551,0.1700442588981577,-0.796284594381495
2015-05-26,SYK,96.37,96.37,95.3,95.53,1164382,-0.6204578236790949,-0.6117930272565603,0.1540164376446297,0.6542138433336493,0.2165822421356307,0.2595656704714774,-0.4757042763051665,-0.4118339986783206,-0.0277972015726767,0.0363154928024184,-0.0013306119011475,0.2726750703322001,-0.0076156569898336,-0.6848565481026527,-0.657850441473506
2015-05-27,SYK,96.0,96.79,95.551,96.59,889481,0.657818567526051,0.6584628789580443,0.4271619255821119,1.0091951379004371,0.2326405463955086,0.2479555873316322,-0.4360577392359003,-0.3836853663854963,0.0626277693441992,-0.4019128966154925,-0.0011733624616469,0.8807220814951093,-0.6210706402993142,0.4380121287774607,-0.5222761240349321
2015-05-28,SYK,96.46,96.94,95.83,96.24,862552,-0.2585919963025846,-0.2495454458694921,0.3030198046411915,0.8585566023033029,0.2272763574584179,0.1835263921107375,-0.4126008278791067,-0.403276240697905,0.1314858903551274,-0.4221880737880689,-0.0013083163477171,0.6799518419601818,0.6575392186976693,-0.1986303880441404,-0.630098278031349
2015-05-29,SYK,96.15,97.12,95.73,96.13,1330016,-0.10415547909538,-0.0955889377157907,0.2179482561530419,0.3636803757912056,0.2145270062306781,0.1129737553306179,-0.4659408925508067,-0.5878119969321809,0.4518929291503587,0.5279049225176043,-0.0013463220653961,0.5629483452228151,-0.2591104119002809,-0.0420319507839803,-0.3862495798081502
2015-06-01,SYK,96.67,96.84,95.44,96.12,831414,-0.0394724851091736,-0.0312205584924047,0.1771484851259848,0.4449548609263573,0.2000275642733188,0.0520269424956202,-0.4801160554124514,-0.6288348035818168,0.2602255630268082,-0.4014251020479671,-0.0013099910223482,0.5568377173966396,-0.104633606376147,-0.4561653337061368,-0.3774537065875669
2015-06-02,SYK,95.75,96.636,95.139,96.11,776937,-0.0394731588963356,-0.0312212286538944,0.1398069899282174,1.1029940486315102,0.1843222044162128,0.0001654803130868,-0.4942380024719903,-0.6283885386255708,0.2215291680430227,-0.4886855365635633,-0.0013071446082543,0.5507270895704556,-0.0399337383435118,0.2577423802970389,-0.2932147925041142
2015-06-03,SYK,96.45,96.45,95.61,96.04,604992,-0.0783405714556166,-0.0698915678869819,0.0768804542762606,1.16523184801672,0.1655165875495419,-0.0493036976058279,-0.5510174934686183,-0.6590535365642222,0.3289252622095091,-0.8069788308339,-0.0012940768812683,0.5079526947871924,-0.0399344123064467,-0.3474801788047525,-0.8623951004751236
2015-06-04,SYK,95.77,95.97,94.7301,95.04,968026,-0.6812471623621804,-0.6728549574551004,-0.2324380485110459,-0.3077110558271819,0.1083126694460897,-0.1877156063124533,-0.6487118620479163,-0.615901334859009,0.2260261056618516,-0.0628635501001903,-0.0013264510157599,-0.174463418908938,-0.0788119643240872,-0.6022046490809978,-0.5040518940118158
2015-06-05,SYK,95.04,95.38,94.49,95.2,782969,0.0718154678886702,0.0793697270926489,-0.2239105470781793,-0.3590819257297386,0.0668087833305615,-0.2580335212108471,-0.7657036083397537,-0.6161380488866767,0.2432579952444964,-0.4401334293408578,-0.0011728681557108,-0.1781727382883236,-0.6818758372793045,0.1008750066546087,-0.8121919161988889
2015-06-08,SYK,94.96,95.462,94.6,94.62,610650,-0.4122992126858951,-0.4031559724209992,-0.3839907458014007,-1.380865073779569,0.0092871921926416,-0.3555171501185689,-0.7675123696543621,-0.7582055589120872,-0.1581580731149392,-0.7506922798501705,-0.0012958415431287,-0.5748857612752869,0.0713832466760447,-0.2968263123811244,-0.832078277489272
2015-06-09,SYK,94.47,94.74,93.95,94.16,757143,-0.3356666967120948,-0.3265240255135425,-0.5075948627791328,-1.6059665127536684,-0.0554595102327592,-0.4521013653212118,-0.7595523349294273,-0.7503284949746468,-0.1986057108793421,-0.4416901027445977,-0.001309873789873,-0.8895202277821951,-0.41285772634563,-0.2742370907058294,-0.8920962136476281
2015-06-10,SYK,94.5,96.11,94.16,96.01,1194562,1.1902130624322638,1.179924826014919,-0.0399119160481834,-0.5135599249692371,-0.0352535802972861,-0.310702124213317,-0.8637940278764978,-0.6897766730087016,0.2948306361137037,0.4714477513150462,-0.0011341129152793,0.3758575179520937,-0.3362052190177996,1.1809130321328116,0.1013609816153859
2015-06-11,SYK,96.12,96.85,95.87,96.54,798484,0.3106844055916357,0.3160762872829917,0.0553123525161751,-0.1312185656248256,-7.700313168303914e-05,-0.1590485430705788,-1.020361464208693,-0.6893507143802394,0.4063275358277157,-0.3606609463822595,-0.0011728532120201,0.6334444771182447,1.1900726009508007,0.3038098512198673,-0.745311447349532
2015-06-12,SYK,96.11,96.485,95.53,95.67,629206,-0.5940535593533711,-0.5852891083529788,-0.1883807709324874,-0.4736506069043958,-0.0080421456961077,-0.1487717220733732,-1.028933205241247,-0.895094127464202,-0.1042658925795565,-0.6680069483276043,-0.0012964035364641,-0.3018574138680882,0.3103144988344304,-0.3721992422561857,-0.759396224664298
2015-06-15,SYK,95.05,95.17,93.9,94.67,1187631,-0.6837542483258574,-0.6753745791497584,-0.4506503485369065,-0.5033723753204867,-0.054774937400408,-0.2403375267914846,-0.997889327537609,-0.8490862776339805,-0.2966435458327118,0.5637429415269324,-0.0013460575457354,-1.183858702461947,-0.5946594878140498,-0.3283647187765151,-0.4733045558961338
2015-06-16,SYK,94.57,95.31,94.37,95.16,720320,0.2892437200654769,0.2948666238098882,-0.2970793494969984,-0.7515232748528085,-0.0733770473404935,-0.2411822799637479,-0.9995875915480148,-0.8988170114788914,-0.3849090421782082,-0.4384176296711866,-0.001177601363026,-0.7400306497788923,-0.684383577274008,0.4450332772587323,-0.7680745535130793
2015-06-17,SYK,95.34,95.495,94.57,95.1,686146,-0.0722507955728732,-0.0638310737656662,-0.2920163339121825,-0.6555060142628144,-0.0911263828051701,-0.2396630556820404,-1.0078533690934772,-0.9001590646586467,-0.4074929637693269,-0.4853837134045585,-0.0013033057783317,-0.794376941944167,0.288868220012403,-0.216503549370577,-0.7807003992078065
2015-06-18,SYK,95.41,97.33,95.37,97.15,1081593,1.309054186938691,1.2957284335261865,0.2648793643623093,0.1398201983538976,-0.0259112672220411,-0.0248986074607275,-0.9879117399593338,-0.6966202833135389,-0.1113287442800738,0.3995959000393381,-0.0011450557290577,1.268431907662383,-0.0727205997832646,1.3515275554153805,0.0900768625116435
2015-06-19,SYK,97.06,97.3,96.71,96.88,1135424,-0.2060240422757523,-0.1970978931648458,0.1842136184818162,0.0492289989025876,0.0132967451841612,0.0799711152411887,-0.9700734486235468,-0.6998669042838881,-0.0943489023186451,0.4663367581517804,-0.00134173759048,1.0067616408666078,1.3089447278974211,-0.1664290722731542,-1.0837773770944843
2015-06-22,SYK,97.5,97.9,97.23,97.4,604707,0.3011717882784125,0.3066670644690424,0.3133457906591414,0.1945472954987383,0.0624186424056942,0.1893850622536699,-0.9270868519638712,-0.6902576599222469,-0.021281516929722,-0.6567472646178071,-0.0011880162415451,1.0273560600125744,-0.2065287443137902,-0.1038055612755879,-1.0180346200521873
2015-06-23,SYK,97.3,97.666,96.48,96.62,957861,-0.531571702691238,-0.5226165846588775,0.0846532089952697,-0.0280763055699773,0.0681687613063893,0.1652780090942948,-0.9178595232806408,-0.7006322419607626,9.699538281906408e-05,0.1796234680349409,-0.0013276679959352,0.3791406602112871,0.3007993999362294,-0.554324915799295,-0.5683239088038793
2015-06-24,SYK,96.41,97.27,96.13,96.72,1393475,0.0314399303477791,0.0392701330969654,0.1102334366324381,0.3202645551286257,0.0741108910921286,0.1464865992795049,-0.9140817372640424,-0.7466762823002883,-0.1477103958523874,1.0999627388555058,-0.0011152089270329,0.4622451986473447,-0.5321613313227761,0.2166152342273017,-0.609018486103901
2015-06-25,SYK,96.89,97.176,96.29,96.45,859998,-0.2067932941333354,-0.1978650629190814,0.0334343353387565,0.1856792115240065,0.0657401008557781,0.0946122616822254,-0.9105233184052604,-0.7489433462596814,-0.1354302394172378,-0.1034802977094656,-0.0013179404860015,0.2378629448699797,0.0309971762477119,-0.3694147598607554,-0.825745865524159
2015-06-26,SYK,96.48,97.94,96.31,97.34,1492833,0.5414949198693437,0.5439409235914291,0.2602316833347231,0.6013668924619285,0.0913831526431475,0.140663835438253,-0.8752080948135692,-0.7184377857614503,0.0173844350493469,1.2942838622023531,-0.0011084787401182,0.9491884248499451,-0.2072981968484101,0.6471342704348326,-0.1957455089735597
2015-06-29,SYK,96.66,97.325,95.28,95.36,1153382,-1.2993912993408463,-1.2972146805802924,-0.2710256086482717,0.1142411795473943,0.0317195248704334,-0.0420728302229128,-0.8698862075101911,-0.5615167534947076,-0.2836003125295466,0.4900057019472663,-0.0013416321338256,-0.6799896553817787,0.541185225342497,-1.0424278762074926,0.195925020873489
2015-06-30,SYK,96.3,96.48,95.35,95.57,980763,0.1041074371779721,0.1114223184834747,-0.2061973165116677,-0.3183745080956898,-0.0088932711917898,-0.1392256498817802,-0.8686118733907717,-0.5593446337187123,-0.249994239692102,0.0871092687830445,-0.0011554815083649,-0.5071980408117529,-1.300181231370919,-0.599035171489524,-0.6059187410810025
2015-07-01,SYK,96.23,96.43,95.44,96.07,782998,0.2927235211346501,0.2983094241729108,-0.0697503951797427,-0.3276111207777356,-0.0228343094092788,-0.1482952600605774,-0.8684449476281966,-0.5496070697686956,-0.1628893145030637,-0.3587919634968178,-0.0011751924135315,-0.0957894346926316,0.1036836400681206,-0.1519352313666625,-0.7324975154023473
2015-07-02,SYK,96.25,96.29,95.25,95.76,641291,-0.2338911364685715,-0.2248956274569817,-0.1644381519068943,-0.1608707366329825,-0.0472345769973422,-0.1824728245518642,-0.8814383308432618,-0.5854306356015475,-0.0562152109375647,-0.6393781959104559,-0.0012966927702545,-0.350862770486477,0.2923489288677065,-0.4109438207624409,-0.6862017851155104
2015-07-06,SYK,94.92,96.05,94.77,95.99,852177,0.1165376727447959,0.1237559881588852,-0.1123186847780656,0.2601149043311377,-0.0585414798002075,-0.176112780585031,-0.8915019554894745,-0.5846072453060879,-0.0456032719871472,-0.1843749446422412,-0.0011695493520649,-0.1616148116716895,-0.2344031082789602,0.8253523294836078,-0.4799966794462749
2015-07-07,SYK,96.38,96.99,95.05,96.9,1012483,0.5572197515488472,0.5594345867536697,0.1051174691353326,0.3756289017421033,-0.0330043441307371,-0.0761888246397187,-0.9138772775560722,-0.5752180500255926,0.1864158097652134,0.1185635092431162,-0.0011580195687763,0.5871488514651202,0.1161171183477371,0.3813087685420119,0.0772134260650037
2015-07-08,SYK,96.45,96.52,95.4,95.42,907020,-0.9838927974159574,-0.9777571683380488,-0.3162588552924995,-0.0991959713593322,-0.0718798666348959,-0.1620467331832629,-0.9800349742769294,-0.4959695358539422,0.0290507944790267,-0.1219443549818923,-0.0013163299904537,-0.6306206226474822,0.5569141592059517,-0.833142250339141,-0.613103794711169
2015-07-09,SYK,96.75,96.87,95.64,95.66,949314,0.1235951223188563,0.1307575177338233,-0.2459859914059923,-0.6941868125970918,-0.0938578517895525,-0.1872390897650836,-0.9756005212218825,-0.6258458939019875,-0.2210160845052816,-0.0061010948393614,-0.0011635549424891,-0.4331444917103082,-0.984600424406612,-0.8774942854790171,-0.5197238901103544
2015-07-10,SYK,96.7,96.91,95.81,96.37,1193616,0.4290905827479161,0.4330759729436674,-0.0497983153381152,-0.3535771020411289,-0.0840602116090428,-0.1256030624229869,-0.9779632417470396,-0.616657801243492,-0.1933389076382696,0.4657249387005093,-0.0011459448294551,0.1510557289788505,0.1231764090198118,-0.2841458073484442,-0.6400429487926498
2015-07-13,SYK,97.0,97.69,96.91,97.63,745516,0.7810034095601867,0.7795092700610593,0.267111143139016,-0.1203313050169075,-0.0280798691763977,0.0425792400302366,-0.9397823885877216,-0.5922060030261883,0.133407727364032,-0.4859748202332848,-0.0011843076023694,1.187805416399029,0.4287515649648858,0.4643806104969056,-0.925484809901978
2015-07-14,SYK,97.77,98.495,97.45,98.26,783873,0.3687509980637922,0.3734807598822421,0.3890529437410507,0.308139416024668,0.0389340554853809,0.2055253327117321,-0.9182921972025624,-0.6352730912049818,0.3894546312614853,-0.3708651410533908,-0.0011825683981171,1.2535011373325264,0.7807561963306032,0.3523310376554877,-0.704989704762636
2015-07-15,SYK,98.28,98.3,97.44,97.51,1064742,-0.5081998708955192,-0.4991897255087263,0.1525169078022716,0.035469942635639,0.0601369892220365,0.2179655048342451,-0.9291129337592344,-0.6087387726455568,0.1952110638232817,0.1881102849983084,-0.0013226654203459,0.608657398210505,0.3683962393125303,-0.6182464915705277,-0.8562901691802467
2015-07-16,SYK,98.29,98.33,97.4,98.17,1110168,0.3883997599332368,0.392893426148177,0.2896079227327415,0.281995993421326,0.1000655500339133,0.2761170842694091,-0.9241706037886904,-0.6000336815162725,0.3066314311631055,0.2332599608725695,-0.0011568678332686,1.1528494905368278,-0.5087834024472757,-0.1185559874123016,-0.8018057251025436
2015-07-17,SYK,97.87,98.24,97.46,98.21,867349,-0.0076286039160863,0.0004438714409122,0.2858556720876397,0.0696742685612493,0.1300877372080044,0.2971395126082909,-0.8862551667410109,-0.7613897133598206,-0.0072325597031891,-0.2453179062926904,-0.0011776553429326,1.18854539966372,0.3880501270133507,0.2361500574478344,-0.9294170639551852
2015-07-20,SYK,98.27,98.66,98.05,98.38,625411,0.0747716626275467,0.0823046978543305,0.3113012760853044,0.9095463155812464,0.1570643146770042,0.3061181083274905,-0.8420576021482145,-0.7659318314518542,0.0599159515826565,-0.7122481942579033,-0.0011968756721357,1.2036060451276158,-0.0080815499417346,0.0582534742563384,-1.0745732969806987
2015-07-21,SYK,98.46,99.24,98.22,99.06,1220892,0.3973298920878932,0.4017142443029151,0.4726747890076696,1.0108881433220516,0.2011899432961608,0.3574423473490363,-0.7706445081921653,-0.7591468667803417,0.0828276930021721,0.4742217308996854,-0.0011546895694687,1.3090190929670191,0.0743402126062994,0.4340843337308452,-0.7331805873674276
2015-07-22,SYK,98.89,99.21,98.07,98.54,1349092,-0.3598098881885896,-0.3506568058129736,0.3053626498168224,0.6582298701067414,0.2115600220714237,0.3116155343568937,-0.7350380350790393,-0.776560012192107,0.1243692009310303,0.6841971157151477,-0.0013369806492934,0.9223134107589468,0.3969825887983366,-0.2937159320474792,-0.6271613301061689
2015-07-23,SYK,98.96,98.96,98.005,98.25,1612813,-0.216219412998812,-0.2072664404367173,0.2059093491354215,0.6670831488922815,0.2043139081097667,0.2296103071143278,-0.7154378937350847,-0.7703259803480056,0.0648474998638556,1.1821432468009756,-0.0013593717922737,0.7066506264505924,-0.360354708800987,-0.5683715979840767,-0.7812422643064599
2015-07-24,SYK,100.05,103.99,99.83,100.97,3012425,1.6905852495298124,1.6660506486500326,0.8780743284294438,1.137691880508113,0.3004589817795728,0.4301332624441459,-0.5456756693309798,-0.5216977032541781,0.5207885124219014,3.40186561773291,-0.0010152428990978,0.3540470555468644,-0.2167267747337554,0.668412508092255,1.8423492114468731
2015-07-27,SYK,100.84,101.19,99.69,100.02,2173004,-0.6187654361749043,-0.6100939120432569,0.5846226800192941,0.639188484209088,0.3337236976079586,0.4286986680853514,-0.470250732754335,-0.4969197097948774,0.2368784304921039,1.7683122402208116,-0.0013943610625876,0.0115337734893396,1.6905753216398922,-0.6406805317310947,-0.3414609834826178
2015-07-28,SYK,100.57,101.75,99.98,101.61,1113880,0.956708812204652,0.9517560108885286,0.9254848564554072,1.4379730736906655,0.416168209319039,0.5541389405891073,-0.361539616633651,-0.611870219794658,0.795095769347823,-0.0865663847995403,-0.0011604786129748,0.584792845564565,-0.6193778112969252,0.7549686889474244,-0.1395640253221545
2015-07-29,SYK,102.06,102.2999,101.37,101.98,1222804,0.1937087485482853,0.200272625346967,0.9353185187417056,1.453098979984626,0.4887376589164205,0.6290729187068459,-0.264119247123819,-0.6122241344152415,0.8175683826358002,0.0824875633946069,-0.0011550352147016,0.7181927554185497,0.9565074357698627,-0.0855380167848097,-0.8313840573358923
2015-07-30,SYK,101.82,102.02,101.31,101.84,674129,-0.1184650100040519,-0.1098379117155384,0.8178469404569207,1.3074670366599443,0.5329005962285005,0.6159022275858507,-0.1949538307357804,-0.606446767148698,0.7146026872271161,-0.8662565155110513,-0.0012895628910877,0.6677171138521775,0.1933083260009728,-0.0114762866313585,-1.010294734220137
2015-07-31,SYK,101.92,102.8,101.59,102.27,1242849,0.2298766604477889,0.2361013024190776,0.8425537240724287,1.1863947130137469,0.5764815037175887,0.6038675399440927,-0.1462109455033949,-0.620903183982148,0.8309507587707998,0.0724774999167405,-0.0011548434924912,0.822749441520317,-0.1189468702550178,0.2331332608228367,-0.6052826387920223
2015-08-03,SYK,102.31,102.7,100.93,101.51,971741,-0.4956547748295306,-0.4866187476994045,0.5650205449150476,0.7619350888649525,0.5728102677866936,0.4726135860951184,-0.1533038974263188,-0.5809777100993921,0.6770876230680389,-0.3975441389210606,-0.0013092994247013,0.5207344330813252,0.2294856731320113,-0.6170841017135147,-0.1381338609326741
2015-08-04,SYK,101.81,102.42,101.27,101.48,913601,-0.0513956206791007,-0.0430806710172464,0.4948853014065639,1.0620507389637135,0.560562166526268,0.3455337193051644,-0.1461970683880135,-0.5949402333259036,0.5266860718970297,-0.4896219245553795,-0.0013068543760077,0.4715521329867581,-0.4962350337044918,-0.2712049616487726,-0.6468817612859545
2015-08-05,SYK,102.24,103.36,102.0,103.12,1440650,0.9731448861724707,0.9678440686098212,0.8234013612880744,1.2228890197517392,0.6067087910987885,0.3941768449244662,-0.1605856343508866,-0.6576193931111304,1.017666953988885,0.3533567647026588,-0.0011391649501045,1.0965269033815164,-0.0518599843375363,0.6239726797910832,-0.4921814577185949
2015-08-06,SYK,102.97,103.48,101.03,101.32,1159620,-1.1197344788298391,-1.115101441984448,0.2730786729861545,0.568935211938198,0.5642398432239305,0.2049963874233403,-0.2701129759586392,-0.5024945096001926,0.7014951417967156,-0.1309112607522828,-0.0013230564744722,0.3578463921719237,0.9729477974655394,-1.2369647543582978,0.4239258536403744
2015-08-07,SYK,101.32,101.4,99.88,100.94,1092794,-0.2664944071403282,-0.2574335997430955,0.1125636893013042,0.4242450163226173,0.508074846201243,0.0183986266881436,-0.3726431008114169,-0.4963898720762936,0.5289797411537468,-0.2337197800881327,-0.0013206837011162,0.0108513949613043,-1.1204775432469,-0.309673028953475,-0.336339690624818
2015-08-10,SYK,101.72,102.5,101.53,102.19,722514,0.7379822299146493,0.737261810876644,0.3795091419993306,0.5275789964516371,0.5052380105711827,0.0063861875008274,-0.396179187000286,-0.5011994240097213,0.5184870552408563,-0.8460588402311291,-0.0011896644123868,0.5349080742875008,-0.2670148842636152,0.3227725075942901,-0.800242252044584
2015-08-11,SYK,101.3,101.95,100.8,101.82,1115750,-0.2584141257845926,-0.2493679078166981,0.2354576602303678,0.5707745045406977,0.4811852706306173,-0.0578331363206354,-0.4195308922116553,-0.4966840023343731,0.364622747878132,-0.2187972621303428,-0.0013230868999218,0.3482696571625024,0.7377237936210421,0.3615109741547227,-0.6500354671018184
2015-08-12,SYK,101.88,103.31,100.95,103.13,1959858,0.7680060107995791,0.7667486635094293,0.502545373341523,0.8574770501016041,0.506148472684943,0.0169575955264613,-0.4517629239362726,-0.4929595102042371,0.6789840111431786,1.0501027418298836,-0.001097310534541,1.0090705394158686,-0.2589324949806741,0.9006537225119865,0.3158265676332499
2015-08-13,SYK,102.9,103.84,102.21,102.97,1533854,-0.1295856484019586,-0.1209137532401325,0.3971039231449101,0.3380943661187153,0.5120365114067168,0.027691038957748,-0.4807902451163248,-0.492732795471018,0.5506185752747446,0.3380787600763287,-0.0013508377050019,0.9236344691620548,0.7677554068996414,0.0250792213634044,-0.2720503193558038
2015-08-14,SYK,102.82,103.74,102.66,103.64,831299,0.3721014137225768,0.3767913480770776,0.4990117349157304,0.7895408103944964,0.5352054420763046,0.0807585120925444,-0.5036855027630075,-0.489220607478365,0.6445377522990303,-0.7513041421602396,-0.0011817306648515,1.248482171055901,-0.1300704097271804,0.576216651164329,-0.7228548908580221
2015-08-17,SYK,103.27,104.24,102.6,104.14,786715,0.2673611428735122,0.2732123358531935,0.5520522869801745,0.5708878432133019,0.5650352870444967,0.1403575693399119,-0.521945472265455,-0.4882852259681214,0.6923982812857165,-0.8281933471676852,-0.0011862417138295,1.3895638919291764,0.3717475290042856,0.6101708422858044,-0.2788694233999105
2015-08-18,SYK,103.93,104.45,103.73,104.31,685358,0.0686350917164816,0.0762120290496767,0.526472374805106,0.5253825430715339,0.5869045018184226,0.1675462900569507,-0.5230067439983441,-0.4935788179312597,0.6108834881155915,-0.9627136081273328,-0.0011944976170932,1.3706699988582156,0.266979934246967,0.2499239798966609,-1.0160634375226356
2015-08-19,SYK,103.88,105.3357,102.95,104.53,1163591,0.098312251931393,0.10567131405597,0.5041406493842979,0.6289488240199296,0.6042328904582686,0.1776092583300353,-0.5765675062433047,-0.5153429424423047,0.7252816418728745,-0.194653934403724,-0.0011622541675082,1.0775257757080456,0.0682020408295958,0.4464275803959414,0.3107739456847623
2015-08-20,SYK,103.55,103.92,102.5,102.52,1027028,-1.2301514565420146,-1.2269646804324228,-0.0675195767472029,-0.123631730843349,0.5310432700060537,-0.0473321642217622,-0.7583572011357678,-0.37160532300521,0.4708087138323079,-0.3732334021881385,-0.0013117203881526,-0.2150021049155052,0.097886943014204,-0.7778215118906595,-0.4369733323932427
2015-08-21,SYK,101.61,101.785,99.34,99.37,1783590,-1.945918576416134,-1.957049993738208,-0.8555913667854733,-0.6505809531853365,0.3434149192456225,-0.5218486240578365,-0.6750044148886937,-0.2928929342685746,-0.400204286836221,1.008715684874846,-0.001365614116214,-1.8646699573690808,-1.230923325766856,-1.6918612684951106,0.4592789050494187
2015-08-24,SYK,95.14,97.59,91.81,95.61,2560771,-2.388739436376196,-2.4130777557873087,-1.7677855287309456,-1.1835525103134024,0.0445314581059293,-1.187830530828996,-0.3098956642633664,0.0403315360941517,-0.8150242740068265,2.2681917896028145,-0.0014273456015727,-0.9473851438497936,-1.9468771699539469,0.3469159383762291,3.446958348248365
2015-08-25,SYK,98.35,98.43,95.39,95.49,2489429,-0.1111360336366784,-0.1025395414017657,-1.7247470696613774,-1.6055696842931049,-0.196489643253419,-1.571679338249578,-0.0138011836769163,-0.0434432248376029,-1.0520521199937862,1.9208175266817569,-0.0014349942443412,-0.9768772798939996,-2.3898135499184194,-2.2233486358464054,1.0618985513395134
2015-08-26,SYK,97.79,98.84,95.66,98.81,2182670,2.1315938040032854,2.091361351496814,-0.8282476513524463,-0.6142636330503796,-0.2555897691716416,-1.4104969251001838,0.0386207981289788,0.2669810122787793,-0.6240013856134339,1.3055289099290808,-0.0010615672943131,-0.1609281826710014,-0.111615981955622,0.761727429753636,1.0908330897696783
2015-08-27,SYK,100.1,101.3,99.46,101.08,2286657,1.3972817134686135,1.3815610420997373,-0.231796303398809,-0.1675962025740906,-0.2123382005846324,-1.0180994948692434,0.0398770726217419,0.3860450065800906,-0.2770780655213825,1.2626550411508888,-0.0010645647078631,0.3969647241652029,2.1316989233362142,0.7133512758912663,-0.0742366324891573
2015-08-28,SYK,100.33,100.8,99.09,99.69,2478309,-0.8891364479094792,-0.8821327442800919,-0.5583757180229905,-0.5682921114220539,-0.2317895612108219,-0.865577811072463,0.0569727215255458,0.4158388412063786,-0.5379795189640532,1.3880997812493754,-0.0014241378890081,0.0553474816531649,1.3971952706065158,-0.5082575705167212,-0.1617635698196319
2015-08-31,SYK,99.48,100.35,98.4,98.65,1811975,-0.6824930738323317,-0.674107085816117,-0.7915307951354889,-0.6539049708204011,-0.2865279838453093,-0.8343887541912015,0.1026037870390394,0.42517506343256,-0.5812640802660554,0.3950378840996845,-0.0013846359249042,-0.2002510307299403,-0.8898193555273519,-0.6566742276056027,0.0560625722918467
2015-09-01,SYK,96.49,97.13,94.84,95.46,2028667,-2.0462057705779606,-2.0600343995853647,-1.5447032029923349,-1.2176192122882492,-0.4519395019455833,-1.0943081512203698,0.2893733598723687,0.6017264289042712,-1.0387129380890014,0.5889591378082725,-0.0014101728790793,-0.984250313905051,-0.6831220737741136,-0.832807780155916,0.4079487541915401
2015-09-02,SYK,96.66,97.03,95.61,96.9,1430662,0.906157256738298,0.9022486140618968,-1.0924212689488415,-0.9582257573340348,-0.5220356514896045,-1.056903550997307,0.3469867902336936,0.5942675990008077,-1.0533413601480697,-0.1866488408609532,-0.0011170254546721,-0.6303446813745919,-2.047190526336571,0.1612732322874831,-0.3700233822016932
2015-09-03,SYK,97.5,97.87,96.39,96.68,1661418,-0.1743455605923309,-0.1655134072940874,-1.0915314312632776,-1.0884213426655014,-0.5812415427399138,-0.9989485334424488,0.4248263477776091,0.5523789170439931,-0.8400548194829025,0.0787460324295473,-0.0013823405667902,-0.6844135974556335,0.9059426927677838,-0.6617264363067505,-0.3155225789537617
2015-09-04,SYK,95.71,96.26,94.52,95.34,1444039,-0.8959022309715962,-0.8889556157072971,-1.3721252078824189,-1.2857932102460763,-0.6748164586287292,-1.0410497971685415,0.5487606141534211,0.5767997074039738,-0.9822647177206636,-0.2192864323473301,-0.0013705007681235,-1.013742449949253,-0.1748419985699446,-0.3183880220631774,-0.0703138824274728
2015-09-08,SYK,96.84,98.63,96.84,98.57,1893087,2.076228428527983,2.038126814385525,-0.4785876482391422,-0.8224140035295898,-0.6164466930230998,-0.6836278136519462,0.5399421104021136,0.7738749691193447,-0.6877363611659736,0.263741241611257,-0.0010670912396238,-0.219912454759413,-0.8965869035995662,1.3233797350563112,-0.0778802757864564
2015-09-09,SYK,99.44,99.52,97.08,97.29,1611863,-0.8414599570029994,-0.8340752723892443,-0.7567035891654453,-0.9574350814879944,-0.6151683027470602,-0.5446424441309734,0.5563969406030562,0.7949105943779723,-0.8208856053608992,-0.1080863710301658,-0.0013833388859467,-0.5344952392309265,2.076319104529539,-1.6598275936443196,0.4988364087295802
2015-09-10,SYK,97.27,98.89,96.95,98.3,1735708,0.6133254480939847,0.6146839080730747,-0.4280310146895611,-0.6536342298966532,-0.5695368557744421,-0.3192901440980082,0.5074257740834258,0.7830350904519908,-0.8553081741246269,0.0546548287531618,-0.0010831904688003,-0.2862697608588727,-0.8421304271118524,0.7737074926869287,0.0534499240059157
2015-09-11,SYK,97.83,99.76,97.58,99.65,2049109,0.8220227832258372,0.8197640968919641,-0.0278683076669558,-0.1559386243919277,-0.4764474541237914,-0.0168523457008108,0.4453737935364528,0.8247980329229534,-0.6410065641723273,0.3960158860306544,-0.0010646237005098,0.0455167696384321,0.6130344922122373,1.379226217131256,0.2318880727311803
2015-09-14,SYK,99.65,99.95,98.36,98.76,1159026,-0.5890387261799952,-0.580256630011049,-0.1987993082922588,0.2311620729762377,-0.434388720729319,0.0937458313988644,0.3444438373344307,0.8215519026428298,-0.8590088066165893,-0.6771661819592125,-0.0013373642125457,-0.1732165726894194,0.8217862708431545,-0.7010891428547819,-0.2495664453270745
2015-09-15,SYK,98.98,100.12,98.76,99.85,945832,0.6541370156102069,0.6548415932193262,0.1474073322675738,0.3680920769368045,-0.3557544579942159,0.2763691559677222,0.1978890934458635,0.8427525163012122,-0.7724826865448352,-0.9337826436434068,-0.0011627369747232,0.0946703297121038,-0.5896433464061197,0.6377575357245925,-0.4561855060238091
2015-09-16,SYK,99.67,100.85,99.56,100.6,1218320,0.4346406932921537,0.4385547356331195,0.3967760043842616,0.0684060654244897,-0.2625886960300281,0.4598716444843047,0.0262377789056659,0.8553813334133318,-0.6898343335978601,-0.6356752380542358,-0.0011425828163806,0.2789961799883829,0.6538567063643472,0.6786414124165634,-0.5226389247993627
2015-09-17,SYK,100.59,102.22,100.18,100.56,1683876,-0.0577507299298575,-0.0494031168430855,0.4400677040558919,-0.272897781059119,-0.1898362097163008,0.5541302151799716,-0.2016290729831523,0.8532357190518121,-0.7252651596794993,-0.1259723702223878,-0.0013762770474559,0.5205624874689573,0.4343031233830889,-0.0488491441025761,0.0993617882882309
2015-09-18,SYK,99.53,100.1605,99.05,99.22,4145992,-0.8626079190271898,-0.8553876239095669,0.1272730763399483,-0.2650380822440681,-0.1844853919925458,0.4560463370797087,-0.3379476784958131,0.823665277082825,-0.6402199599598817,2.2972218434633187,-0.0015882047050313,0.484901363880928,-0.058216751464683,-0.2616330725038076,-0.6585480050544972
2015-09-21,SYK,100.02,100.7,98.81,99.61,1229319,0.2117190811616215,0.2181166226312086,0.2281597080031453,-0.0279119905309635,-0.1646937867412775,0.4147495731027161,-0.3330044474769382,0.6667348249270654,-0.1320057623887141,-0.7382008819698945,-0.0011257001380806,0.6094384243614825,-0.8632839060682544,-0.3360169299367056,-0.0100145540542572
2015-09-22,SYK,98.41,98.9,97.72,98.56,1295840,-0.6892648852714321,-0.6809131303379592,-0.0915862846551538,0.4033477067320543,-0.1898399914824953,0.2660430125875722,-0.4045865312296986,0.4030887280139776,0.2856693851799692,-0.6201841999545911,-0.0013610592844983,-0.1371867578122453,0.2113233570237361,0.0888421502334113,-0.5935335793774946
2015-09-23,SYK,98.25,98.88,97.86,98.59,1332135,-0.0140457475468526,-0.005935806676437,-0.1249004978191768,0.1664284754905524,-0.2078876117127557,0.1653493985072604,-0.4972237379105514,0.4017115783420843,0.309309137907357,-0.5327412998906271,-0.0011156240035506,-0.1242354011728584,-0.6898956517959522,0.2351349194208232,-0.7290896313316563
2015-09-24,SYK,97.96,98.4,97.4,98.22,1714243,-0.2666452354086798,-0.2575841656717596,-0.215555447011001,0.1314514779800483,-0.235730845316908,0.0595807670463284,-0.4959711831931737,0.1582379404083505,-0.2551711528888749,-0.0732722082426585,-0.001399085706589,-0.2839687997252919,-0.0145003676319855,0.1742088078808313,-0.742811790802741
2015-09-25,SYK,98.97,99.45,96.3,96.9,1564503,-0.8696953863435261,-0.8625318258124858,-0.5121755386226229,0.1360722015549881,-0.3078931796137404,-0.1391107403691089,-0.53930007468259,0.058715871212262,-0.7748154636292058,-0.2077116263932261,-0.0013939478563114,-0.8538284918582878,-0.267165751878989,-1.6065145429953724,1.1178990760702174
2015-09-28,SYK,95.46,96.01,91.73,92.4,2584759,-2.924236174564628,-2.9690701015758147,-1.6210974590204674,-1.368702014685145,-0.5376807771667397,-0.7037886604645711,-0.2423930757110177,0.4461047897335705,-1.2414557438617522,0.9805807784743432,-0.0015069763006491,-1.6689861379582371,-0.8703732223134233,-2.44815253022855,2.2690535580873505
2015-09-29,SYK,92.89,94.16,92.44,93.23,1653408,0.5262482331801114,0.5289146733632818,-1.3296007454516898,-0.988618275017781,-0.6809702687621065,-0.9328863608376092,-0.0757652184738959,0.4648433998601341,-0.974381140178206,-0.1004070648489007,-0.0010558723714365,-1.405967007731615,-2.925449984745269,0.2502213644706268,-0.053768629297091
2015-09-30,SYK,94.29,94.85,92.87,94.1,1693166,0.5479810311064348,0.5503321532162506,-1.0783800209458043,-1.0240059275552993,-0.7533013750118958,-0.933518858777826,-0.0175211229231799,0.2962022785499236,-0.3767133560081055,-0.0340502654712039,-0.0010634478078987,-1.1302722567711825,0.5259345612044296,-0.1785579251306628,0.1622882280625945
2015-10-01,SYK,94.5,94.97,93.65,94.91,1785608,0.5029126750550906,0.5059094363519323,-0.834703872464344,-1.1670009316864982,-0.7715484465959134,-0.794813482936151,0.0314166918447538,0.2611772307329456,-0.4690892669625891,0.0538266195229555,-0.0010651307767261,-0.8735909369114658,0.5476730286308586,0.3014742630691323,-0.4322264997159506
2015-10-02,SYK,94.12,96.46,93.53,96.46,1592979,0.983756228814238,0.9782285072879016,-0.4148314796146805,-0.6425883585366975,-0.7184227642670615,-0.500136942345583,0.0345757984917321,0.3205548817685869,-0.2008969010371889,-0.1687776006268019,-0.0010938147189655,-0.3824106334762074,0.5025929154624483,1.8520427487150912,0.9401784572730192
2015-10-05,SYK,95.89,97.42,95.89,96.89,1457128,0.2445382315117324,0.2506194524571684,-0.3198402728335565,-0.799731487146699,-0.6535596678275646,-0.2341838080073959,0.0016771673069346,0.280249767608832,0.0712911618187793,-0.3293718263800603,-0.0011134474431478,-0.2461477105877141,0.9835619083200527,0.7615840139641539,-0.275279781171339
2015-10-06,SYK,96.63,96.78,94.25,94.92,1477852,-1.2988473576579505,-1.2966624924626953,-0.8016205686597296,-1.268707545099392,-0.6736168921840158,-0.2400047443949674,0.0446368127951352,0.1058998646901033,-0.7113128606588243,-0.2836978389241038,-0.0013679742380417,-0.8704220317280108,0.2441510690039237,-1.363308712961638,0.6300453977928098
2015-10-07,SYK,95.34,96.03,94.5,96.0,1039847,0.6753760650231416,0.6757300512038492,-0.4936333797508615,-1.0013022992281315,-0.64131180247905,-0.1098817985080275,0.0591992090435464,0.1100321150037758,-0.3622107237765917,-0.7842414642405422,-0.0011504031623751,-0.5281802719150566,-1.2996371477883264,0.496697695064324,-0.2630789555134004
2015-10-08,SYK,95.82,97.36,95.45,97.35,1301619,0.8425076092720498,0.8398573186725524,-0.1170106917230067,-0.521908777282055,-0.5578453309189507,0.1259050743731332,0.0540063796112719,0.1316647952126591,-0.3094120671332518,-0.4462573395259186,-0.0011308852943512,-0.1003780721488648,0.6751012964717337,1.180051966109703,0.0438177653789747
2015-10-09,SYK,97.18,98.46,96.9,97.75,1459558,0.222815102294283,0.2291076063418772,0.0165884152437855,-0.5199285077818683,-0.4722081171246839,0.320122025820317,0.0187207697557307,0.0889307698261422,-0.447501476404762,-0.2196885134504745,-0.001122173274035,0.0263781351892682,0.8422764408273093,0.4168252225706692,-0.2612805194559218
2015-10-12,SYK,97.51,98.74,97.38,98.51,792018,0.4510562178068086,0.454756398239981,0.2251238295831424,-0.1980460161937674,-0.3718395340331863,0.5134138779542814,0.0140449896051356,0.0878293642766184,-0.2046543229366985,-1.0427889969589523,-0.0011800236463567,0.2672149291317194,0.2224222728086737,0.748494085597767,-0.4407445818128617
2015-10-13,SYK,98.25,99.05,97.44,97.57,875977,-0.6270733473727285,-0.6184352968936616,0.0023083034589741,-0.363923590981038,-0.3272152079708847,0.5245626016842396,-0.0339551275400084,0.0753634322938251,-0.5028333132763796,-0.9342044715475336,-0.0013105076261091,-0.0306621581128929,0.4507229302648041,-0.5492194914054387,-0.2161185766259489
2015-10-14,SYK,97.6,98.38,96.68,96.9,1267871,-0.4605135702019213,-0.4514186255553898,-0.1287762549971731,-0.4114889771112391,-0.3162687706954555,0.4467952746826947,-0.1267645470297776,0.0635321709018407,-0.7076383137074986,-0.4400948547864227,-0.0013432967292773,-0.2429788054042591,-0.6276878898044336,-0.5681838624563206,-0.1292035623657889
2015-10-15,SYK,97.4,98.76,96.53,98.69,1225974,1.117075031483435,1.1085483508012692,0.3816815537513594,0.1048288663026115,-0.2361213415228656,0.5627035749563,-0.207395090991844,0.1543878818586609,-0.4405860149405635,-0.4705483519509507,-0.0011417869968292,0.6979952638696496,-0.4610846616855497,0.9743179753980284,0.2918467964617374
2015-10-16,SYK,99.31,100.06,98.3,100.03,1249070,0.8123355026783147,0.8102597347069597,0.7335151896106714,1.331028940028383,-0.1201781820086961,0.7475678088646842,-0.1714804071459425,0.1577976735528767,-0.0475807079283953,-0.2784590437077492,-0.0011434936484483,1.1945842560851403,1.1169154902647198,0.5214357934766718,-0.1249646850582846
2015-10-19,SYK,99.62,100.51,99.32,100.46,927940,0.2346332294104456,0.2408117151905712,0.8380712788186837,1.2913795008345847,-0.012916715492477,0.8731126676666723,-0.1300013745071574,0.1583976311600846,-0.0421525135057688,-0.7184557535980617,-0.0011715454531793,1.4239483334147356,0.8120964631457327,0.6107392565615242,-0.6041088632004323
2015-10-20,SYK,100.13,100.43,98.9,99.21,1121407,-0.8076580664761764,-0.8000258556058306,0.4905809599558037,0.8303823742086398,0.0209565179572556,0.7846485061453229,-0.1109369607566846,0.1687311043217354,-0.0706196324754401,-0.4321047609164758,-0.0013265589930678,0.9506878639610776,0.2342434829550637,-0.7204905481344593,-0.3060551299155886
2015-10-21,SYK,99.72,99.97,98.56,99.79,2038739,0.3309759532105316,0.3361425051927386,0.6308788449232906,0.7998997000416654,0.0681458821965365,0.7481526683484724,-0.0718558918573122,0.1749709294295117,0.0112821477818907,0.8147927501594523,-0.0010855183640921,1.1702807217875797,-0.8083197185845786,0.0267181960490674,-0.413744868110092
2015-10-22,SYK,100.17,100.19,98.11,98.53,2432820,-0.8190981299162035,-0.8115475968501275,0.2857532689725514,0.2390133598277573,0.053641216629734,0.5601566274291195,-0.0658586677255252,0.2094497352996435,-0.1211235557942648,1.2844470495691154,-0.0014202289672591,0.6932341685782903,0.3306113399701463,-1.2632630184913245,0.1680284512788224
2015-10-23,SYK,98.04,98.36,94.03,94.44,4007230,-2.617339627433978,-2.649816923189688,-0.7881139520626274,-0.5920455343369079,-0.1191411191872282,0.0023557961589223,-0.017451812842612,0.5227377660710136,-0.5403243368657875,3.019882851805532,-0.0015550934857264,-0.8552740874740798,-0.8197627664282292,-2.800555908032207,2.2297891885976964
2015-10-26,SYK,94.36,94.76,93.56,93.9,2325046,-0.3889822803370884,-0.3798291727926285,-0.9540288333981376,-0.3713539679604197,-0.2758408240181802,-0.4024884535555494,-0.10264970444557,0.0727056755958719,0.0709410619484988,0.9180873774083408,-0.0014469473701591,-1.2799019123046187,-2.61847337659292,-0.3946275001320005,-0.5262649951166872
2015-10-27,SYK,93.9,94.78,92.92,93.84,1794312,-0.0727775366610189,-0.0643552586639033,-0.9782500647658712,-0.6006499556005847,-0.3994790013298011,-0.6412640506338443,-0.1355936507833723,0.0566458847956133,-0.0713834690072231,0.2317764969039701,-0.0014128470012998,-1.4592535586371451,-0.3895347112388249,-0.0745924519156024,0.0605729260918714
2015-10-28,SYK,93.84,95.85,93.06,95.77,1735356,1.2474601842741244,1.2357357794253738,-0.4783980031672459,-0.4792235757400504,-0.4183800951156562,-0.5626930783097549,-0.1930101850814481,0.1317431500271507,0.0931663839282392,0.1540829459467166,-0.0010674144915404,-0.6330923265261448,-0.073247478283936,1.5275511533195991,0.8365866890100567
2015-10-29,SYK,95.4,96.69,95.36,95.85,1121088,0.0190102532820744,0.0269201758017796,-0.4693089167093489,-0.5451093994706426,-0.4269850198566929,-0.4733341385737094,-0.2204555448880406,0.117638815038328,-0.0220196054157463,-0.5938528718126445,-0.0011361917254806,-0.5980548399654869,1.2473346570208463,0.3300597942419503,-0.4348988310955655
2015-10-30,SYK,96.07,96.4,95.4727,95.62,1371506,-0.1823893516033164,-0.1735318049090419,-0.5202743109773739,-0.7495654438237583,-0.4394862949919076,-0.4118761256253143,-0.2049243655870272,0.0573627469063075,-0.2953714302789696,-0.2572145710582746,-0.0013682021504448,-0.6987876138273761,0.0185642566149122,-0.380207498311771,-0.7831040829875047
2015-11-02,SYK,95.83,96.91,95.73,96.71,1152468,0.6767013097348443,0.6770331866545457,-0.2232364911721722,-0.3541745708066832,-0.403540385671655,-0.2380074964778658,-0.2039309191273353,0.0840392527352365,-0.1947612815665336,-0.5277185308275243,-0.0011322633828478,-0.2214018594384062,-0.1828878879887901,0.6674700602401883,-0.5744464933703024
2015-11-03,SYK,96.63,97.105,95.86,96.8,987009,0.0249423642988606,0.0328145475334319,-0.2242168260044522,-0.2089534064943536,-0.3689540538477403,-0.1024121222308771,-0.2451410096958428,-0.0215763717850651,0.1234070904733894,-0.7243521727086137,-0.0011517401464107,-0.1819846870576639,0.6764268869039948,0.1066007985946423,-0.5194295835170257
2015-11-04,SYK,96.8,97.84,96.67,97.5,1438941,0.4172170380330608,0.4213534369625175,-0.055483844980146,-0.4454818852402451,-0.3120937129850413,0.0633970929940487,-0.2581444430690399,-0.0388862119661138,0.0620003865111985,-0.1450820608099387,-0.0011142965023845,0.1245933203481011,0.0244979151592717,0.5200290029917792,-0.5912335881366843
2015-11-05,SYK,97.52,97.78,96.68,97.59,1619131,0.0244729146393014,0.0323481048945539,-0.0344465532428778,-0.7678348844618128,-0.262163557846517,0.1782062864204445,-0.2574664099947244,-0.0854582125973525,-0.1312697398063293,0.0708091652488446,-0.0011046061954433,0.1640104927288433,0.416874922762848,0.0279146320948843,-0.651935179112511
2015-11-06,SYK,97.19,97.61,96.43,97.6,1286116,-0.0266164921245018,-0.0184350642893538,-0.0297179038455815,-0.8912187184438607,-0.2213446106790436,0.2466015486900159,-0.2584083080090154,-0.0895897444983328,-0.1900138543445958,-0.3547315296185314,-0.0011382104721458,0.1683901785489218,0.0240283430329734,0.2924017526312805,-0.5837192483836738
2015-11-09,SYK,97.25,97.59,96.3,96.81,1049127,-0.53692892854224,-0.5279876726812596,-0.220036676427937,-0.8017626152648089,-0.2192549541442228,0.2016292311270625,-0.2700703530966193,-0.0914497147400558,-0.4209246624443594,-0.6774706764252066,-0.0013248583305127,-0.1776050012375792,-0.027074391577434,-0.3681446790870565,-0.4808011389822019
2015-11-10,SYK,96.77,97.705,96.77,97.6,866283,0.4750490930280059,0.4784290697039119,-0.0070900487571086,-0.738151736340482,-0.1860593020629576,0.2457176741355022,-0.2698804115000828,-0.0946696117222715,-0.1629612534378857,-0.915319195814812,-0.0011728073563642,0.1683901785489218,-0.5375199547293358,0.6216940069958731,-0.7929252983256502
2015-11-11,SYK,97.79,98.25,97.37,97.63,1054374,-0.0138593511976259,-0.0057504893040762,-0.0088871850199034,-0.4410604813477889,-0.1584405750895043,0.2666335193193663,-0.2695240678735486,-0.1079808987565759,-0.0568352453951378,-0.6606826985619365,-0.0011597203019415,0.1815292360091691,0.4747220645792421,-0.1499312929107996,-0.8401208243658471
2015-11-12,SYK,96.48,97.06,95.58,95.61,2023409,-1.321137349485464,-1.3192944468396992,-0.5132594917529868,0.2189730084601399,-0.2152656004817772,0.0660094305437859,-0.268041060365622,-0.0959210907648937,-0.6258270613400745,0.5438814301577417,-0.0013973448470177,-0.7031672996474607,-0.0143139226569847,-0.7075981956473968,-0.301244706237527
2015-11-13,SYK,95.15,96.42,95.15,95.63,1373302,-0.0199727112875351,-0.0118287507423081,-0.4491117826263127,0.4537939874046849,-0.2582321303443215,-0.0588183115518257,-0.3337827100186781,-0.1575671187779019,-0.8134913242075037,-0.2945381841689369,-0.0011315633172399,-0.6944079280072978,-1.3219329544727878,0.3548169948839717,-0.4845280063566608
2015-11-16,SYK,95.59,96.7,95.19,96.66,1037020,0.637565272681188,0.6385385031348576,-0.1184831431504292,0.7445899287601385,-0.2505550128644081,-0.0283246287797328,-0.4655120451990055,-0.1246708915585243,-0.7230103776413378,-0.7275138153584326,-0.0011620114305845,-0.2258515269227234,-0.0204288775574559,0.8193828959672714,-0.2893924134382373
2015-11-17,SYK,96.71,97.24,96.34,96.61,1585836,-0.0652006972512506,-0.0568156155953338,-0.0967288821400451,0.1635704497851084,-0.2453070165897977,-0.0101821987281217,-0.5381518485321545,-0.1560266953271142,-0.552367875503469,-0.0596298513258828,-0.0013626263171588,-0.1940634629438578,0.6372806403151022,-0.1044385497796989,-0.8149366372656442
2015-11-18,SYK,96.81,97.22,96.45,97.01,1595517,0.2247745293469362,0.2310482823498778,0.0500717775964648,0.2766537005857719,-0.2245137741939009,0.0443449412239277,-0.6669653802194659,-0.1617956889756108,-0.5766222314143087,-0.0197335818712632,-0.0011166106515689,-0.0111648914201965,-0.065668662281371,0.1297660545796989,-0.9298203253822066
2015-11-19,SYK,96.81,96.99,95.355,95.41,1515173,-1.0598268852094783,-1.054493633987804,-0.3434842943129427,-0.260029846190212,-0.269592434546149,-0.0815864905286962,-0.721310978850356,-0.1346262128493055,-0.6325336278537658,-0.064655245840682,-0.0013572527188121,-0.3597564565305276,0.2243822110229325,-1.1188947888946603,-0.1631475571399249
2015-11-20,SYK,95.98,97.16,95.57,96.48,1782820,0.6652127413889187,0.6657353720544402,-0.0795180890896421,-0.2669744891389181,-0.2618843726682113,-0.0464595216134103,-0.7703108691265873,-0.620459816667471,0.1497674490314589,0.4654685238961858,-0.0011021292176226,0.3389760652748367,-1.060554321353111,0.3672643262055716,-0.2178582468402851
2015-11-23,SYK,96.54,97.16,95.8803,96.08,1707608,-0.2911139431287275,-0.2820151633539888,-0.2180830504114349,-0.4247039914188728,-0.2701005193495744,-0.0593465851836987,-0.8681262851431496,-0.627513590664088,0.1734887366554157,0.4124173408610046,-0.0013708660569548,0.0895065315080417,0.6649353215008255,-0.3863105551410779,-0.4812979045431931
2015-11-24,SYK,95.39,96.69,95.1,96.61,1363122,0.3104340139242198,0.3158286354941183,-0.111552358711938,-0.4859679388815579,-0.2545156325355974,-0.0083927855485581,-1.0063550452249548,-0.6225417791843484,0.2660454518834967,-0.0526114624487501,-0.0011354526018106,0.3924630062572996,-0.2916408428241268,0.939960604987455,-0.2197064047383462
2015-11-25,SYK,96.61,97.64,96.24,97.22,993877,0.3601040798562084,0.3649358123296781,0.034397210926468,-0.3055871435840682,-0.2173482472398761,0.0879232337171565,-1.014460058153671,-0.759102323335249,0.0548838814617515,-0.5521127112525959,-0.0011674161866155,0.3559241542355001,0.3100640418465901,0.4507209084962637,-0.3911880946717667
2015-11-27,SYK,97.56,98.33,97.166,98.09,775421,0.5241371869808455,0.5268338612101363,0.2398120334112941,-0.0475867511840632,-0.1535792023245386,0.2334482630532852,-0.989406229645869,-0.7332252877595962,0.175745490778343,-0.8649418095236892,-0.0011855172323817,1.1958807432188363,0.3597470653574879,0.3841226264214298,-0.6023468355294095
2015-11-30,SYK,98.38,98.78,96.46,96.46,4376223,-1.067562269197927,-1.0623160961863058,-0.2136464373511677,-0.2823164529203703,-0.1669629473158317,0.1512783334581146,-1.0168884911709517,-0.6199965422312055,-0.0384589451593686,3.9352790680742937,-0.0015589621919577,-0.6528009127165152,0.5238229642902172,-1.5007974159501722,0.4131421309393504
2015-12-01,SYK,97.34,97.86,96.46,96.79,1476537,0.1799953769620985,0.1866824549410925,-0.1252631007337003,-0.4143540001587946,-0.164383532243184,0.1266312889869031,-1.0171143732414285,-0.662536182463604,-0.1553280099810187,-0.0486044290804492,-0.0011222818950044,-0.3547085465871503,-1.0682917232943554,-0.4532066457617097,-0.3858563621060348
2015-12-02,SYK,96.95,97.17,96.11,96.26,1221932,-0.3739068796489365,-0.3647520689608106,-0.2616672547285768,-0.5529750617283923,-0.1827868975164263,0.0529043380101036,-1.0105785057592025,-0.651886673922647,-0.2494060482655961,-0.405589272935849,-0.0013382253233945,-0.8334629527949009,0.1795913769664556,-0.5640239439512881,-0.6735874476379071
2015-12-03,SYK,96.26,96.56,92.43,92.58,2564865,-2.413108010585141,-2.438270878163958,-1.195627568017944,-0.889196673187402,-0.3399775080032431,-0.3633132027820484,-0.7344167881798195,-0.2374062243856163,-0.9085828330998976,1.2714592671019915,-0.0014503465331453,-1.8027788119241992,-0.3744553777857302,-2.9146457570724484,2.126517407690173
2015-12-04,SYK,92.85,94.38,92.67,94.34,1388160,1.1505656981180814,1.141242595364351,-0.6738912032010111,-0.4513009735676632,-0.3924584130160011,-0.4267662560628357,-0.6893760575918066,-0.1189647291034718,-0.6565771232409633,-0.2363522105024895,-0.0011212431478139,-0.8814308582393469,-2.4141884812303256,1.1860922793995876,-0.0806935279406466
2015-12-07,SYK,94.37,94.79,93.55,94.14,1008992,-0.1649825546026421,-0.1561812669630348,-0.6822533893529011,-0.7325454733068538,-0.4385617077763248,-0.4611128396858063,-0.6501639642668033,-0.1197299385618357,-0.688127168293382,-0.7183242703015362,-0.0013272947442333,-0.9861294893398996,1.150414893709908,-0.2104525112965642,-0.4935687955555487
2015-12-08,SYK,93.68,93.94,93.01,93.52,1044979,-0.4430234835564712,-0.4339066708686255,-0.807697720167325,-0.8287947446512396,-0.4954839016619904,-0.5164377666896272,-0.5718978848719678,-0.1242291840073336,-0.6665860078198867,-0.6708490082660654,-0.0013330655286594,-1.3106952457516103,-0.1654765500248322,-0.155354612614589,-0.7625493147121134
2015-12-09,SYK,93.04,93.93,92.155,92.32,1722930,-0.8318587996630613,-0.8244019031033909,-1.0660930954837189,-1.1083962960610998,-0.5827998923614842,-0.638930818073959,-0.4587169164190073,-0.1223725044088235,-0.9619952023444044,0.1587960006311814,-0.001396699841734,-1.7985118488453835,-0.4435900123487967,-0.6109821281927253,0.0110377240719257
2015-12-10,SYK,92.38,93.62,92.37,92.93,937149,0.3783709724826758,0.3829859030846894,-0.8362885488689331,-0.7094395657002458,-0.6225117215298593,-0.6143929668876502,-0.4197286752943562,-0.1025798269416746,-0.874501253064301,-0.8414825318253514,-0.0011540282679263,-1.4924362657752002,-0.8325267650892344,0.4234938176045862,-0.4703072840561646
2015-12-11,SYK,92.01,92.637,91.56,92.2,1325140,-0.5220562752045295,-0.5130776839786495,-0.9915454370445194,-1.1094752050251186,-0.6766098451135617,-0.6317927601091327,-0.3152677553315176,-0.1862922892479069,-0.691283391063576,-0.3049706001715169,-0.0013642213823915,-1.5866384938419626,0.3780187233229616,0.1296973517699992,-0.6178086559991659
2015-12-14,SYK,90.3,92.0,90.3,91.41,2001592,-0.5664434359353997,-0.5575869081203414,-1.153174100398083,-1.1655511954399906,-0.7436972071509201,-0.6791466708612864,-0.1829185210370353,-0.175644915836878,-0.8155710516411029,0.5303535055770171,-0.0014346547466802,-1.4461799660796593,-0.5226434215179913,0.9023931006196187,-0.0413899682556992
2015-12-15,SYK,92.13,92.99,91.66,92.44,1707488,0.6685221565275102,0.6689900497609369,-0.8124249465358795,-1.0311108695158917,-0.7493858120096009,-0.5589904554410748,-0.1449704859954736,-0.1720851548849553,-0.808665020966717,0.1061771800518322,-0.0010668001485216,-1.0424173500931295,-0.5670421616604635,0.2279008962282843,-0.3922397065280622
2015-12-16,SYK,93.06,94.12,92.5,93.93,1534660,0.9705140810599704,0.9652692489596114,-0.3638525258287168,-0.8156031139634538,-0.6890078687583197,-0.2928113255800705,-0.1604116809392421,-0.0880923304398776,-0.5748877012826088,-0.1083951759909138,-0.0010940291277502,-0.4583335658019334,0.668245599976459,0.6800025238242043,-0.1539536031642601
2015-12-17,SYK,93.92,94.26,92.7,92.71,1735512,-0.8416280642192357,-0.8342446574316327,-0.6432403710704463,-1.1909937749859485,-0.682994783944247,-0.2198022314385205,-0.1686456040275302,-0.0645295483460685,-0.81846306381311,0.1354386239163882,-0.0014022976478727,-0.9365766643490896,0.9703163060470276,-0.999673237866622,-0.1889752813667632
2015-12-18,SYK,92.24,92.29,91.26,91.26,2083937,-1.0067222254801145,-1.0008178331349629,-0.9898755892173932,-1.1686156971974104,-0.728592415030464,-0.2942400503940092,-0.0872431485015688,-0.070597181407828,-0.8062902869009321,0.5275835308905414,-0.0014460286546674,-1.504980347048568,-0.8422985781827219,-0.8290133142680826,-0.6507027613036789
2015-12-21,SYK,91.67,92.29,90.84,91.42,1192921,0.0761567730755392,0.0836798160500457,-0.8770676718104781,-1.2117589193097509,-0.7514656764518473,-0.2952981692323985,-0.0585477726175193,-0.1140125093053824,-0.9377292358115726,-0.5450284489642502,-0.0011171204469567,-1.4422599406817298,-1.007435808052064,-0.2323593815529448,-0.2694660359544592
2015-12-22,SYK,91.94,92.87,91.12,92.73,952644,0.859128537162014,0.8561557172635694,-0.4657506618712334,-0.8290419378217421,-0.7115310773003575,-0.134478312401689,-0.0746762699261202,-0.0452149747585921,-0.6795496067324437,-0.8182175731514301,-0.0011467583236439,-0.9287366135532308,0.0757256843922042,0.6228667238546893,-0.0185157078449036
2015-12-23,SYK,93.27,94.19,92.86,94.12,956630,0.900236698488509,0.8964477564060671,-0.0426475461039659,0.1360423485419105,-0.6197305648609269,0.1276795410142957,-0.131835946113551,0.0099236931514266,-0.5460041032235612,-0.7969450941196672,-0.0011495767262891,-0.3838530832413124,0.8589017046685279,0.6622115652213134,-0.4136428242515398
2015-12-24,SYK,94.07,94.88,94.0,94.36,466412,0.1257579837190058,0.1329030831207738,0.0647479622075064,-0.1842542955943188,-0.533083728356366,0.3241403506092773,-0.2293733583090513,-0.0006881719308265,-0.5995231503141241,-1.4255801939662065,-0.001198775860803,-0.2897724736910552,0.9000205900042264,0.2065952987949911,-0.814088246496116
2015-12-28,SYK,93.85,94.22,93.64,93.95,861073,-0.3035110427805813,-0.2943968374622004,0.0081711895107039,-0.2332456486947423,-0.4767517371255231,0.4032791084091104,-0.4220974730975589,-0.027292884760646,-0.7873394739857795,-0.9053040139558092,-0.0013225522925861,-0.45049351500608,0.1253398346520946,0.0541861504352017,-1.0768193918600075
2015-12-29,SYK,94.35,95.18,93.72,94.81,926360,0.5369019053120845,0.5394146985904548,0.2730948005597977,0.1058781739661585,-0.3954005937662871,0.530988981532383,-0.5008237455198047,-0.0573845017277604,-0.418698250824852,-0.6630279271705792,-0.0011542671221061,0.1017737668490244,-0.3040411765445081,0.3420334350894071,-0.3079397155076591
2015-12-30,SYK,94.72,95.11,94.0675,94.25,1226184,-0.4007262508272929,-0.3915770146308743,0.1518060442855652,0.275218426098315,-0.3506227584377263,0.5390178147554693,-0.6360668383144753,-0.0562580470554001,-0.5528869691010809,-0.1989506155891791,-0.0013561599467275,0.0299806314749704,0.5365910125917697,-0.401203998335814,-0.6694899916219369
2015-12-31,SYK,93.63,93.94,92.92,92.94,912855,-0.8983332220770386,-0.8914073026588891,-0.170145907362786,-0.1867160680855031,-0.3641898629714037,0.3952620105142287,-0.7696219289668049,-0.0213315328264173,-0.6740149135700334,-0.6544856418530595,-0.0013307694099013,-0.4794115298425505,-0.4012817454137957,-0.5830903601115041,-0.6766727645197363
2016-01-04,SYK,91.47,91.54,89.56,90.02,2089884,-1.9890264873797536,-2.001296298356426,-0.9582234940644414,-0.613243017022075,-0.4859546887146794,0.0017582953098719,-0.6375228284539576,-0.1382100835585428,-0.573585901613407,1.1953943983863735,-0.0014509207782349,-1.6092167519358134,-0.8990185288849415,-1.2239779533109416,0.2417676489757097
2016-01-05,SYK,90.12,91.02,89.98,90.89,1533716,0.5686979429932125,0.5707415915593504,-0.6650014085546161,-0.2896570281824258,-0.5436441402945674,-0.1481157667899665,-0.6094546084558499,-0.2190941965990558,-0.704561917258713,0.3200559608319582,-0.0010775134516602,-1.0946192541466706,-1.9899963266074487,0.6192102420167035,-0.637704209086414
2016-01-06,SYK,89.69,91.1109,89.69,90.75,2083798,-0.1288935592779219,-0.1202243942158284,-0.657641778341086,-0.5364742513567797,-0.5897708628881905,-0.2382527511071225,-0.5826156018544782,-0.219113099341047,-0.6963424996084969,1.0415427812577422,-0.0014545438479931,-1.1774280468943483,0.5683953450005073,0.8665911564717315,-0.2864310412684
2016-01-07,SYK,89.53,90.08,88.01,88.44,2029986,-1.6177460884700627,-1.621243728673616,-1.2431444073983977,-1.2566998235034572,-0.710741285940341,-0.5030087351355893,-0.3981415352937223,-0.0797768583018856,-0.9652493144815796,0.8571556193897895,-0.0014661267070657,-1.6819446177321395,-0.1293781400557804,-0.9461361177585692,0.3593271464867549
2016-01-08,SYK,89.0,89.7,87.68,87.89,1577083,-0.4201728931672376,-0.411034970181597,-1.3393809952992934,-1.1697710128530203,-0.8204948009153392,-0.6859413940625299,-0.2058667694371239,-0.1037277408420904,-0.8722149736107071,0.2215228977403616,-0.0014314770794449,-1.788225702201221,-1.6186190706677532,-0.9685916242042796,0.3241219481708779
2016-01-11,SYK,88.15,88.47,86.68,87.53,1763076,-0.288006778055547,-0.2789122525039003,-1.3686654797461613,-1.009760878906332,-0.9128170324115186,-0.7874196976024407,-0.0347983121163214,-0.1256015857126218,-1.0208866925197002,0.4164971750069726,-0.0014691407936807,-1.5488846315053608,-0.4207334608575888,-0.557707439107482,0.1130076206961564
2016-01-12,SYK,88.03,89.1,87.6382,88.73,1536416,0.8205358317145938,0.8183053172600464,-0.9780443075877944,-0.7382525261905409,-0.9297350422729692,-0.6745131720012413,0.0419336190148033,-0.0663132778954873,-0.7202136832122356,0.0846174784409095,-0.0010278573198967,-1.0795884144546546,-0.2885328671754847,0.5744587486152338,-0.2183083690597351
2016-01-13,SYK,89.57,91.75,88.8,89.31,3088662,0.3739650946601815,0.3786327982281362,-0.7828122493476218,-0.924518156123938,-0.911505295326149,-0.4937182305509033,0.0857426376389905,-0.0629709021129144,-0.5048771683816696,2.081650511316624,-0.0008418268521083,-0.8527619095468144,0.8202989314264154,-0.2456250709140093,1.161509316249964
2016-01-14,SYK,89.49,91.52,89.34,90.92,1982769,1.089335614911697,1.08145551170869,-0.3000139169155388,-0.8663266440799134,-0.8258715311789042,-0.1755854974509625,0.08490212724272,-0.010136646312887,-0.4089693260421382,0.5805047709041349,-0.0010178434666857,-0.2231228183371187,0.37361169612592,1.180958594742371,0.4069501107479415
2016-01-15,SYK,89.15,91.29,88.73,91.11,2818337,0.0971076428780187,0.1044758215337992,-0.2052529768488175,-0.8793898890658723,-0.7436523644878456,0.0701315739577485,0.042401561085714,-0.0823654605428876,-0.6084017835435994,1.5360887632591915,-0.0009470383735792,-0.1488175839707579,1.0891688372282748,1.6347210140867463,0.750379530004949
2016-01-19,SYK,91.96,92.76,90.57,91.56,2683948,0.2745016726146466,0.2802792047159588,-0.0594985631522848,-0.6952398161672835,-0.6549295681159433,0.2834454619257256,0.0298019997591406,-0.1106597778024752,-0.3496528956312336,1.2666745722988944,-0.0009882466782226,0.0271684974232573,0.096682019710857,-0.3549454554238381,0.4020845933361741
2016-01-20,SYK,90.41,91.715,88.57,91.0,1968109,-0.413779147018543,-0.4046368296745757,-0.2166690245089316,-1.0138125610528388,-0.6014186260185006,0.3634618655561724,0.0308849956384084,-0.1642294327362212,-0.2093189711326455,0.3922325317398187,-0.0014136313749503,-0.1918364038670725,0.2741223267594877,0.4667213127078137,1.2889728260286206
2016-01-21,SYK,91.43,92.26,90.3,91.89,2072363,0.5759012467695558,0.5778364103289532,0.0322783895059366,-0.6878094201891075,-0.5196897870536629,0.5001073692369669,0.0327478936308888,-0.1399998520032204,-0.0919718274899443,0.4540066236267243,-0.0010509204387622,0.1562249571122008,-0.4143380467531811,0.3537974289530778,0.1863242016723076
2016-01-22,SYK,92.59,93.95,92.43,93.91,1731062,1.3356102878562128,1.3215761940951778,0.5951600136844195,0.0060951658812971,-0.3728192313809814,0.7770974295980022,0.0669212523792389,-0.0695847948135121,0.0194110954897786,-0.0047784174200873,-0.0010928616984832,0.946206922480886,0.5756005279242875,1.050779857092481,-0.242392944043988
2016-01-25,SYK,93.77,95.02,93.41,94.41,2693895,0.2984811026121224,0.3040053649468614,0.734405802645432,0.8686321503692779,-0.2357242993196747,0.973527190994751,0.0791834096648478,-0.1181099304810605,-0.1222251503044707,0.9766182525011036,-0.0010214612346739,1.1417470129186795,1.3355077565845503,0.4893402957136107,-0.1700890372482671
2016-01-26,SYK,94.5,96.16,94.01,96.02,2651926,1.0287075939858057,1.0221993648728946,1.1715475069831425,0.976396311498453,-0.0646637490685751,1.2180979166276285,0.1683860454116771,-0.0492720552597457,0.0908917679688283,0.7595584626819873,-0.0010409893254739,1.3937874636652543,0.2981080123427083,1.1889079300333831,0.2747753220340275
2016-01-27,SYK,97.82,101.18,97.82,98.6,6550017,1.639840207170458,1.6169239414133203,1.8397901282321896,1.3119372719941729,0.1687985518283965,1.574375529074276,0.4476472443089415,0.0954023460855727,0.5594251818494814,3.98387361384514,-0.000778239551619,0.8514036924272533,1.028525000088925,0.5761205011303416,1.248689150636282
2016-01-28,SYK,98.93,99.115,96.52,97.31,3584877,-0.8475281766537842,-0.8401899116925351,1.4329058264652397,1.6271759174927851,0.2979199682805811,1.5908259786588934,0.5700578494730172,0.1360099963256497,0.2197857208477363,1.0666955229127868,-0.0014604719260968,0.55566616254444,1.6398170412693074,-1.2634932612555054,0.6311561081553113
2016-01-29,SYK,97.95,99.9,97.16,99.15,3146617,1.1442189296888583,1.135048081415172,1.8832018304940887,1.926860952142418,0.4656006866473647,1.703237317671218,0.8120656073813832,0.1863517956022183,0.5960677997817533,0.5782536034048087,-0.0010352928391812,0.9774933369509364,-0.8482002297972777,0.8992795919995555,0.7117921278911213
2016-02-01,SYK,96.79,99.5999,96.56,99.17,2575792,-0.0204376895471963,-0.0122910838399178,1.7936805281229615,2.04674524850808,0.590769810303974,1.683742275917836,1.0315396749815544,0.1230671283873354,0.8169990939632759,0.0313447805305975,-0.0010847270377338,0.9820784149336153,1.14406646958019,1.83145025028104,0.963358743977346
2016-02-02,SYK,98.21,100.0196,97.8414,99.03,1868564,-0.1208867887389126,-0.1122497661367716,1.6175416009231995,1.936219543526156,0.6749805589002038,1.562720090192381,1.1692529759323285,-0.185605688460722,1.3024831831492445,-0.531866727899571,-0.0013511414830206,0.9499828690548598,-0.0208939771173888,0.6044996983215152,0.2417878796073089
2016-02-03,SYK,99.91,99.99,97.49,99.09,2215419,0.0047246703676199,0.0127231726394628,1.511440884732555,1.9051858992543889,0.7339231725159429,1.400862597153456,1.2887987949632578,-0.1881011153876351,1.157528067895137,-0.2752788703982725,-0.0011089209463038,0.9637381030028982,-0.1213692807665526,-0.6463992636119282,0.5113317462436767
2016-02-04,SYK,99.0,100.04,98.58,99.54,1594364,0.2497380055340297,0.255767544109248,1.5067312949992686,1.8267264806596115,0.7875708855723821,1.2577476198323545,1.3907202852133362,-0.1983138557903959,1.2550549540470504,-0.7587452020888601,-0.0011508541224598,1.066902357613183,0.0042749469776438,0.385784095475244,-0.3689243164605959
2016-02-05,SYK,99.04,99.415,96.49,96.91,2017770,-1.6779492138499934,-1.68271101563069,0.6482550413572279,0.9472567881029846,0.7166248317435604,0.8225534268465707,1.2927115416935389,-0.182075618301273,1.2390707031630182,-0.416970524475322,-0.0013552325604867,0.4639646028908527,0.2493521995068485,-1.6511681501256188,0.9241235573158046
2016-02-08,SYK,96.09,96.46,94.31,96.06,2147917,-0.5790628253630309,-0.570246844027003,0.2956464630738598,0.6697418481367737,0.6181257781045297,0.403477125260757,1.1200586282554623,-0.1653163984437375,1.19774218289427,-0.3315179847810991,-0.0013675521541275,0.2690987886269838,-1.6788379014173678,-0.0499043701366682,0.273998266352529
2016-02-09,SYK,94.93,97.32,94.93,96.64,1877215,0.3429113247306734,0.3479423022736297,0.3280426946192457,0.8858952357093747,0.5547993133124669,0.1587497222016167,0.8898504694221755,-0.1863427892462215,1.361078586812683,-0.5507336062446871,-0.0011284601040936,0.3284195089616367,-0.5796648431460218,1.3346183761906285,0.4697755772398381
2016-02-10,SYK,97.49,99.115,97.49,98.1,1537910,0.9075744737935452,0.9036370975100056,0.5983670915073008,0.9524434390287784,0.553989666544824,0.123885013146192,0.714254637769611,-0.1792188290987588,1.3834412176132869,-0.8207173820939713,-0.0011528112244787,0.6309454345622033,0.3425498251064145,0.4464148979902758,-0.2108050795174748
2016-02-11,SYK,96.48,97.38,95.67,96.16,1921108,-1.264194745877817,-1.261494675513349,-0.0293234718788336,0.2266463180970893,0.4698854062744786,-0.1184056553693792,0.499614672522407,-0.0272822341985603,0.958968736107666,-0.4799097672623091,-0.0013514825670158,0.1195328903402822,0.90736027953669,-0.2769029029622982,-0.1092849097193548
2016-02-12,SYK,96.94,97.45,95.76,97.33,1286437,0.724511276762536,0.7240271994541861,0.2022569193757473,0.3286689836772259,0.4424814711101327,-0.1662925294332754,0.3590654259416114,-0.0611475802800165,0.867947405902642,-0.98180580597844,-0.0011668990555922,0.4279621051545342,-1.26497549607754,0.2776363706698854,-0.1442258610888679
2016-02-16,SYK,98.45,98.45,96.9901,97.4,1932320,0.011780106387326,0.0197352672903621,0.1346843389137403,0.0806402875050818,0.4170153165061888,-0.1996142148800641,0.1970518956173138,-0.0597078436844266,0.8464446447373707,-0.4189726158332297,-0.0011318649741031,0.4464151351006882,0.7242493262610217,-0.8320999375330468,-0.3421522321009904
2016-02-17,SYK,98.09,98.23,96.2,96.29,2899977,-0.7425075586925797,-0.7344510389131392,-0.2313896823175781,-0.689079776086297,0.3474471613361229,-0.3397893534957221,0.0260949435071551,-0.0084298921360561,0.5912318666015731,0.3839987172469062,-0.0014026715720066,0.1538028030974238,0.0113322235700822,-1.4127291646668705,0.1656804017034368
2016-02-18,SYK,96.04,97.49,95.79,96.94,1645209,0.3872731892058012,0.3917805565349642,-0.1355347883652438,-0.2730445838328424,0.3125955108212211,-0.362569779037126,-0.2399242320362017,-0.0252005546699814,0.7911835353304507,-0.6573747363204638,-0.0011464084670899,0.1474256530425007,-0.7431522147928281,0.6816864337812044,-0.1298068717673642
2016-02-19,SYK,96.8,97.93,96.22,97.72,1580941,0.4679454594126187,0.4714211827636614,-0.0037072387323267,-0.5427582550998102,0.3103984981263324,-0.2967416438585619,-0.4993964429997234,-0.0301425070254322,0.7643174097595957,-0.6977510615578371,-0.0011532736506229,0.1284023956727654,0.3869232623940342,0.6917376056292104,-0.1329441485679775
2016-02-22,SYK,98.5,99.12,98.105,99.04,1437186,0.8079844061718291,0.8059903221539116,0.2821292887083895,-0.2179869832479851,0.3548204925466691,-0.1240826139293913,-0.6100410357106641,-0.0940089691023189,0.6348018175013411,-0.8125595308656824,-0.0011639442245523,0.527338405973204,0.4676165778176714,0.387875976928695,-0.7372147294231622
2016-02-23,SYK,98.51,99.6099,98.34,98.87,1327760,-0.139860606609437,-0.1311490825056832,0.1757138531423964,-0.2245974359056579,0.3772894879160591,-0.0424620316307596,-0.7269448619775497,-0.0912013859504406,0.5263267877280635,-0.8723958024121093,-0.0013134681233712,0.3719081313432115,0.8077442315556658,0.2497837705114484,-0.5208823380231343
2016-02-24,SYK,98.34,99.7,97.78,99.57,826117,0.4077911143165981,0.4120458123786178,0.3151855093741069,-0.0870981874477517,0.4161519892002689,0.0650310362249949,-0.7343586430335514,-0.1432018752270628,0.3755062911755738,-1.2848546948914954,-0.0011975313148009,0.6638493089203304,-0.1403480483937897,0.9186569670158256,0.0157309330009719
2016-02-25,SYK,99.5,101.95,99.49,101.8,1724667,1.3613538979127422,1.34662283959309,0.8682421154360077,0.236224797890814,0.5269434418203542,0.3361693730189197,-0.5646192120406359,-0.1986082699485563,0.3091656310040607,-0.2634953113861655,-0.0011499034461102,1.3776134078713689,0.4074465400774257,1.72010662370903,0.422610418575955
2016-02-26,SYK,102.08,102.69,101.09,101.36,1552852,-0.3020877571909385,-0.2929751970264767,0.6946790185253789,0.7843954365981567,0.5889448593685451,0.4274953320806851,-0.4699260157638954,-0.2505721542214028,0.4437708721890801,-0.3531168608282279,-0.0013235648743152,0.9152938542455694,1.361258082453762,-0.5592053176604198,-0.2757617963904035
2016-02-29,SYK,101.04,101.28,99.8301,99.88,1161374,-0.942051839203006,-0.93551469064822,0.2896685790437464,0.6092556364958558,0.5715504784673839,0.2961926808895885,-0.4529822284762367,-0.2674014847425207,-0.0593460253720913,-0.7079778718044043,-0.0013049955320755,0.3282069001387785,-0.3026175196580893,-0.893696507170374,-0.3815130082318191
2016-03-01,SYK,100.4,101.18,99.42,100.92,1069759,0.6152654607380612,0.6165934275941757,0.5432719764307637,0.6771233881526912,0.5901956146567743,0.2839156565213698,-0.3980642177448107,-0.2405508160128086,0.0916887421001355,-0.7582595515129584,-0.001184018355661,0.7407544895111194,-0.9427485510175376,0.3649875157135712,-0.1378963110858583
2016-03-02,SYK,100.99,101.6478,100.41,101.52,1175314,0.337146867165768,0.3422436042175906,0.6690577831315879,0.5465355816482834,0.619745220897167,0.3021619552218186,-0.3192833174270062,-0.2358378640712993,0.2018001208785426,-0.6016284689089239,-0.001179562651464,0.9787627141490048,0.6149750109532245,0.3701825692072821,-0.5751761885741912
2016-03-03,SYK,102.0,103.0,101.14,102.9,1622331,0.813301156988083,0.8112072206898969,0.9836833527041824,1.3223325580630194,0.68784903168067,0.415996852980346,-0.175144944190557,-0.1963531044969474,0.3972193230177504,-0.0164326459537218,-0.0011574848502208,1.404625800093435,0.3367838637501941,0.6403168476201426,-0.0848710507591678
2016-03-04,SYK,102.54,104.0,102.54,103.45,1946813,0.2997728648610094,0.3052832256152519,1.0755362158568078,1.251266050609618,0.753090095629963,0.4996961101169965,-0.0263427869677976,-0.1950452486357769,0.409420866408397,0.3629113691881779,-0.0011434861752449,1.2541997175599282,0.813062369368634,0.6441742283147754,-0.4151261759119062
2016-03-07,SYK,102.68,103.0,102.33,102.84,1443081,-0.400104819022048,-0.3909553221171929,0.8322273969812676,1.0383030377477096,0.7702125042212495,0.4427989252789467,0.0321409867351215,-0.4210092338619943,0.7312046996913079,-0.2280003885912055,-0.001313719101579,1.0449375155124647,0.2994001115774833,0.0914112016354196,-1.0483603072074985
2016-03-08,SYK,101.68,103.17,98.0,102.78,2109408,-0.0693192854662774,-0.0609138708787966,0.7246398440191728,1.4031979822615344,0.770838907759086,0.3548207443733068,0.0281171452876626,-0.462752853964698,0.8599393813640389,0.6138100466390964,-0.0013492329330292,0.9957451826581736,-0.4006601514937738,0.7910218015895079,2.600855918425649
2016-03-09,SYK,102.88,103.545,102.71,103.12,1592685,0.1729558225789297,0.1797049852301223,0.726104008264439,1.367316951906258,0.7740968056325889,0.2912116207686375,0.0352890680796132,-0.4650754765796995,0.8172999633546614,-0.0193452392795109,-0.0011590685755537,1.0917047122229724,-0.0697883249248446,0.1499317815570812,-0.916482767032377
2016-03-10,SYK,103.49,104.1,102.31,103.75,1785489,0.3473624094706478,0.3523422513059908,0.8147549475437464,1.349263697839777,0.790662357208894,0.2745779934297769,0.0946370990082551,-0.5101572020758217,0.6783844649519992,0.2082385429933802,-0.0011516866113244,1.3048640976134254,0.1725499861536446,0.1634937123758848,-0.1534430512883401
2016-03-11,SYK,104.54,105.02,103.98,105.0,1797514,0.7171007942805647,0.7167455241932004,1.0213961199748605,1.3406773940764491,0.8415877746292358,0.3497127947493679,0.1070097240311577,-0.6827583262107221,1.182659258087981,0.2321895972855431,-0.0011539835496379,1.4356990944446315,0.3470020710142002,0.3061286488184057,-0.7658525309687345
2016-03-14,SYK,104.86,105.505,104.18,105.19,1090913,0.0796613581361968,0.087158982481262,0.9642140816961096,1.43025250670153,0.877611406923925,0.3714636974201083,0.14250301589591,-0.705428236578231,1.0185528377540551,-0.6541523090552653,-0.0011905295208511,1.3350952026000529,0.7168369105842838,0.2114489374436573,-0.5415412344773122
2016-03-15,SYK,104.26,104.99,104.13,104.85,1245263,-0.2342293613283129,-0.2252330871565677,0.7757956918041418,1.207511268951492,0.8809285450676,0.304678466641703,0.1295728842219145,-0.6896838135275465,0.9558782239178903,-0.4223465584244747,-0.0013011715955369,1.2187574030395314,0.0792311837044662,0.4012256824532533,-0.90774603530149
2016-03-16,SYK,104.01,105.59,104.01,105.2,1193413,0.1748276395854306,0.1815603706699596,0.7472643035748382,0.8928434781719404,0.8854290569162195,0.254296265564183,0.0279801244147142,-0.7868560777562101,1.1915131448806844,-0.3994324885257013,-0.001185474608033,1.3105898950905828,-0.2347414213724341,0.8380871059183975,-0.3396265839212121
2016-03-17,SYK,105.2,105.26,103.17,103.3,1822010,-1.157428279242756,-1.153266246651525,0.1747124820789119,0.3442207534702272,0.8032643755904796,-0.0090842106206775,-0.1348620089422637,-0.6025862897970692,0.7960722037495318,0.4518701223824624,-0.0013283238934902,0.6304587179620078,0.174422291466656,-1.390844990064612,0.0948561171946001
2016-03-18,SYK,103.85,105.12,102.87,104.95,2047471,0.9614450205751668,0.9563923638716808,0.5035494303907093,1.1827527556890571,0.7922562870110655,-0.0366327467728902,-0.2447667134971077,-0.5541480068755696,0.9191353406841996,0.717083068665765,-0.0011434370003402,1.17047463132692,-1.15818117695446,0.7739430897474027,0.195402476690255
2016-03-21,SYK,104.69,105.1263,103.95,104.86,1094284,-0.0863854987436737,-0.0778987219369634,0.4045186370861209,0.9789011353895845,0.7694247020395645,-0.0891050518709505,-0.3124739480660244,-0.5852476317080507,0.6955654391879896,-0.5513475233109751,-0.0012939329713307,1.1321678018301418,0.9612448796892448,0.0963675973666275,-0.6564216222932181
2016-03-22,SYK,104.78,105.37,104.37,104.94,1366705,0.0145019828865632,0.0224402111088852,0.346085215200751,0.8807240103990823,0.744204095632796,-0.1372321959976927,-0.4223861606089262,-0.59137094003355,0.7341853904947397,-0.1821439432355902,-0.0011775293953512,1.1662183169383866,-0.0868589903164283,0.0890517028739285,-0.797147614646928
2016-03-23,SYK,104.89,105.945,104.7048,105.59,1610615,0.3526312141817379,0.3575501219618666,0.4333043384329381,0.7230731176053996,0.7395762290857489,-0.122728553396257,-0.4994298137039209,-0.5936858413424134,0.7204715096665565,0.0936424132119318,-0.0011676596828375,1.2943470409541131,0.0140548101333964,0.477890233513114,-0.612449634088411
2016-03-24,SYK,105.67,105.9,104.335,105.22,1176833,-0.2511556592509089,-0.242123442603128,0.2953125713894769,0.4238340453127732,0.7114497387855596,-0.1716106923359298,-0.5001352846806129,-0.7339598324795806,0.3259218651468977,-0.4535267417284031,-0.0012961013386124,1.1395393419165123,0.3522722502141605,-0.3480569059431915,-0.3517454475635429
2016-03-28,SYK,105.27,105.675,104.81,105.07,967139,-0.1217501356651495,-0.1131095978322524,0.2097132829982189,0.6272188530164082,0.6737927449603064,-0.2352477554972314,-0.5342052677816175,-0.7448655274605793,0.3700832191214138,-0.7108498076374181,-0.001287448313745,1.076779463928294,-0.2516721349090796,-0.1698556126204777,-0.9052113711175922
2016-03-29,SYK,104.8,106.92,104.605,106.87,1015023,1.0335735533834511,1.0269573123494935,0.57424514637654,1.0419394585492947,0.7049668818895365,-0.1089872603656657,-0.6168649892138571,-0.7807092304703827,0.8603462494581346,-0.6378124423976874,-0.0011949848558469,1.4242454476108106,-0.1222328529166888,1.4659753888607994,0.2139918020620522
2016-03-30,SYK,107.34,107.84,106.9,107.05,1011546,0.0718645048077841,0.0794184130863397,0.5404132516786834,1.0134372270813643,0.7266837261443724,-0.0323217728006492,-0.6566874872251718,-0.8018465512682889,0.7246014148078097,-0.6398276843065664,-0.0011959523621856,1.1759983238819522,1.0333922288839767,-0.2304344723800006,-0.8595125235743247
2016-03-31,SYK,106.79,107.9499,106.1,107.29,1478398,0.106582929387903,0.1138787754408901,0.5264374502934979,0.939827669473346,0.7430779532051051,0.015310292220549,-0.6795856600449676,-0.8056785023644054,0.6672491212172387,-0.0128120195417683,-0.0011755053820651,1.2224114714605894,0.0714322963875667,0.3274234302319746,-0.154356283978126
2016-04-01,SYK,106.72,109.01,106.26,108.52,1753104,0.6807460216631036,0.6810102504479535,0.7619331016194955,0.935884958311626,0.7936332717606297,0.1413460056750562,-0.5805118178881862,-0.8237922737073706,0.6346455798602424,0.353990756583518,-0.0011649021770773,1.2949360679651978,0.1061597780671208,1.2479826741158473,0.5206127271979144
2016-04-04,SYK,109.0,109.79,108.53,109.33,1235529,0.4317018041087199,0.435653686885194,0.8880970732004437,1.0506563185923632,0.8540358532659778,0.2675212617546639,-0.4478034279900964,-0.8170133417257992,0.6672926120835688,-0.3123533038880356,-0.0011893687169101,1.3131821018770613,0.6804726539883725,0.2024182115578337,-0.6308420308124448
2016-04-05,SYK,108.87,109.29,106.65,107.04,2634967,-1.3370379882793997,-1.335444082672633,0.2641399821957138,0.3583060220883942,0.800853065081031,0.0760946803639691,-0.4829000678807304,-0.6263182583662819,0.4323237890758312,1.502674024962649,-0.001354320104036,0.6675183426961214,0.431363467522829,-1.2962694014439249,0.4641681429794428
2016-04-06,SYK,107.05,108.86,107.05,108.23,2075128,0.659147684744533,0.6597701867944102,0.4908180825071995,0.5178668814761157,0.7946817859395936,0.0439602302443654,-0.4978253449525034,-0.601246697723469,0.6112902703197768,0.752272988898917,-0.0011511280040016,0.7496002497316168,-1.337837741314003,0.8064822019651615,-0.1975610315857105
2016-04-07,SYK,107.81,108.35,107.31,107.95,1340135,-0.194062757452529,-0.1851702063320411,0.3603168326312091,1.0554048009114263,0.7682197276911206,-0.0339754459748712,-0.5311191022573172,-0.5922102782036142,0.5204209767183197,-0.2228885397120286,-0.0012999631328082,0.6251656467257475,0.6588686826469422,0.0717935495300223,-0.7884105720066185
2016-04-08,SYK,108.35,108.92,108.0,108.54,1227752,0.3072748427673022,0.3127039480674475,0.4458132522069647,0.8740848534781955,0.7600111032749801,-0.0493399624916774,-0.5319353785215026,-0.593817476183388,0.5105815774471381,-0.3437360326294605,-0.0011891508903235,0.8424124340132452,-0.1945643391143596,0.1061692745306376,-0.8849152887125912
2016-04-11,SYK,108.49,108.94,108.17,108.25,1912587,-0.199338689768008,-0.1904310358782917,0.3333452518228275,0.7950802240598874,0.7319588705029371,-0.1127086820131327,-0.5160183401813347,-0.6233379295687526,0.2871067258548082,0.5943870760072981,-0.001324561496076,0.7031042481955654,0.3069040465472281,-0.1934511110768522,-0.9985067008642052
2016-04-12,SYK,108.14,109.46,108.14,109.45,1283281,0.6571623403043689,0.6578174095397159,0.5753857310821184,0.990095110118557,0.746650963312369,-0.0533804994106991,-0.4584177816423612,-0.5919467769473676,0.4273010800250368,-0.2853550071148588,-0.0011861194099007,1.2795519136480222,-0.1998416477781082,0.8889122133419621,-0.5862080086947455
2016-04-13,SYK,109.26,109.93,109.0,109.62,1469587,0.0637044263385131,0.0713162040993839,0.5570104407625553,0.9114746509568128,0.7545904215371959,-0.0232991185055192,-0.4218956244604697,-0.6022837626482858,0.500666504769573,-0.0452083554688146,-0.0011791987934146,1.2969161067811044,0.656882820284026,0.2226184908602953,-0.8842722738088439
2016-04-14,SYK,109.88,110.41,109.56,110.1,1047039,0.2396171479656009,0.2457468870040363,0.613045084741501,1.1301348554267396,0.7692100872577134,0.0179607253153307,-0.3727311637485581,-0.6011061704607069,0.5165923719588786,-0.6129328876566809,-0.001198472045415,1.3062081584784058,0.0632700891741781,0.1249520397469982,-0.947911270225623
2016-04-15,SYK,109.91,110.09,108.94,109.8,1588442,-0.2026364722031357,-0.1937196051875148,0.4581441227737742,1.0722316661290825,0.7585493639265533,-0.0141026858548372,-0.4510232562159281,-0.7560182717456926,0.7566524972301406,0.1444496657448666,-0.0013087665803819,1.1739462935934273,0.2392287016799842,-0.1019302017294191,-0.7184460469857575
2016-04-18,SYK,109.76,110.52,109.2,110.39,1039660,0.3015416812120652,0.3070329636843759,0.5341733005673973,0.8650086095066865,0.7628309063403846,-0.0012922799887189,-0.4446510259030146,-0.8268104950175126,0.5937886946870544,-0.5607397481642068,-0.0011984187644602,1.3771034706300995,-0.2031402905156198,0.4073352772348321,-0.5947668358990732
2016-04-19,SYK,110.44,110.98,109.0101,109.73,1388432,-0.4052245487955285,-0.3960773859062239,0.3130325253533423,0.57616138621809,0.7301366429813853,-0.086219042830821,-0.4902620836988012,-0.8007795292103272,0.5146086516062042,-0.0834382414198187,-0.00130092760963,0.8175624358944494,0.3011693893649598,-0.5120261439724285,-0.0951682577911762
2016-04-20,SYK,109.56,111.25,109.33,110.73,1969258,0.5343787632781846,0.5369281061405448,0.4841540629440181,0.725778232598363,0.733431156704884,-0.061525960427103,-0.5187415075086783,-0.7835323462724043,0.6428443930657768,0.6794834227544752,-0.001158365879767,1.1929041463403796,-0.4057812168664989,0.780507003706831,-0.1462372048455601
2016-04-21,SYK,112.5,113.85,108.42,109.31,3236923,-0.8313922613121683,-0.8239318943380841,0.0943681701579493,0.0175449109687251,0.670729198841366,-0.2116452762652438,-0.5793423177975822,-0.6975468240843318,0.3499391333274388,2.196801988792941,-0.0013772565638763,-0.1432257333550798,0.5340672123382482,-2.1686293922937026,2.548652910148674
2016-04-22,SYK,109.44,110.06,108.11,109.4,1837756,0.0182638908507018,0.0261785218836089,0.0652059847318491,-0.1694416553744687,0.6157849272077749,-0.3117725781255076,-0.6809500697191097,-0.7085121753504605,0.4159651429184099,0.3131059347835941,-0.0011624275143319,-0.1571869959541204,-0.832060105031084,-0.0539305074190911,-0.1058149829712923
2016-04-25,SYK,109.33,109.62,108.85,109.49,998420,0.0182217208867906,0.0261366176886136,0.0332453279157895,0.6755238703124122,0.5675447604167897,-0.3746181691574364,-0.8305439254502284,-0.7126882063586131,0.4503449677808463,-0.7648005703215507,-0.0012003196153527,-0.1248261156545218,0.0178176994777361,0.0842504081289839,-1.0052204950308976
2016-04-26,SYK,109.54,110.11,108.96,109.51,1137276,-0.0216236734291523,-0.013470336545327,0.0060887505502588,0.3362737917171501,0.5223833435792045,-0.4169699926024245,-0.8823072924939045,-0.8107110133567359,0.1953235623898611,-0.5924898684065253,-0.0011951507010301,-0.4186629087749059,0.0177755185128201,-0.0470081115156726,-0.7161345267909951
2016-04-27,SYK,110.32,111.0,109.133,110.04,1213644,0.2683167126258363,0.2741580948070425,0.0974197020277033,0.6398101120528631,0.499991350778719,-0.392243345853794,-0.9271890354497556,-0.8054445018984273,0.2427312059138273,-0.5048307173487527,-0.0011928122203114,-0.1913317842788379,-0.0220802703905132,-0.2180723507542586,-0.1773164098031993
2016-04-28,SYK,109.55,110.49,109.25,109.56,1526072,-0.3045687257063533,-0.2954533189704217,-0.0453843161127103,0.2215738737332545,0.4563976250845535,-0.4270349239435478,-0.982028586834006,-0.7924025418517142,0.1432553404039426,-0.1114356834919935,-0.0013043421515158,-0.4360064646224357,0.2679357532816352,-0.0194199935601648,-0.6480721148834732
2016-04-29,SYK,106.71,109.46,106.71,109.01,1487240,-0.3455363919401431,-0.3363883280583825,-0.1833838372148093,0.1064270095589997,0.393966150364116,-0.5033562281243735,-0.9901876141442876,-0.8288849163405185,-0.1011628208519519,-0.1447939648585592,-0.0013041380633512,-0.791709947976789,-0.3050991353911936,1.6021072694910308,0.5111195711030785
2016-05-02,SYK,109.33,110.22,109.02,109.94,917423,0.4981476582021071,0.5012108185172999,0.0326145225319942,0.0085108075787113,0.3750697825515109,-0.4523546557283886,-0.9833501190541842,-0.8216523110259755,-0.08553425140328,-0.8606415242801853,-0.001203957648155,-0.3623364993904696,-0.3460774889828113,0.3952199802703152,-0.6816547057547906
2016-05-03,SYK,109.47,109.77,108.79,109.17,851296,-0.4690401477806927,-0.4599576602084679,-0.1777872428667027,-0.3566125212477382,0.3243553333408782,-0.4934525915940946,-1.080704432503106,-1.0185070199551776,0.1247722139088138,-0.8796543099046735,-0.0012781716480638,-0.7359965412568121,0.4978266555452427,-0.2333644685319592,-0.8431875785224209
2016-05-04,SYK,108.61,109.14,108.01,108.59,936723,-0.3637614708173449,-0.3546075803164537,-0.321201295954326,-0.7444316482137597,0.256682485646844,-0.5699815660506294,-1.0958114339097065,-1.0602766664920162,-0.1186258194661518,-0.7114402663045902,-0.0012822353956048,-1.0060280947185267,-0.4696134636181592,-0.0402290423674332,-0.7240693546840794
2016-05-05,SYK,108.51,110.15,108.28,110.12,1707273,0.844200728039792,0.8415177787219522,0.0195910802817331,-0.0869511555577181,0.2585883952263846,-0.4521102221652119,-1.139558720663652,-0.9683798320909228,0.1277505857646526,0.3539210839231581,-0.0011696267091717,-0.2937034795522774,-0.3643073222909413,1.0946711379147025,-0.1760732025905735
2016-05-06,SYK,109.82,111.21,109.52,111.21,1749300,0.5832522394896159,0.5850758557320074,0.2483207292507199,0.0590636632607053,0.2978667177537087,-0.2616171994809929,-1.1073304540510516,-0.9393273132517718,0.193800802396664,0.3692129356735441,-0.001169748952434,0.2137696122981824,0.843970001284017,0.9299480764724236,-0.3248366041840049
2016-05-09,SYK,111.13,112.2299,111.12,111.32,960576,0.0285846072930851,0.0364333410577268,0.2374105521662048,0.3207791148947366,0.3278488139480788,-0.1331511078836821,-1.1029577096813568,-0.9471922136584172,0.2490376648026488,-0.6744484491815027,-0.0012036713358498,0.2649824931271278,0.5829534383198418,0.1028550425989177,-0.7603858851209978
2016-05-10,SYK,111.38,111.91,111.11,111.75,1669941,0.2074904474656271,0.2139275046324639,0.3122351055306782,0.1596556940044383,0.3626561482797543,-0.0179581547050273,-1.0384977871621786,-0.993013548371158,0.1411485769402408,0.3050581671736904,-0.0011757843597294,0.46517830000392,0.0281411083163382,0.2246635219535752,-0.9947002974136524
2016-05-11,SYK,111.81,112.37,111.37,111.48,1439919,-0.1834181470751072,-0.1745574274857187,0.225285847756024,0.6669266646913418,0.3736122817510419,0.0128036274125044,-1.0021714451849872,-0.9872548556925452,0.0817201138167154,-0.0164447500528645,-0.0012990561194922,0.3394739561510545,0.2070936201914006,-0.2493027694661257,-0.8437381500536142
2016-05-12,SYK,111.52,112.3125,110.85,111.82,1048154,0.1568831527638313,0.1637711190390552,0.2855538032822746,0.7346239072539642,0.3894900720340535,0.0500813130154786,-0.9538089177193696,-0.9912406825016488,0.0619587012548455,-0.5682098126795704,-0.0012008421181325,0.4977683150768826,-0.1839169518455378,0.1769253389242835,-0.501304165345914
2016-05-13,SYK,111.91,112.01,110.41,110.91,1050700,-0.5396568740632056,-0.5307228559824617,0.0553510660751532,0.3009268040049807,0.3604090011364513,-0.0358198732315444,-0.9470425723320264,-0.957507023214082,-0.0190063671504126,-0.536376088723951,-0.0012840534799493,0.0740981191283309,0.1564731234130186,-0.7014285619391301,-0.3890393913919465
2016-05-16,SYK,110.86,112.6912,110.8299,112.35,1032074,0.7753311952311642,0.7739407179908828,0.3745982689904134,0.6511493752548567,0.3878669227274832,0.0409895711395789,-0.8835453709227978,-0.8949632261475299,0.0932861362183486,-0.5627071015088391,-0.0012014828950831,0.7445212863436226,-0.5402486118976223,0.9891277923629744,-0.2106177021251265
2016-05-17,SYK,112.05,112.42,109.76,110.14,1168615,-1.2576534784932498,-1.254858395021417,-0.1562656502070117,-0.1636784968403798,0.3172978284139013,-0.1498827248046349,-0.8875070032398543,-0.7354718529640689,-0.1126014799004282,-0.3535068210080467,-0.0012887055410059,-0.2843920466742891,0.7750825022740351,-1.314169381345428,0.4214478947261477
2016-05-18,SYK,109.85,110.67,109.14,109.86,998554,-0.1912696085102262,-0.1823852339502735,-0.2125799481340005,-0.1117253221435158,0.2458219144895351,-0.3049146996276143,-0.8878424583891352,-0.7675739894560254,-0.2828684252024066,-0.5475454926579827,-0.0012826743088705,-0.4147521069661521,-1.2584325222529529,-0.0194388280361623,-0.4306510917792502
2016-05-19,SYK,109.23,109.61,108.62,109.49,804507,-0.2426763077019289,-0.2336615207556105,-0.3027878250314879,-0.063389491048995,0.1709484276925372,-0.4376855735722423,-0.8920781524039878,-0.8322256480735506,-0.1432927130163104,-0.7188477516127764,-0.0012753783502964,-0.336257531104932,-0.191770461514924,0.1535192464695949,-0.8377623801586427
2016-05-20,SYK,110.17,110.75,109.8,110.25,1325847,0.3991540026046993,0.4035158712821096,-0.1319927574285453,-0.1066299951998147,0.1382313445678886,-0.435392415381587,-0.9029581183467642,-0.8128382313689185,-0.0533675613162593,0.1865741513233753,-0.0011882272683935,0.0861289412511691,-0.2431905713262573,0.0285454153143912,-0.8731940456100683
2016-05-23,SYK,110.17,110.6,109.82,110.27,650581,-0.0217020679952765,-0.0135482869662075,-0.1365078432455895,0.1244564576837752,0.1101243484472196,-0.4216916042416931,-0.9127933959193644,-0.8128940178116342,-0.0628508777035059,-0.9335115386281148,-0.0012164899151218,0.097244374734222,0.3988071751763181,0.0422609068566359,-1.0018084342964528
2016-05-24,SYK,110.6,111.87,110.395,111.67,980337,0.7574388213539388,0.7563720530625705,0.1705224599246856,0.6241752997666784,0.1396413954594715,-0.2624076602813719,-0.9014840271765328,-0.7522528057828056,0.1222038735874245,-0.3593611305292515,-0.0012035702600768,0.8753247185480906,-0.0221586854076627,0.7046093996128848,-0.490511081274565
2016-05-25,SYK,111.85,112.44,111.68,111.87,1086412,0.0785075613157769,0.0860135756941006,0.1960431880505164,0.3355474110287429,0.1672805482451631,-0.139814172525054,-0.879039675524954,-0.7582295595000316,0.0767650133783945,-0.1668982073359949,-0.0011999385372207,0.9864790533786444,0.7571854607596316,-0.0128070675894192,-1.0251394606845752
2016-05-26,SYK,111.78,112.39,111.47,111.58,763954,-0.1943872191899713,-0.1854937263732463,0.1030041852284235,-0.0682635733023515,0.1740689449620544,-0.0954088695033483,-0.8806450811533036,-0.7646501485356514,0.1033046314029331,-0.6796492808045126,-0.0012723279624451,0.8253052678743402,0.078077085889613,-0.1614959839561739,-0.904161409607452
2016-05-27,SYK,111.59,112.1,111.26,111.77,696336,0.0730178225579987,0.0805634662512277,0.1150461512619262,-0.0434496888823506,0.1831193425707507,-0.054062275729953,-0.9053057262759592,-0.7802504898328316,0.2043685385049018,-0.75538347129197,-0.0012154200164858,0.788722546029503,-0.1948888854951074,0.0955520872750204,-0.964981214554539
2016-05-31,SYK,111.35,111.95,110.58,111.16,2785481,-0.3727777633177193,-0.3636229728407598,-0.0439677447790087,-0.3761152047120172,0.1627131180240695,-0.0968058390547611,-0.9144257611801044,-0.7873782024971653,-0.0045008681013079,2.70514388801564,-0.0013508064256687,0.355553542816668,0.0725859150072381,-0.1552329332568348,-0.564183046614842
2016-06-01,SYK,111.29,111.825,110.46,111.66,1002833,0.2470419089929966,0.2530982984453797,0.0447609977736709,-0.1332818771110064,0.1626478108889442,-0.0786435184583302,-0.9501433543730188,-0.808297992264598,0.1675006842586192,-0.3452124075519034,-0.0012022140651398,0.7106101028271888,-0.3733259668985528,0.2248664890355382,-0.5725143624005197
2016-06-02,SYK,111.8,112.67,111.29,112.66,1145836,0.5245719087535812,0.5272623626887639,0.2325043701866126,0.0541308536168868,0.1979734308515693,0.0269819751272309,-1.0075905470775095,-0.804537190950197,0.3829812558276531,-0.1198017999873381,-0.00119710496966,1.419367130872565,0.2466553996270333,0.5548510273028642,-0.5704612525878133
2016-06-03,SYK,112.37,113.62,111.85,113.56,1618505,0.4643609048332691,0.4678846416535135,0.4035671687918591,0.5787553524865732,0.2567337006521315,0.1718027552600494,-0.9452217068426992,-0.8546796307945733,0.2913110119933699,0.6841065098910641,-0.0011793343017218,1.4029885737435748,0.5242577994701241,0.7737779969869901,-0.2923337546947414
2016-06-06,SYK,113.42,114.111,113.335,113.53,1490583,-0.0494432174525227,-0.0411384322085144,0.368642340526988,0.2078993961720398,0.2970011844193044,0.2400592664625564,-0.883025828970293,-0.8873673382467482,0.1389055238286254,0.4958733461973499,-0.0012997713280757,1.0911487443156145,0.4640310881248295,0.0469570901932924,-1.0216726450337188
2016-06-07,SYK,113.53,113.5999,112.57,112.59,1407360,-0.5484770194338312,-0.5395672299332818,0.1321954853614994,0.7747872929416814,0.2869156381511359,0.1650566429216324,-0.8678999548678741,-0.8494011372140837,7.531302781054941e-05,0.3097143616757346,-0.0012977163923893,0.522084704032253,-0.0499070717816792,-0.6518664323911223,-0.8289759908275957
2016-06-08,SYK,112.5,114.31,112.39,114.29,1237588,0.9070400502743756,0.9031135129078808,0.5016850846269908,1.2759459735955514,0.3402094791445219,0.2681919958483674,-0.781054385187218,-0.7658854990363785,0.1663381355362116,0.0634624807973117,-0.0011933587228193,1.4311944585639167,-0.5490710582059956,1.1757962974764415,-0.1912499673301893
2016-06-09,SYK,114.38,115.9,113.86,115.33,1474709,0.5335308534267378,0.5360924564733947,0.6995000728834294,1.6071493604883045,0.4168734900299014,0.4108546931832638,-0.6507599433875666,-0.7478761253311429,0.3397280704307484,0.4636184285245897,-0.0011849306909392,1.1826062966513686,0.906825716600856,0.6011899704117671,-0.1171597375328415
2016-06-10,SYK,114.85,115.015,113.89,114.56,891763,-0.448661428241199,-0.4395511237926019,0.4859098345122176,1.1352028668553793,0.4405518878620774,0.3886007951791777,-0.5877564114480816,-0.7218786825106496,0.1923973632924311,-0.5176780625240079,-0.0012769349364902,0.8310101724987992,0.5332190812900183,-0.2170872752475944,-0.772901529208528
2016-06-13,SYK,114.56,115.54,114.36,114.44,1200215,-0.0982104678057985,-0.0896700493244168,0.4155703903036489,1.0789679186896246,0.4477371383495689,0.3283445994338769,-0.5520790482324208,-0.7565280106400224,0.2999607907951252,-0.002587285478259,-0.0012893486008966,0.7762159713321627,-0.4492294278210455,-0.1054559906176626,-0.7319896283566691
2016-06-14,SYK,114.13,115.42,113.855,115.42,1453846,0.5001468855450093,0.503182230669721,0.60798875547643,1.0029216586614735,0.4847163707355324,0.3568288393523676,-0.4714238193799127,-0.7908838735235068,0.2338377545266061,0.3857237377356692,-0.0011852473631125,1.2237019475263462,-0.0986870441936593,0.8276377368612254,-0.4612905886578784
2016-06-15,SYK,115.42,115.78,113.9,114.34,1034307,-0.6155526233537657,-0.6068684556733117,0.3057239362612955,0.5280165690764373,0.4644683560753929,0.2323142825355312,-0.48440142136312,-0.943233201562123,0.3925694274165086,-0.3058374681215408,-0.0012827592604584,0.7305541370266366,0.4998264044325713,-0.7332644625969948,-0.2210176606977367
2016-06-16,SYK,114.03,114.84,113.22,114.62,865226,0.1194637304274162,0.126658957180673,0.3146016282685452,0.6943502077207289,0.4525286270968813,0.1540880214026307,-0.5161585570886212,-0.9534957858732408,0.4688599855438238,-0.5819099791533466,-0.0012087149373946,0.8584072730821175,-0.6161641603396805,0.3645942028477404,-0.4134126101542801
2016-06-17,SYK,114.7,115.16,113.3,114.38,1345354,-0.1633566171195745,-0.1545608327974539,0.2011291320657549,0.5656826061779348,0.4270025947223144,0.0565361014378499,-0.5948936975752495,-0.9597696908372216,0.488448040192006,0.1792712919491537,-0.0012949268156061,0.614558106797375,0.1190439393597915,-0.2370974684775352,-0.2360695004514845
2016-06-20,SYK,115.55,116.99,115.5,116.09,1604069,0.8977719594187501,0.8940326886820484,0.5288037229533457,1.0976159222534878,0.4669918275457502,0.1471297302656004,-0.5945188154390924,-0.8933542141044053,0.6104772379253016,0.5770365083756396,-0.001179255235219,1.025617471342368,-0.1638501883785821,0.326759727697149,-0.5216548469709573
2016-06-21,SYK,116.51,116.92,115.87,116.46,1043825,0.1654316757395205,0.1722463274210013,0.5410137240095,1.0782813158860736,0.5057194077214442,0.2163571611313784,-0.6054516548917805,-0.8961835365483768,0.656951648441909,-0.3651712787518244,-0.0012023402781714,1.1757345194643756,0.8975552079506022,-0.0587394266422925,-0.8399251161043122
2016-06-22,SYK,116.74,117.27,116.46,116.62,1261209,0.0525379256909826,0.0602271754198056,0.5194051548573972,0.941607439211957,0.5348466756619296,0.2470280673962556,-0.5717944143632647,-0.9460306127433488,0.4835342450196926,-0.0379210943872853,-0.0011946325484193,1.1255927023635774,0.1650238764675074,-0.1039781425905548,-1.0124686762475068
2016-06-23,SYK,117.37,118.65,117.12,118.38,1967348,0.906586755760656,0.9026694084218818,0.847338293778004,1.0812851373514378,0.6183718100589791,0.4115839642290115,-0.4605979774756833,-0.871021587945013,0.6871707428266509,0.9805239235835196,-0.0011689921009498,1.3332903498596131,0.0521006754881693,0.6238266118963106,-0.5141865901843448
2016-06-24,SYK,114.87,117.92,114.41,116.59,4519256,-0.9743872165814752,-0.968157838568088,0.3771871173310966,0.5077638081968725,0.6054441788900952,0.2949609235257531,-0.4786762759083807,-0.7474257675696048,0.4919567578232983,4.035585154259006,-0.0014076642072842,0.6067598306872043,0.9063723038348386,1.104954194126759,0.9176941607859838
2016-06-27,SYK,115.86,116.49,114.3,114.79,1343341,-0.9941802569417488,-0.9881477652679967,-0.0703830174647868,0.2807260580504894,0.5167063937501275,0.0065284596842094,-0.5367058994220915,-0.6317310914249733,0.2293502807191607,-0.2751102640798807,-0.0012948400508444,-0.1238295182012537,-0.9750923638227788,-0.7240587407536345,-0.0013205746441209
2016-06-28,SYK,115.25,116.17,114.79,115.96,1637386,0.6015705905691344,0.6031125538148432,0.1421027822940103,0.1818077104848031,0.485138631551466,-0.0770628564980521,-0.6291865110257123,-0.6247790049649384,0.4667029503234203,0.1959290259929398,-0.0011779500732105,0.3510535585762396,-0.9948905676527908,0.4391217785504634,-0.5995130525777831
2016-06-29,SYK,117.02,118.87,116.89,118.81,1545252,1.4971471690123697,1.4785723220911646,0.7092833101812867,0.4909492055921138,0.564085928394068,0.1405279500541296,-0.6020798610644457,-0.4596120623925073,0.7729567692208046,0.0317638748238087,-0.0011829875205584,1.416565969574607,0.6012765681624874,1.1293636357565964,-0.2024264896578597
2016-06-30,SYK,118.85,119.83,118.41,119.83,1814583,0.5014976716907463,0.5045141878363538,0.8569857124877475,0.82389680068953,0.6575193594667702,0.3518876554309256,-0.5028438665659417,-0.4609707438128065,0.7672164645113532,0.3405928910574548,-0.0011740556932057,1.442878752192886,1.4970867783508524,0.5966598854706947,-0.6037246323581447
2016-07-01,SYK,120.01,120.51,119.57,120.41,874726,0.2683447042501053,0.2741857988245805,0.907892335135906,0.9250087475633484,0.7441184188065558,0.5033838645429151,-0.3813979045200779,-0.4678725352623752,0.7184235804089338,-0.8661262224792861,-0.0012104132408092,1.4019405559189604,0.5011775429619372,0.2255017481553799,-0.9407100981120368
2016-07-05,SYK,119.94,121.6,119.7252,121.21,1123387,0.3806442692052742,0.3852318508995458,0.9984110904783688,0.9038791141140746,0.8329355988577668,0.6302902363596206,-0.2588807491318685,-0.4677336117758069,0.8260287342548426,-0.512482833796739,-0.0012017095849093,1.3021153646138877,0.2679637522081631,0.7736731702876126,-0.3022599370048328
2016-07-06,SYK,120.58,121.42,120.32,121.09,1499467,-0.0946325788146648,-0.0861081546011894,0.8717494214772776,1.168569082405571,0.886683898536859,0.6415486394324346,-0.2263703400845121,-0.5072595960752951,0.9412864476216514,-0.0060282117609466,-0.0012966367928118,1.2588035530511226,0.3802926130872867,0.2932340415474603,-0.8342428417793291
2016-07-07,SYK,121.07,121.6,120.79,121.03,1216682,-0.0638448517882972,-0.0554665231110379,0.7798524413635537,1.1198431148762638,0.9146784914532776,0.5842657640237172,-0.1686297451114157,-0.5499749662664644,0.698629829127052,-0.3892494759009048,-0.0012873336224796,1.2167709387868957,-0.0951082218279053,-0.0512779071478013,-1.0335605668852776
2016-07-08,SYK,121.74,122.4,121.07,122.29,1283086,0.6151500963204247,0.616479878121539,0.981125252017125,1.3194937370923336,0.973534068045828,0.6178751044191458,-0.0546102316306056,-0.5437741936734829,0.7188352383357683,-0.2875965448291637,-0.0011948793897433,1.4030465115481507,-0.0643124631149496,0.3150131833187178,-0.6849264600491084
2016-07-11,SYK,122.52,123.1,122.3,122.65,885745,0.1502805412927882,0.1572243393320933,0.96742647248603,1.18182018388599,1.020881339209042,0.6151403966714278,0.0220696954463161,-0.5781633484461365,0.8696580503165836,-0.8313359476978575,-0.0012102504036528,1.291473722653505,0.6148596164401268,0.053847765753808,-1.0477226964059478
2016-07-12,SYK,122.93,123.21,122.18,122.82,1233434,0.0532972009332838,0.0609812458251239,0.9082781999715968,1.1591497186897408,1.0512802063902924,0.5693277303839318,0.0672487899237355,-0.5839866255986824,0.9079624505291168,-0.3571278205172609,-0.0011980317533465,1.3131058993798157,0.1498687894989398,-0.0939216624437354,-0.8924060917484191
2016-07-13,SYK,123.2,123.3699,122.16,122.51,1238605,-0.1901365057170497,-0.1812554838752878,0.7580847981204623,1.0461936127856308,1.049378559661077,0.4495366305893161,0.1007241924270344,-0.5817054738988429,0.7346858997502547,-0.3376247044691943,-0.0012868623662738,1.1612539377566071,0.0528601488048778,-0.4494556073539818,-0.7682555320557015
2016-07-14,SYK,123.28,123.41,122.19,122.3,1277737,-0.1397153955511069,-0.1310044197165174,0.6209875694700103,0.7350025131518765,1.0260826270072354,0.2986352270780368,0.0653151204997839,-0.6303815745741231,0.8549555687932526,-0.2981953830696384,-0.0012889937088583,1.0807745807933604,-0.1906370631258272,-0.626906666504021,-0.7599596446202754
2016-07-15,SYK,122.97,123.55,121.29,122.08,2063493,-0.1449892421497121,-0.1362585707919192,0.4882310000686822,1.2909523837982495,0.985901198807682,0.1344511294116596,0.0073060948597047,-0.6210269186805878,0.7883916544296835,0.6657621417886088,-0.0013187247908315,0.9661424731645484,-0.1402027994538158,-0.5731254375165343,-0.0484803394300077
2016-07-18,SYK,122.26,123.0,120.95,121.62,1727429,-0.2675856338884084,-0.2585229367491188,0.3061256815265833,1.9094416762091877,0.9236105897771264,-0.0538047995793999,-0.1014403738440067,-0.6135469285532689,0.7621490208482843,0.1965912244554744,-0.0013081367914428,0.7492927665427251,-0.1454780218565834,-0.4218109276147878,-0.1865486864950783
2016-07-19,SYK,121.47,122.43,121.42,121.76,1271557,0.0386708312272096,0.0464535242247017,0.2737233293197381,1.8074072002768824,0.8680521174448983,-0.1870811388018961,-0.1561488949135027,-0.6680073293565529,0.5498349270120024,-0.376974018928141,-0.0011933845655663,0.7996047033256388,-0.2681063956832863,0.1540573496684683,-0.9000109234494831
2016-07-20,SYK,122.3,122.65,121.77,122.36,1297449,0.273794549089783,0.2795794117770332,0.3393226482777305,1.4686555032588406,0.836298537489856,-0.2324288269930801,-0.2026167635208559,-0.6658973403484132,0.5765608500313232,-0.3569065748165235,-0.0011932590579586,1.0152272895381227,0.0382299634739183,0.0107489201971472,-0.9919453747770496
2016-07-21,SYK,122.21,122.64,121.67,122.56,1434051,0.0687660319704884,0.0763420387940696,0.31707336095218,1.2761628166197785,0.80799452507861,-0.2598278500712737,-0.2583044819928926,-0.6660994497371088,0.5805774503809593,-0.1895705759818459,-0.0011890095460186,1.087101484942286,0.2734150187651916,0.1900579259162492,-0.9317234295041924
2016-07-22,SYK,118.25,118.94,115.78,117.03,4691917,-2.8421258355381416,-2.8834923167386024,-0.8725811177295315,-1.1429052481237667,0.5597778443259056,-0.8477984911327677,-0.2161496992194527,-0.0736572012653015,-0.3349616755935902,3.5372592518391675,-0.0014150666568169,-0.9002200179827947,0.068333015242379,-0.8057937423621946,0.6590146032102449
2016-07-25,SYK,116.82,117.45,114.96,115.93,2027484,-0.6181779728853797,-0.6095041243260128,-1.105276171543479,-1.6375051118140884,0.314452194100866,-1.3107335411717316,-0.1863078438493947,-0.1089864840139966,-0.2506154923160512,0.5585291862988314,-0.0013221203703081,-1.295528092705684,-2.843318225348642,-0.6019122433115167,0.1987109438247696
2016-07-26,SYK,115.8,116.68,115.3,116.44,1596171,0.2408899150633154,0.2470071423609936,-1.011517468410381,-1.4199707059730795,0.1368278148062917,-1.5068196752792162,-0.274573470335146,-0.1704399419365301,0.0436286056949321,-0.0114857678490479,-0.0011783491321669,-1.2551727011422915,-0.6187901947540921,0.3912408109994689,-0.603601589209196
2016-07-27,SYK,116.18,116.36,114.45,114.83,1644210,-0.893829436840016,-0.8868652518544509,-1.3503549770889185,-1.6296643608995882,-0.0682131713544248,-1.7342584566723156,-0.210672577786036,-0.1444589368475739,-0.3105935498829706,0.0492423543597672,-0.0013075028783493,-1.7424908089608022,0.2405018008082646,-0.9042207509461382,-0.2050917204683647
2016-07-28,SYK,114.85,116.16,114.39,114.96,1215899,0.0374868000625958,0.0452773296507562,-1.281957160938234,-2.058876700275789,-0.224699343698517,-1.7912302268752425,-0.0717530302691904,-0.3274444015893332,-0.6433898833515462,-0.4798699664001001,-0.0011936479477186,-1.6744486939458745,-0.894513568731971,0.0460447583979203,-0.3081530500961498
2016-07-29,SYK,114.97,116.62,114.97,116.28,1453717,0.681866600460168,0.682112042284501,-0.9564492493142452,-1.689280981115993,-0.2950611884127443,-1.6151251063154757,0.0021996918865304,-0.3076172443354747,-0.602570422049586,-0.15216401899315,-0.0011850710293065,-1.1954181667161672,0.0370456234275473,0.8345413995691301,-0.4087265675324628
2016-08-01,SYK,116.29,117.65,116.215,117.02,1019408,0.3632109379334061,0.3680061678481142,-0.7586117758996307,-1.495502835641945,-0.3197110009920904,-1.3565790260675237,0.0447228210953638,-0.3013457769183922,-0.5809592424391744,-0.7235849471196131,-0.001203113085778,-0.92687074993588,0.6815935251141849,0.4479529750473921,-0.5693265224618604
2016-08-02,SYK,116.75,116.87,115.28,115.7,1009620,-0.7352743672537398,-0.7271750209054115,-0.9891690335976898,-1.6130540227531986,-0.3884143284384416,-1.263135150772524,0.1136972328708191,-0.295969785547815,-0.8351024578892253,-0.7314786617407257,-0.0012813727113339,-1.405901277165582,0.3628547339300602,-0.7057972739252042,-0.4460173635013145
2016-08-03,SYK,115.88,115.97,114.54,114.82,1080183,-0.5065230352621541,-0.497509282618441,-1.1160272230705524,-1.6821578076258925,-0.4737304354044381,-1.2311410590374836,0.2001139528623764,-0.2887176044462138,-0.9279416080661193,-0.6205278002149796,-0.0012846593918307,-1.7252549619853883,-0.7359171364096673,-0.7174184862196167,-0.5533738144948432
2016-08-04,SYK,115.12,115.33,114.44,114.85,942412,-0.0167293549750783,-0.0086039412122459,-1.0438721046913717,-1.651073349033439,-0.5356844981877616,-1.145412286091853,0.2674515425146531,-0.2876387484927284,-0.917397432430744,-0.7909036077140892,-0.0012055470398372,-1.7143679045483498,-0.5071061293727752,-0.2035141011788476,-0.9454957335640544
2016-08-05,SYK,115.04,115.33,114.305,114.9,988018,-0.0058919779674136,0.0021702453536117,-0.9539720507868265,-1.587286990006744,-0.5778507932298991,-1.0258958942083445,0.2882613716172428,-0.3360871400763779,-1.054986974576196,-0.7173702475326748,-0.0012042634688573,-1.66736140993557,-0.0171846751409209,-0.1182606565783965,-0.8478567033858235
2016-08-08,SYK,114.99,115.07,114.07,114.82,1013387,-0.0763436757748252,-0.0679042086073738,-0.8876130816243263,-1.639209520408448,-0.6090912511882847,-0.9021598641320414,0.2778933807804339,-0.3454234802906383,-1.105069144809536,-0.6890480314584909,-0.001281602503578,-1.6183137395658664,-0.0063444709542479,-0.1380115110883571,-0.8654846784901318
2016-08-09,SYK,115.08,115.91,114.84,115.45,834469,0.3086044065572942,0.3140190183066746,-0.6677602205033384,-1.6298748557896885,-0.6037914991176423,-0.7091171684819383,0.2206021838607893,-0.3292607959695377,-1.0487655830801492,-0.913384715937597,-0.0012102267485647,-1.39740294119152,-0.0768145477071369,0.216594124409343,-0.818914029483545
2016-08-10,SYK,115.49,115.59,114.85,115.53,615707,0.0101450829758959,0.0181103584773361,-0.5736136197888148,-1.6674533771671196,-0.5913226967175227,-0.5362299998262245,0.1489542716067086,-0.3253694024374212,-1.0042422393873185,-1.19204673956618,-0.0012190194128691,-1.3693507763185884,0.3082339571845093,-0.0001491648781554,-1.0575038008455582
2016-08-11,SYK,115.52,116.05,115.07,115.53,782267,-0.0329960430517004,-0.0247793014886723,-0.4991363842144241,-0.7101720895249267,-0.5764917822721835,-0.391840229160108,0.0604531286817252,-0.323365985793311,-0.9804609255032632,-0.9428302608109016,-0.0012427088046935,-1.3693507763185884,0.0096967736251963,-0.0197764032472126,-0.8843729588223381
2016-08-12,SYK,115.36,115.57,114.8,115.57,621965,-0.011440416807934,-0.0033456074996066,-0.4181320446255306,-0.3319437358651513,-0.5584229381794897,-0.2679940374546377,-0.0465471469590498,-0.3208188313221956,-0.950647308202358,-1.1222332634514598,-0.0012189811709334,-1.3229296266646429,-0.0334556067571959,0.1112170386365454,-1.0360546966791029
2016-08-15,SYK,115.5,115.8,115.23,115.23,568638,-0.2161554507657765,-0.2072026412788951,-0.4235643462564235,-0.6807367563051785,-0.5528078780276534,-0.2009729095669289,-0.1558176569466135,-0.3211656793734032,-0.9391185499611492,-1.1638717952273725,-0.0012642181451165,-1.431879640327309,-0.0118943572326315,-0.2029311135673819,-1.1790676298358198
2016-08-16,SYK,114.88,114.91,113.48,113.48,1052082,-0.978509933726977,-0.972321033313972,-0.726491859585517,-0.7272391739841234,-0.6118731032521542,-0.3138419483692268,-0.2699588219724862,-0.2829660593760845,-1.1662009149876658,-0.4016034006104968,-0.001282815773077,-1.881302785249608,-0.2166627958147005,-0.9470381666681196,-0.5411174423528867
2016-08-17,SYK,113.5,113.635,112.66,113.15,1101668,-0.2140425038776684,-0.2050951184187704,-0.6993042685558366,-0.8916263244046413,-0.6656925284679764,-0.3906345804931556,-0.488585558204172,-0.3042503753499123,-1.2729290669400335,-0.3110777497295096,-0.0012853218888358,-1.7180914672789815,-0.979216156473854,-0.2592956240366598,-0.873185694680331
2016-08-18,SYK,113.02,113.88,112.55,113.75,919442,0.2971393745280253,0.3026780482379398,-0.4645981035747043,-1.274058866528304,-0.678605035657588,-0.3467749833896871,-0.9362840424071308,-0.2887669952413081,-1.223192527850759,-0.5681932749576554,-0.0012065897259255,-1.257043341598434,-0.2145492977158074,0.4616749830964151,-0.6168769293917422
2016-08-19,SYK,113.32,113.8,112.7,113.77,881320,-0.0220495749200889,-0.0138938262685481,-0.4233583268351644,-1.7460365892467673,-0.6818869494334135,-0.2868983240467871,-0.9550816645785348,-0.9540273476726924,-0.5765870191804429,-0.3770832783647442,-0.0012085320932892,-1.0861064174692487,0.2967659342379862,0.2737037749679559,-0.7855319924796206
2016-08-22,SYK,113.85,114.4,113.62,114.14,727723,0.1694780175484029,0.1762575621558499,-0.3187373033638039,-1.072913927916748,-0.6639686291063749,-0.1844279589455685,-0.9536244342136756,-0.9797139019759004,-0.3942424430090808,-0.5784766399345541,-0.0012148317287492,-0.8449403059293004,-0.0225062829876477,0.1661298057245575,-1.0217963862938872
2016-08-23,SYK,114.18,114.61,113.48,113.61,893915,-0.3220862820060239,-0.3129535993658327,-0.407746384378619,-0.9240747203797438,-0.66466105611065,-0.15035541011854,-0.9597375274634028,-0.9877481417886458,-0.5244241769277761,-0.1784495019519881,-0.0012766116948137,-1.1903944657027363,0.1690712738577002,-0.403479955491736,-0.7623900817578122
2016-08-24,SYK,113.71,113.85,112.39,112.62,1051337,-0.5755139298890606,-0.5666862842154416,-0.6091645833787723,-1.3198848550599656,-0.6978239433745126,-0.2066757767986151,-0.8946873907448591,-1.0435808328202414,-0.4501319565536995,0.2194209383643289,-0.0012830752455802,-1.7359488396960363,-0.322621261548258,-0.7505399773334607,-0.5108972032884523
2016-08-25,SYK,112.32,113.715,112.02,113.31,1203745,0.3484463816865288,0.3534137231056381,-0.4327191384276069,-0.915315317563146,-0.6906847413406568,-0.1479951860753092,-0.870343856989642,-1.0192834086318778,-0.3782703274552301,0.5492518395833509,-0.0011958084426279,-1.119634191412871,-0.5761150218610569,0.639604632450834,-0.3446311414683946
2016-08-26,SYK,113.67,115.08,113.24,114.44,1142728,0.5878810408190439,0.5896339832469788,-0.1530739871991863,-0.3382759998858221,-0.634932048093173,0.0240795760246665,-0.9035307961704352,-1.0381187262929776,-0.3998750501062889,0.4592892905964357,-0.0011989256931022,-0.4524361208427114,0.3480863260091608,0.4854708563202212,-0.2513450373736815
2016-08-29,SYK,114.44,116.39,114.43,116.28,1668588,0.9680070065584376,0.962815427198954,0.2769766675352454,0.0917801600501583,-0.51410315541242,0.3292444027841471,-0.9446228834012173,-0.9206615765008896,-0.2603503614678866,1.487103668383508,-0.0011797705217453,1.038493781658643,0.5875834471785403,1.1884272860491525,-0.1865416147076682
2016-08-30,SYK,116.11,116.69,115.44,115.94,874364,-0.2150370883691862,-0.2060871408317398,0.1962927127619899,-0.0543170833439754,-0.4284831544325145,0.4827491830612738,-0.9363001676519508,-0.97906788788878,-0.1370121970387013,-0.1805615322878111,-0.0012749580142642,0.9090166209119716,0.9678085775174584,-0.1369340986737347,-0.6927895357878082
2016-08-31,SYK,115.91,116.38,115.14,115.66,814928,-0.1833518348371249,-0.1744913192482369,0.1224343949640314,-0.1475822986654827,-0.3690897659720051,0.5380461581390936,-0.9215539310133436,-1.0076221806802723,-0.0600331107004519,-0.2826062384459144,-0.0012731192065755,0.7097080919004299,-0.2155441416675613,-0.1892701035257863,-0.6978199609099492
2016-09-01,SYK,115.9,115.9,114.41,115.23,939405,-0.2644585722267648,-0.255401341635569,0.0195841088421729,-0.2929102698902563,-0.3367572110301596,0.512629618566146,-0.917324155468258,-0.9991552549479294,-0.1188840997610265,-0.0131989551400667,-0.0012781526527684,0.4036271366327107,-0.1838506223084834,-0.46306975238622,-0.5136715493653142
2016-09-02,SYK,116.35,116.35,115.24,115.6,866053,0.1669126081196443,0.1737144410113078,0.0962249602328835,-0.0762538253104943,-0.2948689193534077,0.5168926887651059,-0.906292425391989,-0.9945915953966876,-0.0780027576951313,-0.1594933007151915,-0.0012096098199796,0.6669991213979549,-0.2649785182556985,-0.5133284878580572,-0.7910786239211084
2016-09-06,SYK,115.6,116.89,115.001,116.89,1144160,0.6617519532559738,0.6623316420386423,0.3673817904737932,0.901915772014843,-0.210176736162573,0.6304796248289989,-0.8482683212576673,-0.9391494047251018,0.0972953678534486,0.4283241594781665,-0.0011994964368662,1.442878752192886,0.1665051951828981,0.8167786295693373,-0.2444945464114347
2016-09-07,SYK,116.44,116.8,114.85,115.17,1202026,-0.9491037040796336,-0.9426322085015264,-0.0227675012939226,0.3724941637594752,-0.2100243648573365,0.5037451532069186,-0.8518755738629382,-0.8439854500393629,-0.2030961256776638,0.5033126998353485,-0.001287410616015,0.2688351701803438,0.6614736305417119,-0.8503526823712296,-0.1802387602955035
2016-09-08,SYK,114.79,115.58,114.64,114.87,1372421,-0.1951685814694584,-0.1862728278158056,-0.0838272909948961,0.1313949126199069,-0.2208604960396011,0.3740733596692694,-0.8590991305839991,-0.8416847436699765,-0.2513782972598685,0.7534412137848872,-0.0012945829302991,0.064060126806065,-0.9498022555352827,0.026337363361253,-0.9093320146585452
2016-09-09,SYK,114.1,114.13,110.43,110.54,2486278,-2.379799406583037,-2.4038377959111954,-1.0193736865748249,-0.840387620660805,-0.3969781113522264,-0.1550957700552407,-0.6932986257052336,-0.3598863033470822,-0.8018219864697206,2.622949794808216,-0.0013384739652796,-1.8246990748597205,-0.1956704516109133,-2.383585220190904,1.1982651981942307
2016-09-12,SYK,110.22,112.86,110.22,112.7,1740601,1.1835532693865882,1.1734288404828428,-0.4916660057010052,-0.4477003528023899,-0.4480754334533852,-0.2566309912847807,-0.67843198141308,-0.2296797049283285,-0.5321944120096359,1.0618234738220902,-0.0011732691277882,-0.645325242092577,-2.3808711879129043,1.6736328884301606,0.3609375755725379
2016-09-13,SYK,112.21,112.66,110.32,110.52,1064903,-1.23727751374293,-1.2341910231329711,-0.9397723790196576,-0.6933903564341112,-0.5694970362483283,-0.5188726561687784,-0.5669318345168839,-0.1439570185831797,-0.767786315601821,-0.184680154280902,-0.0012841551139748,-1.7317893727709366,1.1834110705449608,-1.1642054816200749,0.1732219791801413
2016-09-14,SYK,110.32,111.24,110.13,111.01,1361867,0.2430303627961478,0.2491264909110916,-0.7993700047195282,-0.4592886189554085,-0.6407502420702743,-0.5995333978971339,-0.495944945056002,-0.1849149927032683,-0.4871436514250751,0.3024764074582868,-0.001188901007759,-1.4485690939849,-1.238051241963663,0.446224527469598,-0.7579903813860492
2016-09-15,SYK,110.95,114.12,110.61,113.5,1994784,1.3634773680955845,1.3486883681593027,-0.2299293248811737,-0.1600601413758129,-0.5940714548174787,-0.3605070712593198,-0.4995695114461347,-0.049725919035764,-0.1220479410392608,1.2670169802816398,-0.0011653932657424,-0.2241294448381861,0.2426428069261097,1.7101147439556632,0.9860013484407658
2016-09-16,SYK,113.71,114.415,113.0,114.32,2436888,0.4167977080393413,0.4209393994653019,-0.0476906824321609,-0.2075610906134354,-0.5205026715002969,-0.100071622980275,-0.4994364103627718,-0.0439257791867767,-0.0938828114671237,1.763597454503804,-0.0011508177764006,0.1790996765675566,1.3633821065926326,0.3789827979088068,-0.5597693519763715
2016-09-19,SYK,114.35,115.584,114.1901,114.42,1133426,0.0214634019260608,0.0293577858919429,-0.0321765418887954,-0.5057728116429898,-0.4547177541197903,0.0882411987182161,-0.4989893236476483,-0.0438671707213389,-0.0835685627310545,-0.2902563038809461,-0.0012013389546299,0.2282739596658223,0.4164554833772567,0.0199329022388303,-0.5760396507097792
2016-09-20,SYK,115.1,115.29,114.54,114.6,990761,0.0649452849481624,0.0725483311681664,0.0039311254294682,-0.4193406335057692,-0.3926684222064499,0.2292761233911896,-0.4969233597259553,-0.0456288638731569,-0.1082881221464033,-0.5263155867096428,-0.0012070773431978,0.3167876692426899,0.021018045219135,-0.3545171814387419,-1.0458994266719968
2016-09-21,SYK,114.68,116.56,114.67,116.44,1091204,0.9666094455816712,0.9614475095828592,0.3941146645040895,-0.0660929521701692,-0.2696671046551486,0.4989934248966983,-0.4600908911422733,0.0048717185268332,0.1983617540711588,-0.3848388148563986,-0.0012039624960902,1.2215944782507069,0.0645112714903305,1.1331806751867926,-0.238573779777272
2016-09-22,SYK,116.82,118.9,116.375,118.44,1965328,1.036362210101483,1.029683903180875,0.7845599182452884,0.2776082320154762,-0.0940879654898729,0.8501016738285055,-0.3658587601169729,0.033374589235333,0.5914976391411647,0.8450861980529037,-0.0011738850931128,1.2685203135128895,0.966410651954773,1.0213969567636343,0.1854041439014468
2016-09-23,SYK,118.06,118.2,116.98,117.76,1235114,-0.3904383387206721,-0.381285590117825,0.5763278495768214,0.1202527853029051,0.0164126045362653,0.9634771563123408,-0.3137034018056793,0.0455937935428857,0.4093048467447686,-0.2305024231255327,-0.0012849145419009,1.0107730563337711,1.036181613087242,-0.2182997420128287,-0.7279080676316155
2016-09-26,SYK,117.18,117.48,115.96,116.21,1387044,-0.852459002654261,-0.8451589014295271,0.201217289615251,-0.2851313057377747,0.040817219890153,0.8325680370817699,-0.3018758704301073,0.0792040303039249,0.0596743317224879,-0.0253176870596892,-0.0012908381599912,0.423260925999005,-0.3909911494687214,-0.6517238866256926,-0.501244680149207
2016-09-27,SYK,116.64,117.8,116.085,117.8,1156223,0.8188263442018873,0.8166281753371241,0.5468879638212071,0.185178444773369,0.1196580229983498,0.8679585518788772,-0.2610698734094627,0.0631945421807268,0.024504089742559,-0.3296546639744525,-0.0012018807138246,1.0259346596972456,-0.8531323421171058,0.725055798134986,-0.377999845128285
2016-09-28,SYK,117.42,117.55,116.48,117.31,918566,-0.2919641107452743,-0.2828641940455357,0.4189736416449506,0.1549913671890572,0.1593229529968462,0.7954329407297767,-0.2334668761536559,0.0657048778224469,0.0060660280353318,-0.6842836239016633,-0.0012746745866567,0.8402050184946456,0.81858899795458,-0.0970940705927311,-0.8311609168225318
2016-09-29,SYK,116.89,117.22,115.11,115.7,662057,-0.8874452832930353,-0.8804274273902875,0.0509182269171486,0.6472831582889844,0.1242665238242456,0.5450809596035419,-0.2331397760462309,0.1108420905060362,-0.1623977349391068,-1.0585280248139195,-0.0012660166211701,0.2299504831146674,-0.2924912322264468,-0.7954723754842422,-0.0714517047196125
2016-09-30,SYK,116.31,116.91,115.9675,116.41,1196878,0.3490541438453651,0.3540144684115988,0.1993882864889622,0.4643964387870374,0.1213317719609227,0.4274800191343189,-0.2220079999240409,0.114682725222151,-0.0170809726961069,-0.2790036147701161,-0.0012002156620532,0.4990689428163947,-0.8881277497317278,0.0386407057531454,-0.9165643430773908
2016-10-03,SYK,115.86,116.54,115.29,116.45,805103,-0.0116033663062071,-0.0035076074230136,0.198700027256862,1.0085552650185157,0.1175292415470097,0.3311656197081953,-0.2125232306123797,0.1130417776176409,-0.0594876150191917,-0.8541692241088136,-0.001214556029952,0.5142305461798748,0.3486942467167322,0.3584197968467454,-0.6967247227715865
2016-10-04,SYK,116.48,116.92,115.73,116.26,1074069,-0.1345763532683555,-0.1258849983961071,0.1626211745859238,0.8934892034466478,0.1041415206736505,0.2294419849300479,-0.2236041046930366,0.0854385626602536,-0.2466327902172299,-0.4525188106456418,-0.0012798895944888,0.4422129302033562,-0.0120573492400284,-0.1690139472771877,-0.7382736450287397
2016-10-05,SYK,116.34,116.97,116.05,116.66,1152193,0.1812067351990318,0.1878830504301507,0.2366619384389529,0.5741768943319525,0.1063518104634493,0.1882120880407463,-0.2094011190069908,0.0340436819012687,0.0225287703733253,-0.3336181770017163,-0.0012022820131182,0.5938289638381302,-0.1350624165337077,0.181493069665859,-0.9340841375037322
2016-10-06,SYK,116.59,117.135,115.93,116.65,781453,-0.0383327512206113,-0.0300869679350721,0.2138288717274689,0.4137420322769231,0.1048056507365537,0.1455591341391669,-0.1975565322430673,0.0314188173184862,0.0601025587980205,-0.8582972425881816,-0.0012697338416026,0.5900385629972642,0.1808030512140414,0.012564203151993,-0.73040889331093
2016-10-07,SYK,117.13,117.37,115.59,116.31,920067,-0.2144596757093688,-0.2055112136685214,0.0701467115506761,0.2898318113242722,0.0874946698455104,0.070858392726718,-0.3346575544641853,-0.385763113520936,0.5991359571156478,-0.5607007706134137,-0.0012748404277631,0.4611649344077023,-0.0387937071291554,-0.5552370992331932,-0.3158812940359973
2016-10-10,SYK,116.9,118.085,116.67,117.85,755976,0.7913301348161567,0.7896459840966803,0.3605672281946207,0.5481779666001255,0.1311750200857968,0.1680884359865023,-0.3591107050955939,-0.441252172153506,0.5036475402556575,-0.775448806459112,-0.0012159985078653,1.0448866639015917,-0.2149665783763733,0.5876628837257762,-0.5906678461997957
2016-10-11,SYK,117.59,117.68,113.14,113.73,1433448,-2.209518015848834,-2.228106362941564,-0.6094796551813239,-0.7118968441555046,0.0019284450080108,-0.1992384583039023,-0.5280171528524111,-0.1738942838676609,0.2590867849403417,0.325314377345502,-0.0012928728829106,-0.5167584825366099,0.7910856155503293,-2.506373449565494,1.7355687453002284
2016-10-12,SYK,113.9,114.48,113.59,113.92,829157,0.0710136916245418,0.078573683190984,-0.5988008276456798,-1.1784242579829325,-0.0936395483910421,-0.4064118842589933,-0.7009369886407468,-0.1763113102825957,0.2175141240495876,-0.6430759821654817,-0.0012131579889635,-0.5540360917713624,-2.2105453753621447,-0.0130502145665455,-0.940223435529702
2016-10-13,SYK,113.37,113.899,112.52,113.58,892506,-0.2188083038445114,-0.2098487859439319,-0.6765877501900412,-1.1277099452759134,-0.1823528753314565,-0.554506831558976,-0.7047116058968091,-0.3053960223974117,-0.1571251967484036,-0.4631665751984279,-0.0012741822286205,-1.329009300972328,0.0705812612501402,0.1136311856162347,-0.5794640214909168
2016-10-14,SYK,116.18,116.18,113.61,113.65,1253605,0.0053739395588052,0.0133684865638554,-0.6533328451794705,-0.8369987214125222,-0.2487328343588996,-0.61549708485131,-0.6792127604170776,-0.3209615944432986,-0.2535510240418419,0.2979786853651961,-0.001197994460437,-1.292537089746466,-0.2193163409511659,-1.671574051766883,0.2932868185593568
2016-10-17,SYK,113.79,113.85,113.21,113.57,721669,-0.0768204425227696,-0.0683786927049795,-0.6620153516899626,-1.4193278354681171,-0.3026947436889231,-0.6323254413359667,-0.6486515200948941,-0.3212924132745035,-0.2765799657117312,-0.6697175462054431,-0.001268041580692,-1.334219616861739,0.0049243855456282,-0.1723873192464103,-1.121673903154853
2016-10-18,SYK,114.52,115.09,113.4903,114.81,677644,0.6467606400357216,0.6475853298929141,-0.3837298224456159,-0.8660153686401884,-0.2949550453099984,-0.4869692504502968,-0.6534056152831689,-0.2865762044734569,-0.1405644244174833,-0.7342411203835325,-0.0012187023090126,-0.6881404465751063,-0.0772914388306513,0.1650038970718503,-0.4300977646166036
2016-10-19,SYK,115.13,115.2,114.245,114.33,680985,-0.2932857216451844,-0.2841840606784611,-0.4687966695928162,-0.602999498427615,-0.3058821024608715,-0.4187322051344457,-0.6328286151439473,-0.3623097432524145,-0.4336107480957151,-0.7014383238221289,-0.0012666267672624,-0.9382356092667062,0.6464784064926665,-0.5513007263811833,-0.8951766004829688
2016-10-20,SYK,114.43,114.87,113.81,114.55,613358,0.0868042565169812,0.0942494684470044,-0.375338360625579,-0.7808185412561116,-0.3040745923458152,-0.3313640119599386,-0.6814311769136051,-0.4662724301744483,-0.6498366054570829,-0.7493894685105981,-0.0012209788046132,-0.6932590315509709,-0.2938131878989519,0.0529127965128383,-0.8201208362050488
2016-10-21,SYK,114.0,114.23,112.93,113.71,832666,-0.4895368680085425,-0.4804891447661487,-0.5206805411883643,-0.9914922930231996,-0.3335520168714074,-0.3419963406272491,-0.6920814663742783,-0.4611869930353581,-0.6725765212930255,-0.2486758991105812,-0.0012719792492802,-1.1704715130920946,0.0863759454745511,-0.2185096885435165,-0.6385218849247674
2016-10-24,SYK,114.4,115.2,114.21,114.73,674339,0.5254702154000696,0.5281478063590507,-0.2721279538643515,-0.6029495487128042,-0.3148372370670492,-0.2264562992260607,-0.6925113958202084,-0.4750727978515506,-0.3545184546362321,-0.5326164153162519,-0.0012187513035502,-0.5611875655285044,-0.4901155308868223,0.1916212909544497,-0.8721793796242302
2016-10-25,SYK,114.77,114.82,113.08,113.19,1023626,-0.8686743987373221,-0.8615026144627187,-0.5708494610033449,-1.0388698029363177,-0.3581805673162509,-0.2937607730764855,-0.709387043264298,-0.5002163677323324,-0.742222223732816,0.2673501671681992,-0.0012787643122863,-1.4810868589088215,0.5251563404605586,-1.06641257380086,-0.3101763151655001
2016-10-26,SYK,112.26,112.47,109.84,109.89,2098708,-1.84809917712104,-1.8567645051878587,-1.2419424272305108,-1.4891037874531243,-0.5181275374876777,-0.6477401140298346,-0.5294388071808325,-0.2811123883089696,-1.096419046943169,2.401979765275021,-0.0013176052993302,-1.8611440130395276,-0.8693519683591238,-1.6213435491648982,0.4032748778509501
2016-10-27,SYK,110.5,110.62,109.31,109.72,1751572,-0.129309323375285,-0.1206385173186419,-1.2153029729294462,-1.4706304956149645,-0.6458285510715622,-0.8479230496379156,-0.3592279145732087,-0.314980261012116,-0.92655703717766,1.4661027834801903,-0.0013069507677935,-1.7259849014488773,-1.849032252219096,-0.5596232696343868,-0.5962771836915882
2016-10-28,SYK,111.52,117.96,110.6,114.27,3264765,2.548794611510204,2.4910402525115383,-0.1478528440492616,-0.7698361942918902,-0.5631686871600804,-0.4666041207328781,-0.3841523108203983,0.1495856505612458,-0.4374642014030058,3.890248114843918,-0.0011201304154878,-0.0023352153675833,-0.1297940126147692,1.836734105451829,3.7765655123930166
2016-10-31,SYK,113.6,115.59,111.35,115.35,2302115,0.5554233189721428,0.5576647594249299,0.1126667340766543,0.1266953701474993,-0.4516459152511626,-0.087256349287304,-0.4070697430087269,0.1722722029632031,-0.3062077738448991,1.876461124564212,-0.0011599300893373,0.4067948200099541,2.549008567267704,1.1375533789941932,1.4720938965413146
2016-11-01,SYK,115.99,116.63,114.13,114.79,1806700,-0.3352457266165313,-0.326103320373817,0.0010711576118776,-0.0235054474722441,-0.3825883672813032,0.1069171124725108,-0.4319599671177178,0.176345857533383,-0.3531747631651369,0.9405921427678652,-0.0013057919583619,0.1946533201845684,0.555117257988499,-0.8079541247192685,0.2237483888062517
2016-11-02,SYK,114.93,116.76,114.51,115.5,1489986,0.3520828542737628,0.3570081242924359,0.1776257825345737,0.1676988073614855,-0.298176215216994,0.3017783684958742,-0.4626887573646043,0.1828492735445691,-0.3135115583300051,0.3838314865550234,-0.0011894740669327,0.4636184360346145,-0.3357841391025062,0.3483855942899899,0.0321993317264742
2016-11-03,SYK,115.84,116.35,115.4,115.65,1456597,0.0478585511023009,0.0555796752586907,0.2237380217110555,0.180696140900575,-0.2244840591761276,0.4300742880908303,-0.4918818068781884,0.1834441554361267,-0.2933796459695408,0.2665253803096014,-0.0011916464640362,0.5204420520592745,0.3517237472538933,-0.1502360879789857,-0.906725400542706
2016-11-04,SYK,116.0,117.5,115.78,117.15,1758775,0.7745012007690281,0.773125850045055,0.5586962949806096,0.4186206662242598,-0.1075059271102287,0.6441283809038059,-0.4600205754795119,0.218432948168326,-0.0614095299260427,0.6569863308515029,-0.0011821672390158,1.0886782123058552,0.0474200801770194,0.7226882158224802,-0.3677107718959729
2016-11-07,SYK,118.6,120.4,118.52,119.68,1497175,1.311543733912906,1.2981520343463229,1.1181322530987363,0.5803926734603596,0.0821269821108921,1.0023838008276929,-0.3450879135913081,0.279287649091144,0.0605789316495669,0.1922229058057375,-0.0011922724309266,1.2270617362362952,0.7742522912887569,0.6616760964751548,-0.2821593326755158
2016-11-08,SYK,119.61,121.84,119.01,120.85,1531908,0.5756428596332648,0.5775819286769719,1.3006348398189769,0.804317161094916,0.2736083897009895,1.2937461397473595,-0.1079156120267233,-0.0221888502994075,0.7519658760198643,0.2358100940814502,-0.0011920234809051,1.1802339220198537,1.311434924327214,0.7569307829718593,0.3603073084881104
2016-11-09,SYK,119.78,121.62,113.3,116.24,3632399,-2.407919939356593,-2.432906401622993,0.2183797185496257,0.0208456649671703,0.2394726962073598,0.9461014766051692,-0.0997809806665861,0.3460070865207075,0.1316171064892864,2.85627550542619,-0.0013607362702263,-0.0427889740383982,0.5753420733817701,-2.25918781039763,4.373885562110012
2016-11-10,SYK,117.28,117.28,112.17,114.03,4375044,-1.2166700182053325,-1.2132958235268467,-0.2921512282445359,-0.1514275096790945,0.1223375983547347,0.4543467080741745,-0.1047782077256154,0.4230128270676861,-0.1092893525720595,3.2435573573774854,-0.001391181262118,-0.629097130283242,-2.408999056574093,-2.1199668047045948,2.143410733218092
2016-11-11,SYK,113.37,113.98,110.08,110.36,2504584,-2.036740650784599,-2.0503073929107853,-1.0950867619373983,-0.652984313035653,-0.1152950645677556,-0.2492157649212328,-0.0093146462561856,0.6168673949380881,-0.5926309128922838,0.8737258709084346,-0.001332509060979,-1.6027400865812431,-1.2174383704869651,-2.032234106936588,1.3538496296271538
2016-11-14,SYK,110.33,110.79,106.48,106.68,3684229,-2.109016140865833,-2.1246213917221803,-1.864090787618755,-0.8307149842178412,-0.4450156584885835,-1.0490984924489777,0.2737916748514453,0.7914037931213971,-1.0584721613124637,1.910382961465574,-0.0013792216401285,-1.838019171480825,-2.0377229373490517,-2.5257638075908893,1.775746806236239
2016-11-15,SYK,107.35,110.7,107.13,109.74,2744160,1.7528081821606103,1.7262360469905047,-1.1052648681318276,-0.2038972339609127,-0.580893338192139,-1.1900563502071022,0.357888243699007,0.9254102836744884,-0.8160337484062445,0.7480890522562048,-0.0011357683589017,-1.1757798808184554,-2.1100172821539176,1.655739960868956,1.1198740882613278
2016-11-16,SYK,109.75,110.06,108.38,109.39,1096447,-0.2315591296609764,-0.2225689463641776,-1.1311639871069683,-0.2215864902129131,-0.6960246497833479,-1.2494218420331669,0.443433057003661,0.9248642165238192,-0.8020571528144357,-0.940087408316002,-0.0012838521733835,-1.2515262049138236,1.752814486553543,-0.2741401741600113,-0.3113838362683896
2016-11-17,SYK,109.32,111.33,108.56,110.65,1918299,0.684118201835477,0.6843258353701931,-0.7966838833217469,-0.5908752308773272,-0.7309491620074619,-1.0904633146523075,0.4798100587845058,0.9516024073813482,-0.6674991506864869,-0.173293609796874,-0.0011696428465488,-0.978839438170493,-0.2320704931137626,0.8928553688620704,0.4950220554569123
2016-11-18,SYK,110.57,111.51,110.21,111.44,1501538,0.4115032757361554,0.4157115516913585,-0.5883744155010279,-0.6278658935939658,-0.7209219417702386,-0.8475915072189172,0.4985138255599332,0.9565955190376226,-0.4606654767257356,-0.6030241358673951,-0.0011869839170287,-0.8078691637838038,0.6838457138714904,0.5681489740582116,-0.6191135883741367
2016-11-21,SYK,111.43,112.56,111.04,111.47,1186623,-0.0162359827057067,-0.0081134049564962,-0.5443416842961805,-0.5693208837974476,-0.7053598193502822,-0.6390473183350619,0.5085365101438832,0.9405533251751282,-0.5847884761644536,-0.9189735012076268,-0.0011995378314194,-0.8013766217184862,0.411159669899654,0.0008042550901051,-0.4548916211354008
2016-11-22,SYK,110.1,111.05,108.29,110.7,2946034,-0.4630551519949614,-0.4539637973288627,-0.6944968194977501,-0.7375856336638463,-0.7167642878727103,-0.5416235080941871,0.5355512891667165,0.9209980071412964,-0.4905576838825654,0.6288878004836147,-0.0013482478513969,-0.968018534728298,-0.0166911741640473,0.3854097987937466,0.4865511802227953
2016-11-23,SYK,110.18,111.85,110.0,111.75,1421432,0.5575273478562175,0.5597376224731769,-0.4722836690823689,-0.6196882260993724,-0.6783554792975601,-0.3354659421687208,0.4994135805615888,0.7914122812171792,0.0811078360193467,-0.7345648808478711,-0.0011897742640188,-0.7407795624421906,-0.4636269065086466,1.050251816380268,-0.211631822846533
2016-11-25,SYK,112.45,113.0999,111.89,112.84,559305,0.5742635620798519,0.5762234613130672,-0.255684532337576,-0.6723952437568175,-0.5998005963090106,-0.0672045849874826,0.4459082259728767,0.8023209991286505,0.2501500508086596,-1.5145054201333346,-0.0012222699651703,-0.5048838674023253,0.5572218357568922,0.2357127618406748,-0.6977214032908833
2016-11-28,SYK,112.5,113.46,112.5,112.95,1323904,0.0276950605006174,0.0355495408606071,-0.2150158839528304,-1.0204097878344958,-0.5288164391941701,0.1279175826857139,0.444754273410582,0.4961193276413645,-0.3371299239336587,-0.7306082519471675,-0.0011946827019611,-0.4810778798294951,0.5739624160068721,0.2758905897872847,-0.8829819341287991
2016-11-29,SYK,114.18,117.91,113.74,115.41,1873863,1.3229559024684567,1.3092606894605106,0.3538181629172851,-0.8265594608381112,-0.3731409354671938,0.5020093850749617,0.4456695618621814,0.5706058253124586,-0.1598376521740733,-0.1651677835437705,-0.0011758886401221,0.0513105695265282,0.0272513294651337,0.787562374941316,1.4199522692720723
2016-11-30,SYK,115.13,115.5497,113.66,113.66,1844255,-0.977035256486516,-0.9708318452624194,-0.038211170559789,-0.5301822526704459,-0.3166849236178498,0.5458935629187122,0.4385902543852147,0.6090573410539475,-0.3120522694770053,-0.1965793123970552,-0.001306927003592,-0.3274210509503187,1.3228500700093662,-0.9909749733847016,-0.2057069570745716
2016-12-01,SYK,113.36,114.07,110.91,111.75,1322994,-1.079211524507662,-1.0740983538151303,-0.4377198330221504,-0.4946242294198033,-0.3448334955862077,0.3632301628823073,0.429345225114711,0.6465152999156237,-0.644312973035613,-0.7132907857443506,-0.0012898675664858,-0.7407795624421906,-0.9777410945299232,-1.099343845388443,0.7653393216134017
2016-12-02,SYK,112.2,113.11,111.84,112.08,1211110,0.15085319519914,0.1577921782860747,-0.3200564127307148,0.0828876365761474,-0.3517949501021915,0.2716347184475189,0.4080985885112593,0.6486745941546521,-0.6208360658432271,-0.8183567558136471,-0.0011987919494854,-0.6693615997236998,-1.079944017580224,-0.1071205991545684,-0.6469726209396557
2016-12-05,SYK,112.57,112.6866,111.57,112.01,1324718,-0.0718795425600861,-0.0634616250502392,-0.2769584310598441,0.8558762387809494,-0.3576403316785926,0.2012311154334078,0.3362408074318137,0.608975289926977,-0.8118547945636603,-0.68862964114821,-0.0012899969736618,-0.6845108645427722,0.1504415927952319,-0.4021626882789763,-0.7605194756256383
2016-12-06,SYK,112.63,113.17,111.47,112.59,1236835,0.2893828673060774,0.2950042951730653,-0.0591118753652052,0.4801135005270974,-0.3372550464525534,0.2124255178207635,0.1058563950256773,0.5099919782551793,-1.0375273849153617,-0.7701640557493264,-0.0011977924448343,-0.5589883846133034,-0.0723492499205918,-0.0531484021057578,-0.3329576084775661
2016-12-07,SYK,112.19,113.71,111.22,113.67,1352018,0.5642033574142755,0.5663142845447154,0.2783775119349541,0.7606043207204548,-0.2770974132938548,0.3237543786436461,-0.3063695062870464,0.5090953643194847,-1.040041497016838,-0.6450998965029657,-0.0011943914964453,-0.3026458992382787,0.289007403552761,0.9703555414664292,0.2343006221959515
2016-12-08,SYK,113.28,115.7,113.0,115.51,1405838,0.9747877961088874,0.9694519619071812,0.7184928410149897,0.8441650460232525,-0.1568952444410609,0.5673710685349731,-0.3449597380538154,0.3011889674258147,-0.2597100979268116,-0.5014608257003773,-0.0011933278368248,0.7448878781892148,0.5638995869055647,1.460975830040958,0.3567353143533495
2016-12-09,SYK,115.75,116.84,115.75,116.5,1040784,0.5005980797393262,0.5036271387312224,0.920514236250168,0.8713805861228555,-0.0240905245351188,0.7947031699107711,-0.2395436082418143,0.2330378594627455,0.1506479061171831,-0.7883886663577979,-0.0012067897069413,1.0328091137157287,0.9745911359927932,0.4632198540728543,-0.8115682198646683
2016-12-12,SYK,116.42,118.18,116.42,117.58,1181010,0.5441600127291065,0.5465671101784981,1.085031309993491,1.0024420537169985,0.1205761868267317,1.0071014128192983,-0.0948012750040645,-0.0324694644634301,0.7933502297218709,-0.5605673009893285,-0.001202471062931,1.2724079041189098,0.5002777163312695,0.7264756737300531,-0.3438335757799078
2016-12-13,SYK,117.74,118.59,117.0,117.63,997034,-0.0065212865035743,0.0015446574523844,0.9636072982676458,1.2299533270556489,0.2328135104451634,1.0935473213539937,-0.1691283320400884,-0.4219242072858964,1.3400007145712316,-0.6775487101743173,-0.001209224711456,1.1644132830877536,0.5438510134530187,-0.0969017077057241,-0.4648088419491107
2016-12-14,SYK,117.97,118.38,116.27,116.73,1914254,-0.5093390996590319,-0.500331431032942,0.6708650801558264,0.841424150632268,0.2814023596372875,0.9988739706924318,-0.1654844212120918,-0.5798674891291291,0.7679976368845424,0.6557119762219178,-0.0013062301502411,0.8425896590236592,-0.0069739436600118,-0.8204524633661043,-0.0848627246642295
2016-12-15,SYK,118.0,119.02,116.79,118.82,1656998,1.0817071041429194,1.0740027348786896,1.040899941665527,0.9671455000018848,0.3959027799566469,1.0927905396023487,-0.1115915572825312,-0.5254999340021428,1.0985817572800043,0.2480317293603394,-0.0011864360907655,1.3809182389134351,-0.5099229284048089,0.4987043290740884,-0.0271923052136845
2016-12-16,SYK,119.23,119.36,118.29,118.75,2196776,-0.069673897157915,-0.0612667445826006,0.9276111075859294,0.9352962820467704,0.4766990640767745,1.0811699283571965,-0.0540926439672589,-0.5386055120957233,0.9076342215348268,0.9660601102211656,-0.0013158300911947,1.2597034371215292,1.081538336387038,-0.3304753772995015,-0.8403788931726478
2016-12-19,SYK,118.77,119.16,118.4,118.81,871772,-0.0015393504208366,0.0064969660020802,0.853565384634753,0.5936485508633055,0.5352261456365758,1.014552895326549,-0.0015226267306269,-0.5404449244311246,0.8038068797035797,-0.8235592855791531,-0.0012129060167149,1.2777206812269095,-0.0701430291250966,-0.0008718139141303,-1.058211760900137
2016-12-20,SYK,118.99,119.94,118.72,119.51,1028737,0.3338133690264434,0.3389478944318587,0.9181928876322648,1.2779441589952854,0.6005394362982263,0.9787268543082122,0.0514561486173136,-0.5416725677901986,0.8918202435001673,-0.5958528524973956,-0.0012079135941248,1.320183639652092,-0.0019907079246825,0.303853449006275,-0.7405511744974962
2016-12-21,SYK,119.41,119.93,118.86,119.4,877367,-0.0902999015141196,-0.0817951199932628,0.7903279065072684,2.076338093396607,0.6389104684730389,0.880717111949036,0.0346297912013887,-0.5735548068953149,0.9867505192081968,-0.7130515305188199,-0.0012720167435754,1.2622894131366569,0.3334494959912228,-0.0326436411452264,-0.8444669522391561
2016-12-22,SYK,119.35,120.76,119.11,120.48,1190288,0.5301419845736327,0.5327524756759895,0.9326998423731484,2.124077305193007,0.7020351054813401,0.8660246707793112,0.070771715303508,-0.5752529482346573,0.9798481267534588,-0.2224692464435008,-0.0012025235505259,1.348384251636145,-0.0907744142488523,0.6890040794875215,-0.4499525700566641
2016-12-23,SYK,120.3,121.1,120.2,120.76,523277,0.1116939511349025,0.1189501877750237,0.9029199564027548,2.174077183871428,0.7527085167056722,0.8222214770186564,0.1219025719529321,-0.5880345770694931,0.8633407761401658,-1.2422483026630335,-0.0012252946275972,1.331963960953395,0.5298293283725425,0.2625763932336555,-0.9702012308778452
2016-12-27,SYK,121.06,121.5,120.67,120.85,443567,0.0134036205361767,0.0213486958465137,0.8308182241915484,2.1466456327902974,0.7856568639544048,0.7415549124670959,0.1500129366448008,-0.5876104877271209,0.8597363410785361,-1.3409373775687845,-0.0012280393499763,1.238844946778567,0.1112721331416759,-0.1573744963667344,-1.0189373597606175
2016-12-28,SYK,120.26,120.99,119.85,119.88,961353,-0.5327088802351584,-0.5237566657704118,0.5609278672336409,1.5857127536985207,0.7631010117763081,0.5341548069846269,0.1825536193150089,-0.6804906156012299,0.4013548356348623,-0.4633858049186556,-0.0012743350840997,0.9343637294679707,0.0129561612499328,-0.2650466220418529,-0.7987932051420671
2016-12-29,SYK,120.31,121.09,120.01,120.52,674652,0.2993791988492916,0.3048937989198944,0.6254488234986455,1.4313718411198064,0.7599564948315966,0.4181991653307174,0.1818190190343972,-0.8034183896749557,0.7189362976548531,-0.8794110179077644,-0.0012202584850913,1.1352585532605295,-0.5332988055256093,0.1055583962295871,-0.8444924350423216
2016-12-30,SYK,120.66,120.8556,119.35,119.81,988104,-0.3997667584847418,-0.3906171223753743,0.3744894716305262,0.9154949115720064,0.7195314939597054,0.2294753281482165,0.0600216860639582,-0.950427184797101,0.8917945412743696,-0.3134642973031322,-0.0012753259791629,0.8963936550841501,0.2990063428689336,-0.5585477574383793,-0.5440156804972748
2017-01-03,SYK,119.81,119.86,117.86,119.43,1831460,-0.2304591450420133,-0.2214715041782262,0.2066380657576999,0.4814707403374178,0.6631981744950646,0.0375485202000626,-0.0888358482847984,-0.929499268919284,0.7956399218057102,1.0797779757478592,-0.001303884018068,0.7735153492253825,-0.4003220027656025,-0.2659432795164643,-0.195680271881973
2017-01-04,SYK,119.64,120.65,119.355,120.1,1504802,0.3162703483411374,0.3216008490507875,0.2643910186240789,0.6427378260867255,0.6358955377754322,-0.0412684485248431,-0.2791335263128877,-0.934789979405653,0.8932692836892724,0.5032230218810817,-0.0011913118260068,0.9901692042921556,-0.2309702215385164,0.2641700855029398,-0.692685991112034
2017-01-05,SYK,120.1,120.4,118.4,118.78,1772185,-0.7172642320452278,-0.7090619646592307,-0.0969768978530417,0.469693341403321,0.5542236838514502,-0.2442674526436076,-0.5084538107383231,-0.8437920090803742,0.6399636890519174,0.8900798636499703,-0.0013021377368194,0.563328773414328,0.3159018988055525,-0.8566942062402756,-0.1880428888513181
2017-01-06,SYK,117.5,118.38,116.5,117.75,2464191,-0.5728662116283582,-0.5640299969205865,-0.3694483635010233,-0.5777283301997863,0.4421686669171212,-0.4848723944927914,-0.710110778651386,-0.8149426077688866,0.3596728878417079,1.858091978209975,-0.0013271518863444,-0.023671926090567,-0.7179023028432258,0.1344319282102325,-0.2607012638066677
2017-01-09,SYK,117.88,119.65,117.64,119.02,1355726,0.6384919197779688,0.6394502412067739,-0.1278024330956464,-0.1035422671936789,0.3970725643845398,-0.505005254973989,-0.8275349313047368,-0.8720345251071442,0.2788029291666609,0.1069380610165045,-0.0011947927520647,0.0091448021307299,-0.5734666128821594,0.7043335601306072,-0.183870303161401
2017-01-10,SYK,119.56,122.72,119.05,121.9,2310404,1.4734999071743615,1.4556146347663648,0.4462775345222252,0.561577814080634,0.4675915500890193,-0.2235202965060135,-0.8279487766903647,-0.6821259198966524,0.5132729850428243,1.4477150385387283,-0.001162437038542,1.0202696265025262,0.6382075291490874,1.452365092466749,0.9177897437666208
2017-01-11,SYK,123.49,127.23,122.575,123.66,3140919,0.8658894860500012,0.8627842425328017,0.7642679471263445,0.7380440826933156,0.584312533168095,0.1205908161609679,-0.6969096165636469,-0.645055979776491,0.5919568066360839,2.378815660322903,-0.001136649586849,0.3600933426427291,1.4734333475808026,0.0776902794740125,1.5459209598821684
2017-01-12,SYK,122.86,123.37,121.84,123.26,1417455,-0.2343806055572029,-0.2253839898234125,0.6130299834799989,0.6547133104428485,0.6518621007516002,0.2693133292759548,-0.6349994185358748,-0.6344531665006399,0.5354498018662923,-0.0769810360986878,-0.0012888101300249,0.2387728485754875,0.8656644173055069,0.2196602850902866,-0.5568316498766175
2017-01-13,SYK,123.22,124.0,122.6,122.92,1665234,-0.204728419731211,-0.1958057989170843,0.4693506929323984,0.3753130673557304,0.6824516874112723,0.2931569851218488,-0.6615659218185158,-0.6628319599820298,0.6113266270756788,0.2868358007836949,-0.0012977837687459,0.1076296910207379,-0.2348927050568591,-0.2102601926995966,-0.6421113791005841
2017-01-17,SYK,122.12,122.99,121.68,122.55,1923857,-0.2203982060396168,-0.2114347218665476,0.3471366516479164,0.2220821154161782,0.682568210782146,0.2337947694752572,-0.6402157901450974,-0.7510957526640101,0.2935635291914368,0.6242059130031359,-0.0013076255725956,-0.0069972585462459,-0.2052327837763141,0.2397108616822644,-0.7004505768602847
2017-01-18,SYK,122.93,123.09,122.15,122.4,1195539,-0.109199271324131,-0.1006110107748101,0.2740638331369692,0.1653092281623133,0.6673680684428159,0.1468801630904264,-0.6370015415098934,-0.7498088386077356,0.2839412039034886,-0.3269885926902835,-0.0012840161359178,-0.053467643505831,-0.2209066579088202,-0.3520502703294954,-0.951287887817552
2017-01-19,SYK,122.0,122.62,121.39,122.13,1016056,-0.1703299492985709,-0.1615108614184459,0.1787607864194234,0.3548495499313217,0.6356720544349548,0.0348883882778467,-0.6489939987692341,-0.7446389974958378,0.2429206969573615,-0.5922376666134502,-0.0012783451910054,-0.1371143364330916,-0.1096787143940877,0.0541894497262285,-0.7519784728057456
2017-01-20,SYK,122.52,123.08,121.45,121.75,1196611,-0.2267081060129673,-0.2177292813146419,0.0716505008117162,0.1147876588462966,0.5871333479210462,-0.0980578321423116,-0.6563783496339795,-0.7461216129298618,0.1077960058647584,-0.3443055032196443,-0.0012852237600787,-0.2548393116640453,-0.1708253397116358,-0.5011359646120381,-0.475548945965526
2017-01-23,SYK,121.56,122.29,120.84,121.41,1391688,-0.2068583243619038,-0.1979299175686735,-0.024079930186117,0.2188161594421823,0.527508232684804,-0.2329510336814649,-0.674042119965382,-0.7418876657148129,0.0797589341385864,-0.1022793049130018,-0.001292923995585,-0.3601721842391114,-0.2272182039646809,-0.1195443212895343,-0.5959837631208382
2017-01-24,SYK,121.51,122.36,120.64,121.5,1546496,0.013155207873855,0.0211018290973508,-0.0156624381724797,0.3521858397084508,0.4766067405017024,-0.3184111393478177,-0.6744448625241748,-0.7708554725191579,-0.0431386320775204,0.087524457469748,-0.0011858795459643,-0.3322899532633578,-0.2073632440416091,-0.0325342930289459,-0.4115191430446742
2017-01-25,SYK,122.18,124.95,121.05,121.11,2562291,-0.2328366572446709,-0.2238435455684659,-0.1040390058314587,0.0817887755725201,0.4144446457246874,-0.415763821110692,-0.6751026749777405,-0.7673520422611171,-0.1249107661138392,1.2581092253010644,-0.0013349762424989,-0.4531129541582854,0.0127076837834558,-0.6879666582510903,1.0924293058541938
2017-01-26,SYK,121.11,121.11,119.17,120.83,1891565,-0.1769333768771672,-0.1680929408207699,-0.1645371762975872,0.4180577624746642,0.3484483261117613,-0.5035151952439209,-0.6750307168366336,-0.7651020755137217,-0.1699074916273666,0.2860737189507467,-0.0013131659997112,-0.5398576727495158,-0.2333483539699053,-0.2009883355538931,-0.2532351226642174
2017-01-27,SYK,121.03,123.67,120.73,123.29,1497598,1.2345266934086463,1.2231311514906296,0.3312818512443653,1.2453764425106293,0.3868056242508193,-0.3051118788642767,-0.6502808919109677,-0.6436030971803679,0.2502835929759941,-0.2289398789576238,-0.0011854730655941,0.2222566405877218,-0.1774304899461681,1.3844661845222737,0.3960402499844736
2017-01-30,SYK,123.27,123.27,121.94,122.51,1249298,-0.4268744537005036,-0.4177418463684294,0.140625592842601,0.7552664464534625,0.3804252227097443,-0.2615432945949366,-0.6427078539143685,-0.6292926106865044,0.0750241583314174,-0.5555657226965841,-0.0012894901363718,-0.0193893612021335,1.234397792156858,-0.492118098043342,-0.6865541429823289
2017-01-31,SYK,122.13,123.59,122.0,123.53,1148541,0.485355097659667,0.4885947544323734,0.3203922333179505,0.3428632363157493,0.4090994679340884,-0.1364583698575324,-0.6280847254351273,-0.62928336952768,0.288528093340519,-0.6820701910284306,-0.0011989630328447,0.2966092565230601,-0.4274367696470287,0.8397482917283757,-0.5186130905146
2017-02-01,SYK,123.43,123.82,122.42,123.12,1586901,-0.2396324501950406,-0.2306242020981113,0.1914918218815044,-0.3961606561469468,0.4092742073494785,-0.1097476674118297,-0.6473408581947814,-0.6287581007471327,0.2862898402283185,-0.1485773353319415,-0.0013022129453319,0.1695902043001886,0.4850307577692079,-0.216068259513318,-0.6436533097665835
2017-02-02,SYK,122.88,123.47,122.295,123.39,1330908,0.1035347409364139,0.1108540120979103,0.2137967528100688,-0.1382584204438958,0.4135751334358802,-0.0777583719947994,-0.6491704879315293,-0.6349019996625308,0.2348440154440012,-0.4461640300185311,-0.0011917102048521,0.2532368972274448,-0.2401459197591419,0.2872528699774348,-0.7976979191460656
2017-02-03,SYK,123.72,124.245,122.78,123.36,985962,-0.0481329352225207,-0.039835005609696,0.157484815002684,-0.0099277688682495,0.4093876734636498,-0.0740158952517943,-0.7178212799487869,-0.6945450584780316,0.3988170121830642,-0.8320406280957903,-0.0012798078083048,0.2439428202355269,0.1031107944255781,-0.2461568568501451,-0.601583636459391
2017-02-06,SYK,123.08,123.29,121.86,122.33,1171320,-0.5528223937612944,-0.543925005397973,-0.1132166848441505,-0.2710431779337608,0.3596903556127586,-0.1881635046023692,-0.9128661284415353,-0.6971771582518643,0.4037705814463573,-0.5452050846698402,-0.0012873794544606,-0.2556081647485356,-0.0485964477344263,-0.4866987321216801,-0.6170949386691438
2017-02-07,SYK,122.36,122.84,122.16,122.51,1726431,0.058612284829803,0.0662596376434684,-0.1120476956386987,-0.1481205472316563,0.3219811487011239,-0.2486244008959001,-1.0632006503618774,-0.7298302007286649,0.2631738469516242,0.1395792310823139,-0.0011757907734555,-0.4752308879939788,-0.5534175661242782,0.0663016885542857,-1.1287348498740388
2017-02-08,SYK,122.34,122.95,122.01,122.41,689562,-0.0838147823371307,-0.0753399632012732,-0.1389377304837688,-0.0826775675685408,0.2832000736270189,-0.2997520881291259,-1.0685627034928498,-0.9740312056760064,-0.1060319927452448,-1.1253766295844898,-0.0012688075567937,-0.5450312987342655,0.0581766192632568,0.016912360059514,-0.9513401740694324
2017-02-09,SYK,122.62,123.58,122.28,123.32,1492652,0.4298322726390633,0.4338081563176798,0.0596970229504706,0.3690137573403385,0.2833173700135806,-0.2405304993964488,-1.0793415454587032,-1.0556154350595142,-0.2078572411267139,0.0590370539868583,-0.0011856781425812,0.5054365539175752,-0.0842876032793945,0.4049854358712889,-0.7127712146105334
2017-02-10,SYK,123.28,123.71,122.78,123.31,842225,-0.0380445378212885,-0.029800311335531,0.0570149126906721,0.5142972459656718,0.2781146991069304,-0.2068467326418447,-1.0780565061051517,-1.0613655847454782,-0.1615194008250169,-0.8331813914761841,-0.0012742402524057,0.4996853747870573,0.4294934483428969,-0.0079311391510429,-0.9627698548860952
2017-02-13,SYK,123.44,124.755,123.34,124.33,1121244,0.4819921837632406,0.4852778112489695,0.2602505876486548,0.7489543719752767,0.3088775996557262,-0.0873249574453181,-1.0308679186667882,-1.0314289156694618,0.0009906293699463,-0.4001608322425969,-0.0012002489599116,1.086305646100436,-0.0385054185427396,0.5184103512259145,-0.6428213989202061
2017-02-14,SYK,124.43,125.51,123.84,125.26,1125201,0.4326998861180728,0.436638933071416,0.4297866555656347,1.1076785462077468,0.3639664381162656,0.0709070081350694,-0.940287652266012,-1.0157385813725948,0.1572929335568356,-0.3451330319380762,-0.001200741188134,1.3117990385713367,0.4816669665793581,0.4776453689653014,-0.4802011550926822
2017-02-15,SYK,124.7,125.98,124.605,125.76,1039023,0.2155191952469453,0.2218809836627477,0.4999577766687479,1.316272484281029,0.4207561994900287,0.2018707268972837,-0.8442916997999584,-1.0149608847876217,0.2356832331435323,-0.4660371164774868,-0.0012045327401919,1.3354896276352732,0.4323618099048259,0.6159039164276674,-0.6801145997434448
2017-02-16,SYK,125.59,125.77,124.89,125.75,887602,-0.03794658674593,-0.029702889650201,0.4583038063697818,0.8176983868687202,0.4583887780237707,0.2573314430603725,-0.775890951362549,-1.0208342039479077,0.2678404109388315,-0.6894938967044991,-0.0012748787962383,1.3306083037917429,0.2151244624562063,0.0699354248255917,-1.008103571123938
2017-02-17,SYK,125.65,126.37,125.12,126.34,863137,0.2591092621106136,0.2650445757582441,0.5339818578003027,1.4208155191341496,0.503927586410416,0.3220505155295119,-0.7057507457509316,-1.0283222204306504,0.3862089828471527,-0.7100343760583495,-0.0012110586396076,1.429027995786875,-0.0384074419145907,0.3885718833732113,-0.7667546882136332
2017-02-21,SYK,126.01,127.79,126.0,127.16,1358184,0.3710849348558001,0.375786971125245,0.6455718733998054,1.3815614223385226,0.5640904143056538,0.4114677479730708,-0.6281361416921483,-1.030897459883093,0.5280807451265783,0.0578774991984414,-0.0011934674419242,1.1999281293867603,0.2587259007912114,0.6631886704337124,-0.4181551510057939
2017-02-22,SYK,127.05,127.96,126.84,127.29,805991,0.0306524696473816,0.0384877959873306,0.6099811279817733,1.6925592036407326,0.6081792690919053,0.4416274038526501,-0.5715933594734325,-1.031345442746738,0.5324005952352053,-0.7603664779569718,-0.0012139967942569,1.189499727154612,0.3707307849656215,0.1164022877011956,-0.8580238564804908
2017-02-23,SYK,127.5,128.72,127.01,128.67,1082819,0.6419673613637066,0.6428696460654287,0.8194574293681521,1.847270293383768,0.6878060347395804,0.5572290993421557,-0.4875768552131703,-1.0144191479954952,0.7492955245555944,-0.2126197713039678,-0.0012045302642473,1.4254746603738115,0.0302095101200822,0.6669821835591204,-0.4837396192803974
2017-02-24,SYK,128.56,129.3,128.29,129.27,770746,0.2573188904926294,0.2632723131504152,0.8537564975601986,1.9319923938066004,0.7640209014378182,0.640928286572436,-0.4265684719908738,-1.029865830117761,0.8583815120498839,-0.6763378002032545,-0.0012159022480695,1.431242177382702,0.6416838773836839,0.3909342850503056,-0.9401730680460084
2017-02-27,SYK,129.0,129.66,128.41,128.58,1005613,-0.3653086126658306,-0.356154474438258,0.6511409872261502,2.1509140512811324,0.7865038804837845,0.5695826825134862,-0.3577651579260012,-1.1753459616987276,0.462678350408965,-0.2201008342137706,-0.0012773494439939,0.9826074623931628,0.2569350621136193,-0.2722991071910042,-0.7811195585501495
2017-02-28,SYK,128.74,129.2,127.19,128.56,1196762,-0.0426799810667273,-0.034410876975568,0.5816800594258134,2.123041560192982,0.7927007897810262,0.4705861360915342,-0.3287995298349462,-1.221557515011218,0.5577995549476459,0.1317631878006653,-0.0012844550782461,0.97408391998946,-0.3658548677469563,-0.1319505521664284,-0.288312643594049
2017-03-01,SYK,129.35,131.36,128.78,131.05,1271982,1.1728418020903386,1.1629794078512177,1.021360190869424,2.331500995094148,0.8837242423625168,0.6097309611113227,-0.1868799112012545,-1.0666615525029686,0.7265799787896818,0.2557594721207152,-0.0011976610400304,1.3344054599184465,-0.0431420710501455,0.966633080168212,0.049419456015275
2017-03-02,SYK,130.94,131.31,129.855,130.79,940446,-0.1565144692221066,-0.1477423082335421,0.8838172337473142,2.140074718360591,0.9331753165183072,0.6140402347119017,-0.1067812428819739,-1.075315016722932,0.7474502335690588,-0.2930803633134184,-0.0012754831013503,1.243427859946329,1.1726968089161465,-0.1128658694285315,-0.664181531766587
2017-03-03,SYK,130.51,130.85,129.6531,130.2,1133782,-0.3138450538641582,-0.3047198826298019,0.6877712740320425,1.835012366560022,0.9366525399216096,0.4991517531776124,-0.0709715636361539,-1.044759355534131,0.6430863229988425,0.0862656298388633,-0.0012826929973057,1.0369786907788472,-0.1570062555494934,-0.2057744728509646,-0.8251896863958926
2017-03-06,SYK,129.54,130.16,129.19,129.69,1373343,-0.2768639318710111,-0.2677859412909903,0.5144507616268253,1.4699111476497762,0.907183308773882,0.3224373610963696,-0.0715144811483873,-1.025839065427905,0.5861373373420511,0.490773230016009,-0.0012918493854565,0.8585226292950957,-0.3143778834925165,0.0611681471079696,-0.9679864515864104
2017-03-07,SYK,129.35,129.81,128.79,129.14,1724918,-0.2970250400770599,-0.287918596369994,0.32867800916301,1.0617818148169431,0.8506808746959261,0.1114828484551549,-0.1398873882812845,-1.0665619921237026,0.6501099236615948,1.061224068365153,-0.0013055418991337,0.6536078416985097,-0.2773871141232812,-0.1489750346868301,-0.933064053034676
2017-03-08,SYK,129.54,129.87,128.95,129.34,651004,0.0634234048321207,0.0710371566497211,0.298304142815075,1.0042376168460765,0.8028228331319013,-0.0350302441368499,-0.2212705440108809,-1.0666695236326733,0.6513062778625544,-0.8132299903545188,-0.0012184455424862,0.7247133291304405,-0.2975534818180295,-0.1429628148046757,-0.998517415310092
2017-03-09,SYK,129.17,130.15,129.0341,129.81,1023280,0.19323928727404,0.1998074310286134,0.3176474076518177,1.0972904049329248,0.7727877805441318,-0.1063646514014699,-0.3278899822216472,-1.0739819190269515,0.7203628218394493,-0.1390283653968124,-0.0012049011575815,0.8754248553827653,0.0629889943568633,0.3480206985276272,-0.8748916911969408
2017-03-10,SYK,130.3,130.69,129.29,130.0,1642317,0.0581296570078401,0.0657803601623341,0.2869830991726663,1.0226779505467534,0.7461648906852881,-0.1546493290879798,-0.4170945620533045,-1.0853234022758214,0.6280643313649307,0.99259368442359,-0.0011828448081627,0.9159688581460526,0.1928387422569585,-0.2002654038718028,-0.693806953156903
2017-03-13,SYK,130.21,131.46,129.59,131.38,1334335,0.627896970394738,0.6290249553626903,0.4852749312177821,1.1253686647230694,0.7688182310800452,-0.066440902835764,-0.5028543685353518,-1.0566479378750846,0.7936815501087761,0.3687793948903933,-0.0011950980244082,1.4101281951737432,0.057693865536728,0.6525528803545956,-0.4050900222353201
2017-03-14,SYK,130.82,131.35,130.48,130.97,1487209,-0.227285854091563,-0.2183056567613822,0.3324602582907919,0.9242309296336334,0.7601763782426895,-0.076427450478739,-0.5840561401758315,-1.0523980165193645,0.6168766962437012,0.6019110077357955,-0.0012948793254036,1.2291190470292574,0.6276098158296689,0.0603121586246178,-1.0377120210918636
2017-03-15,SYK,131.31,132.99,131.0,132.83,1110737,0.8511755210267592,0.8483575647863422,0.6322471647572929,1.0103297125091752,0.8154331746189052,0.0800573344919525,-0.5762605083115658,-0.9939103728854204,0.7200943408334927,-0.0666733438363942,-0.0012029982372535,1.37944773895606,-0.2277961027621489,0.8482452756926211,-0.3427482020821805
2017-03-16,SYK,132.62,132.62,130.51,131.5,1675128,-0.6563732159276352,-0.6478621918032812,0.3026545418252142,0.411053610391997,0.7960095529345089,0.0130190519751542,-0.627595961055783,-0.9151401002207882,0.5028537932520951,0.856883450189943,-0.0013017523906493,0.8313935064164242,0.8509466138061269,-0.6643651059724288,-0.254067527072111
2017-03-17,SYK,131.56,133.02,131.0,132.66,2050705,0.5162003333616182,0.5190100521177046,0.4662684654605014,0.8636661482466933,0.8151757459371195,0.0587179446572588,-0.6670677848768944,-0.8991285038304965,0.6395533260066711,1.338746937608526,-0.0011688559752658,1.2913970618790451,-0.6569954019038315,0.6053873384469884,-0.3223013180137477
2017-03-20,SYK,132.62,132.91,132.14,132.59,714862,-0.065847412152409,-0.0574591197966813,0.3876821707494582,0.8462334270708161,0.8165019321198526,0.0493571883574311,-0.7105678809630089,-0.8967085629070107,0.5590620283592177,-0.8577657216637838,-0.0012677860767426,1.2392607947711918,0.5158840401602076,-0.043407137152397,-1.107332182091935
2017-03-21,SYK,132.79,133.59,131.41,132.38,966911,-0.1316021813328799,-0.1229223752694125,0.2918211876652298,0.2374204327850039,0.7983887930869518,-0.0081679051469678,-0.7470138353519866,-0.8983225199553508,0.4354153787374063,-0.4132345363499263,-0.0012769372103298,0.8469884321476351,-0.0663155458929832,-0.259588874943704,-0.2188879340073415
2017-03-22,SYK,132.71,133.24,131.61,132.45,789748,-7.518926033902584e-05,0.007952344498712,0.2532252244787674,0.3544574474018034,0.7761458283640557,-0.0648180801831749,-0.7983161640927471,-0.8977398232461805,0.4278769313039919,-0.7111709166576984,-0.001214402818611,0.8669567229095284,-0.1320874687170888,-0.1743345159041315,-0.5656870507368809
2017-03-23,SYK,132.38,132.77,131.28,131.59,1247889,-0.4372384911360853,-0.4281155352796698,0.0508581261903103,0.2528111113755183,0.7147370923311693,-0.2109502413403711,-0.8259476913351335,-0.907478572426832,0.165815384114394,0.0477288488688646,-0.0012869838123244,0.4040720217421075,-0.0005261648040764,-0.4771845843700132,-0.647651277374092
2017-03-24,SYK,131.83,133.16,131.54,132.51,1236950,0.4022755923209818,0.4065988634395381,0.2026237491935364,0.6693633431735202,0.6925974348698984,-0.2267780380248691,-0.822813586486013,-0.8972839365470824,0.2006240825407275,-0.0099424919623484,-0.0011981104198155,0.8819231177494592,-0.4378035107801065,0.3633915118710188,-0.5724408564992335
2017-03-27,SYK,132.0,132.62,131.73,132.49,698186,-0.0423927734869129,-0.0341252008109523,0.1589999052362819,0.8897485474705217,0.6649037479932344,-0.2537362514772099,-0.8560640533900183,-0.917729607937062,0.2791275658938409,-0.8814482681876176,-0.0012674838560438,0.8715350504449608,0.4019295792310621,0.2541408334532133,-1.0314826669513877
2017-03-28,SYK,132.22,132.89,131.44,132.7,750885,0.0656845205734789,0.0732823533650152,0.1591597471430255,0.8917874873914253,0.6421228517997536,-0.2626573835923703,-0.901614768957858,-0.9191591561398552,0.3054719846829714,-0.7702778679374543,-0.0012158237314799,0.8278015030611051,-0.0428547885456292,0.2479600856378005,-0.6806664316396284
2017-03-29,SYK,131.92,132.24,131.14,131.9,1359789,-0.4083270905186341,-0.3991815482390706,-0.0092773522875595,0.4599016945039937,0.584154414852918,-0.3603664134436581,-0.899308195163649,-1.0704784561398155,-0.0722189024744939,0.2543159952435484,-0.0012909282729602,0.2724898358850126,0.0652506999622592,-0.0377707329589638,-0.8962901974111757
2017-03-30,SYK,131.7,132.5099,131.51,131.95,607818,-0.0093955739468677,-0.0013127168255099,-0.0109240529821316,0.4255003881004635,0.5323490641209352,-0.4226699595028154,-0.8996814975962499,-1.0737360261037006,-0.0372193043173914,-1.0022982118102988,-0.0012207738640633,0.3071167269000266,-0.4088845679589589,0.1170998978175173,-0.9597776675042912
2017-03-31,SYK,131.54,132.2,131.47,131.65,753836,-0.1745451999260631,-0.1657124038217712,-0.0853425634992281,-0.0927965621337077,0.4723452199012165,-0.4936155774536621,-0.9147532979260884,-1.0838420991863935,-0.0039170664441018,-0.7308291792491286,-0.0012696999151952,0.0993553808098828,-0.0098489809272817,0.0368634428176904,-1.1291983587046694
2017-04-03,SYK,131.65,132.42,130.59,131.93,998384,0.0994175574010353,0.1067682342215555,-0.0518644592188918,0.1584967287538935,0.4291679963808499,-0.5070606397980083,-0.9485358843773009,-1.0952945179408915,0.0861884903448256,-0.2761809814629364,-0.0012066105747268,0.2932659704940288,-0.1750416899841879,0.1343708767559738,-0.4353034914563129
2017-04-04,SYK,131.92,132.13,130.63,131.41,711126,-0.2783851092175596,-0.2693047435107595,-0.1781657783814928,-0.8042707724163085,0.3685403641854415,-0.562733741200972,-1.019510084748294,-1.0970533643955211,0.0906806111252332,-0.7263538677280109,-0.0012680906031838,-0.1189134356572512,0.0989925368281957,-0.3183981945162032,-0.6400166250467477
2017-04-05,SYK,131.21,132.26,130.94,131.18,669361,-0.1419630061798686,-0.1332435819797632,-0.2422478860003544,-0.3544037112245263,0.3062147412265094,-0.6116428213183951,-1.0920813420931408,-1.0935240384108278,0.0414549438525108,-0.8047968107661734,-0.0012668204263403,-0.3155614034813791,-0.2789086883039215,-0.0435907948513521,-0.7527057084561037
2017-04-06,SYK,131.3,131.3,130.26,130.84,752546,-0.1943600676706715,-0.1854666535919061,-0.320132553727569,-1.287856865131045,0.2389892624700251,-0.6633822298861005,-1.1393392129790445,-1.0931826364756565,-0.0509439707136364,-0.6332671596537197,-0.0012700544826161,-0.6830513008226567,-0.1424509964234959,-0.2910067349659212,-0.928877447664026
2017-04-07,SYK,130.89,131.33,130.53,130.84,867898,-0.0329960430517004,-0.0247793014886723,-0.3284267179521,-1.260969541699469,0.1819193929985212,-0.6786333932656315,-1.1816678554076046,-1.0937970948980575,-0.0725792451328243,-0.3563613404013639,-0.0012427088046935,-0.8424960547988285,-0.1948617268927095,-0.0551773443302045,-1.081749705222447
2017-04-10,SYK,130.67,131.33,130.55,130.73,761175,-0.0853377132201855,-0.0768557974147485,-0.3439042225193615,-1.221172714782243,0.1291767816878094,-0.6796960359554622,-1.1624804069291936,-1.16200280236512,-0.2401383683985261,-0.5219339209214544,-0.0012706432857268,-1.412124009694664,-0.0334556067571959,0.0083747104114037,-1.0940710088289234
2017-04-11,SYK,130.45,131.18,129.94,130.59,774525,-0.099668767367468,-0.0911218886177971,-0.36802462562655,-1.335501825356949,0.0792583137554187,-0.6732768536680699,-1.148568113481143,-1.1670783524791752,-0.2100889128874101,-0.4386179964426006,-0.0012714222328817,-1.289325251184502,-0.0858109314539914,0.0547662388921785,-0.7999718390558638
2017-04-12,SYK,130.44,130.845,129.82,130.41,998502,-0.1188100161717269,-0.1101814983286322,-0.3800087372444241,-1.0369821132550283,0.0305650798663227,-0.6649877765026481,-1.1358460522577298,-1.3248156822625738,-0.4350479038225168,0.0376755990831657,-0.0012801125605024,-1.3610727833686855,-0.1001457241863045,-0.0436927663928846,-0.9362791876604576
2017-04-13,SYK,130.18,130.66,129.84,129.93,758716,-0.2621491601387115,-0.2530960677564849,-0.4602137379864576,-2.2659679839151146,-0.0282854441632099,-0.684501204737953,-1.0897235636568454,-1.3933975191496963,-0.3428220656352616,-0.3837937589980796,-0.0012715184888612,-1.784310751000611,-0.1192919664254854,-0.1714075501641496,-1.065352185818376
2017-04-17,SYK,130.27,131.2,130.19,130.97,1606851,0.4653365898931292,0.4688472778667844,-0.2360886458855455,-1.145944573442951,-0.0352844551811684,-0.5666470454382514,-1.1003239232162196,-1.4076343405260168,-0.3545738039718444,1.55892032309881,-0.00118105402512,-0.86729515446476,-0.2626685037043949,0.3796575768212157,-0.94862505254144
2017-04-18,SYK,130.55,131.16,130.06,130.91,792759,-0.0615177064090725,-0.0531510369290343,-0.2313716494046667,-1.3532455380217,-0.0443771472414444,-0.477752816959502,-1.1121689594570547,-1.407615236935019,-0.3535649140451136,-0.2742208177901809,-0.0012724658493193,-0.9201999004187538,0.4650070277145744,0.1820223434982796,-0.8910340415585014
2017-04-19,SYK,131.56,132.27,130.99,131.82,1019085,0.3997807816653341,0.4041349127171825,-0.0441000100977114,-0.2397914390009924,-0.0172666479709022,-0.3134510429149859,-1.1232818863830454,-1.3583123856588628,-0.2296046708963638,0.224562744373717,-0.0012040417812482,0.0626630261202626,-0.0619847106463378,0.1229952775257729,-0.7820665793700641
2017-04-20,SYK,131.81,133.03,131.2,132.76,972801,0.4109620456196945,0.4151771033946745,0.1404690305515136,0.2425803456433854,0.0390664374323116,-0.1067911900294529,-1.1122249694005018,-1.3147941367789726,-0.1331029946303071,0.0999030116993434,-0.0012063051285836,1.0447731788464742,0.3994341177466843,0.5182111473659146,-0.4425307958903928
2017-04-21,SYK,132.6,133.43,132.27,132.94,943088,0.051415276244352,0.0591122049144587,0.1627846529223424,0.5135719946326616,0.08808331760787,0.039704905968646,-1.0817575739329597,-1.3532608842251646,-0.0168056080473984,0.0695447234241839,-0.0012078739655198,0.9916740559749232,0.4106182985908711,0.1674059751978919,-0.8641131513973798
2017-04-24,SYK,133.96,134.79,133.73,134.45,1300338,0.6741623488758822,0.6745365596074299,0.4443315229479806,0.9292241015728518,0.1825560185279014,0.2739042828589336,-0.9885639491131196,-1.2912960203785948,0.0475400759122167,0.8600521472168782,-0.0011952736202626,1.2154699548628138,0.0509777331726141,0.2500373960596223,-0.9342669195928356
2017-04-25,SYK,134.93,136.04,134.46,135.59,1481705,0.4948891391601243,0.4979975006193953,0.6398478596651056,1.507425901943947,0.2971700029209993,0.5131071013063913,-0.8441520552381713,-1.249204959778406,0.1761588228500036,1.1278022508387249,-0.0011895658316979,1.202383303342551,0.6738872636987068,0.3432393537322993,-0.620171471796523
2017-04-26,SYK,134.65,136.41,131.67,136.19,2316841,0.2425023159655365,0.2486036559734877,0.7234767570432089,1.745675567197033,0.4052482009077393,0.6876463543654403,-0.7014723188936149,-1.2418840319419362,0.2187781958712171,2.5358034218056424,-0.0011611740448307,1.3319045582266729,0.4945672864436349,0.8377736767512197,1.3092978228231007
2017-04-27,SYK,136.37,136.6,135.26,135.37,995341,-0.4078516914020471,-0.3987058907018707,0.5250173113360233,1.4567832965170129,0.4517259788536079,0.6687193360550071,-0.6260426578521604,-1.2419653089837204,0.218893989094113,-0.0408874372716488,-0.0012767373363692,0.8398192697365094,0.2421146223423397,-0.5803371210714343,-0.7663497435360386
2017-04-28,SYK,135.1,136.47,135.1,136.37,1533394,0.4269141105907533,0.4309273474611904,0.678424756744804,1.5995532436639104,0.5202226407689821,0.7102539496975518,-0.5219698837121708,-1.2180278380179816,0.3244862853842511,0.9060865443895348,-0.0011896346613026,1.3301115318961692,-0.40840904482358,0.6839037833704045,-0.7540651382796026
2017-05-01,SYK,136.43,136.71,135.41,135.77,852066,-0.306918624991619,-0.2978006135336443,0.5175934271931917,1.3578733339502984,0.5429385630298108,0.6256428048386073,-0.4644133155918898,-1.203482576750929,0.2921400956009373,-0.4124469457084045,-0.0012716472706125,0.9893619676942024,0.4265745250249106,-0.3918093178846492,-0.7933337902663592
2017-05-02,SYK,136.02,136.7886,135.5,136.17,1271401,0.1504260310399923,0.1573686062750688,0.5537404718741803,1.4784489882822518,0.5684346468152577,0.5651099768564075,-0.4029499041590657,-1.202404892135014,0.3045231257647556,0.3595232158688234,-0.0011990735948108,1.1477924078680612,-0.3074496477017261,0.0570003714661553,-0.8026550933156911
2017-05-03,SYK,136.0,136.27,135.02,135.71,733975,-0.2433118045949561,-0.2342956712683704,0.419428258058096,1.3510448717359829,0.5623582315278445,0.43541664536553,-0.3744021289306397,-1.2064737479648622,0.3130965449135978,-0.6580328896257169,-0.0012675093137082,0.9283618899414366,0.1500143172004902,-0.1874196221526541,-0.8236864801752707
2017-05-04,SYK,135.64,135.65,134.79,134.98,1038367,-0.3678893255950918,-0.3587348601475973,0.2373397930046416,1.2430938380199723,0.5211098486992303,0.2411299411936655,-0.3756865834556418,-1.1815042391996071,0.257960526805603,-0.1163926234055496,-0.0012781108694085,0.5801351984491601,-0.2438262340032629,-0.3939380357109081,-1.0603330924618173
2017-05-05,SYK,135.43,136.0,134.77,135.96,710565,0.4190181571898734,0.4231317921396164,0.3790704797181872,1.2342981535455986,0.5193063460329768,0.1872310203656547,-0.3724427544815945,-1.1731173063606202,0.4072336398155853,-0.7224420169726665,-0.001218169790838,1.0476176062059115,-0.3684362539145311,0.2693524008920556,-0.8373576079761429
2017-05-08,SYK,135.79,136.0,134.6,134.85,747589,-0.5412809917382467,-0.5323513401477005,0.1209232132597626,0.8311186144244319,0.4671115958907098,0.0144056801659249,-0.4015655085620967,-1.1134635187481516,0.2826381799764063,-0.6458278349945009,-0.0012683001461522,0.5181222259916353,0.4186765117830111,-0.5493202922997825,-0.7260869470615794
2017-05-09,SYK,134.81,135.46,134.495,134.87,927098,-0.0237623704527201,-0.0155969519400811,0.0838782964443098,0.6676862005507718,0.4199963962511401,-0.1107799164424238,-0.443138677958216,-1.1157340728521203,0.2976214592669314,-0.3232621513588535,-0.0012106771725198,0.527662683292798,-0.5418731532611072,0.0073093456636755,-0.995016868010159
2017-05-10,SYK,134.59,134.66,133.51,134.04,1653325,-0.4161366312019259,-0.4069958571878241,-0.1127299210720719,0.1743423608254419,0.3443267634662348,-0.2844270130916163,-0.504679797986358,-1.0851689024135391,0.2205205680011543,0.9057714089993004,-0.0012991801128045,0.1317337052947343,-0.024219525342381,-0.3350577785703221,-0.8762986214887228
2017-05-11,SYK,133.89,135.08,133.33,134.84,822795,0.3385828139974191,0.343663219177008,0.0003739330657656,0.3199338695167039,0.3105663830817527,-0.3154709961839366,-0.5832313350016766,-1.0784374056231512,0.3314220178988796,-0.5646530714826333,-0.0012140215230364,0.510676561268032,-0.4166961459405258,0.5097518329115378,-0.5096974999603853
2017-05-12,SYK,134.63,135.113,134.33,134.82,654844,-0.0422304004380284,-0.033963694132179,-0.051469323890613,-0.0743570856776439,0.2781217714280981,-0.3369194165950956,-0.7106572744171392,-1.0936498150080511,0.3852608871584028,-0.8612008132360018,-0.0012653067773717,0.4703162912635214,0.3382201851815972,0.0803078209829509,-1.107301551298342
2017-05-15,SYK,134.81,136.16,134.17,136.03,772495,0.5257654565275991,0.5284388171236352,0.1348360451881558,-0.053665621998188,0.2949335458379553,-0.2272930631262778,-0.7944968075232802,-1.0861409577915355,0.3999349809796744,-0.5945969634831095,-0.0012158319740167,1.0681018128141326,-0.0426923731380011,0.6574100116835926,-0.3721199746617974
2017-05-16,SYK,135.82,136.69,134.36,134.77,1109387,-0.6096712415241594,-0.6009643638312848,-0.1481837689417567,-0.5975753203641471,0.2540442994800913,-0.2881134145064661,-0.9282567462833624,-1.021448182639808,0.2655692739583112,0.0074412960656906,-0.0012809366505927,0.2856696238720157,0.5254516586085256,-0.6103938179617411,-0.1504676111603826
2017-05-17,SYK,134.06,134.99,133.48,133.54,936990,-0.6012039982587362,-0.5924654142385162,-0.4040071015369473,-0.6952756166407785,0.1695808889854593,-0.4489288439861869,-1.0107722570329416,-0.9847712512099568,0.0241545566711794,-0.3048516120460497,-0.0012754470524591,-0.4894363432756918,-0.6102812442163759,-0.3193713642474453,-0.648949348565155
2017-05-18,SYK,133.54,135.63,132.44,134.84,981374,0.5730804040664117,0.5750581476349873,-0.1714551368716354,-0.600681284266364,0.1503757693483808,-0.4096074702989899,-1.0746637688217415,-0.964266302096426,0.0626226510565497,-0.2231766016352313,-0.0012080104748784,0.1773959748982309,-0.6018117920758345,0.7091733451212296,0.3803265068154834
2017-05-19,SYK,135.1,136.83,134.79,136.81,1339705,0.8765881595009499,0.8732719162398024,0.1732253965062999,0.0597315337324288,0.208585581344164,-0.1788856699945093,-1.1098392983196177,-0.8766060170850601,0.260061388153666,0.3972930021351257,-0.0011959259146562,1.429994327629149,0.5727789493394564,0.9299643716058348,-0.3486124540532291
2017-05-22,SYK,136.82,139.21,136.82,138.64,1474972,0.799780863770881,0.7979399855408108,0.4866320104751123,0.3402908757868813,0.3213377592104976,0.1460828810740285,-0.9922772452188372,-0.8565872199198028,0.2902147013235479,0.62280860003397,-0.0011920562006558,1.1915812089114155,0.8763658817514517,0.9786845381094064,-0.154619820348102
2017-05-23,SYK,138.7,140.3,138.64,139.9,1446576,0.5328228205389589,0.5353946526056959,0.6876473466647898,0.6594934468846586,0.4533605688235618,0.4556599963084322,-0.8229052655835021,-0.8526214856359534,0.2993644723982531,0.5755800553350091,-0.0011939217861993,1.288803130526952,0.799538549072034,0.6273398456310938,-0.6024330745604298
2017-05-24,SYK,139.96,140.34,139.83,139.99,1123006,0.0070555893634016,0.015039860699313,0.667208024436175,0.8722242483004861,0.5534555723356219,0.6211400652168684,-0.6966036035727523,-0.8561550085645204,0.2423100256134676,0.1045166744174202,-0.0012054887573542,1.2956048866099934,0.5325108636955787,-0.0101222556644417,-1.2877033661155315
2017-05-25,SYK,140.26,141.205,139.77,140.85,1201902,0.3494735065502422,0.3544289860108151,0.7785549884928713,0.8558193757836595,0.6573537217902968,0.7633133525302137,-0.5579459284285618,-0.87445809971984,0.4270587033897788,0.2332066581384467,-0.0012034010550481,1.308242762941073,0.0066064740472473,0.2914900457850546,-0.7422352724600267
2017-05-26,SYK,140.97,141.59,140.3955,141.27,827470,0.1526509271251102,0.1595747608013518,0.8106059256756571,1.2549739425735364,0.745928380843699,0.8376095818760053,-0.4278839614377352,-0.8878636251200546,0.3602351030837003,-0.4226261863359202,-0.0012160246527012,1.326623223014572,0.3491137188220146,0.1344661372928231,-0.8866402687849669
2017-05-30,SYK,140.99,142.05,140.85,141.98,779251,0.2799027084453626,0.2856239883591762,0.8851695710395421,1.3301505970326837,0.8327711270831339,0.8925886515836999,-0.2963949518481176,-0.9030797846365738,0.504272866217704,-0.5117112691915804,-0.0012178189273668,1.4186651509836203,0.1522397937009155,0.5041910547122079,-0.8869357375211063
2017-05-31,SYK,142.56,143.2,141.97,142.96,1764868,0.39673262823022,0.4011243307799885,1.0053079962421974,1.6963721644254846,0.9277722266396078,0.9575713683450006,-0.149010278882544,-0.893519679321588,0.5648552176480169,1.345275757505074,-0.0011868386272382,1.3687334390900856,0.2795247715746021,0.1856693783274203,-0.8742753753499108
2017-06-01,SYK,142.8,144.7,142.44,144.7,971557,0.7247612684167195,0.7242728308824384,1.2478970710786583,1.7634005669499293,1.057651986149788,1.0993346120521692,0.0375597604550098,-0.8712046085535707,0.8054217325498991,-0.1991396440630401,-0.0012125593110079,1.442878752192886,0.3963851691306514,0.9789242881152302,-0.2896629328932393
2017-06-02,SYK,145.26,145.62,144.05,144.48,1470321,-0.1276523543833328,-0.118988104755352,1.1110182726549462,1.6984297359625218,1.1371202386013035,1.0829868556635995,0.1549032815364484,-0.8955428552100799,0.8661741128462802,0.6925238586476892,-0.0012878456658751,1.1553547041895105,0.7244993831312768,-0.4320056078914054,-0.6856957910904927
2017-06-05,SYK,144.7,144.79,143.77,144.22,1098942,-0.1450329322379525,-0.1363020995788517,0.979740304565664,1.5187998019719795,1.1746303896212134,0.961909219760364,0.2451655837377099,-0.8914953442716015,0.7247773826017231,-0.0346742389618288,-0.001277002583398,1.0897790441185686,-0.1281366113643519,-0.2769375382562895,-1.001893330862049
2017-06-06,SYK,143.75,144.66,143.75,144.05,777764,-0.1063829961425142,-0.0978068125855777,0.8570414509540895,1.9078395168266935,1.1823415601375586,0.7883450481995845,0.2826842775821525,-0.9441228580875196,0.8344975076006798,-0.6239274477401141,-0.0012672835117384,1.0469026509952617,-0.1455217233423879,0.1313567399150852,-1.0648387755161504
2017-06-07,SYK,144.6,145.01,143.53,144.44,685521,0.1355609484404545,0.1426267232492391,0.8370196129418125,2.4434559213414864,1.1884060691194445,0.6452552325079074,0.3060235029614129,-0.9491133523403166,0.8746397470359832,-0.7785619686997778,-0.0012208551533249,1.145266141101675,-0.1068617045223268,-0.1099146533834698,-0.7373743579200704
2017-06-08,SYK,144.22,144.62,141.53,142.43,1683747,-0.8993672378186796,-0.8924501507533454,0.377974218347799,1.5432506034807514,1.0997342275259576,0.2869336444233818,0.2359962727987982,-0.8515212218157896,0.7518020002936682,1.0601321138135025,-0.0012959654341011,0.6383158459378373,0.1351453567023194,-0.9640345888329692,0.2167450108280628
2017-06-09,SYK,142.6,143.0,141.22,141.87,1194653,-0.2777794524401999,-0.2687000279263897,0.2060073430139769,1.107428585757932,0.994264598047758,-0.0429608428920336,0.1643535166059039,-0.8355675252884491,0.5982190093047316,0.1216424843331105,-0.0012812347726606,0.49707596270811,-0.9000528143733668,-0.413082351465694,-0.545671333747725
2017-06-12,SYK,141.58,141.765,138.2,140.62,1657399,-0.581544339895449,-0.5727366363267943,-0.0825018521681545,0.3452476714142756,0.8499903196666411,-0.4067589310133748,0.0679597673883402,-0.7842956881299166,0.4643431601104112,0.831284029050379,-0.0012969101268832,0.1818083662131849,-0.2783028735270638,-0.5386044005088696,0.5215346053794175
2017-06-13,SYK,141.06,141.81,139.88,141.18,1002296,0.2149381128237348,0.2213053831267279,-0.0261347320938403,0.1800305588381766,0.7473796011819868,-0.5905561155591064,-0.0008512200241359,-0.8032983688507354,0.3885454719548,-0.3222745136594906,-0.0012092781797617,0.3230482494429121,-0.5821470050385705,0.0379554909663068,-0.4520133855217597
2017-06-14,SYK,141.75,142.66,141.22,141.89,1144310,0.2801021764127404,0.2858213700189545,0.0395054584892297,0.3274456799485025,0.6844166958421708,-0.635541074682727,-0.1307850193365326,-0.8583821262083493,0.608424456910144,-0.0812069991160642,-0.0012049957240112,0.5021202442520244,0.2145432284442832,0.0483024962174645,-0.7455219584436373
2017-06-15,SYK,141.08,141.47,139.76,141.23,1038209,-0.3225887187093332,-0.3134556135403475,-0.1547742451382099,-0.0837624014427184,0.5999316453314317,-0.7269266731561305,-0.3715276681370233,-0.8981371451178092,0.6782589031854233,-0.2708373107593309,-0.0012764663811525,0.3356589533027047,0.2797242915777861,0.0540121121314303,-0.5822403523343522
2017-06-16,SYK,141.5,142.36,140.83,142.24,1583290,0.4122395150702596,0.4164385582599563,-0.0362174240482938,0.0655070687902397,0.564522220484447,-0.673715336294364,-0.5974404932338941,-0.912076101558237,0.6385187966214476,0.593144565812292,-0.0011905939018661,0.4054148928618056,-0.3231238293237354,0.3687952584651801,-0.6948706181836553
2017-06-19,SYK,142.65,143.17,140.87,141.38,1307168,-0.4094155611111634,-0.4002706242709523,-0.2375127842036772,-0.3443379727701504,0.495209546837297,-0.7184126455851922,-0.7542047837742974,-0.9544794688792972,0.3231124172838097,0.1361166494811125,-0.0012849419301253,-0.1587723522112261,0.411896101298719,-0.6989472354238069,-0.2355170228333349
2017-06-20,SYK,141.44,142.32,140.82,140.98,1053608,-0.2091398752728902,-0.2002053513871047,-0.3328817340103323,-0.7291662343193983,0.4180216681120161,-0.7744411353203384,-0.8295045979407266,-1.0219974125233446,0.0804062432539243,-0.2557208319295598,-0.001277275716889,-0.6358547159652255,-0.4099733225040727,-0.2720307842667638,-0.7045932358666864
2017-06-21,SYK,141.45,141.98,140.41,140.8,1458170,-0.1124856639180866,-0.1038834709585772,-0.3743481678542014,-1.4326053920891242,0.3441029601902268,-0.8108491377377853,-0.8543700583697056,-1.05984250060373,-0.0729959306527832,0.4298213926333181,-0.0012911520140353,-0.7164952384368665,-0.209645390147617,-0.3734968997715562,-0.6620259655929395
2017-06-22,SYK,140.45,141.4,140.34,141.22,1253514,0.1527168528957604,0.1596401300428243,-0.3080895796151869,-1.2065011066634268,0.2969322268444048,-0.7711267135692944,-0.8859160048646143,-1.056110363398485,-0.0384359045842304,0.0709979779828503,-0.0012003248396421,-0.528334019336354,-0.1129659643191252,0.3878868992953685,-0.9657658272377448
2017-06-23,SYK,141.19,141.99,140.68,141.12,1161183,-0.0770818931427451,-0.0686388931028058,-0.3290121855957117,-1.173244227648988,0.2510237327333387,-0.7360997921732026,-0.8915368831750218,-1.075067746451244,-0.1393238196457642,-0.0814682925903591,-0.0012813802749735,-0.5731343095983795,0.1523057366698191,-0.0637740546525461,-0.8176807182757482
2017-06-26,SYK,141.17,141.72,139.8,139.91,702872,-0.5668128328283464,-0.5579574551218326,-0.5399089858687117,-1.370980864889883,0.1634404282519112,-0.815348499533813,-0.8559144727840329,-1.04094538520169,-0.3088637080121787,-0.8499332993835041,-0.0012664476929143,-1.1152178217689237,-0.0775529576560333,-0.7006471402304675,-0.4476283111246976
2017-06-27,SYK,139.91,140.545,139.235,139.59,804614,-0.175391668807862,-0.1665561543168522,-0.5773027733872853,-1.5831456961135275,0.0788313680395748,-0.8710918118741315,-0.8074857273299376,-1.0573861664057107,-0.4147008780748483,-0.6785130950379252,-0.0012701183928364,-1.2585787506074104,-0.5674116549190844,-0.1991174317876965,-0.8092010702810923
2017-06-28,SYK,139.95,140.19,139.48,139.8,700908,0.0606653071503284,0.0682983666889611,-0.5097516041706333,-1.1060392339776952,0.0181375426509378,-0.8541290590017504,-0.7795862120316401,-1.0894217693123207,-0.4921096894859261,-0.798900248163071,-0.0012185938477115,-1.1644981410571478,-0.17588837968686,-0.1072938125485508,-1.168062023363949
2017-06-29,SYK,140.0,140.21,137.77,138.81,1270569,-0.4738791412176029,-0.4648042471309993,-0.6394600612771388,-1.204307833963618,-0.0698161678344361,-0.9107253316744128,-0.777681000055644,-1.1887167354853487,-0.7652915776536118,0.1839504786073545,-0.0012860465554008,-1.44090166436551,0.0602301771618657,-0.6685067247185915,-0.1263595850559766
2017-06-30,SYK,138.97,139.71,138.78,138.78,1081938,-0.0464514218065282,-0.0381623303730755,-0.5931528754613178,-0.8967448376508912,-0.140774168695975,-0.9122556858153932,-0.7890342862107248,-1.1866897489682051,-0.7468881640992255,-0.1143296331834189,-0.0012801979694169,-1.4175702779544563,-0.4744537194177848,-0.1296110689555482,-1.0328356499055351
2017-07-03,SYK,139.23,139.43,138.09,138.22,487567,-0.2842174077959293,-0.2751282809677443,-0.6425454371534617,-1.3275513465979745,-0.2182285851081508,-0.9302016309222229,-0.7911393090159162,-1.1841146842869923,-0.7784830314632726,-1.150419562084526,-0.0012598343426312,-1.6746892919002865,-0.0469144956569912,-0.5743830811431421,-0.7833601352131565
2017-07-05,SYK,138.56,139.98,138.19,139.74,1040930,0.6516531900393113,0.6523983076605263,-0.3198743202998136,-0.9368990705749608,-0.2189632771022887,-0.747083137056195,-0.8530680232914787,-1.082710745883361,-0.6069009582102496,-0.1585008198455436,-0.0012059196625831,-0.9767948254758888,-0.2847425083714947,0.6170950144554141,-0.523768882404556
2017-07-06,SYK,139.15,139.455,138.0,139.27,1182427,-0.2423940509544635,-0.2333798640876371,-0.3597348522048809,-0.886450375696226,-0.237006745613647,-0.6451408347547697,-0.9559054651025232,-1.0921048527773796,-0.6931586238323676,0.0511670467815514,-0.0012839520941171,-1.1533798208461414,0.6513722328304337,0.0388377015295689,-0.7206342298199389
2017-07-07,SYK,139.78,141.21,139.36,141.12,1239793,0.7940117071627711,0.7922779442505915,-0.0020031350130043,-0.5508309647087327,-0.1781410485331908,-0.365624124641994,-0.9875765688784932,-1.0666835971416286,-0.3025564966413689,0.1964376757021257,-0.0011988122344401,0.1809209463119444,-0.2429082409456285,0.6979601132964266,-0.4987743697594415
2017-07-10,SYK,140.86,141.22,140.43,140.56,831077,-0.2800517474111376,-0.2709688222299894,-0.0943710510840788,-0.4629204502600159,-0.1534559080980836,-0.22999092095177,-1.0077111541311394,-1.0665379314034935,-0.3030896928511382,-0.5174104657668699,-0.0012716760511589,-0.1638089909043169,0.7937678874467557,-0.1872247969723162,-1.12291696287529
2017-07-11,SYK,140.61,141.06,140.26,140.5,1006891,-0.0595717562696518,-0.0512149026413947,-0.1044630859062592,-0.3557691439696964,-0.1363781515507661,-0.141065633168575,-1.0080420634681837,-1.1095068216485209,-0.1800099175851569,-0.138054833881802,-0.0012781742333389,-0.2007443413203463,-0.2805757612783982,-0.085421140625259,-1.116785197702027
2017-07-12,SYK,141.03,145.1,140.88,144.36,1884829,1.6774382967669057,1.653326712474772,0.58649010475474,0.6736086581615583,0.0270607481825281,0.3068056600679177,-0.8758070767108855,-0.7603008571140539,0.1633293080313044,1.3823596122554775,-0.001175460655962,1.1072860731059302,-0.0600382528610742,1.7576120074972867,0.8449356298840327
2017-07-13,SYK,144.36,144.425,142.91,143.2,1132501,-0.5332684419042395,-0.5243176638806083,0.3574687681778211,0.2632482033420815,0.1079936985012567,0.4527338011721948,-0.8358915658495478,-0.7354508386247781,-0.0318833217685051,0.0157340576492376,-0.0012821589878989,0.5812218734560826,1.6774249391920306,-0.6334104188661459,-0.709610199426162
2017-07-14,SYK,143.29,145.99,143.29,145.4,901770,0.923482186675071,0.9192201509033678,0.7278485546459041,0.6517173576745656,0.2540908905333766,0.7372079504485362,-0.6892381626945593,-0.6668583963108007,0.2661625850281909,-0.393820758728873,-0.0012108430705532,1.2042817805273045,-0.5338585131692194,1.0862123533857044,-0.0437288522894041
2017-07-17,SYK,145.45,145.78,144.44,144.81,702789,-0.2856249434929753,-0.2765337843502145,0.5933159647688663,0.8150005855778196,0.3410268607171048,0.8125073032695217,-0.6101192982045976,-0.6697012646770109,0.0978804199590548,-0.7045846704839228,-0.0012672612615498,0.9656848088617224,0.9232721423109342,-0.3587547942557649,-0.8201288748770456
2017-07-18,SYK,144.6,145.57,144.0,145.37,922502,0.2077642704570597,0.2141987773877945,0.6593257776952457,0.9758680066801252,0.4253639262527343,0.8660572497012472,-0.5129279936968337,-0.6870682544320839,0.2470041125178441,-0.2532837280171411,-0.0012101928477495,1.192149731120579,-0.2861504112565949,0.375999317565615,-0.691240325824854
2017-07-19,SYK,145.54,146.45,145.38,146.22,733305,0.3310359571807438,0.3362018331997052,0.7669902761188837,1.050585679376118,0.5179867754308254,0.930224671305746,-0.3993526186522744,-0.6880020424070564,0.3783984898963221,-0.5983470077870313,-0.0012171609085959,1.3547956008551278,0.2073675146158574,0.326680658909867,-0.981457126365374
2017-07-20,SYK,146.36,147.78,146.34,147.4,1011733,0.4694282781651104,0.4728840807754317,0.922282769197434,1.4491738656061657,0.6288851583849737,1.0285995179226342,-0.2614241198204795,-0.6786055164709893,0.5209550589593381,-0.0049518203560701,-0.0012077821652221,1.31668604647579,0.3306713595937741,0.5105368009279132,-0.777139113680459
2017-07-21,SYK,147.43,148.15,145.91,146.19,1158620,-0.5440694852042132,-0.535147430466616,0.6509252343976389,1.1238703618763797,0.6598501316537557,0.9015521747089054,-0.1933383240248394,-0.6389969140228771,0.3493914195418511,0.302220907845702,-0.0012822091113844,0.8151912942557651,0.4690997833975336,-0.6617653306075889,-0.3143314602769255
2017-07-24,SYK,146.25,147.03,145.3,146.84,869450,0.2438199113506259,0.2499082382797371,0.7165086552028127,1.330030475651382,0.7002036048978626,0.8240801374549936,-0.1193895285637548,-0.639119716042681,0.4278111968638524,-0.257289826278443,-0.0012126390607205,1.0233529512247093,-0.5446623741697183,0.2784735568013177,-0.6094409891122572
2017-07-25,SYK,147.49,147.49,145.54,146.06,962961,-0.3637047685276676,-0.3545508878400324,0.5145691494158605,0.9762967997648332,0.6918156712522329,0.6366429653822484,-0.0994097999398649,-0.6613736306834043,0.4780972017973409,-0.0909327615180252,-0.0012756556335248,0.773558962861978,0.2434325614524847,-0.7588343675165587,-0.4786669396422821
2017-07-26,SYK,146.04,146.24,144.85,145.75,1107814,-0.1651334634581036,-0.1563316671873904,0.3997143820508047,1.0178815976335125,0.6636219672955505,0.4357135158921184,-0.106552988045864,-0.6619251600190318,0.4806292544061731,0.1692124319507655,-0.0012810670161575,0.6742818649229432,-0.3642506052091679,-0.1763440617867784,-0.79651227362097
2017-07-27,SYK,145.78,145.99,142.97,144.05,1465718,-0.7591618320574136,-0.7512071710501141,0.0482596466720868,0.3619326304795172,0.5661513024081647,0.0966522514406121,-0.1418426023596706,-0.594182002666152,0.2790025599648617,0.7776330808537271,-0.0012941707652959,0.1298590697734052,-0.1656274982483388,-0.922904480115212,0.155912440426523
2017-07-28,SYK,144.85,147.91,144.85,147.8,1927066,1.587744259757523,1.5664488296220531,0.6510304148877263,0.9420797482014408,0.6275584695853663,0.2343520445929044,-0.1494300630397624,-0.4345598045275057,0.7836942927760041,1.553347001572723,-0.0011737704056501,1.3282518026259056,-0.7598108328078502,1.5123632297694132,0.1341363788398698
2017-07-31,SYK,147.91,147.91,146.58,147.1,1455661,-0.3278581962926054,-0.318720904921823,0.4453990317162474,0.8082547689127464,0.6396060307431067,0.2174611029272714,-0.2049620577598618,-0.4185344037284603,0.7129964037429033,0.6271863745284068,-0.0012935210909902,1.0989979034919348,1.5877075034304935,-0.4400610304704511,-0.8378001542220113
2017-08-01,SYK,147.09,147.09,145.89,146.53,638405,-0.2742406479068306,-0.2651668407734283,0.2646702961016816,0.2054385154093539,0.6179021690877758,0.1170727682916774,-0.3271921446471619,-0.4192387890415604,0.7155011033721342,-0.8806024181984751,-0.0012654090156838,0.9123197284828514,-0.3283946815714118,-0.3139567690194176,-0.9088081604106883
2017-08-02,SYK,147.69,147.9,144.68,145.14,1239378,-0.6235827633344042,-0.6149305119519183,-0.0371683639932472,0.1586992891849425,0.5380983731472513,-0.1127861300988711,-0.4264942033220655,-0.3971497517298492,0.4000582399181446,0.194759436540563,-0.0012871416657889,0.4570869859168305,-0.2747631458151537,-1.330785723846672,0.2576327395025786
2017-08-03,SYK,144.52,146.42,144.29,146.37,761066,0.4946144442244,0.4977266085429852,0.1209637988954085,-0.0042455510907578,0.5156208198933343,-0.1491164869851941,-0.5670322114551135,-0.394908070053857,0.5812449687205129,-0.6429417638230546,-0.0012149799317443,0.7697225364195475,-0.6241963951669937,0.9408215791403456,-0.3785341871834544
2017-08-04,SYK,147.09,147.09,145.89,146.53,638405,0.0350594737876236,0.0428659989429194,0.100557069558386,0.1479650385528953,0.4966825113613686,-0.1690708175066859,-0.6465517977872385,-0.4330054272426867,0.3955490770318978,-0.8356801517466312,-0.0012196790920539,0.7603471817674304,0.4942925198474198,-0.3139567690194176,-0.9088081604106883
2017-08-07,SYK,146.59,146.76,146.1,146.73,674943,0.0519804634637872,0.0596735287533402,0.0805344001202447,0.0839730159691024,0.4822892218728106,-0.1733354811469021,-0.7841987629110347,-0.4445728256472347,0.4772015543292509,-0.7570990229228142,-0.0012185614050453,0.8446103386100743,0.0346176639286975,0.0458387798123292,-1.2164519077694982
2017-08-08,SYK,146.48,146.73,145.86,146.14,645075,-0.2833350475099639,-0.274247210974414,-0.0767139577842488,-0.205337521924449,0.4408842355222108,-0.2462748547860016,-1.0007431439535457,-0.4345405214045433,0.4220756430518269,-0.7926939578359954,-0.0012655885448467,0.5238134302864945,0.0515430678341326,-0.2016825185946306,-1.0951794643572297
2017-08-09,SYK,146.25,146.25,144.88,145.18,1080989,-0.4419717923238634,-0.4328538225443875,-0.2567416526434802,-0.6496270295634621,0.3643924511840078,-0.3949391677116445,-1.0192267963473622,-0.6535749256094682,-0.084053767355991,0.1372053734128204,-0.0012813684050364,-0.4412470428842487,-0.2838599179015579,-0.579071491857691,-0.804872754101791
2017-08-10,SYK,144.82,145.08,143.81,143.91,768154,-0.5776145002992187,-0.5687937339489352,-0.4914268104593601,-0.66008610274693,0.2492215002250463,-0.613430127087019,-1.0544944361347797,-0.6489039333131653,-0.0946595603412114,-0.4653756957393136,-0.0012705685162423,-1.278072930964679,-0.4425380467583462,-0.501058468379991,-0.8558441456402891
2017-08-11,SYK,144.52,144.795,143.54,144.18,847631,0.0838107815234968,0.0912780575008825,-0.4320460747734225,-0.7536488819078386,0.1649758336491805,-0.7086217449521032,-1.0250662644893112,-0.7402788826964212,-0.2907065949149033,-0.2972104170533389,-0.001211654854869,-1.104804781329639,-0.5782161402533111,-0.2040608558266432,-0.8658919499063102
2017-08-14,SYK,144.98,146.28,144.71,146.0,1104546,0.7528940127633413,0.7519086751248505,-0.1153918565474734,-0.2008401162013522,0.166225499679875,-0.5647115248841407,-1.0383400628394928,-0.6840133438882211,-0.0467878127276842,0.1866065151348207,-0.0012026902602957,0.0631508939879882,0.0833816895642767,0.5052244952461078,-0.6951242480843961
2017-08-15,SYK,146.29,147.8299,146.22,147.44,1429538,0.58105583364661,0.5829128678241807,0.1247290783656643,0.1212536271437668,0.2196597365447067,-0.3152611618400104,-1.0227483046232182,-0.6552489280992798,0.0416525646502359,0.7716481425439242,-0.0011916517747906,0.9872476920414972,0.752639466551201,0.5676034227221405,-0.6813235645338568
2017-08-16,SYK,147.86,148.04,147.17,147.41,876022,-0.045663847751627,-0.0373789114136403,0.1085558478376263,0.4994602826929006,0.2561768978022298,-0.1592451327969709,-1.006448098803393,-0.6654784244599496,-0.0479516185213449,-0.3305750592065865,-0.001273431387894,0.9679956754153816,0.5807564594938632,-0.2562523233570511,-1.0994539601822106
2017-08-17,SYK,147.35,147.43,145.33,145.36,733289,-0.898805532720545,-0.891883645505002,-0.2413765923577589,-0.7559658517111627,0.2004313807372354,-0.2719148552981899,-1.0177911131616035,-0.6191874634869567,-0.3707372008486549,-0.5901921815635858,-0.0012687135354635,-0.3475587940357856,-0.0461267161452868,-1.0466630216339252,-0.3873076335605085
2017-08-18,SYK,144.92,145.44,144.0801,144.29,1673285,-0.4912796157228663,-0.482235162428569,-0.4167954301852214,-0.8234287381465815,0.1111645566721617,-0.4483339004609665,-0.9901887890697676,-0.623651755597241,-0.3583548762799887,1.1920146188278686,-0.0013026100266438,-1.0158354027202046,-0.8994909627415405,-0.3547572398629868,-0.8058555052241326
2017-08-21,SYK,144.25,145.27,143.83,145.13,1099681,0.3294459245053485,0.3346296935272535,-0.2504339142081332,-0.4986738940822951,0.0709645106942191,-0.4631720944606184,-0.9926930369966612,-0.6178727129286278,-0.3385066396908214,0.0594525613886037,-0.0012024733556189,-0.4650834320196699,-0.4918587332369635,0.4345886203149922,-0.7644043279137279
2017-08-22,SYK,145.22,146.69,144.96,145.51,1491759,0.1300168023245858,0.1371276273995095,-0.1771186797189463,-0.1004314775841022,0.0517679359836414,-0.4209800761848197,-0.9920181859115894,-0.623720782662759,-0.2227802650290931,0.7398198101625326,-0.0011889078847586,-0.2159337309884797,0.329080912121791,0.1245581061935758,-0.6004663188655236
2017-08-23,SYK,141.0,141.43,137.7,138.36,4313112,-3.0922013768076897,-3.1444976410051098,-1.4006846362208976,-1.4836009694170504,-0.2437248770038663,-1.0984082225555611,-0.625526666703947,0.0425402365085211,-0.912132873833186,4.9675709344219,-0.0013953048306125,-1.669120984987313,0.1295997642684435,-1.440903166625093,0.6554338679089926
2017-08-24,SYK,138.5,138.99,138.14,138.77,1339958,0.1514922149304918,0.1584258189042535,-1.281180842318722,-1.426227883859119,-0.4581837345154507,-1.4317707332254932,-0.4224499052844904,0.0268320249797327,-0.7057968487537438,0.145207481477709,-0.0011925433830512,-1.5373110787637725,-3.093459004573857,0.1209685176892848,-1.0808408660462088
2017-08-25,SYK,139.94,140.335,139.34,139.88,1397244,0.4649964742317216,0.4685117126235422,-1.0113870324813694,-1.2298835149584093,-0.5794754813764805,-1.4586502027828756,-0.3413726109356083,-0.1499038674468942,-0.9544693190312522,0.2887772307157091,-0.0011913274639004,-1.1804598692317494,0.1510807792295754,-0.0587097701602167,-0.9985003713222204
2017-08-28,SYK,140.6,140.6,139.1,139.57,1190710,-0.1709713906679411,-0.162150198394198,-1.0016260393627503,-1.2019638581885557,-0.6816389403864844,-1.4309178947863566,-0.2615834209202718,-0.1510809253567923,-0.9192765273682326,-0.0340760207156049,-0.0012856992776465,-1.280121017839794,0.4646668233261751,-0.5797897991852108,-0.6956350770050673
2017-08-29,SYK,139.0,139.57,138.75,139.41,786037,-0.1043672976176689,-0.0957998359283749,-0.9680981364822046,-1.117488217279225,-0.7618155231473459,-1.3521382074194637,-0.190011140089485,-0.1511357917665714,-0.8811071453764493,-0.7253752910270056,-0.0012715351301983,-1.3315590300245894,-0.1714669484157378,0.1965340384676505,-1.101118714925302
2017-08-30,SYK,139.2,139.755,138.56,139.33,790030,-0.0687226265097427,-0.0603201407468704,-0.9313861975427415,-0.9772244831703552,-0.8207396568977058,-1.2344110196256517,-0.1170809482522515,-0.1647932369759907,-0.7553841613813135,-0.693481171968125,-0.0012719856581556,-1.357278036116983,-0.1048454801561684,0.0442418691947051,-0.8765293331039343
2017-08-31,SYK,139.33,141.59,139.33,141.37,1305903,0.8785549258501771,0.8751997006437743,-0.5140448721255103,-0.6272871440064495,-0.7798583888076817,-0.8833318831650459,-0.1224228178202248,-0.1208353935600061,-0.6691695615301988,0.1382314751773301,-0.0011937988228511,-0.7014433807608262,-0.0691915103161003,1.0798748058335408,-0.2590020358800493
2017-09-01,SYK,141.54,141.79,140.195,141.09,932343,-0.1563054474486879,-0.1475340199521638,-0.5162587808888748,-1.0228164871866303,-0.7515124379745629,-0.634734264825172,-0.1360979729976312,-0.1229155990111335,-0.7127224924670655,-0.5047807924493051,-0.0012770231098619,-0.791459902084221,0.8783331611769087,-0.2665193438615966,-0.6491687462518001
2017-09-05,SYK,140.47,142.26,140.45,141.61,1643638,0.1964616045438877,0.2030003901684547,-0.3745431194932043,-1.2344911848150475,-0.7021849287871205,-0.3818500001386986,-0.1725391263923004,-0.1176951950969802,-0.6799497469179615,0.5663778274253299,-0.0011814584140038,-0.6242863624836282,-0.1567971792479384,0.5868324139274698,-0.5260957710132053
2017-09-06,SYK,141.9,141.91,139.51,141.12,1108708,-0.2484217783409023,-0.2393950549878609,-0.4189333366403651,-1.2862625344986187,-0.6762772182218615,-0.2398247468801972,-0.198645729488956,-0.118304492052236,-0.6719690708437651,-0.3147641579372762,-0.0012831328018512,-0.7818152747995712,0.1960619001423663,-0.4416117758381543,-0.1739623481224509
2017-09-07,SYK,141.33,142.56,140.9956,142.22,746778,0.4522919476543389,0.4559758574000486,-0.189547898709115,-0.769400549415124,-0.6071512553447939,-0.0149615068083863,-0.2205015463765502,-0.1039000782651853,-0.4669134187464011,-0.8641148497998136,-0.0012150784845286,-0.4281789410290952,-0.2489375408033694,0.4494570909257557,-0.6745861672070443
2017-09-08,SYK,142.23,143.065,142.22,142.5,863772,0.0895763834677837,0.0970010356762993,-0.1250405065782372,-0.537114835492012,-0.5368564479460597,0.1679376709266236,-0.2268628741340255,-0.1191454218054372,-0.3113726819125793,-0.6843160849758977,-0.0012110648221829,-0.3381624197057005,0.4519589824808819,0.117105947868089,-1.097127223949135
2017-09-11,SYK,143.21,143.69,142.43,143.69,1043732,0.4869131823750165,0.4901314800445553,0.0986376492039328,-0.4627221695125909,-0.4310414682908472,0.4056853250367074,-0.2320420777749691,-0.1009823154683138,-0.2173896232042499,-0.4134454454769419,-0.0012049031139657,0.0444077959187249,0.0891487955984164,0.2269119728310729,-0.8605181177014856
2017-09-12,SYK,143.69,143.82,142.74,143.53,802168,-0.1023208812434513,-0.0937623408840238,0.0920991021893739,-0.5707903336043773,-0.3511277925202344,0.5292139380067958,-0.2764292111724158,-0.1457710702240321,-0.4159411778656177,-0.7760550665569506,-0.0012713741625282,-0.0070302162660707,0.486589248946785,-0.1104440867003413,-0.9642206586999296
2017-09-13,SYK,143.5,144.16,142.72,143.03,1423569,-0.2498776618720833,-0.2408479981899699,0.0408269195395652,1.4054153299775345,-0.3056462835862887,0.5394090236817899,-0.3853392881089619,-0.1766608976086063,-0.606758578686565,0.2068629581637781,-0.0012941107579675,-0.1677740043435607,-0.1027985299271802,-0.2737683907530004,-0.7522633008896265
2017-09-14,SYK,142.79,144.93,142.76,144.49,1570128,0.6025121352879886,0.6040394798988612,0.3377958557846436,1.5520684595539926,-0.2114018700626341,0.6730799692010546,-0.48972192172517,-0.142018449387916,-0.4583983566293217,0.3729797237354446,-0.0011849450667578,0.4384497984332862,-0.2503938041352491,0.8731724523865286,-0.3396825087436205
2017-09-15,SYK,144.72,145.04,143.31,143.88,3153992,-0.2958336295568804,-0.2867286852611496,0.2389251264108105,1.094846970828871,-0.1605646780077545,0.6682872847944563,-0.5285223376149132,-0.185895411085934,-0.3170097874064887,2.401456259141145,-0.0013563757953344,0.4038409190212058,0.6022183585049332,-0.4648426670430655,-0.5892410071300783
2017-09-18,SYK,144.15,144.83,143.77,144.53,810761,0.2482642041965392,0.2543084348650652,0.3568545717478465,1.346112458479069,-0.0952923460604439,0.7016089388569156,-0.5225566207879437,-0.1942747434260877,-0.1430485632383965,-0.8659874307053006,-0.0012122418895544,0.6441877487584293,-0.2963617604910182,0.1728487516842737,-0.9800922453598688
2017-09-19,SYK,144.95,144.95,142.9,143.04,818150,-0.6748314811813791,-0.6664076639737095,0.1008521189763434,0.7967657590492628,-0.1027155410824681,0.5411492271133429,-0.569616590698038,-0.1766128322951101,-0.3789762158420774,-0.8430915569943772,-0.0012731195377608,0.0932388621300261,0.2478780136943876,-1.0218592183709654,-0.3969114172753664
2017-09-20,SYK,143.46,143.71,141.7,142.71,655503,-0.1766282604351557,-0.1677887953687108,0.0658805869971552,0.7082034651629976,-0.1218770516059456,0.3825672356883288,-0.64176423607346,-0.1790891675265235,-0.4500852835136625,-1.051730103036809,-0.0012673438729472,0.3876549126505219,-0.6754584824205325,-0.4212966071096687,-0.417508980479188
2017-09-21,SYK,142.3,142.64,140.64,140.67,848021,-0.9229574788102411,-0.916246667455506,-0.333163553363428,-0.3748008513445116,-0.2165480812186675,0.0613414402799216,-0.7053412961390604,-0.9598473322479903,0.0777234650556028,-0.5687222362673988,-0.0012748645039825,-0.6624362215206939,-0.1771252939075163,-0.8917375614770006,-0.4064108512470658
2017-09-22,SYK,141.01,141.185,140.27,140.89,713936,0.0643720400483689,0.071979123063798,-0.3119234635480293,-0.2423682582933219,-0.2813699970636482,-0.1188080910496475,-0.7625101639735731,-0.9618886300925652,0.0568906007582768,-0.7676206686088014,-0.0012153200717376,-0.6860338065087175,-0.9236492094217714,-0.0906113825633893,-1.0500726652205428
2017-09-25,SYK,140.89,141.33,138.9429,140.14,917166,-0.3644143702852407,-0.3552603705294936,-0.452986851128607,-0.5733054788373645,-0.3598070631251845,-0.2979728783911445,-0.7693930471624055,-0.9739256095632984,-0.1401785305338004,-0.3686343858892484,-0.0012775502091074,-1.0707770400090066,0.0639378770464225,-0.4285015098321866,-0.1717223221779395
2017-09-26,SYK,140.79,141.52,140.28,141.08,856585,0.3846046080733621,0.3891443503098665,-0.293046174369226,-0.1990472899759242,-0.382264344689778,-0.2972137066396632,-0.8047889398087581,-0.95668727606661,-0.0085839944023146,-0.4553161143327569,-0.001209755051066,-0.5885655206886308,-0.3649603920826775,0.1293054229825917,-0.8588128022591064
2017-09-27,SYK,141.3,141.5,139.736,140.97,757442,-0.0815386013508521,-0.073074458116939,-0.3276753779245105,-0.532235555907801,-0.4014593872678534,-0.2882094222453695,-0.8483545291558029,-0.957251524441926,-0.0031342393720696,-0.6373740555995461,-0.0012715064759353,-0.6449945282686802,0.3842539851008402,-0.2027644567495447,-0.5484546666430902
2017-09-28,SYK,140.83,141.0,139.51,140.22,686181,-0.3642262915012587,-0.3550723225124909,-0.4743111243477209,-0.788795936269949,-0.442780362989729,-0.3379577657526503,-0.8813594167214338,-0.9411543487246368,-0.0736634919412298,-0.763621443236982,-0.0012690707019337,-1.1850189385900831,-0.0820108284989626,-0.3535663481129071,-0.7057306862180165
2017-09-29,SYK,140.41,142.08,140.21,142.02,1204232,0.7662085461470016,0.7649837388269382,-0.1479439825103521,-0.6056299578372565,-0.4017523872849209,-0.165791657191706,-0.8863524973986184,-0.9653995200413156,-0.0999501958972019,0.2138070079581639,-0.001196000604365,-0.2036463569698797,-0.3647722642340196,0.8399919322189574,-0.4939615081414477
2017-10-02,SYK,142.42,143.61,141.68,143.51,1056312,0.6201829167629771,0.6214333272317984,0.1045866650495068,-0.1934759277283364,-0.3087347689451505,0.105761674817747,-0.8841921101710237,-0.9199002835276316,0.0844292791792093,-0.0748805878958304,-0.001202416063811,0.6087120578157177,0.7659574733370749,0.5519129521991354,-0.4705110058404805
2017-10-03,SYK,143.8,144.47,143.43,143.63,1105398,0.0190627995364809,0.0269723902273629,0.1079293741761994,-0.0504454187928574,-0.2293473270724098,0.2879205008374186,-0.8756266756658851,-0.9239128273523022,0.0420197668117205,0.0690982117300104,-0.0012011471013388,0.6741368965904001,0.6198937498096261,-0.115633682129153,-0.9878671440232946
2017-10-04,SYK,143.88,146.418,143.86,145.97,1177467,0.9813032519888464,0.9758281376060948,0.4934861496955371,0.1307070285502438,-0.0751696626467523,0.6261563070194579,-0.8016689313324628,-0.8292924285791515,0.337269118625785,0.1995841840222704,-0.0011990906001304,1.2436528784555096,0.0186168165772175,1.0711482182959633,-0.1308462816566905
2017-10-05,SYK,145.96,148.35,145.5,148.31,1686179,0.9650433331672008,0.9599145797276551,0.8659175784076508,0.6602338912934279,0.1358473195690533,1.043048377489944,-0.6152768537369967,-0.7591218659218834,0.461415516653978,1.0327276031106485,-0.0011812123409456,1.4287439751098665,0.9811082915792476,1.190089965499912,0.0101962187205462
2017-10-06,SYK,148.16,149.23,147.92,149.0,1129048,0.2566543235723972,0.2626144551925319,0.9305467008089836,0.6656775866178438,0.3247950089394784,1.3197560539967084,-0.4437241841215648,-0.7566603646683341,0.5024358353342365,-0.0083123850295431,-0.0012024240630907,1.3685563723568055,0.9648441309838648,0.4020278034569246,-0.8585955387388874
2017-10-09,SYK,148.66,149.06,145.52,145.93,1472739,-1.3157623190291192,-1.3138361982502444,0.3472596182018372,0.3121930234473001,0.3480078705682958,1.1145236016565152,-0.4141692351773591,-0.5864151250538546,0.0614733663918168,0.5615652716766585,-0.001294504690464,0.3765141719360408,0.2562703218258236,-1.4137534773182223,0.4303758297674557
2017-10-10,SYK,145.73,146.55,143.55,144.69,1714886,-0.5620165768572091,-0.5531464386405021,0.109567306243314,0.136924323291828,0.312307028091013,0.7986947795920077,-0.407303169037171,-0.5579605854366007,-0.0487812244897466,0.8734398169492767,-0.0013041679724177,-0.0241803976150212,-1.3165565218161446,-0.5654907536054947,0.1366640581085602
2017-10-11,SYK,145.49,146.6,144.91,146.41,1394519,0.7070953557841252,0.7069126389469056,0.3927595955495274,0.7730329747069988,0.3460206869149208,0.7247034533457336,-0.3730398023801903,-0.5221650974533742,0.1795868646756533,0.3312794435447635,-0.0011915993237704,0.5316217472461249,-0.5626141477342824,0.4514320390665758,-0.6293264116430183
2017-10-12,SYK,146.15,146.86,145.775,146.56,823549,0.0307885729225312,0.0386230144169861,0.4008825869305224,0.7650999696914498,0.3726505260052372,0.6472767622996815,-0.3409991395427558,-0.55147660882707,0.0429262443003103,-0.5957720356156875,-0.0012130713234581,0.5800928645305291,0.7068288619391278,0.1856316661539039,-0.9743422370085172
2017-10-13,SYK,146.46,146.78,146.1,146.69,667239,0.0222273799478509,0.0301169051835758,0.3984581160519397,0.9536361642022624,0.3926487472639968,0.5682657393251618,-0.3072504704968921,-0.5606083419257009,0.1193537713500761,-0.7283010150752037,-0.0012189502511523,0.6221011661770096,0.030345648900901,0.0923295681328895,-1.2049868313419845
2017-10-16,SYK,146.46,147.58,146.26,147.29,950518,0.221655415801304,0.2279589889962861,0.4821728426843026,0.9165796288983428,0.4255097092412727,0.5381653941278746,-0.2646147065817856,-0.5615991357305669,0.1129830009590978,-0.1823153315172324,-0.0012091507442345,0.8159856353146171,0.0217822225421604,0.4018411828828663,-0.844430462470568
2017-10-17,SYK,147.0,148.97,146.65,148.79,1249035,0.6010392359751731,0.6025894430262982,0.7015424013661462,1.095340754774281,0.5030902531557417,0.6291925520459828,-0.1894616450771416,-0.584380631227422,0.422900984644354,0.3523874490763772,-0.0011991384365226,1.30069680815864,0.2212622837848049,0.893667771847721,-0.2918360748974306
2017-10-18,SYK,149.0,150.0,148.46,148.64,866723,-0.0957603795312188,-0.087230891585735,0.618799984944197,1.2417331715312068,0.550626627853429,0.6246811040152863,-0.1388415109524606,-0.5878293594291467,0.4427902960565808,-0.3976918536681076,-0.0012724755765787,1.03401142794676,0.6007450749524612,-0.2088577767456729,-0.7278623592639338
2017-10-19,SYK,148.82,149.33,148.05,149.32,869003,0.2518227506716111,0.2578314480327682,0.6613935452555694,1.1370743266043668,0.6063753191084479,0.642210307037431,-0.1302988161551241,-0.6923711346476745,0.7356200385123743,-0.3949868403601575,-0.0012125401496195,1.238445090069823,-0.0962363167572112,0.2275195772211654,-0.8769098894423322
2017-10-20,SYK,149.99,150.51,148.89,150.49,1274442,0.4548281189717226,0.4584785600661598,0.7832923795386874,1.104463646082693,0.6869873441097494,0.7202314625053542,-0.1053943387425787,-0.684974370443458,0.8332390370574362,0.3124561448038367,-0.0011989405489027,1.4371311031928091,0.2514374884981397,0.2255395234185876,-0.6941733109461151
2017-10-23,SYK,150.11,151.88,149.72,149.92,798143,-0.2688062721313118,-0.259741483850307,0.5898615523829734,0.9445201113086354,0.7184621214957609,0.6561699573967487,-0.156888936568413,-0.694457414938421,0.8574585026160134,-0.5602301235148883,-0.0012696939140733,0.9161693089117776,0.4544958154168755,-0.1219453509378116,-0.390575127003214
2017-10-24,SYK,149.63,149.85,148.42,149.69,738088,-0.1285093076239547,-0.1198416616416521,0.4693676101614522,0.5807166302072994,0.7243087937096329,0.5389544517747465,-0.2098537232810181,-0.6904457558006079,0.7288314664546299,-0.6643699302005379,-0.0012679084881361,0.8543615681185894,-0.2693273523577452,0.0039788919685555,-0.7951623065776617
2017-10-25,SYK,149.32,150.56,149.02,150.17,837572,0.1666422627757834,0.1734464383446923,0.4710958111537845,0.2536840255415964,0.7376339020463603,0.4644314131189744,-0.2864461281966455,-0.6963305089278174,0.7909982972810438,-0.4841660087195412,-0.0012138505201296,0.983351635860898,-0.128993788160933,0.4037599116849091,-0.7366596966340108
2017-10-26,SYK,150.21,150.675,148.78,148.82,1226056,-0.5926840674445925,-0.5839147571572298,0.1522009741526505,-0.2296625743856317,0.685466276953562,0.2362358137789652,-0.4714596286591495,-0.66720029802977,0.7332813291184508,0.183991691401452,-0.0012845174461904,0.5712424621694028,0.1662347793132373,-0.7254509718189438,-0.5301027711963767
2017-10-27,SYK,155.0,160.62,154.54,159.74,3209927,4.535326557972876,4.35953216976169,1.927791350008318,1.758826116268778,1.0599717096971406,1.151928440165263,-0.0641828841176005,0.5280548088590005,1.664980855279335,3.30689379578466,-0.0011315757709539,1.2884289236316728,-0.5932896386418139,2.284105782439781,1.5807834223094988
2017-10-30,SYK,159.49,159.67,153.84,155.37,2583470,-1.7361863765235157,-1.742229179279074,1.0440884000076072,1.1210689129357618,1.1696072143420424,1.2027119059822118,0.0006816494445094,0.7177224346696143,1.0462536424933746,2.007371108860728,-0.0013287090716054,0.427640062747098,4.536058746270819,-1.9779959969712,1.535902777500425
2017-10-31,SYK,155.18,156.55,154.63,154.87,1339445,-0.233350157419266,-0.2243558760785839,0.8530614258948542,0.90428145254926,1.2210447429710811,1.093538090226704,0.0083254840077366,0.7252972707027922,0.9818429457556728,0.0374906392043892,-0.0012887230243379,0.3231339460830825,-1.7370902565939927,-0.1772448496027987,-0.5581060406136006
2017-11-01,SYK,155.08,155.24,153.53,154.43,1285058,-0.2098768882726885,-0.2009404062424419,0.6990694458314357,0.8152632503893001,1.2286338120801226,0.8933338576521854,0.0365770502991425,0.7030736040898845,0.6837130819728214,-0.0552637454121012,-0.0012875989350785,0.2374491261372891,-0.2338619881028293,-0.3429831768173648,-0.6684923939758288
2017-11-02,SYK,154.43,155.675,154.25,155.02,1348063,0.2048608637938672,0.2113223509383887,0.741740888275939,0.8531991723312344,1.2418565371960608,0.7476714051731024,0.0993145399578931,0.6711810893518109,0.4969876667530773,0.0696207461694396,-0.0011948435412091,0.352344680155513,-0.2103825954142047,0.2623291348585256,-0.8252245280509696
2017-11-03,SYK,154.78,156.22,154.4001,156.18,1165594,0.4328749639045082,0.436811757655592,0.8794145422316912,0.897428217205089,1.2815194750221752,0.6991980955477402,0.1850825677423623,0.6748920319919816,0.5402373156675613,-0.2190898405651053,-0.0012020241004087,0.5782410236489685,0.2044633505322701,0.6570566189648787,-0.6201878397285897
2017-11-06,SYK,156.27,156.74,155.46,155.65,787465,-0.2442699569603067,-0.2352518059459167,0.6995319301569696,0.6844903196560662,1.275692624643918,0.5433295160985996,0.1845557468709599,0.5797544421808223,0.8107541290116493,-0.7775549685435402,-0.0012697979143961,0.4750297632597171,0.432536933364328,-0.3260676662285768,-0.905963796723866
2017-11-07,SYK,156.28,156.43,155.66,156.22,1114626,0.1949967701457829,0.2015489221058226,0.6952878119781083,0.7589619691778814,1.2770898762982037,0.4372293668109154,0.13149469053587,0.5516081916636529,1.0028590510229478,-0.2074254758786244,-0.0012039872716842,0.5118540058690807,-0.2447846363246916,-0.0553228671434915,-1.1805412732790983
2017-11-08,SYK,156.02,156.79,155.63,156.46,710209,0.0626506667143889,0.0702698402054475,0.6472727020184398,0.7209290781669463,1.2712917598667262,0.3338284937935073,0.1084247363870873,0.5398412161162744,0.8406496991452806,-0.840279552823739,-0.0012183760076739,0.5113465732935418,0.1945966836085235,0.1867509114618149,-0.9734318062519466
2017-11-09,SYK,156.18,157.07,155.62,156.62,660391,0.0306706193525688,0.0385058277132673,0.5857192649939836,0.6279008863430241,1.256809751523584,0.228755607088813,0.0662163635148057,0.5398429966871316,0.840619994572779,-0.917018047896182,-0.0012202794979097,0.5271262625393073,0.0622160546526238,0.186532632591469,-0.8197478169890442
2017-11-10,SYK,156.0,156.0,152.25,154.48,1267279,-0.8836677340679098,-0.8766184358946801,0.1497566660165535,0.3783914888736431,1.1462027546976497,-0.1027267678749554,-0.0312804097481781,0.5922267285420185,0.6124550207545917,0.0654134915762941,-0.0012854051958756,0.0215365070747145,0.0302276645600375,-0.7624621498540541,0.4317743780714258
2017-11-13,SYK,154.0,156.12,153.9,155.75,910482,0.4788353113190601,0.4821639312469313,0.2939911038410075,0.5333079579771488,1.0942179603664548,-0.2170201277831728,-0.1161306075690293,0.597335289871858,0.6760847919203736,-0.5260437625823091,-0.0012115541007632,0.2840552670572411,-0.8843492150460185,0.8322264623325624,-0.4034156649475742
2017-11-14,SYK,155.28,156.55,154.18,155.95,1011788,0.0469500725162969,0.0546773445039525,0.2660454091290015,0.5078271610878907,1.047124028738814,-0.2958658193051174,-0.1703602259478125,0.5873269830021661,0.5392620418276738,-0.3404460922800211,-0.0012084719655981,0.2078805199051765,0.4785092705924052,0.2996732485884344,-0.3247779784107826
2017-11-15,SYK,155.69,156.84,154.67,154.8,701152,-0.4920966722492847,-0.4830537689659226,0.0167909684718172,0.5378867918683292,0.9518740226228602,-0.4828952792672967,-0.2589673660265107,0.6029240608638193,0.4411690744594749,-0.8553352355488024,-0.0012661452365314,-0.0962411004654515,0.0465113645934849,-0.4582074159892709,-0.4230444125794581
2017-11-16,SYK,156.63,157.575,156.02,156.48,1281610,0.6426725809638746,0.6435634719207899,0.241255536482054,-0.8293441335963401,0.930087555719326,-0.4434249619508351,-0.3254961350776907,0.6154604126383357,0.5367535254499846,0.0919313451244878,-0.0011995053716454,0.314836820634529,-0.4926760029113658,-0.0986703002900244,-0.7631347619372802
2017-11-17,SYK,155.69,156.59,155.18,155.4,936961,-0.4626910871369747,-0.4535992118098368,0.0156629174149712,-0.1814428445334808,0.8587225836672998,-0.5394629268749935,-0.3824497836954773,0.6245938730510923,0.3116974680893197,-0.4604821772421048,-0.0012738098666084,0.0205650124019195,0.6423892809566017,-0.1670450349996016,-0.8351423571784964
2017-11-20,SYK,155.45,155.5,154.55,154.75,889772,-0.2934061098089511,-0.284304291351678,-0.1356550555808501,-0.2188031806839981,0.7660573968053735,-0.6711196850599997,-0.4741940526595501,0.6254337614787572,0.305682296375608,-0.5459865849311513,-0.0012725782259564,-0.1565430203306734,-0.4632627466759696,-0.366530443503862,-1.0796998833521294
2017-11-21,SYK,155.76,156.11,155.22,155.73,997961,0.3612713349683733,0.3660893711860103,-0.0209293842326674,0.119906409773621,0.7211786482656677,-0.6534436219917593,-0.595453615350127,0.6267491198244074,0.4251261573134919,-0.3818096785431123,-0.0012088430205142,0.0699693165430684,-0.2939336074687396,-0.0408681273492955,-1.1150292552020662
2017-11-22,SYK,155.63,155.88,154.13,154.79,874393,-0.4087910424009839,-0.3996457558426848,-0.2188765580303966,-0.2421421911217935,0.6395491597189281,-0.7338985436654223,-0.7242010695785452,0.6380937178382312,0.2843566973187138,-0.589858022945591,-0.0012720235940122,-0.1939437447065882,0.3609146249749909,-0.4341010367171888,-0.649102155445965
2017-11-24,SYK,154.85,155.15,153.61,154.67,581130,-0.0812612055287962,-0.0727983690225986,-0.288237398146566,-0.568929570023252,0.5619604562416639,-0.7878615697960829,-1.019048072618952,0.6175436269873381,0.409840041835924,-1.0512887401671538,-0.0012623996865735,-0.9201893658217956,-0.4093486408738262,-0.1141390973762966,-0.7615254682899507
2017-11-27,SYK,154.94,155.22,154.35,155.12,1076784,0.1481387398691068,0.1551005003038735,-0.1735015905968631,-0.3232644312790517,0.5105988777440319,-0.7635238224929046,-1.20794236182936,-0.7400403367645677,-0.5922413091390207,-0.0220568040445411,-0.0012059625734598,-0.5955344547293938,-0.0817333603118276,0.0614549821832567,-1.1239015956483758
2017-11-28,SYK,155.73,155.92,154.38,155.78,979536,0.2318976183011947,0.238102693340867,-0.0655301209208956,-0.2996073173569187,0.4885414316655177,-0.6686252922629171,-1.2064525267379362,-1.067266111597292,-0.1287211712323452,-0.0565659982048509,-0.0012097180643689,0.3223330508390366,0.1477264293371043,-0.0020592513103582,-0.7674381416495684
2017-11-29,SYK,155.87,155.88,153.62,154.1,1284848,-0.7044140877147612,-0.6961416249705586,-0.3427136354297846,-0.717374628677106,0.3986517386721628,-0.7673055039316953,-1.185788805094519,-1.0093035802652337,-0.2404971804168315,0.5701347638279387,-0.0012854740781502,-0.7264228144949397,0.2315071581987469,-0.8842536762413477,-0.3690634070229709
2017-11-30,SYK,154.46,156.8917,153.71,156.0,3337651,0.7346241467425789,0.7339629084333462,-0.0351632119314455,-0.3115935327011241,0.3959290440710219,-0.621883319951499,-1.1964704315061627,-0.9380793242349764,-0.018167341840085,4.111096062918214,-0.0011298787743987,0.4596701284422943,-0.7050488062571091,0.7269512799567666,0.1084556627330064
2017-12-01,SYK,156.05,156.47,153.47,155.87,1263863,-0.0848777409671836,-0.0763979646639533,-0.0642934743285767,0.1287362717339128,0.3825491290830423,-0.5329770745831156,-1.1983145050466733,-0.9430354097167556,-0.0869481979996123,0.2955876323181881,-0.0012837648285033,0.3785164007676447,0.734364834415754,-0.1134637557817689,0.0127216359679876
2017-12-04,SYK,156.16,156.47,152.15,152.36,1351039,-1.4349701985659753,-1.435002841242539,-0.6249508164605694,-0.8491582297144843,0.2294659071039386,-0.8214459855448831,-1.090867969390957,-0.752786178715039,-0.526694641863341,0.4359130189986809,-0.0012872557037866,-1.7526247902518288,-0.0853508392066497,-1.8647949295033224,0.7717143755662952
2017-12-05,SYK,152.44,153.853,151.85,152.03,982438,-0.1678421468488389,-0.159031283220485,-0.6507419069479498,-0.9458669428650384,0.0923977492700803,-1.0109986148976031,-0.9955075564414926,-0.7544091783575192,-0.5090465562428584,-0.2565677011548209,-0.001275630506877,-1.776787033854032,-1.435795499469677,-0.2295193317243983,-0.4933054748310149
2017-12-06,SYK,152.12,152.41,151.13,151.76,1090543,-0.1435641554283152,-0.1348387621872393,-0.6594668762051694,-0.8118760409846849,-0.0282265353483411,-1.1203144717981957,-0.9207795170258444,-0.7643919453393362,-0.5867703234921475,-0.0577044195134341,-0.0012796918375628,-1.5563633952435942,-0.1683368882614254,-0.2051138336429897,-0.8883962506616605
2017-12-07,SYK,152.22,153.47,150.24,151.15,1145426,-0.2832425037405012,-0.2741548032599461,-0.7188460757814925,-1.368883016468642,-0.1478212331165922,-1.2051170184902722,-0.8465766675967662,-0.7658264057580562,-0.6659147481430636,0.002133945173121,-0.0012820776806245,-1.4688958051442682,-0.1440525633685439,-0.5573926914517755,0.1896286323567244
2017-12-08,SYK,151.68,152.45,151.1801,151.93,688011,0.2882826155582312,0.2939157049827015,-0.5473582654754346,-0.9748512829221352,-0.2111654566916096,-1.128171303600821,-0.828411426583965,-0.7498419105493259,-0.6072669972228742,-0.8165599019873296,-0.0012187212394977,-1.115404107911118,-0.2837673499899248,0.0982084115011351,-0.8947231141948064
2017-12-11,SYK,151.81,152.73,151.66,152.71,826184,0.2866331891532091,0.2922837249783711,-0.3999318155342481,-0.6464246172695355,-0.2297169244334571,-0.9513189492647384,-0.8102994684895926,-0.8010886858687861,-0.3357524070371999,-0.5407315688656037,-0.0012141506614473,-0.7619124106779679,0.2879068647789451,0.4215894279638169,-1.0073757652361932
2017-12-12,SYK,153.03,154.32,152.49,153.67,1078024,0.3583844559243588,0.3632363268453375,-0.2190861411225823,-0.6516134010077922,-0.2059596559726211,-0.7009351071387809,-0.8202796244066639,-0.81420307307583,-0.3636119288342096,-0.0971181802870305,-0.0012058250187972,-0.3268457063910238,0.2862570080831151,0.289655105047512,-0.5988479934302986
2017-12-13,SYK,153.77,154.2,152.96,153.31,1358810,-0.1788468499722929,-0.1700003586228244,-0.257997342162468,-0.5367333149371357,-0.200682671328954,-0.5481959658524316,-0.8344850712879468,-0.8148418409552041,-0.4160982432583582,0.3725570806000063,-0.0012885897125795,-0.4899957204986246,0.3580269928221913,-0.2523282642825535,-0.9172474163723986
2017-12-14,SYK,153.12,153.65,151.22,151.34,1406741,-0.8329982208104854,-0.8255498150010018,-0.5645090071618556,-0.8708218161840402,-0.2725851627220196,-0.6246632955269169,-0.7924306124412478,-0.7721120134460975,-0.4957422038049779,0.3824646887802678,-0.001291006584008,-1.382788853254143,-0.1793444622147528,-0.9045961850345656,-0.2531562774076194
2017-12-15,SYK,152.3,154.55,152.02,154.25,2103750,1.164115686305136,1.1544654553682088,-0.0493458007487745,-0.3411204064051206,-0.2142696924435636,-0.3506583675761174,-0.8326347069776187,-0.6656739070386475,-0.3767752972710191,1.4618216446426682,-0.0011692013084026,0.1226913764149918,-0.8336664834808668,0.9410240995913366,-0.2243717189983186
2017-12-18,SYK,155.33,156.0,154.76,155.49,1003624,0.4674899634198542,0.4709717991346012,0.1614294244208291,-0.2380135794154675,-0.1195710790009676,-0.037804841032793,-0.8308091307985299,-0.6557682778665348,-0.1589712260536005,-0.3762014784404187,-0.0012085458587648,0.7423803441117814,1.163968416722976,0.0515067004534239,-0.926698099554266
2017-12-19,SYK,156.15,156.53,155.12,155.26,853892,-0.1250878085972267,-0.1164337933036105,0.1178015062731722,0.0248907034145607,-0.05463982639523,0.1358573058414568,-0.8234785736610277,-0.6618559901714297,-0.1190753971806999,-0.6229597555442955,-0.001271421490568,0.6274380355873688,0.4671609629983027,-0.4569351150097012,-0.8344604982606376
2017-12-20,SYK,155.87,156.33,154.32,154.78,1208461,-0.2254722635806018,-0.2164963930484209,0.0440795333527375,-0.4358744423725079,-0.0234973207634378,0.1878153702902004,-0.840402222403622,-0.6737517305173049,-0.2570693342400872,-0.0500795904998219,-0.0012837689104591,0.3875584351886183,-0.1255713965575032,-0.5546507128159281,-0.5090450060859726
2017-12-21,SYK,155.3,155.41,153.62,154.1,890135,-0.3065163008307026,-0.2973987290113154,-0.0660469390018737,-0.534136461295119,-0.0269638071492968,0.1402988721762431,-0.8460276749739942,-0.6800632138837467,-0.2329444809981925,-0.5763102705956334,-0.0012734072694227,0.0477290012903777,-0.2259820391343976,-0.6101036866727902,-0.6232503230975767
2017-12-22,SYK,153.91,154.45,153.5,154.14,581270,-0.0168356180033977,-0.008709593925685,-0.0546865667799831,0.2615763818367597,-0.0294929605753215,0.1046983525878641,-0.8503196464923518,-0.6801425596477726,-0.2178026188453491,-1.0856636020054131,-0.0012224380766632,0.0677189679902699,-0.3070472185853004,0.0865865131887223,-1.0776751613566944
2017-12-26,SYK,154.23,155.14,154.1475,154.21,347507,-0.0047226381931163,0.003332654904647,-0.0349463752810003,0.3754350035296177,-0.0300917000659222,0.0811867891556094,-0.8613582420982335,-0.6837040343754209,-0.2536345055515107,-1.4535855037189818,-0.0012306780068374,0.1027014097150995,-0.0172909658903949,-0.0361138386922945,-1.0549397285095852
2017-12-27,SYK,154.64,155.86,154.16,155.62,905441,0.5362525975876552,0.5387748061126839,0.2071848228634469,0.719406314737853,0.0229643748814174,0.2004841071260771,-0.8656054437835856,-0.6581113741491423,-0.1825613502966075,-0.5004799604411503,-0.001211497462786,0.8073477358864425,-0.0051748261307804,0.4524777420661348,-0.6809045394551185
2017-12-28,SYK,155.33,156.25,154.98,155.62,655703,-0.0329960430517004,-0.0247793014886723,0.1940523736839638,0.9168397241908832,0.0625940120164736,0.2613625417045946,-0.8434326023749817,-0.7052259628407606,-0.0226128662094467,-0.8957986537387123,-0.0012427088046935,0.8073477358864425,0.5359415354804891,0.1147380921411903,-0.9111870828553256
2017-12-29,SYK,156.13,156.26,154.84,154.84,785694,-0.3450463530946968,-0.335898519885417,0.070902127760418,0.5309121228869029,0.0609051764948586,0.2037122520307467,-0.8688753627134039,-0.7550223720179079,-0.2766846256184801,-0.4970429347766272,-0.0012694911638928,0.5497361769499902,-0.0334556067571959,-0.6505515015815926,-0.8270251377704912
2018-01-02,SYK,156.65,158.4,155.65,157.9,1060784,1.1973681699788536,1.1869031836911037,0.5755544305173236,0.8886592894884124,0.1762669561071219,0.4588782886649664,-0.7889862992960263,-0.6071925974746829,0.0237958771443242,0.065535881808179,-0.0012061969593326,1.2391911579868509,-0.3455873222994632,0.5765543808440146,-0.1398523171784817
2018-01-03,SYK,157.88,160.32,157.41,158.79,1398730,0.3179200644450276,0.3232323430108262,0.6708987300774641,0.8793949073504833,0.2975919146960864,0.6783602380045394,-0.6773206261628708,-0.827897972130781,0.4523347686051184,0.7311545501897371,-0.0011951901252907,0.938315483116792,1.1972295750717328,0.409154214891713,-0.0640117242789751
2018-01-04,SYK,159.23,159.82,158.475,158.74,862436,-0.0525999341967841,-0.0442787451331629,0.6036869672551899,0.9695170253102184,0.3856335536907631,0.768275105800042,-0.6083101051208243,-0.8334300765134773,0.4807289785122478,-0.3228281758529863,-0.0012715148914532,0.9218264873953568,0.3175520452758252,-0.2588127810161804,-0.8851789086678127
2018-01-05,SYK,159.44,161.32,159.015,161.06,962735,0.8769110187896904,0.8735883804708267,0.9157228220456708,1.8335435685529275,0.5388051001953043,1.0078502607805362,-0.47320279195502,-0.7794212738467622,0.7325290500272872,-0.110429524327981,-0.0012102153814796,1.3648744922890037,-0.0530646120280951,0.741332043977075,-0.398596465214145
2018-01-08,SYK,160.68,163.74,160.45,163.26,1240260,0.8174179796533215,0.8152464246331924,1.1807229514797415,1.7847740145012283,0.7365899513280522,1.314344262877061,-0.3005259601053454,-0.7592598161755905,1.0091959888719966,0.435335976944192,-0.0012013330240578,1.315838955859121,0.876688825265462,1.1868002385032037,0.0881531724352072
2018-01-09,SYK,163.54,164.2,159.26,160.78,1817411,-0.9787263688906898,-0.9725396012120004,0.6853338104130323,0.8720367974437019,0.7849889039845157,1.1750227334970913,-0.2689282917479839,-0.6258695009261227,0.6880220513883798,1.3969659212849297,-0.0013024480399184,0.5670158201394736,0.8171802660017349,-1.3013741945068944,0.9693418813084428
2018-01-10,SYK,160.4,160.9,157.71,159.54,1255027,-0.5131550584655412,-0.504155839360678,0.4180745557841392,0.6142335327421725,0.7640409130711545,0.8850676710253393,-0.2733820304658873,-0.5898933030213679,0.4893833293144685,0.2853174348688003,-0.0012848697204723,0.2494514822019753,-0.9794326480996564,-0.4313947007174731,0.075075378720252
2018-01-11,SYK,159.57,160.26,157.85,158.6,1129590,-0.3998166225218245,-0.3906670068290231,0.2183530487566786,0.5074989123070333,0.7006721347467073,0.5439132445093362,-0.2859684107960575,-0.5748231354973674,0.3036930192167739,0.0475316308476748,-0.0012812412032333,0.0087172260235514,-0.5137398826919246,-0.4855835283920786,-0.3249211834632864
2018-01-12,SYK,159.0,161.75,158.03,158.23,1138974,-0.1782386273800351,-0.1693940544146988,0.114733838291586,0.5787480410490184,0.6269669140720502,0.2443838786249715,-0.3191433198499824,-0.5748506257944097,0.3038414485014337,0.0863666167959768,-0.0012821083366341,-0.0860398748126378,-0.4003718798108659,-0.3921962651537339,0.3680263890415313
2018-01-16,SYK,159.36,160.9,158.845,159.47,1369579,0.4549011098158804,0.4585505861871576,0.2532538680554579,0.7320854820326852,0.608643771280558,0.147312901007584,-0.416928638497028,-0.6450228166470136,0.6214859654721948,0.5221560375750592,-0.0011946498837905,0.1519609630218689,-0.1787360809536452,0.0258339032596758,-0.5173572236831958
2018-01-17,SYK,160.0,160.46,159.05,160.27,1299743,0.2793287202195286,0.2850560001732281,0.3356740837346437,0.8152402842871594,0.6168008174400298,0.13781566942719,-0.4245916594176819,-0.7545380587429832,0.405703135216853,0.4855866584364916,-0.0011978767937646,0.2219410473191529,0.4545688253023736,0.1011770866037006,-0.8581198582662796
2018-01-18,SYK,160.09,160.82,159.94,160.28,1364235,-0.029111470923507,-0.0209161548399319,0.2968057773361411,0.6492422303779207,0.6148748572844777,0.1042643994830784,-0.4179672495545301,-0.7697411224449531,0.2849545390828774,0.5657916277898093,-0.0011964003401688,0.2250477590363863,0.2789506336107399,0.0633507561632621,-1.1337499265980793
2018-01-19,SYK,161.02,161.84,160.3,161.28,1196712,0.3554369336052594,0.3603232143361162,0.4120672953857188,0.7705411535452004,0.6435891160898278,0.1562907796735705,-0.4046884169610052,-0.7656551141419657,0.4019744743526295,0.2087339902459545,-0.001202753542159,0.535718930759984,-0.0295700212490334,0.0956773886667137,-0.795534444073232
2018-01-22,SYK,161.3,162.66,160.63,162.52,1354660,0.4456743841447125,0.4494451463567142,0.5520458440238823,1.0794178832431405,0.7053197284234892,0.282895409444014,-0.3860033809403096,-0.7648338378798164,0.5669454128142998,0.488842605952081,-0.0011981219563998,0.9209511836972484,0.3550787015741138,0.5451228657342022,-0.5503323641634178
2018-01-23,SYK,162.58,163.65,161.74,161.94,1103532,-0.2551820001595993,-0.2461419121599387,0.3897975176494256,0.585975611274074,0.7214033888330417,0.2666846448024276,-0.4250997733305953,-0.7692799309096443,0.5797167441468901,-0.0009114995170441,-0.0012784558060076,0.7407619040975575,0.4453396926276369,-0.3237279329600344,-0.6083608191490796
2018-01-24,SYK,162.84,164.98,162.63,164.49,1332331,0.9473546771000568,0.9425980727015258,0.7228534496782095,0.79776136686908,0.8233198054801316,0.4746480700667054,-0.4132811576371964,-0.7052671165990628,0.8186771148701326,0.340683376741113,-0.0011989871010021,1.2925118975105172,-0.2556995261813857,0.7392229082142802,-0.4006678156473768
2018-01-25,SYK,165.16,165.71,164.23,165.55,1009727,0.3682047578996846,0.3729409962672026,0.8007647441948901,0.9238785931510528,0.9333510388019792,0.6619062087055068,-0.3988270479592298,-0.7052315043674355,0.912514435657603,-0.2882825608521687,-0.0012100875700544,1.3968294841417357,0.9471508604240182,0.1520873981196363,-0.8462651750251431
2018-01-26,SYK,165.65,169.01,165.29,168.91,1310187,1.230592033029378,1.2192960295388522,1.237445188991377,1.023872325649697,1.1379725238828402,1.0551863993094572,-0.2295064368604308,-0.6133963223353684,1.0867592866240048,0.1952296384417191,-0.0012008723669225,1.4194194611735331,0.3678498566491147,1.460546229846469,0.2441387503237587
2018-01-29,SYK,168.78,170.0,168.3,168.75,1558083,-0.0919699699936964,-0.0834575814405636,1.0990324068995685,0.7608492485475088,1.2774182025690122,1.2020491481091191,-0.1382444389193608,-0.6102137944143324,1.0716593770819505,0.5210614923452328,-0.0012917221136031,1.1687872665858203,1.2304621053309486,-0.039745591942488,-0.7517419093257406
2018-01-30,SYK,167.48,168.635,166.31,168.45,2171803,-0.1436769986047349,-0.134951186237628,0.935002625893578,1.3328238988468637,1.3587640920706572,1.1699914899533943,-0.1404982819597856,-0.6282239794474622,1.123429398418191,1.3404183293838476,-0.0013122564315771,1.0838208160928229,-0.0924449184041968,0.411259467808263,-0.4410270887816129
2018-01-31,SYK,168.11,168.11,163.45,164.38,2846461,-1.5372418882236432,-1.5391443196331898,0.2221928778393939,0.6176047875898458,1.2469832924868531,0.6472405903245148,-0.1785794235655711,-0.4645163582140597,0.435238951989764,2.106097698974561,-0.0013362039520809,-0.0409894162286252,-0.1441654359827011,-1.7026484683404974,0.771301746594304
2018-02-01,SYK,163.85,165.27,163.29,164.78,1495762,0.1185017973147121,0.1257046294166882,0.2377878076524674,0.8733661455501408,1.1590811499899758,0.2905031229012665,-0.2028107915423068,-0.4688165312012387,0.3865405048803635,0.1290836670059011,-0.0011918660385188,0.0309806541090923,-1.538093869049428,0.4025095718139266,-0.5898983540793372
2018-02-02,SYK,163.81,164.54,162.04,162.25,1240948,-0.9888938150592436,-0.9828081061209109,-0.1989192070484814,0.424716660176554,0.9768911903038572,-0.2375820693539438,-0.2491261926926496,-0.3791871965579851,0.1572665856869967,-0.2653593415960172,-0.0012841312808413,-0.653330109904701,0.1180817553047143,-0.7458134365778953,-0.3071812302282238
2018-02-05,SYK,161.45,162.67,152.01,154.4,2575970,-3.045172279500638,-3.0953290194223224,-1.4138478189527588,-0.7655367379315268,0.5159192988605267,-1.37763011637748,-0.0646161828098925,0.163179414883009,-0.7747811828691321,1.4485358018943617,-0.0013299967336892,-1.439680001787262,-0.9896027466803532,-3.325418968824945,4.162649922743797
2018-02-06,SYK,150.71,155.43,150.33,154.14,2754391,-0.1378347072332544,-0.1291308627941301,-1.3857276463265658,-0.9009142654748272,0.1370868977091482,-2.078242919984547,0.0985404589523617,0.1041052612259427,-0.9878942693702584,1.509937541727825,-0.0013390734603599,-1.2374221722523622,-3.046417638645294,1.693162071004673,1.1661587894513854
2018-02-07,SYK,153.6,156.76,153.27,153.67,1607912,-0.2228317613878367,-0.2138622849879993,-1.407108647000252,-0.9429890488699968,-0.1812445215642649,-2.483004677017444,0.2496049942857068,0.0659647379178277,-0.8169443404045045,0.0445323888733601,-0.0013009864834032,-1.3168510142756449,-0.1383216205151673,0.0081146012367593,0.301430695129749
