date,Name,open,high,low,close,volume,return,log_return,close_to_SMA,RSI_14,MACD,MACD_hist,BB_width,volatility_20,price_momentum_20,volume_ratio,OBV_change,close_position,return_lag_1,daily_return,price_range
2013-03-11,ALL,47.39,47.76,47.26,47.75,2619108,0.4002631803673319,0.4046113519631114,0.6520691741685244,0.4621843999144048,0.1109054075126419,0.2191082636794996,-0.5155162663080889,-0.6073223895649891,0.6817010352864347,-0.5066415490478833,-0.0009437163952654,1.431214957324669,0.1377361095065996,0.5476155584040896,-0.7186447444248919
2013-03-12,ALL,47.74,47.88,47.55,47.71,2453674,-0.0851493728934371,-0.0766683327196868,0.5580444775314283,0.7059459657860082,0.1254718863968119,0.2117497290621779,-0.5104502809604947,-0.6026180244930318,0.6309520406764678,-0.605767414322298,-0.001495573477475,1.245287541925323,0.3999166422934768,-0.0737935838419075,-1.014872765328501
2013-03-13,ALL,47.75,47.98,47.73,47.93,2361252,0.2540877601276559,0.2600737361958756,0.614900037978724,0.779872868461295,0.1423372496577568,0.211780190179729,-0.4696914690622079,-0.6115576763152636,0.5795696383719776,-0.6530547711254275,-0.0009749746608511,1.3867270370333875,-0.0856225419943376,0.2584859900644515,-1.156622983882663
2013-03-14,ALL,47.99,48.28,47.83,48.2,2623909,0.317716874215483,0.3230313994655209,0.6995489499307217,0.779872868461295,0.162756891950123,0.2209532121151026,-0.4006527049659695,-0.6122393207760402,0.5751733310750504,-0.5027829411219396,-0.0009713692543139,1.361303745139084,0.2537030888339873,0.3042913858759459,-0.8132453372183102
2013-03-15,ALL,48.0,48.3,47.89,47.98,4529309,-0.3171613594352591,-0.3080330339288629,0.5156299648238768,2.164542573106459,0.1666640279968161,0.1857887228434804,-0.3793951924538956,-0.596719220858299,0.5047495975520561,0.5950637217857954,-0.0016693717629255,1.1185683582960564,0.3173488020394367,-0.0577964613381315,-0.8791573230454731
2013-03-18,ALL,47.36,48.23,47.19,47.86,3312630,-0.1887060159535191,-0.1798292562014533,0.3909980491218636,1.9287400393887624,0.1614802028388715,0.1342571537828447,-0.3884503563375312,-0.5916398319361231,0.4763608808621404,-0.0998265412912577,-0.0016114488987197,0.996951960584748,-0.3176950541981873,0.7713163161267166,0.2196768016643122
2013-03-19,ALL,48.01,48.189,47.51,47.64,3427618,-0.3191800850426576,-0.3100499262545131,0.2425014916934265,1.4099131481199576,0.1453421913289015,0.0648360114363263,-0.3733308659183839,-0.6962747596294522,0.1153192541062638,-0.0073020122653813,-0.0016827095909545,0.7739885647806793,-0.1892062001861463,-0.608573591249801,-0.4034892347288168
2013-03-20,ALL,47.95,48.135,47.84,47.93,3033656,0.34598865204879,0.3509843094759357,0.3612460173126851,1.5751594376281493,0.1406483870318004,0.0387562899174119,-0.3580295566168888,-0.7150223379924426,0.3135304898018364,-0.1864929047765124,-0.0007799068333285,1.06789485924968,-0.319714306436583,-0.057829287105059,-1.0783768195064607
2013-03-21,ALL,47.81,48.13,47.66,47.8,2145484,-0.201857818032202,-0.1929431106171097,0.2511501141105858,1.239869168709144,0.1286333366072609,-0.0009522487973103,-0.3559758112641069,-0.70784853846217,0.2528611363511002,-0.6916104830402581,-0.0015232348815693,0.9361437617290904,0.3456279552161281,-0.0421190576859106,-0.7718635672282461
2013-03-22,ALL,48.03,48.26,47.79,48.22,2119005,0.5140411065174035,0.5168814080466129,0.4429292768402937,1.3482654791602957,0.1324181141049512,0.0079494053147721,-0.3222567382465808,-0.6943417911199976,0.2975656965674844,-0.701502581471289,-0.0009344901401738,1.3618011537186805,-0.2023614332148397,0.2725558035174438,-0.7790011312792611
2013-03-25,ALL,48.92,49.0,48.333,48.48,4346258,0.3026964030210963,0.3081752040997818,0.4987042767099024,1.1426596660981485,0.1423134014669024,0.0307990758049695,-0.41633554304199,-1.1978027179557285,0.8427089959930876,0.717944860810142,-0.000673717560502,1.0085635764466276,0.5137242500320173,-0.7058501868032315,-0.4446994538980703
2013-03-26,ALL,48.57,48.9,48.465,48.65,2308896,0.185318032335237,0.1919576456897098,0.5052537138050174,1.1708896984220507,0.1533817165274213,0.0520981653000204,-0.5087953927039762,-1.1985827897097117,0.8286037792527124,-0.5282501197411428,-0.0009918670040416,1.143787868361298,0.3023244124097288,0.0981253435830693,-0.8461384150831419
2013-03-27,ALL,48.38,48.75,48.31,48.67,1832481,-0.0074017830317256,0.0006693560387765,0.442395419130379,1.2427143983688755,0.1594068657431664,0.0561564148277727,-0.5653260141577862,-1.235314440644916,0.6681095809723006,-0.8195377967079008,-0.0010601278423625,1.1294559215197384,0.1849154208766477,0.4265569029803808,-0.8378828041163278
2013-03-28,ALL,48.75,49.13,48.73,49.07,2467712,0.4786788079742168,0.482009555197065,0.5764906497318438,1.374215955120391,0.1761968646333168,0.0871115521991485,-0.6216725988384701,-1.2254519245197424,0.8058819383996539,-0.3556547942078458,-0.0010120130578136,1.3879336028136693,-0.0078546698859304,0.4696131158397705,-0.9119608721893564
2013-04-01,ALL,49.17,49.64,49.09,49.28,2879702,0.2334434897524851,0.2396335539839537,0.6091206844743073,1.318702849037254,0.1938371682099534,0.1140643317215965,-0.6419773201000761,-1.2360583535053948,0.7609284459448965,-0.0404315131058224,-0.0009941586356794,1.122046217748035,0.4783527264200655,0.142703102748243,-0.6611803805779349
2013-04-02,ALL,49.52,49.915,49.42,49.81,2885293,0.636581064786092,0.6375701156700637,0.8065724310684615,1.589014024472644,0.224392918473239,0.1688706927765441,-0.5979254761971651,-1.1972238770329628,0.8644314500502016,-0.0285941011473589,-0.0010141458098404,1.3322483048295104,0.2330534329261542,0.4161313024680247,-0.7631021495618582
2013-04-03,ALL,49.95,49.95,49.25,49.38,3178654,-0.5704575191486408,-0.5616136079724857,0.5113913553780008,0.9688116296406148,0.2273685467996536,0.1417250225361838,-0.5734040815785195,-1.1985974021746484,0.5075879190606684,0.2586855534768384,-0.0014753512184855,0.7739348947022524,0.636296175666744,-0.888469054187289,-0.4099022414489496
2013-04-04,ALL,49.53,49.85,49.264,49.51,2560785,0.1309072553447131,0.138010877756294,0.5213715424316232,0.898275059512766,0.2304899018383177,0.1203835843925966,-0.5464329347532921,-1.1985575516867333,0.5089793771407572,-0.1895622475509467,-0.0010381392405189,0.9265010376387074,-0.5710572920396184,-0.0568240352723167,-0.6049020950185486
2013-04-05,ALL,49.03,49.5,48.78,49.32,3763851,-0.2719180209294991,-0.2628480102407907,0.3620585992573856,0.932652972714597,0.2212395765726311,0.0714659417480444,-0.5621564017829489,-1.180366055731307,0.4629670241131219,0.584826496172798,-0.0015227441503924,0.7035197518084986,0.1304904495837179,0.4205530737943165,-0.3746690200191777
2013-04-08,ALL,49.24,50.16,49.24,50.11,4154443,0.9642434059320194,0.9591315865895788,0.7149664290565614,1.3932091435717004,0.2405307468362032,0.1057971457938506,-0.5014520775861998,-1.0676438768284682,0.6656486977847215,0.801794339220093,-0.0008989238959605,1.3869161000473929,-0.2724399129271641,1.308574860388472,-0.0612183222960798
2013-04-09,ALL,50.2,50.3898,49.655,49.73,3739232,-0.5051184587264124,-0.4961017196179362,0.45493510912941,1.2266396085621296,0.2364422993110096,0.0730833753133375,-0.4825566065000745,-1.0235910557771866,0.4415150512570576,0.469629000332591,-0.0015180295291462,0.7574312309713821,0.9640439950692692,-0.7336739019586088,-0.3598969264182983
2013-04-10,ALL,49.86,50.04,49.57,49.73,3700402,-0.0329960430517004,-0.0247793014886723,0.3993861976705295,1.1172983295290506,0.2288677900709469,0.0379392960860648,-0.4837181506206663,-1.0258527286339267,0.4543388127488278,0.3929858298778532,-0.0012427088046935,0.7574312309713821,-0.5057011864209444,-0.2233027536396214,-0.8036664716445318
2013-04-11,ALL,49.89,50.43,49.7701,50.28,3474603,0.6555605751710762,0.656241874544878,0.6303496840523527,1.442056442586375,0.2400472784075974,0.0580964996238542,-0.4328239711709205,-0.9876919276671228,0.552602152479912,0.2034898908974044,-0.0009586976096648,1.2889814587927722,-0.0334556067571959,0.5642867005501603,-0.497516560047531
2013-04-12,ALL,50.07,50.56,50.02,50.35,2675533,0.0536798245875366,0.0613612431115675,0.6086134255824404,1.3305851652610472,0.2471172441272605,0.0636444219818107,-0.3794755193589158,-0.9929954978955502,0.4876284748604078,-0.3148566097567099,-0.0010443156651878,1.235733908613383,0.6552806372934642,0.3961819481454365,-0.6974993905769508
2013-04-15,ALL,50.17,50.24,49.09,49.09,3384981,-1.590992612033007,-1.593948046988353,-0.0961636820075338,0.161361416345115,0.1991404416926019,-0.0736066737521135,-0.4213586488709703,-0.6917991132666373,0.1722910779102649,0.1844887617591765,-0.0014769623685896,-0.0071351528636289,0.0532428722753095,-1.6527053882735234,0.3610490493567538
2013-04-16,ALL,49.34,49.55,49.17,49.5,2669938,0.4869834919741037,0.4902008249006616,0.0790235331605312,0.2773862699174091,0.1735574862529296,-0.1257661736756183,-0.4758661170701808,-0.6794104575186047,0.3357813288094511,-0.2677070453653947,-0.0010409053060662,0.2875894309833628,-1.591858614971147,0.2186831578133181,-0.9515354839526712
2013-04-17,ALL,49.31,49.36,48.725,49.07,3589623,-0.5738234395039942,-0.5649903096014905,-0.1887919272923649,0.0149124361021774,0.133129119310303,-0.205705607264979,-0.5757830223695007,-0.6536025297646303,0.2733661613540246,0.337879438162602,-0.0014956340633432,-0.2650627963551529,0.4866595768877479,-0.3940396990702324,-0.512835095063867
2013-04-18,ALL,48.86,49.0,48.22,48.44,4683418,-0.832314641464264,-0.8248611391972406,-0.5382530228337592,-0.49784944787439,0.073749027429276,-0.3184385678812569,-0.624513228627685,-0.5919119365136445,-0.0112044637050777,0.981772751013715,-0.0016057925767128,-0.9872125786271444,-0.574424090472699,-0.6757588301709615,-0.2493364882984332
2013-04-19,ALL,48.64,49.02,48.54,48.97,2276964,0.648192228505829,0.6489936737862678,-0.2866625328359788,-0.3332861890864152,0.0453296888386234,-0.3289324903823116,-0.7277640132623251,-0.5608708192585006,0.1920055384975564,-0.5761452897396258,-0.0010396161930723,-0.4652254516098471,-0.8329827258072534,0.486267517873918,-0.7744235017829105
2013-04-22,ALL,48.96,49.164,48.5,49.01,1692149,0.0178579798182773,0.0257751678580497,-0.2862629839333472,-0.5926089313834563,0.0224267224773506,-0.323128581226957,-0.7890611017912433,-0.5819970269496815,0.0731363667427276,-0.9457278563869186,-0.0011020702492706,-0.7590363687626149,0.6479103684255471,0.0508400924873815,-0.4622006481875063
2013-04-23,ALL,49.39,49.98,49.36,49.8,3809540,0.970551184531998,0.9653055635869644,0.0986966992140128,0.010604147754185,0.0332870526129903,-0.2315793099417795,-0.8239268391226039,-0.5102517463130043,0.2324043490538249,0.4503312414315857,-0.0009413597792979,0.363230047724378,0.0174116825540845,0.6008596369524986,-0.5537469366634366
2013-04-24,ALL,49.65,49.89,49.56,49.7,3034105,-0.1580121826070733,-0.1492347863920737,0.0175112349628353,-0.0982590874922849,0.0358489948390283,-0.1796998005393974,-0.8561411704197328,-0.5083589861292692,0.149498939172176,-0.0805089075004524,-0.0014592096602042,0.2211710076627412,0.9703534191983488,0.0497678249364162,-1.0379540078273686
2013-04-25,ALL,49.86,49.97,49.3,49.53,3851742,-0.2459511008939209,-0.2369294453889646,-0.0955791293234733,-0.0883822061849416,0.0291566558420348,-0.1620165535766838,-0.8979970580632584,-0.5018312647773643,0.0920347122097252,0.3706012712026818,-0.0015408075379968,-0.0203293604420574,-0.1585043596474379,-0.5263584502319538,-0.4639591568681544
2013-04-26,ALL,49.56,49.77,49.09,49.09,3674595,-0.5860656271295194,-0.5772732629502257,-0.3294723759083485,-0.7071528352220212,0.0047851515931092,-0.1933758230249585,-0.8991193939657941,-0.4922926157826774,-0.1614909910748662,0.2172074288644922,-0.0015613202233433,-0.6453891367132913,-0.2464662188233604,-0.7428084601649451,-0.4368772852754873
2013-04-29,ALL,49.3,49.5,49.065,49.25,2724078,0.1699227998851964,0.1766984695977518,-0.2438215274293516,-0.4424458078626064,-0.0098155325810915,-0.193313315912145,-0.8981985346896899,-0.4948307140187193,-0.1764176251501731,-0.3637821593370697,-0.0009758807328285,-0.4180946726146645,-0.5866694717543873,-0.1029410794149074,-0.855216816894306
2013-04-30,ALL,49.27,49.48,49.05,49.26,3147353,-0.0203548171636716,-0.0122086826468761,-0.2239898893775833,-0.4367215443154023,-0.0224306962741998,-0.1881526146835331,-0.9028165650630908,-0.5358175960838134,-0.3296452338945077,-0.1104039665459383,-0.0009614606527781,-0.4038887686085028,0.1695161722261944,-0.0416507877453034,-0.8638255332198592
2013-05-01,ALL,49.28,49.54,48.38,48.4,4699523,-1.1199207740459656,-1.1152900072255485,-0.6549014053092589,-1.1278469733826753,-0.0671956961767544,-0.2667771786566977,-0.8328180857837953,-0.4628579023823359,-0.4589475557876725,0.7780471744683471,-0.0016240173048797,-1.6255965131386476,-0.0208110831146971,-1.375455571577281,0.4061016510888436
2013-05-02,ALL,48.56,48.81,48.08,48.25,5378371,-0.2259445063737419,-0.2169675040910723,-0.7018583295451326,-1.2236833415442618,-0.1090151070983026,-0.3220949345052997,-0.7586295166260065,-0.4660747263704012,-0.5412408841323615,1.055947050241885,-0.00174860470121,-1.653435502441048,-1.1206638870624177,-0.5086281941772063,-0.3304155628326719
2013-05-03,ALL,49.23,49.4199,48.55,48.69,4783373,0.534745646054497,0.5372896805524011,-0.4512862499862743,-0.4173950703589996,-0.1250949372532288,-0.3000959013878762,-0.7357674950722092,-0.4362409153123278,-0.3550788596186803,0.6734692235525221,-0.0006924800870635,-1.0636613587012549,-0.22645440512293,-0.855038143108381,-0.1023484747638388
2013-05-06,ALL,48.57,49.2,48.55,49.1,2760385,0.4912552482692502,0.494413821215267,-0.2062853289831575,-0.4173950703589954,-0.1219923972720767,-0.2331215843807932,-0.7706423402588346,-0.5010547852717714,-0.4634940124453372,-0.4445560324819725,-0.0009777200023672,-0.5140990883982577,0.5344341908243697,0.7981109997949645,-0.4880335019452524
2013-05-07,ALL,49.13,49.37,49.07,49.31,3156167,0.2332806957405908,0.2394723425267358,-0.0831997954820816,-0.0458459203262596,-0.111677718061118,-0.1609782085518067,-0.783295121608019,-0.5089161103017261,-0.2915137644665992,-0.19977781888474,-0.0009661339224199,-0.2326159743406262,0.4909324475687571,0.2504862443598253,-1.0842815583355403
2013-05-08,ALL,49.26,49.7,49.18,49.69,3377596,0.4467860346092068,0.4505422550608403,0.1204148801383516,0.5962989052629946,-0.0892158359569577,-0.0719968167509408,-0.7854501924624446,-0.4880695353623214,-0.179289979689416,-0.0611204061582743,-0.0009735531747236,0.2767344225255554,0.2328905964456983,0.6331894909440648,-0.7191716185359707
2013-05-09,ALL,49.62,49.69,49.27,49.43,3222806,-0.3587575594459492,-0.3496047347828924,0.0045908097498037,0.1176485428619514,-0.0823934557270642,-0.0410675119066031,-0.8510226554358683,-0.5244251906424303,-0.4157579181016825,-0.1450569356582332,-0.0014768242231085,-0.0717684805934124,0.4464516330917183,-0.3156119797237859,-0.8831879308052648
2013-05-10,ALL,49.5,49.64,49.171,49.39,2965148,-0.0833768138375175,-0.0749040424513692,0.0089844685060374,0.0643198767576434,-0.0793424250775704,-0.0260314569287499,-0.9432989114313142,-0.5261548293750937,-0.447498549268122,-0.3042392040977452,-0.0014779515078625,0.1347517582919047,-0.3593021055341948,-0.1942094067667522,-0.7999316535523951
2013-05-13,ALL,49.22,49.5,49.12,49.4,1794781,-0.0203906497537562,-0.0122443114888611,0.0060077351949082,-0.5127724742997042,-0.0773355684102639,-0.0166902988015641,-0.93934575587207,-0.7548744481608969,-0.0747323917441316,-0.966137567506646,-0.0010871309130338,0.4281285986578114,-0.0838495205256267,0.2499801035315177,-0.950240365707454
2013-05-14,ALL,49.38,50.38,49.36,50.36,3932301,1.1768767504429465,1.1669158562825457,0.4949937420317463,0.2431486704274224,-0.0392078902957929,0.083757000299142,-0.8513923257309545,-0.639718337494083,0.0876833045451635,0.274334135589348,-0.0009199372437394,1.413972825780338,-0.0208469250525368,1.473091093075342,0.0966760286609638
2013-05-15,ALL,50.33,50.69,50.12,50.66,3401907,0.3378818610303694,0.3429702426287539,0.6114191589874276,0.5301106450639599,0.0011063652678228,0.1697430522927162,-0.7367763421273752,-0.6688742468089136,0.3084067620083702,-0.032889102938098,-0.0009925653175044,1.4046697690038903,1.1767328098778194,0.4690557738613769,-0.6536158498080828
2013-05-16,ALL,50.36,50.525,50.03,50.16,2849023,-0.6474654222323012,-0.6389142996305274,0.2986407238373231,0.4832171175428719,0.0115486229536941,0.1616418855852115,-0.7436071970939764,-0.6989172148360371,0.3540107705915384,-0.3133323180498186,-0.0014348778450759,0.7678533825206539,0.3375190493548469,-0.3263633545101618,-0.7688812088049342
2013-05-17,ALL,50.19,50.27,49.76,50.0,4361504,-0.2315862743071326,-0.2225960285158927,0.1858930216576541,0.2821828282626658,0.0116963189335856,0.1286629276049347,-0.7346986146229185,-0.726340689774085,0.1414294420349487,0.5250609266524333,-0.0015587818210791,0.5640721388460225,-0.6480852844056688,-0.3123264966702806,-0.74124713447875
2013-05-20,ALL,49.99,50.18,49.725,49.8,3028153,-0.2820281930460142,-0.2729422905847967,0.0585701624464125,0.1370457523568573,0.0022205066381675,0.0775090165850587,-0.7386022699409923,-0.7165252518302717,0.069257882351789,-0.2944627428855824,-0.0014903600819407,0.3093455842527242,-0.232097644841224,-0.3134707653072814,-0.8298762890333818
2013-05-21,ALL,49.48,49.55,48.53,49.08,5987295,-0.9331122478504242,-0.9264930474240456,-0.3044942494190252,0.2337002708927411,-0.034918814195439,-0.0346195069914832,-0.7376276597467836,-0.7351479201773793,-0.3798126053997214,1.3109716937902252,-0.0017803429637173,-0.6076700122831349,-0.2825527225145689,-0.6370828011413378,0.1406988466102863
2013-05-22,ALL,48.99,49.88,48.54,48.79,4997375,-0.4008613827947241,-0.3917122041163263,-0.4346099699909725,0.1370457523568573,-0.0765785166111486,-0.1359577102284203,-0.7213673726577445,-0.725190432365777,-0.4363856028655852,0.6820294463328588,-0.0017992705927739,-0.9770235164434108,-0.9338066275669772,-0.3347541306074903,0.6976031610380239
2013-05-23,ALL,48.41,49.01,48.26,48.76,3829750,-0.0712772712738245,-0.0628622855038028,-0.4303343962408637,-0.1428506572247584,-0.1111892194263636,-0.1988842691921127,-0.7031824115258143,-0.7278951917945625,-0.3957960114758874,0.0456661119613099,-0.0017762234089674,-1.0152324996324067,-0.401416912633508,0.5199161449967685,-0.3094197890199122
2013-05-24,ALL,48.56,48.84,48.03,48.73,3131575,-0.0713008241213767,-0.0628857235916588,-0.4368326617019105,-0.4555368268068622,-0.1398827777931527,-0.2339948884141836,-0.6871972659894146,-0.7562262021188842,-0.2751803073539937,-0.3227073565679623,-0.0017827851355566,-1.0065181701331665,-0.0717468215180153,0.2381769309674681,-0.2060151375120552
2013-05-28,ALL,49.15,49.49,48.55,48.82,3295041,0.0819890457000355,0.0894696793710863,-0.3776175886247463,-0.5526538346204257,-0.1589445486628311,-0.2372913285817931,-0.6746983341266275,-0.7596339410067159,-0.295704691700412,-0.2468025669849276,-0.0005371346793191,-0.8940458624753331,-0.0717703805098694,-0.5335818428780967,0.0133546677296402
2013-05-29,ALL,48.25,48.83,48.1,48.55,3198148,-0.3773153819418317,-0.3681606351401816,-0.5027212976500818,-1.059174197750757,-0.1842493871077854,-0.2559980291826348,-0.6473951800155915,-0.74964689172112,-0.3791588449224079,-0.3008522020729201,-0.0017887199882015,-1.2314627854488238,0.0815594784991333,0.4434354812312223,-0.3382069634562751
2013-05-30,ALL,48.69,49.05,48.59,48.83,3215866,0.3260616397413413,0.3312833599885583,-0.3649115522798854,-0.6446215143919118,-0.1927582202688929,-0.2277307611994552,-0.6759665631154911,-0.8646629344463521,-0.0369972742400124,-0.2554014901719885,-0.0005591984811787,-0.8815489394022435,-0.3778647692648302,0.1909200464439413,-0.8062164799978871
2013-05-31,ALL,48.66,49.0,48.24,48.24,3024948,-0.7852434754531133,-0.7774574465538512,-0.6788066884908056,-0.9538603894054422,-0.221860029244498,-0.2581229120592729,-0.6749094444348056,-0.802344634153673,-0.1705207941726297,-0.3052811069420149,-0.0017585877325906,-1.6188674007146728,0.3256957444892783,-0.6784281367032825,-0.2783252880459824
2013-06-03,ALL,48.24,48.37,47.105,47.47,5573702,-1.0267499583482476,-1.021055499578036,-1.0574900803139848,-1.2846693196786223,-0.2737675755281961,-0.3411382079861647,-0.5403524763376558,-0.743264685917293,-0.5354701806098798,1.1243020772021326,-0.0024102894823788,-1.5428575241152935,-0.7858992802000022,-1.2322633703728845,0.629577445550367
2013-06-04,ALL,47.39,47.66,46.45,46.68,4947544,-1.0690998901946738,-1.0638711441354995,-1.4173445494139902,-2.3489084968649405,-0.343729468394147,-0.454022022031767,-0.3001709074384466,-0.6981787888771621,-0.8913353984783281,0.6844111428286209,-0.0030318069708671,-1.7009816169449468,-1.0274687656148729,-1.1582382107814553,0.5689682941223321
2013-06-05,ALL,46.45,46.65,45.83,45.86,4327603,-1.1266462304731744,-1.1220977985946523,-1.7691916109864327,-2.7418364588737,-0.4282064320644701,-0.5816906156473439,0.0091412559419585,-0.6378612220356406,-1.1950290859585544,0.3049570614671764,-0.0056466363261796,-1.860783146129592,-1.0698297454148984,-0.9859624764666014,-0.1011471756550959
2013-06-06,ALL,45.84,46.49,45.595,46.49,4164116,0.8222713713422054,0.8200079718886336,-1.3495109826452871,-2.0961024520183305,-0.4666775584761004,-0.5654072574087176,0.1442498398100091,-0.575762210034306,-1.1132800984085738,0.1925834464520191,-0.0084637130835008,-1.297369031371091,-1.127391097979594,1.044989303296917,0.0131086448744764
2013-06-07,ALL,46.81,47.52,46.63,47.46,3965246,1.2659993618444334,1.2537990828850116,-0.7758870058770398,-1.3439107868903266,-0.4554373827791541,-0.4244245349512802,0.1756134383986708,-0.3947602791466917,-0.7527996798591535,0.0649475603924838,0.0030497941227602,-0.664502281357506,0.8220349238094492,1.022789630608881,-0.0284632864591607
2013-06-10,ALL,47.51,47.74,47.14,47.3,3518769,-0.2428840750738838,-0.2338688472315939,-0.8072869378032721,-1.332783524141192,-0.4493427595172831,-0.3248829203745084,0.2083620527432758,-0.3946736613476607,-0.7889567734288379,-0.1860776967410378,-0.0027384461883151,-0.7688926731123268,1.2658786709619507,-0.360264664592732,-0.5341459806492136
2013-06-11,ALL,46.96,47.565,46.63,47.25,4054032,-0.0988079220142507,-0.0902648526936486,-0.7776731045850732,-1.1234675624789727,-0.443069221713765,-0.2447891057628363,0.2326346476500512,-0.396013353441938,-0.806668882191251,0.0352023370818531,-0.004980394746128,-0.8015146705357055,-0.2433983928991089,0.4402511172999224,0.057855007440999
2013-06-12,ALL,47.51,47.6,46.971,47.02,4352987,-0.3360510403992734,-0.3269081297936466,-0.8141820339881409,-1.102326415084696,-0.4437302860023114,-0.1985636004819659,0.1870036643936167,-0.5573124203765116,-1.141525309348635,0.1766888740225197,0.0103305286016955,-0.9515758586832548,-0.0992846542617808,-0.8055288162435669,-0.4764493679335408
2013-06-13,ALL,46.97,47.515,46.53,47.41,3063890,0.4833934640611324,0.4866599577734341,-0.5152783901753332,-0.8442881378235197,-0.4256944869542972,-0.1134577918882712,0.0512128218832378,-0.5403206512651755,-1.1096657758993405,-0.4743170161327796,-0.0028182912493438,-0.6574915295785898,-0.3365896629698675,0.6814285091966407,0.1401830886311037
2013-06-14,ALL,47.42,47.55,46.77,46.87,2723344,-0.7421152214788758,-0.7340563568017149,-0.7220751104773252,-1.021866723743802,-0.4293993183979689,-0.1013331536423258,-0.0308169749038851,-0.5326352012074208,-1.1307693722674987,-0.646583175814667,0.0019969879972624,-0.974707820492566,0.4830686124334394,-0.902602544913198,-0.204384061761363
2013-06-17,ALL,47.09,47.66,47.05,47.42,2193909,0.6975761913032865,0.6975561916862574,-0.3512067926090894,-0.774924855869688,-0.4076864117482678,-0.0262086227498096,-0.1555311879687389,-0.4603085881084013,-0.9253029048592388,-0.8864299832250647,-0.0024468953972444,-0.5581552812512307,-0.7427597752289398,0.5031395778978975,-0.5192462075404627
2013-06-18,ALL,47.64,47.73,47.27,47.67,2060991,0.2952306413566666,0.3007897675574381,-0.1557144291595444,-0.5583416784047069,-0.3779789033540546,0.0544689692305842,-0.2911325804259541,-0.4422976429561895,-0.7956365977864686,-0.9426654839291704,-0.0032409845277742,-0.2715766031741869,0.6973072141653319,0.0212601400525014,-0.7871117054264649
2013-06-19,ALL,47.61,47.92,47.04,47.05,3277206,-0.8427292767231709,-0.8353542519949013,-0.4414759632773314,-0.901573850828626,-0.3761955711718927,0.0471346939490293,-0.3462735772745897,-0.4532302767805011,-0.7749279587232863,-0.2275181798796079,0.0101064647810773,-0.7525550286617855,0.2948567031296866,-0.9149743893310394,-0.0325575636203297
2013-06-20,ALL,46.74,47.99,46.47,46.57,5386347,-0.6681471163634398,-0.6596910769910281,-0.6460150094837426,-0.8676813147935982,-0.3908634790368949,-0.0010779349558475,-0.3611079829154732,-0.4368937984869694,-0.8357315086535515,0.9258341644156708,0.0024224320362764,-1.0491905903827443,-0.8434000779632621,-0.3011090942281541,1.1288415699544465
2013-06-21,ALL,46.95,47.43,46.5,47.23,7306918,0.8493381796036958,0.8465558609911709,-0.2394595384153631,-0.2880302385744017,-0.3738992474769326,0.0417725442649999,-0.4220008485549402,-0.3567251548774546,-0.6283141269700678,1.8023865507404957,-0.0033852225811063,-0.4859146430882556,-0.6687723738323169,0.4242585257147564,0.0497304951118911
2013-06-24,ALL,46.68,47.0159,46.29,46.6,4402543,-0.8634547266024936,-0.8562411667489459,-0.5299599903062623,-0.2227610156305265,-0.3825355272344229,0.0101576522135072,-0.468742003028993,-0.3175341315305884,-0.8094295553780703,0.2356839346116587,0.00441907908502,-1.0235871382329935,0.849108793070302,-0.1557969024577995,-0.2931022317320127
2013-06-25,ALL,46.87,47.2,46.78,46.88,3360866,0.3410865856951218,0.3461384361465054,-0.3213614930485007,0.2776759454187486,-0.3757252772059049,0.0246248403354315,-0.5657585117841327,-0.302820030645956,-0.7510882988644574,-0.3052280412165449,-0.0026644384735381,-0.6449574088057239,-0.8641309345527874,-0.0101971172807743,-0.84466944287841
2013-06-26,ALL,47.11,47.9,46.96,47.76,4191693,1.1356701898567645,1.126703440120246,0.1897206488337868,0.3703419233562087,-0.3335463748567312,0.1272368930485969,-0.638926046992672,-0.1928465889175764,-0.4064547894551775,0.0974252236527448,-0.0048783983214543,0.2017226933503923,0.3407246100457238,1.0161088440574262,0.0489693929955887
2013-06-27,ALL,48.06,48.42,48.0,48.3,2486186,0.6709264914799661,0.6713545099334328,0.5050508796326674,0.2063734721712747,-0.2773660864948456,0.2453658617873765,-0.7186325928731474,-0.1652607926057055,-0.3268845115543719,-0.7621408472206882,0.0057129165054375,0.7594934140989786,1.135515499612724,0.3509707658019241,-0.8666207746583624
2013-06-28,ALL,48.3,48.57,48.1,48.12,3726784,-0.2650135741023007,-0.2559553618017717,0.408318085862994,0.1957308812105373,-0.2388694184411258,0.294351702521901,-0.7326442229209659,-0.2001472481814063,-0.2040106549823755,-0.1394393725114467,-0.0042163664030594,0.9400613767814134,0.6706505621549771,-0.3078759986575909,-0.777313012480831
2013-07-01,ALL,48.3,49.02,48.28,48.69,2751348,0.7044744759464233,0.7043367005468485,0.6904738124228582,0.4349541061825891,-0.1854857971539948,0.3718591364591492,-0.6164317796574614,-0.2421633375844041,0.2099738700127537,-0.5859496775074242,-0.0319562122371461,1.1225926478553565,-0.2655336649162365,0.5837289193852238,-0.3246934654057131
2013-07-02,ALL,48.68,49.21,48.38,48.52,2589918,-0.2503685296969635,-0.241337882334968,0.5435947064683277,0.4667376746901582,-0.1498382475191574,0.3882127404955935,-0.5597138967599594,-0.33194943065033,0.4114273157915529,-0.6277204290768368,-0.0041146716331482,0.808387670357392,0.7042072983846506,-0.2746379482595881,-0.165666167580309
2013-07-03,ALL,48.3,48.6436,48.04,48.47,1103570,-0.0971531303338361,-0.0886174171475757,0.4419409996908219,0.2990076706369956,-0.1238238644034666,0.3765000189357206,-0.6195676879809145,-0.4525583081904713,0.6683689779554371,-1.4131191640025718,0.0338870966258979,0.7624100557316275,-0.2508848000142893,0.2396007054037885,-0.5534748659296854
2013-07-05,ALL,48.71,49.15,48.615,49.13,1755810,0.8147511149648471,0.812629871167081,0.7315924096319678,0.8323099233625662,-0.0780292295353662,0.4180438691891014,-0.547776393225555,-0.4534095547964936,0.6665194092550554,-1.0046967185217577,-0.0053349714703169,1.3518052854136415,-0.0976294308909029,0.6251256533621457,-0.6837855374822317
2013-07-08,ALL,49.32,50.34,49.32,50.07,4126761,1.1581815520768104,1.148674932464195,1.1745094486375007,0.9409628843970717,-0.0063651252843249,0.5178665182505338,-0.3109861604589717,-0.472913302375278,0.6401904384638782,0.3932634577769263,0.0190259366483513,1.2212666496967175,0.8145127056002793,1.1225852916099717,0.1064527408332424
2013-07-09,ALL,50.31,50.65,50.09,50.55,3136628,0.5638455387201614,0.5659618083631113,1.3441565341251316,0.9994761288010596,0.0668531154917209,0.6017249581611789,-0.070372577325394,-0.4724861454878148,0.8416411461561883,-0.1811598297314608,0.0006126569040685,1.366636056379984,1.158032734439276,0.3340974511035108,-0.6680621545675168
2013-07-10,ALL,50.54,50.57,49.87,50.3,2928702,-0.3408992947756282,-0.3317535688200529,1.119574360492655,1.2254590240406098,0.112052381382203,0.5966913510701262,0.0697828246385955,-0.4564874752721061,0.7805437070265651,-0.2754121444325428,-0.0022809715984388,1.1760293168477307,0.5635416748662159,-0.3850903624595234,-0.4315107488681164
2013-07-11,ALL,50.76,50.85,50.27,50.38,2735594,0.0660227044609558,0.0736181493236911,1.0673366385122964,1.5733034594846746,0.147623721612688,0.5678823504894877,0.1688150438216407,-0.4776078587995304,0.8820085114020569,-0.3511246565121628,0.0003067710009812,1.1002547779389458,-0.3414391821248665,-0.5919130512678811,-0.6318618433764367
2013-07-12,ALL,50.43,51.11,50.41,51.11,1903078,0.8691152585354757,0.8659465832464189,1.3584224714505582,1.5861742644362025,0.2005360804914663,0.5894706335067196,0.3370526325181718,-0.4463270381622951,0.9786996631928414,-0.8450681691377566,-0.0005509797951971,1.442878752192886,0.0655889720727801,0.9924265367741874,-0.4498916655195494
2013-07-15,ALL,51.21,51.28,50.65,51.2,2966644,0.0766346236450715,0.084154212297565,1.283524723299514,2.1082087958825366,0.2415311523835865,0.5760663683683573,0.434349184918717,-0.5246431385684234,1.189313308755536,-0.181961519236408,-0.0003795378025746,1.389585260610643,0.868891031307914,-0.0410698773846608,-0.5658406701360703
2013-07-16,ALL,51.19,51.57,50.89,51.0,1732640,-0.2761915020305222,-0.2671145732391958,1.0744595273630224,1.896782641511976,0.2614390695527362,0.5110649830079969,0.5065760508874023,-0.5228037341837704,0.941292499373144,-0.9487415076630944,-0.0016272388014056,1.0840182453098894,0.0762036596200462,-0.3067392736615741,-0.4801124426981137
2013-07-17,ALL,51.2,51.39,50.94,51.03,2240433,0.0036263319474714,0.0116315098473799,0.9963660725812816,1.74959156656504,0.2735474814626871,0.4389880824480131,0.5665992061302368,-0.5207331242343262,0.8676983467340321,-0.6316470424197931,-0.0006655087666248,1.1029056404089954,-0.2767145088640053,-0.2771720875202231,-0.8563956865112643
2013-07-18,ALL,51.31,52.375,51.25,52.08,3134683,1.2480335351083498,1.23629449213956,1.4166167260536815,1.8433855873158984,0.3190924582474219,0.46739170439012,0.6528387810680011,-0.5325881280364266,1.4026260062329847,-0.0634237481389143,-0.0005741666872469,1.2817228682905786,0.0031763220306611,1.1074755866149335,0.2089538767985648
2013-07-19,ALL,52.09,52.18,51.63,52.1,1864099,-0.0090874265007831,-0.0010063763002405,1.2719649602038543,2.015276952049209,0.3502407955180968,0.4530578996672255,0.6402912028122608,-0.609879471982039,1.5764916746466464,-0.7976649405563867,-0.0009223251289342,1.2926486909280248,1.2479081574268216,-0.0118124646268271,-0.7115259605500395
2013-07-22,ALL,52.08,52.45,51.93,52.41,1389709,0.3374452549244808,0.3425386009149915,1.2916291420665116,1.977143247232257,0.3810378162173021,0.440686573081727,0.670868144125255,-0.6377572397668226,1.4432858388749663,-1.0140513072762594,-0.0010285783691991,1.4212931577939054,-0.0095407530938497,0.4524101984340928,-0.7644350071574209
2013-07-23,ALL,52.36,52.38,51.77,52.08,2525358,-0.4250042928996475,-0.4158701290807697,0.9669086146360796,1.8204369380603564,0.3863080603779618,0.3650840284367482,0.5485192756577242,-0.720629134444103,1.559610847722875,-0.1054623049248851,-0.001603951276202,1.2259568529241491,0.3370823293502155,-0.4303367923544389,-0.6151732819120473
2013-07-24,ALL,52.14,52.37,50.72,50.99,3555783,-1.3360156450764715,-1.3344056033038156,0.2853493530499456,0.9971029909894822,0.3419492122180418,0.1768575634333228,0.3430639184035527,-0.4789421823235519,1.1201023702610906,0.6755457745939937,-0.0018274635577254,0.5588523323994359,-0.4255661209717216,-1.692686956196762,1.1055268085492929
2013-07-25,ALL,51.13,51.28,50.61,51.22,2933843,0.2478305626488821,0.2538791096745739,0.3136472728789611,0.8672684720640297,0.3105701019675365,0.0596860133682215,0.212434807994307,-0.5538811895886554,0.8964983713394318,0.2545481879330769,-0.0006314379436237,0.524060035102037,-1.3368151314093408,0.1066711406072063,-0.501156470631616
2013-07-26,ALL,50.99,51.55,50.97,51.52,2069189,0.3316547037185864,0.336813606051363,0.3844364164698585,0.634186509155519,0.2924413980741134,5.5091178623062784e-05,0.1226548974889143,-0.5737032643921953,0.8116263515098295,-0.4097285228631176,-0.0008894066027219,0.7418608769499119,0.2474442590213609,0.7589834321822572,-0.6530921760865772
2013-07-29,ALL,51.57,51.57,51.21,51.35,1762524,-0.238428232002755,-0.2294226119530705,0.2112598463877839,0.2940265491987446,0.2666143089466516,-0.0674651576407315,-0.0277721114408124,-0.5757649797013982,0.8183409003336728,-0.5963928183352406,-0.0015096653389939,0.6137178244861412,0.3312902675458797,-0.3486239531292401,-1.0070452355762525
2013-07-30,ALL,51.5,51.5,50.86,50.91,2433788,-0.5664631608584179,-0.5576066944003986,-0.074014637673469,0.1655076021863286,0.2245451212267951,-0.1632882388715612,-0.1486456050160528,-0.5591824036888087,0.502150077001358,-0.0319930802244264,-0.0016505691050924,0.2820534534034401,-0.2389413874188487,-0.8918612740522205,-0.5436289489299421
2013-07-31,ALL,50.83,51.5,50.75,50.98,2942489,0.0526072298789725,0.0602960049079855,-0.1014301310666865,0.1603852505799251,0.1900727015139337,-0.220392753781658,-0.3219949944160308,-0.5710423185062115,0.5771420077297794,0.3711773042425746,-0.0006646461171622,0.3348182397120513,-0.5670618917291814,0.1966377630165496,-0.3652422119289336
2013-08-01,ALL,51.93,52.61,51.75,52.22,3831019,1.481322640711288,1.4632101929063548,0.4387401001157852,0.3981745602508635,0.2074663596190915,-0.1325739742607281,-0.5104235377360707,-0.4266363146313206,0.9687838444644898,0.9355007175244068,-0.0006198302012959,1.1183654106152705,0.0521699977557504,0.3955979050771617,-0.2188011317089009
2013-08-02,ALL,52.09,52.3,51.775,52.15,2910004,-0.1164518573929583,-0.107833080397494,0.3239917876738256,0.3153489581945883,0.2143292707262403,-0.0894249121341016,-0.6561812839078686,-0.4528300450918633,0.735298941705571,0.1699684793502645,-0.0016291167178239,0.9780995706659712,1.4812581218576633,0.0607079665120341,-0.7523219600476387
2013-08-05,ALL,51.83,51.83,51.11,51.29,2933880,-1.0596865943226004,-1.0543517729523957,-0.1473242520829374,-0.0513973174058966,0.1821267514563572,-0.1554594077269268,-0.730265210593947,-0.4337539735285394,0.1903738673906909,0.239414918584054,-0.0016953025448531,-0.1585517694947379,-0.1169331924667713,-0.8134661550732692,-0.4213995738857673
2013-08-06,ALL,51.2,51.23,50.46,50.7,3984062,-0.7491637584769482,-0.7411474045155962,-0.4527003741284162,-0.3326123957676368,0.1301893197832769,-0.2590843289980925,-0.7411999013952857,-0.4110730052628777,-0.1238966840798103,1.0070515095085808,-0.0019770677202677,-0.8743426844914743,-1.060413993868129,-0.7641269528123127,-0.3255948735971462
2013-08-07,ALL,50.5,50.61,50.14,50.17,4881281,-0.6838197092104114,-0.6754403687201553,-0.7203353479575754,-1.0894138172094212,0.0657163697146456,-0.3742504745710472,-0.726685240772001,-0.3843272974251919,-0.205434234750331,1.560831652006102,-0.0024661874018134,-1.8409281107057704,-0.749810150999976,-0.5200212855665773,-0.8105743701335352
2013-08-08,ALL,50.41,50.94,50.26,50.39,3445645,0.2400110976636048,0.2461369667813481,-0.6081307258610643,-0.9701322255122246,0.0213372290004018,-0.4146622716584144,-0.727640907953612,-0.3791648226837754,-0.1645617949851349,0.4679535583667454,0.0003018451512801,-1.5448471640509749,-0.684449055235539,-0.0562914705770552,-0.4666605874257324
2013-08-09,ALL,50.38,50.92,50.34,50.66,2094538,0.3005953466013306,0.3060968422977058,-0.4587660124718484,-0.9933930663268106,-0.0048477968284528,-0.4001603708180044,-0.7075896094326066,-0.4371199431181223,-0.2967852510874212,-0.5223791357691715,-0.0006395094648406,-1.1814750931564564,0.239622754148826,0.3935822154203363,-0.6371648314348273
2013-08-12,ALL,50.38,50.735,50.16,50.26,2779454,-0.5245715463961769,-0.5155990170987222,-0.639759244967048,-1.0165320310833208,-0.0425475487027688,-0.418197556765115,-0.6568599308513695,-0.4220677496654139,-0.4371128197761542,-0.0179149438078752,-0.0019002421725135,-1.7198040870742677,0.3002228078810802,-0.2062731649724367,-0.6378620194398942
2013-08-13,ALL,50.29,50.76,50.04,50.48,1717981,0.2395222269380914,0.2456528980551929,-0.5140442120307411,-0.4568466328981098,-0.0647167601375079,-0.3926519617836109,-0.6321376436408062,-0.4173519831494264,-0.3172221604881081,-0.7914322519030113,-0.0007100989459693,-1.312182210745838,-0.52515934887597,0.2591246736530411,-0.4026270164018046
2013-08-14,ALL,50.71,50.7105,50.14,50.22,1929661,-0.3536594691537263,-0.34450814606707,-0.6268526222809364,-0.7114041954405002,-0.0931409526326117,-0.3883156993706937,-0.5893084225398391,-0.4112462486432644,-0.4005967833373239,-0.6291359550144474,-0.0017446210231556,-1.6484807320435193,0.2391337558901418,-0.756357464454094,-0.6445704103349447
2013-08-15,ALL,49.67,50.12,49.195,49.36,2454352,-1.0991432403590975,-1.0942628361537896,-1.0002503382735315,-1.215482095768191,-0.1494861288745291,-0.4567148209556659,-0.4950281415434134,-0.4947144982078726,-0.9345164022836486,-0.2218673089413394,-0.0020220372216677,-1.7206907929573652,-0.3542026852878837,-0.4978497378839086,-0.0295270038907783
2013-08-16,ALL,49.16,49.75,49.07,49.39,4463782,0.0048431207440306,0.0128409019325586,-0.9173188602156092,-1.1419551902800114,-0.1924372608230854,-0.4769580787858513,-0.4396602580348325,-0.494248110120028,-0.9314030379029412,1.119076319056389,0.0007280937088337,-1.580811798814128,-1.0998809330780883,0.3271600680817007,-0.4438895141384656
2013-08-19,ALL,49.28,49.32,48.94,48.94,2120514,-0.6002387414594853,-0.5914966170235125,-1.0629962664401214,-1.1452392840184302,-0.2430804358210438,-0.5129518714435991,-0.3923841211912995,-0.508535159257873,-1.1398548705035871,-0.5605142971442648,-0.0017901697643692,-1.881302785249608,0.0043934282545591,-0.5475748088610924,-0.9442146520901036
2013-08-20,ALL,48.99,49.33,48.82,49.04,2346216,0.094216947341796,0.1016069087404968,-0.9351514901790356,-1.126045889924772,-0.2777740867578664,-0.5006931052013538,-0.3620209212476242,-0.5027250173859866,-1.0247563378802091,-0.3974851396400065,-0.0004881263807233,-1.6883423793822343,-0.6008462834671504,0.0507928440836203,-0.7246061538078633
2013-08-21,ALL,48.86,49.29,48.61,48.82,2502962,-0.3122939274254219,-0.3031702923811296,-0.994846339923087,-2.160997178516265,-0.3120265852501919,-0.4897505734096915,-0.2659195831033167,-0.6202000882430779,-0.7924977862455026,-0.2547556498269716,-0.001875619100135,-1.7067832545338764,0.0937905700702294,-0.0881681965037733,-0.4304925948783496
2013-08-22,ALL,48.81,49.5399,48.8,49.4,1431374,0.7066529071567307,0.7064777847092685,-0.647095450975146,-1.6384768339683224,-0.3144174029802447,-0.3989851301808474,-0.2466675178253039,-0.5663884875567949,-0.6893340391970502,-0.9929408826124974,-0.0007738380321694,-1.224776931604716,-0.3128263524067791,0.8869297766331521,-0.34306677901703
2013-08-23,ALL,49.31,49.39,48.97,49.27,1506147,-0.1968329838374266,-0.1879324469932229,-0.6574054677438776,-1.4136303367381189,-0.3194421842709216,-0.3331525524601494,-0.2493929862522736,-0.5880356340521264,-0.8088732310844952,-0.9265889108462174,-0.0016647679341737,-1.3328128315715932,0.7063862978888342,-0.087603742223868,-0.8808883214160794
2013-08-26,ALL,49.18,49.19,48.71,48.75,2341524,-0.6900729559654589,-0.6817253359833754,-0.8628178200257385,-1.3884687745891868,-0.3416471317490344,-0.3247079423000999,-0.2160380539460641,-0.5645259519868314,-0.911099710135174,-0.3249706399721839,-0.0020165440587551,-1.7649564314391202,-0.1973352881765137,-0.686895396299943,-0.7707369769220774
2013-08-27,ALL,48.28,48.45,47.8,47.82,2490958,-1.2206878353322743,-1.2173691805939884,-1.2720511373670484,-1.5231070262201472,-0.3930112002106252,-0.393007329620484,-0.0793250857791466,-0.4854031385635789,-1.058882135563823,-0.2171465802395657,-0.0023842173591241,-1.8674808245949592,-0.690703933293802,-0.7461554318367077,-0.4585016804108025
2013-08-28,ALL,47.54,47.98,47.32,47.75,2256759,-0.1241307696284603,-0.1154806005897821,-1.2276136584090078,-1.7323482788994409,-0.4331752536805054,-0.4188181936920771,0.0255626408518986,-0.4912620669853371,-1.0979899929502124,-0.3680709972272725,-0.0029994704903357,-1.611095212262789,-1.2214572357538984,0.3074208257482376,-0.439387415574035
2013-08-29,ALL,47.74,48.22,47.66,48.07,2033882,0.3842305956822345,0.3887748664242992,-0.9533834957536536,-1.688244489175225,-0.4489328746307725,-0.376645147791213,-0.0574401653830146,-0.7386398961639193,-1.334638583207948,-0.4820203583215017,0.0030713881155776,-1.3806730356347745,-0.1246141079231138,0.4959308120057919,-0.6204297617769807
2013-08-30,ALL,48.16,48.33,47.75,47.92,2864196,-0.227269095366794,-0.2182889377769524,-0.9242984108212194,-1.6134947164311313,-0.4636754253651528,-0.3402939378088723,-0.1746750468678429,-0.7414034670341841,-1.3587349451602369,0.1576534139370871,-0.0036210061006906,-1.439061339026659,0.3838798751399797,-0.4028204636144069,-0.5826073222553972
2013-09-03,ALL,48.92,49.08,48.1557,48.46,2883568,0.6685761658221002,0.6690431643278049,-0.5637565729987642,-1.3424303919997267,-0.4506087649119429,-0.2396325389510135,-0.2637161515776244,-0.7216883144246333,-0.977828580379736,0.1746690656090954,0.0154960658709991,-0.9121040761231504,-0.227779339665481,-0.7367380793463449,-0.0017251342556495
2013-09-04,ALL,48.42,48.7,48.105,48.24,2928512,-0.3156367415594831,-0.3065098441615504,-0.6166415400157829,-1.3284228162379996,-0.4454725900570391,-0.1795163532745081,-0.3004116745391594,-0.7521529629273734,-0.880078760661935,0.2554649033863774,-0.0036603981776014,-1.0364831679990272,0.6682996233606154,-0.3071782057262328,-0.563384196587083
2013-09-05,ALL,48.29,48.65,48.23,48.48,2548712,0.2767454370407211,0.2824996561918826,-0.443992805339701,-0.765177897458164,-0.4287110092076307,-0.1014998098303402,-0.3215903542905952,-0.7607485869528792,-0.6622002641636475,0.052219548866238,0.0150874011913011,-0.8160954417597504,-0.3161700385907784,0.2709466336657823,-0.8693115040733086
2013-09-06,ALL,48.64,48.79,47.83,48.4,2940682,-0.1357320785279001,-0.1270362741822762,-0.4342034963359506,-0.8300780376203447,-0.4154825021116345,-0.0481806460957836,-0.3708204464420626,-0.7768304595219687,-0.7474776153508466,0.3997490837252899,-0.0039796662487534,-0.8840483240168616,0.2763666765231101,-0.3991049644753409,0.0617179358866633
2013-09-09,ALL,48.45,49.225,48.45,49.18,2501167,0.9703359662229072,0.9650949206667844,0.02355769503599,-0.0440859363068547,-0.3717126903201211,0.0730874774213132,-0.4811016982239876,-0.6695905131506724,-0.5965352459454782,0.0172364606816441,0.1673168824011855,-0.083925558609189,-0.1362184432907633,1.1120281997572272,-0.278002103953091
2013-09-10,ALL,49.57,49.69,48.95,49.44,3397059,0.2961436427886885,0.3016929931655278,0.1853232237173511,0.04485068119575,-0.3247450164952057,0.1783332180590031,-0.5471726239586918,-0.6715327431630395,-0.4070903720176705,0.7208106017856483,0.0024655988734061,0.1673207203835558,0.9701381447446132,-0.2244551845213575,-0.343908126080454
2013-09-11,ALL,49.39,50.19,49.365,50.11,3160335,0.8107111803311402,0.8086659405054825,0.5553219106935726,0.5033342783212571,-0.2598552147003383,0.3086610594412737,-0.5948182740299176,-0.6063461536534537,-0.2751240044233685,0.455524687322443,0.000234009649264,0.8541245822373549,0.2957699427391274,1.075066022855432,-0.2192183544752496
2013-09-12,ALL,50.6,50.72,50.075,50.12,2606866,-0.0205717689549931,-0.0124244011398569,0.5634503127439525,0.2421904887031105,-0.2073420525530684,0.381066075153264,-0.607082259811472,-0.615271467579507,-0.1967213732858323,-0.0092243256757303,-0.000447653579145,0.8562584808795033,0.8104717170567212,-0.7430133270804061,-0.5188008702301048
2013-09-13,ALL,50.45,50.51,50.01,50.06,1817226,-0.1075268141992341,-0.0989457103079194,0.5119554239203451,0.2909392186978082,-0.1678476277759425,0.4054800818446602,-0.5536692010021828,-0.7314821467676111,0.0408006974272908,-0.6079701702094863,-0.0016735185644951,0.7975964537481698,-0.0210280915028823,-0.6103640476352389,-0.758914197933525
2013-09-16,ALL,50.46,50.78,50.39,50.51,1777063,0.5266547135276098,0.529315324139482,0.7225290976496018,0.8958788993695006,-0.1191605093903024,0.4486731222974095,-0.4566911478977773,-0.705748447820859,0.1655648696947255,-0.5618373260275591,-0.0007440065411186,1.183477302739278,-0.10800582097029,0.0485464942905331,-0.9478288457913714
2013-09-17,ALL,50.78,51.45,50.73,51.19,2518553,0.8051640341415888,0.8032227402308891,1.0242412385234845,2.0029287268077787,-0.0548773364738656,0.5233715305418012,-0.2816201098344799,-0.6977191720312786,0.507732212858973,0.0395814079021944,-0.0006435799664508,1.2336082437824587,0.5263411475916742,0.5836919547734543,-0.4191141190641146
2013-09-18,ALL,51.22,51.9,50.98,51.82,3774278,0.7332193041665989,0.7325827717645974,1.2829782358381938,2.1669780300923804,0.0189470390489638,0.6076891483980372,-0.0584975006966037,-0.6610427237540294,0.6650803027542288,0.9898571323463622,-0.0005042738022754,1.3848144458620142,0.8049231237665242,0.8587102179131133,-0.1117100346250352
2013-09-19,ALL,52.0,52.8,51.97,52.62,4229240,0.9281469519089828,0.9237889696920616,1.6017898991660484,2.217859709224836,0.1060196249958104,0.7092439082516012,0.2191315062585863,-0.6285107842975851,0.9756793012026096,1.2427456633976874,-0.0005891552607075,1.3336903075323665,0.7329596253542823,0.8744931952894649,-0.2767493430072276
2013-09-20,ALL,52.82,52.98,51.95,52.0,5116737,-0.7665571082192894,-0.7586491313707606,1.1996971272248025,1.8012981023703485,0.1472314535129412,0.6724429159856581,0.3631387908840018,-0.57438330733006,0.6054993407260998,1.6693602671772207,-0.0018826977989437,0.867313751010265,0.927938124456128,-1.1992143893927545,0.0594661962103302
2013-09-23,ALL,51.78,52.49,51.6,52.16,4580942,0.1585671492516114,0.1654407648465248,1.204049347418986,1.7371063396832698,0.1823904026805779,0.6274221149252949,0.4952143283504629,-0.5846890091487583,0.6939829266419864,1.1065431401869756,-0.0004980048145251,0.9612835471217116,-0.7672080381975743,0.5281384194230827,-0.1692885331987308
2013-09-24,ALL,52.05,52.235,51.72,51.75,2597273,-0.5223709543710437,-0.513393115918602,0.9049633316478042,1.578853994120024,0.1902293296897563,0.521084207344803,0.5513387019101222,-0.6083606624453906,0.7363107129542344,-0.2655644145077899,-0.0015756080331266,0.7204859445861266,0.1581575592100076,-0.4617735258428933,-0.7619414347524629
2013-09-25,ALL,51.76,52.12,51.59,51.61,3111707,-0.2014235841106602,-0.1925100852746476,0.7281027438175871,1.4148799390375582,0.1870792744239139,0.4077284300756078,0.5160741099218451,-0.7926938806168851,0.99651348680972,0.0645522534436002,-0.0016959059868765,0.6382623729886084,-0.5229581827758025,-0.2452649236148447,-0.7354693085964894
2013-09-26,ALL,51.53,51.92,51.255,51.35,2331760,-0.3466385493417638,-0.337489980807289,0.4949047671809704,1.276760140532174,0.1706866597299536,0.2829576882578416,0.4314774090025156,-0.7715412238489812,0.9397812338688204,-0.4659964386607563,-0.0016485922001639,0.4243795217358844,-0.2019270860133938,-0.2902273082558119,-0.5120313695767698
2013-09-27,ALL,51.23,51.455,50.97,51.07,2622028,-0.3724751180196045,-0.363320336459025,0.268817738501691,0.8365543179697665,0.1433274881706377,0.1549133662172605,0.3404477669495045,-0.7439920793247647,0.7490957266969757,-0.2868386079825131,-0.0017773022857672,0.2288851123238315,-0.3471799339075354,-0.2622776210414986,-0.7998549984490096
2013-09-30,ALL,50.77,50.96,50.45,50.55,3399552,-0.666913793184087,-0.658451888158113,-0.0710813357974741,0.3857914492317717,0.0983503583174736,0.0071295872228038,0.2009336882612688,-0.6903147118792369,0.6385669825332746,0.2142408942721573,-0.0021011954056435,-0.125618555765417,-0.3730232426484524,-0.3537026594877244,-0.7504962387207559
2013-10-01,ALL,50.67,50.85,50.47,50.73,2837708,0.1886942981895303,0.1953035708446359,-0.036677917065707,0.1623113007243083,0.0673175379829301,-0.0752050233177553,0.0983883657097314,-0.720064290377991,0.5204815192642801,-0.1575942262115716,-0.0002051549409084,-0.0094335699907282,-0.6675387289122513,0.0631467826687465,-0.9670477991143256
2013-10-02,ALL,51.13,51.19,50.66,51.19,3011133,0.5315357379328514,0.5341261444652297,0.1247940483426209,0.3690011761996061,0.0584573941724016,-0.0840006240714836,-0.045837859136993,-0.7244641245636165,0.730643304829092,-0.045010476273692,-0.00044134071636,0.2874836158779222,0.1882925675075297,0.0623419101199349,-0.7284472549304359
2013-10-03,ALL,50.84,50.98,50.24,50.89,4243941,-0.3978604941080259,-0.3887101076251039,-0.0928730057415693,0.226207236680399,0.0375005544631986,-0.1221737916776889,-0.1972267316670226,-0.6971613417794316,0.5626093609142027,0.6971671409437393,-0.0021191085264531,0.093841972920109,0.5312234453243756,0.0479869357312265,-0.3794505286733979
2013-10-04,ALL,50.92,52.37,50.75,52.35,5002750,1.7531453353708637,1.7265620005744904,0.556276682709529,0.5967177266989947,0.0757816254539069,-0.0002349633789221,-0.340951497177741,-0.4736349965516355,1.0311154180029312,1.0842302499902103,0.0002671993070332,0.980575359568436,-0.3984152410959874,2.095424469952004,0.9877055529231412
2013-10-07,ALL,51.86,51.91,51.49,51.5,3100757,-1.0438715325224124,-1.038361790731204,0.0590934904207278,-0.0597993878458103,0.0701624354916094,-0.0156824167068442,-0.4657318077944232,-0.4062922105462391,0.5253411650197403,-0.1229983938163718,-0.0018488121327161,0.222087517598621,1.7531517277179645,-0.5507793865231122,-0.9116508715857822
2013-10-08,ALL,51.45,51.69,50.47,50.49,3525272,-1.2539789143830435,-1.2511307691803255,-0.485694384340248,-0.7149944693868056,0.0239873492087947,-0.1324305583440414,-0.5658181804061772,-0.2729128917177927,0.1444339927276138,0.1357467524341371,-0.0021243324049602,-0.8468064561699921,-1.0445948063453878,-1.4360291602627864,0.4224580018326551
2013-10-09,ALL,50.61,51.14,50.205,50.94,3532518,0.5218884266325919,0.5246172303032399,-0.2761834557724095,-0.8861697080550064,0.003368326712889,-0.160048203404101,-0.615400061221191,-0.3005055985046039,0.0757845968890572,0.1278599004594811,5.202409601399096e-05,-0.8403974553433724,-1.2547569995481982,0.4663151247619801,-0.0616084821093748
2013-10-10,ALL,51.55,52.015,51.55,51.98,2275143,1.2380750012852009,1.2265894911319428,0.2082303972037981,-0.1968274808608683,0.0259620445788092,-0.0709134696515083,-0.6566677093925832,-0.1981096165239885,0.377554616610217,-0.6381843215341116,-0.0006740971022694,0.323625709282955,0.5215736173011143,0.6038923263326403,-0.8457775432611672
2013-10-11,ALL,51.93,52.52,51.8,52.52,1855503,0.6137784904079572,0.6151298347373911,0.4201175728118647,-0.0547245570081148,0.0627008531383079,0.0368035372935429,-0.6833311510446397,-0.182818866117173,0.5542352319714601,-0.8981934751192078,-0.0008578304347113,0.8918432540943176,1.2379470256911187,0.8320611353514029,-0.4487987916605777
2013-10-14,ALL,52.3,52.915,52.23,52.82,2162325,0.3226286951351507,0.3278887274923494,0.5127930998467682,0.2157144147418248,0.1007656098376694,0.1263901105359038,-0.6543738694486366,-0.1917052287687428,0.5041906287342978,-0.7165038807988422,-0.000848813434219,1.2512142311151246,0.6134876527127155,0.7248675463431974,-0.5105119230386507
2013-10-15,ALL,52.53,52.9,52.28,52.41,1852850,-0.5162560842182545,-0.5072639055798728,0.2726548041696817,0.1034562365599955,0.1118113637488347,0.128512921074713,-0.6345988927160632,-0.2041664036850888,0.1825443515642393,-0.8949069893129026,-0.0015382791165312,0.7600738958533461,0.3222619043205433,-0.198907721980749,-0.605417912940812
2013-10-16,ALL,52.76,53.9,52.73,53.64,3512418,1.4281256154724742,1.4115396451804885,0.8498546404510163,0.5582153746871372,0.1653702043604704,0.2396391228263405,-0.4839894818528297,-0.1060977446434107,0.3483377960103938,0.1433118839785871,-0.0006156148610178,1.2089715262835377,-0.5168417174185166,1.2338345283950962,0.2265136331612682
2013-10-17,ALL,53.39,54.0,53.38,53.95,1753984,0.3268099156462693,0.3320232603326349,0.9719946128430912,0.7476154843424878,0.2158320990864449,0.3205685988306824,-0.3456977532686252,-0.1523010925584729,0.2037338229855876,-0.908529741359898,-0.0009872758301782,1.3990818939920653,1.4280472189514992,0.7661352133308943,-0.6335605490034677
2013-10-18,ALL,54.1,54.14,53.66,53.87,2011090,-0.1253156538002956,-0.116660724979608,0.8822702796031116,0.9458204556291556,0.2481187653929173,0.3385294545619217,-0.2226054789507968,-0.1983174733996205,0.3606739656582173,-0.6738811717300429,-0.001510900243549,1.2147900571205903,0.3264442155991834,-0.3475163768602982,-0.8487285312422487
2013-10-21,ALL,53.97,54.18,53.47,53.82,2034775,-0.0907814871751214,-0.0822745074889965,0.8135054165001449,0.883376580723645,0.266964855155487,0.3183023264972617,-0.1262256668940139,-0.1968406969426391,0.2999247412465863,-0.595562578051877,-0.0015430859151986,1.141820801632057,-0.1257993011992329,-0.2362992778153237,-0.4918811258827991
2013-10-22,ALL,54.1,54.57,53.645,53.77,2902870,-0.0908351711626048,-0.0823279466694765,0.7355885908365629,0.7518174639798391,0.2750658084262379,0.2744628276889827,-0.0509019585026811,-0.2207132173809728,0.4057951281044788,0.0114159171755461,-0.0017232455117118,0.8336358587326378,-0.0912561255425482,-0.487168475123636,-0.1576193285882192
2013-10-23,ALL,53.62,53.69,52.77,53.08,3200176,-0.8319182278019241,-0.8244617735634239,0.3501097371637611,0.5728310595102382,0.2497553235961107,0.1533907621357513,-0.0354269390520107,-0.1677967092791604,0.2508378689649151,0.2184438009662131,-0.0018833949919159,0.3081638631231677,-0.0913098235347343,-0.7871886878679089,-0.1468327449999163
2013-10-24,ALL,53.16,53.56,53.14,53.55,2721455,0.5182714329153667,0.5210517483526848,0.5299283815767686,0.2836946168685454,0.2436884993273275,0.1060659607058528,-0.0113003440710319,-0.1672169289083786,0.4617423091059986,-0.1330616147001107,-0.0005343326139213,0.6660940630310642,-0.8325862087312939,0.5279572680427571,-0.9376701003863502
2013-10-25,ALL,53.54,53.72,53.2,53.35,1740866,-0.2655190589193991,-0.2564599568108976,0.3711520332467615,0.6090843034190814,0.2266999753796099,0.0400938526012149,-0.0260842002011812,-0.1735629397462799,0.4881982588599962,-0.8026821608081336,-0.0016037026817002,0.513783339666005,0.5179556800079017,-0.2944308426082234,-0.7790043709162104
2013-10-28,ALL,53.26,53.43,53.05,53.16,2127095,-0.2547210125874083,-0.2456818125809558,0.2097113800444415,1.1199790126028346,0.2017372369645821,-0.0332093246483178,-0.1064438601779659,-0.2073380874644898,0.590819672302333,-0.4923922527886704,-0.0017497454144841,0.3690881524691914,-0.2660392816006734,-0.1681711981705402,-0.9955841218770404
2013-10-29,ALL,53.52,53.58,53.18,53.36,2098852,0.2012328414425714,0.2077278545429499,0.2430456624606199,1.0489096331574193,0.1859851522616054,-0.0681438023509847,-0.1830369600599395,-0.2072197183788606,0.5939191715809479,-0.4923011817676283,-0.0006305681747522,0.5213988758342566,-0.2552384183499856,-0.2521813794359779,-0.9665798260273984
2013-10-30,ALL,53.28,53.56,52.52,52.96,3133142,-0.4996979733258962,-0.4906700089743352,-0.000748738847088,0.3749697725703396,0.1542846226472813,-0.137142407168583,-0.2448626758959477,-0.1943704610297174,0.3403408398449063,0.2673111800795043,-0.0019913734119521,0.2167774291041322,0.2008343817279141,-0.4800810262928563,0.0452790757652266
2013-10-31,ALL,52.43,53.56,52.29,53.06,4230470,0.0845606742794554,0.092022436398932,-0.0052163869370042,0.1509789591771409,0.1299036989088222,-0.1735007515023842,-0.3511230466572399,-0.2113118135827195,0.4587720668876175,1.077654744376505,0.000141593667505,0.2929327907866644,-0.5002792869621624,0.881515313556929,0.4034535441193387
2013-11-01,ALL,53.31,53.41,52.76,53.28,3130764,0.225141315592994,0.2314115518186348,0.0808012470743327,0.1056495929884796,0.1162042103997615,-0.1750935965657516,-0.3542881973739652,-0.4279826173648218,0.0934302337075045,0.347878276816225,-0.0005591906417844,0.4604745864882328,0.0841317779470052,-0.0688330309674127,-0.5745904436059108
2013-11-04,ALL,53.5,53.67,53.105,53.18,1791015,-0.1498467140325156,-0.1410982966093818,-0.0107026923445189,0.3398513182965712,0.0985792045960626,-0.186472086556574,-0.4183853328028891,-0.5261732297911107,0.3116182578757098,-0.6410367330054552,-0.0015564566181602,0.3843192248057002,0.2247490929536172,-0.4782150789172224,-0.7058860373697446
2013-11-05,ALL,53.06,53.3,52.78,52.99,1593232,-0.255429798687837,-0.2463892347705931,-0.1666979969119342,-0.7782730476904397,0.0745778638241654,-0.2119874549912216,-0.6586582473297538,-0.6853411010175013,0.559723957315275,-0.7474295500208283,-0.0015573834001561,0.2396240376088922,-0.1503367609226298,-0.1259890906441361,-0.7734856875906709
2013-11-06,ALL,53.22,53.65,53.09,53.62,1715860,0.7071919853329744,0.707007609495832,0.0780277239698656,-0.4613484034134101,0.0777581878783812,-0.1624346123984266,-0.890075654599944,-0.6673145179674543,0.6051958557278915,-0.5945874392063415,-0.0008604748760019,0.3971925069709075,-0.2559473893535678,0.5415285086002676,-0.7209232800715285
2013-11-07,ALL,53.68,53.85,52.93,52.94,2233478,-0.8225422105084916,-0.8150166868343869,-0.2808487155951991,-0.8461040416993767,0.0512301004429412,-0.1992612780796911,-0.9860284260018954,-0.7213182350675096,0.1037636724034608,-0.155634372706042,-0.001680020103494,-0.51322807308916,0.7069255166960169,-1.067827747180007,-0.1430127835096945
2013-11-08,ALL,52.98,54.16,52.9552,54.12,2362633,1.3546972748236716,1.3401474044287427,0.2605685050657695,-0.0222134305059569,0.0740957743692411,-0.1015839191741818,-0.9837920040897566,-0.5856678282973066,0.2799426852708443,-0.0673950243593727,-0.0006935812497891,0.8036130719154801,-0.8232077454881399,1.5993730505598214,0.2639803715468715
2013-11-11,ALL,54.07,54.26,53.85,54.16,1476125,0.0130187666294362,0.0209662365306261,0.2468244147997755,0.0282297775792952,0.0910455547317309,-0.0386694402431901,-0.9644982422274164,-0.5921032965546084,0.2051087442397266,-0.7913466467344361,-0.0009562957596673,0.8477196123014298,1.3545997228314832,0.099440073233474,-0.9604200525055376
2013-11-12,ALL,53.93,54.03,53.235,53.38,2005139,-0.9296221370120143,-0.922971259416606,-0.160231651905157,-0.0246933986357946,0.0712633665511146,-0.0828853118016459,-1.0401222839357078,-0.5350289449386777,0.1043405094130666,-0.3477637596646965,-0.0015953713859726,-0.2921107344547272,0.0125712069452007,-0.7968242801009967,-0.3501102783549324
2013-11-13,ALL,53.18,53.95,53.13,53.95,2094175,0.6318050317738847,0.632870638845492,0.1119136401689324,0.0260750486937867,0.0754526385379341,-0.0565558832368945,-1.0249214235987243,-0.6885260465330293,-0.0825994263965868,-0.2182282220319333,-0.0008207697616129,0.5389346499058963,-0.9303156062528968,1.0676073786971547,-0.3246046302678584
2013-11-14,ALL,54.0,54.5,53.81,54.47,1713584,0.5670814268141062,0.5691493091455121,0.3541249971410662,0.3799704125095245,0.0964298714040632,0.007719581919962,-0.9722437867113608,-0.6668587415608662,-0.0259198459216399,-0.5487783088022283,-0.0009430157558296,1.2970813163401431,0.631518896716496,0.6312638014680108,-0.5356016139103285
2013-11-15,ALL,54.34,54.71,54.21,54.7,1777112,0.2298890060519097,0.2361135286893441,0.4461516332713551,0.5879726777425082,0.1190379396305393,0.0633376961887774,-0.8939914561436787,-0.6637785753179212,0.0588055099162846,-0.4854628527200787,-0.0009621966738212,1.429142464848085,0.5667784071159823,0.4742105499508714,-0.8295244539492005
2013-11-18,ALL,54.7,54.71,54.14,54.24,2047178,-0.556555407756386,-0.5476689178677083,0.2102578926246246,0.2360644088263561,0.1158201640867849,0.0413569103212201,-0.8714853838100961,-0.6340155554000664,-0.052866195389143,-0.2490620024642994,-0.001536186790937,0.7972732469871147,0.2294980219567668,-0.6616697715825002,-0.7155073470287173
2013-11-19,ALL,54.21,54.37,53.87,54.03,1295423,-0.2740393298271693,-0.2649658483203552,0.100942717181205,0.3444532844070956,0.1021319184936268,-0.0031785280348772,-0.8621732173089308,-0.6279968329940808,-0.0964614601319073,-0.8672296339681465,-0.0014503775312109,0.5088112127462359,-0.5571515539619145,-0.2771802536563791,-0.8200777460665388
2013-11-20,ALL,54.07,54.15,53.58,53.67,1418835,-0.4478191690833161,-0.4387078596670304,-0.0898678151876763,0.1023068277346976,0.0745602345825518,-0.0745426099520243,-0.8769088254863333,-0.67539338485784,-0.0042315801608582,-0.7013284815240614,-0.0014885580342616,0.014304868333304,-0.2745617752170418,-0.5852348801349361,-0.706205773830815
2013-11-21,ALL,53.88,54.48,53.805,54.32,2191806,0.7210140999346226,0.7205909164183097,0.2092700590731609,0.2752913119066573,0.0757216248176071,-0.0576754372624188,-0.8512349923496305,-0.6510705563996448,0.043702193688102,0.0563245605327614,-0.0008260092899421,0.9071635457455416,-0.4483869489404927,0.590661650158889,-0.555700187984481
2013-11-22,ALL,54.34,54.75,54.18,54.71,1689090,0.4139964942171781,0.4181734696225259,0.3661834337969666,0.4652910737872114,0.0892655929559656,-0.0123091567489464,-0.80270267238387,-0.6453665640147074,0.2069130661248612,-0.4234717371931166,-0.0009635055369023,1.3888270198767492,0.7207512371141117,0.4881140805287983,-0.7230312691366665
2013-11-25,ALL,54.75,54.8,54.495,54.55,1560662,-0.2150703621848152,-0.2061203292078176,0.2535657206705038,0.4810375366004211,0.0909577404869213,-0.0065225145570917,-0.7891003789343057,-0.6475474388483653,0.2165392999201862,-0.5262931719681927,-0.0014771023761903,1.1117849735631553,0.4136535387940515,-0.3023048071485558,-1.1253484246901917
2013-11-26,ALL,54.43,54.79,54.3101,54.49,1778012,-0.1014741777889039,-0.0929193482330316,0.1963846862728215,0.2185406138701044,0.0872357031795864,-0.015829219374259,-0.7775240486936211,-0.6479876279347001,0.1435388103269485,-0.3014390608249416,-0.0015343796371195,1.0323224666920263,-0.2155774241634302,0.0569666956937835,-0.8573309025531307
2013-11-27,ALL,54.55,54.84,54.26,54.38,1769004,-0.1586775281837139,-0.1498978178078995,0.107854057587624,0.5527619776675657,0.0773688428786325,-0.0390912518328043,-0.8072186874888738,-0.6728859969428966,0.2263089323876487,-0.2509471566375654,-0.0015669816474005,0.8432224748503185,-0.101951605590566,-0.2617666604289237,-0.7024364703501221
2013-11-29,ALL,54.61,54.71,54.19,54.27,1163302,-0.1589317570061625,-0.1501511642633185,0.0246893056569152,-0.0939458420035314,0.0628001054208666,-0.0698034286602686,-0.8424103180195601,-0.6688925910672571,0.1674405949006217,-0.76669032069046,-0.00148416388697,0.5319251577975891,-0.1591698787947724,-0.496699391992842,-0.792775035446773
2013-12-02,ALL,54.28,54.35,53.815,53.91,1793295,-0.4459846831749451,-0.4368712246322704,-0.1656595001002032,-0.3372009855407986,0.034986803246318,-0.1284644517031529,-0.8694231918003131,-0.651359096286996,0.0061815749972358,-0.0005701529332814,-0.0016503947456599,-0.0578439807301908,-0.1594241739386555,-0.5413158233191196,-0.7642536020137674
2013-12-03,ALL,53.66,53.91,53.25,53.51,2549164,-0.494936592104401,-0.4858991605276306,-0.3679978527674104,-0.1055418004634952,-0.0044426192700592,-0.2052929639302849,-0.8942786414970293,-0.6300672320895472,-0.0763419113327981,0.8000300255862862,-0.0019220237824094,-0.7033161239229053,-0.4465519844642868,-0.2375123722125996,-0.563385810892601
2013-12-04,ALL,53.29,53.815,53.029,53.57,2502108,0.0368130066570419,0.0446079858171643,-0.3528118230964531,-0.4634117148995854,-0.0346263713047117,-0.2429575770526911,-0.9469485821716848,-0.6359768361752262,-0.0067258887459435,0.6792006281868025,-0.0003598282313564,-0.7674409088290876,-0.495516663624883,0.370652858883284,-0.3685142044193243
2013-12-05,ALL,53.46,53.71,53.17,53.4,2607890,-0.2305668172678363,-0.221578926678637,-0.4300820269333628,-1.034207753302567,-0.0661710306923515,-0.2765922196497088,-0.9323069093820314,-0.6834144048572613,-0.2277350790309413,0.7277546430352505,-0.0019408277559507,-1.063310469753291,0.036371654247489,-0.1111109225274065,-0.7485511648250033
2013-12-06,ALL,53.98,54.46,53.95,54.32,2106074,1.0396143408189469,1.032863501024203,-0.0169016286565788,-0.4423024512332964,-0.0560136694369897,-0.1961596504764777,-1.013359092236334,-0.6448390254033272,0.2153609485740556,0.201888695660341,-0.000489439741088,0.5257658492482223,-0.2310779218531155,0.4495561233684496,-0.8088526502087681
2013-12-09,ALL,54.05,54.45,54.05,54.11,1586596,-0.2736843323503273,-0.2646114266320491,-0.1185214094147004,-0.2808457582915936,-0.0572645989223056,-0.1611783391150612,-1.0133657444080524,-0.825533970311718,-0.1701906506586095,-0.3167608906313355,-0.0016890363488567,0.1029270557086046,1.0394345921977886,0.0575522208314039,-0.9752391875740948
2013-12-10,ALL,53.91,54.21,53.78,53.78,1371668,-0.4126883804113533,-0.4035453794081682,-0.2694285349786916,-0.3606934318918523,-0.0721082483234317,-0.1681807170957798,-1.006340240834905,-0.8104463766812295,-0.2705214256539584,-0.5465579740475486,-0.0017025229837066,-0.5028045331130506,-0.2742066851309445,-0.2085041240480821,-0.9249689434962666
2013-12-11,ALL,53.78,53.98,52.97,53.07,2740749,-0.8549225328990555,-0.8476416483672032,-0.6065626824559367,-0.5699924254615011,-0.1122170168673854,-0.2388146012246877,-0.9702650621046536,-0.8245803418177974,-0.2527678892161605,0.8899828567635485,-0.0023439206561248,-1.7035390666697932,-0.4132469955944386,-1.0237462173464864,-0.0052250150465573
2013-12-12,ALL,52.96,53.19,52.76,52.79,2065644,-0.3614725928840373,-0.3523191397540748,-0.7149536037237046,-1.2447302725920424,-0.154933247122879,-0.3020332700868675,-0.8758556355121005,-0.8727455741904946,-0.4832581812471613,0.1688965140376739,-0.0026186193331869,-1.833357859228801,-0.8555965150304158,-0.268835498688435,-0.9124724213509416
2013-12-13,ALL,52.91,53.28,52.73,52.81,1535500,-0.0094089858444268,-0.0013260501125505,-0.6657451797261883,-1.6244212165454734,-0.1875334258481623,-0.326569662681785,-0.8162948457057532,-0.9278965449100564,-0.6150567587902558,-0.3912957123363008,0.0007857122148991,-1.7552674662944343,-0.3620178472511899,-0.1691095676008944,-0.7233543365193332
2013-12-16,ALL,53.19,53.22,52.67,52.83,1895882,-0.0094179186439936,-0.0013349305563162,-0.611363263022716,-1.5368165904007205,-0.2118364111668708,-0.3248419437621877,-0.792747933818373,-0.9426650519272172,-0.6695582586579677,-0.0097874369395254,0.0002042320705367,-1.6362018423967106,-0.0098623963236428,-0.5376653505870505,-0.7236829261693783
2013-12-17,ALL,52.7,52.75,52.0,52.18,2275764,-0.7989949901286617,-0.7913023544099401,-0.879471551560343,-1.753635961543044,-0.2554295685957529,-0.3731123395652058,-0.6828625917948177,-0.9103384163979495,-0.7252625693253602,0.3831275013684946,-0.0023843584809351,-1.670615223017338,-0.0098713314535358,-0.7717990609768869,-0.3934388010854283
2013-12-18,ALL,52.5,52.75,51.75,52.74,3144855,0.6351622742960207,0.6361741045569366,-0.5749986964617899,-1.1956809613443755,-0.266561689317135,-0.3281745065267726,-0.6476358705117592,-0.8432660852448924,-0.5181274934600336,1.154027688588179,0.0014374385880407,-0.8162737489816234,-0.7996543822743829,0.3190630384504114,-0.0111028299824089
2013-12-19,ALL,52.45,53.33,52.33,53.25,3017260,0.5690441375375078,0.5710825908551886,-0.3154118300308311,-0.7669407061432773,-0.2540798687621879,-0.2314423617556684,-0.6404542771959202,-0.8105959496027662,-0.2824080247585775,0.9056341526364972,6.541616852526503e-05,-0.2676224272678165,0.6348770150525469,1.126046235196419,-0.026237341610986
2013-12-20,ALL,53.08,54.05,53.08,53.77,5598011,0.5749697691409882,0.5769190069392799,-0.0475379304062153,-0.2659497261029038,-0.2228502687010924,-0.1058001842257701,-0.6585175889555106,-0.8339320436064751,-0.3161809672954785,3.0121606253439706,0.0004068009098878,0.291786763499208,0.5687416298576105,0.9557997219548356,-0.0878715387695106
2013-12-23,ALL,54.0,54.07,53.605,53.7,1823340,-0.1140461197654884,-0.1054373719344888,-0.0570229260716758,-0.0776955273113861,-0.2002433389296559,-0.0274810470914824,-0.7105087736263497,-0.8615629083940444,-0.4386049887098334,-0.402226792737949,-0.0015796881489838,0.2164816801267242,0.5746688072983602,-0.4460486906349826,-0.8696572402551149
2013-12-24,ALL,53.69,53.97,53.64,53.97,692639,0.2800331957679619,0.2857531109388583,0.0895741540043498,0.0359254152250022,-0.1714212660255104,0.0511719340482431,-0.7472056479555697,-0.8489378535482186,-0.3236309134275812,-1.408174146960108,-0.0010970079852823,0.5069441445634421,-0.114526827247319,0.3676953665402936,-1.0817355425156236
2013-12-26,ALL,54.03,54.07,53.655,53.77,1297117,-0.2637095412861873,-0.2546536434703823,0.0092719952185479,0.0178723288603419,-0.1563445883095149,0.078713908367415,-0.7885969765309118,-0.844657574894769,-0.3615366974318121,-0.8399217670199169,-0.0015019549739309,0.291786763499208,0.2796552929378202,-0.3898824242901343,-0.9480942798668842
2013-12-27,ALL,53.79,53.95,53.46,53.65,1886342,-0.1719390317039153,-0.1631146773559949,-0.0316250692752644,-0.6306230316486244,-0.149096338184597,0.0805972499666878,-0.8272935347248535,-0.8443747962450081,-0.3646299682562444,-0.2975644394536556,-0.0016585656664466,0.2524623908114502,-0.2642292919131755,-0.2229562593964425,-0.8301492288885809
2013-12-30,ALL,53.68,54.33,53.64,54.23,2375684,0.6400638217977888,0.6409968218533639,0.2540588670314276,-0.1159398293304799,-0.1208290793292436,0.1362064898840985,-0.8305539461254752,-0.7915403954614478,-0.1783017512742072,0.0960996861061612,-0.0006266631054417,1.1607526438490536,-0.1724348418831281,0.7477796085764443,-0.5309294149805543
2013-12-31,ALL,54.32,54.6,54.2,54.54,1562165,0.322895375435478,0.3281524382731594,0.3904627114693944,0.2755876940318682,-0.0869209961366571,0.1952132665574447,-0.7834540953793886,-0.7995832906936784,0.004152176544863,-0.6295369132916497,-0.0009112049199363,1.3728959829835676,0.6397798412356965,0.279673742505184,-0.9800964744294262
2014-01-02,ALL,54.09,54.45,53.5,53.55,1909106,-1.1630924332899253,-1.159003210958612,-0.0961847862166971,0.0883177765045774,-0.0995591538727696,0.1226094650212794,-0.7833645234691554,-0.6848481802032745,-0.156498404006767,-0.2901955927902334,-0.0016046079983814,0.2181802910298574,0.3225286541905595,-0.7805773012087164,-0.1128212616966645
2014-01-03,ALL,53.65,53.8,53.11,53.33,1570245,-0.2887713605061765,-0.2796757736905549,-0.1982373300642138,0.1266953701475014,-0.1185626469558198,0.0481421601861284,-0.7821339879411761,-0.6790299794203795,-0.2332744461549427,-0.5703118208173736,-0.0015850079497378,-0.0384231960709648,-1.163846808626465,-0.4769516161174201,-0.5130341396403527
2014-01-06,ALL,53.54,53.68,52.83,53.12,2695962,-0.2781523879739148,-0.2690723832181468,-0.2944529230642417,-0.0143475532604771,-0.1419475907801326,-0.0227094624650135,-0.775860784759321,-0.6770558254078399,-0.2444850745281401,0.4811814091769878,-0.001913087424312,-0.2833628883035706,-0.2892976490850288,-0.6189902484152539,-0.2577446384789794
2014-01-07,ALL,53.35,53.48,53.14,53.35,1882573,0.2365700078645821,0.2427295971204465,-0.1578018385757857,0.0926507306255565,-0.1513796614172845,-0.0434763051955185,-0.8124385206058348,-0.7953765803682956,-0.4297367625403786,-0.2715691415146141,-0.0006254987494683,-0.0150956063345229,-0.2786759063495885,-0.0263165508545973,-1.0601918992050063
2014-01-08,ALL,53.24,53.71,53.05,53.52,3075402,0.1653894560065693,0.1722044726271152,-0.0597668361283135,0.607014316599375,-0.1521069338160754,-0.0376837785641336,-0.8369528965320565,-0.7932545714179886,-0.3276148949322547,0.7545486463909687,-0.0004178655277148,0.1831889064252069,0.2361807666623981,0.3710256701245855,-0.5635778770521923
2014-01-09,ALL,53.62,54.0,53.55,53.83,1991611,0.3276166554639797,0.3328209602895595,0.0913620615716192,0.4928740194430093,-0.1405589209281724,-0.0014533842453892,-0.8348190101426388,-0.7925903509522557,-0.1538226641807597,-0.2567074132378482,-0.0008309302794635,0.5447665473399986,0.164981645720568,0.2695781690950254,-0.8946234217816191
2014-01-10,ALL,53.75,54.34,53.52,54.09,2421917,0.2677115502908792,0.2735591473283027,0.193782822397798,0.3659377248475955,-0.1214704772344778,0.0469398702980988,-0.8189040784880063,-0.8676115447128668,0.1147970376379347,0.1450016076560805,-0.0008066597876477,0.8480252139137056,0.327251165873527,0.4515924157418691,-0.3278832528848715
2014-01-13,ALL,53.94,54.175,53.44,53.46,2964283,-0.7581312551815714,-0.750170159458741,-0.1319989635538287,-0.3888570922053455,-0.1313191693685911,0.0111707844537716,-0.8435503969544973,-0.8148702581954813,0.0189217655227435,0.5824728530116134,-0.0017039391142075,0.1132061372158884,0.2673304330761668,-0.698634994996707,-0.4455040051456967
2014-01-14,ALL,53.59,54.04,53.46,53.99,2132794,0.5842272991526875,0.5860360558134685,0.098883433206095,-0.019118811560633,-0.1185948962282119,0.0406579398099411,-0.8588689563819292,-0.7802174174545103,0.1606830281633206,-0.1787501072805792,-0.000844710667267,0.7313872652315113,-0.758779987082331,0.5376079511828706,-0.6960155387623177
2014-01-15,ALL,54.01,54.08,53.525,53.89,2235657,-0.1483100595336056,-0.1395672151455487,0.0237454591228291,-0.2374918436536791,-0.1128417513763373,0.0463040998855571,-0.8844135790756102,-0.7768039690277888,0.127199228395038,-0.1030518202726514,-0.0016075770579231,0.6147493165493167,0.5839287523496489,-0.1941783212537126,-0.7330166640386391
2014-01-16,ALL,53.82,53.89,53.08,53.18,3703775,-0.8532448206354982,-0.845950838346988,-0.3482009636737195,-0.5127121798514619,-0.1363492309408388,-0.0244953155913105,-1.004234126722826,-0.7667923238906009,0.1139824124630668,1.0759729391911272,-0.0019386794784387,-0.2133801190942523,-0.1487997055520568,-0.9247398600835248,-0.3219351070512511
2014-01-17,ALL,53.24,53.29,52.845,52.9,1847913,-0.36079315662075,-0.3516398496007967,-0.4890432838633339,-0.588594651016724,-0.1657837423198588,-0.0963909258318031,-1.0235900053595095,-0.7957954967511617,-0.1229216231498372,-0.444226931103573,-0.0017061720313083,-1.0465964080063392,-0.853918365097034,-0.5088035334721797,-0.8902523982157173
2014-01-21,ALL,53.28,53.42,52.33,52.68,2973862,-0.2919141574125176,-0.2828143071931882,-0.58296219980924,-1.0723440229259784,-0.1971920755681779,-0.1589879975371889,-0.9694221089995868,-0.8308411531138571,-0.3246850854021496,0.5330630165075009,-0.0021380896397575,-1.368763781679178,-0.3613382337413291,-0.8771249423013342,0.1330788439190719
2014-01-22,ALL,52.75,52.92,51.99,52.41,3169804,-0.3520862124635535,-0.3429354374626892,-0.6825371688226802,-1.4123540063061193,-0.2317342773934947,-0.217132178670348,-0.8847534496646798,-0.8737979381768047,-0.5389425875210014,0.8537512026893356,-0.002651644696106,-1.346377020603696,-0.2924412658622146,-0.5132854030737458,-0.1124649208692933
2014-01-23,ALL,52.01,52.18,51.3301,51.64,2879565,-0.9476819593635724,-0.9411971614681848,-1.011104511883912,-1.3351503121507495,-0.287791712683099,-0.3190273641374849,-0.7106284525556221,-0.797665260528573,-0.7308715867292841,0.5269756994639947,-0.0038424585149048,-1.5662583317637444,-0.3526290181775247,-0.5637931997562265,-0.2196857070919343
2014-01-24,ALL,51.22,51.65,50.62,50.62,3365446,-1.2627249014666948,-1.2600034193846763,-1.433781368927897,-1.587374449082471,-0.36979376452204,-0.4673245088825955,-0.4337421417379005,-0.699842978727375,-1.0790934197228872,0.7932886011160467,-0.0492811881882821,-1.881302785249608,-0.948380139924418,-0.911343319622308,0.1044699561618623
2014-01-27,ALL,50.615,51.11,50.35,50.7,4154210,0.0653967463573549,0.0729966096989664,-1.3222405196023788,-1.4668244953877552,-0.4283904521889151,-0.5257172202141255,-0.2476005288698228,-0.6917112628780814,-1.0060059997650428,1.2613242096418873,-0.0048784883686757,-1.6075466586366955,-1.263505268223703,0.100560891378733,-0.342032912863204
2014-01-28,ALL,50.86,51.89,50.8,51.77,3156028,1.2809309810800271,1.268343598504429,-0.7483994336629098,-0.9141199332776462,-0.4294637733336328,-0.4243672340939388,-0.2058336739050055,-0.4943188162059218,-0.6821221145680444,0.4058213516371481,0.0076658968991577,-0.7706350715629381,0.0649628506736133,1.325475122287912,0.1633899602859377
2014-01-29,ALL,51.27,52.14,51.27,51.74,3602032,-0.0690737159309275,-0.0606695060831797,-0.7030073763418972,-1.024119896796468,-0.4282545448770145,-0.3374120018171638,-0.2038100390866116,-0.5497321557827886,-0.841817873568074,0.6877128461897851,-0.0036578171560013,-0.7940998824154741,1.280814185453789,0.6662783199357447,-0.1899603988490423
2014-01-30,ALL,52.05,52.365,51.84,52.3,1801689,0.6408443318845888,0.6417647445470318,-0.3702349142670645,-0.879344345042191,-0.4023155658159539,-0.2041938636530514,-0.2724334699481277,-0.5130961254046951,-0.7706649020612885,-0.6838610324202774,0.008065377119721,-0.300289615002572,-0.0695426913270342,0.3365642616356526,-0.7547282753546259
2014-01-31,ALL,51.56,51.845,51.16,51.2,3876979,-1.3424385143411073,-1.3409301370409537,-0.8602213451982402,-1.344367330459033,-0.4218828682080845,-0.2147517382091487,-0.219802365213082,-0.4793880158491033,-0.8119847250275299,0.7792973340450257,-0.005843087118259,-1.1731438111077224,0.6405605549365013,-0.5538309546127272,-0.4763143566723771
2014-02-03,ALL,51.2,51.2,49.87,49.96,3147416,-1.5408078887204,-1.542778677908922,-1.3980722295676071,-1.4812758496339116,-0.4823272495761315,-0.328414935454848,-0.0450079629251065,-0.334277058070195,-1.0955413014249902,0.1846347044630146,0.0044363577904137,-1.8143729556366692,-1.3432396762271244,-1.8560863477097345,0.6273178678276212
2014-02-04,ALL,50.19,50.38,49.68,49.9,3540425,-0.1077655036184532,-0.0991833756045963,-1.3513730959692078,-1.7936267068458136,-0.5281985902651601,-0.3818347374129026,0.1016166694748901,-0.3333651907136376,-1.0577384227749256,0.426394501522968,0.000854325565427,-1.7243671761858002,-1.541660799819418,-0.4628580470995915,-0.4222136494836218
2014-02-05,ALL,49.78,50.0,49.179,49.55,3799499,-0.46967566478522,-0.4605941528445287,-1.436355131753402,-1.8368539421117636,-0.5734126248270616,-0.4228786843233932,0.2425250336421211,-0.3470066079848511,-1.2135666998477137,0.5222492443722258,3.917411013861629e-05,-1.6423430196245066,-0.108244572657133,-0.3753906887997242,-0.2104390271786746
2014-02-06,ALL,50.87,52.39,50.24,52.36,6487386,3.4976817646376093,3.390581530596223,0.0066955591658447,-0.4340273133895235,-0.4946498750669185,-0.1365997332194853,0.2047571267239072,0.4753465690228425,-0.4857952875543316,2.101476698373633,-0.0027398970029059,0.1675678736545894,-0.4702491464119115,2.186621524417676,1.8308083989378967
2014-02-07,ALL,52.63,52.82,51.91,52.76,4169877,0.442619216677691,0.4464298441175445,0.235473318828661,-0.2303236752455262,-0.4134180895301869,0.0987786832490792,0.1494761913108064,0.4808764705231284,-0.4594072485169643,0.5317818747331693,-0.0033323592692839,0.4252064349754558,3.4981432594295727,0.1603019570469941,-0.1538678363972188
2014-02-10,ALL,52.62,52.62,51.5,52.09,4023481,-0.8236117580639699,-0.8160940405254319,-0.0517807136795834,-0.3556625425911546,-0.3728082252413601,0.1825212904225686,0.0524088208116675,0.4989772498161184,-0.7105181594869693,0.3819568781361271,0.0069187354712764,0.0555852162506149,0.4422837281499251,-0.787290441676503,0.2006085691937714
2014-02-11,ALL,51.77,53.015,51.68,52.81,3150465,0.8275489175736801,0.8251852315447097,0.3286288233904516,-0.080667434213448,-0.3104065277142404,0.3056071797787011,0.0158138957366515,0.5205362685362132,-0.3460451724386719,-0.1497392865909542,-0.0028643691979995,0.5814809655060963,-0.8242775720596932,1.491432272148856,0.5154749453772637
2014-02-12,ALL,52.61,52.75,52.28,52.53,3991580,-0.3630897847597472,-0.3539360138396517,0.2244806341632576,0.0633959922630518,-0.2705497203260545,0.3460457321476012,-0.0837464373766967,0.5019909069945774,-0.5646312800847388,0.2914647339625104,0.0037000913829083,0.3915664928507396,0.8273138468102207,-0.1412023674833272,-0.8456508765794273
2014-02-13,ALL,52.25,52.71,52.06,52.7,1671312,0.1684862789501759,0.1752744521702375,0.3411787317640487,0.453412309062719,-0.2313022870479142,0.3768280555736049,-0.1776853092613158,0.5055203848043571,-0.4917856141557202,-1.0581957612220985,-0.0019868987867331,0.6031895079652145,-0.3636354610085895,0.6243686801925173,-0.5634005877611822
2014-02-14,ALL,52.66,53.06,52.3916,52.96,2195590,0.2741593601670895,0.2799404419299748,0.4786389464441138,0.4960790721360972,-0.1894779058277449,0.4080869339560229,-0.1934624929868047,0.4799986119652009,-0.2282336419662544,-0.7197284480716128,-0.0025785500560523,1.0823214526824996,0.1680792765416538,0.4040962016737228,-0.5394917556873722
2014-02-18,ALL,53.09,53.17,52.17,52.18,3507151,-0.9499384382346888,-0.9434747682041494,0.1016804688821063,-0.0608865567046516,-0.186574598059363,0.3329118636083615,-0.2250298695946475,0.5157742044270512,-0.3673694951420795,0.0203512252059591,0.0028713537231303,0.470941683947496,0.2737799250118568,-1.321327372026721,0.0058562309140417
2014-02-19,ALL,52.0,52.22,51.635,51.79,3506517,-0.49832058549029,-0.4892898446388827,-0.073525616506238,-0.1739432341108463,-0.1990243129477636,0.2332533913080522,-0.2510915110334822,0.5224348439297632,-0.4155982304896934,0.0040883229319483,0.000414288930513,0.2934499068732544,-0.9506372074499376,-0.3314295293872661,-0.6499374796060674
2014-02-20,ALL,53.22,53.65,52.43,53.47,4347792,1.9865734297733928,1.9518251669662496,0.7515453842250057,0.1269847254704953,-0.14282310626194,0.3302329038006562,-0.1774707119541924,0.7095514980799054,0.1295606860329969,0.4530029238762136,-0.0025291646569675,1.3090490325016206,-0.4989015398032649,0.3285866113046944,0.3102255339296975
2014-02-21,ALL,53.4,54.01,53.21,53.86,3665707,0.4211022293336625,0.4251894603761569,0.8908696225266346,0.5793859102150908,-0.0836662365615343,0.4154243395136721,-0.067165294399281,0.6664807244868913,0.4638967902312765,0.0379754458747688,-0.0032645476387648,1.3396646700946933,1.9866407172068217,0.6245040703779174,-0.3534351621573015
2014-02-24,ALL,53.59,54.3,53.25,53.86,3995921,-0.0329960430517004,-0.0247793014886723,0.8059961927270199,1.0934857583900728,-0.0380416108143291,0.4487457251009197,-0.0227484201497655,0.5738705276531971,0.7725550621287544,0.2056110297343025,-0.0012427088046935,1.1572626857069084,0.4207611276049441,0.3543324880206892,0.0334050675072426
2014-02-25,ALL,53.77,53.96,53.51,53.65,2714639,-0.2757399694293769,-0.2666637577081194,0.6235366304257814,1.0238553657244702,-0.0117096072490284,0.4257439561895638,-0.0156485664393409,0.5827300968822798,0.6870658723601928,-0.4845184734577958,0.0042724245428262,1.0209459267022365,-0.0334556067571959,-0.1949275647890729,-0.8922859364963553
2014-02-26,ALL,53.78,54.05,53.47,53.85,2025700,0.1990935655170951,0.2056082495092497,0.6702545247812489,1.2250218656339618,0.0151589388783274,0.4087235923788355,0.0404210710648929,0.5174034555192832,0.4225949644874024,-0.8613466088684392,-0.0026203948401919,1.150771411468592,-0.2762628584701975,0.072021585278406,-0.6936879032903583
2014-02-27,ALL,53.57,54.24,53.34,54.23,2373188,0.4063364406894255,0.4106092708554494,0.7963467114056598,0.6547735611897295,0.04914494284645,0.4134275152880881,0.1112381652790307,0.5201287629413173,0.5393167940186258,-0.6333896933665534,-0.00444773963787,1.3974398325246622,0.198694547723118,0.9045062642641254,-0.2082006595578134
2014-02-28,ALL,54.27,54.8,54.01,54.26,3521555,0.001445061963182,0.0094634404068574,0.7606412922144091,0.5284783886379216,0.0747025011283152,0.3954959795115129,0.1800050390234022,0.50645109828317,0.3829176402670019,-0.0023456467404897,0.0294709142131727,1.1235302323176068,0.4059914869651858,-0.0402380148605875,-0.3779203093146872
2014-03-03,ALL,53.71,54.32,53.6,54.05,3281555,-0.2739504823200626,-0.2648771447292195,0.5825109226641383,0.8241598096807005,0.0840276101046131,0.3393687058130922,0.1822472427239436,0.4051824918469531,0.6500360605853741,-0.1251119045075094,-0.0036145354074323,0.9993391412549976,0.0009944830119358,0.4519483337955522,-0.4811403903894985
2014-03-04,ALL,54.68,54.9,54.37,54.85,3531375,0.8884920235322602,0.8849389241962945,0.8549393390971115,0.8509177017961969,0.1198249237308888,0.3626058859145806,0.0980581137475404,0.2658875785830555,1.2700175888116465,0.0095782425964452,0.0163144990048451,1.4138263003711566,-0.2744729045320198,0.2085737834043645,-0.7860248029756767
2014-03-05,ALL,54.8,55.1,54.56,55.07,2218934,0.2167171429043055,0.2230676130867458,0.8311838763973033,1.1193790550258436,0.1533884847261471,0.3754459891767245,-0.0365882735167236,0.2579353384953482,1.3541555354538677,-0.7287086028539679,0.0002631110725357,1.4260360826905591,0.8882728511794353,0.3459276461039272,-0.7741082823639946
2014-03-06,ALL,55.2,55.48,54.96,55.17,2414658,0.0800565037043953,0.0875512498091484,0.7372638446520563,1.099084773220541,0.1801506079088254,0.3682112879409938,-0.3206674073461752,0.2275533274790859,1.49828305620183,-0.5829911867267578,-0.00018043611025,1.2462191574205277,0.2163227226257609,-0.0673773036592022,-0.805801933679036
2014-03-07,ALL,55.42,55.73,55.18,55.71,2471954,0.5763811592182274,0.5783090661947565,0.9170052490299956,1.1773871623782677,0.2183981264648729,0.3919867369267993,-0.2240646014992549,-0.4918305945803465,0.7721705080113558,-0.4526378412298691,-0.0004562545480798,1.4271615818030905,0.0796264323554729,0.3690284093860423,-0.768536740497751
2014-03-10,ALL,55.68,55.81,55.37,55.8,1956915,0.0675823697085132,0.0751667781514821,0.883795699595836,1.846504870050783,0.2477000950161291,0.3879814043973124,-0.1301707741136845,-0.4983626402895539,0.6787533485387413,-0.7382132721881758,-0.0007575872989257,1.4351660340085608,0.5760805655691574,0.1365105723360673,-0.9341558326621656
2014-03-11,ALL,55.9,55.93,55.5,55.61,2361901,-0.244985776469795,-0.2359661277106309,0.7023721523313303,2.044199511302837,0.2587655188765168,0.3378365862745277,-0.1315051785064904,-0.5696330982193053,0.8249717794973096,-0.4234676594789767,-0.0017411065909269,1.1952098134311635,0.0671490441948833,-0.4182667779840473,-0.9468971859897976
2014-03-12,ALL,55.38,55.66,55.13,55.49,2210355,-0.1673417452604636,-0.1585325478698566,0.5770078595583317,1.521280488788444,0.2581404492320966,0.2676296027422724,-0.1132040592420557,-0.6029461732214768,0.5778355424127187,-0.502859927731087,-0.0018112245506494,1.1023339613955196,-0.2455006425721599,0.1237501946790187,-0.7953128083861978
2014-03-13,ALL,55.63,55.71,55.07,55.11,2762507,-0.4593441102612866,-0.4502475488989761,0.32879991489019,0.8723951689088134,0.2382474296719165,0.1618686445236465,-0.1550046859101404,-0.5933827857232824,0.5538498684352045,-0.0760901950968418,-0.0021362909817617,0.8082270966159724,-0.1678363561317886,-0.7325349273321214,-0.6234750527631189
2014-03-14,ALL,55.06,55.38,55.055,55.13,2695252,-0.0104019448849102,-0.0023131971447154,0.2787414379991518,0.8831975892303997,0.2190479923541287,0.0790451467009122,-0.1990659672406564,-0.5921976758807107,0.5097206846242702,-0.1580469792686897,4.3131403654117934e-05,0.8237064052885823,-0.4599148966643965,0.0697354825858843,-1.1000164564770492
2014-03-17,ALL,55.52,55.68,55.33,55.52,1337954,0.4074290362961286,0.4116882506759273,0.4041292730270141,1.3123123804003092,0.2150063962555141,0.0518023708044718,-0.2193996049618449,-0.586589425821025,0.5424468940739797,-1.0937935138930346,-0.0008065044052385,1.1255529244044318,-0.0108556144003259,-0.0263165508545973,-1.0659402393456288
2014-03-18,ALL,55.65,55.71,55.38,55.47,2038261,-0.089064160395528,-0.0805650363126455,0.299438856899864,1.1670264001673336,0.2057675211039777,0.0166304432742579,-0.3488824920996896,-0.6958771413165759,0.7585243518459647,-0.557953075671783,-0.0018169703830896,1.0868546527229097,0.4070843676005782,-0.2706889017779502,-1.0955156494536498
2014-03-19,ALL,55.54,55.67,55.015,55.31,3238838,-0.2125757437867338,-0.2036321657475843,0.1370931569839725,0.7752879571391827,0.1882822053377411,-0.0327332949328489,-0.6156011625424,-0.7264098353645296,0.8307206618831592,0.3289527087835077,-0.0023933027788839,0.8540237369887898,-0.0895383507587728,-0.3391885455774616,-0.6043728448925739
2014-03-20,ALL,55.07,55.79,55.01,55.56,2539198,0.248408935697974,0.2544517250835273,0.206188772920334,0.8991710545070607,0.1804871905617912,-0.0472816175643396,-0.6678188928988408,-1.1651195688722438,0.4065811855654455,-0.1206259876607977,0.0002981618602407,0.9906922930554912,-0.2130821549867735,0.6459255905768622,-0.4213118365805084
2014-03-21,ALL,55.86,56.41,55.7,56.06,3903221,0.5272814722342773,0.5299330890540866,0.3916800395627083,1.3654133564757662,0.1900999073491754,-0.0141130742929117,-0.6647184157906767,-1.1516131432409804,0.4324192430154813,0.8996026760255122,0.0002803030325689,1.0746940882356533,0.2480227829523628,0.2441875134507056,-0.5358117681855269
2014-03-24,ALL,56.33,56.6,55.985,56.18,2366198,0.1002712509160009,0.1076154379639201,0.3925080934393616,1.062997117557665,0.1984569029766591,0.0091895556754037,-0.6712595948304549,-1.15434317453487,0.4651408535279359,-0.2036590273169302,-0.0006465768085658,1.0146099651604157,0.5269680698027632,-0.2275018477491544,-0.6789951620617356
2014-03-25,ALL,56.42,56.48,55.63,56.0,3152125,-0.2324699973013269,-0.2234777234071863,0.250023780522676,0.6977919445112538,0.1940626950763985,-0.0049897187232952,-0.7389606006148172,-1.159411160693924,0.4758295063560977,0.3872112165378147,-0.0018964260039064,0.8310661992893577,0.0998464530487462,-0.5887367877811758,-0.3263287146358115
2014-03-26,ALL,56.33,56.37,55.69,55.7,1991866,-0.3665212439369406,-0.3573669385610494,0.0631721646942818,0.2856581550720319,0.175059448448982,-0.0539365524369731,-0.8238429111435404,-1.1280176950661034,0.3370748907500799,-0.506779337874898,-0.0017830862911838,0.5251599228375973,-0.2329815983748834,-0.871294797811739,-0.5738771435170169
2014-03-27,ALL,55.6,55.8,55.4503,55.64,1925649,-0.1000603563356318,-0.0915117486446301,0.001098384162332,-0.2623893712799683,0.1541646469667147,-0.0979628490419117,-0.8842404268224942,-1.1430692217431433,0.2143787541569456,-0.5450779769230129,-0.0018914362481145,0.3791406602112871,-0.3670678153608189,0.0280372514191209,-1.067522703340102
2014-03-28,ALL,55.87,56.06,55.51,55.8,1467987,0.1460349777925125,0.15301431067839,0.0402072828057568,-0.1889912872378273,0.1405855447849216,-0.1143534022633911,-0.953625172205386,-1.1420265433357433,0.2493547174129008,-0.8543115024105425,-0.0005972957074748,0.5564303422082164,-0.1005374153094556,-0.1209760275188702,-0.7698638165567502
2014-03-31,ALL,56.2,56.65,56.12,56.58,2123524,0.8372775994015422,0.8347279096866459,0.3483861811628199,0.634644602731965,0.1570152860950148,-0.0502235982831542,-1.0229976902826812,-1.0736715882693666,0.5199785596562563,-0.282025573739306,-0.0004852385281861,1.340820547095967,0.1456221184457943,0.4845318185578274,-0.8106477692677785
2014-04-01,ALL,56.83,56.84,56.12,56.49,2229032,-0.1320279160611026,-0.1233464481620498,0.2666078528727422,0.667522899466556,0.1629197900787199,-0.0260115347891765,-1.014520228602844,-1.1677954535474144,0.2716468645091578,-0.1436535612846217,-0.0018673329623493,0.9325877267082908,0.837045066588458,-0.4783244156189743,-0.5290930856689038
2014-04-02,ALL,55.73,56.65,55.64,56.15,2328532,-0.407712501708397,-0.3985666260381137,0.0806641163801805,0.7122631699249947,0.1507839543815431,-0.0530774077750776,-1.0278229631593738,-1.1391456267634774,0.1205469013822382,-0.0633947860837132,-0.0020847247612347,0.2228334006847297,-0.1325133145080055,0.5430670803565555,-0.0922274114254497
2014-04-03,ALL,56.48,56.685,56.265,56.59,2207721,0.4548674743013658,0.4585173952451093,0.2539820642807888,0.9371230717423013,0.154999813516593,-0.0326411251537824,-1.0053051657634309,-1.111883489799484,0.2105346565231904,-0.1579512157922901,-9.667466104649324e-05,0.9887555913400876,-0.4082698188190976,0.1208275066463268,-0.9727842113946622
2014-04-04,ALL,56.89,57.28,56.4,56.41,2615797,-0.231024789292105,-0.2220358386054462,0.1526775543732074,0.5374086667827022,0.1478563629451693,-0.0455307666950629,-0.9833029608042384,-1.149395202043454,0.0170605599413787,0.1839341511726547,-0.0022037296928874,0.1688532290321017,0.4545351810132615,-0.6637722878387058,-0.2912005858011212
2014-04-07,ALL,56.35,56.48,55.71,55.75,2625067,-0.7614183927957477,-0.7534778819539036,-0.1564104663765822,0.0065050313957427,0.1132191511606248,-0.1266109479961397,-0.9829420491468628,-1.0640993336994131,-0.1806369403207021,0.1607831268280391,-0.0027179947974559,-0.7976488919864146,-0.2315360133499183,-0.8307721160060106,-0.440248354648407
2014-04-08,ALL,55.68,56.12,55.5,55.89,2100987,0.1233470107563826,0.1305113855211112,-0.0971817659129516,0.2178937378365959,0.088561675971179,-0.1657874228385424,-0.986054017617058,-1.067922508461033,-0.0935292089264063,-0.2698140770076777,0.0012780057523906,-0.5926332905582427,-0.7620679822219447,0.2586309147290732,-0.6668055104505229
2014-04-09,ALL,56.12,56.23,55.66,56.13,2186661,0.2343492602164849,0.2405305115989675,0.0005084738470106,0.2118328219005857,0.075894792927969,-0.1662650249414842,-0.9902014816380236,-1.0632420258583142,0.0019119796750887,-0.1965423434579605,0.000132097292285,-0.2411779738242319,0.1229282327317314,-0.0128540089514418,-0.7449976958547315
2014-04-10,ALL,56.11,56.43,55.5,55.51,3705588,-0.7206850373349523,-0.7125019109286148,-0.3000525903668464,-0.564983129753999,0.0393064657642094,-0.2282204919916754,-1.0205174249147602,-1.019507376016043,-0.0608788766347321,1.0263847734710967,-0.0028007075601448,-1.1491042087204253,0.2339594396812086,-0.8342130237878025,-0.1950529739455874
2014-04-11,ALL,55.25,55.5,54.95,55.29,2678287,-0.2797402017562056,-0.270657751620333,-0.4070710190738427,-0.7836180069689227,-4.3919259442632136e-05,-0.2848943550154283,-1.0357440220743028,-1.0099045667413749,-0.1248531890937082,0.1758902834947514,-0.0038100397807346,-1.3962290845069314,-0.7213240005286746,0.0283815741484566,-0.7622865938931904
2014-04-14,ALL,55.76,55.82,54.81,55.2,3510594,-0.1343384806511204,-0.1256480442306558,-0.4419055763748717,-0.7346225469161715,-0.0360519449633802,-0.3216302700829153,-1.0122865567002992,-1.036005456891882,-0.2521256501067643,0.7416882443397529,-0.0461528721148317,-1.3564320161797396,-0.2802641343496178,-0.7850862726957535,-0.0664277436469089
2014-04-15,ALL,55.37,55.72,55.06,55.56,3503002,0.3730346362868588,0.3777134456076234,-0.2749408715516369,-0.2831687375384735,-0.0515227552232376,-0.2981565631241046,-1.0168175844476277,-1.0127467484494517,-0.1436480429767851,0.6579567420621999,-0.0041943960750122,-0.8719359216537085,-0.1348244818619303,0.2329364594486295,-0.6013136920425658
2014-04-16,ALL,56.06,56.2,55.77,55.99,2705534,0.4488426200942469,0.4525718866208201,-0.0890025870472053,0.0281125192447157,-0.048003349661435,-0.2304971089413623,-1.041221907843711,-0.9896742541696196,0.0130844979904638,0.0642562944917565,0.034623683832703,-0.2932322531920597,0.3726809950211338,-0.1206552051755557,-0.9512708625430344
2014-04-17,ALL,55.79,56.27,55.67,55.77,3150446,-0.2776248740873689,-0.2685456907349545,-0.197162484949608,-0.2073680573143081,-0.0549353137129133,-0.2032711910634467,-1.049239209689327,-0.9885675985019324,-0.1119662333908484,0.382388627413306,-0.0042422748677297,-0.5893131998468555,0.4485087550843753,-0.0534008975692254,-0.6947035734805077
2014-04-21,ALL,54.93,56.0597,54.93,55.77,2083951,-0.0329960430517004,-0.0247793014886723,-0.1903771158669723,-0.7811975229284157,-0.0614171066926698,-0.1803317241720239,-1.0486129406111426,-1.031831037626975,-0.2434508947774227,-0.3814292922215026,-0.0012427088046935,-0.5893131998468555,-0.2781482548489147,1.1290357071973798,0.096862735540628
2014-04-22,ALL,55.75,56.15,55.6,56.02,1983032,0.2460878618190974,0.2521537252220208,-0.0692809741124573,-0.519495377229149,-0.0577455516270151,-0.1358456075759775,-1.052814130255198,-1.0229438364482355,-0.2093040754326006,-0.4498941820630844,-0.0246058996815286,-0.2528575786482223,-0.0334556067571959,0.3395844714472348,-0.7730898290115263
2014-04-23,ALL,56.13,56.34,56.022,56.19,1663493,0.1559340957336953,0.1628301298449536,0.0060369462441072,-0.159673786717797,-0.0492735059941491,-0.0879003342177368,-1.0479871322171677,-1.0237389793094405,-0.1176475852756438,-0.6659906587901515,0.0013992066580829,-0.0240677562331591,0.2457011035679896,0.0544443098193352,-1.1196671398832696
2014-04-24,ALL,56.37,56.47,56.05,56.4,1885643,0.1996821536861813,0.206191432777084,0.088038487656177,-0.3367004356362438,-0.0355806544495524,-0.0361058509885142,-1.0372264056515412,-1.03589028769396,0.0170936905535244,-0.4785259584790843,0.0002915200008071,0.2585549655736938,0.1555238187995317,0.0138919564154786,-0.9707004784109572
2014-04-25,ALL,56.63,56.7,56.075,56.11,2208387,-0.3531171578493548,-0.3439660191795,-0.0590282128161688,-0.4156381181811391,-0.0374070384463922,-0.0346165095311248,-1.0436049865223,-1.0197573588289732,-0.0434173114378887,-0.2211312341203589,-0.0023998468728711,-0.1317335550167193,0.1992832894389632,-0.7200641807935813,-0.6630038663525807
2014-04-28,ALL,56.37,57.05,56.29,56.84,3271450,0.7769908999880869,0.7755701427311859,0.2584895039972169,0.6199723385724404,-0.0116862782065847,0.0374808386864273,-0.9998219756350762,-0.9439922073987774,0.1062508549300367,0.5605217776335292,0.0016972406521178,0.850716858883295,-0.3536602325091375,0.6036167297099118,-0.4769844723831669
2014-04-29,ALL,57.02,57.34,56.84,56.89,1820033,0.0217699997865919,0.0296624349763974,0.2745401229234018,0.5703924246856464,0.0088670377240237,0.0818578045641563,-0.9728646324103754,-1.0368618413183783,-0.0870098173218222,-0.5863906366435263,-0.0004484675938712,0.851621166481767,0.7767426400031102,-0.1985672009924665,-0.8588501839626449
2014-04-30,ALL,56.85,57.077,56.44,56.95,2438926,0.0326654484215812,0.0404876577093403,0.2916971428547384,0.4639966094799359,0.0255266316863684,0.1073370039489544,-0.9371265595041772,-1.0386846307378017,-0.0478838752140815,-0.0987523917329667,-0.0004152072673253,0.9304555112432524,0.0213247230627684,0.1065801688647889,-0.6591355347786926
2014-05-01,ALL,56.93,57.5,56.79,57.29,2177538,0.3386937330592053,0.3437728753365314,0.4236103422070698,1.3445197268055338,0.0498397331810536,0.1474203600928495,-0.8619928362406342,-1.048625699416529,0.130700547186651,-0.3020643777442,-0.0006735872899239,1.183370156333062,0.0322230140260855,0.4514393363361487,-0.5584733132814307
2014-05-02,ALL,57.3,57.64,57.096,57.18,1898461,-0.1525349525445215,-0.1437768766545703,0.3581286223985627,1.4933992373172271,0.0623638901181273,0.1491425046588186,-0.8197644055843412,-1.0726426945342795,-0.0143568893520167,-0.5159882508770101,-0.0016544548932269,0.9025524245520554,0.3383311331791713,-0.1845401846985103,-0.7984342968925491
2014-05-05,ALL,56.96,57.2,56.555,57.12,1548586,-0.098324518915897,-0.0897835939608932,0.3132222719038651,1.5357358165259216,0.0674543257115269,0.1313859495416295,-0.7819038947583155,-1.0792832884885788,0.0173741433206658,-0.7705635385323207,-0.0016370825083308,0.8320750774684663,-0.1530257007234701,0.185907564764696,-0.6502375156778559
2014-05-06,ALL,56.91,57.118,56.43,56.57,2982867,-0.6324694433356289,-0.6238537364709139,0.0370747624730846,0.6686089693286589,0.0475981146707752,0.0529684664584963,-0.7862897095603935,-1.106974812185203,0.0485404602429883,0.3913563802281826,-0.0021281727242484,0.18603272920226,-0.0988011250566126,-0.4776890153522172,-0.5777387628023533
2014-05-07,ALL,57.03,57.965,56.98,57.82,3056490,1.3426897775815447,1.328465028736932,0.574245235876846,1.067868411629639,0.0784559316650893,0.1207715151317687,-0.6949650033780652,-0.8804374961190677,0.339680691553852,0.4042122172597837,8.972861672808235e-05,1.290103372500597,-0.6330853934630544,1.0202538555415324,-0.1715600404123408
2014-05-08,ALL,57.69,58.32,57.66,57.98,3403404,0.1392849323853874,0.1463201728983096,0.6045052046645185,1.3503854155993813,0.1062865301735137,0.1672219458001081,-0.6030185399317535,-0.8830490480960738,0.3165800003838644,0.6179183754504798,-0.0002403023082254,1.1208782613864872,1.3425890931575766,0.3534722807719627,-0.6426352632084725
2014-05-09,ALL,58.06,58.3,57.72,58.13,2561538,0.1280716634813712,0.1351981784989757,0.6116445298242822,1.3985714464016388,0.1310391471561676,0.1964596188737141,-0.5459920712170391,-0.9652173681416608,0.525709138164127,0.0047727832543979,-0.0006884503948183,1.2629373014481375,0.1388703121341009,0.0647724081745608,-0.7597791135679447
2014-05-12,ALL,58.3,58.44,58.1,58.35,1800318,0.2026270130241175,0.209109167502159,0.640679965260843,1.3892000942042335,0.1558216583773561,0.2199267045879688,-0.5111323505679676,-0.9859600987779696,0.645343479408524,-0.5786714254183833,-0.0009180078000966,1.3604610281240672,0.1276541179910313,0.038479148253873,-1.1057044954242723
2014-05-13,ALL,58.39,58.64,58.28,58.4,2153343,0.020352746578618,0.028254177464672,0.5877720238624191,1.3503854155993835,0.1737309565687702,0.2210088411404513,-0.5111685676714253,-0.9941474964068502,0.6839172252633849,-0.2420280029052928,-0.0008950161747243,1.2278373589351488,0.2022289170111776,-0.0133773857303543,-1.0775788753644115
2014-05-14,ALL,58.38,58.53,58.0,58.09,2775552,-0.3634753516914092,-0.3543215112379866,0.3851925982606574,0.9609927487493832,0.1720445962414971,0.1714356626870586,-0.5300752304545189,-0.9704651247558718,0.5012950135952887,0.3142417948891286,-0.0016409721746536,0.9500755593105782,0.0199071001317042,-0.4016166141731355,-0.830940779303968
2014-05-15,ALL,57.87,57.905,57.38,57.56,3390696,-0.6010242729406109,-0.5922850285666793,0.104668543829615,0.7458648972876585,0.1464651604585203,0.0702767550114642,-0.5574420044200108,-0.9281413444962596,0.2443444959701891,0.796038172843626,-0.0018107558319092,0.4751924825330781,-0.3640211285242521,-0.431034943799912,-0.8311788134070175
2014-05-16,ALL,57.53,57.9,57.115,57.74,3971050,0.161695526610282,0.1685423632948739,0.1416961009429366,0.4706524744628613,0.1300816468497236,0.0130197742430662,-0.6073393092765395,-0.9418745748396684,0.3513055955826419,1.2265576108670952,-0.0004062217934635,0.6364735274763796,-0.601632019872227,0.2494678204942428,-0.4582692663779277
2014-05-19,ALL,57.68,58.24,57.59,58.2,2085479,0.4629980208441415,0.4665399598686864,0.2962084653057033,0.6822943856661543,0.1319836196036256,0.0142807167483217,-0.6512473170806763,-0.926090924843094,0.4724426366161094,-0.3265607167535352,-0.0009051519387892,0.9617472138788432,0.1612867526778522,0.654802178053944,-0.6605411066834265
2014-05-20,ALL,57.98,58.37,57.83,58.08,2255688,-0.1613631306776417,-0.1525741515880986,0.1934883127073228,0.5525325315945254,0.1256240158931307,-0.0059756848469712,-0.6974216494251743,-0.9211142095404916,0.3725853853064314,-0.1966359233993256,-0.0015682235695137,0.7318238778736336,0.4626678485960725,0.1039900810192748,-0.8164605378789175
2014-05-21,ALL,58.33,58.69,58.21,58.42,1520442,0.3314621654454899,0.33662323846085,0.2971662353416725,0.5525325315945291,0.130761422524967,0.0074123005813452,-0.7239529776087008,-0.9142159976267488,0.4153848660176746,-0.7952416675212245,-0.0009941416476569,1.102905640409,-0.1618561818898687,0.0902557218085701,-0.9065650412487504
2014-05-22,ALL,58.4,58.52,58.26,58.35,1797966,-0.1075948555286004,-0.0990134596057062,0.2201438094987975,0.5856824877392061,0.1288959877438373,9.749567824471094e-05,-0.7532049467633494,-0.9114743802300024,0.340302687889325,-0.5646296901093041,-0.0015124842408442,1.010671592448933,0.3310976790447471,-0.0910012984234893,-1.2199678840500412
2014-05-23,ALL,58.33,58.6,58.18,58.38,1418683,-0.0009867692735093,0.0070462365508235,0.1815055005339467,0.6509352039050433,0.1254559681464015,-0.0098073024555357,-0.8355738224148341,-0.9343637873485774,0.426685720161179,-0.8576756862871725,-0.0010069229169563,1.0135053036065704,-0.1080738800498017,0.0384458228471654,-0.9917493713361426
2014-05-27,ALL,58.44,58.67,58.41,58.46,1575601,0.0523181570148636,0.0600089115456698,0.1806289068321629,1.2208093801741244,0.1227668586440258,-0.0157983113045041,-0.8525410772240016,-0.9989625452711558,0.2511052146029549,-0.678510191547148,-0.0010013487998337,1.104577091302725,-0.0014379826238558,-0.0004603615457398,-1.220666638094409
2014-05-28,ALL,58.22,58.41,58.07,58.18,1738918,-0.3311871224154056,-0.322047417257311,0.0240352704119282,0.1669507157201268,0.1066901461503199,-0.0550505780209279,-0.8898109382989652,-0.9798575161066914,0.1655455301369986,-0.5343219965898007,-0.001487773951333,0.6927315910886087,0.0518808494803373,-0.0782243386666677,-1.1042855318924378
2014-05-29,ALL,58.26,58.38,58.04,58.3,1240158,0.0954151721395834,0.102796120484707,0.0476527072607398,0.1317062694710782,0.095870634633917,-0.0729204465791811,-0.9278560088029858,-0.979453188020947,0.180667771090632,-0.9389333662555898,-0.0010510058583684,0.8692368054660828,-0.3317244761211431,0.0255555982428749,-1.1052880122324442
2014-05-30,ALL,58.26,58.535,58.09,58.26,3303893,-0.0757116776990949,-0.0672752419987513,0.0074509049181111,-0.0536438864271605,0.0830681707202321,-0.092320426760625,-0.946942527535776,-0.9905755430103532,0.0811869188992802,0.8290182500456168,-0.0017204245480321,0.8104017340069246,0.0949891074525096,-0.0263165508545973,-0.9547519387913048
2014-06-02,ALL,58.47,58.88,58.47,58.67,1585874,0.4051398198802782,0.4094275406076695,0.1589643334872592,0.1232109699556109,0.086366218634284,-0.0663979706253021,-0.9625515411270172,-0.9769330626619774,0.2152260720137361,-0.6557269338599059,-0.000965727013391,1.157948906126386,-0.0761823847601751,0.2321126783585756,-1.008918029990582
2014-06-03,ALL,58.43,58.65,58.28,58.58,1767123,-0.1285001060288969,-0.1198324964526899,0.0850155212255791,-0.0156731223988239,0.0827874764240627,-0.0633607451156269,-1.0038468920471737,-0.9756471510749628,0.2079145470794432,-0.5043250250312512,-0.0015233390165192,1.0358361149550246,0.404794553989983,0.1676380576353975,-1.064930625332325
2014-06-04,ALL,58.34,58.76,58.34,58.62,1678566,0.0095154199039736,0.0174845792599416,0.0564840677732005,0.3707207791418876,0.0789196463997618,-0.0616750717647919,-1.1811033846334538,-1.0415816721217528,0.3647384738791009,-0.5391746358934291,-0.0009461552119049,0.9879907523323268,-0.1289845841654275,0.3362905771010275,-0.9942041288622434
2014-06-05,ALL,58.6,59.18,58.6,59.11,2443715,0.4874140281578474,0.4906254518506693,0.2478620865681356,1.471711855855894,0.0923776108950034,-0.0157302362477083,-1.134919011191477,-1.2862310854984156,0.1601890634081807,0.1770749344009567,-0.0008526549930511,1.3301946322795808,0.009066946291182,0.631216050371334,-0.7735655099111282
2014-06-06,ALL,59.21,59.68,59.1,59.32,1459071,0.1881879846035455,0.1948018187528409,0.3117489016318377,1.4855863773577218,0.1083625513843246,0.0275300248737998,-1.0699415199644111,-1.283753647138016,0.171950031221524,-0.6573106926556614,-0.0010385172421351,0.9763269574641156,0.4870902253867558,0.1140431243295212,-0.7764604738576262
2014-06-09,ALL,59.19,59.36,59.0456,59.16,1516661,-0.2009206216048509,-0.1920085264216986,0.2163375955759356,0.9515540555736696,0.1117495124845159,0.0297112516927543,-1.0347239758532478,-1.2749915317904812,0.0927526392066294,-0.5662523268044201,-0.0014404137380828,0.7689706042513231,0.1877861218380029,-0.0646093968558507,-1.1484171003560606
2014-06-10,ALL,59.07,59.4,59.07,59.18,1867003,-0.0119487010981481,-0.0038509312057073,0.2064453528755789,1.1727942936400564,0.1122309479597582,0.0239774602068047,-1.0009851636237606,-1.2816691841244177,0.0414319808822011,-0.2277668121925618,-0.0009806677004994,0.7948901484029256,-0.2014239922982487,0.1143757865019569,-1.1265979170898108
2014-06-11,ALL,59.23,59.44,58.81,59.08,1597587,-0.1381971878617396,-0.1294919645193467,0.1461247645239653,0.7197142312171282,0.1057616320291174,0.0014993125538131,-0.9798972230283568,-1.2774715706211852,0.0035308186513667,-0.4688150245458916,-0.0014475914135032,0.6652924276449318,-0.0124027741204911,-0.2176514786626406,-0.7026180538251191
2014-06-12,ALL,59.14,59.26,58.58,58.71,2087714,-0.4228991214957417,-0.4137632732879829,-0.033864632639739,0.2457247655550825,0.0834153691013884,-0.0573501938235509,-0.9874573003422018,-1.2682281784581302,-0.0107260338689907,0.0496458590037752,-0.0015317888050688,0.1857808608403644,-0.13868419570506,-0.5756447148553093,-0.6260405693088092
2014-06-13,ALL,58.87,59.07,58.71,59.01,1700050,0.2851339390565188,0.2908002955097047,0.0679362655669871,0.4959672166093009,0.0749523402655952,-0.0686945933673329,-1.0353689173077183,-1.3343537829206031,0.2024934603217649,-0.264503280575613,-0.0009799366263548,0.574574023114337,-0.4234604003854447,0.1533547574937269,-1.0828895763176205
2014-06-16,ALL,58.93,59.02,58.59,58.81,1672390,-0.2440044738213206,-0.2349868803854951,-0.0456855902566362,0.1754055610985962,0.0580093672589458,-0.099597343319166,-1.0850964027341927,-1.321018229487382,0.1046846018046958,-0.1826324187619195,-0.0014788473593503,0.0591285428268735,0.2847573668725603,-0.1801637291891674,-0.9819620639952544
2014-06-17,ALL,58.75,59.29,58.58,59.21,1919450,0.390456005909892,0.3949246129259876,0.1105298149331319,0.8397548369421614,0.0579599256441957,-0.0808358842935272,-1.0803214927583542,-1.333678773365781,0.0873927240590156,0.1021925486466706,-0.0009464808951877,0.598356956193985,-0.2445190839283236,0.5652378521039777,-0.5919655125873018
2014-06-18,ALL,59.1,59.455,58.89,59.16,2970629,-0.085569964263136,-0.0770869694578584,0.0638569659363104,0.690839118993504,0.0536385102234517,-0.0768227041092586,-1.096439757263939,-1.3385531157858532,0.1056200454628795,1.213241612684267,-0.0016569495720587,0.3888699720281868,0.3901069094090542,0.0503857691052645,-0.7953877006741881
2014-06-19,ALL,59.03,59.04,58.48,58.82,3662789,-0.3908008562619171,-0.3816482023519345,-0.0969773117926026,0.3298731559279979,0.0347362850197129,-0.1111429133402421,-1.104771944167734,-1.32704977823489,-0.0669185825896922,1.7516252186524448,-0.0018430798978315,-0.3002896150025663,-0.0860432430849672,-0.295093018476125,-0.7978713114972922
2014-06-20,ALL,58.9,58.9599,58.52,58.82,5046813,-0.0329960430517004,-0.0247793014886723,-0.107477130342423,-0.0294384640105865,0.0178541837442241,-0.1333993165093695,-1.1188999660383383,-1.329016399912503,-0.0491791215445763,2.783777458284115,-0.0012427088046935,-0.3002896150025663,-0.3913537615810035,-0.1289335765394441,-0.9680385535132744
2014-06-23,ALL,58.89,59.5,58.89,59.2,2701539,0.3692150118524106,0.3739392683504786,0.043741548529477,0.4079935027631918,0.0175318999196294,-0.1085797539969561,-1.1220295841421075,-1.300488118146791,0.038808946228191,0.4640297509170675,-0.0006776617571664,0.4699475705024066,-0.0334556067571959,0.3713919463392536,-0.7325751802232492
2014-06-24,ALL,58.82,59.29,58.77,58.92,1959472,-0.3274597339233553,-0.3183227434516972,-0.0914374522815192,0.0788640584224555,0.0045087968170526,-0.1214157941688339,-1.1334476176227402,-1.279111041091679,-0.0519139531607551,-0.2408472712424982,-0.0015832192134859,-0.0975956188170456,0.3688603741498159,0.1021291906626945,-0.8557969669914597
2014-06-25,ALL,58.84,58.99,58.67,58.71,1903847,-0.2548933253786075,-0.2458537930485564,-0.1968638989474438,-0.5792441087296234,-0.0155931798575771,-0.1499055250207158,-1.1718912741218148,-1.287878223986921,-0.0336874817733648,-0.2985964928270727,-0.0016198224008945,-0.5232530108066348,-0.3279961152540898,-0.1932392577013224,-1.1370729193073534
2014-06-26,ALL,58.73,58.81,58.41,58.55,1734413,-0.2026653668427534,-0.193748419875118,-0.2737185615342984,-0.9528750507875148,-0.0390668435298035,-0.1813759739917404,-1.193626944657622,-1.2828488922532633,-0.1044986070098688,-0.4715818355967338,-0.0016402846787106,-0.9195898876247464,-0.2554107760929388,-0.2578731884994907,-1.0219585062798722
2014-06-27,ALL,58.59,58.76,58.44,58.69,2193559,0.1158703147587305,0.1230938770369142,-0.2208747060848545,-0.6584191303102476,-0.053242496184638,-0.1826194128714758,-1.232104334473551,-1.2802210725755092,-0.0590798283107689,-0.0044546270819924,-0.000655806692026,-0.9077924778557418,-0.2031691926930687,0.1026334152837636,-1.1369181225863527
2014-06-30,ALL,58.59,59.18,58.52,58.72,1800749,-0.001172203812355,0.0068619135220177,-0.2086206225959226,-0.646879141643576,-0.0642516211369305,-0.1754635761794769,-1.2346068196600275,-1.3172267379005451,-0.1549607152503346,-0.3779623304342732,-0.0008450091095281,-0.836560016339114,0.1154495862659946,0.1413184051252756,-0.6545908079814352
2014-07-01,ALL,58.93,59.29,58.92,59.12,1789778,0.3911050298268949,0.3955657134391064,-0.0425042612919884,-0.1528390319953363,-0.0582587488812216,-0.1259760586953226,-1.2449392555417855,-1.2854564171861436,-0.0320939394721098,-0.3889724448120756,-0.0008969757827049,0.0536685574407895,-0.0016234655375652,0.2172748148418075,-1.0697386829565774
2014-07-02,ALL,59.08,59.49,58.885,59.0,1590242,-0.1593655372977946,-0.1505834414013734,-0.1043981041237944,0.0948819860699102,-0.0592452277001572,-0.1043507742272908,-1.2583210230371549,-1.2809362746293032,-0.0722724321937738,-0.570532839579558,-0.0015158682593638,-0.3369979765164755,0.3907561026388708,-0.1286209315729026,-0.7367269522914213
2014-07-03,ALL,59.22,59.4,58.93,58.97,1530191,-0.0646526722882686,-0.0562703166081101,-0.1146347665463756,-0.2320045544241485,-0.0621869751493721,-0.0920833744480071,-1.2610308137357271,-1.3357091077711294,-0.2022615366282435,-0.5958479119869724,-0.0015342481295717,-0.4155219498418916,-0.159858067391852,-0.345261945824498,-0.927084389417284
2014-07-07,ALL,58.72,58.81,58.4,58.53,2763588,-0.4975294752947783,-0.488497153654752,-0.293034365012398,-0.4658350673162376,-0.0825790286871685,-0.1271862420962834,-1.258268594498782,-1.3070784165942602,-0.3630665336557055,0.4940663553467296,-0.001831044574942,-1.488444967188215,-0.0651204943534751,-0.2707790709582952,-1.007524952570574
2014-07-08,ALL,58.48,58.72,58.38,58.48,2882019,-0.0861807666964816,-0.0776949383241777,-0.3002656222630658,-1.0068157836834732,-0.1012368043971227,-0.1508045349409642,-1.2447765515561688,-1.310545283627798,-0.3362878637167844,0.5231887660227368,-0.0020213146527388,-1.5845008622636871,-0.4981102232284664,-0.0263165508545973,-1.1067840187179752
2014-07-09,ALL,58.38,58.7,58.18,58.48,2808678,-0.0329960430517004,-0.0247793014886723,-0.2847637772277835,-0.9655641498497984,-0.1163778345374021,-0.1606471266597879,-1.2386292824196623,-1.310955781597969,-0.3411941626706002,0.4069820103744092,-0.0012427088046935,-1.125806981285412,-0.0866542048601736,0.1030972640828225,-0.8502629066419174
2014-07-10,ALL,58.07,58.29,57.69,58.07,2701858,-0.4694836520533557,-0.4604018446491992,-0.4453704486942927,-1.022880570897186,-0.1445429569892027,-0.2020449894399644,-1.1861745377488937,-1.2803405191067614,-0.4185503250264103,0.2588465449677674,-0.0022572802057364,-1.1834083188252131,-0.0334556067571959,-0.0263165508545973,-0.7302163467590967
2014-07-11,ALL,57.94,58.25,57.76,58.2,1422767,0.106379622090636,0.1136770351446497,-0.3760730853437462,-0.8461040416993717,-0.1615813183290413,-0.2065231881048267,-1.1555352420877203,-1.2986345520476053,-0.2950555607561959,-0.8142076004132606,-0.0004005912833936,-0.9446549487326538,-0.4700570835891106,0.3127145872490029,-0.8896568704742925
2014-07-14,ALL,58.5,58.68,58.09,58.28,2224550,0.0525820153655891,0.0602709631105481,-0.3241768119522773,-1.2820139074321937,-0.1716533190942719,-0.1921744548408927,-1.1417279272456655,-1.3214643950883675,-0.3491610905091509,-0.1423798093605155,-0.0002325448644264,-0.7977297979064696,0.10595641773247,-0.3104429223982439,-0.7476192495792394
2014-07-15,ALL,58.46,58.6548,58.305,58.46,2049062,0.1592902772939462,0.1661577167190167,-0.2359629177844194,-0.7584652574231279,-0.1722618510845695,-0.1563366625130417,-1.136257216989362,-1.3182368081205331,-0.2548820225137408,-0.3062571544774823,-0.0005605350508769,-0.4671482085475485,0.0521447766645813,-0.0263165508545973,-1.0926473232588356
2014-07-16,ALL,58.56,58.67,58.11,58.16,1901731,-0.3524864852271003,-0.3433355669917343,-0.3467884957087787,-0.8450742189158433,-0.1841244736097537,-0.1566342639527208,-1.134529566571108,-1.3469580727405248,-0.4279207428940487,-0.4306202086749528,-0.0017509145716518,-1.018117524145759,0.1588808758969213,-0.5423806571419685,-0.7888672071904297
2014-07-17,ALL,58.03,58.6,57.81,57.82,1970410,-0.3969529335179389,-0.3878022104249038,-0.4693169388795663,-1.0006435233329354,-0.2062255022846836,-0.1832258262836865,-1.1040769969846331,-1.3270588944205646,-0.5001337508382289,-0.3364906214182244,-0.0018873053562752,-1.6425494151570488,-0.3530293953614264,-0.2997246998068423,-0.4526300424945242
2014-07-18,ALL,57.86,58.1,57.52,58.06,2016101,0.2254254201039313,0.231692930846883,-0.3449543487459104,-0.8639867583017266,-0.2135300733492121,-0.1664132489746108,-1.088049138521465,-1.3255526792351746,-0.3572385551861586,-0.2329379340508763,-0.0003836334245056,-0.9747078204925642,-0.3975074437478504,0.2348372174152647,-0.7587765621582632
2014-07-21,ALL,57.83,58.13,57.57,58.01,1493868,-0.0866113009733205,-0.0781234789010242,-0.349370538859187,-0.9442079838467744,-0.2204418038774119,-0.1519520223494389,-1.0732068530266086,-1.3258873357095455,-0.3697228713357178,-0.5870455402055352,-0.0017287922496095,-1.0586517987108162,0.2250332715797494,0.2088437695480412,-0.786792245916787
2014-07-22,ALL,57.8,58.175,57.65,58.09,1881887,0.0528623089546131,0.0605493361575868,-0.2887625186427526,-1.427685600025965,-0.2219090598694329,-0.1263690573177114,-1.0969339124081845,-1.367626341361277,-0.4428497531817556,-0.1715130322873028,-0.0005003468832797,-0.9194837617256364,-0.0870848514517792,0.3527494992584958,-0.8381142049434044
2014-07-23,ALL,58.13,58.49,58.12,58.33,1260457,0.2242242874640271,0.2305033122353051,-0.1678084472392921,-0.9571212084503796,-0.2128688397141993,-0.0788566225714554,-1.112231957504787,-1.3609742219556242,-0.3145418549372595,-0.7679505549005509,-0.0008504203389902,-0.5145073307681837,0.0524251433746336,0.2336242203838971,-1.0626745252476606
2014-07-24,ALL,58.25,58.57,58.13,58.49,1138147,0.1377786183536286,0.1448262362171768,-0.0910025606847785,-0.7127972965290349,-0.1988118595682537,-0.0279336209199507,-1.117942295073011,-1.3617900457644048,-0.2225108603590114,-0.8692586340919305,-0.0009323552211717,-0.2445230434632032,0.2238318255967749,0.2849697742700887,-0.9643794964216956
2014-07-25,ALL,58.25,58.3397,57.88,57.94,1193004,-0.6184280933888212,-0.6097552337994675,-0.3244738553193177,-0.8076322813072987,-0.208608627608802,-0.0485943567976851,-1.102267022380963,-1.2975654043910116,-0.3204879694598848,-0.79535790944002,-0.001535301073236,-1.1725940310740597,0.1373636051456878,-0.4283947208073165,-0.93009171001819
2014-07-28,ALL,57.92,57.96,57.36,57.94,2130638,-0.0329960430517004,-0.0247793014886723,-0.3077402635803496,-0.765462574637121,-0.2155836623019825,-0.0578598524388018,-1.0951610351063763,-1.304331073607406,-0.355156488625042,0.1898240380333833,-0.0012427088046935,-0.9761265919554114,-0.6190403805072188,-0.0002282272494678,-0.7282842794214678
2014-07-29,ALL,57.23,57.79,57.03,57.05,3314555,-0.989324199312226,-0.9832428057241936,-0.6712389589704156,-1.343337749494315,-0.2548957983144656,-0.1485073910768225,-0.9994711765841106,-1.159347171690674,-0.5851632183713961,1.2998846289676818,-0.0021514302608924,-1.854276919091544,-0.0334556067571959,-0.2639422948504839,-0.4810863352961754
2014-07-30,ALL,57.1,57.175,56.63,56.89,3104227,-0.2076022831879373,-0.1986718725701233,-0.6941809477105029,-1.2115684597879484,-0.2906930612575814,-0.2119781992138751,-0.9446157454239772,-1.2062441582048498,-0.7214520076610981,0.9881900868631768,-0.0025080970479255,-1.5791044636639289,-0.9900332432089656,-0.304177757224103,-0.7929275497817455
2014-07-31,ALL,58.19,59.89,57.2,58.45,6260338,1.6742027352534985,1.6501948574594971,0.0222315976469363,-0.0364856556507116,-0.2564082909720688,-0.0823648986282659,-0.9796739278497524,-0.7797504277868003,-0.3043854621719759,3.4510690438174727,0.0034478909276339,-0.025471374775576,-0.2081073969464104,0.3112580176575628,2.244209223913935
2014-08-01,ALL,58.5,58.73,57.745,58.14,3260327,-0.3631926491177306,-0.3540388594122796,-0.0989689639532847,-0.2705124793953036,-0.2403629937037821,-0.0256223477206074,-1.0234267693382806,-0.7703010189698751,-0.3741894492927005,0.7140380986747911,-0.002150776259989,-0.3415745271090673,1.6741885336079978,-0.4912506133805662,-0.1793743581649288
2014-08-04,ALL,58.35,59.0,58.12,58.96,5669036,0.8450842931855663,0.8423842830189047,0.2616338157635581,0.0694656252413886,-0.1948256736065267,0.0956836520734584,-0.9900218852686126,-0.7097060878538517,-0.0595798662875107,2.476892988463102,0.0011041058730508,0.4945692951924196,-0.3637383522011062,0.7635135939249517,-0.3474304779953365
2014-08-05,ALL,58.92,59.28,58.73,58.85,3138853,-0.1491490980863636,-0.1404032060372579,0.2034989627568054,0.1799782360945738,-0.1628846456071837,0.1577318301036222,-0.9671575006951196,-0.7083158188758224,-0.0745558942787746,0.4464221134608294,-0.001946753380689,0.3824036604934404,0.844853796928078,-0.116075969748571,-0.8124373636358941
2014-08-06,ALL,58.72,59.59,58.72,59.58,2473998,0.7392786786808694,0.7385353648259038,0.5076448838668308,0.689937440216917,-0.1092779915565695,0.2631373210183085,-0.8694373168210027,-0.6551841202218521,0.1087748367128225,-0.0681511303721759,-0.0004991666905337,1.126775599859395,-0.1496389629873158,1.0801980138253109,-0.3743627121447825
2014-08-07,ALL,59.71,59.97,59.13,59.31,3130362,-0.3151321646464607,-0.3060057481380235,0.357391128874676,0.4320898262240339,-0.0782148795039297,0.2894350247256734,-0.8172238699665161,-0.6680140859415216,0.1461328557416196,0.435118039178852,-0.0019847200140573,0.786004556171318,0.7390205805957359,-0.5324413886403605,-0.4109778909078077
2014-08-08,ALL,59.55,59.695,58.99,59.67,2628439,0.344897963009473,0.3499061559508374,0.4857121556639707,0.5948290031077998,-0.0406565882788338,0.3271916670694568,-0.7398406128669486,-0.6593702299366742,0.2034719814204691,-0.0104679050399693,-0.0003923043968823,1.1442995721830838,-0.315665330047265,0.1259288600481188,-0.6066531135972442
2014-08-11,ALL,59.81,59.87,59.4,59.56,2272572,-0.1477670188325528,-0.139026152961795,0.4068355287256164,0.5017935515702618,-0.0167238488297813,0.3223250452315794,-0.6864721473117807,-0.6558533942938961,0.1550828200790966,-0.2874356499433469,-0.0018055193948059,1.0348205395128225,0.3445369816454938,-0.3421156862854202,-0.9336643308129065
2014-08-12,ALL,59.6,60.19,59.58,60.15,3453229,0.583730654801914,0.5855469820164036,0.6329672993096701,0.6210485949553446,0.0234958563065139,0.3603541170663922,-0.5868988654700688,-0.6293121051826819,0.2570914506633746,0.5554481267897695,-0.000169956884338,1.4055283978396005,-0.1482565231863494,0.6708895202571193,-0.7461381275385869
2014-08-13,ALL,60.25,60.47,60.025,60.11,2574529,-0.0743978967498431,-0.0659677832288552,0.5700999179000917,0.545344445018508,0.0515061664463979,0.3593506019935174,-0.5145598122335122,-0.6442174593916821,0.3249365915657382,-0.1300448620100641,-0.0018195285117122,1.1312367330576527,0.5834319784377757,-0.2018725661652338,-0.974343656023722
2014-08-14,ALL,60.19,60.79,60.19,60.78,2512904,0.6609464810548941,0.6615394228386537,0.8016800452147671,1.0750269904702017,0.0972555701069313,0.404207911285699,-0.4081426601103284,-0.6374320092289549,0.5843768478362087,-0.1943232613514497,-0.0005319763411216,1.43488793118942,-0.0748682610809511,0.7142641642920647,-0.7686105794241188
2014-08-15,ALL,60.95,61.12,60.38,60.69,2418628,-0.125184647442489,-0.1165302437796596,0.7008374787305154,1.0185533038535972,0.126812341926314,0.3984142031102495,-0.3308905720882933,-0.6329680735447415,0.4977938948140889,-0.2766835524042629,-0.0017873084794448,1.1245272909233377,0.6606679482146859,-0.3486047238114899,-0.5751394232264101
2014-08-18,ALL,60.97,61.3,60.89,61.28,2058274,0.5722476894274825,0.5742379788102784,0.8882440293827422,1.755362727360117,0.1698026001646508,0.4283567993599775,-0.2241868867921135,-0.6180686500250555,0.6603978464425061,-0.5552262685670699,-0.000666100692382,1.4286424286920647,-0.1256682606654053,0.3578240658379709,-1.0337235018103272
2014-08-19,ALL,61.22,61.29,61.05,61.09,1624885,-0.2260284700218328,-0.2170512668919369,0.7348603365468995,1.732579670759832,0.1924801882511134,0.4000264130636373,-0.1614497121298272,-0.6064888121588424,0.5909952237252675,-0.8633178286806569,-0.0016196014221427,1.2933973554342346,0.5719460174677644,-0.1867499397938453,-1.2639085070209275
2014-08-20,ALL,61.12,61.44,60.91,61.4,1449644,0.2829311401952957,0.2886206769037303,0.801893522442563,1.4857497468038046,0.2184384237748533,0.3858064340550335,-0.0855135552294976,-0.6051072508249665,0.6054993407260998,-0.9942484899254368,-0.0008536245080047,1.4152348308835938,-0.2265383906748693,0.319797648178971,-0.8719321167608308
2014-08-21,ALL,61.4,61.56,61.1,61.51,2367579,0.0785411576786559,0.0860469280547248,0.7814578187410562,1.800867963989944,0.2388897201114599,0.3602556841803085,-0.0173259510569755,-0.6048856551940365,0.5908301035507317,-0.3663508048874446,-0.0006853854325638,1.4091649434967115,0.2825539933605989,0.1090368101820746,-0.9680627171731314
2014-08-22,ALL,61.27,61.47,61.085,61.22,1978442,-0.3265228008892525,-0.317386528031547,0.5791619311708017,1.304032007182478,0.2392305464267509,0.2880510806396661,-0.0175743692080969,-0.6385108158228647,0.6639328262649822,-0.6611738015537576,-0.0016305459670675,1.2136248530589189,0.0781106910168758,-0.0879713453384202,-1.0672103599164475
2014-08-25,ALL,61.52,62.005,61.38,61.91,1893838,0.6687034975235909,0.6691683864490104,0.7924461063998087,1.599899771279041,0.2619404130619276,0.2878649225161154,0.0064069114898725,-0.6172017979453304,0.8388330535286148,-0.7148730666031888,-0.000811147390146,1.384125776182271,-0.3270589377994594,0.452636573537191,-0.7499729533860372
2014-08-26,ALL,61.88,62.09,61.74,61.86,1876351,-0.083277126478109,-0.0748048216153611,0.661871181836822,1.3517912974318602,0.2731258005444875,0.2580521850679136,-0.0902838439169649,-0.7503101740068301,1.07077551625063,-0.693410538681495,-0.0016127442296651,1.302849126989262,0.6684269882795085,-0.0507353566595365,-1.1197865437436283
2014-08-27,ALL,61.6,61.68,61.42,61.53,1666495,-0.3651194244699118,-0.3559653144609634,0.414265287651529,1.290879197156752,0.2642605715658688,0.1825920535019266,-0.2861154991425098,-0.7336355646262677,1.03037134990217,-0.8129606406951189,-0.0016219195756279,1.0621953859418014,-0.083749807160478,-0.1121708521733137,-1.239160344986951
2014-08-28,ALL,61.33,61.54,61.13,61.15,1847137,-0.4174922928397692,-0.4083524470151517,0.1894303969662137,0.7931449801831969,0.2378418417314975,0.0770415392231932,-0.3606053280340932,-0.9594930532421386,0.510943643948707,-0.5597467849545639,-0.0017295452299437,0.7237232527231607,-0.365665630196946,-0.2480566670927286,-1.032538088050956
2014-08-29,ALL,61.26,61.5,61.06,61.49,1934718,0.3131647541603496,0.3185294414531092,0.2632772870329324,1.0286894383227163,0.2259845731855058,0.0300820784865422,-0.4837034786829063,-0.9864141325148158,0.6787552636762011,-0.4472708818371358,-0.0006243108518159,0.9404835576171936,-0.4180521612338821,0.2573418002212826,-0.9949671237104648
2014-09-02,ALL,61.73,61.97,61.52,61.83,1827107,0.3112507084447408,0.3166363897866097,0.3472663076172076,0.9309107009526636,0.225670982498453,0.0222277379861571,-0.5304088888576881,-1.052921126088212,0.5474212374926415,-0.4077018008387967,-0.0007651237932139,1.1864137077611163,0.3127954944591065,0.096074158946911,-0.984767426349278
2014-09-03,ALL,62.09,62.09,61.61,61.64,1479366,-0.2243113774319301,-0.2153383042505352,0.2041673237961351,0.7974431695373395,0.2137843768988309,-0.0138444755741053,-0.6267431368598938,-1.0464076013401202,0.5287927725669906,-0.6685844005733826,-0.0015726246932802,0.9989969445225214,0.3108809494206574,-0.5738814296146512,-0.9423360262550512
2014-09-04,ALL,61.67,61.87,61.32,61.37,1563772,-0.3057032157417766,-0.2965865403816427,0.0489592420588238,0.2278866967754113,0.1898534836020736,-0.0737040356169627,-0.6803888362894626,-1.0864253969145132,0.2737604393074276,-0.5589957345267639,-0.0016384982299296,0.6708107822062364,-0.2248208501418784,-0.393845909507773,-0.8444203205250811
2014-09-05,ALL,61.39,61.465,61.1,61.35,1871774,-0.053285447483367,-0.0449607172125265,-0.0037451777169034,0.2853086662972086,0.1664856826237543,-0.1201422937170069,-0.7818324820598536,-1.106469756917645,0.3376749811152282,-0.2122865016290392,-0.0017952527673241,0.6493644497066117,-0.3062339213844314,-0.0755439723632916,-1.095489935163555
2014-09-08,ALL,61.84,61.84,61.195,61.39,1203745,0.0075959944371826,0.0155769540658883,-0.0236465974285081,-0.0976941130831968,0.146159778565196,-0.1494631098906623,-0.8640436026510359,-1.118155670159948,0.2558658552401309,-0.8240060030170502,-0.0007990321019633,0.5778500993268075,-0.0537503041465828,-0.5760950651206346,-0.7156950633013052
2014-09-09,ALL,61.29,61.36,60.73,60.84,1757555,-0.5907728898381147,-0.5819968492232157,-0.2869312417672856,-0.3773805968454415,0.1054935526648924,-0.2252754010994242,-0.9844382457197992,-1.0625648750538774,0.1481507095127135,-0.2393034470552806,-0.0018012212341012,-0.2125901409557629,0.0071470200981189,-0.5810286298595118,-0.7283268356156313
2014-09-10,ALL,61.06,61.15,60.79,60.89,1475842,0.018169339507941,0.0260845663948664,-0.2812614811778469,-0.6006812842663665,0.0726988899287891,-0.2656639659877139,-1.0448069650918443,-1.11037415627355,0.013205455001542,-0.4484390598627095,-0.0006555572530364,-0.4888490177494833,-0.5913779624607082,-0.2366638072790984,-1.0985876634097618
2014-09-11,ALL,60.8,61.24,60.78,61.21,1764753,0.2941935118759637,0.2997637269977317,-0.1676980729200119,-0.4179867900043858,0.0569500606518849,-0.2540991360118316,-1.1378122593991689,-1.099622735665401,0.1012837302101785,-0.0937973328181404,-0.0006632163568275,-0.0967421704120584,0.0177231234690832,0.483160947760419,-0.9650080144452567
2014-09-12,ALL,61.08,61.27,60.76,61.0,2215700,-0.2465916626351231,-0.2375686837834185,-0.2622595073151175,-0.3604753974224504,0.0341149222869983,-0.2630873096355079,-1.152633374481185,-1.1589402140430187,-0.1143173430324695,0.4246588752679743,-0.0018446009787299,-0.6760439822002882,0.2938193030899089,-0.1252710828263962,-0.8945396654403235
2014-09-15,ALL,61.15,61.87,61.09,61.62,2063149,0.5997905675895829,0.6013601299556366,-0.0169263640494603,-0.4193035655818411,0.0382809824955874,-0.2007772282215675,-1.1835540166042924,-1.103411050377478,0.0575764536823619,0.2774267765562386,-0.0005270472792604,0.2940807208708385,-0.2471069476698231,0.5543758289560459,-0.5363763138062592
2014-09-16,ALL,61.35,61.8601,61.29,61.71,1616950,0.0579358520289943,0.0655878995089424,0.0123175076016048,-0.3068476393283494,0.042933570791368,-0.1496768481693779,-1.1759538169070352,-1.154556102522083,-0.0644218535495826,-0.2020459248299758,-0.0007968081858388,0.5140633226133638,0.5994960808230084,0.4170191077887469,-0.8213899518416096
2014-09-17,ALL,61.73,62.0,61.58,61.75,1638870,0.0073591911071524,0.0153416024861138,0.0152369486806492,-0.0016473749552046,0.0459689644470676,-0.1129591752918111,-1.175789202125519,-1.1626589472175235,-0.0088074017982418,-0.1778082975298092,-0.000853325041795,0.6118333678322582,0.0575000099993968,-0.0018384088942922,-1.0244710903931422
2014-09-18,ALL,61.9,62.41,61.79,62.32,1881219,0.541693533858249,0.5441366419617162,0.2388289434496876,0.7554740000629422,0.0683235145347511,-0.0338578609056764,-1.1189405927410274,-1.1286036973922997,0.0525820984446719,0.0724519459137271,-0.0008507395289188,1.264797598401331,0.0069101549924945,0.4863126860985133,-0.7621946828839666
2014-09-19,ALL,62.55,62.59,62.02,62.2,2756492,-0.1528767314315016,-0.1441174358805764,0.1727093673118407,0.4209067447175065,0.0787134811577752,-0.0013734412691007,-1.0856110920572002,-1.125252043546736,-0.0027278167644884,1.0240606191711494,-0.0017459707286632,0.7458729459549452,0.5413838911444288,-0.449068346316853,-0.8275893363926845
2014-09-22,ALL,61.94,62.02,61.74,61.84,1740426,-0.3933319514036002,-0.3841800178153832,0.005823502680986,-0.1804509718689443,0.0702733702062242,-0.0238542010842556,-1.0857738980663914,-1.1176561311723308,-0.0187402508992299,-0.0941543648955451,-0.0016308482067946,0.1024829709660789,-0.1533675687713324,-0.1482923099125014,-1.2139720125091242
2014-09-23,ALL,61.68,61.77,61.13,61.31,3786202,-0.5665788353260627,-0.5577227288163762,-0.207439642198326,-0.445538755508754,0.0405623204131745,-0.0965898393433693,-1.091867063752099,-1.1503313323915412,-0.309811462893362,1.986609194080417,-0.0022243767668377,-0.8447300477675338,-0.3938855170170592,-0.4795292698781663,-0.7213491815314839
2014-09-24,ALL,61.28,61.86,61.19,61.68,1370487,0.3427252727935718,0.3477583809619523,-0.0457288114872299,0.0458124990607755,0.0295410125803244,-0.1066712758818234,-1.0980277670990162,-1.1254401910400071,-0.2102118173705063,-0.5654885017607505,-0.0006928976058264,-0.18346812902898,-0.5671775963731711,0.4668413157281035,-0.6860324641577225
2014-09-25,ALL,61.47,61.58,61.02,61.09,2005855,-0.6285252603694877,-0.6198931751988159,-0.2881610568514781,-0.3607550290737901,-0.0040625840480681,-0.1728628477269002,-1.0871091183793111,-1.088865088529703,-0.2725002194685966,0.1006361065663393,-0.0019143565847582,-1.2379128102607286,0.3423637246333866,-0.4933684194242781,-0.8273546536037262
2014-09-26,ALL,61.1,61.63,61.02,61.41,1279288,0.2931223396548789,0.2987039898309319,-0.1571059256552182,-0.1765591825869302,-0.0195704188077998,-0.1792379256646065,-1.0944073026192649,-1.0943939421042423,-0.1050320948515727,-0.6554204508517351,-0.0006775804589344,-0.6660106102706363,-0.6291401815660862,0.357006745376914,-0.7634795062981866
2014-09-29,ALL,61.03,61.54,60.87,61.29,1279228,-0.1546531754377842,-0.1458875706978235,-0.2040647249547903,0.118638402093583,-0.0378430735513498,-0.1914545870578075,-1.091638735535105,-1.1101608081083272,-0.2152458536593357,-0.6305987122157302,-0.0017122072014145,-0.880473935266921,0.2927478514289175,0.2955491568583644,-0.6802719215106156
2014-09-30,ALL,61.12,61.61,61.04,61.37,2256877,0.0482675072809169,0.0559858596682458,-0.160114881415122,0.1368788107083186,-0.050292235755695,-0.1862383466256389,-1.099132867362919,-1.1290406779704836,-0.2767412676562103,0.4208033879548415,-0.0002457378451711,-0.7374983852693979,-0.1551444762038851,0.2827139839968017,-0.8172601904683947
2014-10-01,ALL,61.33,61.61,60.66,60.81,2238367,-0.6010993671384491,-0.5923603986146052,-0.3816926482652671,-0.4463195669114586,-0.0829375270995848,-0.2340498430164987,-1.0751623080672472,-1.0884198312637867,-0.3652354847586616,0.3514523345949306,-0.0019701742479584,-1.622946707210027,0.047829143041259,-0.6668991088758615,-0.2893371165381526
2014-10-02,ALL,60.92,61.43,60.74,61.14,1961656,0.3048620785488758,0.3103174140112288,-0.235794282182382,-0.101225918659777,-0.0964066217928286,-0.2229398400612714,-1.0703814221852184,-1.0777207821512187,-0.2225186050692058,0.0334053939300198,-0.0003786967567461,-1.054563335522973,-0.6017071336601136,0.2465231197839995,-0.6507744570370428
2014-10-03,ALL,61.69,62.16,61.68,61.73,2737743,0.567793000523067,0.5698502204468238,0.0081952034019008,-0.1195897951074336,-0.0845822821758495,-0.1489469731993157,-1.064842204322315,-1.0265706789628133,-0.0765089168364372,0.7910426618935563,-0.0003231495349546,-0.0383627619006664,0.3044906529037715,0.0226714764823897,-0.9432822259695364
2014-10-06,ALL,62.05,62.23,61.5,61.62,1549940,-0.1439369814097721,-0.1352102041824658,-0.0437286505287334,-0.2455321810978887,-0.0803108929166725,-0.1091938439095995,-1.0629515312508435,-1.0243741512683266,-0.112453226154992,-0.4531861676265539,-0.0016337418008583,-0.2278238857963511,0.5674901664553085,-0.5498825076475403,-0.6040011588881521
2014-10-07,ALL,61.39,61.67,60.88,60.9,1757200,-0.7604512036972103,-0.7525046177268556,-0.3525535224185924,-0.6553688443930659,-0.1057390854718393,-0.1538375528010733,-1.0672359921509684,-0.9940498843165244,-0.1529931730675666,-0.2404137386343126,-0.0017587390212353,-1.4679330603862906,-0.1444254866102317,-0.6293524643361167,-0.5102191569795009
2014-10-08,ALL,60.92,61.7,60.845,61.64,2261186,0.7235055620213462,0.7230390160268221,-0.0525298761342997,-0.5506443532195783,-0.097341986564073,-0.1024868019780409,-1.086440744459175,-0.9241646122747,0.0134215909137558,0.2315521837578874,-0.0004270048161049,-0.1933764087244028,-0.7611005408098895,0.8666132803262685,-0.4353142521700656
2014-10-09,ALL,61.55,61.86,61.0,61.01,2819250,-0.6693127793285449,-0.6608623066172641,-0.3172263138545979,-0.7685328533028001,-0.1158420569853973,-0.1306390521482726,-1.0769112413204769,-0.8840222683651664,-0.21546436849523,0.7206230921589493,-0.0020287103866314,-1.278471936490606,0.7232433491560142,-0.6891591826442605,-0.4165469948075029
2014-10-10,ALL,60.95,61.86,60.95,61.16,2029157,0.1200723985937086,0.1272628054249317,-0.2565820001908989,-0.5320662847616152,-0.1248570172307935,-0.1287463419741414,-1.0851201906782504,-0.886745617361766,-0.1289548526155865,-0.045176942892385,-0.000453455559789,-1.0201158584510377,-0.669938340887412,0.2339931273028798,-0.351294764287477
2014-10-13,ALL,61.3,61.79,61.045,61.06,2521914,-0.1347913954038504,-0.126099211011215,-0.2873944630418818,-0.3251469620189315,-0.136064672085687,-0.1328761320132886,-1.0758602174389895,-0.9364242733409126,-0.3009477015835392,0.4127963311902574,-0.0020064308471101,-1.1923532438107418,0.119652766311172,-0.3221147309282096,-0.5744726030484276
2014-10-14,ALL,61.46,62.035,61.25,61.62,2896415,0.5379915265389199,0.5404885049715425,-0.0462988016986608,-0.2205599529763618,-0.123183819525566,-0.0741765606327461,-1.0783020285327716,-0.8952687089584097,-0.1888963218835197,0.6932400322095861,-3.255723252168006e-05,-0.2278238857963511,-0.1352775147678887,0.1703688644671558,-0.5296138292980661
2014-10-15,ALL,61.3,61.43,59.73,60.57,3434712,-1.0938681523263991,-1.0889255055599418,-0.4699084014783437,-0.4418184451877971,-0.1542174797053356,-0.1402521033493496,-1.0405983766016602,-0.7744410169569209,-0.4481268028568673,1.0711791664290915,-0.002242020613606,-0.904969746280482,0.5376809180713591,-0.9260360152451832,0.7477789662838384
2014-10-16,ALL,59.76,60.33,59.28,59.86,3694378,-0.7627831756914712,-0.7548512633780569,-0.7220738155973097,-0.8970430149134513,-0.206075011892026,-0.246712825593502,-0.9756522768580088,-0.7781236205945479,-0.7472091675421003,1.1756965354844913,-0.0029223756876219,-1.2988178028578738,-1.0946044689173708,0.1001087924527505,-0.1294478190204301
2014-10-17,ALL,60.27,60.81,59.69,60.64,2709009,0.7782513550253369,0.7768075731030296,-0.3548171907740997,-0.4583535546739735,-0.2156849458658013,-0.2231368128649291,-1.0071334438813817,-0.6915264230090433,-0.5358212784686773,0.3192942885676724,0.0018771902300218,-0.34879875442866,-0.7634331211526711,0.4374989545274123,-0.0520468164703605
2014-10-20,ALL,60.46,60.95,60.31,60.85,1837696,0.1826073189981214,0.1892711612203355,-0.2436092016070082,-0.4006118089473286,-0.2142624607951004,-0.175878745980438,-1.0270352209298153,-0.6926996202021681,-0.4025947379269245,-0.4442571174438346,-0.0002463539874618,-0.1121621026107185,0.778003423859042,0.4610337007594179,-0.714772544404876
2014-10-21,ALL,61.1,62.215,60.92,62.03,3165009,1.1743085460743825,1.1644103750833823,0.2472707232966977,0.2683393411032609,-0.1664726339225269,-0.0187235528707745,-0.9865924415487826,-0.5786070800015392,0.0049959854234058,0.7487240265682905,1.99694508113326e-05,1.217510512366281,0.1822040003876228,1.1236533378399547,0.1485828014042107
2014-10-22,ALL,62.0,62.4,61.78,61.81,2702565,-0.2538048170269886,-0.2447673920237535,0.1500673588454465,0.0657305059900782,-0.1373697176392318,0.0589008154481295,-0.9789152987593668,-0.5844457110176042,-0.1365228083804417,0.2732467392756056,-0.0019837445386408,0.8142674999201102,1.1741639355340878,-0.2578462150560351,-0.7553534614110345
2014-10-23,ALL,62.4,62.42,61.88,62.0,2454653,0.1583811956593522,0.1652563981248203,0.211808460469731,-0.0807558618485701,-0.1072872757821951,0.1235215920679081,-0.9479559590264812,-0.6184468951013828,0.0512946996845708,0.0408081661516211,-0.0003244681830161,0.9982430051464362,-0.2543219837788852,-0.510622865985814,-0.8654518986544546
2014-10-24,ALL,61.72,62.63,61.72,62.57,2015519,0.5393762371771701,0.5418530909435133,0.4307621283031121,0.1694067104766325,-0.0619955085541016,0.2143667550461465,-0.8707146711573477,-0.6001787532166445,0.1099436241557979,-0.3582859310052631,-0.0006761828870411,1.3833411724177946,0.1579715571074777,1.014173037389078,-0.3792385245119022
2014-10-27,ALL,62.71,63.22,62.57,63.13,3801770,0.5242119000392971,0.5269075054344856,0.6300605249131156,0.6698965074087967,-0.0056928200432875,0.3153848072616865,-0.7462171562528053,-0.5825781393101293,0.2734310469219215,0.9781052062094824,-0.0003552576598058,1.3669456713883652,0.539065989943222,0.4796912591820403,-0.7332285636242473
2014-10-28,ALL,63.4,63.7,63.22,63.23,3401950,0.0656227396167148,0.0732210084491101,0.6319145283380686,0.4793097107077204,0.0406977512472491,0.3706856299424087,-0.6395939253477473,-0.5825956223027232,0.2776425240383635,0.6006902962169792,-0.000640997024098,1.089402434863024,0.5238976968392881,-0.2289002019157967,-0.9586556643163792
2014-10-29,ALL,63.28,63.46,62.64,62.98,2563199,-0.2791530788676855,-0.2700715282254481,0.4777912723169454,0.6864876479745817,0.0651762545977402,0.3585250024171281,-0.5926842186139977,-0.61326890213364,0.3566113984995722,-0.06378815034821,-0.0016152890883212,0.901383117134376,0.0651889028885119,-0.38449505193142,-0.5062253825598287
2014-10-30,ALL,66.44,67.21,66.4201,67.17,1991222,4.108972472652393,3.963237067598487,2.124144178809676,1.4706072977294746,0.2449558979114019,0.7485389612127321,0.0315775158884952,0.4226369655362638,1.2810002108300311,-0.5065916023816488,-0.0009083872319855,1.4261111277921703,-0.2796768582965908,0.8037978857369655,-0.6112592166246247
2014-10-31,ALL,64.15,65.0,64.15,64.85,3055369,-2.1833406462481,-2.201135334149292,1.07097295067199,0.6773306181599251,0.2910760148689842,0.7165128083059881,0.1630875518517393,0.6945691442473182,0.5748207094029907,0.3009201656924964,-0.0017005454370905,0.4535889125504787,4.10959343668276,0.798098875682085,-0.4989610564193894
2014-11-03,ALL,64.5,65.0,64.5,64.72,2207388,-0.1578001274744453,-0.1490234703075719,0.9477294821793756,0.5440638722337241,0.3171581662498212,0.6393145075319181,0.2580423123142538,0.6949323281575861,0.5713789981426219,-0.370838557162832,-0.0016388254146521,0.3990941332481446,-2.184361176792577,0.2313794605454542,-0.9474668275618252
2014-11-04,ALL,64.9,65.15,64.58,64.89,2210752,0.1305371209587885,0.1376437388298149,0.9319056001409636,0.9101871260416612,0.3389159643475559,0.5664250560040348,0.321762933206043,0.655906628065478,0.7947452601094355,-0.382424151773332,-0.000779937099983,0.4703565369512002,-0.1582922491953521,-0.0379578120503614,-0.8592497766494053
2014-11-05,ALL,65.48,65.75,65.14,65.74,2520754,0.7825276412415867,0.7810055603581375,1.19890335320199,1.289241115262759,0.3834946348994236,0.5668540276261275,0.4487510507878423,0.6591104680259268,0.8094025607542915,-0.1585008437830168,-0.0007904569200872,0.8266685554664717,0.1301202186397272,0.2736752656041919,-0.8180059165826689
2014-11-06,ALL,65.69,66.24,65.6,66.13,2538877,0.3363473494710444,0.3414531658034171,1.2494874955209687,1.2387037105048262,0.4275476060201009,0.5658440636376308,0.5506679398959182,0.6238246932447921,1.0650281073909356,-0.1350366788072705,-0.0008510318973706,0.9901528933734798,0.7822808256428887,0.479738944207157,-0.7847588009018506
2014-11-07,ALL,66.11,66.405,65.91,66.25,2125013,0.0799778644007387,0.0874731835122555,1.1880260713397854,1.226543190717742,0.4601817502144587,0.5356442285091997,0.6312866139374581,0.6243134017801624,1.0548012884878013,-0.4490997526202701,-0.000955424000049,1.0404557665756382,0.3359841374828941,0.1336781537659721,-0.9686261575507
2014-11-10,ALL,66.75,66.875,66.47,66.76,2025269,0.4462733776920821,0.4500363067443678,1.2753018971973706,1.1295057453737471,0.4986714029451919,0.5265563385787582,0.7083147310568747,0.6195676806975703,1.2035242336238583,-0.5098200394448562,-0.0009945924574118,1.2542429776848047,0.0795477725369456,-0.0149979313548957,-1.085736001233531
2014-11-11,ALL,66.71,66.975,66.545,66.63,2059172,-0.1542294893491209,-0.1454653847700703,1.1128918162982184,1.1661318451007194,0.5164095109793478,0.4658719078152731,0.7670048058750465,0.6226477349970517,1.026609598272941,-0.4592612459823769,-0.0014742760239863,1.1997481983824647,0.4459388424362477,-0.1169198009346075,-1.053479541629253
2014-11-12,ALL,66.44,67.21,66.4201,67.17,1991222,0.4715715728755514,0.4749985205809011,1.192689052435275,1.217558436464856,0.543754921905407,0.4420533954622208,0.7645451163756173,0.5356794122334672,1.432840481706101,-0.4682430876584879,-0.0009983979327268,1.4261111277921703,-0.1547206795869624,0.8037978857369655,-0.6112592166246247
2014-11-13,ALL,67.17,67.32,66.71,66.92,1962911,-0.2647142114995847,-0.2556565281076874,0.9394488751214568,1.030502365459066,0.5475791580682491,0.3624554866472325,0.6347529378259886,0.4946319390746196,1.5646820813510072,-0.4361305165271549,-0.0014640603164522,1.2686097331919726,0.4712436372356869,-0.3075127141733038,-0.8316418283727374
2014-11-14,ALL,67.01,67.01,66.43,66.58,1559627,-0.3493100411018611,-0.3401603306906983,0.6758651274127843,0.7988717222672818,0.5294299003690941,0.2422177646597034,0.5065967875342116,0.5038820522988856,1.2711461396496346,-0.7360425574471322,-0.0014338263801958,1.0919665784828387,-0.2652342242179014,-0.5111287821484735,-0.8653146110252787
2014-11-17,ALL,66.11,66.74,66.11,66.66,1172090,0.041810850908741,0.0495726532792986,0.5871924779514734,0.7950576116679475,0.5106127674853355,0.1443084878417249,0.3532237840066884,0.5060301749773018,1.2348049352757582,-1.047331909673085,-0.0010884578793666,1.1000725311441304,-0.3498521225876919,0.6022340744404915,-0.8036740137996329
2014-11-18,ALL,66.88,67.15,66.59,66.79,1802563,0.0884192716019958,0.0958525204995088,0.5411012100253699,0.917000588291463,0.4934321674939745,0.0701934738800897,0.2697289568571945,0.4623638196802055,0.9595257216929124,-0.4658470415522238,-0.001017976226566,1.1282687138278005,0.0413708023017914,-0.1279861182056962,-0.8925534062289103
2014-11-19,ALL,66.99,67.4,66.68,67.37,1877550,0.507648690428991,0.5105791035488015,0.6594362217290339,-0.0988870425203014,0.4952377516920921,0.0597715739746432,0.1563405214985237,0.4546800773809809,1.1536234437828912,-0.370268716941654,-0.0010261624447097,1.4253214553401965,0.0879913818733894,0.4022500764178216,-0.700639341097063
2014-11-20,ALL,66.94,67.48,66.88,67.29,1635512,-0.1069257298542266,-0.0983472090210482,0.5186620740340481,1.4829244052091248,0.4862192669854993,0.0235730870217432,0.0078837456166157,0.4604409608989587,1.0856173559648896,-0.5592307411166743,-0.0014176868640704,1.3332269306453053,0.5073301663348683,0.3687107094705469,-0.84820433329489
2014-11-21,ALL,67.89,67.91,67.26,67.4,2686516,0.0687781303001127,0.0763540511347362,0.4639779270624942,1.6559562805343702,0.4762155164953872,-0.0079217597063839,-0.1253492970669303,0.4563775051474637,0.966229845453894,0.3588298855145826,-0.0009359463107039,1.1254007401899568,-0.1074045798186086,-0.5716159282095825,-0.7875915765897228
2014-11-24,ALL,67.65,68.09,67.61,67.92,1592459,0.4473330296376215,0.4510820875829907,0.5731162112312499,1.739220088757221,0.4815057616321994,0.0062488443745672,-0.2173809459094562,0.4541749384642814,0.946867612188773,-0.5465699068489022,-0.0010789708513488,1.3391886858873396,0.0683451167281308,0.2752205074355225,-1.002342560836983
2014-11-25,ALL,67.61,67.91,67.36,67.58,1593362,-0.3446528856535379,-0.3355052404629635,0.3504545223031017,1.126880605034994,0.4652580596412684,-0.0378529775000097,-0.365052342233735,0.4681389472033951,0.8429056282529847,-0.4798929340946401,-0.0013974123150628,1.1318085532762463,0.4469987708163648,-0.0598404904317928,-0.9130541058229488
2014-11-26,ALL,67.66,67.75,67.41,67.52,1494481,-0.0882710097565633,-0.0797755297315171,0.2357812014491627,0.8916177457821295,0.4432150539717171,-0.0880514469045171,-0.6254244476118713,0.4608978944004239,0.8912231902246606,-0.5378703316668257,-0.0013963777199226,0.9619692404308946,-0.3451937522132742,-0.182645991032928,-1.1716572488783248
2014-11-28,ALL,67.7,68.475,67.7,68.15,1097138,0.5479068542247363,0.550259065154855,0.4642499045129298,1.1129102765528254,0.4437286925346421,-0.070149808477681,-0.5758764045654042,-0.5791019952509218,0.0467975556909348,-0.9131534624168136,-0.0011232837701363,1.1930847638301634,-0.0887449932082247,0.4758740447467576,-0.6435738488641823
2014-12-01,ALL,68.07,68.08,67.61,67.61,1925339,-0.5263099131798428,-0.5173416334351935,0.196676925618888,0.3894030503888638,0.4163877162153151,-0.1275257969366502,-0.6485187998453174,-1.121995161789322,0.4575789742750981,-0.0004296713769592,-0.0014436383730948,0.7195033987620069,0.5475988323984148,-0.53687657985145,-1.0119687163842863
2014-12-02,ALL,67.51,68.14,67.51,68.11,1902941,0.4274242904683301,0.4314310065792645,0.3253905673092493,0.7388140377301163,0.4079983203900323,-0.1246455457563226,-0.7401739603497633,-1.1178860451379975,0.6017968893967439,-0.0079247783361478,-0.0010286165081869,1.1313700843709364,-0.5268981691525869,0.6451553954686376,-0.8204423639796666
2014-12-03,ALL,68.19,68.43,67.7,68.07,2425507,-0.0695592716516673,-0.061152680647604,0.2465370967721987,0.4423820275328206,0.3935427826075015,-0.137955489783717,-0.8584251763736668,-1.112160182949666,0.5522522453606766,0.5365909276888375,-0.0014960495897077,1.0391925385004674,0.4270848379946406,-0.1592717381145585,-0.6975553187436182
2014-12-04,ALL,68.12,68.66,68.06,68.39,2551397,0.2596816710594369,0.2656111842802079,0.3189734763222463,0.8253461692789592,0.3885058729645506,-0.1243600583124135,-0.8848732853233923,-1.183310892677809,0.4245424634846081,0.6683539184138862,-0.0009494488759288,1.1495686165361998,-0.0700283737161496,0.2731400256769148,-0.8601568339553524
2014-12-05,ALL,68.46,68.98,68.4,68.68,2185027,0.231002068873846,0.2372158226129052,0.3814269716296539,1.277231102513931,0.3897384170631434,-0.0973462471308712,-0.8720872406092515,-1.1904040301535574,0.3988424404545029,0.3006628304470572,-0.0010155620158899,1.1180401654721253,0.2592984590660721,0.2164732933654493,-0.8875134971744194
2014-12-08,ALL,68.77,69.41,68.61,69.14,2551560,0.3839913950575838,0.3885385608614866,0.5029595144936372,1.3995073713735593,0.4024830929186879,-0.0461031692201625,-0.828049442707807,-1.175947692413575,0.4731891349362465,0.6633499871087329,-0.000997525991536,1.1709002627657767,0.2306113751467361,0.3801711692177345,-0.6270096468214248
2014-12-09,ALL,68.66,68.87,68.41,68.83,2349567,-0.3121396881856214,-0.3030162080152176,0.34156344708278,1.068471883602468,0.3941435141077573,-0.0593792154457708,-0.8015734871029823,-1.1721320125533925,0.2879028810685044,0.4279586428234004,-0.0014501549909155,0.8586286637939033,0.3836406121143452,0.1607472923915435,-1.0343459052734625
2014-12-10,ALL,68.79,69.5,68.55,68.55,3031733,-0.2862613416075894,-0.2771692740553814,0.1952236535097403,0.5870717455010968,0.3705471842872503,-0.109270666885808,-0.8145682540250917,-1.1597660172454942,0.2557284393793345,1.0669608789078742,-0.0015320087789852,0.5113234540895295,-0.312672072930126,-0.2899076024393262,-0.4363448142977967
2014-12-11,ALL,68.59,69.66,68.33,69.06,3088811,0.4301928573753583,0.4341641161764604,0.3555506575573685,0.8731560813987485,0.3660030988687499,-0.10014367892413,-0.7765427329684148,-1.165216035593913,0.2457667392801838,1.0396016488709587,-0.0009136618694626,0.8810452529068357,-0.2867869753902917,0.4913877650139087,0.0137056797330734
2014-12-12,ALL,68.27,68.92,67.38,67.42,2952338,-1.5114666700089654,-1.5128813498862677,-0.2886124799869213,-0.1798409493426021,0.292787433408873,-0.2696015534264619,-0.7974832757083258,-0.8534166140805708,-0.0577448104545002,0.8330322821698612,-0.0015238807822691,-0.6546329784750506,0.4298541271460124,-0.9669788825727624,0.3123385618534469
2014-12-15,ALL,67.71,68.3,67.09,67.37,2793835,-0.0791678299833061,-0.0707148944351604,-0.3231110015559574,-0.4604359842637353,0.2284659564825218,-0.3822743648530655,-0.8437293559819672,-0.8668980335081728,0.0067852028778334,0.5998780135644401,-0.001538781366993,-0.7014524367488859,-1.5123119267763532,-0.4056934073685393,-0.0944790182727352
2014-12-16,ALL,67.25,68.42,66.808,67.21,2495184,-0.1808554166567667,-0.1720026323004991,-0.3954783872579969,-0.3772764784014447,0.1675660845066309,-0.4636054617534763,-0.8807727451363903,-0.8632577512100471,-0.0463007985714492,0.246275590904014,-0.0015387102436666,-1.2099697060267027,-0.0796394386611873,-0.0712544156340661,0.4075671137067246
2014-12-17,ALL,67.3,68.605,67.26,68.22,2743817,0.902588213361998,0.8987517939109624,-0.0329354703140311,0.1170155616618975,0.1555623187490651,-0.4028126035954923,-0.9291258612534052,-0.7750643907492658,0.1469678146414759,0.4217989017734578,-0.0008783512606202,-0.1634371585175836,-0.1813535528800352,1.006486455796704,0.0517933040472072
2014-12-18,ALL,69.17,69.79,68.84,69.79,2979948,1.3997966698296918,1.384005987125109,0.5252183442448296,0.4401897590787626,0.2037922578205897,-0.1991377977390801,-0.8401324176556535,-0.613838779431827,0.3600790816717788,0.569945230047863,-0.0008929177480002,1.442878752192886,0.9023727183244457,0.6508860919022592,-0.4568660073434293
2014-12-19,ALL,69.9,70.14,69.513,69.89,4939955,0.0562116335474902,0.0638756147068578,0.5124521585735596,0.7388833079499869,0.2414707310847381,-0.0633572444027123,-0.7747486847627959,-0.617202893294101,0.3999926408308232,1.9993771885332927,-0.0007277529332234,1.1934653715324344,1.3997108830517946,-0.037125103810321,-0.8436530050751342
2014-12-22,ALL,70.05,70.6,69.87,70.44,1937432,0.456944157609601,0.4605665969356499,0.6637662459548179,0.7527278498366485,0.2879612120840696,0.0679491544814202,-0.6752184715248956,-0.6051122619889012,0.4949430879096055,-0.4339132840694963,-0.0010723543879152,1.3026179278282264,0.0557753417158517,0.394314372951018,-0.7276267487644517
2014-12-23,ALL,70.49,71.14,70.44,70.75,1478971,0.2409958880181348,0.2471120724082217,0.7266710969282989,0.8555028384321495,0.3314881697038359,0.1653662154256403,-0.5580147276505995,-0.6145128858597352,0.4444626135513159,-0.8120920557477371,-0.0011201866578159,1.143610331231996,0.4566124060720929,0.2523536738825653,-0.766750026338244
2014-12-24,ALL,70.93,71.0,70.64,70.69,567802,-0.0857943787395433,-0.0773103421617295,0.6424209952754556,0.7393292942971093,0.3578016054949425,0.1989925553182015,-0.4898205564567117,-0.6301872112887366,0.5083911917792692,-1.560975259217885,-0.0012877583041813,1.0975690356995498,0.2406078014085661,-0.2819549047036527,-1.1668973973184609
2014-12-26,ALL,70.81,71.25,70.74,70.93,909628,0.1783765556137273,0.1850779802489925,0.6670207258246812,0.7254114444989856,0.3820009355615926,0.2204519554910162,-0.4304748912249982,-0.6338366433598396,0.5742460043383889,-1.2603968525691156,-0.0011693479554414,1.2034059714676324,-0.0862677161050514,0.1017192381477574,-0.9920874931608944
2014-12-29,ALL,70.93,71.53,70.76,71.0,1186164,0.0284456970427643,0.0362953290180234,0.6378219823400066,0.6098892334923901,0.3976539264867682,0.215621345801053,-0.3631409498002542,-0.6516984076475345,0.4467074395354077,-1.0240406082214584,-0.0011495091293574,1.0697707016116649,0.1779721333113094,0.0482446356847003,-0.6874864112982709
2014-12-30,ALL,70.97,71.3,70.75,70.94,1095125,-0.0856084691068384,-0.0771252954978496,0.5500615984530884,0.7515416284618784,0.4013747586649296,0.1810436868417898,-0.343422035508941,-0.6877466334652577,0.5558806881524392,-1.0854028584872977,-0.0013259596037538,1.027532054376053,0.0280021618280842,-0.0582533347747634,-0.9451796555640904
2014-12-31,ALL,71.16,71.21,70.24,70.25,1319986,-0.6385506789978379,-0.6299607210688681,0.2471039574630155,0.5245265138800096,0.3711931367937232,0.066117226569009,-0.348870689304509,-0.6461268310999259,0.2939709429497123,-0.8737483835346567,-0.0013461565561329,0.5417876111665411,-0.0860817579735436,-0.9924790648516112,-0.4405675510829642
2015-01-02,ALL,70.59,70.91,69.73,70.12,1766894,-0.1482066462519096,-0.1394641782758743,0.1586151818237475,0.2813691540873023,0.3365817079306438,-0.0372261885888736,-0.368301460966937,-0.6434960831933698,0.2748240127169528,-0.4544896790830215,-0.0013865422261188,0.4502705421560561,-0.6391682155554298,-0.5293529444715521,-0.1888393889101925
2015-01-05,ALL,69.68,69.78,68.64,68.73,2905053,-1.267147100139891,-1.2644901462420386,-0.3735407977174861,0.4150455720680609,0.249871076840536,-0.2540033703798298,-0.3790257901389035,-0.4965169436804899,-0.0944629588335642,0.5491376843262288,-0.0014921197891224,-0.5282581188022399,-0.1486962652926282,-1.05637102706652,-0.2089787879614823
2015-01-06,ALL,69.03,69.61,68.45,68.68,2626848,-0.0782877915593187,-0.0698390392263188,-0.3924493882323922,0.4150455720680609,0.1754656964325871,-0.3957516123868738,-0.3790257901389035,-0.5017865528498467,-0.1674769497128712,0.2781207427334114,-0.0014905036998895,-0.5634569914985795,-1.2679286205291156,-0.4093836927662893,-0.1837030972650005
2015-01-07,ALL,69.4,69.85,68.82,69.81,2090185,0.9913426636080682,0.985651652642224,0.0221473977309109,0.8518596483442405,0.1574595238037364,-0.3639796160597724,-0.3781267868745151,-0.4296935613190509,-0.0251571901339293,-0.1774957431981743,-0.0010262076309739,0.2320375314387368,-0.0787591706589396,0.4200268485084063,-0.3616850938851941
2015-01-08,ALL,70.25,71.15,70.21,71.15,2967847,1.1620443558609888,1.1524443144846046,0.4837976692823038,0.9336326127141662,0.1920164612190504,-0.2032654785981276,-0.3380388488246091,-0.3384040719052791,0.327551306607775,0.5706180817007512,-0.0009575452104826,1.1753673197006935,0.9911503222098564,0.9416066754005412,-0.4902640582335979
2015-01-09,ALL,71.08,71.12,70.37,70.42,2100799,-0.6717643828122396,-0.6633256901138622,0.1726492071934213,0.0819922960360012,0.1868237452693054,-0.1770090921154841,-0.3470456727074304,-0.3062403607373842,0.2331626943323046,-0.1549652939939438,-0.0014257545254466,0.6614637783341036,1.1618965459246502,-0.7278384727160208,-0.7037117938575244
2015-01-12,ALL,70.36,70.62,69.5601,69.7,1513094,-0.6695451342044486,-0.6610957737596945,-0.1107479581184075,-0.263933412061117,0.1509363860896478,-0.2350114662066909,-0.3539933847152949,-0.2818418375789889,-0.0313722336436867,-0.6340551599813465,-0.00138385639989,0.1546000115067857,-0.6723905839282523,-0.735017207561675,-0.3239928133283554
2015-01-13,ALL,70.3,71.19,69.56,70.12,2241008,0.3421599935251034,0.3471995717943729,-0.0036198289850703,-0.317445076982264,0.135763621975973,-0.2280943543736009,-0.4549098025422531,-0.4675909558308395,0.4206821084229842,0.0791718636183935,-0.001022456663167,0.4502705421560561,-0.6701707563784284,-0.2197635114361628,0.3460063981051877
2015-01-14,ALL,68.96,69.8,68.84,69.43,2692614,-0.6456321793041065,-0.6370729647858708,-0.3014810107988206,-0.6927813933242569,0.0938062324879638,-0.2915038295336454,-0.582538708051275,-0.4259322491805375,0.2815996720443122,0.5131455745351576,-0.0014878880578977,-0.0354739010534558,0.341798297898822,0.4886100591428202,-0.4389801736822586
2015-01-15,ALL,69.44,69.88,69.12,69.23,2058231,-0.2123364938613745,-0.203393540146764,-0.4140506525630094,-0.736288596564045,0.0504063798566801,-0.3459442849610212,-0.7581823506727717,-0.4245863153787024,0.2739280499456317,-0.0690956026247434,-0.001448284913328,-0.3476639963124379,-0.6462515632338992,-0.2547997721060121,-0.6764163006663089
2015-01-16,ALL,69.82,70.88,69.5,70.84,2182835,1.4148652941245436,1.3986531093323868,0.1398742779712413,-0.2177211672165582,0.0767928887768261,-0.2098677560149057,-0.8441200204945012,-0.3361400729949472,0.3965623311146292,0.0787519572337974,-0.0010072455788583,0.6981757454281734,-0.2128428426475694,1.0774190673590982,0.0321993317264687
2015-01-20,ALL,71.16,71.24,69.89,70.36,2113660,-0.4548460995073481,-0.4457435263045581,-0.0504119714717843,-0.3846034898776996,0.0762387124307742,-0.1703513929596754,-0.8474088971386048,-0.4651328829432334,-0.0475266240866487,0.0552351340154063,-0.0014528786792229,0.1801214798527156,1.4147834383438112,-0.8756901895332909,0.0077403405022076
2015-01-21,ALL,70.09,70.695,69.61,70.3,2006845,-0.0860870358020568,-0.0776016418679853,-0.0805307663755167,-0.3846034898776996,0.0709244729754233,-0.1509906230161717,-0.8498980471802131,-0.4649630758531945,-0.0813203421507099,0.10397344594029,-0.0014586074351389,0.115364696655781,-0.4554157125009168,0.2000477647924027,-0.3050531701899853
2015-01-22,ALL,70.67,72.11,70.39,71.95,2523003,1.42825234773998,1.4116627921467486,0.5074906754662692,0.2835459735024774,0.1284725984268276,0.0263046380571935,-0.7648316486242388,-0.3198455200640798,0.147353966992042,0.6152468613565796,-0.0009483848891302,1.297559340719993,-0.0865604495138896,1.3421040661738697,0.4009801698481761
2015-01-23,ALL,72.08,72.11,71.405,71.43,1746693,-0.482949892937186,-0.4738902551438415,0.300372486820686,0.1622184971993547,0.1501875661147613,0.0759069156867364,-0.7355031741241529,-0.3043911052494845,-0.02632000734578,-0.2158197822119589,-0.0014269339525726,0.8252712534330845,1.4281739842800312,-0.7076242694215353,-0.7687660691313665
2015-01-26,ALL,71.27,71.765,71.06,71.73,1663495,0.2284824848717664,0.2347205875538637,0.3925747069902464,0.7038598649631037,0.1754845077383746,0.1248086770385069,-0.6888151216032398,-0.3014113527527081,0.0485933784675522,-0.3509570867023299,-0.0010547840588634,1.097745149944762,-0.4835268374515446,0.4613194976064216,-0.7722062942587293
2015-01-27,ALL,71.04,71.79,70.92,71.44,1526166,-0.2847014783589345,-0.2756116489908302,0.2747388236736259,0.6129898068692777,0.1803443463141207,0.111325334691579,-0.6685221922482752,-0.2973327552309311,-0.0618779048185595,-0.5144948581578436,-0.0014041853486831,0.8343537166501324,0.2280911338532294,0.3990876448687608,-0.5763946221864567
2015-01-28,ALL,71.65,72.535,70.3,70.32,2539168,-1.0090459030518102,-1.0031655286471528,-0.1302363252684099,-0.0406528381604202,0.1368439061505749,-0.0239398641573087,-0.6780004434792433,-0.2271384874852969,-0.3081368605927526,0.4182554643526916,-0.0015279635861479,-0.3595844315121681,-0.2852267052154379,-1.4287432677202794,1.057521666644932
2015-01-29,ALL,70.52,71.25,70.27,71.05,2854998,0.6133117978749579,0.6146704721995813,0.1400405000918027,-0.219940959530509,0.1279282868341643,-0.0431312897402773,-0.6745651155643033,-0.1966132602247606,-0.1447038957656285,0.6123750426239489,-0.0008852300251203,0.234455353636678,-1.0097600918084897,0.5415003257059416,-0.44179480633998
2015-01-30,ALL,70.49,70.84,69.7,69.79,2486684,-1.1370794666718005,-1.1326602429211,-0.3214904460492502,-0.3736915405140183,0.0687854443546431,-0.187768437986177,-0.6670487521892873,-0.1373429320090885,-0.2636451031425731,0.2091344458056411,-0.0015185410322859,-0.7908735905928246,0.613020838432237,-0.776582540531547,-0.2299744293953508
2015-02-02,ALL,69.74,70.99,69.17,70.91,3005612,0.966129934859282,0.9609781626942104,0.0816106160808769,0.1521718372347371,0.0635637586224834,-0.1646860273471556,-0.6611664451287311,-0.0728832673506403,-0.0020124015170789,0.6057811223917047,-0.0008725228242407,0.1205299153889544,-1.1378270559278043,1.2411854370684037,0.5477307288314194
2015-02-03,ALL,71.16,72.06,70.51,72.03,2988068,0.9503490704500314,0.945529807996168,0.436486765450272,0.3157298618493888,0.1006474998089866,-0.0373266582189477,-0.6746577459329014,-0.1389807805254163,0.5376825644806912,0.5855508507012701,-0.0009179959791538,1.0319334213707447,0.9659310161409852,0.89737728120849,0.2020723485407667
2015-02-04,ALL,71.8,72.87,71.72,72.58,3677435,0.4423881111093196,0.4462017481465784,0.5666810360129246,0.6539867079600522,0.1482768457762691,0.0917050422508157,-0.6772834304009167,-0.1353525806653391,0.6665000904957423,1.1198800421975488,-0.0008849418874276,1.2048509384007031,0.9501460349303572,0.7944410038134629,-0.2708225476656892
2015-02-05,ALL,69.68,72.52,69.04,72.3,4825039,-0.2731758515334003,-0.2641037740802009,0.415642028038358,0.6266511855257084,0.1713327125008805,0.1316786900789817,-0.6473416712388115,-0.178587777724743,0.3563664581179208,1.8789062813390196,-0.0016585198367506,0.9727091550856292,0.4420525622923517,2.8144652677508963,2.420103344889515
2015-02-06,ALL,72.0,72.21,70.72,70.93,4198115,-1.2127126595531057,-1.209284022618751,-0.0877455781103536,-0.1645510298918658,0.1324643331034202,0.0042656648253735,-0.6491921510330174,-0.1629747339865375,-0.2128886277737968,1.2867357985586645,-0.0016682502800844,-0.1573475958563519,-0.2736980716651034,-1.1491000247671312,0.1593863810439545
2015-02-09,ALL,70.32,70.69,69.845,70.03,3555235,-0.8229612728377013,-0.8154388054732034,-0.4140266761297995,-0.2752659016785376,0.0638091036060531,-0.1743355947655087,-0.6378630543545374,-0.1481786729254558,-0.2488139890788581,0.6983470019401357,-0.0016683493482834,-0.8997206439204369,-1.2134799794667308,-0.3378924566642635,-0.5857116463099523
2015-02-10,ALL,70.55,70.59,69.65,70.05,3063724,-0.0152156525052074,-0.0070989521701938,-0.4130278314190703,-0.2545836470388752,0.0083935568054788,-0.2831378870927139,-0.6537866305227877,-0.176729084345872,-0.0937281357757258,0.2512552825044616,-0.0008094676162993,-0.8832234650745718,-0.8236269171393947,-0.5617650636857106,-0.4729740393508841
2015-02-11,ALL,70.14,71.415,69.99,71.18,3840135,0.971309201393607,0.9660474598398738,-0.0140979711289747,-0.4008245998188319,0.007169414947384,-0.2306919775167218,-0.6653895642104404,-0.1199638781631344,0.0545387731827482,0.7501482069980533,-0.0007730001064114,0.0488671397170038,-0.0156705777869517,1.0939266280289115,0.0771324696972141
2015-02-12,ALL,71.24,71.69,71.16,71.57,2063370,0.3081199252602482,0.3135398215660419,0.0903525927610435,-0.1500028909886034,0.0196255982249576,-0.1535223284582513,-0.7138224710197708,-0.147582070319475,0.285197916616501,-0.5255584842556847,-0.0010268583516693,0.3145664809982955,0.9711116338060876,0.3236566257730695,-0.9741567137411996
2015-02-13,ALL,71.37,71.74,71.14,71.46,2016872,-0.1286839587264721,-0.1200156219946261,0.0082743579572635,-0.2655582147268613,0.0232044674985545,-0.1146366626381659,-0.8001941915763464,-0.1503455669662601,0.3055983850538346,-0.5586628907244938,-0.0014384695920181,0.2190939042049085,0.3077493494993758,0.0689568226138275,-0.891568573163363
2015-02-17,ALL,71.48,71.86,71.14,71.27,2027031,-0.1985295880381201,-0.1896242212463213,-0.069798589381262,-0.2376685949525721,0.0166748207284933,-0.1095472762642591,-0.8020757619188089,-0.2843627312355331,-0.078329345352535,-0.546929045481649,-0.0014543868080725,0.0541867261072408,-0.1291684848252068,-0.2482789862728865,-0.7493789197184804
2015-02-18,ALL,71.07,71.23,70.51,70.71,2446242,-0.5221850566507468,-0.5132067733007457,-0.282830587460167,-0.0708926815972721,-0.0120958309615718,-0.1627237309588815,-0.8144949229923693,-0.2795582179245467,-0.0944199239678594,-0.2481880136241337,-0.001519257040262,-0.4318554830227344,-0.199032334975428,-0.4090187129169187,-0.7427109917404772
2015-02-19,ALL,70.65,71.27,70.59,71.17,2001889,0.3720201816597446,0.3767110837395928,-0.129192594670923,-0.151616122727089,-0.0182786247635258,-0.1471241373518642,-0.8374271550802826,-0.2696830106838299,0.0142769347957517,-0.5743012844530592,-0.0009913474318573,-0.0326065255231063,-0.5227722365598102,0.5297616980264235,-0.7950363577600872
2015-02-20,ALL,71.09,71.72,70.47,71.6,2121043,0.3431590240325843,0.3481871641303418,0.035812022835187,0.4289693074430695,-0.0078611337200003,-0.0919156150415027,-0.8497715522746202,-0.4224105219467881,-0.2389195116505963,-0.4753544098066775,-0.000998504152794,0.3406044564874024,0.3716662757502018,0.5156923172258505,-0.1363507986388419
2015-02-23,ALL,71.37,71.4,71.05,71.26,1814787,-0.3286347686035991,-0.3194968981614504,-0.0864181189905086,-0.0576227419139923,-0.0145149319908348,-0.0916900020126986,-0.8514870894853862,-0.4316785715887298,-0.2024302385007462,-0.7035535808029815,-0.0014347543193425,0.0455074009442137,0.3427975890263843,-0.1427617850937968,-1.1819876540635466
2015-02-24,ALL,71.07,71.87,71.07,71.67,1847960,0.3252104595362378,0.3304416964176485,0.0658935864453248,-0.3375497142426885,-0.0052874952943585,-0.0506314861731471,-0.8534268789986305,-0.4267170377231098,-0.1797618092012375,-0.6836340888037442,-0.0010326146413343,0.4013597326286552,-0.3291714564691509,0.6115203859159483,-0.661050599146843
2015-02-25,ALL,71.54,71.77,71.09,71.12,2083824,-0.5107680623654733,-0.5017635301664326,-0.1310427883942137,-0.7914782412019853,-0.0210734995334914,-0.0821688398730022,-0.8556959068549607,-0.4133902602073603,-0.2332621659204412,-0.525402879217508,-0.001462945941927,-0.0760031513382801,0.3248443422342445,-0.4698691056127403,-0.7944765380614627
2015-02-26,ALL,70.87,71.42,70.87,71.31,1903381,0.1333288602769012,0.1404128311773251,-0.0792444722034668,-0.6027423105343441,-0.0274857528789888,-0.0832708493981835,-0.8785634540955591,-0.4944007540762166,0.0392876126187173,-0.6408321738333113,-0.0010242025923528,0.0889040267593871,-0.5113522638890329,0.4427505504662245,-0.9485322480386704
2015-02-27,ALL,71.07,71.27,70.59,70.6,2199551,-0.652869926433994,-0.6443429779578633,-0.3327355721733842,-0.3411532441622176,-0.0614972452590668,-0.1551924231830578,-0.8679731853289453,-0.4939871988287753,-0.2604952084497228,-0.402836393295546,-0.0014767855015043,-0.5273280598161215,0.1329126862472397,-0.5259554846581832,-0.7886074073717794
2015-03-02,ALL,70.67,71.18,70.57,70.98,1687790,0.3021038754958994,0.3075890838396706,-0.214477630165285,0.2878551117655685,-0.0743357024105834,-0.1582306540182955,-0.9335289394464136,-0.5981578236825085,0.0829456599278399,-0.7658781986673473,-0.0010465490684792,-0.197513703620774,-0.6534911984965643,0.3050978173319866,-0.8750950433483063
2015-03-03,ALL,70.65,70.9,70.27,70.49,1910307,-0.4627852565527438,-0.4536935156945314,-0.3873478085339819,0.0154913425722276,-0.104288497967034,-0.2047132511240346,-0.9180191628951369,-0.6708197082790012,-0.2544653970080759,-0.5670234149849909,-0.0014500733780866,-0.6228006366095086,0.3017317303101011,-0.1974175505103089,-0.8464701416614193
2015-03-04,ALL,70.13,70.2302,69.49,69.5,2343967,-0.9073818725820176,-0.9005338406443854,-0.706618722349791,-0.9873730272058908,-0.1667621874657348,-0.3256075499813012,-0.8532912583202918,-0.7145578277438389,-0.6833310421938006,-0.2090692068155101,-0.0015176937440788,-1.4820538277499924,-0.4633569406579962,-0.7050221640172353,-0.7037137691669512
2015-03-05,ALL,69.79,69.91,69.3,69.56,3138006,0.0207519029902451,0.0286508035608317,-0.629802657287246,-1.1978978788134231,-0.2131507689800303,-0.3809201980142003,-0.862589766376499,-0.7482515326898814,-0.7785733887510105,0.4385477083643554,-0.0008340822052871,-1.384586003792686,-0.9080695399384872,-0.2753050963039227,-0.8604739252875923
2015-03-06,ALL,69.36,69.97,68.855,69.14,2637651,-0.4089071377814711,-0.3997619157570947,-0.7280906546031487,-1.2950865010323744,-0.2650838370955765,-0.4394417295059355,-0.8340643790138097,-0.7432561927786023,-0.8093786990621911,0.1360183023288222,-0.001542098461692,-1.5989207470465967,0.0203063606724602,-0.2659560078226384,-0.2473109107806009
2015-03-09,ALL,68.88,69.75,68.75,69.59,1855977,0.3722124740781863,0.3769010851916563,-0.5367809515101178,-0.9576196704368856,-0.2869198403857483,-0.4087896279482012,-0.7951003985082762,-0.844426741020655,-0.4449332637489103,-0.4329285198757737,-0.0010065700073434,-0.9863308328612418,-0.4094647665404631,0.7524547537902102,-0.3937256921847238
2015-03-10,ALL,68.93,69.14,68.38,68.39,2164937,-1.106564731057077,-1.101772674620738,-0.9526951758385286,-1.1544811772449315,-0.3491234488383558,-0.4881734674773314,-0.6684156878811629,-0.7891457340471784,-0.5114144223685669,-0.1068469871744688,-0.0014965579681199,-1.871777909784152,0.3718586183325427,-0.6181918444372798,-0.6651789504544078
2015-03-11,ALL,68.73,69.44,68.4301,69.09,2382467,0.6042407788375376,0.6057412480152394,-0.6751280077766202,-1.0262222037278796,-0.3683216720670529,-0.4409854178554508,-0.620911684424671,-0.7382502395458856,-0.3687487204138951,0.120467679723324,-0.0009352286953376,-1.2050366272025617,-1.107304359842581,0.3694151915834816,-0.3731167240658772
2015-03-12,ALL,69.4,70.42,69.33,70.4,1635454,1.14746464768702,1.1382160143638975,-0.1735506099094938,-0.6201730631787602,-0.3298740829285308,-0.2548556494752049,-0.6285805452540234,-0.6973592088843872,-0.3284141318469752,-0.4807832805779242,-0.0010526904175049,0.0427220587715537,0.603947453010904,1.062325886616153,-0.3009611641856379
2015-03-13,ALL,70.02,70.22,69.25,69.56,1954999,-0.775847626841558,-0.7679995661249863,-0.4491444254494096,-0.7647263405535996,-0.3303508815459077,-0.2061425387863328,-0.6340253551362341,-0.6666855338199287,-0.5799397767614136,-0.1705055373101278,-0.0014552985412122,-0.7573674803263541,1.14731303429853,-0.5226578986668761,-0.4291526304570212
2015-03-16,ALL,70.02,70.65,69.9,70.49,2061718,0.7993785238499262,0.7975451326175413,-0.0845578233112415,-0.5660804831890676,-0.2924529358086963,-0.0683961188729846,-0.6590502410278531,-0.5902430761247853,-0.3668325756965015,-0.0703222093210996,-0.0009999161004912,0.1284459379606047,-0.7765009804652699,0.4808148262579539,-0.7045932358666864
2015-03-17,ALL,70.1,70.21,69.64,69.98,3156713,-0.4834372279612521,-0.4743784475709415,-0.2507730827790277,-0.5548851907868356,-0.2809474645497396,-0.0261327579130399,-0.6747904091695099,-0.5765278761352965,-0.4333061748940001,0.8992736536232457,-0.001584545472362,-0.3573227107774002,0.7991361041914588,-0.1556491360080307,-0.9124972369668166
2015-03-18,ALL,70.18,70.9,69.49,70.62,2683198,0.5363829795131778,0.5389032979737668,-0.01025726410248,-0.4001046905152426,-0.2455077710941761,0.0692842067705551,-0.676233060345769,-0.5634687654032176,-0.1861700547425776,0.4441388133909946,-0.000911332297082,0.2522693190114802,-0.4840142996081584,0.4473623529727985,0.0726609698276785
2015-03-19,ALL,70.7,71.27,70.32,70.6,2623199,-0.0506278860136389,-0.0423169259913224,-0.0070393380145381,-0.1889912872378273,-0.2173987732814016,0.1267486941279975,-0.6922035425724056,-0.5793188821321958,-0.2851014154351441,0.3543055106465761,-0.0015321190448055,0.2332195680805681,0.5360719514191352,-0.1331790475455118,-0.4698817423390344
2015-03-20,ALL,70.81,71.636,70.69,71.46,4189883,0.7253879831349473,0.7248886104811786,0.3166954012401722,-0.0388558068677379,-0.1611152511339723,0.2452410246377565,-0.7008936878500082,-0.5392032651996296,-0.1961936666481744,1.6155364862161306,-0.0007266337282926,1.0523588581093748,-0.0510920493908322,0.6672106395747895,-0.488043003035881
2015-03-23,ALL,71.84,72.33,71.8,71.89,2478874,0.3416325061281133,0.3466781173893261,0.4652264719030208,0.2517108840408383,-0.1001291464392717,0.3521392555690908,-0.6615324865815305,-0.5361226394463661,-0.0376351563287216,0.0903773907753007,-0.0009852559889379,1.07259017587018,0.7251262613424508,0.0262668185499583,-0.9769038760540334
2015-03-24,ALL,71.73,71.89,71.07,71.34,2522270,-0.5093059696648313,-0.5002982287146714,0.2662062176445386,0.4187881069509684,-0.0742826711795653,0.3472090390636839,-0.6806308283569737,-0.5259738559993519,-0.2351002417604835,0.0969870884062817,-0.0014824305862646,0.6097294554667975,0.3412706728946142,-0.4370958093598722,-0.6333829881306186
2015-03-25,ALL,71.55,71.55,70.49,70.55,2055024,-0.7224248294811564,-0.7142515113325586,-0.0180233229798804,0.1132827764140298,-0.0855995033416886,0.2476071523076075,-0.6958509416508805,-0.5049500253274037,-0.285184109800809,-0.2986132825706733,-0.0014564882560723,-0.0551068520217059,-0.5098897897678876,-1.0822464622518029,-0.3391437323260022
2015-03-26,ALL,70.3,70.535,69.98,70.2,1933879,-0.3418594466591,-0.3327132081349016,-0.1280122322085515,0.1370205426576692,-0.1087847815013026,0.1373764672159369,-0.7242137429105611,-0.5018539439029683,-0.3960854192873756,-0.4025705504965653,-0.0014606757501858,-0.3496545831874917,-0.7230642465396684,-0.1337870845110209,-0.9324324898359012
2015-03-27,ALL,70.18,70.37,69.89,70.05,1734138,-0.1660260377067889,-0.1572212405278665,-0.1738177396335276,-0.0429408509187544,-0.1332230533327938,0.0459667350009927,-0.7273163227110767,-0.5311281066861776,-0.281890579105042,-0.5575985831557163,-0.0014548220714851,-0.4758893251156922,-0.3423995844860368,-0.1662671360763391,-1.0202516293053026
2015-03-30,ALL,70.36,71.37,70.09,70.95,2331667,0.7668930896923534,0.7656558958339069,0.1632562875902681,0.6509648969262547,-0.1175120265711241,0.0761825526531052,-0.7285252326269736,-0.4843989761611106,-0.1736842825608603,-0.0722817548671236,-0.0009339064660747,0.2815191264534876,-0.1665203053455425,0.607218884686585,-0.08778197148793
2015-03-31,ALL,70.48,71.3,70.08,71.17,3560710,0.1600521352384599,0.1669130587246017,0.232631783277652,0.5320122784924292,-0.0969808903238939,0.1127620856142978,-0.7068768807196806,-0.4989724203484402,-0.0257993546997979,0.866633074299284,-0.0008183515934716,0.4666634146148409,0.7666421954613521,0.7133362834349055,-0.1626903706500355
2015-04-01,ALL,71.18,71.9,70.96,71.29,3369665,0.0719774640415879,0.0795305637985126,0.2435670410820275,0.1697370074289489,-0.0767980014139319,0.1411293293320674,-0.6965728001453351,-0.5760988198368063,0.210780944356618,0.6544721028643441,-0.0008943812020527,0.5676512081574012,0.1596429325895994,0.0904395093821497,-0.4924263303256029
2015-04-02,ALL,71.29,71.65,71.14,71.45,1971936,0.1067330353572266,0.1140277240392325,0.267494056359856,0.6509352039050391,-0.0555616749593037,0.1665346544117318,-0.6841998876250338,-0.575901427461567,0.2315681708975868,-0.4275913776406567,-0.0010615979791356,0.7023015995474743,0.0715452850893842,0.143248403917109,-0.9964486258416492
2015-04-06,ALL,71.07,72.51,70.87,72.12,2408650,0.5508092071099246,0.5531187509164343,0.4604670054283047,0.564956334063401,-0.0138993771330112,0.2394350131608891,-0.6647334266965725,-0.5770294155378283,0.4655273540860084,-0.060349246903077,-0.0010350404582368,1.1289729895772516,0.1063099231950382,1.0898980884938538,0.3038370692146119
2015-04-07,ALL,72.15,72.4,71.47,71.47,1310821,-0.5941125762474355,-0.5853483353388401,0.1833246931163588,0.4853787765673869,-0.0080660253632175,0.2055322097923081,-0.6728043872328722,-0.5440924786003274,0.2292857043247776,-0.952445248832302,-0.0013478568323549,0.6057967185511896,0.5505019424290957,-0.7383777276961794,-0.506854903892221
2015-04-08,ALL,71.6,72.0,71.44,71.58,2109001,0.0628257580514734,0.0704437039025651,0.1642954253865909,0.2840107947308214,-0.000800840809464,0.1820954800349054,-0.8003307250557661,-0.6771220524515273,0.5175660823606187,-0.2856142912279879,-0.0010668724907951,0.6851423297752938,-0.5947185201040281,-0.0474204014580764,-0.9393138232615328
2015-04-09,ALL,71.61,72.01,71.61,71.9,1828325,0.2453299139131782,0.2514032936753405,0.2301285895565487,0.4209341017656774,0.0156738539240768,0.1870512168935817,-0.8674036778649219,-0.7003279645929548,0.429848338267107,-0.5020291283504469,-0.0010993561587473,0.8208693234076355,0.0623911916663099,0.2796465506191743,-1.1276751678547392
2015-04-10,ALL,72.0,72.24,71.64,72.03,1475145,0.0795706450542138,0.0870689298026194,0.2476462089566838,0.1136128600216257,0.0317838757247323,0.1900771445289797,-0.8457287135909993,-0.8252127621425401,0.1725667394191599,-0.7957611819687032,-0.0011327286212794,0.9534287098700616,0.2449429579339294,0.0051633596289329,-0.8971059955517385
2015-04-13,ALL,71.67,72.39,71.67,71.98,1465846,-0.0762127843390602,-0.0677739444860751,0.1839491091341247,-0.1376998380688359,0.0404213111271159,0.1732635778858462,-0.8968470724401957,-0.9048977881878132,0.3434697126560754,-0.7907936565289259,-0.0013478299128805,0.8594958995953631,0.0791404469578897,0.3004736458768926,-0.7576837395841293
2015-04-14,ALL,71.91,72.1,71.38,71.5,2263205,-0.4481649510722297,-0.4390540528468368,-0.0117982825581072,-0.0965549326570274,0.0263756564141508,0.101426841095101,-0.9098429066840312,-0.946015976256864,0.042955948762428,-0.1171916440575065,-0.00141140106011,0.3311491651674142,-0.0766836221253309,-0.4570804490021772,-0.7520872741911242
2015-04-15,ALL,71.61,72.27,71.61,71.94,1810251,0.3501303415549372,0.3550782266972301,0.1139342515097423,0.6732209727928384,0.0305129769808997,0.0907601170195651,-0.9511445493630074,-0.9676509381770754,0.2438639627756558,-0.4578712403436429,-0.001099045964503,0.815467005059694,-0.4487328211345897,0.3218483577189955,-0.8267288596624717
2015-04-16,ALL,71.86,72.31,71.51,72.04,1490136,0.053545571486229,0.0612279118028333,0.1243650912028793,1.0157625341319578,0.0356206440756643,0.0847243930181063,-0.9527098636550534,-1.0001746551458683,0.1278345812421488,-0.703721143022393,-0.001130270881118,0.8465561099799221,0.3497707251772251,0.1629308931877784,-0.6658285158630823
2015-04-17,ALL,71.48,71.57,70.58,70.87,3084269,-1.044127412753764,-1.0386204682295663,-0.3107807466382752,0.2486998754171969,-0.0079817121499178,-0.0454829476853226,-0.9656568360672118,-0.8618577675613325,-0.1113102589203491,0.7021581978110483,-0.0014663703028928,-0.6379066376566112,0.0531085841509932,-0.6710645775457933,-0.4271154804316631
2015-04-20,ALL,71.32,71.67,71.24,71.35,1571170,0.3886754399356987,0.393165750342702,-0.1322934224942241,0.042099599214173,-0.025053529161931,-0.0813596690253641,-0.9657700275509262,-0.90917928347626,-0.190084288741942,-0.5595295296991553,-0.0011187854542039,-0.0288962796518935,-1.044850753328982,0.0054635045970877,-1.089059434519855
2015-04-21,ALL,71.33,71.54,70.72,70.82,1566501,-0.4954593909738669,-0.4864229809315381,-0.3076270894145424,-0.3796092319313759,-0.0604409651918872,-0.1572051341532482,-0.9652382590902008,-0.9051111922047276,-0.3860693545622862,-0.531679523134956,-0.0013609826754177,-0.7013452166154517,0.3883258789332807,-0.5665017524786001,-0.6263492508719953
2015-04-22,ALL,70.77,71.0162,70.4,70.88,1719445,0.019750105633908,0.027655351942259,-0.2771385680277394,-0.4147908403084608,-0.0868197609090088,-0.1946934211705964,-0.9579726217134354,-0.9287350344831768,-0.2621757551297018,-0.3515414622361586,-0.0011071085099383,-0.6252189218648574,-0.4960395988784562,0.0911159257266045,-0.8667945888948482
2015-04-23,ALL,70.68,71.275,70.6,70.81,1917036,-0.094481125231439,-0.0859573825825911,-0.3076534004760201,-0.5474896966386573,-0.1108978193716904,-0.2187619926978527,-0.9703145062801078,-0.9894413669699738,-0.1133521747338695,-0.150661814002426,-0.0013868490024293,-0.7140329324072053,0.0193043019742454,0.1126440047602973,-0.7968728325692461
2015-04-24,ALL,70.63,71.12,70.48,70.95,1592418,0.0900956848087906,0.0975164719750484,-0.2698552372287043,-0.9178069951971928,-0.124728414089234,-0.2116400546458184,-1.0156076725370764,-1.003045404512556,-0.0105693693887215,-0.458070295024866,-0.0011164171198069,-0.5364049113224915,-0.0949567287345295,0.3159823483575076,-0.8395529342858842
2015-04-27,ALL,71.28,71.2999,70.22,70.31,2185545,-0.5945907435321852,-0.5858282069205831,-0.5099578116011957,-0.9131087047431572,-0.1607203194813582,-0.2629853363821247,-1.0417527850791897,-0.9607409822683368,-0.1129658451480075,0.1087753215418674,-0.0014084959949419,-1.5666683187427008,0.0896682324111199,-1.0544483073873676,-0.3112813182282642
2015-04-28,ALL,70.24,70.98,70.09,70.69,1745992,0.3034860256363933,0.3089562795490382,-0.3654833254794878,-0.7145030776214226,-0.1739796349845094,-0.2455482667297417,-1.029512442910681,-1.0317658343683047,-0.2212965814925558,-0.2993267122653825,-0.0011018499624823,-1.0468374610356517,-0.5951968121297099,0.457713963413793,-0.5420472726638751
2015-04-29,ALL,70.25,70.74,69.75,70.25,2132439,-0.4205124739383111,-0.4113748028336874,-0.5106485025033504,-1.1403757341525242,-0.2011812628114618,-0.2674858829177574,-0.9827926982485892,-1.0199887578421944,-0.3573269645628538,0.1648893381533708,-0.0014064346086199,-1.2790959849882877,0.303114241016243,-0.0263165508545973,-0.4168406161138788
2015-04-30,ALL,70.14,70.3841,69.331,69.66,3440781,-0.555874934498839,-0.5469864411071113,-0.698456747323872,-1.442669718362335,-0.2448324346444418,-0.3273768189671138,-0.8904184626633893,-0.9935269424003748,-0.5032754588290883,1.5137916053808835,-0.001523449425056,-1.5372777063510368,-0.4210731302161154,-0.543351864185449,-0.3314005738564397
2015-05-01,ALL,70.13,70.35,69.795,69.95,2423249,0.226189011134174,0.2324491902283232,-0.5644373090287899,-1.218459422968299,-0.2666356992974817,-0.3190534308287492,-0.8432708926176314,-0.98496702826353,-0.4758019920853093,0.432987583200596,-0.0010227392321908,-1.2340337158325263,-0.5564709031872702,-0.2202324403296302,-0.9300776241916984
2015-05-04,ALL,70.0,70.18,69.66,69.82,4123396,-0.148700758917547,-0.13995649397792,-0.5706984671435467,-1.0955786110110837,-0.2874141834900156,-0.3097569530539162,-0.8246365310328481,-1.0461084130155245,-0.6358499931430331,1.9957932029767744,-0.0015895202874155,-1.3516433613951455,0.2257970618102718,-0.2205925698386706,-0.9706242877878756
2015-05-05,ALL,69.62,70.325,69.62,70.0,2513109,0.1275087800612225,0.1346398242102941,-0.4774141891059332,-1.288228417312892,-0.2950917738419326,-0.2685982956151491,-0.8009822649536286,-1.0710276786742463,-0.4695509358883363,0.3483398956434962,-0.0010011493983064,-1.1543078690845148,-0.149190506858917,0.3860603287917438,-0.7519623877889088
2015-05-06,ALL,68.88,69.25,66.9,67.31,9737595,-2.425483484068495,-2.4510690206720014,-1.3971325032136483,-1.9780174277647005,-0.4040811097989363,-0.4964460588089075,-0.5116858559433168,-0.512260859816838,-1.043581538191688,5.8143055034254445,-0.0021037402623064,-1.6330487906500792,0.1270910877297984,-1.7483883090128072,1.3183629077814654
2015-05-07,ALL,67.23,67.86,66.98,67.72,4320193,0.3462313432863923,0.3512242088596122,-1.170622481240834,-1.5092171374695056,-0.4705915880667519,-0.5693844209291354,-0.3753086992201467,-0.5032227202464378,-1.021298604603876,1.2770580456036105,-0.0006888761572082,-1.384794796050551,-2.426567183140524,0.5243360555507267,-0.5083357696553462
2015-05-08,ALL,68.4,68.5,67.09,67.27,3632591,-0.4467012538367036,-0.4375886282827136,-1.2533189796443958,-1.906326703414016,-0.5365230904972492,-0.6262448367869068,-0.2460660811888168,-0.5073875976494909,-1.1380166652105907,0.6383660078260657,-0.0016309220648476,-1.6572686925622322,0.3458707097653207,-1.274467387569976,0.1555262783478571
2015-05-11,ALL,67.27,67.4,66.69,66.87,3425311,-0.4031939767432576,-0.3940458374422302,-1.3115914640149977,-1.8830691284225585,-0.5993042665618217,-0.6636242836388895,-0.1224543710870269,-0.5079973639706042,-1.210103624326927,0.3978693168390472,-0.0016683032747121,-1.774834337431161,-0.4472687420599806,-0.4755615941753552,-0.7064426357403282
2015-05-12,ALL,66.73,67.1,66.62,66.91,2510479,0.0042451936754248,0.0122466125419643,-1.214204772809494,-1.8966179945348216,-0.6417826445576412,-0.6412687883963631,-0.0217674059613122,-0.506003553381951,-1.1102918069042391,-0.2621385363328032,-0.0008742834863835,-1.7118805276295206,-0.4037501150928131,0.1774796626758095,-0.9934519443430636
2015-05-13,ALL,66.69,67.045,66.56,66.99,2458257,0.0414419034418899,0.0492061685753867,-1.0945540661042696,-1.8297028943289295,-0.6663139025179594,-0.5771888141837278,0.0151146884163136,-0.5298104471647144,-1.1780193477638212,-0.3188439429685473,-0.0009242265521806,-1.6327118181017388,0.0037953452029276,0.3135475299392368,-0.9879455323535696
2015-05-14,ALL,67.21,67.67,67.19,67.64,2061778,0.5710900052253028,0.5730977184150721,-0.7684131355941052,-1.5122766516192083,-0.6543274020696268,-0.4319287533089131,-0.0261044383233475,-0.4802544390724175,-1.0644899686009626,-0.6113447042828764,-0.0010030905992486,-1.1787360415239938,0.0410017585865092,0.4570530015781156,-0.9999044358495623
2015-05-15,ALL,67.63,68.02,67.47,67.6,1683638,-0.0698133331159166,-0.0614054977017021,-0.7230991198801863,-1.3684252391038456,-0.6407126425157454,-0.3115295937012328,-0.0192552593246846,-0.5407633595984833,-0.8451264054060204,-0.8452693611525967,-0.0014228283535649,-1.2047570320323542,0.5707880312570386,-0.0598305765061453,-0.9132547773588248
2015-05-18,ALL,67.65,68.2,67.61,68.09,1444040,0.4182826311243882,0.4224055684091562,-0.4762409305393205,-1.302459729953518,-0.6053565546881243,-0.159248461307084,-0.0732540431357858,-0.5377042870649243,-0.8385092052109767,-1.0135843879340027,-0.0010774997346301,-0.8600180960353477,-0.0702825014581743,0.4650771737663434,-0.8691751695677771
2015-05-19,ALL,68.28,68.85,68.04,68.75,2560709,0.5704744335096371,0.5724914028529415,-0.1860434956462595,-0.8114720201103058,-0.546755368375808,0.0224089279524137,-0.1213959912617729,-0.5028160652546193,-0.5967505659648432,-0.248123577608786,-0.0009662043222828,-0.3454143557470726,0.4179407938386376,0.493738209330242,-0.6094170482993757
2015-05-20,ALL,68.65,68.85,68.13,68.73,2607405,-0.0511074721421908,-0.0427940187797374,-0.1527756121358353,-0.6086176557071428,-0.4970668807489836,0.1447937063722343,-0.1822133171456551,-0.5041464529743126,-0.612963426355533,-0.2431228772908351,-0.0014987462385357,-0.359440734098691,0.5701722989553353,0.0617263160476236,-0.7182638281644573
2015-05-21,ALL,68.42,68.608,67.88,68.1,2538855,-0.6036720742477583,-0.5949426116901365,-0.3418067258671953,-0.982420149564857,-0.4786608785934327,0.1621809500209844,-0.2426830257726205,-0.4856246436072487,-0.7295522101944817,-0.3089151148013466,-0.001517352480143,-0.8012716521747701,-0.0515717606304542,-0.3796718746100925,-0.7003966517172991
2015-05-22,ALL,68.03,68.09,67.58,67.6,1807691,-0.4901035136726838,-0.4810568482355878,-0.4697200127742577,-1.0924481299207016,-0.479915773932564,0.1254839332434582,-0.3190333794616715,-0.4822004544303432,-0.8609222053357146,-0.813148606328298,-0.0014597349596241,-1.1519311109653037,-0.604280511919234,-0.5038598055804924,-0.9625688951569978
2015-05-26,ALL,67.41,67.52,67.14,67.38,2563727,-0.2356109579879026,-0.2266115773558272,-0.498685484095655,-1.2493746748654735,-0.4856662082138755,0.0845548799732388,-0.3603368689180176,-0.4972627633692361,-0.7795035474761727,-0.3093250168221247,-0.0015766136758271,-1.2645994230996482,-0.4906823243735156,-0.0599399532402106,-1.1213101474549754
2015-05-27,ALL,67.43,67.82,67.1,67.61,2056981,0.1795202618558818,0.1862115548097379,-0.3517933614437846,-0.005604847262949,-0.4773650463893152,0.0879802038407567,-0.4625524088450317,-0.5060059649329611,-0.8073775370164313,-0.6594554946287057,-0.0009381624329072,-1.0462811071839104,-0.2361233784532836,0.175364026468316,-0.7038010670760132
2015-05-28,ALL,67.4,67.94,67.4,67.8,2044246,0.1419636836859131,0.1489768239097653,-0.231757193551637,-0.1377493950245577,-0.4597056847634841,0.1148083081254331,-0.5540390813654199,-0.5045434893354458,-0.6796768973275931,-0.6660043723235637,-0.0009699762603435,-0.8034059973966036,0.1791161379155378,0.4220619960918028,-0.9275471433578618
2015-05-29,ALL,67.69,67.82,67.31,67.32,1990220,-0.4737609102982765,-0.4646858261589012,-0.3721089044831722,-0.1571726176669539,-0.4609834258154582,0.0875270152554401,-0.6029925131367775,-0.5099297583880726,-0.6608235743599673,-0.6691593435170899,-0.0014844746941854,-1.2147122922532303,0.1415497622485038,-0.4392898188317619,-0.9599537525465058
2015-06-01,ALL,67.65,67.98,66.9,66.92,2633289,-0.4029190228412263,-0.3937707564510502,-0.4688357279147024,-0.1571726176669539,-0.4739707964088896,0.0355615960965018,-0.6840536906733466,-0.5169088468732427,-0.8036491447174693,-0.2313633109931525,-0.0015931182964803,-1.5634527577650674,-0.4743354576552042,-0.8415834121575306,-0.2463130213330374
2015-06-02,ALL,66.92,67.42,66.8,67.13,2332775,0.1623743675086899,0.169215372800647,-0.3359507030296556,-0.0539475504674369,-0.4722510226436966,0.031845197170619,-0.7943297438177621,-0.5078520464191943,-0.7333150792507661,-0.3877303208702031,-0.0008874308017364,-1.3780402417324236,-0.4034750894627337,0.2107706410715568,-0.8216034646551685
2015-06-03,ALL,67.34,67.81,67.13,67.72,1774038,0.5141846827662796,0.5170229529871055,-0.0628818869724982,0.2160705631674548,-0.4442434453359115,0.0965364318141207,-0.9986629959486256,-0.47700083395265,-0.6458388483102466,-0.7679167519758114,-0.0010031878391327,-0.447826731928684,0.1619657706675191,0.40002259914508,-0.7544694349799909
2015-06-04,ALL,67.38,67.68,66.955,67.05,2392353,-0.6489571346649272,-0.640412636875646,-0.3180984089703735,-0.5151416049367432,-0.4449821731830863,0.0742969249166386,-0.9897389189805532,-1.0209935673341306,-0.2242070473917984,-0.0642189539639287,-0.0015400493310987,-1.1700150326964156,0.5138678637360595,-0.3963386509281354,-0.6901736684153146
2015-06-05,ALL,67.41,67.65,66.46,66.48,1851253,-0.5622590016525834,-0.5533896005301664,-0.5158065249780541,-0.7521274405713789,-0.4643438031023592,0.0085702900511664,-0.9448826614451884,-1.0105686546147248,-0.4363978209878572,-0.4304752221314161,-0.0015004065555199,-1.8534853665262256,-0.6495773859857862,-1.0686420248085595,-0.0995124905867421
2015-06-08,ALL,66.55,66.7892,65.8,65.82,1990938,-0.6510812528751408,-0.642546251038892,-0.7449159701136516,-1.2981700569123231,-0.5015770224551923,-0.0900121813906589,-0.8465425329388685,-0.9853986123641372,-0.4840444657169404,-0.245011890620257,-0.0015482189512275,-1.8595048735286777,-0.5628566357717394,-0.855058897468323,-0.3388052431659306
2015-06-09,ALL,65.82,66.25,65.6,65.71,2205875,-0.1370432038667017,-0.1283423776850712,-0.7657123889357907,-1.8234954403180752,-0.530988965832997,-0.1487463288246534,-0.7639427376415622,-0.9980957067967272,-0.4222458661369042,0.0050988150177634,-0.0016230724627748,-1.7687920255207858,-0.6517020583210812,-0.1525805491476947,-0.7669203298748202
2015-06-10,ALL,65.92,67.02,65.9001,66.91,2419975,1.1039640086648508,1.09574440996946,-0.2982113644846056,-0.9941660650334438,-0.5029696054202555,-0.0479064594727807,-0.7639427376415624,-0.8312707645922394,-0.1674769497128712,0.2086907817458787,-0.0007591544286652,-0.5414019193881695,-0.1375299106667601,1.108335562447359,-0.1964138973454864
2015-06-11,ALL,67.05,67.49,66.92,67.49,2069636,0.5066790690268469,0.509623094516907,-0.0820062314346311,-0.4608989074164165,-0.4543959408723312,0.0856718610182401,-0.7684437584771048,-0.800592535167409,-0.0578594730869521,-0.1000619109536416,-0.0008905220217767,0.0518366319092582,1.103801047134333,0.4694744330470678,-0.8874523653755974
2015-06-12,ALL,67.18,67.49,67.07,67.37,1819832,-0.1436933982128907,-0.1349675249507808,-0.123482258160792,-0.2977672141271499,-0.4175070161347835,0.1624581982874478,-0.7702548125830978,-0.8391800494390634,-0.2261015560102081,-0.3250551649912586,-0.0015175137716545,-0.0709023787039931,0.506360291984684,0.187360721852892,-1.07175790609155
2015-06-15,ALL,66.86,67.22,66.65,66.67,1940443,-0.6798808025738203,-0.6714818088700311,-0.3782102851323934,-0.500757345301429,-0.4127593259970577,0.1411562835418598,-0.75737174920431,-0.7958202959686687,-0.3695256339148916,-0.2220519218873133,-0.0015679296388489,-0.786879940614687,-0.1441818398690719,-0.2410165086842285,-0.878795178394935
2015-06-16,ALL,66.57,67.44,66.44,67.33,1690135,0.5833277119964748,0.5851501785949126,-0.1061313574503355,-0.304536730463831,-0.3803339182587738,0.1953567203879663,-0.7752245262751754,-0.7752472588415759,-0.331403776470674,-0.4661264266149346,-0.0009218389007879,-0.1118153822417533,-0.6805091210445728,0.8362244844759964,-0.3535270891389491
2015-06-17,ALL,67.46,67.57,66.95,67.18,1511218,-0.1716965573066546,-0.1628729939101114,-0.1340332410504835,-0.4462833234917822,-0.358107987329726,0.2124637921379467,-0.8465207314692479,-0.8217990935063296,-0.502864335077154,-0.5981256595465696,-0.0014998784006025,-0.2652391455083212,0.5830289305154397,-0.3399023771951048,-0.8221763438100157
2015-06-18,ALL,67.38,68.47,67.335,68.35,2905857,1.0512835620887593,1.044271117608649,0.330353707006544,0.2005852296210926,-0.2927689704876567,0.337121790502862,-0.8819801077644072,-0.687077240448138,-0.2486771361957691,0.716911925086595,-0.0006977060547209,1.1577594580904282,-0.1721923042308449,1.0613241675433822,-0.207390099650257
2015-06-19,ALL,68.15,68.29,66.45,66.45,5049064,-1.7636510722733314,-1.7703178615788973,-0.3798311803046245,-0.3380561028528595,-0.3138413983011119,0.2144266181912474,-0.8956688902280296,-0.4528254534319137,-0.5233184578664928,2.4860550799998804,-0.0020342384936859,-0.8967890894913697,1.0511068576523144,-1.9109538916146755,0.7163838637172202
2015-06-22,ALL,66.01,66.9,66.01,66.28,4124685,-0.1922716845078066,-0.1833843620989447,-0.4207964953424569,-0.4597423663647033,-0.335065618176464,0.1158797701876752,-0.8813608525908967,-0.4649875422671487,-0.4542557272899324,1.4756208441599326,-0.0021473296167524,-1.0936918286430173,-1.7645621171412722,0.2827121113681963,-0.4722326994337599
2015-06-23,ALL,66.41,66.52,66.18,66.36,2484211,0.0421494457818291,0.0499089860873175,-0.3697081091835635,-0.6474713754618312,-0.3464401086792239,0.0623953256305681,-0.8696563670910917,-0.465583508775257,-0.3898022763484784,0.0792677715342245,-0.0004344024630651,-1.0010317161010684,-0.1927727989270722,-0.0831993886504607,-1.1643213038524476
2015-06-24,ALL,66.36,66.41,65.93,65.95,2683707,-0.4176523928771484,-0.4085126586316258,-0.4982743388495955,-0.5711905422483673,-0.3690324462396178,-0.0092667752305462,-0.8483475723546674,-0.4628563054208296,-0.528069646066149,0.2197897991144456,-0.0019189657403526,-1.475914792878563,0.0417094855051385,-0.4931072668852252,-0.9847490319149944
2015-06-25,ALL,66.19,66.2797,65.03,65.03,3805781,-0.9014933061099594,-0.8945944346762011,-0.8062159066003922,-0.6728296522753675,-0.4199988707603875,-0.1396308673064549,-0.7691275277835947,-0.4200749693735746,-0.7675026453736827,1.052537480693237,-0.002510681041669,-1.881302785249608,-0.4182123030370376,-1.3503846999125366,0.0102610881681745
2015-06-26,ALL,65.42,66.07,65.24,65.83,3079265,0.732903234187456,0.7322722560305396,-0.462889277577975,-0.1857065505574877,-0.4256946220578511,-0.1273962074076138,-0.75337855741551,-0.369859842576607,-0.4925357551544516,0.4076186551949298,0.0006462268390862,-1.1082373114257744,-0.9021794372984514,0.4471813384115667,-0.5405429000382475
2015-06-29,ALL,65.25,65.54,64.62,64.68,2718301,-1.1205965765981754,-1.1159740493164787,-0.8725791059141176,-0.4921682169412184,-0.4717258982764415,-0.2214314262749788,-0.6449204603655445,-0.2982768964346909,-0.659076933590376,0.1165846291837449,-0.0022349018410525,-1.8294973586920609,0.732643472921017,-0.6863091568540979,-0.4058942379524969
2015-06-30,ALL,65.35,65.605,64.83,64.87,3121241,0.1498893484870954,0.1568364327351609,-0.7542322364030966,-0.856843949084126,-0.4966989499107746,-0.2424560937982265,-0.5817674630474968,-0.2988263029051405,-0.6619146364617059,0.3990022823508223,0.0005304994094051,-1.665446841259835,-1.121339865913264,-0.581249326325521,-0.5956530818199145
2015-07-01,ALL,65.8,66.53,65.225,65.49,4657672,0.5620399250247232,0.5641831232793408,-0.4660121391901682,-0.840851641720813,-0.4881587320392441,-0.1730132490267722,-0.6008470233101463,-0.2939702322978482,-0.6511007746670838,1.4088505404006997,0.000371803655776,-1.1301241001652074,0.1494774946416078,-0.3822596116410091,0.0693849301875529
2015-07-02,ALL,65.48,65.7,64.89,64.99,2818082,-0.508320806363489,-0.4993109228998276,-0.6237953454128212,-0.9334130440728788,-0.4970349928037874,-0.1622886894008838,-0.5692620102372253,-0.3035219725263054,-0.6186968156007369,0.0288383021623131,-0.0018602831691847,-1.5618359881447528,0.5617355901349234,-0.5916857434115768,-0.5526087739274606
2015-07-06,ALL,64.3,64.91,64.24,64.81,2782900,-0.2054294443402629,-0.1965049111170903,-0.66270135783181,-0.8047576211939345,-0.5070052061874802,-0.1565248569098906,-0.521992573826253,-0.3180300587685011,-0.5364080221501241,-0.0311746045685365,-0.0020271268905814,-1.4333634291403303,-0.5089043694640433,0.5729277793450934,-0.7297535285776999
2015-07-07,ALL,64.79,65.77,64.44,65.74,2943920,0.8603842203903204,0.8573868596577162,-0.2923026214303084,-0.6998735114034033,-0.4745319663254044,-0.0426650729102053,-0.5204490218218415,-0.2780837187349325,-0.1853275112666118,0.0495927326518918,-8.595395335692558e-05,-0.7025150060146821,-0.205933991263756,1.081480885515918,0.0947628472875633
2015-07-08,ALL,65.25,65.64,64.85,64.92,2631898,-0.8095642016892683,-0.8019454510660269,-0.602142697884758,-0.8657071300340271,-0.4772628573691365,-0.0421920726364378,-0.4892981468559048,-0.2360776725917502,-0.3440463321430778,-0.1862561477032714,-0.0019726268163528,-1.3469189919964362,0.8601577154706799,-0.4084175332753635,-0.5771637203685775
2015-07-09,ALL,65.76,65.7699,65.25,65.41,2358893,0.4369121266079241,0.4407968293934254,-0.3782183983129373,-1.1346727150384264,-0.4565758665641103,0.0184635523314539,-0.4924316339541841,-0.3210338190994796,-0.4967225673710789,-0.3772039307928925,-0.0003550428039312,-0.9618483174463645,-0.8102263510568743,-0.4284321957172063,-0.9289035846677558
2015-07-10,ALL,66.05,66.35,65.76,66.19,2231371,0.709417490794674,0.7091948656984268,-0.0424277545983735,-0.284273163927929,-0.4064942129555292,0.1426494083443074,-0.5409166148557027,-0.299347963404267,-0.4503709247290602,-0.4717698482454587,-0.0006065147192788,-0.3488786722442021,0.4365751492544735,0.1338234933916683,-0.8484457152351084
2015-07-13,ALL,67.18,67.3454,66.765,67.25,2421425,0.9640355289152686,0.9589281086141522,0.381551524572723,0.1310553575768639,-0.3230592866474565,0.3278488429193242,-0.5484620600133994,-0.2221935866215504,-0.1936367529220278,-0.3555492424878773,-0.0006810743343432,0.4841313584151475,0.7091516027319937,0.052406654879734,-0.8720520069810815
2015-07-14,ALL,66.95,67.72,66.95,67.59,2257163,0.281765782219922,0.2874675510637266,0.4980511330557282,0.2053594012043501,-0.2424568402285276,0.4687176361047331,-0.5005735753728217,-0.2486393794114803,0.0351873004277189,-0.4786589618067871,-0.0008072896491794,0.7513232550417331,0.963836063823018,0.6959111190886569,-0.6418866801763773
2015-07-15,ALL,67.6,68.07,67.44,68.06,2424190,0.3999271352931996,0.4042794587093151,0.669907153460316,0.4831084503594821,-0.1599341922785348,0.5863552363384882,-0.4474352592176049,-0.2616461798077705,-0.0082436042741578,-0.3837247034410854,-0.0008384880831399,1.120676759202009,0.2813883313747988,0.4877932298231663,-0.819876039021465
2015-07-16,ALL,68.34,68.49,67.64,67.98,1978416,-0.106176222303629,-0.0976009304565066,0.6217909728175147,0.8445290417367413,-0.0982464652824183,0.6268365886553627,-0.3973661824855232,-0.2630557341745372,0.0074149766740344,-0.6997123048357329,-0.0015306590950829,1.043976967699794,0.3995805095542592,-0.42430663949623,-0.5492566682358022
2015-07-17,ALL,67.84,67.87,67.17,67.59,2628511,-0.390169250236836,-0.3810164327188254,0.4823982827084075,0.4592186492600544,-0.0656465996679114,0.5843500160489413,-0.4578211451549414,-0.3413094591281229,-0.3307802069760545,-0.2495443941036213,-0.0016695664388181,0.7389344266168352,-0.1066548767417308,-0.3047355704612824,-0.728199154440684
2015-07-20,ALL,67.47,67.945,67.1138,67.71,2345586,0.0775375343980506,0.0850505860991561,0.5044441001848655,1.091872223645549,-0.0363652394947696,0.5418189820845251,-0.4060578835441609,-0.5989391390184066,0.11100389894189,-0.3660840555649596,-0.0007925610830126,0.8327936700269687,-0.3907219907869663,0.2424314621661885,-0.5682413085975625
2015-07-21,ALL,67.76,68.11,67.37,67.7,1963308,-0.0421908499485402,-0.0339243547351252,0.4716652730126495,1.0390406583298544,-0.0150754660158222,0.4872239483342255,-0.3596602042040722,-0.6031253496050965,0.1471715161296686,-0.5837098371825772,-0.0015669078590743,0.8249720664094641,0.0771068059180586,-0.0932160064276253,-0.680360297107364
2015-07-22,ALL,67.7,68.46,67.501,68.37,2525034,0.5831470163877018,0.5849722353046326,0.6961818560230237,1.051601892662425,0.0261673249612222,0.4949066448905687,-0.2755672599685307,-0.5767272829714295,0.2773688087540412,-0.1672482912931463,-0.0007706027437073,1.3490195087827526,-0.0426528123308582,0.7213894470407507,-0.4223333477684609
2015-07-23,ALL,68.4,68.66,68.2,68.36,2112818,-0.0421020891974685,-0.0338360678169192,0.6431419649543062,1.3746933841994369,0.0561159679935846,0.4719818597504429,-0.2093148762278052,-0.5977031816877805,0.3692112131256493,-0.4570044009289857,-0.0015803126953075,1.217255570918511,0.5828481877680619,-0.0704988813578031,-1.0305164778868372
2015-07-24,ALL,68.25,68.64,68.1827,68.32,1855753,-0.0694255559238962,-0.0610196202830982,0.5606603309219278,1.4763702096934772,0.0757074105399369,0.4269827758825737,-0.1936735229310788,-0.6923739412780062,0.5755454694066118,-0.5976954976051457,-0.0015803039646671,1.1871724800819226,-0.0425640284245034,0.0511724595663899,-1.033481759250192
2015-07-27,ALL,67.96,68.63,67.94,68.4,2622922,0.0399056402019112,0.0476801367314408,0.5402717078779041,1.2732190511987047,0.091629829014673,0.3815395039887759,-0.1562281010813286,-0.73216566449083,0.4058852295691458,0.0184536088887799,-0.0006994702985535,1.2473386617550994,-0.0698946231055561,0.4628356779654103,-0.7506047046209571
2015-07-28,ALL,68.79,68.81,68.275,68.58,1855491,0.1308408977340257,0.1379450573310707,0.5324645435666526,2.0957240128220973,0.1083869172481683,0.3473333120642653,-0.1849209261088042,-0.9054172988732606,0.7180756650293614,-0.5601463267036393,-0.0009213229738889,1.2755785872887755,0.0394650945769365,-0.2569587209912351,-0.9411728383607858
2015-07-29,ALL,68.5,69.06,68.47,69.04,2191593,0.3845994257343378,0.3891392307331614,0.6287723598947504,2.0914914317845525,0.1365009823810909,0.3492010215577948,-0.1982916457592988,-0.8990920645401379,0.7766098622414956,-0.2584711560046829,-0.000902504087168,1.4290854678051603,0.1304240746621218,0.5692741642790421,-0.879112036473053
2015-07-30,ALL,68.85,69.2801,68.72,69.16,1371927,0.0752160731103613,0.0827459056663494,0.6019708000367874,1.9824315769610128,0.1599641503587073,0.3387238599382652,-0.1883629669883663,-0.9192176832835256,0.6555439196154159,-0.8470571787475457,-0.001052997720944,1.3636671884050906,0.3842488014098835,0.3138585166798381,-0.916378622790767
2015-07-31,ALL,69.31,69.48,68.86,68.95,1643661,-0.2220386670352312,-0.213071133044042,0.4412302317212287,1.3861329152298598,0.1666767125242073,0.2872263596374885,-0.2517110159818708,-0.9563103668256716,0.7274105113215698,-0.5726259340420651,-0.0014554528542339,1.106654283711107,0.0747847390238081,-0.4187367305944499,-0.841920958303032
2015-08-03,ALL,69.12,69.4,68.73,69.38,2101115,0.3552701806522643,0.3601584039852743,0.517412334805302,1.4238746932058757,0.1850896495560522,0.2761449228853871,-0.3432436313031691,-0.9697431022173322,0.8681276066644769,-0.13421430066568,-0.0009481772961064,1.3769227693071169,-0.2225475468564093,0.2578770854550312,-0.7865044162120766
2015-08-04,ALL,64.06,64.67,61.0,62.34,13214958,-6.350329337805109,-6.6495668240036245,-2.1496037574283244,-1.9017411194476672,-0.0781765728568544,-0.4577575339287301,0.055773507537046,1.3285723825534574,-0.9270490270228412,7.714592784368018,-0.0029174314951994,-1.356019381927326,0.3549119051197762,-2.054869009112612,3.3150115668184874
2015-08-05,ALL,62.9,63.28,62.33,62.5,6668694,0.1267935944165692,0.1339303859040758,-2.043896089017385,-1.8166445368750956,-0.2790000507555478,-0.8841529499282608,0.2987284103644765,1.3156284571251653,-0.7149422891211263,2.542141884132397,0.0008884251039022,-1.2932989755604878,-6.352436923173681,-0.5067730542598107,-0.3245428390841079
2015-08-06,ALL,62.86,63.065,61.59,61.97,3843591,-0.5609442010396478,-0.5520708137119121,-2.1884842699287907,-1.8349969998341031,-0.4554584858096135,-1.162554081880652,0.589151754017666,1.3084688790195842,-0.9398623700322596,0.5340560381284539,-0.0019374932942381,-1.501060321650644,0.1263757155125233,-1.0960125227416224,0.3923418628228965
2015-08-07,ALL,61.8,62.59,61.65,62.54,3561040,0.5396533255813466,0.5421261486774298,-1.89973423941301,-1.6383665020522993,-0.5680187308619844,-1.2208021463609586,0.8019175394681354,1.2981205776320075,-0.977356172283391,0.2929474713051475,-0.0003840323904366,-1.2776188739687782,-0.5615414921628289,0.8783488377982828,-0.3386790692265626
2015-08-10,ALL,63.13,63.6,62.85,63.1,3748291,0.5244791887871877,0.5271709696713629,-1.6040795370617973,-1.4144416028264486,-0.6296226249377604,-1.1362398277254253,0.9497531891416752,1.2666642876139134,-1.0737844664580438,0.3639604686012928,-0.0005524478977759,-1.0580974516848392,0.5393431506322807,-0.0622195059443199,-0.600743163182142
2015-08-11,ALL,62.76,63.54,62.76,63.47,2719474,0.3320669343567575,0.3372211872201971,-1.3819370131880708,-1.530757377487743,-0.6579937686576465,-0.9830494454899494,1.0494289728958013,1.268646939998349,-1.0627067768405938,-0.3097753796176499,-0.0008416566660331,-0.9130565119615238,0.5241650553155951,0.8283961238416073,-0.5671255343681456
2015-08-12,ALL,62.93,63.78,62.74,63.61,2958616,0.1043306506587344,0.1116438195658757,-1.2429956531537545,-1.4741558244967456,-0.6689531800378197,-0.8156796403954205,1.114580574374031,1.2580739282944642,-1.1277347421991342,-0.1730320788324943,-0.0008614801530789,-0.8581761563905391,0.3317026057238924,0.7900701313179692,-0.2287316404876035
2015-08-13,ALL,63.62,64.04,63.44,63.49,2261465,-0.15044557142506,-0.141694992358971,-1.2053910176976088,-1.4862706413791813,-0.6762618818631383,-0.6723869327711625,1.1701186502987375,1.2577424220467164,-1.1375064780645738,-0.6202562226572127,-0.0014989132897734,-0.9052164611656676,0.1039069117792523,-0.1806977528486364,-0.8037271818947009
2015-08-14,ALL,63.32,63.87,63.21,63.86,2221561,0.3298244621376784,0.3350039750091299,-0.987302866281344,-1.376974942857225,-0.6615625557922026,-0.50110448172653,1.2036353816363163,1.267576549620417,-0.9779641475736494,-0.6364580799338495,-0.0009654274725734,-0.7601755214423523,-0.1509357745408963,0.617997472939682,-0.7299871136185533
2015-08-17,ALL,63.75,64.12,63.43,63.85,2068118,-0.0427451876646955,-0.0344757360700168,-0.9169075214682996,-1.4456651947855614,-0.6445726971648666,-0.3581827295212864,1.222361408193119,1.2656379628353285,-1.0047252312192076,-0.7279669662002651,-0.0014773910255292,-0.7640955468402791,0.3294595485043672,0.0921960533186906,-0.6906944097782521
2015-08-18,ALL,63.74,63.93,63.47,63.57,2504008,-0.3060148449248736,-0.2968978247217959,-0.948801199704691,-1.6662466628912724,-0.6364868043625436,-0.2667639825123286,1.2386570976729177,1.2650323232842968,-1.0634215510532876,-0.4639968743938285,-0.0015531014335087,-0.8738562579822486,-0.0432072946587542,-0.2278195862684668,-0.98825963443939
2015-08-19,ALL,63.41,64.03,63.07,63.66,2990402,0.0551465300939922,0.0628178593979672,-0.8211757577130607,-1.6784442663230257,-0.6210734607656012,-0.1747682526990585,1.2091163413045587,1.2431490241384568,-1.1792313482997328,-0.1706558243655707,-0.0008253449072695,-0.8385760294009029,-0.306545631863167,0.2715536003852309,-0.3345343162517258
2015-08-20,ALL,63.14,63.14,62.66,62.7,2536518,-0.9718542899671055,-0.9656001820274428,-1.097055281913386,-1.7724010047050895,-0.6409473775233905,-0.1920004695449116,1.194921563821336,1.2606420323224272,-1.3834785628463853,-0.4653959165585771,-0.0015504457873475,-1.2148984676019374,0.0547099604056248,-0.5528098272341769,-0.9533077510250436
2015-08-21,ALL,62.31,62.48,61.23,61.25,3651476,-1.4727752196535924,-1.473478630796514,-1.546691426369623,-2.082612122210066,-0.7073060201707058,-0.3254371272445627,1.2296583632504128,1.3085937423222356,-1.6872940617542505,0.1674413582902957,-0.0017409643709004,-1.7833021503014217,-0.972558776436255,-1.311582034245681,0.1095099616698224
2015-08-24,ALL,60.11,60.31,54.12,58.39,4384998,-2.9400652225771555,-2.985581203575126,-2.521320317313204,-1.5630544240665374,-0.8641871539627133,-0.6651897873008648,1.4417252648181504,1.5292590537611097,-2.31678046840568,0.5434054933690315,-0.0019719849948654,-0.957197631286102,-1.473610382866408,-2.188170992312066,7.243749192461859
2015-08-25,ALL,59.92,59.92,56.99,56.99,4644295,-1.525738850005114,-1.5274222298294584,-2.88127474999698,-1.860949320241901,-1.033398233616279,-0.968728983738283,1.6893280556557748,1.5469993521365082,-2.6494995352708464,0.589201276823663,-0.0022904221929543,-1.260182927667579,-2.941283162128975,-3.7206878879737104,2.693440396674068
2015-08-26,ALL,58.16,58.59,56.68,57.4,7043372,0.4149035072977816,0.4190690715287435,-2.49419406903388,-1.593067223248492,-1.1399192845943038,-1.050197286262099,1.7510123614446147,1.54908094606519,-2.643598566072708,1.695038722118842,0.0013098444031409,-1.1714515194415756,-1.526587829998856,-1.0135819690450565,1.181864967737685
2015-08-27,ALL,57.64,59.02,57.51,58.74,4787091,1.4204145884482164,1.4040463050060752,-1.7335760644467897,-1.2697203845930098,-1.1599266671574329,-0.8926872350807261,1.5949172056260403,1.6687894003160184,-2.3802277591563,0.3880959547818101,-0.0003390125990257,-0.8814513071907322,0.4145607884898746,1.4155114102230772,0.5510781664024366
2015-08-28,ALL,58.55,58.95,58.26,58.63,2990609,-0.149584128255031,-0.1408366604782243,-1.5753246847531046,-1.51799707392965,-1.1683400245068118,-0.7368363728221184,1.360140184322908,1.6703970566558624,-2.365666812356433,-0.5499971938634276,-0.0016685919473848,-0.9001471089494996,1.4203341803285197,0.0769138985533959,-0.6105087382153124
2015-08-31,ALL,58.33,58.5,58.08,58.28,2829062,-0.4046541212454979,-0.3955066773304323,-1.500994484644501,-1.7351855929754787,-1.1769115771445826,-0.6125628749642814,0.9390967751248688,1.644317807284242,-2.517155526443616,-0.6433182697944443,-0.0017186173969092,-0.5705354681158845,-0.1500741066436066,-0.091078924556351,-0.990720588690728
2015-09-01,ALL,57.01,57.46,56.8,57.14,3470757,-1.2508094052407777,-1.247915671701619,-1.8838885187045349,-1.9395206674620808,-1.2162460257573096,-0.592327241346131,1.1285283526151764,0.1660704144340983,-1.392534015727796,-0.0925854683304935,-0.0019474064001438,-0.8773999609419744,-0.4052106405073243,0.1459643133948553,-0.6286888429694929
2015-09-02,ALL,57.75,57.94,57.3,57.93,2777911,0.8277643633864681,0.8253965741515964,-1.4524868435485834,-1.6061221644508654,-1.204143435297492,-0.4437406813477181,1.222928934520602,0.2270951507632062,-1.2413574504939255,-0.3927939277902236,-0.0004867277666654,-0.6147896194840179,-1.2515866635665869,0.2091695327624518,-0.6705893931909529
2015-09-03,ALL,58.01,58.55,57.82,57.98,2177239,0.0207395322103244,0.0286385112393876,-1.349207655497097,-1.730351052122783,-1.1806703702533048,-0.2956040275071658,1.3058109803256042,0.2255572960668653,-1.113085027463048,-0.7173675805917012,-0.0007770413914049,-0.5981687117968063,0.8275293488270032,-0.0653883239077638,-0.5420167717368534
2015-09-04,ALL,57.45,57.69,56.77,57.04,2341888,-1.042353670658867,-1.03682735791363,-1.6430143652067333,-1.8377212743710696,-1.1870743750118802,-0.2539977677847728,1.4124868076716262,0.2218773070398684,-1.4590666898931173,-0.5903018452024532,-0.0016716233846565,-0.9106417763163998,0.0202939866653371,-0.5655024849850239,-0.2471164925849851
2015-09-08,ALL,57.84,58.24,57.67,58.2,2231560,1.233121129079281,1.2217611721816926,-1.0377726911664336,-1.4014215759851618,-1.1351083803956223,-0.0704693864331193,1.4041569172223152,0.3143501269057954,-1.307953853672749,-0.6257526415004648,-0.0007592892041147,-0.5250367179730695,-1.0430765485126707,0.4439227758703192,-0.7750989885788594
2015-09-09,ALL,58.66,58.84,57.24,57.35,2561895,-0.9422629137354092,-0.9357277184100796,-1.2803988219304685,-1.5352504865339889,-1.116206447792612,-0.00875300778879,1.3893018463254043,0.3139756737367351,-1.583605562478645,-0.4117321835933528,-0.0017153587581672,-0.8075921486556817,1.232991861153715,-1.713545302307298,0.7337916134006801
2015-09-10,ALL,57.24,58.04,57.01,57.67,2597466,0.314389693644819,0.319740914919822,-1.014952927910243,-1.3143091517316214,-1.077903467755725,0.0905580572399047,1.3124072767657562,0.3263877411939783,-1.5389296165725217,-0.3795880644850687,-0.0006651308259646,-0.7012183394575221,-0.9429596806135864,0.5412457765214002,-0.1028362110894331
2015-09-11,ALL,57.41,58.21,57.31,58.14,2727660,0.4743956272158821,0.4777844447879377,-0.6933345835133795,-0.940700177724961,-1.0190006680819468,0.22303049039025,1.1890451360774723,0.3583517825035975,-1.4050425493840235,-0.308976674697323,-0.0007406636423427,-0.5449818071977253,0.3140207534972091,0.9343663121856997,-0.301217719391435
2015-09-14,ALL,58.29,58.31,58.0,58.24,2100276,0.0740869247821098,0.0816248884591998,-0.5270268363490421,-0.2358588715792334,-0.9590253048769708,0.3317691969760608,0.9856316577789368,0.344479758158212,-1.459966901060716,-0.7055431981823945,-0.0009153558035206,-0.5117399918232999,0.4740684282955341,-0.0911233660548596,-1.1477169892117864
2015-09-15,ALL,58.39,59.2583,58.23,58.98,3461735,0.7580573180222597,0.7569794430747881,-0.0905745783477055,0.4795780989085243,-0.8739925287280157,0.4832575118087878,0.7132367885418733,0.3995988686292009,-1.287656999114878,0.1147849079611381,-0.000760083303578,-0.2510785398439052,0.0736552961312494,0.7370941914758882,-0.1382990515283413
2015-09-16,ALL,59.04,59.34,58.81,59.2,3590130,0.1992312924804764,0.2057447122425201,0.1056073090112103,0.4291364335166644,-0.7905286201442353,0.6004099255696618,0.4050159793776255,0.4104168555019101,-1.177076153663599,0.157956910081784,-0.0008163305260244,-0.177282380586855,0.7578041187770314,0.1784308344041337,-0.8451979627623406
2015-09-17,ALL,59.25,59.81,58.825,58.99,4738366,-0.2538438112054416,-0.2448063103811809,0.1170581435949375,-0.0901185086383951,-0.7259751042787131,0.6454568312566988,-0.030581393506065,0.4054517668477007,-1.244859705770834,0.7871787576145269,-0.0017305129027946,-0.0865395826614753,0.1988323106157448,-0.3578518106304972,-0.1997194523856624
2015-09-18,ALL,58.04,58.53,57.44,57.57,5226672,-1.5316638384065322,-1.5334597702351325,-0.4065284923580295,-0.5455202062331314,-0.7240507070624703,0.5202880825392651,-0.4577816144571532,0.461965163901972,-1.3691037284861831,0.9595096181434444,-0.0018955268978538,-0.5094814569988168,-0.2543609881298663,-0.6381245974676373,-0.0133920507049377
2015-09-21,ALL,58.15,58.875,57.95,58.56,2514377,1.0376215898055616,1.0309152140783755,0.1010279975361085,-0.1012259186597783,-0.6774504468419011,0.5351479858606609,-0.7755275409098958,0.4641414558720146,-0.8124862265183544,-0.5754850500546036,-0.0008320662362553,0.5030859104280462,-1.5325143640697496,0.5063787529423588,-0.2748912698978847
2015-09-22,ALL,58.16,58.21,57.69,58.1,2413483,-0.5220448348779683,-0.5130662163148869,-0.1003117706272787,0.1353839937452632,-0.652794130236748,0.4905525754082435,-0.7796989039787623,0.0206481478339485,-0.2404192233953286,-0.5930760144467697,-0.0015860686597988,-0.4244084077285139,1.0374413213294766,-0.104258557553838,-0.8454160361364453
2015-09-23,ALL,58.04,58.67,58.03,58.51,2412624,0.4063463902429114,0.4106190965037095,0.050454838786206,0.0159148404974938,-0.6117621397400483,0.4970269497422249,-0.8254515374042362,-0.1221682644412595,0.2242330918361276,-0.5437827964470843,-0.0008510099599251,0.062228273382901,-0.5226319782069578,0.5854914957584425,-0.679716482786883
2015-09-24,ALL,58.12,58.81,57.77,58.59,2582471,0.0521286023061338,0.0598206541395709,0.0595263304041227,0.0257410149581695,-0.5712071603323591,0.500978630877859,-0.8439649503707827,-0.1314877578323213,0.1370002963990655,-0.3197954376587622,-0.0008752912939755,0.1088322141403071,0.4060014391142416,0.584649364930354,-0.1119845312861513
2015-09-25,ALL,59.12,59.92,58.87,58.99,3897129,0.3920460289645424,0.3964952128963342,0.2342175465921198,0.5447886826744325,-0.5190377899120493,0.5340352183155793,-0.8291367449107586,-0.2623468282875412,-0.1049703548952821,0.5968908200050083,-0.0007530726212664,0.461453726852721,0.0516912453219028,-0.1924486900775467,-0.1078876869994817
2015-09-28,ALL,58.53,58.77,57.46,57.74,3577395,-1.352245862906303,-1.3508940479597549,-0.3095060236486651,-0.3601210914096728,-0.5225601180825223,0.4171310148042443,-0.8288494719255307,-0.1414755362081574,-0.3904179197166758,0.3565844728756085,-0.0016247678767966,-0.8576659308625549,0.3916973472577826,-1.0460655731811184,0.2995061235846353
2015-09-29,ALL,57.73,58.44,57.47,58.36,3909619,0.6355176952426933,0.6365238220008833,-0.0315356166342536,0.1979882823701962,-0.4969190636718256,0.3986736967226971,-0.8277726038658684,-0.1180435489144478,-0.1473169641008744,0.5332999962259753,-0.0007585119834323,-0.2033825806357806,-1.353049583264723,0.7981702783693128,-0.2061177060872412
2015-09-30,ALL,58.87,58.97,57.79,58.24,3897984,-0.161011198977495,-0.1522234279092957,-0.1105097312725958,0.0352347497835283,-0.4775126896366763,0.3678598822984236,-0.8792455924290459,-0.2263033659644192,0.1152532650259198,0.5078458432380824,-0.0016537511703811,-0.3300180677764445,0.6352325287189466,-0.8348374384220476,0.0972443328807331
2015-10-01,ALL,58.25,58.44,57.33,57.97,3856241,-0.321623620740854,-0.3124913307796111,-0.2331243204025869,-0.2577004088269532,-0.4690482619485233,0.3150444492232334,-0.8803043938258428,-0.268514390999595,-0.1573360558628187,0.437175185172786,-0.0017200470496489,-0.6149479138429474,-0.1615041583802451,-0.3894839301667296,0.0044731285779103
2015-10-02,ALL,57.14,59.15,56.97,59.15,3170661,1.2342884877111455,1.2228989786390614,0.2720402290162642,0.131347065218491,-0.4128377016730575,0.3956898261115216,-0.8465055303093343,-0.1599020619574599,0.1288883993119356,-0.0357435417187942,-0.0007687075565646,0.6303010430402727,-0.3221584795872578,2.6313503755112526,1.4802411543458496
2015-10-05,ALL,59.46,60.14,59.42,59.9,2173978,0.7564127164399912,0.7553643612886076,0.5437651023956641,0.1344808008387872,-0.3365898462663757,0.5117817803555759,-0.817914182104598,-0.2163647271894633,0.5689103508210291,-0.6634681657852696,-0.0009651184020473,1.191205702039509,1.2341595243179235,0.5327615768044448,-0.5895639882886954
2015-10-06,ALL,59.74,60.27,59.59,59.88,2154792,-0.0537833677590665,-0.045456070053714,0.4961589932308408,0.0559424518256061,-0.2754706694301055,0.5657143855449606,-0.7398914645562134,-0.3110963957443127,0.2564646858680892,-0.6740009389614533,-0.0014928315416775,1.0500209341315003,0.7561590881626209,0.1507381850420522,-0.6449013156931911
2015-10-07,ALL,60.2,60.7,59.82,60.04,2422937,0.133358098561063,0.1404418316212435,0.506158570953457,0.1915412148994691,-0.2198976767310302,0.5945846872027549,-0.7168370200244654,-0.3937681602481883,0.5213952072938548,-0.500112641863565,-0.0009336022390392,0.8546857723773216,-0.0542483543162364,-0.227118637659838,-0.3698056427624181
2015-10-08,ALL,59.88,61.23,59.74,61.12,2474983,1.0869020332052015,1.0790780885679494,0.909290725597192,1.1537238922273736,-0.1335087328139338,0.6970006564794329,-0.563226654217394,-0.3248227632289981,0.7111184350326559,-0.4638923987850893,-0.0009586054135517,1.35704307869085,0.1329419321588803,1.5382160743789106,0.4403822552002643
2015-10-09,ALL,61.17,61.33,60.31,60.44,2438182,-0.7256574550123259,-0.7175024924006131,0.5532085352276248,0.5515499625288266,-0.0924372813745557,0.6622869863863253,-0.5072421583114919,-0.2797579836867439,0.4135183012706696,-0.4802388109908206,-0.001496597462373,0.7643187594580646,1.0867346206660289,-0.9279481213490136,-0.1848434824493638
2015-10-12,ALL,60.54,61.14,60.44,60.91,1401807,0.4511415748227468,0.4548406321438579,0.7012170265600065,0.9164037373762236,-0.0425958352900673,0.6570898655562698,-0.4233563783399255,-0.2707158972758065,0.5058246851423649,-1.1349501077407178,-0.0010820398881896,1.1226594297786996,-0.726297715375545,0.4354304017283845,-0.6335402596638612
2015-10-13,ALL,60.73,61.14,60.62,60.64,1649807,-0.3089715827761454,-0.2998513685711247,0.5434225475459794,0.6648659574996368,-0.0152425831113625,0.5950479449043441,-0.3640743732160043,-0.2930873242149187,0.2458779536517473,-0.9420376872746224,-0.0014214543144743,0.916804151083869,0.4508083095480829,-0.1382819825101552,-0.8766595382275795
2015-10-14,ALL,60.5,60.6,59.78,59.86,2427049,-0.8338085306653424,-0.8263661760803709,0.1824888996755202,0.2758458778397006,-0.0256626422297817,0.4481865553570271,-0.3525112342463427,-0.2396494136077225,-0.0037417692719154,-0.3910034758225599,-0.0015237650202538,0.3221111237432385,-0.3095031410475003,-0.8255420467670086,-0.4496682932628875
2015-10-15,ALL,60.43,61.6932,60.265,61.59,2906940,1.7663090834524957,1.739287131276855,0.8898669909640163,0.6277105129630262,0.0320984756906077,0.5061946197043371,-0.2268317339147322,-0.0451816536609047,0.4798366415345464,-0.0010595823665683,-0.000868148275264,1.3702467368930795,-0.8344770047236834,1.4239576637101146,0.3412530624311262
2015-10-16,ALL,61.44,61.51,60.66,61.2,3285033,-0.4272261879525844,-0.4180938796815361,0.6346541747294885,1.0075550103948316,0.0601365257503589,0.4760944061800792,-0.2329078657041879,-0.2131970086387801,0.7585639526942146,0.3453644618592402,-0.0016156531447796,1.0957652837251906,1.7663189098659966,-0.3214407116376773,-0.4338119654320395
2015-10-19,ALL,61.03,61.65,60.8,61.59,2427221,0.3637463527725722,0.3685352767041921,0.7376903498716817,0.9590063522446516,0.09491531396866,0.4693647793415665,-0.1691229871395299,-0.2677539286490895,0.5924316063078184,-0.2758498165045403,-0.0009243721932725,1.3702467368930795,-0.4277885956570776,0.666932665757944,-0.4411415587644668
2015-10-20,ALL,61.64,62.22,61.38,61.44,3255867,-0.184623021859738,-0.1757586079310192,0.5961876326285734,0.9442428674787378,0.1135691158466948,0.4224756406163468,-0.1664187938787507,-0.2924767608128286,0.6768100621848409,0.2923911688795838,-0.0016257842610744,0.9490003523442864,0.3633902884444995,-0.2714553735686503,-0.4518980893641056
2015-10-21,ALL,61.64,61.97,60.58,60.65,4371513,-0.8335144288569867,-0.8260698767368579,0.2019845936041197,0.7042638700093496,0.0944762371658614,0.2878050236722269,-0.1942463009696851,-0.2323666274275604,0.3696827831404647,0.987604003143378,-0.0018394112299135,0.4487901781386543,-0.1851221409494634,-1.239753723289145,0.318713928467883
2015-10-22,ALL,61.0,61.64,60.62,61.55,2836249,0.8908660138109651,0.887265415303129,0.5297874823941581,0.6371046386303243,0.1117803863048507,0.2737538531643245,-0.1872663410640917,-0.1882870325382311,0.57449585408108,-0.0856955681414244,-0.0007495305429751,1.0186498702716524,-0.8341828261921077,0.6548880694447193,-0.210208117059334
2015-10-23,ALL,61.92,61.995,61.49,61.68,3194437,0.0984994057673927,0.1058570494322979,0.5263737662734147,0.4715386457632151,0.1274450344074421,0.258292869313694,-0.1671593303704555,-0.1935720081426381,0.5022436504623405,0.1884484807303109,-0.0007710609212432,1.1009629369130876,0.8906474607680965,-0.319152927445569,-0.908977369281326
2015-10-26,ALL,61.83,62.09,61.59,61.82,2260592,0.108315974616927,0.115598436455684,0.4963818705652589,0.520193957971894,0.1420357299757565,0.2431597468976403,-0.2622415739630884,-0.3611538158690043,0.8702979383167272,-0.4274272053007374,-0.0009574230823697,1.189607777911554,0.0980741456735857,-0.0385358271218551,-0.9172632445528665
2015-10-27,ALL,61.39,61.59,60.211,60.29,4572738,-1.5738371522853607,-1.5764512322683053,-0.2102114008214702,-0.1108786466688168,0.0906438213926779,0.0612151617442556,-0.3643782723561513,-0.1658710242303888,0.3182160004310146,1.1883169266267075,-0.0017659950818639,0.2208463012854553,0.1078932754008458,-1.380070642343719,0.3149133673023622
2015-10-28,ALL,60.61,62.31,60.47,62.31,3851177,2.0529425163632724,2.015723422908683,0.5754853832637973,0.1491211982677719,0.1262621263261562,0.1396222853658163,-0.4335579688911001,0.0702414028265645,0.858866740871705,0.6804638680419598,-0.0006995886286821,1.442878752192886,-1.5746986798273193,2.092773282057452,0.8697125449837326
2015-10-29,ALL,62.16,62.934,62.07,62.79,2700979,0.4466036680591551,0.4503622754233501,0.6756621630565103,0.4918406385555082,0.1697279345700882,0.2225473226924227,-0.552237458850873,0.056945444570541,1.0536575798438157,-0.0938582877035121,-0.0009241410210791,1.3626168237234506,2.0530271176991586,0.7394110014474672,-0.4445409341248519
2015-10-30,ALL,62.84,62.94,61.85,61.88,3913475,-0.9352864415818192,-0.9286870759812652,0.224208726472538,0.0803787917626622,0.1647658194819179,0.164234711564944,-0.6348126257161246,0.0619353477765475,0.5103637972874588,0.7446730372667038,-0.001656757253734,0.4418468119403202,0.4462692189671583,-1.1805131414664898,-0.1232964827975952
2015-11-02,ALL,62.1,62.33,61.45,61.8,5335867,-0.1134847793136054,-0.1048783849656699,0.1485944568152336,0.139015834703166,0.1542110681802133,0.1031892733244044,-0.6694517067370062,0.0372222799065717,0.2983735358438362,1.5575435333954626,-0.0019062404978939,0.3116647364661842,-0.9359813884868046,-0.391301020228854,-0.4045932176427788
2015-11-03,ALL,62.92,63.36,61.64,63.16,6269132,1.3370837465610257,1.3230100347976894,0.6596210367606805,0.6949313534410932,0.1954211758611712,0.1875947786412151,-0.6175571967422571,0.1281103138553976,0.6369967045983631,1.91544727679642,-0.000218169862557,1.2592223136601488,-0.1139653403568705,0.2618657193061214,0.6782498460408998
2015-11-04,ALL,63.1,63.31,62.23,62.89,3658174,-0.2991402818834904,-0.2900312324487419,0.4817226110756307,0.2125109604500121,0.2132995388501958,0.1950636737046357,-0.6100351985785547,0.1389994021842646,0.5296693881830374,0.2225748222464383,-0.0016793548687279,1.011286121640961,1.3369815996749497,-0.2777567233379377,-0.1601245362117731
2015-11-05,ALL,62.96,63.715,62.9,63.55,3230957,0.6203718174835383,0.6216192411311301,0.7099618637951509,0.5168252963827846,0.2488779368298392,0.2465983751219323,-0.503481633259468,0.0973043052529435,0.4164287330352846,-0.0650884879864753,-0.000785051111978,1.3034912163153685,-0.2996692754339272,0.6816814358778844,-0.5225150827749815
2015-11-06,ALL,63.99,64.495,63.42,64.07,3067585,0.476432430579461,0.4797936696077169,0.8513168295212741,0.5461288163449085,0.2924714331001275,0.3084568612790563,-0.4037657771569626,0.0606752644246621,0.7145907993204812,-0.1829165173328437,-0.0008697028307745,1.1432441491360257,0.6200826998092842,0.0681379391100367,-0.1929873353568315
2015-11-09,ALL,64.03,64.05,63.21,63.52,2453975,-0.5674415030831886,-0.5585880878253227,0.5608059741610022,0.4037099031593891,0.300217140169318,0.2656720579070287,-0.3612881866496553,0.0841000182579055,0.4618432644205831,-0.5783872529958708,-0.001505748958269,0.7554817216506944,0.4761057630061087,-0.6280877585984608,-0.4892092619090845
2015-11-10,ALL,63.49,63.64,63.12,63.32,1813049,-0.2290226094829952,-0.2200383182228008,0.4180590796040248,0.6178714309203701,0.293406198998161,0.1939756532258509,-0.3638459675727976,0.0804454408667075,0.4815987875752626,-0.9638398804680048,-0.0014573964601023,0.6144772025651147,-0.5680404891770194,-0.2286130302573385,-0.9069074927717168
2015-11-11,ALL,63.52,63.54,63.01,63.12,1452379,-0.2296417710952261,-0.2206560320536047,0.2635084642277318,0.3221536651989717,0.2752680940053204,0.1074626047966618,-0.4664641255444435,0.0315762041181745,0.632358523554585,-1.166144475957188,-0.0014291078927433,0.3759437349231741,-0.2295333112261633,-0.5020834599255742,-0.891535314830469
2015-11-12,ALL,62.43,62.88,62.28,62.55,3045885,-0.5952121611472247,-0.5864518449667604,0.0026945972469004,0.081122059228861,0.2340664931919929,-0.0211128751594153,-0.4752193562872164,-0.1242754895367338,0.0614415035686138,-0.2065572802139073,-0.001661764738941,-0.0663493267813589,-0.2301526343609389,0.1189055253788835,-0.7918911960869118
2015-11-13,ALL,62.54,62.8301,62.242,62.41,2312069,-0.1723425698270939,-0.1635169012294699,-0.0818633149290213,-0.0058109718178896,0.191994803153509,-0.1262128538115787,-0.5062060120523275,-0.1356429384578918,0.122894372463467,-0.6287329576439592,-0.0016173791744744,-0.1749827103579113,-0.5958183918558245,-0.1833637537785069,-0.8059888670514921
2015-11-16,ALL,62.23,63.12,62.075,63.12,2566861,0.6752751734839575,0.6756308417302141,0.1845558456305271,0.7727546078491976,0.1827919320439226,-0.1256890626343986,-0.5076292173259133,-0.1153249438918836,0.1973618352044981,-0.4760608907922272,-0.0007618295551794,0.3759437349231741,-0.1728384852785058,1.0542087390830277,-0.2115520698106959
2015-11-17,ALL,63.13,63.4834,62.645,62.71,2153557,-0.4373971104537443,-0.4282743158155289,-0.0147171774233073,-0.022055944333404,0.1558698713217948,-0.1708789187263044,-0.5321512706868522,-0.103266589782054,0.1361024430002221,-0.7062687160214847,-0.0015865764803975,0.0578031115918459,0.6750003786126714,-0.5289579221106967,-0.4771000691174152
2015-11-18,ALL,62.75,63.62,62.75,63.5,2085924,0.7513102816792403,0.7503532446107737,0.2565016417681544,0.0948554223424697,0.1620606187092444,-0.1217990055500284,-0.6058994871454468,-0.1283345270510591,0.522657693770564,-0.7011035296515007,-0.0008625355740281,0.6708057760595314,-0.4379621714772622,0.8766928335334909,-0.449488504978825
2015-11-19,ALL,63.49,63.615,63.21,63.37,1660357,-0.1604534426550898,-0.1516675901796897,0.1634374459065099,0.4771921900568577,0.158329336907333,-0.1080742073385079,-0.6269395444110097,-0.1684294734043836,0.2667963260528417,-0.9547171449641688,-0.0015088607790034,0.5699319198813025,0.7510553223144273,-0.1691140657271245,-1.0586894024181213
2015-11-20,ALL,63.3,63.92,63.16,63.34,3078548,-0.0624696287382535,-0.0540981795801584,0.1158198260653797,0.504811397087122,0.1507576205728051,-0.1069795811446435,-0.6501584662691643,-0.1675160065820636,0.2277836242243091,-0.0203058389646337,-0.0017885396034132,0.5466533376863316,-0.160946256554277,0.0214254934806202,-0.591338849720612
2015-11-23,ALL,63.35,63.4,62.96,63.11,2201012,-0.259067224369561,-0.2500197881649002,-0.0074200187103132,-0.2162224221940464,0.1324818774890759,-0.133655860776294,-0.6780058512997212,-0.161330654184248,0.1389877684796104,-0.5958185272756109,-0.0017284931686072,0.3681842075248505,-0.0629368813063488,-0.3125427298366489,-1.010275283635435
2015-11-24,ALL,62.79,63.16,62.55,62.94,1621887,-0.2007011036563337,-0.1917896223709584,-0.1337300380020288,-0.1612473248813026,0.1083624872362783,-0.1700383316986585,-0.9301118830524716,-0.3552127456933732,0.4780588974193612,-0.923058503218826,-0.0016766276552401,0.158629735864167,-0.2595857639414269,0.1541702746601406,-0.7836034643201446
2015-11-25,ALL,62.82,62.94,62.345,62.43,1746089,-0.5374701314577174,-0.528530301907678,-0.3487620144258102,-0.8285218799770991,0.0667111804626629,-0.2442711597559378,-0.9367143233594868,-0.6815323360704866,-0.1391927907945452,-0.7921236621159824,-0.0017964317744616,-0.8114512559577749,-0.2012044170834267,-0.4953581970275258,-0.7970293087134573
2015-11-27,ALL,62.54,62.91,62.44,62.84,821492,0.3758746180794448,0.3805194872302561,-0.1789417196220659,-0.9066314509573428,0.0475932630620445,-0.2456568658592951,-0.9374852568807732,-0.6877212138530859,-0.1557819747818774,-1.4348240272473505,-0.0009172630384774,-0.3638603100295534,-0.5380612988300393,0.3361000712774994,-0.9679915646984673
2015-11-30,ALL,62.97,63.15,62.55,62.76,3012472,-0.1122551614458253,-0.1036539400437498,-0.2305370947010876,-0.6779150186177278,0.0272830832411209,-0.2498342936875079,-0.9953983875077108,-0.7761711728076438,0.0413815437606188,0.2280751924212295,-0.0023108824162778,-0.4511951287472601,0.3755217176882784,-0.2782758153249606,-0.7945661621036321
2015-12-01,ALL,63.34,64.23,63.26,63.5,3411325,0.7010853423681285,0.7010055231075081,0.0420019831723668,-0.0854066027832661,0.0381740990351099,-0.1728648955538708,-1.074067253966523,-0.731156441468024,0.2365219852576603,0.6247847524144857,0.0007237624483513,0.2843636454484757,-0.1127354017149934,0.1645310277004223,-0.318243057610421
2015-12-02,ALL,63.55,63.67,62.81,62.89,2680912,-0.6310653796522137,-0.622443813341745,-0.2060786280607754,-0.3115363187966871,0.0208617519103642,-0.1838843476897431,-1.0714322586477696,-0.8840048063849949,-0.230259856140228,0.2098690044068432,-0.0021472231507518,-0.7617953666481108,0.7008172806729255,-0.8109613692009384,-0.4516651467597928
2015-12-03,ALL,62.95,63.27,62.49,62.77,3197882,-0.151790199512651,-0.1430347878120096,-0.2535098347673208,-0.0613909060374547,0.0007145399495715,-0.1999968026853184,-1.067626973676569,-0.8905489521434196,-0.1955002593360355,0.670527253764689,-0.0028433070504435,-0.9266308147857514,-0.6316809634973396,-0.2423502494866003,-0.5557038543633508
2015-12-04,ALL,62.97,64.58,62.96,64.49,2647478,1.6729753524804707,1.6490067734196374,0.4420250925924733,0.7312084588143036,0.0501650031740583,-0.0337435488520699,-0.9770985142823144,-0.6303994645935408,0.0497591879305578,0.231160016054139,0.0018879639274191,1.3234470801889595,-0.1522807534056449,1.7973886015023055,0.5022129568139039
2015-12-07,ALL,64.35,64.69,64.19,64.39,2675481,-0.1295350994923512,-0.1208634034721437,0.3936758462636064,0.4295110563777295,0.0827690388393866,0.0558966396820237,-0.9445456018195468,-0.6506467056360393,-0.0941244314380316,0.2745594911278041,-0.002729412694895,1.06151949359528,1.6729608306439487,0.0206464857641947,-0.9441670475813584
2015-12-08,ALL,64.37,64.38,63.67,63.86,2433634,-0.5454476640215189,-0.5365294105622849,0.1662784938434383,0.3601772901693904,0.0850726831919521,0.0496161048798255,-0.928545300606936,-0.6529667318706901,-0.0888650662708737,0.0658757048539177,-0.0041552602643531,0.3877848034061673,-0.1300198476307275,-0.6249092249549564,-0.6647343269923986
2015-12-09,ALL,63.5,64.08,62.73,62.9,2561153,-0.9689139258991084,-0.96263124257121,-0.2238772826837455,-0.4678312369788128,0.0468803850437433,-0.0596441818368563,-0.9264795055987202,-0.5738521930495777,-0.2648924708389452,0.1413689421284847,0.0607297468548079,-0.8325648241061859,-0.546040912516661,-0.7401916862291192,0.1973908844194175
2015-12-10,ALL,62.91,63.075,62.3,62.48,2417128,-0.4487094889881561,-0.4395992422311007,-0.3852655737809332,-0.5845122275114529,-0.0015944115345507,-0.1735193851599874,-0.907582410398484,-0.5625619526387234,-0.3163899993284914,-0.0227107072964192,0.0012642423774118,-1.366467786142842,-0.9696176453066744,-0.5427251920722433,-0.5575664421195178
2015-12-11,ALL,61.69,62.12,61.18,61.47,2120675,-1.0394079808488232,-1.033849617626504,-0.7833507660543866,-0.9130102701855224,-0.0805280859407046,-0.3430201750095403,-0.8143638665613216,-0.5038754546381861,-0.4210576608209071,-0.236028687243829,-8.710182905574523e-05,-1.6066553077970949,-0.4492775011057536,-0.2957507012080311,-0.3168744496429171
2015-12-14,ALL,61.58,62.12,60.92,61.39,2356276,-0.1140216327684098,-0.1054129874966328,-0.795966355717177,-0.868324147813228,-0.1462423904924187,-0.4445943764502207,-0.7327308463253043,-0.5044896524148366,-0.4075070812415873,-0.0370146401796303,-0.0003361860698026,-1.4668822752766717,-1.040130090251701,-0.2594253391054765,0.0377530029766748
2015-12-15,ALL,61.79,63.0,61.72,62.7,3020379,1.2955269920214016,1.282557905015484,-0.2416369893496885,-0.2712166491614465,-0.1467698426363154,-0.3580639016716266,-0.7299149910259285,-0.3955184109391149,-0.2652011385231203,0.504348259843165,-0.0021186208220015,-0.3117953219478442,-0.1145023338622441,1.0863574173607775,0.1100524924062684
2015-12-16,ALL,63.28,63.5,62.53,63.38,2177707,0.6422107432167703,0.6431090966450071,0.0276456073285666,0.1301750026310361,-0.1207304576476199,-0.2204569404073388,-0.7287208260095717,-0.3738559579170609,-0.010564365160358,-0.2076187743184517,-0.002165483731358,0.287791798864065,1.2954140041002669,0.0930762828376768,-0.3158326805082403
2015-12-17,ALL,63.41,63.41,62.37,62.37,2161643,-1.0251168678160512,-1.0194050430358654,-0.3696382152577289,-0.3367834043203952,-0.1399263995313412,-0.2268063240567616,-0.7234266379048941,-0.3469236660839249,-0.4288281458660179,-0.2240422722082391,0.0001295223649676,-0.6027714246948048,0.6419273227285008,-1.2654563800122822,-0.201641462546617
2015-12-18,ALL,62.11,62.11,60.76,61.33,6688839,-1.0711291037943909,-1.0659234160390565,-0.761633519897466,-0.596867820368147,-0.195511581403823,-0.3255511082806033,-0.6497394652864951,-0.2763966492103729,-0.6402647202259611,3.0539796419165466,0.0015985682130081,-1.3991695851625283,-1.0258352490534564,-0.9751233842979516,0.243180582886075
2015-12-21,ALL,61.56,61.9,60.94,61.3,3117421,-0.0634499991083988,-0.0550736425770598,-0.7325693358786277,-0.8628061900422739,-0.2396771975849691,-0.3751531701536086,-0.5897884539219074,-0.276406519477602,-0.6404886487563602,0.3301181039817577,-0.0005883810197633,-1.4245450167460598,-1.0718594883816466,-0.3454111600443732,-0.2861489425035402
2015-12-22,ALL,61.71,62.67,61.25,62.5,2203323,1.185758361488169,1.1755797705363806,-0.2180809248094979,-0.3015377547091891,-0.2265367747617264,-0.267330061756129,-0.5912421260109822,-0.1604648039970305,-0.3094321898679607,-0.3661666318362301,-0.0016169405178055,-0.4095277534048379,-0.0639175074286497,0.9408834212207756,0.3021804211894396
2015-12-23,ALL,62.68,63.02,62.68,62.89,1916301,0.3554941109394302,0.3603797254772599,-0.0538738218633226,-0.1552537818684035,-0.2001629845149118,-0.1470091150971999,-0.5917168798104224,-0.15107433209427,-0.1791440529209577,-0.5928153899412033,-0.0016189201804136,-0.0796471428189409,1.185616737895525,0.2268084472899268,-1.1407611353278155
2015-12-24,ALL,62.83,63.45,62.68,63.14,1298653,0.2144917829086139,0.2208632602203555,0.035778831659322,-0.6304620844692517,-0.1691687260344532,-0.03885935207624,-0.590819743287439,-0.1667226644484349,-0.0004506777599375,-1.0523076410249814,-0.0015376431301665,0.1318147870438133,0.355135893824307,0.346452085143268,-0.5749719570968905
2015-12-28,ALL,63.01,63.06,62.3299,62.64,1833335,-0.5260118610638856,-0.5170428492274247,-0.1691153352336662,-0.736941914651257,-0.1640880034843617,-0.0190405370526861,-0.5904243109333605,-0.1592323587166985,-0.2142196280016706,-0.6701857417570669,-0.0007768347554653,-0.291109072681695,0.2140967820937401,-0.4699629642710984,-0.6199452059355888
2015-12-29,ALL,63.09,63.49,62.86,63.19,1496014,0.5136501993528021,0.516496029773924,0.0518455634054672,-0.3983331639627756,-0.1385153188043703,0.0495604727272754,-0.5857628312999326,-0.1399478815928698,-0.0668520884495451,-0.8905612672313055,-0.0015682227540537,0.1741071730163614,-0.5266000392828813,0.0934358428059918,-0.7604212033075173
2015-12-30,ALL,63.15,63.34,62.765,62.81,1522983,-0.4073915842680242,-0.3982455369394176,-0.0925786917940443,-0.2189547665828745,-0.1333627386170931,0.0518802831112406,-0.6005283028755101,-0.1677700577388516,-0.3270630783373572,-0.8258708754218074,-0.0008672942709832,-0.1473149603750206,0.5133332408902926,-0.4330878407130224,-0.8283722338075347
2015-12-31,ALL,62.62,62.7651,62.07,62.09,1573616,-0.7466688180712251,-0.7386373239191207,-0.3771789474969152,-0.3145759247113332,-0.1574959599812899,-0.0216450176312752,-0.5893754496260587,-0.1577296347034176,-0.3542990138673043,-0.7571595564406173,-0.0009010320778742,-0.7563253183797516,-0.4079488176600306,-0.6657679423437171,-0.6583196911607666
2016-01-04,ALL,60.88,60.98,59.92,60.67,3339170,-1.4568390652449932,-1.4572568085746591,-0.928934032987788,-0.4355526932849455,-0.2315338685068287,-0.2089190638885935,-0.4838885129172341,-0.0346311989064748,-0.6588224011787784,0.6791099150374309,-0.0005971567129183,-1.3586327321926115,-0.7473145597316746,-0.2869255338325667,-0.1352284524874194
2016-01-05,ALL,60.71,60.97,60.39,60.53,2808796,-0.176660543625309,-0.1678209757514989,-0.9071067601522343,-0.4523916583341104,-0.2940260234286865,-0.3290197298742789,-0.4826028935705443,-0.272169146526999,-1.069302598536381,0.2391189454778894,-0.0008021659399779,-1.4561978087632512,-1.457670071145464,-0.2503211848339185,-0.7927496650372681
2016-01-06,ALL,59.79,60.2,59.6,59.85,2868372,-0.7324089870304401,-0.7242929116542713,-1.1012024940790308,-1.1230585938507047,-0.3677700506737865,-0.4540623883262001,-0.4408859348621,-0.255201548814599,-1.2029938749072453,0.2785390766470241,-0.0008544527355514,-1.7074439182285566,-0.1771575855194821,0.0495005943139654,-0.755826562959231
2016-01-07,ALL,58.79,59.66,58.31,58.44,3982556,-1.4997267510382597,-1.500922964683219,-1.5884014958535553,-1.6864459665772915,-0.4778914669388883,-0.6477312882024658,-0.2212614029264467,-0.1540332490627643,-1.4139708173828585,1.0837261219234469,-0.0007697984847562,-1.8064078805931936,-0.7330510086860441,-0.4761060525753769,0.3339012869776641
2016-01-08,ALL,58.8,58.941,58.14,58.23,2883975,-0.2567158903258534,-0.2476728722327717,-1.583960314801211,-1.556494924162617,-0.5685701816895034,-0.7526212291038155,-0.0008211227735364,-0.1866131270395222,-1.2578773670522987,0.2067657032137859,-0.0009501091191168,-1.825486304210464,-1.500568945177813,-0.7587063049611952,-0.4449040426750696
2016-01-11,ALL,58.39,58.63,57.59,58.02,3037291,-0.2575227110012313,-0.2484781668822947,-1.583720747422417,-1.3945058898942877,-0.6429826349714988,-0.7946641048221009,0.1974514196718457,-0.1890450817224837,-1.2158446009900548,0.298378315062415,-0.0009639443914101,-1.6394418612055686,-0.2572338164981629,-0.5050656604516813,-0.0974512076304346
2016-01-12,ALL,58.43,58.7399,57.81,58.65,2957902,0.6430219442648186,0.6439071879209184,-1.2570194753994552,-1.0874933960982591,-0.6711208691654124,-0.7091893620568847,0.313549672628886,-0.1847588278797227,-0.8412376401589452,0.2012743012633749,-0.00148940715503,-1.2850874841177924,-0.2580408476512675,0.258150208264063,-0.269948537194731
2016-01-13,ALL,58.82,59.35,57.82,57.91,4225569,-0.818519448830868,-0.8109647327105388,-1.5032520943284289,-1.8322496593383784,-0.7159864822914871,-0.6838655532607016,0.4724968919583968,-0.1577054023056023,-1.0000098105016784,1.0548276743732754,-0.0008558990638931,-1.701313260379629,0.6427387353969968,-1.1951727986619425,0.6105672165539108
2016-01-14,ALL,57.97,59.18,57.97,58.42,3193336,0.5152961193429753,0.5181186540765542,-1.1961903809810934,-1.7662903706050073,-0.7248123860653,-0.5708409147607635,0.5327208956203502,-0.2852743217793494,-1.1700037748882657,0.2904556771335218,-0.0014992691560111,-1.414454955118091,-0.8191839343806253,0.5601644448709803,0.1348390520004584
2016-01-15,ALL,56.91,58.56,56.03,58.13,5060193,-0.3420482661702821,-0.3329019285965333,-1.212747036479931,-1.948408223988484,-0.7364271768601444,-0.487599751143331,0.5458918233810148,-0.3489715558582643,-1.3840182083321122,1.4720096648236891,-0.0007947491572894,-0.9455412264521226,0.5149795902565447,1.593314057048652,2.035931796528607
2016-01-19,ALL,59.02,59.35,58.06,58.44,3082941,0.2990182632369478,0.3045367480039736,-0.9964265299879228,-1.6981275030311125,-0.7267503508290437,-0.3662025650663943,0.5683519356730876,-0.3694791136785142,-1.0928920468281187,0.0646517639368922,-0.00147769987285,-0.8074049963439246,-0.3425884532551304,-0.7687773335227274,0.2483357232416038
2016-01-20,ALL,57.5,58.48,57.14,57.99,4685457,-0.5123957157820245,-0.503394796469328,-1.1220450305919565,-2.0805129874560984,-0.7300717571534169,-0.3025420425282659,0.6363333875999527,-0.4211445731783657,-0.9672988214111774,1.2733265547805623,-0.0008525317655867,-1.007925330371955,0.2986453130982352,0.6175160531215849,0.3344693632328553
2016-01-21,ALL,58.21,58.66,57.82,58.15,3858001,0.138779883828321,0.1458192783313593,-0.9860987599686096,-1.9314107058350305,-0.7198057616574226,-0.2166398861140315,0.681137997794846,-0.4133421172196833,-0.92216913540247,0.6524598634232547,-0.0015243800906001,-0.936629211606434,-0.5129803419164071,-0.104191608570254,-0.387431865677125
2016-01-22,ALL,58.91,59.0,58.2,58.53,2699576,0.3738492578848477,0.3785183447997948,-0.7356484770018539,-1.5801339047519602,-0.6904517879499368,-0.0987860336584658,0.6394640560173454,-0.5512926450738159,-1.100366575117858,-0.1733180301124922,-0.0014620671698509,-0.7673009295383165,0.1383651318235043,-0.5136646812395622,-0.4522040053506542
2016-01-25,ALL,58.31,58.46,57.62,57.7,3852370,-0.915862455555033,-0.9090886427787988,-0.9892276540558742,-1.4481041135286676,-0.6935549950731693,-0.0880471764144021,0.5815565307098807,-0.5479952620822663,-1.3794850909147638,0.5398344013041486,-0.0009028129779799,-1.1371495456344645,0.3734958291318995,-0.8166885101735253,-0.3780427597129378
2016-01-26,ALL,58.05,58.68,57.88,58.18,2185096,0.4849217732276274,0.4881673634770013,-0.6713496426822372,-1.1387938503816193,-0.6710839085671165,-0.0136282990689961,0.4360627087806404,-0.5172672819354077,-1.3211875232157018,-0.5997747490951588,-0.0014144651134311,-0.9232611893378978,-0.9165523352665902,0.1428778000646326,-0.445351273104064
2016-01-27,ALL,58.18,59.375,58.03,58.41,2891332,0.2131254527316074,0.2195097891492524,-0.4776436094926765,-0.809287877187952,-0.6385588464065602,0.0717855630666981,0.2877679102339875,-0.5031961902705563,-1.1592410694858637,-0.1654271606410104,-0.0014849708357555,-0.8207730186124604,0.4845973202945254,0.2723584334511413,0.3277559772726063
2016-01-28,ALL,58.83,59.4979,58.42,59.22,3191031,0.8303665724909955,0.8279491667215607,-0.0303702803311183,0.1793098130450586,-0.5759612564566108,0.217522821618156,0.0057083596577438,-0.453973974123198,-1.090179934169457,-0.0256848403335668,-0.0015356543290814,-0.4306681608389998,0.2127300954780869,0.4745366909027265,-0.0743851601507421
2016-01-29,ALL,59.68,60.61,59.43,60.6,3799209,1.417799157016492,1.4015045027747215,0.6338610652968498,0.7533823782633214,-0.4683388661017678,0.4500056896169026,-0.2441560327252441,-0.2563153299017158,-0.6842302443400398,0.2763648880887767,-0.0016326466922858,0.3742702019535824,0.8301322367776159,1.1383557404931337,0.031484910063631
2016-02-01,ALL,60.14,60.83,59.82,60.53,2667519,-0.1049112678850395,-0.0963414460434554,0.6384295140402247,0.8282695234472239,-0.3830824442494689,0.5784223661118937,-0.4320594070329722,-0.2850933419555369,-0.536473845325871,-0.4413775745546096,-0.0009241674958001,1.1406804306072074,1.4177180666013618,0.4636268514164927,-0.2007032516234302
2016-02-02,ALL,60.01,60.5,59.76,59.97,2540885,-0.608983173387136,-0.6002736756131052,0.4045279073668745,0.351183659843737,-0.3353852955661444,0.5844787847393834,-0.4903453124677553,-0.410251479483225,-0.3369278259752473,-0.4991334728447228,-0.0009705296151837,0.7699675097956197,-0.1053895923306924,-0.0766760143843214,-0.5629391093831896
2016-02-03,ALL,60.29,60.29,58.29,59.64,4765228,-0.3755865445446244,-0.3664317418882004,0.2773852220926906,0.5617137536922371,-0.3087098444460371,0.5352144319940895,-0.5591921592241235,-0.4036121567610166,-0.3834199378397998,0.7706252212598799,-0.0007778483779056,0.6187587460352689,-0.6095929965809561,-0.8408572765853226,1.203473523403398
2016-02-04,ALL,60.475,62.2,60.475,62.05,5519955,2.4827965520451087,2.427985560157951,1.3021897931897957,1.041787073201179,-0.1922028327903006,0.7270278402008118,-0.305056895938544,-0.0045000710814475,0.3723795071016488,1.094809764106347,-0.0017039387814249,1.3620639660313962,-0.3761354808606316,1.941340524428412,0.7255654165527985
2016-02-05,ALL,62.09,63.52,62.09,63.37,4617492,1.2914295733564105,1.2785679685478508,1.7729255637399333,1.3994019353813618,-0.0490514593953549,0.9490606952104782,0.0813229219840341,-0.0991296740819763,1.0714807697501425,0.5583570617854051,-0.0017054328108397,1.376306358252113,2.4829932906911085,1.531201326507316,0.2893361705012806
2016-02-08,ALL,62.87,63.54,62.355,63.33,3008508,-0.0722941573004448,-0.0638742248981155,1.6343679460038003,1.3356583469490986,0.0604300702144306,1.0400213809286156,0.3364774945380741,-0.1089109986722377,1.118825687133021,-0.3514638090415697,-0.0008808980876891,1.3499256066718572,1.2913155165293928,0.526472079236325,-0.0318904846642661
2016-02-09,ALL,62.81,63.26,62.45,63.01,3743744,-0.3475795263857482,-0.3384305425106645,1.3762899818805012,1.398022895955373,0.1313904425013355,1.013637133680933,0.480135767625968,-0.1024264870129068,1.0956371850082405,0.0417105129862231,-0.0008444033743288,1.2082827182588616,-0.0727639728227399,0.2142559221925875,-0.5199686224618355
2016-02-10,ALL,63.27,63.94,62.89,62.98,2987480,-0.0626380224987348,-0.0542657293303215,1.2627409529915372,1.3595565381082713,0.1826448243207886,0.9418068556506096,0.602705383290496,-0.1098656782032887,0.9167985731245398,-0.3803428658431403,-0.0009647555199327,1.0394382621872225,-0.3481211564270204,-0.3726104926364338,-0.2018684821445619
2016-02-11,ALL,61.95,62.655,61.7,62.32,3020007,-0.685430224522983,-0.6770589926127549,0.8728246841308686,0.9901944952940692,0.1933644503196939,0.780006869534487,0.6155045037293172,-0.1270177622535189,0.9509427252289628,-0.3338147238196681,-0.0009873083594542,0.7620729253083305,-0.0631053189962148,0.4249209069238324,-0.3141974461791942
2016-02-12,ALL,63.02,64.31,62.86,63.91,3615267,1.555423077980698,1.535112544627775,1.4406542836492764,1.5995911821711353,0.2597449656947297,0.7938370517149536,0.7414649596346484,-0.015873216519164,1.2126866390527755,-0.0087166983040473,-0.001522684807706,1.2822902721231983,-0.6860599906880652,1.040663595016838,0.2995264497233569
2016-02-16,ALL,64.47,64.72,63.845,64.57,3502476,0.6099441032330923,0.6113555704203325,1.5786441023544728,1.6196112340360482,0.3327943329016521,0.8220667072728844,0.8613203662334871,-0.0333951555807099,1.4595896062498417,-0.0284843348925447,-0.0015443834753471,1.3770967956471878,1.5553778899301454,0.0908725063200043,-0.4619565175877377
2016-02-17,ALL,64.69,65.2899,64.69,65.02,3342656,0.4008914724254601,0.4052318767312513,1.6215613560769646,1.643159435524066,0.4020656146077542,0.8349257046784059,0.9830462609206224,-0.0327777589968549,1.4861420754527743,-0.1275515028202864,-0.0015657304737867,1.332791929415214,0.6096522652497808,0.3590921537822087,-0.822388471653968
2016-02-18,ALL,64.91,65.0,64.07,64.3,4086419,-0.7224114075391863,-0.7142380135337718,1.1691759304008478,1.2310994827333703,0.4220660955363718,0.7183907095794564,0.9721167778801656,-0.0079966854443981,1.430593880787702,0.3190038903650553,-0.0007957954413827,1.0138500420513796,0.4005450982560365,-0.7363240835596765,-0.3859273349780079
2016-02-19,ALL,63.89,64.44,63.8,64.0,4300104,-0.3234690018320006,-0.3143351661936045,0.9105382618974308,0.8699717072330462,0.4195771675018347,0.5672753619756595,0.9149302691697636,0.0140680405541666,1.3100177137831173,0.4269498616387859,-0.0008376531196465,0.8838282084899591,-0.7230508210962762,0.1037616518007737,-0.7579153062945437
2016-02-22,ALL,64.5,64.6,64.2,64.44,2513674,0.3950279647510238,0.3994406151341243,0.9669065790847194,0.982978032889195,0.4282879746561018,0.4752110094694715,0.8719139827065181,0.0143669889876088,1.315480638761279,-0.595845065316089,-0.0014493318124477,1.0745268977133766,-0.3240043420884983,-0.0965972812364326,-1.074000128747851
2016-02-23,ALL,64.31,64.31,63.56,63.73,1973511,-0.7189551775022056,-0.7107623478477546,0.5346894463703104,0.9210785621117896,0.4009310313566389,0.3087217586890672,0.680618926556617,-0.0130535859304495,1.367356561475915,-0.8757932960163043,-0.0010674378711367,0.7430864769588659,0.3946800609507863,-0.7077041327714537,-0.610535503718123
2016-02-24,ALL,63.35,64.125,62.78,63.95,2366705,0.1819226490821036,0.1885925925740489,0.5028861074272658,1.0976370752498994,0.3818112730211779,0.196732730362115,0.4923120702919864,-0.0153062925628381,1.2890612201191085,-0.6467168476731061,-0.0014404140619201,0.8293619211044144,-0.7195936894222109,0.6892488966005271,0.1615057426528297
2016-02-25,ALL,63.92,64.44,63.67,64.41,1936092,0.4148334682750564,0.4189999141318169,0.5668107694481044,0.6889790124264236,0.3787007506055035,0.148349005365247,0.2882020911473162,-0.0142433705432442,1.3411567963929791,-0.8848093995032787,-0.0014168476066972,1.02502316357081,0.1815191518597128,0.5528507634230925,-0.5950118105945464
2016-02-26,ALL,64.53,64.71,64.21,64.32,2391399,-0.1199891089556348,-0.1113557540369459,0.4203588884922889,0.2294075710805448,0.3667696010774484,0.0869378830241868,0.1109126564758884,-0.0265881872174078,1.0973221476112804,-0.5949823586337157,-0.0010132184560076,0.9822830760881552,0.4144907311958597,-0.2721847498891443,-0.9434627413085788
2016-02-29,ALL,64.12,64.305,63.45,63.46,2285122,-0.8654262708000996,-0.8582284376311632,0.0023883724121976,-0.1379882054409956,0.3181051786848157,-0.056741826852925,0.0094969985362251,-0.057138053145766,0.5256506348160667,-0.6272220099333453,-0.0010401657475557,0.5738777956983613,-0.1204713668028603,-0.8039862047209496,-0.4684680112898743
2016-03-01,ALL,63.84,64.81,63.59,64.81,2167703,1.2914343165934383,1.278572587510428,0.4723903311959432,0.432031645323479,0.327200471465719,-0.0230130822092065,-0.0834346396876311,0.0221065824284159,0.8709904538638209,-0.6896470402352175,-0.0014217758733519,1.2149791079381604,-0.866102993073035,1.1216350720410146,-0.0224942708487858
2016-03-02,ALL,64.73,65.42,64.64,65.41,2215904,0.5433783204592874,0.5457968409624692,0.6051026595364463,0.5969333438817432,0.3522651023084816,0.0450747147709834,-0.2565557218250809,-0.0141085082860456,1.1647696632564817,-0.6525346041896681,-0.0014383828956094,1.4382165059973124,1.2913202610038037,0.7673681997883669,-0.5975023089235415
2016-03-03,ALL,65.4,65.47,65.0,65.31,1985356,-0.1281772653396914,-0.1195109339409509,0.4444607983005251,0.8413902705126555,0.3623206926703529,0.0609119405321786,-0.6059161212453612,-0.0300816524231593,1.2287795185800603,-0.7410413022400232,-0.0010540947056116,1.3363984627052408,0.5430691172607952,-0.1302868974057069,-0.9915657625394084
2016-03-04,ALL,65.3,65.59,64.85,65.38,1629377,0.0337328288653083,0.0415480566405657,0.4034843546264495,0.4271141095369569,0.3671166823213196,0.0600435994532686,-0.6654344354848495,-0.4045502626649579,0.6206972629555199,-0.902576543401574,-0.0013876532314925,1.2634242218939271,-0.1286616592558043,0.0662430634308157,-0.648034883342503
2016-03-07,ALL,64.81,65.32,64.75,65.03,1609161,-0.3662831816950492,-0.3571289072604605,0.2257519166209888,0.0126974105361374,0.3513962510447535,0.006540012304964,-0.6609766145587455,-0.5076391671265404,0.2172425106066068,-0.8547110299037379,-0.0010916746956926,0.9643333380623452,0.0332906729205468,0.2301468457709747,-0.8608258242714566
2016-03-08,ALL,64.76,65.035,64.53,64.58,1797147,-0.4638143864987285,-0.4547241245455332,0.0160560428599257,-0.3819109111955283,0.3158901376915998,-0.0871908624759117,-0.6809456818136131,-0.4867287387357981,0.1224044161157344,-0.6856518238939606,-0.0010827364081688,0.5797879159931599,-0.3668296910149173,-0.2363122477181724,-0.9396185109757714
2016-03-09,ALL,64.79,64.92,64.33,64.53,1496694,-0.0811983018768589,-0.0727357618619539,-0.0355156792856484,-0.0769790517798904,0.2808499029652945,-0.1609763987350259,-0.7298404945686611,-0.4983014407411016,0.186808961537366,-0.8631481391781116,-0.0011167420710921,0.537060646874364,-0.4643863390761933,-0.329503217650748,-0.8293355682977137
2016-03-10,ALL,64.59,65.02,63.73,64.26,3071393,-0.2934899237988875,-0.2843879958348692,-0.1717441096758677,-0.0617377509274586,0.2380144224488692,-0.2400696562139292,-0.7924990699537527,-0.4896725036384216,0.131011195467755,0.3755232221420516,-0.0009954336858196,0.3063333936328577,-0.0816704402500261,-0.412321955761781,0.0817185587490097
2016-03-11,ALL,64.93,65.71,64.71,65.52,2235342,1.1877497902537535,1.1775222210986491,0.2756527762270855,0.2762311552247652,0.2490876232066319,-0.1645842446144985,-0.9268916670526391,-0.4355157979786835,0.5866462604714913,-0.2557951676846328,-0.0014079512657179,1.2273174920856955,-0.2940174433234826,0.6602005174447483,-0.3193327634005448
2016-03-14,ALL,65.19,65.41,64.53,64.95,1744665,-0.5746181641473828,-0.5657876066762328,0.0226278495297993,0.3475189722787386,0.2310707259961829,-0.1790733267302869,-0.9400807221420656,-0.5908924097849131,0.0715155631814188,-0.594701732925318,-0.0011055733588651,0.5806337117641246,1.1876086861710975,-0.3044639421494651,-0.462148285236918
2016-03-15,ALL,64.51,66.055,64.38,65.92,2368178,0.8968006678585572,0.8930809454716178,0.3887643951920539,0.5901262081257024,0.2503847475405255,-0.0945754501854875,-0.8732626474561617,-0.5528306429484204,0.1395827041474327,-0.0296973884551871,-0.001420089166829,1.3058514216418164,-0.5752190224382864,1.62502459123597,0.5263329438932197
2016-03-16,ALL,65.72,66.53,65.47,66.28,2162969,0.3070053753264564,0.3124374146821266,0.508691278535636,0.5606392515692472,0.2749931857799824,-0.0133494115177696,-0.7875596036754934,-0.558285003255947,0.1171285930910222,-0.157418360930701,-0.0014157804282634,1.22126664969672,0.89658366300667,0.617460072545637,-0.2584737066241925
2016-03-17,ALL,66.33,67.45,66.07,67.2,2338034,0.8311770785338761,0.8287441972866372,0.8208163895766869,0.8483751370308449,0.3252572278944949,0.1176685021394475,-0.6235153541988451,-0.5622693568016406,0.4949024220318782,0.0752678495812982,-0.0014422309350403,1.2649247084325814,0.3066345088096036,0.96463856884402,0.1201401732870447
2016-03-18,ALL,67.4,67.76,66.66,67.23,3777239,-0.0052022763112672,0.002855862055394,0.7654132791393944,1.3222959487529022,0.3604216561195629,0.1836166868478347,-0.5167389968887854,-0.5785157325902376,0.5737348462908751,1.4205788162553734,-0.0015900181103184,1.0891003957984036,0.8309429542596362,-0.2168774333068234,-0.2277221569853254
2016-03-21,ALL,66.93,67.16,66.59,66.84,1258002,-0.3941537795450176,-0.3850021021051227,0.5583509015706294,0.7470352962667247,0.3670141723105636,0.162831624893328,-0.457564201421188,-0.5636529940460655,0.3795081347690855,-0.8564340570387703,-0.0011104920392535,0.8287729259986898,-0.0056545893735641,-0.1279101660412485,-0.8806074148129052
2016-03-22,ALL,66.9,67.24,66.67,66.92,1551519,0.0415198605971014,0.0492836055391826,0.5247494501905712,0.568943515388627,0.3694325115978247,0.1354593158363463,-0.44729205579866,-0.6261107598104021,0.5676570996125044,-0.5647139931187481,-0.001398359082453,0.8821734326242708,-0.3947075595512461,-0.0037300679964643,-0.8814570459931453
2016-03-23,ALL,66.91,67.01,66.52,66.66,2080461,-0.2748832180312411,-0.2658083759227319,0.3648224580796846,0.4706524744628609,0.3553244996201259,0.0710229249295328,-0.458940176098505,-0.6125198568454758,0.4548928578665279,-0.0468315958960847,-0.0010215932849239,0.5944797519175334,0.0410797360786374,-0.3086053909400482,-0.9787073211961071
2016-03-24,ALL,66.47,66.485,65.94,66.19,1396720,-0.4719591037227407,-0.4628811512579829,0.1403141131470339,0.1821737407299965,0.3202587687088647,-0.0344709955518397,-0.4760861631784643,-0.5950120259488166,0.2383926069188024,-0.6858713466443375,-0.0011052170262318,0.2319819972544318,-0.2754058835687577,-0.3445729047726311,-0.90510591554559
2016-03-28,ALL,66.34,66.99,66.21,66.82,1730218,0.5595793251928047,0.5617591381453831,0.3416595267599814,0.5970104647816801,0.31197062863811,-0.0499410740793978,-0.4817190972051056,-0.5764217758035067,0.4033621951231236,-0.3343322025216249,-0.0014049901472501,0.7178832428666723,-0.472533181036989,0.5203348943824369,-0.6184734019990581
2016-03-29,ALL,66.82,67.25,66.53,67.16,2484247,0.2837913372164315,0.2894718311234547,0.4021397209656419,0.962786699101377,0.3134734656116797,-0.0371153305372559,-0.5630469960069616,-0.6654819872404432,0.6888141504740131,0.3989458624652551,-0.0014901831055802,0.9645792504025926,0.559274348398955,0.3581133646581245,-0.6978542940935306
2016-03-30,ALL,67.26,67.9,67.145,67.72,1803014,0.4861299396642662,0.4893589792336118,0.5658283694059939,1.1329558406411064,0.331189738975336,0.0148783704564708,-0.5172175596540031,-0.7930721533000427,0.4919561485492921,-0.2551492204341987,-0.0014399045152654,1.2993889016557951,0.2834144147839087,0.4903920601150093,-0.6621693104832405
2016-03-31,ALL,67.75,67.92,67.25,67.37,1692598,-0.3547667625511412,-0.3456150776621698,0.3869135141521082,1.085463702336328,0.3260014609590914,-0.0024825897073725,-0.4874599097556603,-0.795227970870598,0.2726031153528299,-0.34285532296258,-0.0010434296758419,1.006530340356762,0.4858058019091621,-0.4500756410535387,-0.7624924352628079
2016-04-01,ALL,67.24,68.33,67.015,68.23,1479085,0.7617480900754718,0.7606038142172771,0.6686962469021848,0.9869686323693836,0.3500047785767718,0.058767306801188,-0.412872111977768,-0.7503546865274937,0.489156408020312,-0.5385183869324663,-0.0014051833696344,1.3706139361615317,-0.3553102675482445,1.086061011740079,0.0149084008612288
2016-04-04,ALL,68.15,68.24,67.52,67.64,1323252,-0.5713551537678323,-0.562514099770286,0.389285902542034,0.9748618226135176,0.3401901190848881,0.0207203330914829,-0.394603026171175,-0.7052766328061618,0.3401951504928432,-0.6866901597945843,-0.0010883133571795,0.9442515215765138,0.7614958536530063,-0.5917077530826254,-0.704194705232433
2016-04-05,ALL,67.32,67.41,66.64,66.7,1712072,-0.8982023595606224,-0.8912753235935036,-0.0156843092166778,0.1499760970933236,0.29037424479704,-0.1126796841555711,-0.4329559072000995,-0.6324110543807537,0.2096803268614579,-0.2923715501211733,-0.0010534738780442,0.2649622508817449,-0.5719551608274424,-0.7221291889931997,-0.6292180276569225
2016-04-06,ALL,66.65,67.17,66.5,67.03,1624452,0.2750272309292646,0.2807993095655058,0.065945033151864,0.138387468569181,0.2591981489722397,-0.171421229065944,-0.5096133842704322,-0.6554791104874931,0.3896931698277642,-0.3747290552921509,-0.0014107978359416,0.5034361437852273,-0.8988876322300285,0.4044363127759843,-0.7582883073048913
2016-04-07,ALL,66.49,66.81,66.03,66.28,1603477,-0.7296024599386716,-0.7214701291847553,-0.2641080464974075,-0.6009511805633646,0.2009614473591669,-0.2880679984553385,-0.6117987482057983,-0.5968002340808947,0.2308100742619577,-0.4007478176273651,-0.0010660931753322,-0.0385499764499618,0.2746480221780777,-0.2649370183489309,-0.6105473418399486
2016-04-08,ALL,66.82,67.45,66.68,66.84,1695175,0.4930223787830067,0.4961565602142677,-0.0944289339655417,-0.350608647699515,0.173155427166359,-0.3030573638435649,-0.7818778172544104,-0.5928522644557271,0.4221791000430963,-0.2439380382176578,-0.0014182531307563,0.1889469823728112,-0.7302437494471449,-0.0037030264126612,-0.6312332105073079
2016-04-11,ALL,66.83,67.48,66.78,66.79,1683366,-0.0795684828322033,-0.0711136469066846,-0.1390209770322096,-0.210752061257494,0.1457746353494475,-0.3139543256347313,-0.836667592967252,-0.7147224069216673,0.117198231732375,-0.2301709128216564,-0.0010566165219905,0.1468687350634149,0.492700039079145,-0.0715368322614236,-0.7178607835151783
2016-04-12,ALL,66.75,67.4,66.62,67.21,1571298,0.3585053156756844,0.3633557727369742,-0.0186433451651073,-0.068814275612473,0.1373253841352619,-0.273942435455436,-0.9781058171920224,-0.7458490957603442,0.3435561821031309,-0.3430767050755743,-0.0014054967428745,0.500326012462353,-0.0800401960295935,0.4943399461314063,-0.6241185692819484
2016-04-13,ALL,67.54,67.89,66.82,67.53,1687623,0.2634266916536329,0.2693181272951198,0.0750073749335884,0.1685227515304979,0.139914110960075,-0.2135213578541619,-1.0173553287405168,-0.8175510079082979,0.1912206340936833,-0.1832157133106015,-0.0014284425743192,0.5130377626984853,0.3581478841025623,-0.0375027790394521,-0.2708038435601442
2016-04-14,ALL,67.15,67.47,66.58,66.67,2457493,-0.8258571751230404,-0.8183559068419995,-0.2693034119280665,-0.0019177124909636,0.1052109078196,-0.2611732815375678,-1.0386613346576652,-0.7495994017756888,-0.0810594133194967,0.6441506659901466,-0.0009528471263891,-0.8659670018466652,0.2630444566350105,-0.5663739875936283,-0.4787790556222035
2016-04-15,ALL,66.64,67.1,66.25,66.6,2779150,-0.0983637140416659,-0.0898226150785855,-0.2850340701976436,-0.2815927067375238,0.072422494039709,-0.2943661856325115,-1.0304983952348632,-0.8316272237720144,-0.2986068561266266,0.9601602851625703,-0.000945906796762,-0.963327967378464,-0.826523574887439,-0.0716657616351987,-0.5276642842146265
2016-04-18,ALL,66.49,67.33,66.3,67.3,1968905,0.6213677144408677,0.6225993821421373,-0.0122934807005157,-0.1329454676295621,0.0714664211343331,-0.2389846114789653,-1.02889456747883,-0.7825696618639687,-0.152185287266289,0.1924205990676321,-0.0014326651009749,0.010281687939425,-0.0988403304073315,0.8940766809092907,-0.3158248651180529
2016-04-19,ALL,67.57,67.907,67.37,67.53,1471943,0.1797728815348222,0.18646193382375,0.0641646433430421,-0.2686239575692611,0.0771747592010159,-0.17752527303932,-1.0197736665070372,-0.7943583969703112,-0.0158653523511882,-0.3821148671537148,-0.0013951532970786,0.3301820032581642,0.6210788565692366,-0.0710415975679051,-0.9285956085397188
2016-04-20,ALL,67.69,67.69,66.62,66.92,1446155,-0.595374287892995,-0.5866145520522414,-0.1745732052774268,-0.3708683737972775,0.0553574576156658,-0.1992083249086402,-1.0197736665070372,-0.7582277648634683,-0.1674769497128712,-0.4064137610109013,-0.0010842299620906,-0.5182492678045633,0.1793688234961307,-0.8857474058340868,-0.258766825738144
2016-04-21,ALL,65.4,66.57,65.24,65.45,3295891,-1.4005889169744468,-1.4000322853926603,-0.7267616166621549,-1.2258288151228078,-0.021237020484412,-0.3575502757849874,-0.9190817336009478,-0.5848460029572725,-0.4340644822240009,1.5655390286450248,-0.0009010349646133,-1.6553875351321483,-0.5959805608960845,0.0314447527849024,0.1022336670869168
2016-04-22,ALL,65.44,66.07,65.355,65.74,1743298,0.2428608075913452,0.2489586097201035,-0.6045096691539027,-0.9255934878035988,-0.0713986637132116,-0.4161861745584772,-0.8842306951629428,-0.5908302411248674,-0.2673250730434839,-0.1526744348827661,-0.001403620292298,-1.3434093325890106,-1.401405248730215,0.3200394324605126,-0.6848938051849395
2016-04-25,ALL,65.74,65.74,64.98,65.61,1528953,-0.1561105072259463,-0.1473397644384341,-0.6322065351475484,-0.6619788563787353,-0.116620174260931,-0.4503790770986521,-0.8220415840832392,-0.6273138704088792,-0.433426140332325,-0.3762363408712589,-0.0010928958042777,-1.2561581976111722,0.2424732074889329,-0.1757192291457559,-0.6259367167761783
2016-04-26,ALL,65.79,66.01,65.39,65.87,1775711,0.2137207645939416,0.2200995019192982,-0.5053048927469079,-0.6975975685808566,-0.1422820836483459,-0.4273873224551765,-0.7904761050480053,-0.6318373255843064,-0.4495741635106546,-0.0692717477547876,-0.0014077889426515,-0.998162018585779,-0.1566021881705569,0.0655536849386458,-0.8068798006979785
2016-04-27,ALL,65.86,65.95,65.28,65.51,1540138,-0.3732555466115654,-0.3641007450693574,-0.6040565491538755,-0.5474012047327022,-0.17644949842795,-0.4308869432008883,-0.764264324922667,-0.6599050268867942,-0.6467633412594208,-0.3187969967291316,-0.0010904735761378,-1.3553874972363158,0.2133255626412102,-0.427821634458668,-0.7389597453072726
2016-04-28,ALL,65.02,65.55,64.795,64.95,1482820,-0.565197248962309,-0.5563368575328657,-0.7778822164958333,-1.068724721088888,-0.2246728251208679,-0.4698663150952119,-0.6891333961657677,-0.6467413585772867,-0.695032981097523,-0.3732956801466643,-0.0011037610126008,-1.735546593367404,-0.3738038748331582,-0.1076549845862551,-0.6225425482833564
2016-04-29,ALL,64.83,65.23,64.36,65.05,2180409,0.0628592879699693,0.0704769986728177,-0.6771776077562891,-0.9925573242186706,-0.2576803568523164,-0.4618846183139044,-0.7051493850624633,-0.727105850091073,-0.8519739080643703,0.3656725947934576,-0.0014372826816568,-1.2901467901889596,-0.5657956495908436,0.2300677270306922,-0.476695958595461
2016-05-02,ALL,65.58,65.58,65.01,65.36,2004543,0.2636986783097034,0.2695873398766428,-0.5104105847028757,-1.058346356486099,-0.2702200295038288,-0.402815343963422,-0.7164711795654125,-0.7263372737145017,-0.6625291806681675,0.1307782961037029,-0.0014350756097829,-0.9441216357028088,0.0624247303318561,-0.2797687121126536,-0.8645140795350442
2016-05-03,ALL,64.8,65.59,64.67,65.41,1865875,0.0146309746185678,0.0225683974559313,-0.4654529365389633,-1.2300557307041164,-0.2766965826328258,-0.3399535592063516,-0.6963895947595796,-0.7899732639324254,-0.4515196615368494,-0.0280060240792855,-0.0014351040043246,-0.8972625782254715,0.2633165142450548,0.6848962415510615,-0.4191240751511801
2016-05-04,ALL,64.82,65.55,64.59,65.28,2936089,-0.1567316320260915,-0.1479587097194158,-0.4827602100515795,-0.9661275747417514,-0.2853523055648164,-0.2952732769600306,-0.6870228954382299,-0.8053895521810234,-0.5509091689743336,1.0209640623167826,-0.0009174098952868,-1.0190961276665509,0.0141838355158606,0.509842368827859,-0.3657230282760613
2016-05-05,ALL,68.09,69.24,67.05,67.87,4521612,2.43710685402732,2.384295876034284,0.5118561036458895,0.2913603403455021,-0.1897893119654836,0.008728131103545,-0.6158803033104014,-0.2991745139290665,0.1848406986601139,2.345367622642,-0.0016911141611549,0.5096556566403884,-0.1572234750053896,-0.2704257113084573,1.0978831366992048
2016-05-06,ALL,67.5,67.55,66.58,67.1,2213634,-0.7393271005720468,-0.7312516444843449,0.2017177866877852,-0.2639635213921048,-0.144390482639513,0.1228075622715589,-0.6068330340441793,-0.2737840823992101,-0.1103479420113705,0.0783447977191636,-0.0009808802739859,-0.0148565941446028,2.4372916734649133,-0.4740308332870189,-0.3865454573437278
2016-05-09,ALL,67.1,67.65,66.87,67.21,1836056,0.0690663135033448,0.0766401853850374,0.2368426537868037,-0.3108066382357863,-0.104573149490166,0.1997044321306499,-0.592151030349445,-0.2736147668791142,-0.07512254339901,-0.2900547462792456,-0.0014411553960811,0.0600737273961089,-0.7399709269766567,0.0975388346543692,-0.6241185692819484
2016-05-10,ALL,67.58,68.0,67.35,67.98,2249067,0.6802711623330016,0.680543346413551,0.5259997929775369,0.2063496406607634,-0.0439038342334308,0.3148945710034908,-0.5448726792894226,-0.2488799538149071,0.0007813917411128,0.0706566123230744,-0.0015045153566473,0.5845859781811001,0.0686333751105785,0.4208677353867233,-0.7944489573765043
2016-05-11,ALL,67.68,67.975,67.32,67.35,2056691,-0.609968146966162,-0.6012624022333264,0.2804011102924535,0.603951591558179,-0.0220588707896678,0.307113468881452,-0.5542254728163227,-0.22873666292226,-0.206623683213558,-0.1267056111676561,-0.0009783586434186,0.1554395911751971,0.6799976707802943,-0.3946984820448465,-0.7808077471699727
2016-05-12,ALL,67.57,67.77,67.08,67.54,2517338,0.1426391035664221,0.1496466534337309,0.3380605769091644,0.5730109892095202,0.0010230570552052,0.3040725122584123,-0.5240901297695443,-0.2755364712697208,0.0241729390070368,0.2995358313371,-0.0015381276521293,0.2848646920182535,-0.6105782271129906,-0.0598603358895702,-0.7398996630823417
2016-05-13,ALL,67.65,67.78,67.28,67.38,1736059,-0.1804832506290376,-0.1716316274126738,0.2591590227014071,0.5570950618330726,0.0111935779847192,0.2684060078247484,-0.5034620773989562,-0.2737141450128681,0.0045276842857123,-0.3880814547831626,-0.0010147058441067,0.175875133413574,0.1422253583278206,-0.3278536091447332,-0.972884752835327
2016-05-16,ALL,67.19,67.79,67.125,67.55,2019819,0.1240812257930397,0.1312397404033007,0.3213103263942061,0.5283952037479566,0.023971774882864,0.2465849173309343,-0.4923253914812568,-0.3019077872707142,-0.1129206736417701,-0.1196957812688496,-0.0014878402795364,0.2916765394310395,-0.1809812897642395,0.3784853937468191,-0.7708698439751994
2016-05-17,ALL,67.51,67.71,66.89,67.1,2015370,-0.4477424068468236,-0.438631006410334,0.1521132922678661,0.481221873791961,0.0145249796285523,0.1719212977301489,-0.5094785304049702,-0.2923378226689815,-0.2609941464089541,-0.1482227155991564,-0.000974420265346,-0.0148565941446028,0.1236626393052648,-0.4851557141754911,-0.5728514016334428
2016-05-18,ALL,66.84,67.59,66.76,67.36,2444536,0.2082422542602272,0.2146723066657434,0.2460478049744941,0.8724205533382473,0.0153971616660167,0.1387512719613286,-0.4954133434015313,-0.3124256052391795,-0.0709126671655042,0.2032996213380374,-0.0015394429779616,0.1622514385879928,-0.4483101666788056,0.5614591565577922,-0.5644101049889564
2016-05-19,ALL,66.98,67.25,66.5875,66.84,2160702,-0.5136103467818168,-0.5046121515770216,0.0130199634506312,0.5527909569324795,-0.0060034908505872,0.0548853586223776,-0.5169738897597452,-0.4497456689073068,0.1444299078958883,-0.0050051772746538,-0.000949027872025,-0.1919646268771884,0.2078456231120916,-0.184233091948444,-0.7652718453215668
2016-05-20,ALL,67.11,67.71,66.96,67.15,1889053,0.255753083587426,0.2617223022742853,0.1072973581938333,0.5527909569324795,-0.0123175671486066,0.0266252154282486,-0.5240844841686118,-0.4492864705123492,0.147522058818619,-0.2674282974198708,-0.0014748972203198,0.0192026429193648,-0.5141952897806273,0.0187150600293137,-0.6604877941918498
2016-05-23,ALL,67.09,67.21,66.68,66.88,1331319,-0.2833262012738423,-0.2742383777377943,-0.0242698445403171,0.4018983361355255,-0.0293058583538192,-0.0234581445456671,-0.5464503459088516,-0.4439185760463968,0.1168077307976039,-0.7862346407683464,-0.0010641327343282,-0.1647172372260259,0.2553688467316775,-0.2628029852516657,-0.9308774958901858
2016-05-24,ALL,67.27,67.75,66.99,67.44,1840182,0.4883033139938133,0.4915025227615764,0.165035565667942,0.6311431216395136,-0.0221706190451725,-0.0014312802594221,-0.5491403288597974,-0.4296368146931769,0.1825744051344695,-0.3080153080528406,-0.0014746187844996,0.2167462178903277,-0.2838510693576921,0.1646125925567306,-0.6521327212240109
2016-05-25,ALL,67.68,67.83,67.205,67.28,1715625,-0.1807019445904387,-0.1718496387902041,0.0670297009347891,-0.5151416049367394,-0.0242296270132562,-0.0074756230453009,-0.5814831134861335,-0.4400084929346665,0.229335638402876,-0.4321383480234337,-0.0010067815003637,0.1077566592856578,0.487979743213382,-0.4728401038124645,-0.8171259642013938
2016-05-26,ALL,67.28,67.58,67.15,67.51,1229784,0.1798361303233415,0.1865246214549649,0.1066682160115934,0.0632065434360504,-0.0182948586037071,0.008264745512238,-0.6669577177697431,-0.4731373518454414,0.4113924385388859,-0.8818219614419177,-0.0013985746273419,0.2644291497798766,-0.1812000407769895,0.2319609548961222,-1.060490399765826
2016-05-27,ALL,67.56,67.87,67.46,67.68,839925,0.1237787514196145,0.1309396812739536,0.1212907863602951,0.0965369884454024,-0.0084992206703339,0.0307948520492089,-0.7635619367976211,-0.4731263161960757,0.4263066818510881,-1.2246298015869297,-0.0013554973892788,0.3276694622121848,0.1794320887845508,0.1078784494304344,-1.0864516715761263
2016-05-31,ALL,67.75,67.96,67.17,67.52,3554417,-0.1801781647977557,-0.1713274950924765,0.0161896543812621,-0.5086488459739166,-0.0086296701532363,0.0232693591430685,-0.859836091488316,-0.4700436667597789,0.3178802559115974,1.2990773787026295,-0.0007451876299885,0.2132890222141557,0.1233600860244437,-0.2828023159750167,-0.6162160968416353
2016-06-01,ALL,66.9,67.5,66.67,67.44,1498493,-0.1067614903248931,-0.0981836762896027,-0.0548246475451752,-0.117127657914336,-0.0134229114834642,0.0052470188713075,-0.9862899555871092,-0.4676868472698014,0.2883202605337446,-0.6225828408817902,-0.0010648459637087,0.1560988022151461,-0.1806761243443028,0.583518486315107,-0.5656282708158779
2016-06-02,ALL,67.29,67.44,67.11,67.44,1153054,-0.0329960430517004,-0.0247793014886723,-0.096995737089292,-0.2731743958739211,-0.0187021428124346,-0.0104217832367332,-1.2257815442548563,-0.4711145186637284,0.3184750564086865,-0.902526760592434,-0.0012427088046935,-0.8065674009636882,-0.1072402974436171,0.1421002684955268,-1.1835172023026024
2016-06-03,ALL,67.02,67.705,66.64,67.43,1625737,-0.0422276618978638,-0.033960970207592,-0.0923126311701503,-0.1450150364577714,-0.0246910446890648,-0.0247835046961367,-1.247033760519387,-1.1201679945526075,-0.2626895884055155,-0.3115881416715446,-0.0010613648008031,0.1085241913885223,-0.0334556067571959,0.4358773004702838,-0.2750252923224621
2016-06-06,ALL,67.53,68.02,67.42,67.62,1959601,0.1424307272987279,0.1494400026404092,-0.0284480912426255,-0.1277899174578764,-0.0233862799994996,-0.0174991096799366,-1.2482577123446703,-1.1985817489630528,-0.0536616628345218,0.0583123187600229,-0.0014478870555332,0.5146605218424651,-0.0426896338834252,0.0743744111540293,-0.8518309150170363
2016-06-07,ALL,67.72,67.88,67.32,67.43,1484744,-0.207929895827949,-0.198998605617762,-0.1067363378807664,0.1236501612338279,-0.0311666839507961,-0.0350566613508717,-1.2511301539219168,-1.1933259853279568,-0.1194031378688739,-0.4361866327819167,-0.0010748393538996,0.0737568624260106,0.1420169277003852,-0.3498549102245872,-0.8991856635942842
2016-06-08,ALL,67.21,67.88,67.11,67.68,1645524,0.1978286547778185,0.204354935634985,-0.0035142652657331,0.1151541375119153,-0.0288572932958005,-0.023131745062956,-1.276814344029178,-1.2779527719137729,-0.2322896130771267,-0.2327609794397168,-0.0014181448588728,0.6538932563950364,-0.2084350950517129,0.5020176111067464,-0.6431492296669458
2016-06-09,ALL,67.49,67.96,67.37,67.79,1456741,0.0681916656487108,0.0757717521030726,0.0307130739932376,0.8515620072416955,-0.0241161094111063,-0.007332418121764,-1.2613178478458824,-1.3469315784584537,-0.0715291874549652,-0.413943921660079,-0.0014084980829598,0.9091532697414064,0.1974293070027872,0.3095189143719825,-0.865979349856114
2016-06-10,ALL,67.17,67.86,67.13,67.46,1636568,-0.3360665899543682,-0.3269236697130997,-0.0962230702852116,0.1480517860837632,-0.0346428436592092,-0.033992315011294,-1.2628297595008773,-1.3316015079687316,-0.1848729218992406,-0.1669140041204659,-0.0010446203579529,0.1433732297022635,0.0677584990839383,0.2998709985950931,-0.6894735097784902
2016-06-13,ALL,67.44,67.87,66.86,66.88,1761425,-0.5682711949813706,-0.5594203795109822,-0.3124126199885877,-0.1889912872378273,-0.0667384425706352,-0.1108381188666047,-1.2391802922781985,-1.2786704654390533,-0.2764599529656201,-0.0251434954372035,-0.0010437114137254,-1.2025432043058717,-0.3366052165814213,-0.653674197501445,-0.3327373589600478
2016-06-14,ALL,66.83,67.04,66.42,66.69,1465321,-0.2098654677635689,-0.2009290160095168,-0.3698354373956309,-1.022880570897186,-0.1001931808238936,-0.1758131632196693,-1.2061545184904172,-1.2814660501819743,-0.3544559665266801,-0.3377268610241375,-0.0010882397837494,-1.3203471508061932,-0.5688703975194125,-0.1845875357785215,-0.8165250872332371
2016-06-15,ALL,66.75,66.95,65.81,65.87,1991019,-0.7985019772072559,-0.7908059396908133,-0.6659939641743242,-1.4441080277788916,-0.1588430152400534,-0.2926449425015424,-1.0789783163444628,-1.209859600315248,-0.4366938782904968,0.2761247135815917,-0.0010438886266912,-1.7910535127398532,-0.2103711719257826,-1.0223550668278305,-0.1489589456646864
2016-06-16,ALL,65.49,66.57,65.45,66.47,1565173,0.534103129548063,0.5366564591188936,-0.4147361541978226,-1.021672035703486,-0.181316093891225,-0.2929920193568927,-1.0481899257096905,-1.1591702062442242,-0.3615242934082842,-0.1727103242811134,-0.0013885561981417,-0.5619778170817715,-0.7991612407392192,1.1042491760847972,-0.1870548709306849
2016-06-17,ALL,66.44,66.535,66.03,66.42,1858851,-0.0798277246363035,-0.0713716604429613,-0.4261536891594097,-1.2318213689376871,-0.2004790936620352,-0.2847495947848575,-1.02423060181639,-1.193645538551536,-0.2597622698460707,0.1984738346613885,-0.0010598879993049,-0.626650609639015,0.5337915067027298,-0.0490594121310739,-0.957672378943836
2016-06-20,ALL,67.05,67.285,66.545,66.57,1120182,0.1076047643073151,0.1148927245630788,-0.35635046115242,-0.9774668822096448,-0.2090489183644235,-0.2508890048585439,-1.0062914174009052,-1.2059885316705103,-0.2943302441378541,-0.6609845791214337,-0.0013460714267402,-0.4326322319672845,-0.0802995054628798,-0.567179442383694,-0.6648970423683911
2016-06-21,ALL,66.83,67.0,66.57,66.8,1306211,0.1821060844032112,0.1887743939851382,-0.2649351527429796,-0.6986403773590117,-0.2061090144464021,-0.1941746895841087,-1.0038413689030203,-1.206486438989789,-0.1850445926773922,-0.4300307591571753,-0.0013678994888258,-0.1351373862039427,0.1071818795556696,-0.0602317619097251,-1.054848307204494
2016-06-22,ALL,66.9,67.4424,66.76,67.02,1153738,0.1720453978118761,0.1788025324418963,-0.170786586309124,-0.5046779446231603,-0.1945740913914959,-0.1266798060661664,-1.0063442533320308,-1.249840045270083,-0.2589412260726437,-0.5878910803590802,-0.0013585097559595,0.1494229010479432,0.181702635034142,0.1092023462942168,-0.7427443352297424
2016-06-23,ALL,67.61,67.86,67.42,67.86,2030630,0.7473195567514381,0.7464336588706993,0.1460746665532026,0.0777362464407209,-0.1523142084513405,0.0064016185744556,-0.985571074748803,-1.1482931626518436,-0.0408687642099367,0.4940203626672803,-0.0014553982424413,1.2359258160096995,0.1716393238813545,0.2530496122886878,-1.0509469740845938
2016-06-24,ALL,65.58,66.98,65.32,66.26,3908808,-1.5009132254526,-1.5021314130980137,-0.4549033359324039,-0.8394971266985074,-0.1813970628585758,-0.0707682195074558,-0.9571613511902344,-0.8661343667049746,-0.4394098025928243,2.4678923915094573,-0.000799317700373,-0.7239951388807262,0.7470635563142571,0.7570810384884974,0.496599828708852
2016-06-27,ALL,65.74,66.285,65.27,66.06,3106576,-0.220916470152758,-0.2119517018638421,-0.5018981562805708,-0.8432182011925166,-0.2115738091405758,-0.1353197488277014,-0.9295255176725322,-0.870160707021949,-0.519016698822086,1.323819434246018,-0.0009388618111686,-0.9263560890388476,-1.5017557291112884,0.3414438880159681,-0.310806610297381
2016-06-28,ALL,66.65,67.74,66.33,67.73,3001505,1.5408901607422094,1.521017306632347,0.147776792801879,-0.169581479581286,-0.1695073593959423,-0.0010082293501677,-0.9200123671357688,-0.6025624211270163,-0.1217989965308282,1.2588908695284762,-0.0015073097076176,1.0923286991535055,-0.2214250572230733,1.1979284299902264,0.1436622434933081
2016-06-29,ALL,67.99,68.53,67.53,68.47,3098337,0.647218747276777,0.6480360023720703,0.4168793451839732,0.0547505601513299,-0.1075031387555882,0.1577604652963891,-0.8538210725512736,-0.5647523432880929,0.0568282994551395,1.2231367036367924,-0.0015446319536129,1.3816974969025313,1.540841181445997,0.5070686069189859,-0.3741359450036662
2016-06-30,ALL,68.54,69.95,68.52,69.95,2637984,1.312730486784664,1.2993073176727072,0.9447031652911332,0.5939924819868362,-0.0017934796030865,0.397272467371594,-0.6286124115130965,-0.4277990144027115,0.3791309875800503,0.6339157069676509,-0.0015311516937533,1.442878752192886,0.6469366332415303,1.5279293942323957,0.1124277609986432
2016-07-01,ALL,69.95,69.95,69.48,69.56,1971627,-0.3801101906492056,-0.3709556362468656,0.7494813656243556,0.6711803456668652,0.0641973244737738,0.4866464198118658,-0.506562885781664,-0.4119167673063749,0.2964463852132028,-0.0598251228162363,-0.0010021220007267,1.1658636240726783,1.3126219867907492,-0.4475488055019649,-1.028209984388371
2016-07-05,ALL,69.29,69.75,69.036,69.31,2234850,-0.2567526470575145,-0.247709559214803,0.6181655216892322,0.6464622908930477,0.103764334158544,0.4901311898742969,-0.4287642229108437,-0.4044812784506748,0.1995781920498512,0.1897921701885003,-0.0009917571041616,0.9882898239956222,-0.3806603070623248,-0.0045091370400628,-0.7327843878881167
2016-07-06,ALL,69.12,69.68,69.05,69.46,2210319,0.1017421711278662,0.1090751490562616,0.6359092433784392,1.0452686427650233,0.1377408880573108,0.4785292689686147,-0.3514759510173719,-0.4099286749087762,0.2746659469537615,0.1263222126707574,-0.0014703240891621,1.09483410404185,-0.2572705828186626,0.3453212812426103,-0.8354249448850718
2016-07-07,ALL,69.45,69.77,68.79,68.94,1928906,-0.4990798250738812,-0.490050610871119,0.4087861476575826,0.668208917896425,0.1408824787210295,0.3898790676890833,-0.3163580064400578,-0.3878568576716403,0.1059428551498495,-0.1629792382952514,-0.0010263263787343,0.7254805998815761,0.1013177569839739,-0.5811244764390483,-0.4066119461504188
2016-07-08,ALL,69.68,69.69,69.06,69.66,1675561,0.6172184477950745,0.6185156581161664,0.6510318194664475,0.8531882454403784,0.1680746660978483,0.380864728583209,-0.2442105325489278,-0.3616302514103496,0.23765430267386,-0.4186475861653827,-0.0014170762666722,1.2368931441034967,-0.4996609774519609,-0.0480019082485436,-0.8375951974036039
2016-07-11,ALL,69.66,70.12,69.51,69.94,1698173,0.2172515954725835,0.2235970088003225,0.710012640466709,0.879835156640168,0.1966808924471852,0.3772929692716342,-0.1658692187907711,-0.3728987030750867,0.372437707943288,-0.3991425566929582,-0.0014312768652933,1.319507066267181,0.6169285074918224,0.2773656174619645,-0.8644448001700998
2016-07-12,ALL,70.25,70.38,69.58,69.6,2316878,-0.3356516442744207,-0.3265089825004956,0.524449910213525,0.688662398542663,0.2019465645593441,0.3143573770145392,-0.1356270136594634,-0.3929966751352022,0.4298229110808804,0.1707347242357216,-0.000966684042703,0.9354694372799413,0.2168573146182816,-0.7253722142610879,-0.6333829881306304
2016-07-13,ALL,69.71,69.75,69.22,69.28,2002685,-0.3192398936198682,-0.3101096815193461,0.3498912933620058,0.511943859405812,0.1896436126604127,0.2187875674414193,-0.139167035779973,-0.3867372175214074,0.4028958685882499,-0.1536654858928237,-0.0010256992676592,0.7273015132130967,-0.336190162653351,-0.4923510884962782,-0.9537567014742444
2016-07-14,ALL,69.62,69.92,69.25,69.31,1454451,-0.0060367312018488,0.0020263484974973,0.2940880342034349,0.3026419421386367,0.1773337705357347,0.1423139844604646,-0.2047042645940681,-0.4531061743170473,0.5995145539016903,-0.653781781341131,-0.0013888822638248,0.7468172560943642,-0.3197741306162364,-0.3627292684608296,-0.7856915845332277
2016-07-15,ALL,69.46,69.7,69.35,69.49,1489993,0.1286898139637878,0.1358113493533685,0.3043036577628208,1.1200734213329735,0.1709948831825533,0.0965042528698438,-0.2408704166406471,-0.4676086326278815,0.4997921874225008,-0.6172665938759114,-0.0014007798154753,0.863911713381962,-0.0064892619508931,0.0063145109768766,-1.171561331569002
2016-07-18,ALL,69.59,69.75,69.28,69.35,1280424,-0.1584259646202882,-0.1496471283814097,0.1936757791085833,1.1554865157365857,0.1569560496727838,0.0400369387418999,-0.3018278184905527,-0.46460580059203,0.4803940242217472,-0.8009310200236169,-0.0010986664677383,0.7728382466027153,0.1282724297322162,-0.2868773848611141,-1.0265048088776854
2016-07-19,ALL,69.06,69.22,68.97,69.12,869390,-0.2394754752748037,-0.2304675684331789,0.0564358164555856,0.5208021677267649,0.1335428395246955,-0.0292663966512004,-0.3740100816723956,-0.4551331341125826,0.3950993049328905,-1.1949299713725243,-0.0011497317484932,0.6232175511796744,-0.1589182496052063,0.0393235752622339,-1.289888498216183
2016-07-20,ALL,69.27,69.3,68.99,69.1,865966,-0.0510105214945835,-0.0426975718763932,0.0046221870045882,0.1785805039355846,0.1112223474984977,-0.0818964273306566,-0.4443807813830274,-0.4545014813264036,0.3381976594515439,-1.1891772423109408,-0.0011530999853561,0.6102070559254896,-0.2399889038883872,-0.2117330872668976,-1.2174358172796662
2016-07-21,ALL,69.07,69.12,68.8,68.89,1072127,-0.2222028140314544,-0.2132348771896952,-0.1112112658419712,-1.015232909036475,0.0826199829129753,-0.1401698837019042,-0.512844500190693,-0.4484915780378244,0.2423088992769349,-0.9835002319189728,-0.0011352368351261,0.4735968557566239,-0.051474784691041,-0.2232084189432618,-1.20419840854765
2016-07-22,ALL,69.07,69.31,68.9799,69.2,1185569,0.2471606070362584,0.2532158167765285,-0.0187021453239505,-0.4756689004309928,0.0696535854924336,-0.1465419384834007,-0.5352881626139031,-0.4868892794725068,0.1225315435759045,-0.8464900387895378,-0.0013571218038849,0.6752595321963855,-0.2227117366741512,0.1158831316538988,-1.1937687297145505
2016-07-25,ALL,69.16,69.295,69.0,69.22,1011698,-0.0150023905954699,-0.006886920814355,-0.0675482795900056,-0.265411112080389,0.0578022862519084,-0.1487693387892213,-0.7185737878839792,-0.7164595575521882,0.4886079668927367,-0.9423600671660906,-0.0013445405126707,0.688270027450561,0.2467741286354093,0.0392286647270737,-1.236143986244712
2016-07-26,ALL,69.27,69.5,68.86,69.04,905738,-0.1948921243828746,-0.1859971695247925,-0.1923842592039801,-0.5425603435093886,0.0391782703123225,-0.167984115227548,-1.047899077575794,-0.7181394094660436,0.4950407245931327,-0.995578030349178,-0.0011480698990095,0.3430260953600692,-0.0154572602429409,-0.2771742177653429,-0.8187550991331598
2016-07-27,ALL,68.94,69.17,68.7,68.86,1322126,-0.1953142172948137,-0.1864180433343081,-0.2819087105929706,-0.2635839151432207,0.0154602343485592,-0.1964678562288473,-1.16626847212417,-0.9612239540197264,0.0775518551848788,-0.4361363376138329,-0.0011091178123024,-0.3300180677764429,-0.1953939224041411,-0.1139890604692982,-1.0224856198968395
2016-07-28,ALL,68.84,69.37,68.64,69.17,903647,0.2472826619230159,0.2533366583556882,-0.177712690223351,-0.7139877647319725,0.0070859433817036,-0.179760313544513,-1.2133145132654426,-1.0078988090663037,-0.0173296638528095,-0.8674123172027174,-0.0013298223173476,-0.7196264415196935,-0.1958161254287227,0.3358578986363233,-0.7117687846417567
2016-07-29,ALL,68.91,68.98,68.1,68.33,2614574,-0.7890572183994827,-0.7812967802524758,-0.4654717505893065,-1.6221387711180586,-0.0339146647348795,-0.2503738580909474,-1.1804064245850474,-1.2131087343821263,-0.5076086183291925,1.3632904367189709,-0.0009824902451345,-1.545968682788298,0.2468962153629908,-0.6622189654979366,-0.5180038913841652
2016-08-01,ALL,68.44,68.57,68.03,68.39,1728884,0.0216722175939086,0.0295652744629091,-0.420809650203113,-1.365609983851133,-0.0649935388726552,-0.2813263212654776,-1.1448850440030731,-1.2253277587624734,-0.4145048815193451,0.2267640311649248,-0.0014000273906741,-1.372066464620119,-0.7897140180489198,-0.0815121858344817,-0.9332735402682044
2016-08-02,ALL,68.33,68.55,68.025,68.11,1344354,-0.2878907718073956,-0.2787964080986299,-0.504602581378107,-1.3419338620364256,-0.1011732248269538,-0.3192176936123186,-1.0855304938725976,-1.2232121961243143,-0.421752803442616,-0.2257138035859964,-0.001113029302188,-1.761321710649781,0.0212269153613516,-0.2695683104814571,-0.9489226194970344
2016-08-03,ALL,68.28,68.71,68.18,68.63,2032739,0.4423259287477516,0.4461403754181156,-0.2915096243006996,-0.764726340553608,-0.1098112625601019,-0.2786390630874279,-1.0804223573406195,-1.1811803762102735,-0.342971278826354,0.721906466970757,-0.0014300382614464,-1.0273198425096148,-0.2884168306644359,0.3609582705596394,-0.9477182536067658
2016-08-04,ALL,67.99,69.24,67.99,68.62,2149815,-0.0420675915725396,-0.0338017543851573,-0.2892693256289023,-0.9634250207631616,-0.117393427348867,-0.2434583598851198,-1.0708746511984977,-1.2151958981727695,-0.2356477626787674,0.8596264283765391,-0.0010302492269908,-1.005054095463498,0.4419903637090847,0.6737514687232357,-0.0731648494495958
2016-08-05,ALL,68.72,68.97,68.5,68.84,1620169,0.1666071083573208,0.1734115884715692,-0.1901293736078022,-0.6322563282862484,-0.1151132941593644,-0.1899284121028773,-1.087713426082708,-1.292544301908478,-0.3403591002302287,0.1482675516499304,-0.0013914391788467,-0.6990624895064499,-0.0425295218000758,0.1056132253278349,-1.0223203560161929
2016-08-08,ALL,68.84,69.18,68.71,69.17,2194491,0.2654518415289332,0.2713225939629584,-0.0499748950800698,-0.1467791267469547,-0.1008524890949921,-0.1162664107138258,-1.1341742975089346,-1.2865111985638829,-0.3291675863889091,0.8769306350844436,-0.0014555689247369,-0.2400750805708779,0.1661996157239363,0.3358578986363233,-1.0250349890731705
2016-08-09,ALL,69.17,69.5,69.0,69.37,1053054,0.1470185225072963,0.1539896487213595,0.0305141067974368,0.0277744829559224,-0.0824255613732577,-0.0466132816007329,-1.14803668548296,-1.29424069425268,-0.2160100874889949,-0.5815985730066258,-0.0013533374463858,0.4955731327144633,0.2650701348172259,0.1921359145508417,-0.9906257633161478
2016-08-10,ALL,69.37,69.47,69.16,69.42,941826,0.011877848759289,0.0198324036566712,0.0468589965438984,0.2559080475768269,-0.0667806409121754,0.0019483828920072,-1.141757539915226,-1.3105681785876264,-0.137798587522228,-0.6865975839318865,-0.0013457602267869,0.5816918253943157,0.1466059197408345,0.0281391109303714,-1.219159300217398
2016-08-11,ALL,69.42,69.51,69.04,69.11,1796681,-0.3110137846904134,-0.3018914466719362,-0.0672740215900253,-0.2645402308856015,-0.067500213450031,-0.0013242087846157,-1.1473641350965205,-1.294828319136309,-0.2098562586678289,0.5144375367895838,-0.0010385409066586,0.2340854658501635,0.0114299914403906,-0.3636984782493812,-1.0245433477118704
2016-08-12,ALL,69.06,69.25,68.8401,69.13,903080,-0.0149789579703601,-0.0068636234433564,-0.0527965762134376,-0.2645402308856015,-0.0681934157147574,-0.0038744054968339,-1.162916426699985,-1.3008326785523003,-0.2435621105504388,-0.7309902847396408,-0.001338299094114,0.2718602560483659,-0.3115458757171001,0.0502635962816955,-1.0971619104434132
2016-08-15,ALL,69.13,69.45,69.01,69.39,1537651,0.2011583002092673,0.2076539999450849,0.0453994534269561,0.098263052815671,-0.0595203457755558,0.0181940605495299,-1.160804953905687,-1.291859740186888,-0.159005976666964,0.1712855010730388,-0.0014112738780069,1.1804433676579442,-0.015433821504892,0.257835975425203,-1.0628618997538375
2016-08-16,ALL,68.91,69.47,68.91,68.95,1436756,-0.4277724733640543,-0.4186406335389406,-0.1188346211882157,-0.1201141983537525,-0.0708428600987688,-0.0156194562885441,-1.162580780557599,-1.2694730226500193,-0.203598382266661,-0.0151256458508786,-0.0010750192352563,0.2181802910298652,0.2007598210488152,0.0175387880863295,-0.914443823346338
2016-08-17,ALL,68.95,69.16,68.66,69.12,2091658,0.1205045570173095,0.1276915380970164,-0.0545041589876748,-0.2287003007454138,-0.0739690476512404,-0.0215730657477271,-1.1621700291398094,-1.264760675897999,-0.1632261394325982,0.7884692816912651,-0.0014729244261667,0.5899637524543561,-0.4283350235796594,0.1599605119050841,-0.9884530993485277
2016-08-18,ALL,69.16,69.55,69.07,69.44,1657033,0.255235612034305,0.261210042499127,0.0567665600165509,0.836248139254971,-0.064801915601029,0.0053068397174655,-1.1483231821385562,-1.2581161434635908,-0.0502233245845907,0.1567316742942895,-0.0014415851941118,1.2084813360911737,0.1200850374732355,0.2795611218598575,-1.0152350094414646
2016-08-19,ALL,69.13,69.42,69.03,69.17,1269417,-0.2750707856296913,-0.2659956426630794,-0.0453965935013162,0.4869495556342955,-0.06906294273338,-0.007753086485702,-1.149089128542693,-1.2594587030332227,-0.1738439509491455,-0.3627535083438193,-0.0010785934485028,0.6331422238415204,0.2548512401842021,0.017399222419224,-1.1214245904367006
2016-08-22,ALL,69.04,69.05,68.775,68.87,1171355,-0.3030178913901886,-0.2939042524023105,-0.1528990870077108,0.4657662243761989,-0.084963262687251,-0.048160366804881,-1.1524474355109635,-1.2464982471861297,-0.2417371683118183,-0.5007224295431766,-0.0010997264991517,-0.0061234564358756,-0.2755935000985292,-0.2123507843030336,-1.2585413176340798
2016-08-23,ALL,68.91,69.14,68.36,68.36,1716246,-0.4940327662152745,-0.4849935790410311,-0.3341735361295377,-0.4222846528129074,-0.1179719844697035,-0.1245229228524376,-1.1326439506861037,-1.2147077025457422,-0.3121301025586361,0.1590691491907672,-0.0010434783066343,-1.0928751129074692,-0.3035478965042347,-0.6293274612922453,-0.6403895775758656
2016-08-24,ALL,68.31,68.45,68.155,68.26,1004507,-0.1240698252321762,-0.1154199016206124,-0.3609340368888071,-0.4920504783277441,-0.1480566323551796,-0.178086451816473,-1.1088167922238197,-1.2172303547163918,-0.2954457227451708,-0.741511733805269,-0.001133910880894,-1.3059636729999249,-0.494612601951989,-0.0816172280325111,-1.2311487809355184
2016-08-25,ALL,68.22,68.68,68.1249,68.54,1145126,0.2223841283459242,0.2286807485054236,-0.2423208196371054,-0.4372841638330286,-0.1607227835081768,-0.1761023642510201,-1.1071379961963477,-1.2198827615440646,-0.3012419662887625,-0.5705644805918978,-0.0013620583486482,-0.7093157047410137,-0.1245531476280825,0.3280747017304359,-0.9163529184623832
2016-08-26,ALL,68.73,68.88,68.07,68.33,1427686,-0.2237487111973375,-0.2147770016486337,-0.3223590948774532,-0.9084632040695118,-0.1786621160020838,-0.1880881721943718,-1.1071379961963477,-1.3218122554817795,-0.1674769497128712,-0.1347844702787154,-0.0010872231747897,-1.156801680935212,0.2219911864308498,-0.4660184868969144,-0.6033816191102837
2016-08-29,ALL,68.27,68.92,68.14,68.74,1646995,0.3405704046933159,0.3456281501235975,-0.172750335445795,-0.6975495188613259,-0.1764059988933643,-0.1456940789287871,-1.1191085547105188,-1.2944248990506495,-0.0923154885135867,0.1645126628364086,-0.0014125627344539,-0.2831385845561035,-0.2242580371228594,0.4938143855072136,-0.6456464155364857
2016-08-30,ALL,68.96,69.23,68.81,69.17,1439360,0.3564563300118564,0.3613307256628578,-0.0291689553263806,-0.3717709896114667,-0.1575748041548079,-0.0691148398307033,-1.1526357879462077,-1.2853741198837,0.0610906980545765,-0.120006343049072,-0.001400826597469,0.6331422238415204,0.3402082943862335,0.2037570408463787,-1.0852784899253811
2016-08-31,ALL,69.19,69.24,68.49,68.96,2133039,-0.2220113368886546,-0.2130438700133318,-0.1154087542666648,-0.3014496384692461,-0.150872603307503,-0.0390712700323546,-1.158700616255476,-1.3157941334414631,-0.0968582502949451,0.7979165437376777,-0.0009942317883708,0.185656247647322,0.3560983639137055,-0.2774642685436914,-0.6849195422520947
2016-09-01,ALL,68.97,69.08,68.32,68.66,1699016,-0.3038401737009651,-0.2947255925921805,-0.2303629758375025,-0.5179252865403546,-0.1572511958063801,-0.0487061510859232,-1.1602763747931877,-1.299529032569397,-0.1589158599324356,0.253755927084663,-0.0010610548388332,-0.5561223074853663,-0.2225202095801355,-0.3658997522428225,-0.6688209419427553
2016-09-02,ALL,68.85,69.25,68.52,68.95,1507288,0.2299639172539778,0.2361877157404097,-0.1220699666637167,-0.4947506912462575,-0.1508503739593498,-0.0235200633951137,-1.1611103767168984,-1.293632560651414,-0.1440091919119194,0.0021660749971603,-0.0013939635085349,0.0952375883648643,-0.3043703933262612,0.0834173418984549,-0.70896237239031
2016-09-06,ALL,68.7,69.31,68.6,69.31,1808968,0.2920640512120926,0.2976569810922255,0.0122727564676187,0.0659863975733987,-0.1317866349528289,0.0292229375388158,-1.1561731260634789,-1.2903295466289024,-0.1377513904737846,0.4439665906877549,-0.0014347004238552,0.9038222866616836,0.2295729527011446,0.644521716217989,-0.7375941330376615
2016-09-07,ALL,69.05,69.48,68.94,69.44,1628030,0.0837770759039323,0.0912445995039252,0.0604061727366712,0.0398559983748339,-0.1119676982502349,0.0733612041552136,-1.1523434303320286,-1.294006825185682,-0.1526570208346273,0.1521171671050818,-0.0014283385811237,1.195811205491081,0.2916892869072546,0.4004060590307518,-0.9432238984861656
2016-09-08,ALL,69.29,69.38,69.06,69.22,1382500,-0.2302421295967369,-0.2212549926257,-0.0194956754506998,-0.3502375400979942,-0.1054004359254388,0.0745622357223561,-1.161317480357697,-1.286762916822012,-0.2097891062047769,-0.2061569538860703,-0.0010737752139833,0.7016761120874709,0.0833479751518262,-0.1026424992054916,-1.2060439938007288
2016-09-09,ALL,68.81,68.895,67.96,67.96,1816211,-1.1662686123699475,-1.1622204510788232,-0.4774767765402495,-0.9005990019560566,-0.1497537987970735,-0.0555457517005713,-1.107845909922358,-1.087451467160634,-0.4118631737917543,0.3689232958412143,-0.0010335121587689,-1.881302785249608,-0.2307531494797707,-0.9595968500320452,-0.4447126075194008
2016-09-12,ALL,67.96,68.7,67.675,68.48,1956563,0.4433750502276014,0.4471758288748289,-0.2670838900308425,-0.4087043719190117,-0.1642420896823194,-0.0827599604616726,-1.1021945174930663,-1.0487513230914434,-0.3055683309789085,0.4683954372760788,-0.0014522748574876,-0.4541208451742851,-1.1670238162858395,0.5517724468417711,-0.343888433358618
2016-09-13,ALL,67.93,68.28,67.72,67.92,1924588,-0.5421155085774609,-0.5331881172693874,-0.4528477018485207,-0.4345253540930808,-0.19718641513317,-0.1520368427288857,-1.0749661626694451,-1.0295994023751007,-0.4786057549003698,0.3973183686079913,-0.0010197301087808,-1.446943064357114,0.4430397588763982,-0.0374385566194301,-0.9041790047958432
2016-09-14,ALL,67.9,68.05,67.29,67.39,1717844,-0.5188140624016236,-0.5098278087451104,-0.625865700898772,-0.6379187229591708,-0.24304794881781,-0.2407070201716605,-0.9906672514789788,-1.020119645418607,-0.4997614638334094,0.1159841592535143,-0.0010584844313037,-1.734215106601718,-0.5427078878032294,-0.5937894585400187,-0.6514358884774342
2016-09-15,ALL,67.36,68.05,67.27,67.82,1761550,0.364258091454734,0.3690409840291881,-0.4371018059677684,-0.5510073858094042,-0.2611563158128074,-0.2402069888268266,-0.9674470771811648,-0.997439235896184,-0.4436996692418471,0.1939305800476573,-0.0014198608675736,-1.0794168880595372,-0.519400362909318,0.4896249748849476,-0.6328179979159672
2016-09-16,ALL,67.56,67.7746,67.24,67.41,2314236,-0.4093716752312493,-0.4002267136098115,-0.5556883027703,-0.6363008743800759,-0.289996377609185,-0.2674301614277153,-0.9388936280209138,-1.0029095206039886,-0.5968216432933897,0.8366391245067054,-0.0009941065296511,-1.62902115071156,0.3639021606254645,-0.1940603012108871,-0.9303830387008593
2016-09-19,ALL,67.58,67.9,67.3175,67.46,1139502,0.0131825932771609,0.0211290441250274,-0.5042880979434132,-0.8506409831846212,-0.3090185194060403,-0.2639375424413711,-0.913741969214679,-1.0040224940876794,-0.5305534232760107,-0.6200252984058935,-0.0013550540101473,-1.5548206699650804,-0.4099294251755176,-0.1604718367269967,-0.8716967044737403
2016-09-20,ALL,67.84,68.17,67.73,67.87,1423391,0.3453881160710075,0.350390677904782,-0.3280976608665139,-0.8633454145163444,-0.3061252141055728,-0.204733463689777,-0.9083712514972466,-0.9839893963662668,-0.3807272694216053,-0.2789646443955522,-0.0013889635291002,-0.946376727843896,0.0127350763308738,0.007093731498206,-1.051026593492727
2016-09-21,ALL,67.97,68.71,67.97,68.66,1393505,0.6916812757029267,0.6917613327057044,-0.0308014104643932,-0.3301929870267911,-0.2713099482055111,-0.0752036236294158,-0.9065305363080206,-0.9388491586482548,-0.1030245673913072,-0.2987444707778368,-0.0013938581311436,0.2259908679505385,0.3450272625747259,0.7406502250866144,-0.6930973354991119
2016-09-22,ALL,68.84,69.06,68.73,68.94,1407253,0.220896332415851,0.2272071394838034,0.0634605465897074,-0.0567806358542269,-0.2317239923658519,0.0406999221978053,-0.8991796158170237,-0.9338121097068532,-0.0211708601659711,-0.3032522570728208,-0.0014041413768647,0.6415135601308504,0.6914107607406785,0.0834332823244638,-1.1923902809531948
2016-09-23,ALL,68.56,68.93,68.341,68.49,1297205,-0.4393800998309382,-0.4302593550371306,-0.1080920447365301,-0.4007644199004891,-0.2172536458027599,0.0687756129372486,-0.899354636213478,-0.9186676102484032,-0.1781908025858978,-0.4468328325820198,-0.0010847098854603,-0.0262907665875095,0.2205030023749949,-0.1034551879787727,-0.8746095446602659
2016-09-26,ALL,68.25,68.62,68.12,68.39,1861044,-0.1238969592417657,-0.1152477320967432,-0.1475782248639542,-0.6304727364368556,-0.2090081784735388,0.0752134335397207,-0.8998136334878875,-0.9222141016462904,-0.1545808137389158,0.2176244122521191,-0.0010282441958756,-0.1746917280804686,-0.4399456781628358,0.128661469987393,-0.9820180111434276
2016-09-27,ALL,68.33,69.09,68.27,68.98,1747874,0.5041035639692297,0.5070836749118428,0.0739675001121846,-0.3943470522440382,-0.1788877967400341,0.1366693431300891,-0.8931956411210623,-0.904146486410327,-0.1162000820317282,0.0736572768385196,-0.0014296830944138,0.7008739447280468,-0.1243802365416032,0.6923818298611347,-0.6006091327358721
2016-09-28,ALL,69.0,69.14,68.615,69.1,1506424,0.0753101978852225,0.0828393517219188,0.1213159921684698,-0.2433865266642248,-0.150258554170844,0.1819959042628251,-0.8964701808568971,-0.9210550303327276,-0.1823397293324161,-0.222567995482436,-0.0014154954486061,0.8789550985195939,0.5037841150473464,0.0831787899576718,-0.9581263425767702
2016-09-29,ALL,68.78,69.29,68.43,68.64,2317866,-0.4474489699597409,-0.438337222462133,-0.0488562852784041,0.1625101137339119,-0.1456899795167218,0.1563254081507698,-0.9040998052820542,-0.9046498159503166,-0.2356279915613176,0.7432639373793839,-0.0009591988011523,0.1963106756519508,0.0748788883532814,-0.1801003531585498,-0.5471348118874627
2016-09-30,ALL,68.83,69.38,68.82,69.18,2867210,0.4567962099965594,0.4604206094188917,0.1481084216123505,0.1715832165356283,-0.1211172857346113,0.1872792695333534,-0.887532646645266,-0.8855778809607544,-0.0562476204157972,1.28809163503071,-0.0015609063234006,0.9976758677139868,-0.448016653241963,0.3578636729746219,-0.916694219659718
2016-10-03,ALL,68.9,69.06,68.29,68.4,2295207,-0.7349513661059243,-0.7268501272619748,-0.1402971337933283,0.0491023533490903,-0.1325092957036583,0.1194698303024787,-0.8954074829064451,-0.8356874104710221,-0.2846285412297269,0.5642061342627669,-0.0009550046691008,-0.1598516319311645,0.4564644198635143,-0.5745878510031464,-0.6531300156397553
2016-10-04,ALL,68.17,68.27,67.12,67.84,3655309,-0.5427109699406456,-0.5337851983486523,-0.3270466449462848,0.0330998285106475,-0.1633893873196317,0.0150602922384177,-0.91167786120453,-0.82648693677669,-0.4789648705318069,1.90491468903451,-0.0008275536064985,-0.8671457060298654,-0.7355940509995745,-0.3920505849305103,-0.1785587446550637
2016-10-05,ALL,68.12,68.43,67.7,67.81,1751604,-0.0605276044455317,-0.0521659217181255,-0.3075035046440939,-0.1942810696476301,-0.1885652284460715,-0.0537846956492488,-0.946417924030024,-0.830194467560618,-0.5122217036716104,-0.1580503511746993,-0.0010696557368421,-0.8663978025791114,-0.5433035045062038,-0.370137064650045,-0.6941283930635053
2016-10-06,ALL,67.86,67.93,67.18,67.77,2587437,-0.0697210319905534,-0.0613136485540705,-0.2952005246329031,0.0149908606111542,-0.2093740946117195,-0.0976201675860976,-0.9730723142579778,-0.8319851081904317,-0.4751264267656557,0.6553422062975445,-0.0010020822948918,-0.9252328740382798,-0.0609943503919315,-0.1265178574334739,-0.6690036328194583
2016-10-07,ALL,67.97,69.045,67.91,68.43,2319456,0.5733239325874026,0.5752980050624479,-0.0503726251924087,0.3029220584067871,-0.1992894102608148,-0.0531690779265564,-0.9748929621636064,-0.9332557489839248,-0.0659072282058053,0.3447158988911139,-0.0014412034639417,0.0455458050378665,-0.0701901762539399,0.484994633106221,-0.2090080260538037
2016-10-10,ALL,68.79,68.9616,68.44,68.49,1172189,0.0215923282754117,0.0294858929512005,-0.0274924384527478,0.1455826060594398,-0.188459582373905,-0.0156902195646053,-0.9747013879864316,-0.960592652313616,-0.1653323017107788,-0.8122996369137722,-0.0013507498625066,0.1337984122265881,0.573022541390462,-0.3558053653355084,-0.9566240562958384
2016-10-11,ALL,68.31,68.465,67.89,68.2,1723922,-0.2966087000028906,-0.2875027776678967,-0.1443904856567102,-0.4622469422864157,-0.1907868660692259,-0.0195733115930926,-0.9793842891833188,-0.9861128772924432,-0.1069316925701244,-0.2229458246808457,-0.0010773780509152,-0.2927558558523059,0.0211470052018888,-0.1479780406460139,-0.8886700265503394
2016-10-12,ALL,68.28,69.1299,68.16,69.04,1712452,0.7338184950539647,0.7331714288959743,0.1465239574929698,-0.1356143161823319,-0.1594308456863406,0.0640204596363002,-0.9925138746266232,-0.9548361164417172,0.1921135934724951,-0.2348086007930132,-0.0013977059694981,0.9427806447900472,-0.2971370331319777,0.8146230613591933,-0.4205200265645102
2016-10-13,ALL,68.41,69.23,68.281,69.09,1899482,0.0120923386825,0.0200455632017627,0.1410973061205713,0.1562909942773821,-0.1327787411253535,0.1187876782703496,-0.9846566691496054,-0.968877962131774,0.1075439569266543,-0.0443987084983843,-0.0014248042623779,1.016324484113992,0.7335589725543701,0.7246732738657674,-0.4465782715822633
2016-10-14,ALL,69.47,69.82,69.33,69.33,2324272,0.1832715644118825,0.1899294802651887,0.1958996495365382,0.3375532515696417,-0.1027234130581452,0.1713612918974193,-0.9996728534055292,-0.9931456052664684,0.2508315367908176,0.4021928772016033,-0.0014811735609454,0.8396013620644373,0.0116445373182304,-0.1785729193944829,-1.002300084179252
2016-10-17,ALL,69.34,69.59,69.21,69.34,1188199,-0.0240160866838126,-0.0158492397593953,0.1633294611840852,0.0376555437054856,-0.079292893308812,0.1963680402323906,-1.0257471091294463,-0.9925414303664454,0.2418131939942161,-0.795168657348147,-0.0013760745573351,0.851913145536453,0.1828684190850751,-0.0263165508545973,-1.134595797141612
2016-10-18,ALL,69.86,69.94,69.19,69.29,1301182,-0.0778893495836972,-0.0694424952976713,0.1167913178844377,-0.0675557834569118,-0.0636541929149267,0.1963174300126171,-1.033384049986543,-1.002903123103407,0.1398002024315736,-0.6720374047135665,-0.0010892890690799,0.6766666956901919,-0.0244733077611868,-0.6427568248521269,-0.6892363763853677
2016-10-19,ALL,69.38,69.48,68.8,69.43,1528601,0.0927959218754308,0.1001965426286677,0.1554293955211915,0.3535874898688961,-0.0469060577756872,0.199132607772848,-1.0090493662597515,-1.0662844445275177,-0.0027719813306655,-0.437869464946688,-0.0014135015131303,0.8416969847830826,-0.0783606247405662,0.0281312620313115,-0.7750804263410392
2016-10-20,ALL,68.96,69.12,68.2,68.23,2370364,-1.109038747909745,-1.1042763453985778,-0.2894713267418712,-0.7544636836317521,-0.0816151279443966,0.0689347893343632,-1.0022352440269156,-0.9181958822310684,-0.3187309409809547,0.3858651112651538,-0.0009604972860936,-0.5728483502988365,0.0923691738966934,-0.8260961791484253,-0.4675720232363347
2016-10-21,ALL,67.818,67.98,67.23,67.55,2279190,-0.653477729978766,-0.6449535299584938,-0.5316700284729129,-0.7053722113457932,-0.1360124180807325,-0.0859006046879633,-0.9531136581173127,-0.8931247694983433,-0.3690444274065486,0.2356115086969621,-0.0009963989157972,-1.374424040178597,-1.1097790220994368,-0.3248785612796472,-0.6659997770365098
2016-10-24,ALL,67.91,68.13,67.63,67.72,967104,0.1236859166042327,0.1308475874486981,-0.4540071560405778,-0.2682668603928907,-0.1721439763359917,-0.1627532404814796,-0.9243680073408,-0.8890523230737576,-0.3113574611515044,-1.054963653390611,-0.0013387031950399,-1.1740301177086567,-0.654099160600868,-0.2376968951409931,-0.975989733772192
2016-10-25,ALL,67.72,67.88,67.4,67.61,1114083,-0.1341239834658121,-0.1254343760196007,-0.4702358271154291,-0.3187890318309163,-0.204447017670046,-0.214380812467557,-0.8974011380413673,-0.9303835568789008,-0.4591640016138063,-0.8860404892600416,-0.0011281633168823,-1.3036967734244982,0.1232672269909654,-0.1490379975121825,-0.9996420104119664
2016-10-26,ALL,67.49,68.14,67.36,67.94,1437489,0.2708813770715195,0.2766963565253145,-0.3218002228366052,-0.0852874577585877,-0.2162632442294238,-0.202950161499036,-0.8989356246931494,-0.917570191751873,-0.4140239459686588,-0.5471772947600715,-0.0013846472983119,-0.9146968062769736,-0.1346099287200987,0.4774366469852565,-0.6345109727157927
2016-10-27,ALL,68.12,68.14,67.58,67.59,1366587,-0.3537248202742794,-0.3445734752849794,-0.4360835022038948,-0.7365539850035357,-0.23835074032548,-0.2202437116956759,-0.8744513627479032,-0.925018748757394,-0.392140076086085,-0.5852584249264234,-0.0011004980235899,-1.3272725290091925,0.2705010867790159,-0.6141387196016498,-0.9008241029693148
2016-10-28,ALL,67.76,68.27,67.08,67.53,2435182,-0.0882628317765829,-0.0797673893769499,-0.4278231725361421,-0.8147772275414853,-0.2569507493541273,-0.2251018201772255,-0.8716898875631712,-0.963624657122961,-0.5177632565249831,0.5855826988407633,-0.0010016494346687,-1.3582672286590023,-0.3542680534567793,-0.2827644638845326,-0.1227081366229206
2016-10-31,ALL,67.76,68.11,67.53,67.9,2271061,0.308118630048759,0.3135385404773063,-0.276165535850098,-0.3811483830375909,-0.2558763634853197,-0.1783467531835546,-0.8656713205416781,-1.00049264342319,-0.2748347678293949,0.4099277559945903,-0.0014495552509496,-0.9282157710178351,-0.0887368130948301,0.1297821788157959,-0.8794284881622051
2016-11-01,ALL,67.85,67.86,66.82,67.21,2763669,-0.6656624034938193,-0.6571945722384489,-0.5293688808230275,-1.4006605250224204,-0.2806413706741159,-0.2074528525036804,-0.8332777134980133,-0.9824187609404677,-0.3038644231290661,1.0151783021570513,-0.0009707245938248,-1.465780093069296,0.3077480539500009,-0.7389641927514415,-0.3017167933479793
2016-11-02,ALL,66.92,67.59,66.91,67.34,2867888,0.0874256929223486,0.0948663065485017,-0.4704832184714757,-1.3272286832555638,-0.293464844971028,-0.2000004318649656,-0.8123700735738467,-0.9796489951406228,-0.2692713498547375,1.0363702480164383,-0.0014997582226084,-1.327272529009182,-0.6662870127682061,0.4478578329977269,-0.7497470605279646
2016-11-03,ALL,67.97,68.99,67.41,68.09,4516225,0.6604035429883036,0.661005412395122,-0.1882161420027228,-0.9139013893819088,-0.2726638583227793,-0.1074897117133079,-0.8191983241750334,-0.9177540383524796,-0.0981292170012131,2.5704305605836,-0.0016888180591074,-0.52819042866243,0.0869975439958952,0.1070689753960536,0.3425659155862789
2016-11-04,ALL,68.0,68.01,66.65,66.72,2981064,-1.2856544565199417,-1.2832710881623186,-0.6827445904281164,-1.3951773906642684,-0.3082390916738293,-0.17859255537524,-0.7510197217664872,-0.7908731219746842,-0.5344797215433883,0.951703726253097,-0.0008918420044839,-1.8105755184955188,0.6601248685102153,-1.448467800934035,0.1074705925346255
2016-11-07,ALL,67.41,67.53,66.55,66.86,3430605,0.0976413258002387,0.1050054683694495,-0.5980540055380829,-1.2921921176691449,-0.3288285411067256,-0.1969016804739627,-0.7073638551419459,-0.7880824559038648,-0.5170035333731854,1.220185734919609,-0.0016011675886303,-1.5773215827106168,-1.2864408049786724,-0.6427455945908133,-0.3697558160585447
2016-11-08,ALL,66.66,67.74,66.66,67.58,2373874,0.637446478620102,0.6384216194061314,-0.3087113564285371,-0.9599752029643744,-0.3148762168275087,-0.1226390496413059,-0.7004145967918597,-0.7375293269947439,-0.30099103624324,0.1806052991416082,-0.0015275405087447,-0.8713007252007076,0.0972158418565398,1.016402356250602,-0.2594486706079048
2016-11-09,ALL,67.65,68.505,67.29,68.17,3230790,0.5105411295461285,0.5134308484545105,-0.0644195320298342,-0.2163573132650396,-0.2790781775023639,-0.0069984505125413,-0.7267113077990207,-0.7700819710257852,-0.35254789526554,0.8807473200215581,-0.0016746937101598,-0.2927558558523057,0.6371618152638535,0.5544214873337857,-0.1059323204240423
2016-11-10,ALL,68.92,69.46,68.13,69.45,3288211,1.135997473131084,1.1270229303114392,0.4223329314671515,0.6039515915581831,-0.1997265823513863,0.1976201317284573,-0.7023065664715394,-0.6297815793013906,-0.0909512900428377,0.842928898199425,-0.0017634227196695,0.9623923352764244,0.5102233600112639,0.5546823773962617,0.0046925546796741
2016-11-11,ALL,69.32,69.75,68.92,69.64,2270021,0.1373283215952415,0.1443796325392514,0.4895006490087603,0.6100348286301225,-0.1295648979089881,0.3376603255581498,-0.6786470519984296,-0.6313252193135295,-0.101807970184737,-0.0487235819282749,-0.0016852085424699,1.148703394897093,1.1358428682664123,0.3224510667355783,-0.5980310619960836
2016-11-14,ALL,69.76,70.87,69.6,70.69,2673097,0.9057021099280104,0.901802688596977,0.8673960507401047,0.9425472552771644,-0.0339427146743685,0.5152273662203911,-0.5524075925708641,-0.5563238131577238,0.1184596215268093,0.2320974705876529,-0.0018626217016659,1.3043711881327773,0.1369131909170364,0.9808961813592298,-0.0940415229115202
2016-11-15,ALL,70.46,71.41,70.32,71.3,3334432,0.5042426452229128,0.507220810155636,1.0619327973577184,1.0037717941602329,0.0634183026562163,0.6617567277798387,-0.3765646106291685,-0.5387154474778076,0.2585580413661344,0.678633950010103,-0.0022383964686001,1.3676400754194968,0.9054874272219844,0.8743859687990374,-0.3172490528196964
2016-11-16,ALL,71.0,71.08,70.095,70.72,2453653,-0.5394429119040874,-0.5305083217724611,0.8131285859642374,0.8921645804155577,0.1147326384994206,0.6604568515547845,-0.2913243402046599,-0.5090022975856735,0.1053971519529659,-0.0773578807622809,-0.0001000930646575,0.9709270524325336,0.5039232325835729,-0.324267252895889,-0.4305384588380041
2016-11-17,ALL,70.62,71.79,70.47,71.78,2792260,0.9001702429846804,0.8963826414011075,1.1489841465512225,1.1249895532257637,0.1931934343479477,0.7292914713125775,-0.1051349128099444,-0.574374589246261,0.596662736497132,0.175500306869151,-0.0021637882608441,1.4365348942970002,-0.5400345939215547,1.2146926644688945,-0.0587252068611104
2016-11-18,ALL,71.8,72.2,71.41,72.02,2998304,0.1751668017471098,0.1818965495793833,1.1511595491872784,1.102413421839174,0.2601248347860325,0.7546827018064397,0.045647067907573,-0.6345994367149053,0.8043791027961119,0.3060568238132511,-0.0027230662040606,1.336975623566396,0.8999541171639516,0.2051791696928027,-0.6771434101030728
2016-11-21,ALL,72.06,72.39,71.73,72.18,2651383,0.1053167311745335,0.1126223258113946,1.123054057539138,1.4619277372545616,0.3141479114555771,0.7417698830331341,0.1743655016577977,-0.6344075457920688,0.799770700195554,-0.0316220376594728,-0.0040483064735237,1.323344827045129,0.1747615421065844,0.0994982454159653,-0.8292711540512379
2016-11-22,ALL,72.19,72.68,71.92,72.37,3863768,0.1308862945034366,0.1379900866070967,1.1005590998096637,1.4706320358733993,0.3586091954489095,0.7068277382685019,0.2787586488060189,-0.6434271412067077,0.8665117458543626,0.7446614362689169,0.3730873663347223,1.2747716923874737,0.1048932495368299,0.1620657919752284,-0.7161124434430098
2016-11-23,ALL,72.46,72.72,72.1406,72.4,1853036,-0.0071878196862542,0.0008820580936599,1.0236240231143554,1.3577836138284145,0.3888472238063351,0.6422636072978448,0.3650493550182144,-0.6411219643285191,0.7966386059509297,-0.716548217307319,7.850316160123816e-05,1.2704738750483844,0.1304694832743239,-0.0888766820942786,-0.9243668010847904
2016-11-25,ALL,72.38,72.58,72.13,72.38,1971159,-0.0501943959518708,-0.041885692782086,0.9218586226709192,2.242010727457356,0.405651726229967,0.5560346380207148,0.4097831420354882,-0.6634219899415029,0.8733363687196012,-0.646888975445309,-0.0021948585935709,1.2596985702268475,-0.0076406507232,-0.0263165508545973,-1.073178185761395
2016-11-28,ALL,71.98,72.215,71.88,72.04,2040767,-0.3254488304172164,-0.3163133975459258,0.7059905463563263,1.9728214033744589,0.3992895994398412,0.4274209578074072,0.4090488881585911,-0.6456607193673296,0.81336620633208,-0.5874677598941954,-0.0027433114551172,1.0765183882608165,-0.050658446243213,0.0366607638109815,-1.2037727061976362
2016-11-29,ALL,71.29,71.64,69.04,69.63,6665418,-2.115753821668785,-2.131553653950657,-0.2320085436432523,0.5013102035780909,0.294311716609151,0.0706947552206463,0.3647572018370021,-0.2371204444577638,0.2067164327131805,2.371097712345237,-0.0119137107480553,-0.2219058427337451,-0.3259846871575286,-1.7855529566111006,1.5206426921049585
2016-11-30,ALL,70.08,70.58,69.48,69.92,5911949,0.2263006806965089,0.232559786816838,-0.1739176389868814,0.4212117191480152,0.2183163661174082,-0.140085667531455,0.2744073309790321,-0.2754569109945931,0.4247050052745222,1.6798409415546438,-0.0045694928712736,-0.0656639228215337,-2.116756720635846,-0.1988092110383152,-0.2801833795377593
2016-12-01,ALL,69.95,70.38,69.76,70.35,2329237,0.3498837642193051,0.3548345010838587,-0.0693283727820771,0.1599255446091121,0.1713411703996334,-0.2340126269157414,0.1791516690538945,-0.2708669879450349,0.488990440400059,-0.564568543004527,0.0053531431508059,0.166005130841391,0.22590876050418,0.4057165308350005,-0.8568344496220698
2016-12-02,ALL,70.43,70.78,70.26,70.61,1903344,0.1970976278741122,0.2036305993125698,-0.0194212747650289,0.1836314687198223,0.1410236803842905,-0.2662775467011053,0.1188917924841625,-0.2939294401323918,0.3760698969051038,-0.783341967057469,0.0003535006013832,0.3060840935213046,0.3495240835162248,0.1667733444866499,-0.9775688096876772
2016-12-05,ALL,70.84,70.95,70.22,70.36,2771621,-0.2534252935069446,-0.244388607734176,-0.1804518134483295,-0.3305218410583229,0.1042599598724929,-0.3086819688578933,-0.0668042174930336,-0.437290985464998,0.6337676583021078,-0.2018205495444285,-0.0027183613520676,0.1713927832521598,0.1966980893939024,-0.538242819587318,-0.7266447167595236
2016-12-06,ALL,70.58,70.97,70.45,70.95,2285597,0.4890653856600848,0.4922541169878675,-0.0372259557820519,-0.339537722389952,0.0955467256240422,-0.2704040378197975,-0.2836049765238106,-0.4277592714565754,0.7309374614449592,-0.4957417942538213,0.001355875894182,0.4719544417517641,-0.2539423612514034,0.369746930434355,-0.9805099898105056
2016-12-07,ALL,71.13,71.75,70.73,71.65,1827425,0.5812481605988287,0.5831022715736687,0.1462488260099755,0.2041450378847936,0.1131894488577229,-0.171941912137982,-0.4618658841513711,-0.4319749635409625,0.717019299763984,-0.7947076637124122,-0.0001697148467685,0.7878374547594696,0.4887420136835722,0.5260091666126485,-0.4048943609985958
2016-12-08,ALL,71.77,71.98,71.17,71.67,1986110,-0.0156176655224456,-0.0074986474851796,0.0883825157941075,-0.2436464252224705,0.1248235192082234,-0.1086383806771881,-0.6240281492918495,-0.441363725151662,0.5865632925372616,-0.6569969715074797,-0.0004016970285746,0.6824450671570242,0.5809488366189901,-0.1315858627683019,-0.6494221829226413
2016-12-09,ALL,71.77,72.5,71.51,72.47,2169349,0.6619450759501523,0.6625215856426837,0.326981741539774,0.015305162842047,0.1619649375111118,0.0076599190217125,-0.6566279106737115,-0.5045238952409824,0.4711606247347614,-0.4991382662118225,-0.0005377370004472,1.2241825984137744,-0.0160726956785302,0.7105686325413795,-0.4528189917693679
2016-12-12,ALL,72.44,72.95,72.3,72.82,1982125,0.2676844195466484,0.2735322950738993,0.3961794416679313,0.0932993764520416,0.2011592712230103,0.1059827277034758,-0.6744247364413528,-0.5023421629786056,0.5031610093382871,-0.6252879154161906,-0.0007290559880368,1.332356092380212,0.6616668036163862,0.3700070046531093,-0.8474134548797106
2016-12-13,ALL,72.65,73.13,72.54,72.93,2613321,0.0610493308132381,0.0686797093014972,0.3946373760010752,0.0610070353784335,0.2321776433771498,0.1635961903452477,-0.6403105941820618,-0.5615180242050692,0.2979052955988106,-0.1714522572522782,-0.0006712521013937,1.2803270877702793,0.2673032952542574,0.2648672047535471,-0.9171005753154654
2016-12-14,ALL,72.92,73.33,72.42,72.61,2194958,-0.3061699358193633,-0.2970527445788807,0.2528459261505756,-0.0991878259206688,0.2397067946015055,0.1492261101433022,-0.617796117729697,-0.569202003701999,0.1023600750981531,-0.4388302421112292,-0.0016407263290765,0.8849741584962435,0.0606143010061788,-0.3475048860129338,-0.5468371630000282
2016-12-15,ALL,72.66,73.75,72.43,73.54,2080150,0.7644144358586161,0.7632220576140588,0.5407844735690496,0.2491925859192479,0.2773808243896696,0.2153224444725026,-0.5630014106815138,-0.5565990326818973,0.4181575192028555,-0.5124486730722563,-0.0008023566160723,1.2946668365107408,-0.306700763216683,0.8887064458590606,-0.0954042073342299
2016-12-16,ALL,73.78,74.16,73.54,74.11,3313439,0.4495587757433691,0.4532786406065333,0.7053660791785592,0.5705437340180285,0.3242367348666884,0.2918335147664315,-0.4588710536987604,-0.6058866341289487,0.3092527852792341,0.3727708685251539,-0.0006373330236297,1.4104160418663012,0.7641628950137633,0.3116082133491839,-0.8940990606388861
2016-12-19,ALL,74.24,74.57,74.1708,74.37,1876894,0.1854237349759644,0.1920624011790306,0.7559855113985693,2.186174992137503,0.365691244696642,0.3391392587190625,-0.3535658999209142,-0.6056735479005423,0.3117425916381447,-0.6468418753107822,-0.0009612001081733,1.3226551884517537,0.4492250975591673,0.1059804867378303,-1.1439705160927391
2016-12-20,ALL,74.59,74.725,74.31,74.48,1669203,0.0590892618406422,0.0667332998956782,0.7527675237136904,2.168135754572626,0.39660540186095,0.3498531675679117,-0.258451402525691,-0.605791086657383,0.300506756191577,-0.7785751327618817,-0.0010154070998806,1.2996202690489318,0.1850211510923398,-0.1377349228568988,-1.1269514948583412
2016-12-21,ALL,74.48,74.66,74.31,74.44,1062455,-0.0664321534161378,-0.0580409637941493,0.6993429721410642,2.080464833525998,0.4130730798797062,0.3212393060169206,-0.1812717870637302,-0.6046688356028505,0.2526026067741369,-1.1939535293568384,-0.0013764348860017,1.2762311289437918,0.0586537207045178,-0.0668921605003986,-1.1994740760518017
2016-12-22,ALL,74.42,74.65,74.07,74.48,1716640,0.0004580340566175,0.0084823608168032,0.674928847885352,2.051205582066306,0.4211471961492667,0.2767433333256345,-0.1124074772394397,-0.6047565140427642,0.2544570695985684,-0.6666944355780428,-0.0010157055499704,1.2996202690489318,-0.0669004396999173,0.0345959338219462,-0.9423215036120328
2016-12-23,ALL,74.48,74.77,74.32,74.58,1088002,0.0505942328593897,0.0582967647685547,0.6700961087971665,2.3279814142905337,0.4248875753283695,0.2299915905053839,-0.0474026594189505,-0.6058967193312774,0.2789227316956528,-1.155569888141565,-0.0011097130565228,1.3326528373387732,7.197616444381866e-06,0.075122473259884,-1.0884627200186945
2016-12-27,ALL,74.58,74.65,74.31,74.51,1217974,-0.0914307792396885,-0.0829208417792872,0.5987260521147251,2.184134354403918,0.4185757383799496,0.1667159649819732,0.0018349255726109,-0.6181313472471773,0.3360735404356701,-1.0325918273822408,-0.0013847836998977,1.2920432897609455,0.0501564755996042,-0.0972286581384856,-1.211027398803926
2016-12-28,ALL,74.66,74.7,74.21,74.35,1624687,-0.166686634915518,-0.1578796249843059,0.4535534619140798,1.861344734955528,0.4009585212939251,0.0869956107068195,-0.082757020395199,-1.236454783700535,0.8280783242576433,-0.5388541765059895,-0.0014424515908308,1.178955076252271,-0.0919055869898814,-0.3400193823540066,-1.0420700847277369
2016-12-29,ALL,74.38,74.57,74.2,74.28,1190076,-0.0916115457403354,-0.0831007860198996,0.3482658462382318,1.7677840241887837,0.3781862206510109,0.0099502309540427,-0.1790758043818777,-1.2251178985062818,0.7483319161333011,-0.8077086411060712,-0.0014003664386626,1.117759200626657,-0.1671810748862446,-0.1278919544045648,-1.1761903771699576
2016-12-30,ALL,74.54,74.56,73.93,74.12,1709628,-0.1671005933986612,-0.1582922004302705,0.222050225919665,1.2886909388211572,0.348132908279884,-0.0704272716967826,-0.2752898471926955,-1.21538510344759,0.6195634438072948,-0.2391308087071136,-0.0014828361894454,0.9679956754153932,-0.092086400647627,-0.4520175136584282,-0.8829490830022797
2017-01-03,ALL,74.0,74.56,73.54,74.17,2020076,0.0090020934152308,0.0169744143647397,0.1754171340987839,1.1413270682990106,0.3208880854243032,-0.1275002701514936,-0.3760514444579614,-1.2138517064779404,0.5729863881329302,0.0821694403993809,-0.0009321024094749,1.004525142859814,-0.1675951413599775,0.1472483610005382,-0.4452044921963146
2017-01-04,ALL,74.38,74.95,74.21,74.37,1948384,0.1348832545041222,0.1419545622754167,0.1744333948938285,1.1885504904436022,0.3019901983994201,-0.1516737997763356,-0.5328428717923808,-1.2408623364954396,0.669547830965714,0.0516365529075548,-0.0009732798923679,1.014428687366966,0.0085534858894201,-0.0364740912095854,-0.762061617691496
2017-01-05,ALL,74.18,74.44,73.8,74.03,1741760,-0.3176233490825871,-0.3084945982285619,-0.0021025638440288,1.160654035089127,0.2688374420166508,-0.207704411811317,-0.6792631529551049,-1.2305195101786672,0.4700786882926055,-0.1431131307461169,-0.0014622515343946,0.7181756682006821,0.1344674859739397,-0.1790904491300211,-0.8708301808807469
2017-01-06,ALL,73.68,74.455,73.48,74.15,1614752,0.0679220239458672,0.0755040238096997,-0.0040797097313624,0.5958599657667442,0.2427914312040736,-0.2342362606815181,-0.784288498636686,-1.2769819524640438,0.3449637173611168,-0.2715610103663335,-0.0010216910799232,0.7393482680780752,-0.3181571643661387,0.4556234467759785,-0.4954730865382461
2017-01-09,ALL,73.95,74.05,73.04,73.09,1802222,-0.9229963093833684,-0.916285845108036,-0.4058887274744666,-1.270047754255204,0.1766997867841204,-0.3585385113128896,-0.9033687755158206,-1.1121753098505125,0.1235081251586714,-0.0558268046751865,-0.0014711905274016,-0.3544984744475328,0.0674887870388558,-0.9049444783462024,-0.4396715825439845
2017-01-10,ALL,73.28,74.3,73.26,73.75,2350036,0.5291917357013709,0.5318159028155651,-0.1941429662053364,-0.7634483493142789,0.1469068086121868,-0.364548169763158,-0.9727745262053056,-1.1360857119788452,0.0919239525015042,0.5358544547455367,-0.0009180479899585,-0.0624110006112625,-0.9236880501247464,0.4582541236189402,-0.4160765283775889
2017-01-11,ALL,73.94,74.26,73.59,73.94,1738517,0.1273975450802222,0.1345294836640021,-0.1465711872263682,-0.6770467330114703,0.1276061248846204,-0.342348911244384,-1.0233519833533422,-1.144176256526886,0.0584079096738537,-0.1228129146030061,-0.0010276843798297,0.1158339487079319,0.5288788316060105,-0.0263165508545973,-0.8361389419461209
2017-01-12,ALL,73.56,73.79,73.13,73.68,1110509,-0.2519180034199667,-0.2428842764015902,-0.2519961659551809,-0.8324598762378036,0.0992376405928971,-0.3479298669828064,-1.06823164614545,-1.133776820989341,-0.0164429151762556,-0.7642964021190685,-0.0013701830354738,-0.2257815452584784,0.1269798237305954,0.0969326908427483,-0.8447852571259896
2017-01-13,ALL,73.91,74.35,73.8,73.89,1220163,0.1444495035647655,0.1514420332607881,-0.2001822660881141,-0.6652601073296729,0.0823743943722227,-0.3227803468369111,-1.1734856824571849,-1.1471596247419125,0.0914237992676531,-0.597706629467739,-0.001095904493679,0.0446119150146888,-0.2524346779531448,-0.0467608168972046,-0.9709764550292852
2017-01-17,ALL,73.61,73.89,73.39,73.85,1180686,-0.0666991354856396,-0.0583066248435052,-0.2198144312550058,-0.7881217679208535,0.0649906139838131,-0.3040005767071499,-1.1891757901147506,-1.2482298029422585,-0.1055673719227536,-0.6065811061661847,-0.0013776266752899,-0.4715713479049035,0.1440362306106355,0.2200144970806346,-1.02706621882433
2017-01-18,ALL,74.0,74.83,73.92,74.52,1795756,0.531836524640206,0.5344225927119137,0.0100952452574566,-0.1819592853231244,0.0750211780847244,-0.2184127098152218,-1.1808460551615152,-1.232622094912816,-0.0862263046916915,0.2471076578828084,-0.0010270209665306,0.694502803972835,-0.0671674914178314,0.5045878854081611,-0.5736080924431317
2017-01-19,ALL,74.66,74.78,73.9,74.22,1282140,-0.2836322648656172,-0.2745439923030178,-0.0934286394541625,-0.2774515976983787,0.0686759894866192,-0.1920933218466658,-1.1833960279544775,-1.2287795929662209,-0.1970988729043609,-0.3769495823301023,-0.0013856011307202,0.1723800494007194,0.5315243104988597,-0.4715721826602049,-0.6031811324724468
2017-01-20,ALL,74.37,74.96,74.37,74.54,1528423,0.2354298798739975,0.2416006001841762,0.0187751217875553,-0.0217279054499637,0.0736955277017898,-0.1417852002938482,-1.1808423029731965,-1.2171477042250107,-0.1556456799612527,-0.0476436982968516,-0.0010631222034221,0.7157140408773576,-0.2841572127931933,0.1463848539763833,-0.9316632201779164
2017-01-23,ALL,74.59,74.65,73.96,74.15,1232721,-0.3587357079892583,-0.3495828888670207,-0.1141351418130257,-0.1706145171613415,0.05993778680149,-0.1498710962511797,-1.1860696026698476,-1.1989066261247077,-0.2246921479976462,-0.4427325895659305,-0.0013787480269894,0.0404896660843453,0.2350403412432087,-0.4719900388638031,-0.8157987080823244
2017-01-24,ALL,74.24,74.66,73.97,74.47,1075494,0.2356832826333292,0.2418515307550353,-0.0006684583160778,-0.0149907674191437,0.0592493504515282,-0.1226996480875243,-1.1864753261399086,-1.186109528357573,-0.1694488280048087,-0.6175963085235667,-0.0011179029132087,0.5945199223247528,-0.3592802483770488,0.2077474387319922,-0.8191311649170452
2017-01-25,ALL,74.77,75.53,74.74,75.39,1769074,0.736137762490021,0.7354498709338733,0.3104658491936164,0.3291702607463665,0.0921525231336248,-0.0144982661747069,-1.1147871418125648,-1.095517828004802,-0.0079689702296865,0.2511273914568186,-0.0010462510948112,1.255976979003347,0.2352938101084775,0.6001660865600312,-0.7180080903143101
2017-01-26,ALL,75.42,75.85,75.21,75.81,1575041,0.3138453914807644,0.3192025993103891,0.4355910504932813,0.7029487923588191,0.1315453764382066,0.0887671655604689,-1.0103418483328763,-1.083342178425177,0.0887640162493152,-0.0237861002550766,-0.0010793617423501,1.3955594420513653,0.7358788450246709,0.3643649157667677,-0.8877471946631176
2017-01-27,ALL,75.29,75.81,75.22,75.59,1275469,-0.2136683587051391,-0.2047219411691912,0.3355160391343897,0.5205118357151539,0.1506732506342133,0.1192178035769558,-0.9493855732776176,-1.080375239475868,0.0774634861007434,-0.3897368372380598,-0.0013676344935179,1.1353032362729496,0.3134763093394183,0.2747265564390777,-0.9408263860827984
2017-01-30,ALL,75.49,75.67,75.125,75.61,1748051,-0.0165234838511242,-0.0083992530088481,0.3186981319721022,1.3140350653336217,0.1630437349662914,0.1261849088062596,-0.8982316120960769,-1.0820718716966709,0.0954890015444365,0.1833907002519156,-0.001063425943969,1.1589628913437102,-0.2141750549389061,0.0937816637335169,-0.9905995458337832
2017-01-31,ALL,75.27,75.58,74.74,75.21,2041900,-0.3623600821924426,-0.3532064494366922,0.1580939731692742,0.730187527143386,0.1536379978129883,0.0757069737556063,-0.8810158119087559,-1.0656813055198058,0.0485017196744877,0.5308798542683664,-0.0014394216713049,0.6857697899283997,-0.01697875031075,-0.0865411703527822,-0.6605125471795573
2017-02-01,ALL,75.57,75.97,75.0,75.24,2411685,-0.0081623623582133,-8.674567082938333e-05,0.1496127160421813,0.6584271735900464,0.1440083736781649,0.0347483444787781,-0.865483842663643,-1.0656171808988617,0.0443958827615014,0.9605152789852373,-0.0009926471056405,0.6146697002020873,-0.36290556808159,-0.3562370100706222,-0.516886984450114
2017-02-02,ALL,76.74,78.12,76.38,77.4,3883196,1.75431603824721,1.7276938014728336,0.8554326033221978,1.518273626223014,0.2171852727558447,0.2151240063238615,-0.6672339950320839,-0.7167297220651868,0.4308858987552168,2.5215911342594053,-0.0008733500894849,0.9717349122404072,-0.0086154476270256,0.6234642441142723,0.282230299264196
2017-02-03,ALL,77.92,78.0,77.29,77.48,2110276,0.0313533497116817,0.0391841162790044,0.8207269319356744,1.4926633391730488,0.2734783154392806,0.3159657800902362,-0.5260651873319696,-0.7344719499348367,0.5169563319064009,0.4106954521099847,-0.0010655615406456,1.024084227790682,1.7543227359990774,-0.4529436744506787,-0.8276170056790974
2017-02-06,ALL,77.43,78.225,76.97,78.08,2348314,0.449126085228454,0.4528516314004422,0.9594703957294892,1.6304699147436037,0.3361334586675029,0.4130151363845032,-0.3664723684720272,-0.7235596384572162,0.6109200780292454,0.6311272217685198,-0.0010574072738258,1.3499170698536096,0.0309105730250646,0.6079164383524914,-0.2517647507716457
2017-02-07,ALL,78.5,78.68,78.07,78.12,1764922,-0.0011015566282384,0.0069321373057441,0.8820936955346893,1.5163257044256888,0.3812711402289619,0.4455649766460307,-0.2964398979206711,-0.8474265409250841,0.8432405776814725,-0.0313955305027836,-0.0011121584094367,1.107465840306796,0.4487922941669812,-0.3920449376186519,-0.9405568203026292
2017-02-08,ALL,78.1,78.19,77.8,77.99,1496627,-0.1366000481056684,-0.1279009162045569,0.760327758365273,1.6470353548335337,0.4055557125916439,0.4179293047558526,-0.2372041825764537,-0.8530886749481035,0.6768751853076502,-0.2952637509186618,-0.001348439924697,1.029602128618948,-0.001552799923506,-0.1327275158693434,-1.1745661712115147
2017-02-09,ALL,78.09,78.385,77.73,78.35,1912658,0.2543855892022882,0.2603685715770895,0.8061408783481336,1.6543285053109815,0.4322901269417509,0.4021266183462543,-0.1722619584422045,-0.8517682187670226,0.7084722439019719,0.1797150518279121,-0.0011022349588145,1.2452247148314333,-0.1370866392983557,0.2252324841271099,-0.8946006973812366
2017-02-10,ALL,78.55,79.31,78.13,78.88,1637416,0.3881495839329421,0.3926462944630723,0.8962842673679918,2.048009296181799,0.4672534801331829,0.4106656161381306,-0.1141161325386134,-0.8663385772971917,0.8690330597248354,-0.1687493212720698,-0.0011282436837565,1.2014263770070257,0.2540009956041825,0.2910875115636711,-0.3445919788138429
2017-02-13,ALL,78.95,79.64,78.81,79.61,1427476,0.5431749429265266,0.545596433862734,1.0453455164275376,2.09181311692364,0.5160469915195808,0.4530954034846214,-0.0271816568890694,-0.8521039187225425,0.96944365178811,-0.4187612043974206,-0.0011468724562526,1.4269226808131616,0.3877998857488932,0.6052753200245664,-0.7224266098647547
2017-02-14,ALL,79.72,79.82,79.1,79.8,1798022,0.1155911586155472,0.1228169135590075,1.003945487066721,2.009598022065065,0.5541101935382119,0.4594196017673299,0.0282601769145262,-0.8598216945837532,1.0157995517647975,-0.0318184787903716,-0.0011260244882027,1.431648409160988,0.5428656866723282,0.049500594313961,-0.8393762963716946
2017-02-15,ALL,80.0,80.72,79.59,80.71,1820244,0.6769640336864694,0.6772915242846247,1.2045436246140755,2.066852951994828,0.6113458253118377,0.513828464536851,0.1461021447955025,-0.846635261717084,1.052460537116536,-0.0083273042330829,-0.0011293485000961,1.4380045857156951,0.1151703572985119,0.6442055424445684,-0.4244899141921294
2017-02-16,ALL,80.62,80.82,80.4,80.8,1779026,0.0364281097778473,0.0442256274584225,1.1176039345644724,2.259300556428925,0.6510464842888621,0.5122208366318264,0.2068142702978504,-0.8728209740696685,1.134564222891281,-0.0814158589792733,-0.0011362633639741,1.433187260830082,0.6766896793932041,0.1423676630983181,-1.1581164612775352
2017-02-17,ALL,80.47,80.48,80.08,80.44,1920323,-0.3103833388374459,-0.3012616492865624,0.8909507022422446,1.9639821643401731,0.6590482775675874,0.4293423996841616,0.2211337486471161,-0.8400048700074778,0.9949947722915372,0.0520539459220237,-0.0013533643773216,1.2587404162995723,0.0359866569590924,-0.0544829924454286,-1.1768989389588729
2017-02-21,ALL,80.56,80.8,80.31,80.62,2436741,0.1063183123653091,0.1136161978380562,0.8383248683861299,2.3055426126437366,0.6631334406640067,0.3529583114600557,0.1847071101476673,-0.8774660028164901,1.114006197740438,0.5320205513380455,-0.0010964644392702,1.345822356939096,-0.3109152653978341,0.0299533983711768,-1.0847867977452752
2017-02-22,ALL,80.13,80.78,80.06,80.58,2438546,-0.063885667213737,-0.0555071348203974,0.7184496464406229,2.2694185571504133,0.6555438949679995,0.2618005414246854,0.1288017598167063,-0.8677830349136301,1.0375024722968,0.4451762439625449,-0.0013817354554664,1.311661059925422,0.1058950920130914,0.3979727705258061,-0.8466550147702486
2017-02-23,ALL,80.4,80.9,80.31,80.55,3190404,-0.056174761405602,-0.0478351881422077,0.6192076667635159,1.9845889767267173,0.6392830595362613,0.166554574889534,0.0979804951937352,-0.8953072429915814,0.8377305780048215,1.0998528050673653,-0.0014341927668409,1.254004801201831,-0.0643532891880317,0.114638272205973,-0.9808818504473564
2017-02-24,ALL,80.18,80.91,79.89,80.91,1973346,0.2452521692324485,0.2513263194527436,0.6518707054718325,2.0321476560066265,0.6315875692389479,0.1124048525883009,0.0812963937160472,-0.8970772139666796,0.8205378576151364,-0.1182370833274304,-0.0011154937590863,1.442878752192886,-0.056640371812797,0.6615457984487497,-0.5406790291996751
2017-02-27,ALL,80.94,81.51,80.84,81.34,2103201,0.2978772250781825,0.3034079771260012,0.6964673507913431,2.0039979126200613,0.6334140166578904,0.0935943785124635,0.0427427034043873,-0.914937368447562,0.9497033615777438,-0.0317211514624842,-0.0011130651174439,1.3594059514003856,0.2448651929717119,0.3470552562146941,-0.9048427613218168
2017-02-28,ALL,81.29,82.29,81.0,82.16,2550521,0.5946360045120328,0.5962852081960974,0.8562687876848688,2.1178869222859595,0.6578536394616543,0.1367519234152095,0.0138750860115364,-0.9034146617590636,1.1048005181502425,0.3508114096098534,-0.0010925082228262,1.3856411892965212,0.2975039772734268,0.7822706442445319,-0.2827831447491326
2017-03-01,ALL,82.52,82.83,82.1,82.69,2721311,0.3686198268880061,0.3733511443794238,0.9031248016295904,2.301678024027715,0.688448554689192,0.1871215760752096,-0.06550078426842,-0.9478744420226868,1.293171772494105,0.471482460899669,-0.0010906783764027,1.383442556121117,0.5943401730591453,0.1293281834798674,-0.855578013329832
2017-03-02,ALL,82.89,83.05,81.74,81.75,2628209,-0.7407304153901131,-0.7326632941977237,0.4833374985150664,1.4425705902368384,0.6663238465136743,0.0917178951117781,-0.2634012070997246,-0.837839177765288,1.1032492247208936,0.3734421271380592,-0.0013819123546635,0.7949872981186384,0.3682650339177266,-1.0653928578027925,-0.2558312317211756
2017-03-03,ALL,81.83,82.0,81.4,81.86,2331472,0.0507762398209991,0.0584775305438081,0.4446500249556961,1.3460258859691574,0.6439992134820451,0.0148803472030317,-0.3121319463016554,-1.1715098757002211,0.6788022602586827,0.1789865211426754,-0.0011127010146475,0.7922576947000306,-0.741374607881664,0.0013817695024133,-0.980469811482114
2017-03-06,ALL,81.49,81.75,81.14,81.34,1657033,-0.4284783237658526,-0.4193470963649711,0.2103401131157374,0.7361062132912338,0.5972608619589967,-0.1094301822481079,-0.4012862542412955,-1.1221268924429313,0.5641967872617553,-0.4470584726078662,-0.0013309737009215,0.507952694787188,0.050338530041915,-0.1653859799142349,-0.9663186839273732
2017-03-07,ALL,81.32,81.7,81.14,81.46,1621840,0.0588525492746985,0.0664982328200469,0.1936708312995113,0.7100966928645066,0.5568281493135184,-0.1926479998873013,-0.4667689934789016,-1.1400879805740751,0.4682881293341416,-0.4534217653779528,-0.0011534807273991,0.4493733678820621,-0.4290410581187668,0.1037529267950072,-1.0183938567671105
2017-03-08,ALL,81.87,81.9709,80.9401,81.13,1661357,-0.2852075870552714,-0.2761170271981037,0.0367171780946396,0.0656366339454021,0.5042883136959022,-0.2903857801094754,-0.5579195053157155,-1.1187413550273322,0.3984026464239014,-0.4105552697101031,-0.0013312638428882,0.2431741371760436,0.0584169463866578,-0.7092079765141616,-0.5324337511629663
2017-03-09,ALL,81.32,81.63,81.07,81.57,1708769,0.3046538583334207,0.3101114531324039,0.1211188784316672,0.2464664436148711,0.4728200776304519,-0.3143380697794187,-0.6798403708882969,-1.1205137584352942,0.5066844463078874,-0.3725606071927547,-0.0011486244884816,0.5181064447840682,-0.2857329459418666,0.2059503735196957,-1.01916647297938
2017-03-10,ALL,81.82,82.105,81.57,82.05,1560630,0.3333623975431046,0.3385020216649637,0.2161383456653359,0.7010121220761599,0.4597758272421283,-0.2860768795442743,-0.7885295979252644,-1.1159543142062427,0.5260805897620462,-0.5043635067915742,-0.0011595984819987,0.7672320982411601,0.3042823783692849,0.1860631923244348,-1.047906960981119
2017-03-13,ALL,81.87,82.13,81.72,82.1,1256704,0.0049430413471839,0.0129402140809321,0.1795827675756455,0.6496019872524287,0.4445849085729348,-0.2689934145570489,-0.8792770884929774,-1.127344195177639,0.4320500463451449,-0.7926137395989712,-0.0011777297613681,0.6980739265866639,0.332998406861602,0.1859334868503902,-1.1751271586872396
2017-03-14,ALL,82.05,82.305,81.83,82.18,1437146,0.0276695233293845,0.035524168476752,0.1634528932116438,0.7106755226134994,0.4290524571718608,-0.2562057419397749,-0.9253544277592756,-1.161790766628561,0.3066397725850207,-0.6132435206754102,-0.0011700998674048,0.7107172490093582,0.0044933749242995,0.0933876791376248,-1.109614137257942
2017-03-15,ALL,82.04,82.75,82.04,82.62,1418824,0.3003397624894877,0.3058440141250332,0.2593160729209933,0.8904894597859951,0.427435999128184,-0.2101560765024867,-0.9512486241154812,-1.1534505069558614,0.3515214167247244,-0.6181660685323382,-0.001172853161547,1.029757925285299,0.0272257856319424,0.5078135733905573,-0.8751291507023407
2017-03-16,ALL,82.56,83.0,82.46,82.89,1783589,0.1704615958325419,0.1772325674086942,0.3106226312737786,0.8602694013378765,0.4301265933959031,-0.1622300656473714,-0.9164972560442912,-1.2161636203506818,0.2292109198198066,-0.2499048615241149,-0.0011570500797949,1.2745657629552951,0.2999671570942442,0.275670962504838,-1.0483867043872237
2017-03-17,ALL,82.9,83.09,82.6,82.85,2316274,-0.0630397334841208,-0.0546654287215711,0.2642798885739955,0.6715652488196627,0.4240997854810417,-0.1463277001145167,-0.8940227214507679,-1.2139627302681812,0.2051397150470039,0.2552389215501028,-0.0013506196334166,1.19356513688469,0.170055108730853,-0.0718845756799817,-1.0984208077817723
2017-03-20,ALL,82.85,83.06,82.3,82.37,1324987,-0.3936943894526286,-0.3845425674841194,0.0787469466593252,-0.0608865567046449,0.3941926469798711,-0.1950733675266898,-0.924167765651126,-1.2022396867824054,0.1848979952199617,-0.7093369180892637,-0.0013069347280135,0.6949379062683269,-0.0635071347771491,-0.4640335922188081,-0.822366110268411
2017-03-21,ALL,82.46,82.7,81.59,81.69,2179342,-0.5469630880806424,-0.5380490500554468,-0.1567115989004574,-0.780639641105916,0.3381352431936123,-0.3013802341334897,-0.9607037546077364,-1.1478588960883052,0.0274450049463231,0.1655813583364421,-0.0013508503902678,-0.0114506704382094,-0.3942480496163874,-0.7318086024379304,-0.4588920990961829
2017-03-22,ALL,81.59,81.82,81.33,81.38,1669775,-0.2692549685573848,-0.2601894176181659,-0.2689291584458119,-0.4396053692694027,0.2766242099593291,-0.4004632757360116,-1.000336673333217,-1.1365264086993878,-0.0216685653163424,-0.3178153759633765,-0.0013289245357865,-0.3334807568779532,-0.547556731908999,-0.2207751227837469,-1.0895172990416293
2017-03-23,ALL,81.5,81.92,81.16,81.26,1480674,-0.1247994898424238,-0.116146631731889,-0.3187075941100623,-0.5944603884666888,0.2189337258836731,-0.4698956812530064,-1.0436391783596162,-1.1345999362521106,-0.0380238130521398,-0.4433179403045852,-0.0013216118213243,-0.4581375645320367,-0.2697761658365991,-0.2488003353762222,-0.8118622566705137
2017-03-24,ALL,81.27,81.51,80.63,80.99,1368886,-0.239858830703891,-0.2308500911652947,-0.4065198744268886,-0.4399020124913801,0.1590579209719595,-0.5310665838791575,-1.0486445859855995,-1.137647768764813,-0.1529555807662981,-0.5398601230698392,-0.0013177893828797,-1.3948371944043672,-0.125283002588123,-0.2866155522687933,-0.6857805461830029
2017-03-27,ALL,80.37,81.32,80.07,81.09,1428165,0.0438752219175352,0.051623204371509,-0.370499819949769,-0.4555368268068505,0.1125479547831333,-0.5455998671951371,-1.037575743762359,-1.1547020317288208,-0.2126163322993616,-0.4453701980821666,-0.0011621988366547,-0.7585659745902151,-0.2403723593245539,0.6505191504710012,-0.3066269696123656
2017-03-28,ALL,80.81,82.097,80.73,81.89,1219009,0.5812156969762041,0.583070301410574,-0.1097167586152513,0.3020768464726864,0.1042748209760015,-0.4588055455297972,-1.040348711759994,-1.1574923019998022,-0.2157409269518177,-0.6272691659174325,-0.0011759269083347,0.1220119161230223,0.0434357118492354,0.9834090768314258,-0.2001045252326276
2017-03-29,ALL,81.94,82.08,81.29,81.39,1019259,-0.4131281562436554,-0.4039854285637422,-0.2492891443186725,-0.303786435377942,0.0754743268106294,-0.4422071603890253,-1.0588105193207509,-1.1678165749906655,-0.3983696135639128,-0.7984812593933566,-0.0012972355636603,-0.428349265572753,0.5809163645274832,-0.5334373934010743,-0.7823881719044116
2017-03-30,ALL,81.3,81.83,81.16,81.64,1159316,0.158237638907324,0.1651140660662972,-0.1673088150371465,-0.464168419112052,0.0600997036425087,-0.3943704914506862,-1.058059613960365,-1.2416920170146253,-0.1872386677192013,-0.5614445288510638,-0.0011794465607416,-0.1531686747248654,-0.4136868861523797,0.289644174293743,-0.9073653524625396
2017-03-31,ALL,81.45,81.79,81.2,81.49,1548126,-0.1473848919589389,-0.1386454211653246,-0.2095269449978562,-0.5892829062535209,0.0398562813326121,-0.3686333614764421,-1.0553392750154922,-1.241184320468114,-0.2338588617796439,-0.0138227327771421,-0.0013253050928163,-0.3182770292336042,0.1578279629053695,0.0107868427171423,-0.9879233957147302
2017-04-03,ALL,81.54,81.75,81.08,81.32,1790111,-0.1628753702667967,-0.1540812229565318,-0.2637724615829123,-0.7422470885361414,0.0152508244058228,-0.3592714595101811,-1.0547340783636496,-1.2671282450754568,-0.171088100319792,0.2934525182784022,-0.0013411451823029,-0.5053998310101696,-0.1478742966261532,-0.2301599741475137,-0.9046739268073648
2017-04-04,ALL,81.47,81.8,81.4,81.63,1672300,0.2043378431332418,0.2108041762982068,-0.1669942422889516,-0.8444844814491663,0.0061836470427746,-0.311786673825607,-1.0574277616040133,-1.2580606778648489,-0.1368273865147634,0.1360504750820767,-0.001147369138872,-0.1641758983587866,-0.163368815981496,0.1220605895121013,-1.1829404151339298
2017-04-05,ALL,81.81,82.17,81.285,81.42,1575151,-0.1931600498470067,-0.1842701275789825,-0.2390240615837973,-1.1756019795673711,-0.01083804422597,-0.2942736271373142,-1.0677705372757194,-1.265731447453304,-0.1149797309242741,0.0151175772060997,-0.0013295274105558,-0.3953275946710053,0.203940193429678,-0.3864827434054269,-0.685444994051992
2017-04-06,ALL,81.45,81.6,81.05,81.44,1614200,-0.0177029854494984,-0.0095719864441271,-0.2305294571222179,-1.13966323487877,-0.0249492844618838,-0.2727717389304679,-1.0651558507255157,-1.287787405535172,-0.19088324415181,0.0726451545996811,-0.0011508647748511,-0.3733131474031785,-0.1936613960167997,-0.0355923992475389,-1.0284865629309536
2017-04-07,ALL,81.36,81.49,80.95,81.11,1228719,-0.2852695250572361,-0.2761788760855141,-0.3214622539934669,-1.0687247210888888,-0.0502369415959262,-0.284338133063057,-1.0531570336910665,-1.3072924055970074,-0.3357323616231696,-0.4153366027944637,-0.0013103804156028,-0.7365515273223884,-0.0181585596092398,-0.2584692830340162,-1.0364716729114651
2017-04-10,ALL,81.01,81.67,81.0,81.36,1261724,0.1588977970992615,0.1657685896915768,-0.2293581691766966,-0.4455387555087527,-0.0614267349713433,-0.2573035897437272,-1.0535151568612278,-1.2979695826844346,-0.2998526700974254,-0.3718577943403553,-0.0011714826926618,-0.4613709364745008,-0.2857949001017835,0.3001014815631792,-0.9050115128301164
2017-04-11,ALL,81.14,81.29,80.68,81.17,1561140,-0.1783872319003963,-0.1695421896760834,-0.2742662511585898,-0.3575868862773989,-0.0785628131334163,-0.250981589766111,-1.0532286760288188,-1.2971581052981618,-0.3479760372466255,0.0166280314132455,-0.0013286322005228,-0.6705081855188929,0.1584882933147523,0.0016173110484613,-0.965009691858424
2017-04-12,ALL,80.58,81.12,80.1,80.97,2063791,-0.1863976384652253,-0.177527825715235,-0.312229326415037,-0.4168469012795093,-0.1005514498184973,-0.2584143918873124,-1.0743363549910006,-1.325797002771351,-0.4607813155475589,0.6239733154554388,-0.0013599266357321,-0.8906526581972062,-0.1788847242409128,0.339347338604119,-0.5414575730069108
2017-04-13,ALL,80.9,81.26,80.58,80.58,1241344,-0.3328680280392957,-0.3237271719722122,-0.4009508253571168,-0.5011431241700879,-0.1334837211674912,-0.2925293608187254,-1.1130999944058664,-1.3316028293071869,-0.5767655175421208,-0.411012712672811,-0.0013163230306469,-1.3199343799199117,-0.1868972205045013,-0.3251616837513956,-0.8880255082321066
2017-04-17,ALL,80.8,81.63,80.6105,81.5,1646643,0.6778179864679315,0.6781312124069975,-0.0827295356606289,0.0685838959024396,-0.1236464240929671,-0.2097332031033852,-1.2056245701084034,-1.2124659122505297,-0.4067870504945188,0.1705051516610216,-0.0011423988084321,-0.2914768325597166,-0.3334058202479192,0.6282162413772003,-0.5487962181762558
2017-04-18,ALL,80.79,81.11,80.12,80.31,2486670,-0.9420397807610036,-0.9355025206426272,-0.4336681684340507,-1.1053940249495702,-0.1625063631067916,-0.2688421243183392,-1.2067969397784617,-1.108533074259581,-0.534774412475787,1.1758679965084369,-0.0013889072616074,-1.577955420616062,0.6775438549478867,-0.4751945911693136,-0.5639617941310346
2017-04-19,ALL,80.29,80.59,79.59,79.75,2283260,-0.4671200749182689,-0.4580346794390396,-0.583721539112937,-1.1290905937964737,-0.2145650650296085,-0.3501026498064237,-1.1151351489879324,-1.118444980441636,-0.5162577804826158,0.902652968213486,-0.0013844129986283,-1.6751519922299227,-0.9427364894298133,-0.5344491201241739,-0.5462974509530625
2017-04-20,ALL,79.6,80.41,79.09,80.15,2155766,0.279269975749951,0.2849978694801007,-0.434766353694091,-1.0188871502571015,-0.2390205685326563,-0.344060912642846,-1.0781113374395928,-1.1017472934094377,-0.3894535521650539,0.6955873801649055,-0.0011017182921067,-0.7372662821038114,-0.4676928898605755,0.4957121154551939,-0.2187732547359131
2017-04-21,ALL,80.09,80.19,79.54,79.73,1778826,-0.3592390343106244,-0.3500860895171865,-0.5462991939248952,-1.1216674548606655,-0.2734747886388027,-0.3649640473243004,-1.016056301314743,-1.0905424293057764,-0.4440019406439682,0.1955284009524471,-0.0013534223558461,-1.1905637644823357,0.2788918738163166,-0.3659175329718302,-0.9118863152287852
2017-04-24,ALL,80.86,80.98,80.37,80.9,1917923,0.8806111797419368,0.8772151347397571,-0.1659630553959448,-0.3776333142119818,-0.2535077784333144,-0.2416072450878577,-1.0154597018785947,-0.96973694676904,-0.1837973529311756,0.330061581596845,-0.0011183780142474,0.0721935078578354,-0.3597837060026604,0.0110575699272388,-0.962919397230354
2017-04-25,ALL,80.75,81.38,80.75,81.22,1697199,0.2132656627523164,0.2196486809569699,-0.0644410722639479,-0.3728615473486114,-0.224201659754707,-0.1188830988580539,-1.0145881666853376,-0.9626757234019224,-0.1439321052513565,0.0396464567375864,-0.0011374041834787,0.4175630182414639,0.8803899514897816,0.413427585683122,-0.9448730078973678
2017-04-26,ALL,81.15,82.51,80.95,81.8,2880701,0.4115947196813176,0.4158018493534541,0.1248466627325851,-0.0276605459035397,-0.177796693951932,0.0233083562733218,-1.0191625601005967,-0.986276919987012,-0.1836179859401365,1.3228319087118767,-0.0010705064656757,0.7527708891565714,0.212870342075804,0.5788425416198928,-0.0019383205174566
2017-04-27,ALL,81.83,82.23,81.58,81.98,1163259,0.1040020834732938,0.1113177727320977,0.1734778095096597,0.0351017765962684,-0.1340868803421455,0.1301242450296782,-0.9961517826526154,-1.004777547336166,-0.0610134503171099,-0.6902098985217922,-0.0011772341933926,0.9277278121798672,0.4112511377000721,0.1121750509304562,-0.9305339678168882
2017-04-28,ALL,81.84,81.94,81.26,81.29,1058608,-0.5570024577140473,-0.548117288159634,-0.0442091890154784,-0.1178983134566783,-0.1268359767155526,0.1217323493641306,-1.0047056886956385,-0.9717563184946132,-0.2304398641104598,-0.8084383988314081,-0.0013009197677893,0.2570596072572613,0.1035782588795057,-0.5340570425244204,-0.8941682300439643
2017-05-01,ALL,81.49,81.85,81.185,81.5,1341934,0.1278378587160583,0.1349662556093898,0.023624422493284,-0.1333986683272036,-0.1132159575608182,0.1314128265592557,-1.0044350906273067,-0.9697072312917802,-0.1656746979619382,-0.468307048230168,-0.0011673373523697,0.4611760174510923,-0.5575987205428377,-0.0170452555839496,-0.9113033904889012
2017-05-02,ALL,81.45,81.88,81.44,81.83,1951680,0.2190917161449903,0.2254196840974066,0.1221424153569941,0.0682348780391061,-0.0900922485248038,0.1636195424674056,-0.9887718216308338,-0.9647291240658228,-0.0753699618334607,0.2370488767756075,-0.0011359885020968,0.7819303763271208,0.1274202522323688,0.3261656880769959,-1.1432000061547325
2017-05-03,ALL,83.47,85.0,83.47,84.93,4022921,2.3255511431342155,2.2774936832274983,1.0697471662720626,0.9264751426820378,0.0479866125831526,0.4852774977183904,-0.6711059340243272,-0.4381599702432071,0.4262461105655019,2.358784544807699,-0.0010308762244043,1.403506043627581,0.2186979153284811,1.295183465130629,-0.0899520097558971
2017-05-04,ALL,85.11,86.03,85.11,85.57,2987655,0.4361567180349573,0.4400511872611919,1.2060714954421032,1.183798621566349,0.1788449553262989,0.724018371946602,-0.3945576354719866,-0.4369264541408497,0.5811005558276946,1.1052482637976149,-0.0010965459643125,1.222543952881132,2.325706860699292,0.3820234934858532,-0.6952903531710748
2017-05-05,ALL,85.73,85.87,85.24,85.45,1647487,-0.1203042643889523,-0.1116696203576344,1.0998012686358032,0.985409799436156,0.2729855123113964,0.8205001228705089,-0.2071779037956901,-0.4336696248158549,0.5556697051071852,-0.3090139481271696,-0.0013192751610138,1.165065309582419,0.4358195436158091,-0.2730738102145845,-0.976874029094063
2017-05-08,ALL,85.46,85.49,84.63,84.77,1959042,-0.5284374181135351,-0.5194744059402385,0.8203110046064223,1.2089856551125242,0.3154977518225573,0.7647951231933429,-0.1125739041642438,-0.412878200848867,0.4952375273815198,-0.0194016364757566,-0.0013363376586604,0.8393529975563502,-0.1207866044517199,-0.6363180926370005,-0.7458226725010941
2017-05-09,ALL,84.9,84.98,84.085,84.17,1798270,-0.4736569195309609,-0.4645816684166591,0.5816293444406989,1.1905772409404374,0.320188555549559,0.6228793988246495,-0.0641435086049208,-0.3873665139487665,0.3397649891580342,-0.2107274840174716,-0.0013316545862313,0.5519597810627651,-0.5290262290948652,-0.6759373184299028,-0.7051403533551626
2017-05-10,ALL,84.21,84.63,84.07,84.29,1710886,0.0557643763356098,0.0634314453215866,0.5687933037378969,1.1426825600732151,0.3232068597684766,0.5050418343873218,-0.0240363648496902,-0.3927631901290719,0.3970423862144712,-0.3063877123850752,-0.0011552832770432,0.6094384243614851,-0.4742314397595057,0.0454580936393884,-1.0376297330762378
2017-05-11,ALL,83.97,84.24,83.19,83.91,2954662,-0.3136705506974485,-0.3045455503498215,0.3994657030081507,1.161446080466081,0.3054268378444059,0.3572372493805903,-0.01304718264315,-0.3859248937989822,0.3657879086781485,0.891265999833614,-0.0013890798424716,0.427422720582208,0.0553279678266425,-0.0803013919839099,-0.5484457891959154
2017-05-12,ALL,83.81,84.6,83.53,84.13,1851298,0.1302356128854539,0.1373446692212926,0.4118745944819069,0.9758680066801304,0.2948987323644357,0.2576598894633683,-0.017296929243722,-0.400423383206655,0.4795477560467278,-0.2321076782491806,-0.0011458910764019,0.532800233296523,-0.314203334802643,0.2621522625489332,-0.5313605164294477
2017-05-15,ALL,84.06,84.65,84.06,84.53,1234038,0.2630126934207976,0.2689083493092026,0.4898475489522115,0.993143638276207,0.2971755902067105,0.2109577566885324,0.0085269891386018,-0.4258264858364179,0.3785383268585583,-0.8241139555952495,-0.0011803475691643,0.7243957109589176,0.1298186319110781,0.3961119410014677,-1.009623827799932
2017-05-16,ALL,84.49,84.78,84.2,84.33,1559743,-0.1803000475437832,-0.1714489967286444,0.3612791127485481,0.7582023937946476,0.2861145996408216,0.139264658271979,-0.02586579034421,-0.5115547984114346,0.5676734557625186,-0.4663075373550401,-0.0013197971211979,0.6285979721277202,0.2626303504012158,-0.1693901172609762,-1.0181269533416482
2017-05-17,ALL,83.63,84.71,83.11,84.36,2254892,-0.0108480396726267,-0.0027566859647968,0.296575533330693,0.7193575404028598,0.2736784196775876,0.0783704657033261,-0.111452519214664,-0.5415905073967918,0.6814884832595354,0.2385635187780363,-0.0011280796093095,0.6429676329524001,-0.1807980388862474,0.6331693174599242,-0.0106532649562122
2017-05-18,ALL,84.33,85.3,83.6,84.72,2173892,0.2326854825467894,0.2388829119520704,0.3368788395500682,1.1785570472360998,0.2731458889622509,0.0602948998957498,-0.1856954269128595,-0.542522609362435,0.669922068363434,0.1555626586996865,-0.0011365807739529,0.7718960381636598,-0.0113018255621262,0.32308693797006,0.0810021231496387
2017-05-19,ALL,84.78,84.8,84.06,84.13,2685817,-0.4665683060847645,-0.4574820860111914,0.0810507932436647,0.8083131078653718,0.2449838712563257,-0.0252833766330978,-0.3373356951243123,-0.5319560341225126,0.6430186966021647,0.6132457242050645,-0.0013689992909002,0.3269874233694302,0.2322952279768478,-0.605564726772337,-0.8582651104630453
2017-05-22,ALL,84.58,84.88,84.25,84.79,2085467,0.4554183721279261,0.4590610094199573,0.2265738050577687,0.8877210651941102,0.2441296708863002,-0.023456146127139,-0.4136166467997731,-0.5733959166053819,0.5387118961010285,0.0108030229869965,-0.0011399724706512,0.6621997547632128,-0.4671409770854823,0.1612676875433609,-0.972091190164094
2017-05-23,ALL,84.69,85.5,84.55,85.4,1289182,0.4149035072977816,0.4190690715287435,0.3511588929845503,0.057855796017723,0.2627348619105544,0.0280937767405681,-0.470332328139656,-0.5663012989155793,0.5883686177171128,-0.7610974801351948,-0.0011814669185119,1.0306278922344696,0.4550862225541882,0.607073075594031,-0.6642300314517171
2017-05-24,ALL,85.55,85.89,85.4,85.81,951549,0.2659008582880769,0.2717670160471125,0.4154191043995608,-0.0575529763561987,0.2885925632239645,0.088001551669847,-0.4939340123889968,-0.5720429670092532,0.5524871525920847,-1.0499129457360878,-0.0011984819384638,1.2919355244865196,0.4145607884898746,0.2032972906617392,-1.1154234082285188
2017-05-25,ALL,85.95,86.385,85.82,86.28,1689571,0.3080047450188253,0.3134258971256682,0.4934345672778815,0.2378009127409392,0.3221721840576307,0.1558038595285355,-0.5052172453762864,-0.5689926014508079,0.6028592655696856,-0.3024207723091437,-0.0011654113630348,1.3757558557637566,0.2655192687127169,0.2637601111925811,-1.0455707053870826
2017-05-26,ALL,86.04,86.6299,85.96,86.5,1083530,0.1257518504309995,0.1328969989846844,0.4789763814675852,0.7782358907346788,0.3516922847700526,0.1995965709064806,-0.5921197079194386,-0.6148425102648638,0.7738063937556212,-0.9279081536303024,-0.0011944808327467,1.3635731301036282,0.3076341392105382,0.3776097761307088,-0.9458898913384528
2017-05-30,ALL,86.12,86.42,85.99,86.0,1134298,-0.3928690921764342,-0.3837170191285388,0.2529888097591378,0.8539348458649564,0.3496823023929989,0.1534728489147759,-0.7349976468775685,-0.5873183008805912,0.6434368273734108,-0.8693861896995078,-0.0012923340913104,1.0394216623770811,0.1253336997640791,-0.1315907521929247,-1.1746196016891848
2017-05-31,ALL,86.15,86.4,85.93,86.34,2616503,0.2131403842682644,0.2195245803188573,0.2873450486292085,0.9316280160347624,0.3556741612205513,0.1371704728334501,-0.8875213901481185,-0.5874052109711873,0.6419613776452567,0.6204046255957651,-0.0011261532298551,1.1690981823742588,-0.39342253704242,0.1403095568701749,-1.1376500058735453
2017-06-01,ALL,86.02,86.94,85.8935,86.94,1717903,0.3996518895304936,0.4040076122690831,0.4408747049814562,1.4023845899203,0.3779828402223149,0.1661277862090279,-0.8136645746009766,-1.174123089173159,0.1801029929677373,-0.1868589537112713,-0.0011692669397908,1.442878752192886,0.2127450309099786,0.7817239321450838,-0.588146889652286
2017-06-02,ALL,86.79,86.79,86.42,86.67,1156199,-0.2263439855938662,-0.2173660287404754,0.3403701795763206,1.133248705297193,0.3789719167605634,0.1344173471771561,-0.7720973354934011,-1.1924728085210452,0.0213182410102182,-0.7297714061877622,-0.001290863032932,1.208536972790938,0.3993051919873664,-0.1307780581625447,-1.235536221311319
2017-06-05,ALL,86.67,86.94,86.48,86.61,973859,-0.0760961036253103,-0.0676578232110738,0.3037222806840634,0.9629880940981088,0.3714168275213468,0.0870564603249899,-0.7369821801908366,-1.194116635307094,0.031895752935168,-0.9156877374166004,-0.001283984988984,1.156461021812725,-0.2268539885563953,-0.0786196212322179,-1.1486868438993678
2017-06-06,ALL,86.3,86.52,85.78,85.82,1243961,-0.600873304613616,-0.5921335059521458,0.0441979695881496,0.5538427424359387,0.328851481877714,-0.0409480464536161,-0.7361216803431491,-1.179817528461815,0.0144373713235509,-0.5725132293466522,-0.0012962290261801,0.4707943339329356,-0.0765669109727337,-0.4465350546440056,-0.8727007822107631
2017-06-07,ALL,86.09,86.125,85.57,85.87,1422542,0.0032764094643798,0.0112837101270535,0.0332746429095418,0.561274697824102,0.292023515306093,-0.1285837369119162,-0.7561333956447212,-1.2223238204809035,0.1291505206587447,-0.3425221533183318,-0.0011803018153127,0.5141909597481216,-0.6014810121616724,-0.2193865094479685,-1.0526703884218334
2017-06-08,ALL,85.87,86.69,85.84,86.56,1669952,0.4672723379197601,0.4707570928297621,0.2100662293571872,0.6770458048011587,0.2850109035383651,-0.121948079273197,-0.7573799611944687,-1.1900471482799413,0.2280440777712042,-0.0441367425971042,-0.0011710590911323,1.1130643959975512,0.002826308262243,0.5807724413513436,-0.7729351468864089
2017-06-09,ALL,86.67,87.425,86.55,87.37,1138999,0.5495941876997801,0.5519216094258104,0.4045742355414179,1.2842131138937098,0.3061066720351568,-0.0442890662362998,-0.7501303495283256,-1.176490741746728,0.4381178701352781,-0.602491512324868,-0.0011950696665942,1.4005079562347602,0.4669432807255924,0.5838859368842886,-0.7566752568862509
2017-06-12,ALL,87.37,88.1,87.33,87.92,2473521,0.3589224715896901,0.3637680468447902,0.513628463709344,1.258773163481702,0.3388684135050757,0.047866157800811,-0.714993228046531,-1.1653094789315694,0.4941422428998759,1.026895047993611,-0.001140998597971,1.322968396132841,0.5492866060531975,0.449286995422824,-0.8614278382715626
2017-06-13,ALL,87.94,88.19,87.79,87.97,2566885,0.0024100292291149,0.0104225772767092,0.4751382583177327,1.114325515140155,0.3609432424597115,0.0940824081872485,-0.6796238947121982,-1.168281571588931,0.4302011567947728,1.0174673104701764,-0.0011408909833044,1.2989181344296292,0.358565148841281,-0.0005426873702422,-1.2123726224268978
2017-06-14,ALL,87.93,88.89,87.83,88.82,1502909,0.5685650786237774,0.5706107205511013,0.6639379408612694,1.229999191932065,0.4055192758981827,0.1889731214882126,-0.6184411791225944,-1.1476499799691593,0.6144821080050072,-0.2485964538248823,-0.0011852042451269,1.4026204982792183,0.0019597020117704,0.7383950241802861,-0.5967133293776309
2017-06-15,ALL,88.7,89.89,88.5,89.79,2164143,0.6469217274236702,0.6477438033185325,0.8733746098718865,1.3431412899389703,0.4718853251600365,0.3209728177516323,-0.5126356327790217,-1.1116255695680446,0.7778521622429005,0.5483808163412062,-0.0011615849035003,1.3900300791015938,0.568262445970346,0.9021101213541132,-0.3011602472373979
2017-06-16,ALL,90.37,90.74,89.55,89.82,2684162,-0.0121948277164066,-0.0040956257016757,0.8024000284141966,1.3021790212245792,0.5179943105829826,0.3744312411585793,-0.4324779836322748,-1.1081218707493292,0.7166283683175373,1.1234495534371685,-0.0011449493411377,0.9850573428445172,0.6466395359039645,-0.486131554044366,-0.4871642187947515
2017-06-19,ALL,90.03,90.19,89.075,89.41,3264333,-0.3171843683068409,-0.3080560215350726,0.5963570431233466,1.3639073241558473,0.5305877798673754,0.3309296183002163,-0.4532262019471573,-1.133789553002055,0.7542511075418247,1.74414297950773,-0.0013575531946977,0.7616520272624523,-0.012648964946538,-0.5466109727083326,-0.5520099738872626
2017-06-20,ALL,89.41,89.66,89.18,89.26,1153603,-0.1374441542784778,-0.1287417978887554,0.4821815535391529,1.1809949711392744,0.5268949932257032,0.254207777621464,-0.4696420044344558,-1.1368520841942389,0.6067756313342093,-0.6686275869913202,-0.0012850463547563,0.6480825203003402,-0.3177180690721624,-0.1530671131414765,-1.1431543658505283
2017-06-21,ALL,89.41,89.53,89.025,89.24,1646443,-0.0469458609989551,-0.0386541660604918,0.4172344905084272,0.9999105101665688,0.5155423298304427,0.1731139141765571,-0.475215622417164,-1.1469374108270451,0.4929018576691812,-0.1014224037306692,-0.001304069793936,0.5091198933607229,-0.1379309656756713,-0.16996718811307,-1.1197065300414923
2017-06-22,ALL,89.01,89.23,88.21,88.31,1751421,-0.6818079533349554,-0.6734185435478152,0.1002952235211983,0.570774504540701,0.4629122222704696,0.0019913927159814,-0.5059987047993632,-1.0624603608350371,0.260402945355898,-0.0247052767575089,-0.0013094580113844,-0.1195508679203117,-0.0474090638352515,-0.6204773149522184,-0.6287185719733319
2017-06-23,ALL,88.72,88.83,87.99,88.08,3969885,-0.1951447082614498,-0.1862490235386709,0.0042668822834194,0.4742891016330324,0.4057770034209635,-0.1465027033579792,-0.5280571425198937,-1.064141687491757,0.13891838098964,2.2537685392270905,-0.0013977355000091,-0.2674351529516051,-0.6824367745473006,-0.5713249199111898,-0.7965200639060345
2017-06-26,ALL,88.32,88.78,88.17,88.42,1781195,0.2073278982461743,0.2137664687444761,0.0771002470995792,1.0709861610983602,0.3679403185618063,-0.2156238859428277,-0.5422353522326225,-1.0609923274091653,0.1585135135843967,-0.1511912982631447,-0.001169036626909,-0.0488236011662167,-0.1956465721750294,0.059226684155,-1.0163643399910214
2017-06-27,ALL,88.55,88.69,88.03,88.17,1831973,-0.2090253279945242,-0.2000911092289784,-0.0302217184075282,0.8901074779222162,0.3226995463840212,-0.2899788253103398,-0.5874998528910951,-1.07954917332345,0.2031022648778136,-0.1322975322912477,-0.0013165217913406,-0.2095673892437066,0.206931028567246,-0.3505365210519806,-0.9674726212293174
2017-06-28,ALL,88.68,88.96,88.37,88.58,1375234,0.2565105393960357,0.2624721216321583,0.0585588848343003,0.8029663428574082,0.2978521234283275,-0.2969706469703471,-0.6188412091555364,-1.0771183879474395,0.2135500472883172,-0.5614496027835747,-0.0011857845407081,0.0540524232033747,-0.2095308129869593,-0.1115125196868893,-1.0362199587617855
2017-06-29,ALL,89.23,89.23,87.805,88.13,1648175,-0.3492764322406897,-0.3401267354796435,-0.0934454051263599,0.2080425229962,0.2558054226070919,-0.3468347494453069,-0.6362768910472294,-1.0762365307559727,0.0335466749343018,-0.2638530209620118,-0.0013095595720041,-0.2352863953361089,0.2561265001400533,-0.9576957246360353,-0.2437609311531207
2017-06-30,ALL,88.44,88.79,88.12,88.44,1508020,0.1859985288824842,0.1926320415267377,-0.0275084741672353,0.0947369677949115,0.2303320900765798,-0.3440664667491106,-0.6657621825373167,-1.0812664404791663,0.1324560449503623,-0.430422985974926,-0.0011800330650879,-0.0359640981200198,-0.3498185049588762,-0.0263165508545973,-0.959953752546493
2017-07-03,ALL,88.85,89.86,88.63,88.63,1007570,0.1007559597154862,0.108096456850847,-0.001140114568986,0.1620249238621044,0.2134650286439826,-0.3196994469397664,-0.7025518128102793,-1.0824911848108147,0.1750565917609513,-0.96694011949116,-0.0012017574001908,0.0862011808188709,0.185596094947068,-0.213389063350977,-0.4347261686952174
2017-07-05,ALL,88.81,88.94,88.27,88.81,1040865,0.0934447416684175,0.1008404994991371,0.0077161423168401,-0.1950414079816887,0.203143918093915,-0.2833566662066857,-0.8063790410525506,-1.150035927804197,0.3442077748249755,-0.9253303563784864,-0.001201019326451,0.2019367082346681,0.1003312882956682,-0.0263165508545973,-0.9625841652644168
2017-07-06,ALL,88.93,89.28,88.53,88.72,1450561,-0.0960883003974097,-0.0875573439347121,-0.0614214376562091,-0.9791309911028692,0.1875640950418903,-0.2678182770735465,-0.9435002302756876,-1.146191398785931,0.3199653016819144,-0.4860809665786194,-0.0012999478957451,0.072501873492103,0.0930181629492434,-0.2047251293286703,-0.8867967971154317
2017-07-07,ALL,88.8,89.285,88.54,89.19,1117258,0.2968199806670915,0.3023620807635182,0.0387019448444898,-0.6080065345122563,0.1898297405827781,-0.2094536368117542,-1.039606845199906,-1.1639819627140584,0.2787525469742294,-0.8262147843768872,-0.0011976934160786,0.2131695915638026,-0.0965643231691008,0.3054987218096296,-0.8951815042841794
2017-07-10,ALL,88.83,89.18,88.83,88.85,1445081,-0.2703290708520894,-0.2612617074036483,-0.0838895897169196,-0.5674291150514339,0.1745362813135594,-0.2079587581103008,-1.0911789294620569,-1.1916058901058353,0.0813051641379215,-0.4817273642478368,-0.0013000031741223,-0.3995561761843344,0.2964464570558189,-0.0093061297895394,-1.2630256339704338
2017-07-11,ALL,88.72,88.88,87.74,87.94,1959242,-0.6706416719060164,-0.66219757239086,-0.353356347772044,-0.9486123065712774,0.1234829070997641,-0.298808260623301,-1.0921967614874444,-1.1398680423876495,-0.1641360603774911,0.1037613351374815,-0.0013220260214904,-1.6596906827534386,-0.2708505483355873,-0.6905455006423198,-0.5109443274911667
2017-07-12,ALL,88.01,88.39,87.91,88.2,972288,0.1510736607194001,0.1580107887137138,-0.279831361117914,-0.7606825473784181,0.0905156563060594,-0.324934492296044,-1.101858113998281,-1.1348749925051973,-0.1290785594750801,-0.9300855889980753,-0.001202189013548,-1.3715949495084168,-0.6712675801370716,0.1367880870330192,-1.1377682014161916
2017-07-13,ALL,88.06,88.92,87.935,88.6,1271906,0.249353333359077,0.2553867099867076,-0.1582814242222884,-0.012084754596778,0.0775411390570336,-0.2943745256574508,-1.101452191887066,-1.1814560120591937,-0.2038543522577355,-0.5771465706537676,-0.0011904652962594,-0.9283707445160936,0.1506621158289927,0.4369807917147101,-0.6647917730122199
2017-07-14,ALL,88.27,89.33,87.92,89.05,1075637,0.2832129510155701,0.2888995264829586,-0.0141875040329324,0.3769525817117115,0.0823236587973054,-0.2242202448166843,-1.1370883032086012,-1.248627443717465,-0.2885154466899521,-0.7637597399412177,-0.0011993433755344,-0.4297435138997163,0.248967426981313,0.6412986346576575,-0.271721299652169
2017-07-17,ALL,88.74,88.83,88.305,88.49,1440223,-0.4245120565183383,-0.4153774924297754,-0.16025103903175,-0.1498549274354752,0.0616676807199514,-0.2335750756126873,-1.1878325580757254,-1.225649683718743,-0.3849464538254603,-0.2645477290119021,-0.0012998795731775,-0.8636961921549682,0.2828358776977062,-0.2391624635221375,-1.096873100197894
2017-07-18,ALL,87.99,89.06,87.99,88.88,2191125,0.2413924146773705,0.2475046951672625,-0.036885721219962,0.1976908291405019,0.0582784280334665,-0.1966146863334267,-1.2124344738294908,-1.2201999451130578,-0.2545351226769746,0.7551856481678102,-0.0011539009612399,-0.0937712037946848,-0.425073756179233,0.737873570668512,-0.5880079743289434
2017-07-19,ALL,89.05,89.25,88.719,89.25,1208762,0.2261789555359955,0.232439231239379,0.0728664194184187,0.1786239636962992,0.0676777178468307,-0.1341288866652453,-1.2130331962853769,-1.2089670714571965,-0.1691223171247405,-0.5025835346939357,-0.0011952359369531,0.4863925550985866,0.2410044315108994,0.1433674135709413,-1.0954808027318832
2017-07-20,ALL,89.01,89.56,88.47,89.22,1319566,-0.0539231144797967,-0.0455950969083414,0.0642779498606547,0.4598138833615163,0.0714265532799501,-0.0986844192350523,-1.2141899607912645,-1.2089231673394645,-0.1707684220388102,-0.3437262992134982,-0.0012936618034634,0.4393522503234553,0.2257870035888593,0.1519316783746828,-0.5731493129543459
2017-07-21,ALL,89.0,89.315,88.58,89.16,1897566,-0.0748642592578742,-0.0664318983455005,0.033840673760175,0.2623734654492797,0.0695384587701188,-0.084838205926473,-1.2054159380051992,-1.2919656433960534,-0.0261162081140789,0.3897912082994783,-0.0013173507719652,0.3452716407731927,-0.0543881374931123,0.1095068831417503,-0.9042946079069312
2017-07-24,ALL,89.08,89.905,89.015,89.77,1222579,0.3929506020148359,0.3973887182651696,0.1891397921048664,0.4670450476410582,0.0893232622160635,-0.0179755690320415,-1.1713296121525174,-1.2715856987114809,0.1143153832343977,-0.3262401354485569,-0.0011932887158979,1.2355972244539704,-0.0753347452503669,0.5588959745239855,-0.765063848289729
2017-07-25,ALL,90.27,90.63,89.9,90.21,1258375,0.2721564187882771,0.277958233208274,0.2924035180907439,0.5777321929049744,0.1192485758611489,0.0616160391711102,-1.101920414960823,-1.2662309324655956,0.1298417976048109,-0.2432042084217166,-0.001192731693552,0.9597797052289232,0.3926021562867577,-0.0765337560127714,-0.9169105601187836
2017-07-26,ALL,90.2,90.29,89.24,89.4,1403868,-0.5920140052936673,-0.5832423285788242,0.0347619566658948,0.1394608415390438,0.1081437878358591,0.0196785503514997,-1.1070325774439802,-1.206390213463029,0.0374051633364526,-0.0040442954231762,-0.0012974779780852,0.0280886860841548,0.2717764611197262,-0.6963989026104269,-0.6124883038749256
2017-07-27,ALL,89.37,89.8452,89.05,89.68,2050164,0.1619955732749489,0.168839833394808,0.1010682474034,0.0552964137958336,0.1074282343489198,0.0128702701508501,-1.0912257306505966,-1.2131519474611048,0.0149028704516638,0.8646055259673432,-0.0011611154395887,0.3501547173934635,-0.592619401689768,0.2357518546477623,-0.8523335855364996
2017-07-28,ALL,89.8,90.57,89.52,90.5,1258429,0.5362679037461862,0.5387898904013145,0.3075252523187551,0.5718184973840978,0.135870400970683,0.0824751156111974,-1.0459073786970214,-1.192786487604429,0.2274750797716073,-0.2339659425248539,-0.0011940556730132,1.293348094799284,0.1615868776165916,0.5626171864764633,-0.624385753074163
2017-07-31,ALL,90.58,91.25,90.57,91.0,1229008,0.3109710149515011,0.3163597592410622,0.4163928040566305,1.3187028490372614,0.1743825252872344,0.1640788897354127,-0.9662549057168268,-1.1843702855423175,0.2576425297868089,-0.2585573756090711,-0.001196011780685,1.206113685423478,0.5359568456319834,0.324000845561803,-0.9685570380324916
2017-08-01,ALL,94.09,94.49,93.97,94.22,1486353,2.169980668436456,2.1282439770225388,1.277414600079122,1.7950558033241106,0.3261727355735405,0.5209377522822669,-0.5638588047198597,-0.6554404154893659,0.7588212767062119,0.078811074741195,-0.001187168302173,1.3099114906951883,0.3106011829629382,0.0780700159522977,-1.131365855043476
2017-08-02,ALL,93.14,94.31,92.54,94.16,3392962,-0.0726424265150276,-0.0642208037625938,1.1774514678050332,1.7158962639927209,0.4373683828171302,0.7019351358675826,-0.326952800957152,-0.6507287594450316,0.7172549489823355,2.4302244476246857,-0.0013670059993942,1.280363210362365,2.1700958018657146,0.8010704028031131,-0.0246998468533299
2017-08-03,ALL,93.9,94.0,93.09,93.93,2053841,-0.1850706885983487,-0.1762049079891686,1.0306347105584754,1.5268171799511778,0.5088777734513581,0.7445813014069763,-0.1782938857786183,-0.6457175749758735,0.6949770966188918,0.6119848238032584,-0.0013214766572115,1.167094802419885,-0.0731123328913561,-0.0021786003240948,-0.7839121887709942
2017-08-04,ALL,94.09,94.49,93.97,94.22,1486353,0.1592197652586087,0.166087807285748,1.0386255545673917,1.892750073670617,0.5687107305820839,0.748643295005787,-0.0401399414873138,-0.6479590523388082,0.6607924087045799,-0.144378064701635,-0.0011840398230756,1.3099114906951883,-0.1855699244722374,0.0780700159522977,-1.131365855043476
2017-08-07,ALL,94.22,94.59,94.09,94.24,1667206,-0.019780581897258,-0.0116377153430579,0.9628245159163434,1.8514158419779532,0.6082087017724367,0.6995509861332744,0.0579962810520186,-0.6622280931773372,0.7234684853333323,0.0719234011076238,-0.0011782635942012,1.2730300604987403,0.1588103454668979,-0.0102792370867232,-1.1491504087618445
2017-08-08,ALL,93.98,94.33,93.84,94.21,1609649,-0.0528150278241704,-0.0444927268266419,0.8598210522436323,1.7858989369817544,0.6293792279262613,0.613102611011156,0.0924744135467897,-0.7283200345334087,0.8796536561547041,0.0215450934824515,-0.0013035171344333,1.2537786048533384,-0.0202366980458091,0.158583540514921,-1.1578558899861315
2017-08-09,ALL,94.11,94.7,93.96,94.7,1548661,0.2908171230060902,0.2964233204754874,0.9038395323743316,1.8652479285893635,0.6561810944809873,0.5584388841640227,0.1322858070462486,-0.7273490325038369,0.9148651349720822,-0.0924425812246147,-0.0011828938572847,1.442878752192886,-0.0532797617676003,0.4473371867362812,-0.9400859275124708
2017-08-10,ALL,94.21,94.69,94.14,94.16,1459073,-0.3880049157996676,-0.3788515865343917,0.6658971583422819,1.5774408484115032,0.6470151981900389,0.4221275002927493,0.1352171272064575,-0.6954970009284231,0.754162049406464,-0.2160198360799683,-0.0012978745640577,1.178120930626667,0.2904420334113552,-0.0664140910098175,-1.1045198136788796
2017-08-11,ALL,94.09,94.448,93.91,93.95,1111370,-0.1718468063769034,-0.1630227527567893,0.5335257468998523,1.36214080261856,0.622613239372122,0.2738610305342677,0.1276592767426383,-0.6870775289022759,0.6406543544967682,-0.6532299731183522,-0.0012855805232962,1.0713234387678687,-0.3885570917333891,-0.1387328535697196,-1.1140766146520795
2017-08-14,ALL,94.78,94.83,94.36,94.42,1166563,0.2784598124494425,0.2841961653954326,0.5809334098058805,1.3673927852248595,0.61300913017529,0.1933372649128674,0.0909967980190675,-0.7194793403539356,0.8167160511206584,-0.5716720295988107,-0.0011970019200175,1.2436222565274753,-0.1723425924970188,-0.3132826054839409,-1.1764731899550869
2017-08-15,ALL,94.79,94.81,94.11,94.38,1458540,-0.0593709795052439,-0.0510151420899614,0.4892148985537474,1.8489414676607976,0.5952655883576629,0.1079674929670214,0.0474169765998067,-0.7149698512531909,0.741344183847802,-0.1600014341782232,-0.0012989296693309,1.2076772283172363,0.2780814991660807,-0.353104523381167,-0.9731992800542684
2017-08-16,ALL,94.66,95.25,94.3,94.38,2062253,-0.0329960430517004,-0.0247793014886723,0.4147444612683308,1.8121823212356465,0.5729034891272718,0.0277835881365791,-0.0003427024755384,-0.7121359334817249,0.6766911066354355,0.5491679148230143,-0.0012427088046935,1.01632448411398,-0.0598374237194303,-0.249795315326726,-0.7524404882579944
2017-08-17,ALL,94.39,94.5,93.17,93.33,1989740,-0.7256315524128696,-0.7174764420422636,0.0581045620377306,0.9772096792523132,0.5063252107794107,-0.150175219611631,-0.0907338210434664,-0.6431724429937711,0.5090722379174718,0.4068729948707248,-0.0013209911164569,0.4859929123293789,-0.0334556067571959,-0.8747633383331271,-0.4036742391498842
2017-08-18,ALL,93.11,93.335,92.55,92.92,2595339,-0.3064964756501864,-0.2973789255621457,-0.1112177071779491,0.6122983587034073,0.4307639189875699,-0.3156643877758825,-0.2069094009547,-0.6300465729062186,0.4518750712489974,1.0863197393234207,-0.0013477809528484,0.2006425080483783,-0.7262718060187999,-0.180487307813991,-0.887249700172955
2017-08-21,ALL,92.96,92.96,92.28,92.72,2166878,-0.1669995675858785,-0.158191511891594,-0.2092602830158011,-1.2829549514444163,0.357196249035618,-0.442924174010843,-0.3031540694956863,-0.6331199139114901,0.3151488838518416,0.4978673102449755,-0.0013338867250038,0.0863982215913522,-0.3070273882329301,-0.2213727948144987,-0.9801096588000662
2017-08-22,ALL,93.11,93.82,92.93,93.77,1653433,0.6720399726246064,0.6724494939195577,0.0364290162684346,-0.4174404786657801,0.3346628281499428,-0.4133707244371772,-0.3861656102530324,-0.6034395317326849,0.4121053170567997,-0.1264749778296876,-0.0011707722604097,0.6493644497066117,-0.1674940891922883,0.5092239733201419,-0.8003100911731417
2017-08-23,ALL,93.38,93.85,93.16,93.18,1661698,-0.4247230572797095,-0.4155886642897241,-0.1827775367045656,-0.5989739591668277,0.2885625980406204,-0.4503885260263589,-0.5593917165636275,-0.6224651066249611,0.4534979628075648,-0.1310431263415276,-0.0013131783381512,0.3330310453370897,0.6717643337767796,-0.18813232545401,-0.9741829573493344
2017-08-24,ALL,93.29,93.49,91.4,91.54,3161378,-1.1287588837650384,-1.1242364700923704,-0.6691838348823432,-1.3605603658824892,0.1836712123908252,-0.6313301895917588,-0.6999259211731679,-0.4941270395941603,0.1371281138923165,1.4839308709421222,-0.0013802699145269,-0.7094272694321792,-0.4252848119850049,-1.443570533391017,0.3114770148121797
2017-08-25,ALL,91.81,92.28,91.46,92.02,2583119,0.2934607845571814,0.2990388237020859,-0.5554234235536494,-1.0974673346022763,0.1163968461200599,-0.679257960124971,-0.8071487873911593,-0.5104220630546072,0.0791921692691984,0.7368649914740574,-0.0011244477059598,-0.8513747448026808,-1.1295043024056517,0.146495505388712,-0.8486646442613789
2017-08-28,ALL,90.37,90.98,89.81,90.65,3103970,-0.9598979271318088,-0.953528510890866,-0.9349264514413896,-1.417236642747961,0.0073829664143263,-0.8250369656034843,-0.775865713345164,-0.4423153104909897,-0.2239636786295651,1.1386767676905911,-0.0013790076563237,-1.3680100478503971,0.2930863846223556,0.2077710871329172,-0.5156614026288189
2017-08-29,ALL,90.0,91.1,89.8421,90.82,1826476,0.0837592396262688,0.0912268942554216,-0.8408549747580631,-1.5797535929289246,-0.0731735025804423,-0.8684112846996481,-0.678193954681103,-0.9582197850633958,-0.6974522029749994,-0.1873265089482187,-0.0011583638469162,-1.2641293748053266,-0.9605992945087648,0.6620441583852352,-0.4370135399446109
2017-08-30,ALL,90.83,91.14,90.0,90.07,2437331,-0.5471287024211567,-0.5382151273438363,-0.9960831364114724,-1.6185063526300048,-0.1663108196223763,-0.9354936262755236,-0.5516650135878179,-0.9396884856705722,-0.805412246335775,0.4947301883216284,-0.0013519426997714,-1.7224264617689058,0.0833301342211595,-0.6584794565240637,-0.5364934391069365
2017-08-31,ALL,90.27,90.63,90.04,90.5,2850286,0.2642278508573655,0.2701111118786384,-0.8279671118304349,-1.3641485551924697,-0.2223331152214727,-0.8936260732631744,-0.478916308245796,-0.9173518279119672,-0.7037791412162029,0.865186828622091,-0.0011097336627547,-1.4596694652431164,-0.5477223894538226,0.166182735585066,-1.0479967494974578
2017-09-01,ALL,90.57,91.12,89.65,89.78,2514644,-0.5283086065763037,-0.5193452733841898,-0.9705230693322932,-1.7250965504401556,-0.2933814628957363,-0.8988088302270704,-0.3894824404284155,-0.9139045947586464,-0.8595622804434124,0.4576156457440813,-0.0013546610669658,-1.804134285273267,0.2638458248395448,-0.6853196454418861,-0.2267542507703376
2017-09-05,ALL,89.0,89.03,86.34,86.49,4636871,-2.3144500792548985,-2.336337902689125,-1.7985211313220069,-2.1023382378432363,-0.47538402329988,-1.1885492693308155,-0.0671132412236823,-0.4830173132376819,-1.3752524035237648,2.254803059027077,-0.0014578202582979,-1.8253401331041144,-0.5288973839541823,-2.1570466716723526,1.0007319581863647
2017-09-06,ALL,86.73,88.316,86.63,87.5,4770547,0.6940315656147836,0.6940717952740406,-1.4210672234433654,-1.7293630622811391,-0.5749417459991624,-1.2081300276176592,0.0823151425388036,-0.4085582143218246,-1.2135097197804268,2.07974257803085,-0.0010028007241459,-1.4485249419911026,-2.3155048127099622,0.6444418323295562,0.0145353989970248
2017-09-07,ALL,87.06,87.25,85.59,86.45,3146810,-0.7800924930346418,-0.772272278208245,-1.6094775248786848,-1.7293630622811391,-0.688920068544867,-1.2609130100067474,0.2405182596979554,-0.4157131425751765,-1.4469282013106408,0.5861743466775451,-0.0013883685967556,-1.585361157692616,0.693761663779706,-0.555682378420491,0.008974842893287
2017-09-08,ALL,86.15,90.41,86.15,89.61,4305343,2.242717068521545,2.1980699087766284,-0.640726044081923,-0.8019776565332896,-0.6490986523871681,-0.9072615160987844,0.2230532712405682,0.0228475031757094,-0.877160470405831,1.354533769524081,-0.0010323839243766,-0.4979477355064591,-0.7807469540293149,3.008032568764972,2.370645299169241
2017-09-11,ALL,91.44,93.54,90.72,91.23,3580975,1.0925258936484197,1.0845720316854508,-0.1366516069946358,-0.4423178374612536,-0.5491496560486853,-0.4695729646602353,0.1783450022920742,0.1173448896801441,-0.5926756159170865,0.652622272120905,-0.0010800945108767,0.0595237024497371,2.2428511769134096,-0.1998278684803436,0.9848157784897832
2017-09-12,ALL,91.16,91.985,90.64,91.87,2421513,0.4037587963551918,0.4080636742861346,0.0842900448120908,-0.5198527957661857,-0.4413601672573249,-0.09924083090675,0.1091057158226044,0.1241671933735172,-0.5641164463424847,-0.2622403220977236,-0.0011388328755961,0.2797593322595921,1.0923599482225692,0.5621188096536774,-0.3711926740386667
2017-09-13,ALL,91.31,91.47,90.43,90.94,2006635,-0.6632341498730606,-0.654754891928935,-0.1339662532859284,-0.5713757436149599,-0.3897404120262098,0.0524449488523188,0.0282938922331963,0.1410094817512849,-0.702778182422038,-0.5821379543458114,-0.0013256820640513,-0.0402705673078552,0.4034131701931521,-0.3324622140828775,-0.6382285216485415
2017-09-14,ALL,90.79,90.87,90.15,90.5,1976046,-0.3342225275400941,-0.3250807772098132,-0.2051055945699825,-0.3797923553793976,-0.3636520468044728,0.1080762142884906,-0.0667439215302117,0.1422373704117772,-0.7712469447453029,-0.6021850524752935,-0.0013269353637208,-0.0494586383536886,-0.6638581256816504,-0.2676428830116277,-0.928280598334346
2017-09-15,ALL,90.47,91.4,90.45,90.88,2915044,0.2284189210307189,0.2346576366853345,-0.0597703053943657,-0.3994490588280472,-0.3259603613728631,0.182447973110947,-0.1229603714243491,0.1291351317890722,-0.5530126437012375,0.0481061812009731,-0.0011145697312698,0.247622194541044,-0.3347606731010604,0.3160757550566711,-0.7201331386663301
2017-09-18,ALL,91.06,91.24,90.335,90.48,1913990,-0.3070190954221983,-0.2979009745824912,-0.140265631385709,-0.2224061969366079,-0.3099548544015755,0.1861255301312617,-0.1689642392968031,0.1291474313060625,-0.553133222041226,-0.6535960343187673,-0.0013231305044118,0.0866448803791833,0.2280275534300922,-0.5075381123862523,-0.7577310868889755
2017-09-19,ALL,90.55,91.91,90.45,91.14,2478178,0.4211408352535722,0.4252275765378072,0.0740979024202053,-0.1280836117388474,-0.2698807807292613,0.2510196521048405,-0.2096247605922919,0.1445803031023371,-0.4177438634205707,-0.2536977462053235,-0.0011354737132403,0.3522574487462579,-0.3075501443423276,0.4659590233549839,-0.2562607606427983
2017-09-20,ALL,90.88,91.41,90.42,91.38,1704756,0.1309487561545619,0.1380520425686359,0.178782183544081,0.0688440855721018,-0.2277472484910311,0.3082359605795848,-0.310125211853835,0.1127261022790697,-0.5418061951947281,-0.8136385802080154,-0.0011716853316895,0.4488438372433744,0.4207997435960959,0.3893512812342563,-0.6884189891374641
2017-09-21,ALL,91.4,92.32,90.54,90.67,1450294,-0.5167255968270387,-0.5077344977540911,0.009175960748103,-0.1561460743601403,-0.2214421111902701,0.2617873355623681,-0.3965672495119968,0.1167154542990256,-0.5630901638257142,-0.9933562086045212,-0.0013016231902465,0.2428283103740219,0.1305319612200073,-0.6297389049808931,0.0447931114139361
2017-09-22,ALL,90.44,90.86,90.12,90.53,1155245,-0.1291262432259704,-0.1204561594337771,-0.0168004217973837,-0.0383568903941119,-0.2211024411179138,0.2092734255959043,-0.4149303331698368,0.0506681827214996,-0.3295199365331028,-1.1759199708958368,-0.0012906554209281,0.1842892644316384,-0.5173113525104617,0.0488676670184959,-0.9100885527956764
2017-09-25,ALL,90.28,91.21,90.05,91.04,1311717,0.3177340919784042,0.3230484268760899,0.1460394249013353,0.9385242762858932,-0.2001508043935152,0.2203171449580145,-0.4455174927701079,0.0517687314756796,-0.3238866272609421,-1.0344390685890967,-0.0011873109974595,0.3975386460788945,-0.1296108847047875,0.609697590948212,-0.5294236715614549
2017-09-26,ALL,90.9,91.5456,90.47,90.73,1652646,-0.2449906786465975,-0.2359710196587771,0.0545932190291538,0.6614913250329288,-0.1951928053463766,0.1879847723907546,-0.4445127959137448,0.0015454970202881,-0.1545158469939827,-0.7358189780291222,-0.0013111391367296,0.2679164729207588,0.3173660242940072,-0.1676125187014625,-0.6033218247230319
2017-09-27,ALL,91.69,91.72,90.7,90.89,1414448,0.0767943900990999,0.0843128230090921,0.1001562745510477,1.0811111479124695,-0.1845355828705081,0.176788577332559,-0.4433709396494895,0.0014527924855219,-0.1561572132420079,-0.9152908602121234,-0.0011826608189715,0.3348182397120528,-0.245505546027808,-0.6855097903395556,-0.6560430492402072
2017-09-28,ALL,90.84,91.41,90.52,91.29,1123044,0.2409968604517816,0.2471130352710711,0.1986510126961887,0.4675029817014284,-0.1601968946897974,0.2030474784890981,-0.4294995644644084,-0.0134395365619289,0.0314526651686149,-1.1239921901219472,-0.0011960416041392,0.5020726566902937,0.0763634677528281,0.347949227681419,-0.7788212726972988
2017-09-29,ALL,91.3,91.97,90.91,91.91,1407730,0.3898321226742003,0.3943083399146349,0.3581730459574985,0.1173631448017562,-0.1168569040881933,0.2729636247455985,-0.399170242275028,-0.0084729491178718,0.0613411146060235,-0.8559681602780755,-0.0011851790820918,0.7613170030065596,0.2406087740958946,0.4784653653325514,-0.630151982997609
2017-10-02,ALL,91.65,92.63,91.41,92.38,1416253,0.2853727701822439,0.291036608783099,0.4562005680262946,0.0469064347643931,-0.064959826207501,0.3509223371002066,-0.3580914659991123,-0.0254765259941279,0.2578408131261243,-0.8207096075015713,-0.0011860061782141,0.9578409429559896,0.3894828634190738,0.575459806670142,-0.4906977001116175
2017-10-03,ALL,92.21,92.34,91.52,92.1,1554385,-0.2216976072387767,-0.2127309116632494,0.2921867664115278,0.408532176158182,-0.0361302473344052,0.35391396163646,-0.5219949815536225,-0.4460041986220802,0.7851365639637378,-0.6066664774597409,-0.0013036957903229,0.8407628510712222,0.2849962603028768,-0.116444480229412,-0.8493097337318002
2017-10-04,ALL,92.12,92.93,92.11,92.86,1361149,0.4807510633426519,0.4840536119339776,0.4329572853751379,0.9622545361629806,0.0147613811061447,0.4130945970623946,-0.6128896159634811,-0.4612437626564897,0.7321791122106139,-0.678870163452398,-0.001188103567531,1.1585462433298774,-0.2222063980866639,0.5805909721452663,-0.8553826474098915
2017-10-05,ALL,92.73,93.69,92.66,93.19,1782029,0.1882526364069573,0.19486588831991,0.4289032554231354,0.9472698702292394,0.0656280622188783,0.4603748914108017,-0.8999535862733804,-0.5411231706907595,0.9775472695307912,-0.1940247872707931,-0.0011725985740924,1.2224423107179194,0.4804255223839669,0.3484685367526036,-0.6701833793105004
2017-10-06,ALL,93.32,93.81,93.12,93.29,930648,0.0338115945688412,0.0416263064345754,0.4036957972508485,1.2660893339149406,0.1069468797671763,0.4736230904374678,-0.8898131819751539,-1.015171123271028,0.4356533061457724,-0.9862694928575312,-0.0012069965666501,0.9831515182912688,0.1878507905073243,-0.0506045229378926,-0.9749106398809112
2017-10-09,ALL,93.26,93.51,92.86,93.2,620319,-0.0930584653356777,-0.0845411427986838,0.3491017376216893,0.9964778792977064,0.1329219523856937,0.4447271143462111,-0.8381507882683873,-1.1721366819728871,0.1496610811007953,-1.2750004638626884,-0.00126621021222,0.9035833431929085,0.0333694591719247,-0.0749237469689912,-1.010084000074133
2017-10-10,ALL,93.2,93.67,92.87,93.33,1716122,0.053844567193097,0.061524854188843,0.3650532428243905,0.957814534002292,0.1551391295268828,0.4119375752052873,-0.7876193169119032,-1.1965512285705715,0.065922008562704,0.1309224834545091,-0.0011771365284826,1.0185151516683095,-0.093533697705219,0.0790668404636511,-0.8769481629882284
2017-10-11,ALL,93.12,93.4,92.8,93.09,1289821,-0.1930938572556947,-0.1842041282677008,0.2650751856392442,1.3815614223385242,0.1597632600389154,0.3404217447266284,-0.7653252271453597,-1.2762686270960697,0.1797418919897023,-0.3718142877588317,-0.001290854750104,0.8063333514060276,0.053407657857767,-0.0506566878263992,-1.0541607705680114
2017-10-12,ALL,93.27,93.52,92.43,92.54,1294566,-0.4008327669126723,-0.3916835760294799,0.0783363056025222,1.0074292567114231,0.1384897565916514,0.2165490163502764,-0.7846213173281454,-1.2656547640811395,0.1635789731314909,-0.3281472181953125,-0.0012918849831769,0.3200833924716231,-0.1935951861576282,-0.6176406976021299,-0.6096777289832104
2017-10-13,ALL,92.71,93.06,92.27,92.34,1655545,-0.1675498305999574,-0.1587399398386303,0.0002300684289999,0.6365111789134626,0.1107860138315646,0.1008995083520845,-0.7985844815955218,-1.266157830898977,0.0684645368273705,0.2449217917341514,-0.001306731797023,0.1432652255863817,-0.4013882892863453,-0.3278391536954257,-0.8783145980546557
2017-10-16,ALL,92.34,92.85,92.11,92.46,1831378,0.0479110882005062,0.055631856427076,0.0060903469295734,0.956466516788038,0.0908103291129437,0.0282717903167187,-0.8337258172253973,-1.288052959202859,0.1539130596407312,0.4952254894106257,-0.0011702136352322,0.2493561257175166,-0.1680444957551284,0.0718664058191699,-0.9243085853987062
2017-10-17,ALL,92.46,92.68,91.12,91.41,3196813,-0.7400146389148518,-0.7319432623941142,-0.2972144126595136,0.0979249257166276,0.031595687889843,-0.1308307826705661,-0.8411014522169545,-1.2150393857798891,-0.1239684093359567,2.281933932022158,-0.0013660333259315,-0.6789392504299846,0.047472630980735,-0.8843024303537683,-0.1690315859238992
2017-10-18,ALL,91.48,91.55,90.62,91.25,1955289,-0.1419697439572085,-0.1332502945527462,-0.3410047690670227,-0.212100375883032,-0.0230595661579295,-0.2463770569591953,-0.8377110312377104,-1.2174316718817726,-0.1883704870009445,0.5798029029293718,-0.0013216463649862,-0.8203937839381726,-0.740658644679649,-0.2162696617740159,-0.7419321278410579
2017-10-19,ALL,91.07,92.74,90.73,92.73,3192085,0.9767781541855214,0.971399841975011,0.0515204297627276,0.2163871050198481,-0.0097121002522342,-0.1637762458705325,-0.8669372435711863,-1.103666989361676,0.1661978270355722,2.005415264662316,-0.0011100674577976,0.4880606510125981,-0.14245773595854,1.350821511804688,0.2151586516991583
2017-10-20,ALL,93.45,93.59,92.52,92.97,2142005,0.128137667717836,0.1352636513154182,0.0848648662237786,0.1143911199759993,0.0085168967787919,-0.0851306199166807,-0.9093602264606891,-1.107231396473935,0.2283606822848177,0.591596858697108,-0.0011577615895565,0.7002424512748802,0.9765820133001016,-0.4143835051298882,-0.6321465364895062
2017-10-23,ALL,92.96,93.1,92.55,92.97,1518450,-0.0329960430517004,-0.0247793014886723,0.0572250544396451,0.2813528701876574,0.0210250053822835,-0.0369395874831799,-0.9331769721265516,-1.118184495087801,0.1438701567282203,-0.1873992345721105,-0.0012427088046935,0.6068570481654301,0.127720139446219,-0.0181892073562638,-1.0982888051895614
2017-10-24,ALL,93.3,93.93,92.99,93.64,1460028,0.4156743358237129,0.4198301920417578,0.2057771852335609,0.2397771578676221,0.0549761732073445,0.0568073037659257,-0.9633180979661738,-1.1108613981736215,0.3035674578521085,-0.2483753965192179,-0.0011865269403142,1.1601770965159532,-0.0334556067571959,0.2490061389048889,-0.7547112578891073
2017-10-25,ALL,93.73,93.845,92.77,93.3,1064311,-0.2590504295266806,-0.2500030245637711,0.0748529596827477,-0.1286365445471502,0.066044346125147,0.07290438179588,-1.015051555918805,-1.0954617535014866,0.2219452566816771,-0.721013686556355,-0.001282850861345,0.8287337760671392,0.4153318181041529,-0.3729213478139768,-0.6310728412440815
2017-10-26,ALL,93.55,94.23,93.3201,93.96,1254343,0.4074145116006154,0.4116739071086224,0.2235617708586607,0.1439081895777259,0.0979652469575418,0.1394566069003162,-1.0228485177540476,-1.0818697161453643,0.2620672195714862,-0.4910272814628311,-0.0011947050797896,1.1942557563176763,-0.2595689647172257,0.3048029779085503,-0.7842586812907512
2017-10-27,ALL,93.72,93.96,92.93,93.73,1215084,-0.1853943894190125,-0.1765276225886347,0.1324773177315598,0.0682734022513723,0.1112326355415181,0.1446845675694722,-1.0207474622684665,-1.09204743849027,0.1233458130265442,-0.5307079425882564,-0.0012884194366922,0.9824657968684408,0.4070698391159642,-0.0182551141110518,-0.6754902808318788
2017-10-30,ALL,93.27,94.43,93.27,94.07,1731606,0.1928412849064308,0.1994130433858748,0.2044127152892399,0.1581970111180125,0.1319113196730387,0.1679434832615748,-0.993295182361247,-1.0980273201758357,0.1011988316899797,0.091917721334423,-0.0011764760739028,1.1287828588912217,-0.1858937097377041,0.6217099113344863,-0.5636275376540627
2017-10-31,ALL,93.94,94.65,93.67,93.86,2507470,-0.171979649671253,-0.1631551629197922,0.1200165036077706,0.174006277200984,0.1367619965538267,0.1458095976249261,-0.9925832265761916,-1.1014158957406648,0.1131780682271862,0.96160719755654,-0.0013363822610544,0.7912401877810771,0.1924406360612792,-0.0906570108592543,-0.7211551148832084
2017-11-01,ALL,94.07,94.54,93.52,94.25,1981028,0.2256938634520923,0.2319587977787174,0.2102080957641812,0.638325470047866,0.1525008146654956,0.1561283772087327,-0.9611865100877536,-1.1279019491630902,0.0523626349359915,0.2876650519730357,-0.0011661168536635,1.1129351752755123,-0.1724754704465965,0.1182494247899771,-0.6893856874232673
2017-11-02,ALL,95.89,98.21,95.4,97.85,3935302,2.345029792437767,2.296155605158789,1.156399742030345,1.521726573717873,0.3014827659091633,0.5073489318282707,-0.6109692456606903,-0.5379055504313796,0.5669293251606846,2.314730647890152,-0.0010946455157768,1.285210062669922,0.2253017849575309,1.51796855619015,0.802010942076004
2017-11-03,ALL,97.62,97.9599,97.07,97.84,3027137,-0.0393586426938581,-0.0311073287712575,1.0866576823795415,1.5009532070239475,0.4127049340399084,0.6911323438113769,-0.389604743579732,-0.5363035166264327,0.5488249080258913,1.1266300209712168,-0.0013508343807249,1.2808303768498437,2.345190591456445,0.1439497135922713,-0.8333002820558314
2017-11-06,ALL,97.81,99.435,97.45,99.09,1632467,0.7624102005421604,0.7612539901697113,1.350123403852454,2.1730566878540865,0.5420987253780561,0.884932518716214,-0.1275043786217243,-0.5069652412998001,0.7606751604054264,-0.3779601464098132,-0.0011820352585948,1.3127774895249726,-0.0398198662297844,0.9623991735641916,0.0781846837182079
2017-11-07,ALL,99.42,100.31,98.55,99.18,1631537,0.0235507666654539,0.0314318534321218,1.2890919188112702,2.2678984921466405,0.6391226956940621,0.9566532965631056,0.0724717399656269,-0.5063234454757177,0.7530878706266977,-0.3753447699166432,-0.0011833671562592,1.0552290992197175,0.762158136846436,-0.2086986514230184,-0.1123975815069465
2017-11-08,ALL,99.23,99.73,98.97,99.09,1921056,-0.0894915398743706,-0.0809904564094626,1.176216904738419,2.118787035717005,0.7026767248578955,0.927878866487086,0.2159875510116882,-0.5118066855412091,0.7791263063838393,-0.1100946009458678,-0.0013111179916,1.0243543480979596,0.0231059544956212,-0.1329098182381089,-0.9521165815122694
2017-11-09,ALL,98.74,99.36,98.21,98.95,1768750,-0.1209577470561527,-0.1123204350875151,1.0442718666289796,2.007956921930909,0.7373382465489129,0.830490505564642,0.3041916536117007,-0.5331320359040638,0.8498213257632709,-0.284224871918475,-0.0013072861386269,0.9763269574641152,-0.0899658417293804,0.1343668083078424,-0.6227338218865746
2017-11-10,ALL,98.88,99.28,98.1,99.12,1390199,0.0739657191995225,0.0815045544850526,0.9934742930682148,2.023513491018337,0.7610293965386749,0.7243422689183829,0.3643003014716108,-0.5430986546640133,0.9108726900353232,-0.6518083517036763,-0.0011907432541571,1.034645931805212,-0.1214402575949015,0.1570615684669388,-0.5991708128108638
2017-11-13,ALL,98.9,99.97,98.76,99.44,1851414,0.1679984282915733,0.1747908403238017,0.9814272617882932,1.9907499185180288,0.7816916113448958,0.6316272525808954,0.4134539776118121,-0.5449455339013426,0.9412415841181518,-0.1907768808608236,-0.0011747750846942,1.1444228246825678,0.0735340589293986,0.3862007796474574,-0.5772205233358091
2017-11-14,ALL,98.89,100.05,98.51,99.94,2148336,0.2800471865268283,0.2857669553549662,0.9966500753096266,2.256528018640538,0.8067485459441378,0.5687671726047309,0.407589887895881,-0.630296619908,1.2030106051656355,0.1638091878523842,-0.001165763631796,1.3159492198034397,0.1675912986159883,0.7758815927240592,-0.3071041354113289
2017-11-15,ALL,99.48,101.12,99.3,100.38,2548888,0.2411037818369771,0.2472189042330583,0.9868617934030982,2.2423640483057508,0.8326286599659751,0.5205979582868425,0.3699635884717399,-0.6456250662240743,1.3019827445605356,0.5365392648295372,-0.0011538801781485,1.2061228005367288,0.2796692873464977,0.6572038215260058,-0.0802622959316954
2017-11-16,ALL,100.51,100.7,99.17,99.57,2138877,-0.5353770987784283,-0.5264317795212392,0.6701523067043779,1.8692655794148496,0.810224868428407,0.3577806451114795,0.3366113760451049,-0.6431192523407027,0.9158401936652,0.1800819233108368,-0.0013149367652509,0.8437530099794097,0.2407157233739922,-0.732899757011624,-0.3107020793600052
2017-11-17,ALL,99.05,100.43,99.05,100.17,2879997,0.3421653760418721,0.3472048927274525,0.7321439439639186,1.8960543848973,0.8051061779736399,0.2720183472019538,0.3071679260307913,-0.6415346148599318,0.9699131388323732,0.8949972808547612,-0.0011428551526779,1.0743872165370665,-0.5359677201350446,0.8279792530800498,-0.4431719001893255
2017-11-20,ALL,100.26,100.97,99.9999,100.32,1981361,0.0602325246311011,0.0678686028137464,0.6703135261357925,2.034583579890615,0.7960800683008007,0.1933508790717343,0.2517163291735577,-0.6449738460302338,0.993608765677064,-0.0454804647418062,-0.0011763979957226,1.1243942935157567,0.3418036818197439,0.0188969651001931,-0.7854131375895244
2017-11-21,ALL,100.39,100.72,99.57,99.7,1530203,-0.4177646161090998,-0.4086249603228543,0.41989120718973,1.6378492101835385,0.7541369593004686,0.0456891149520706,0.1820359285977692,-0.6151644693433856,0.7829768102309915,-0.5032960604182354,-0.0012927255066675,0.8775688380409887,0.059797281741366,-0.5455986682041757,-0.6300201063038056
2017-11-22,ALL,99.6,99.74,99.18,99.3,900137,-0.2827775375294495,-0.2736905227150382,0.2307536964489125,0.5752829101291631,0.6954417319370556,-0.115559960628958,0.0580336581114407,-0.613213348617374,0.7769956881225288,-1.1340569725902652,-0.0012726709522773,0.7041717438723286,-0.4183245555449998,-0.2538821688078183,-1.1213250946246291
2017-11-24,ALL,99.8,99.8,98.98,99.08,623413,-0.1709292580535886,-0.1621082038028527,0.102682408305152,0.4409305946253106,0.6312938009886251,-0.258594386255422,-0.0591788167406458,-0.6098059542804984,0.6328118277871622,-1.4037570464727636,-0.0012636863342597,0.6148774901192953,-0.2833022624817446,-0.5713795299682082,-0.9015832385783727
2017-11-27,ALL,99.23,99.93,99.14,99.41,1459582,0.1743631855971717,0.1810999990328621,0.1142935259499133,0.0042158473367964,0.5850037626953786,-0.3270560184789008,-0.21997805269108,-0.6199717577120787,0.722521996880254,-0.5539698069409448,-0.0011932205481368,0.7187576784315252,-0.1714248048101239,0.1107319357813398,-0.9290235382431308
2017-11-28,ALL,99.39,100.94,99.26,100.89,1858601,0.8938915487187113,0.8902302881401397,0.4158316342640529,0.6145747497430089,0.5979756759432006,-0.2292860811626682,-0.3659289254406861,-0.5713317852718406,0.8972861810948474,-0.152632593535092,-0.0011807955238064,1.3422785214544932,0.1739577163148936,1.1139156429345674,-0.2035486641311102
2017-11-29,ALL,100.62,102.23,100.58,101.96,2031693,0.6272884264049152,0.6284261030570754,0.5894490626057057,0.9773801972442436,0.6412781403797158,-0.0729998146787554,-0.5555200392350882,-0.5684761854780138,1.0999538099137829,0.0486033498656557,-0.0011765064192477,1.3398329410436889,0.8936737849561985,0.9798392046118016,-0.2426340434134386
2017-11-30,ALL,102.37,103.51,101.09,102.66,3340825,0.3944326176878601,0.398852573232221,0.6600354535175468,1.2106472090996891,0.6934547424719192,0.0748710760692508,-0.7695586368106936,-0.5660860405061305,1.143015161154432,1.2818696051121503,-0.0011363848457731,1.0944750152229543,0.6270011130871523,0.1877111691467283,0.3732667805998675
2017-12-01,ALL,103.1,103.12,100.75,103.1,2465635,0.2338414447660901,0.2400276386263754,0.7045913971161331,1.2623338406095777,0.7418735567058841,0.1834953074094224,-0.682931888545404,-1.098626634857017,0.6205085890841388,0.5027350018826525,-0.0011671337023498,1.2312460766724738,0.3940845585776507,-0.0263165508545973,0.3244650070583831
2017-12-04,ALL,103.91,104.1,103.01,103.62,2381010,0.2810115175618898,0.2867211920674319,0.7626906912462762,1.2984469728418429,0.7899090244588821,0.2694079652387133,-0.600805064996777,-1.1004032894875555,0.7001462740811586,0.4566132545708574,-0.0011716622763003,1.202937829189523,0.2334514917554759,-0.2371722692314207,-0.7146443333313569
2017-12-05,ALL,103.99,103.99,102.69,102.84,2700121,-0.5016436906958895,-0.4926197008931368,0.5082217739847231,0.8092079565195246,0.7865174634961724,0.2057658048844269,-0.5520778044570018,-1.106249814488878,0.3883264683290769,0.7152293087709046,-0.0013212661819574,0.7448006293299673,0.2806338699494854,-0.8618252818339215,-0.5378124540401982
2017-12-06,ALL,102.82,103.65,102.565,102.65,1318457,-0.1480196440311782,-0.1392778571563138,0.4123146917346924,0.6158640654862649,0.7658279298344426,0.1103273926516647,-0.5255883021421995,-1.0987787270697795,0.3463597797551808,-0.6860462578565264,-0.0012821854483793,0.6395348806442895,-0.5022255119172753,-0.1512319707853401,-0.7104195415004089
2017-12-07,ALL,102.33,102.6,101.77,102.11,1366004,-0.3605103172770547,-0.3513570732774653,0.2315306833701022,0.7418393542731447,0.718204134965313,-0.0353516618194481,-0.532261342091003,-1.0748254890810744,0.2801300696169105,-0.616875971004487,-0.0012841992540084,0.3403585422744619,-0.1485092142880672,-0.1887458749560664,-0.9138886504330572
2017-12-08,ALL,102.0,102.51,101.65,102.5,1308779,0.20479295532696,0.2112550719187862,0.2861655722179278,0.687781702452206,0.6862043539747757,-0.1116789626342294,-0.542980857538848,-1.077521728781236,0.3594280607985844,-0.6602141851713802,-0.001202353168471,0.5564303422082242,-0.3610553206124868,0.3440353371869225,-0.8920737623728214
2017-12-11,ALL,102.33,102.715,101.77,102.37,1085980,-0.1119574564645316,-0.1033574911345738,0.2095808661721363,0.5843938657249557,0.6465785700503236,-0.192370003559245,-0.5630021354415162,-1.0724306754533115,0.3140735540664517,-0.8866072575269864,-0.0012757145901841,0.4141070062580932,0.2043954243498777,0.0032160535274926,-0.8219860849358568
2017-12-12,ALL,102.34,103.86,101.845,103.54,1954073,0.6785591378932684,0.6788599742072899,0.4589174519945497,1.164383090835163,0.652008846680913,-0.1409493120533278,-0.5405761700076765,-1.0223326274533595,0.4380626020288416,0.0331285792921739,-0.0011826045874968,1.1098659326995477,-0.1124376190705093,0.8595750085802695,0.0305790490629913
2017-12-13,ALL,103.3,104.18,103.09,103.32,2297621,-0.1652808436088548,-0.1564785509529876,0.3573425761103068,1.2589993466371745,0.6385966568703058,-0.1483129431024236,-0.5257874183926898,-1.019159538025198,0.3292264460444918,0.388798438671091,-0.0013118819398583,0.8931102671543114,0.6782851997196164,-0.011688906099427,-0.7120988061427493
2017-12-14,ALL,103.19,103.79,102.45,102.65,1467842,-0.4367212184683386,-0.4275977396930947,0.1543916543188392,1.0298591674642796,0.5930664863838627,-0.2368749773026217,-0.5276007999107508,-0.9908854142316496,0.1646456584424687,-0.4445781820695931,-0.001288029881401,0.4648022613684598,-0.1657749168465916,-0.4216839700488335,-0.503386720602926
2017-12-15,ALL,104.52,104.66,103.46,104.11,783593,0.8525055131872115,0.8496617273079218,0.4716159237389765,1.229873607294596,0.605763712099863,-0.1578482891999141,-0.5172777382832942,-0.95940453154815,0.5021718884237741,-1.157883401672687,-0.0012181129377079,1.1209949765602516,-0.4372861031698892,-0.322683101905042,-0.6307146290527605
2017-12-18,ALL,104.73,105.14,103.75,104.16,2021968,-0.0030959193851057,0.0049496964861443,0.4319970758301155,0.9676421801571596,0.609076936989811,-0.1187811953020428,-0.4997421473942421,-0.9657712909836472,0.4175218780616954,0.2991444839572834,-0.001179799642358,0.9140316894179414,0.8522769529256188,-0.4375121733263675,-0.4791522945520421
2017-12-19,ALL,104.65,104.76,104.0,104.38,2069235,0.0985013479783239,0.105858976920076,0.4352657887244587,0.7642586193766965,0.6116144795932469,-0.0895241130361562,-0.4835982365801179,-0.9658883427268972,0.4268949705867934,0.3478977915800164,-0.0011797560226201,1.0327524586123158,-0.0035476829557608,-0.2212423224105236,-0.9845117405405662
2017-12-20,ALL,104.53,104.92,104.16,104.42,1417665,-0.0091378182965465,-0.0010564725039773,0.3837778600864069,0.5713722746365159,0.6065120920506512,-0.085783495900874,-0.5107262788053378,-1.000257863918537,0.5278140605836881,-0.40005349540177,-0.0012005355088401,1.0543380530112962,0.0980760883911872,-0.1058219212521068,-0.9847441910889452
2017-12-21,ALL,105.08,105.17,104.175,104.21,1534245,-0.1582037415261495,-0.149425678315819,0.2661680326887087,0.3072930481964671,0.5857553677921568,-0.1230849954159875,-0.5941667828772752,-1.011703903907296,0.5587159821607596,-0.2966426577726315,-0.0012876669860639,0.9273352504247404,-0.0095911580354718,-0.6518404668196648,-0.7955830393587149
2017-12-22,ALL,104.52,104.66,103.46,104.11,783593,-0.0927389060193369,-0.0842230300297849,0.17561633263735,0.0450022805269848,0.5572501783398405,-0.1728706110501287,-0.7371997788825483,-1.0171538719958146,0.5781159456974284,-1.155685227097348,-0.001266048625544,0.8585284321781184,-0.1586959685390632,-0.322683101905042,-0.6307146290527605
2017-12-26,ALL,104.06,104.72,103.98,104.34,666992,0.1045445258146294,0.1118560532196789,0.170713948677382,0.5974167560708219,0.5358384535027358,-0.1944406477491512,-0.9039677010099731,-1.0175137000725205,0.5608671718585869,-1.2707039660490675,-0.0012226735252111,0.9760309220613692,-0.0932140550244819,0.1769748180184729,-1.000253974538244
2017-12-27,ALL,104.43,104.84,104.13,104.6,776324,0.1221418690589942,0.1293158441163255,0.1891053853432205,0.820762168722272,0.5213955086719274,-0.1937591573370295,-0.9732643155119302,-1.1097219572218449,0.3725874641343203,-1.1150570607325156,-0.0012195565225494,1.0300718946019831,0.1041208427294,0.0966730448293915,-1.0256259052478869
2017-12-28,ALL,104.91,104.93,104.48,104.91,736136,0.1515163051754478,0.1584497062365311,0.2298595022602418,1.3219875857175951,0.5145223828454262,-0.173729381201767,-0.97625755048761,-1.1586137047355394,0.2574477372143988,-1.1280092720261343,-0.001220936677554,1.2473386617550886,0.1217227766454178,-0.0263165508545973,-1.2338423740115052
2017-12-29,ALL,105.05,105.36,104.69,104.71,947544,-0.1516845141194307,-0.1429294812055362,0.1529042488566204,1.0465995008079756,0.4938157151300551,-0.1933128589764064,-0.9691484071781532,-1.1729176947793578,0.125796248344776,-0.7710597161252835,-0.0012705154401404,0.9741763662194284,0.1511048757590258,-0.270843984977016,-1.0580570115630397
2018-01-02,ALL,104.07,104.52,101.68,101.92,4788853,-1.6918626710818132,-1.696925316493106,-0.5389701115727326,-0.3561897690812561,0.3617373005127682,-0.4956486004998768,-0.9248430210124192,-0.8059014749554151,-0.3355674291662336,3.9290192018653607,-0.0013846648426935,-1.6393812178346587,-0.1521750404419595,-1.5871538535836258,0.7309684869836514
2018-01-03,ALL,101.92,102.74,101.65,101.98,1993808,0.0036550779246956,0.0116600813537431,-0.5032910757264415,-0.862949898899177,0.2547923162647776,-0.6728241766104179,-0.8862610812738951,-0.8193239389436174,-0.3999218561988625,0.4727691984902328,-0.0011804202625539,-1.5856208695202227,-1.69275498829446,0.0181605597186794,-0.7005459367383576
2018-01-04,ALL,102.26,102.73,100.69,100.8,2017441,-0.753377335935822,-0.7453867825277022,-0.77731837240007,-1.1433550638063297,0.1205126670309172,-0.884923594616739,-0.7913230198285539,-0.7890967191860879,-0.4588087371245258,0.5580881655699894,-0.0013043521414155,-1.8030030059950743,0.0032050755069345,-1.1049944927115,0.0953363461802139
2018-01-05,ALL,101.24,101.93,100.22,101.87,1587969,0.6278779661098008,0.629006253828005,-0.4959417416341237,-0.4699446938105897,0.0538882720748091,-0.8804596691700337,-0.7683819632870037,-0.7369889960436637,-0.2790746956875967,-0.0133586195280135,-0.0011930858746346,-0.8142017080550294,-0.7540248276674253,0.4438298799148303,-0.1923559082257849
2018-01-08,ALL,101.84,101.85,101.08,101.39,1434930,-0.3263489241680041,-0.3172127860429354,-0.6088634863367842,-1.3020790569816527,-0.0192766737845314,-0.8937237942445224,-0.7393219788186285,-0.7390607344786525,-0.2710350307353476,-0.2130751036317887,-0.0012867616933804,-1.1246311123298174,0.627590806587027,-0.3601569212612327,-0.9583969665110472
2018-01-09,ALL,100.65,101.73,100.5,100.94,2223515,-0.3093163593980881,-0.3001957819221846,-0.7038046119007224,-1.4373381745124418,-0.0955649803312615,-0.9123745709460016,-0.6807759138655067,-0.7405055397216551,-0.3909990692115166,0.7136151717719176,-0.0013120725791054,-1.4156586788374308,-0.3268850157184698,0.1913686721611573,-0.5757774668571346
2018-01-10,ALL,100.81,101.24,100.31,100.43,2480812,-0.3475551784219616,-0.3384062051138283,-0.8094474109337352,-1.6640628675849864,-0.1757654099269918,-0.9373649296896182,-0.6036401431581057,-0.7333455032332056,-0.4457997597703141,0.906452722733846,-0.0013220829285566,-1.7454899208793844,-0.3098480076123533,-0.3111065355880392,-0.8195724389199062
2018-01-11,ALL,100.82,101.155,100.21,100.78,1571670,0.1839741165072121,0.1906257566045298,-0.6860262409935689,-1.496909340925338,-0.2246567935437829,-0.8767682713079025,-0.5509356738373783,-0.7897777052261471,-0.5589669697111299,-0.1536077867134209,-0.0011909423396761,-1.5133836636297548,-0.3480968021115075,-0.0562914705770552,-0.8098482885346333
2018-01-12,ALL,100.9,102.32,99.83,102.11,2404649,0.7886271944270604,0.7869929380083628,-0.3318441237162639,-0.8528816825975316,-0.2103321404310025,-0.6655739543003633,-0.5442190917332693,-0.7085559048744432,-0.3394739001309102,0.8392291331452855,-0.0011649565998017,-0.5107541586006227,0.1835711544572746,0.8797058479974174,0.4409818428685046
2018-01-16,ALL,102.21,102.73,101.6101,102.13,1860881,-0.0208017354425383,-0.012653061165419,-0.3201667605573205,-0.8203646020084878,-0.1976108419497127,-0.5007455079146551,-0.5384505573185309,-0.723229092171932,-0.241875447029357,0.1614692769814979,-0.0011841786356898,-0.4987318022265111,0.7883819700370758,-0.0854511053290859,-0.6774550232711181
2018-01-17,ALL,102.51,103.99,102.28,103.94,1765381,1.0703726818325396,1.0629277607264456,0.1436076323724787,-0.2979158270627112,-0.1166469364454586,-0.1932274550992023,-0.542113068500406,-0.6789463158862707,-0.1914584444599452,-0.0102836534037385,-0.001188329244106,0.5892914496307984,-0.0212581179824742,1.0276201653630557,-0.220216825456277
2018-01-18,ALL,103.85,104.325,102.98,104.0,2909853,0.0029427894469978,0.0109521121562115,0.160972219211467,-0.3554550613769827,-0.0512267498066767,0.0127777223725743,-0.5457752943538096,-0.6789037530623248,-0.1900369336120105,1.225543768787754,-0.0011547982683029,0.6253585187531413,1.0702009572319526,0.0828097637729513,-0.5135022099573007
2018-01-19,ALL,104.42,104.42,103.13,103.7,1548986,-0.2125865358360605,-0.203642929656652,0.0931966413992714,-0.5250096332075068,-0.0127367876655186,0.1082639300865651,-0.5612529190207506,-0.6780422149504575,-0.263154796737889,-0.2781052432512277,-0.0012880688996593,0.4450231731414345,0.0024926012124075,-0.5472635467896515,-0.5545861129775758
2018-01-22,ALL,103.7,104.43,103.24,104.43,1358108,0.4052717233317309,0.409557803779355,0.2793226224720773,-0.263048240975136,0.0442897109926076,0.2323656221530899,-0.5609421031520271,-0.6585373015563283,-0.1660704615383506,-0.4931346982394088,-0.0012022775092615,0.8838391807965943,-0.2130929498514545,0.5055330457427356,-0.6416387270759196
2018-01-23,ALL,104.22,104.47,100.3,101.25,4676556,-1.928816776992904,-1.939505326425764,-0.4948110835754454,-0.3602049817318656,-0.0369376287201904,-0.0242160241738148,-0.5559585988274022,-0.3593848957186173,-0.5846364024936761,2.861313078219755,-0.0013799322071766,-1.02771548268752,0.4049264918514842,-2.179346697914624,1.8410848175742915
2018-01-24,ALL,101.43,101.53,99.58,99.87,4988048,-0.8815500356249119,-0.8744832133754037,-0.7946402642827723,-0.6727984913448375,-0.1555249951355883,-0.3256454068293453,-0.5022792179159894,-0.3167398479034722,-0.7656036422281285,2.6733238057598245,-0.0013966856156823,-1.7145185904644271,-1.9297709091330648,-1.188307922739971,0.0359382958060437
2018-01-25,ALL,100.39,101.01,99.52,100.73,2466911,0.5031200303314728,0.5061138941019893,-0.5289514889241741,-0.2054516716080103,-0.2148796361657324,-0.414324897480704,-0.5088970923581665,-0.2894279643968001,-0.6756084789558175,0.1946169341011021,-0.0011620841852632,-1.192559692731553,-0.8822309641526832,0.2295615939263576,-0.3585443872297181
2018-01-26,ALL,100.94,101.62,99.89,100.53,2777106,-0.1566097380751854,-0.1478372430048892,-0.5288669597440384,-0.5276008751479927,-0.2683920264023604,-0.47023063703138,-0.5343135966842807,-0.2947976781647283,-0.7389325571664621,0.3677805488058639,-0.0013309090482234,-1.3064015262056126,0.5028003248322227,-0.3331942199232764,-0.1571282718321903
2018-01-29,ALL,100.25,100.59,98.0,98.04,2215698,-1.575048299805507,-1.5776863166961612,-1.0837638435710686,-0.9110446513622814,-0.4058146620750761,-0.7309387559418202,-0.4680162766557695,-0.1655930878719806,-1.1292212561755428,-0.1791160560216087,-0.0013153886699924,-1.8632365812417655,-0.1571015492556433,-1.6918471763372742,0.6103573046137072
2018-01-30,ALL,97.74,99.3,97.42,98.45,2100127,0.2273649868791059,0.2336138567299693,-0.899722176885552,-0.7272567250687189,-0.4945821865329734,-0.814267832382249,-0.4600484244088789,-0.1515460225736353,-1.045500061018488,-0.3178385973343665,-0.0011719673322485,-1.3990623650290763,-1.5759101433031475,0.5225044790608347,0.0001521320516299
2018-01-31,ALL,98.5,99.37,98.34,98.77,2146628,0.169366293154947,0.1761468105996637,-0.7772298822212723,-0.5529078506125847,-0.5477196558886425,-0.7892199450591465,-0.3986790672865181,-0.3102604421865256,-0.6213881642220203,-0.1794065321827965,-0.0011721982742871,-1.2447573844627495,0.2269733443355195,0.1807797130370433,-0.7222231088759071
2018-02-01,ALL,98.57,99.35,98.01,98.72,2422471,-0.0645127168891923,-0.0561310581424539,-0.748967325349406,-0.6509092577600455,-0.5867319240234077,-0.7328236104179625,-0.3473566808423274,-0.3112755003547945,-0.6369626472005158,0.0410132293265318,-0.0013203084392218,-1.268333140047447,0.1689595203183671,0.0886552232558919,-0.4600764176899519
2018-02-02,ALL,98.62,100.06,97.84,97.94,2300754,-0.5249051723962256,-0.5159334548665414,-0.9153835972368144,-1.1648868158666623,-0.6426350621234613,-0.7311833512258399,-0.2657025564430982,-0.3293084670276606,-0.5841786523165791,-0.0756368794743446,-0.0013185294654809,-1.636114927168745,-0.0649805024438144,-0.5472576774934146,0.2977582670495407
2018-02-05,ALL,97.27,98.69,95.02,95.02,4883538,-1.8891678778061305,-1.8988487935901743,-1.590137546821431,-1.5414100467013816,-0.794395980271717,-0.9766074195614112,-0.0239253849191145,-0.1638115346503075,-1.1550381964060323,1.8617810768555936,-0.0014081645842655,-1.881302785249608,-0.525493061910033,-1.7739418886880265,1.627587414426065
2018-02-06,ALL,93.65,96.97,92.72,96.6,4312430,1.0022354792357495,0.9963084566775596,-1.1181029423332305,-1.606202336294904,-0.8444475787314217,-0.9111486362383444,0.0755071375561296,-0.0650421301338644,-0.8613182771894565,1.2191760970389731,-0.001087339606883,-0.7836156052260452,-1.8901116666191735,2.353584850356142,2.0753288056640904
2018-02-07,ALL,96.14,98.295,95.9151,96.87,3174347,0.1410171052362515,0.148038067964163,-0.9961254352378516,-1.5469676776796966,-0.8652103443012271,-0.7833926579172796,0.1495172676120472,-0.0601566073693519,-0.7596530596756766,0.3159256298963446,-0.0011344058562886,-0.707230157131619,1.0020459794789849,0.5473552108173751,0.4561924704390744
