date,Name,open,high,low,close,volume,return,log_return,close_to_SMA,RSI_14,MACD,MACD_hist,BB_width,volatility_20,price_momentum_20,volume_ratio,OBV_change,close_position,return_lag_1,daily_return,price_range
2013-03-11,WFC,36.58,37.14,36.53,37.13,18989701,1.041594741170346,1.03479965215246,1.0557377871302338,1.1714155611388577,0.0486155521191601,0.2735127767342151,-0.4235832440116437,-0.5443662346055383,0.7799065484598955,-0.4274736111679171,-0.000752374318332,1.4301910364011232,0.1033357802594855,1.1096452271185808,-0.2221366081490991
2013-03-12,WFC,37.09,37.175,36.63,36.66,22688578,-0.8210724670843494,-0.8135362470081908,0.655412891709395,0.7807128755322922,0.0613505492726224,0.2505591370593621,-0.3487239372280064,-0.4887949933890844,0.4156532069994555,-0.1063926319727655,-0.0017405875787298,0.798075177133417,1.041415509182161,-0.902220234300341,-0.3523504055940383
2013-03-13,WFC,36.74,36.86,36.53,36.77,15811829,0.1538120345490621,0.1607260563452831,0.6886241882796852,0.6706513699925988,0.0732319337749955,0.2299990410501895,-0.2673947107513593,-0.4973908682541043,0.3536453367728824,-0.6829654755125336,-0.000819879079952,0.9358002125830204,-0.8217376186476273,0.0353751626678355,-0.8433640522090341
2013-03-14,WFC,36.95,37.03,36.8,36.97,21860773,0.3056389175062375,0.311085817670268,0.7658017880728425,0.593542228374763,0.0878107750408103,0.22049417151627,-0.1948743785857055,-0.5506739845741284,0.601758777977034,-0.1642687182608296,-0.0007354115921657,1.1862093679459154,0.1534012040264397,0.0145775141848911,-1.0728387040042038
2013-03-15,WFC,37.36,38.2,37.3,38.2,56061332,2.0383425050481496,2.0016726066375705,1.5517575562802968,2.0289455815738826,0.1444112150181505,0.3210531475869466,0.0790253723097357,-0.269452776187008,1.079690987232259,2.453748929494028,-0.0001428109310858,1.442878752192886,0.3052676945174394,1.6723852568219308,0.3722041963988033
2013-03-18,WFC,37.7,37.9,37.62,37.76,29754503,-0.7501043283756456,-0.7420937085414226,1.1306670744625749,1.6099317340221728,0.1683146280946893,0.3173387440675628,0.1915382405639725,-0.2102893834007545,0.918559135261112,0.3027857869509032,-0.0016607865588945,1.0454222640204096,2.038423297635343,0.0939250170400402,-0.9733302386595714
2013-03-19,WFC,37.92,37.93,37.33,37.49,23724771,-0.4781673916908942,-0.4690995439338049,0.8453515514854567,1.253648707231223,0.1729425214963939,0.2647523654296878,0.2309795301845066,-0.1836786164119045,0.8146912736252083,-0.1666435837720734,-0.0016351875975082,0.801528509914578,-0.7507509662679609,-0.8830482918620367,-0.2575144693068913
2013-03-20,WFC,37.65,37.84,37.35,37.44,19050384,-0.1160289018121475,-0.1074118813400072,0.7214187395678152,1.253648707231223,0.1709753418195709,0.2057076579469033,0.2359977440030438,-0.1831929975328961,0.8116263515098263,-0.5110947513225713,-0.0016097685447162,0.7563629998949752,-0.4787430885798244,-0.447720930235707,-0.5005914999504097
2013-03-21,WFC,37.16,37.38,37.1,37.14,24009543,-0.5318585230082563,-0.5229041353376381,0.4423043782152322,0.8829869672237869,0.154136716771851,0.1201930475821974,0.2292275345503754,-0.1660077639530039,0.5283325029327007,-0.0565010766576799,-0.001775831757815,0.4853699397773831,-0.1165101265482709,-0.0669795138042502,-0.9630137047817297
2013-03-22,WFC,37.27,37.38,37.1,37.2,15629094,0.0675823697085271,0.0751667781514959,0.4347555118439189,0.7129705910059685,0.1398451355625975,0.0583374062842655,0.2396928964863865,-0.1831744261600773,0.3983365158178354,-0.7372201433958757,-0.0008131547101683,0.5395685518009041,-0.5324482264634698,-0.1682168717892076,-0.9640271083177008
2013-03-25,WFC,37.35,37.4,36.941,37.21,20304469,-0.0162600114660624,-0.0081372955041611,0.3532159562260705,0.7036564820127126,0.1257666118774306,0.0094012996452154,0.1284227859040392,-0.4770771502836347,0.8541226431121915,-0.3222679894394376,-0.0007594530153772,0.548601653804822,0.0671490441948972,-0.3095093198630538,-0.5632815881016222
2013-03-26,WFC,37.43,37.4515,37.07,37.3,18635413,0.1175877617016339,0.1247978068304971,0.324737930194402,0.6655356275716456,0.1151280232834332,-0.020893251958513,-0.0212420082346473,-0.483870094927853,0.9102410724962838,-0.4265816232839605,-0.0008649549630738,0.6118333678322578,-0.0167152091928577,-0.2887192244015196,-0.7389234215178389
2013-03-27,WFC,37.09,37.16,36.8,36.98,14840348,-0.5671132548357499,-0.5582588141212341,0.0291972162842998,0.1983300576606006,0.0913538533529171,-0.0789396534777166,-0.1548907805965106,-0.4590552539481038,0.60593940693187,-0.7061989436662776,-0.0015074931041549,0.2322812967660619,0.1171674812444274,-0.2503849349918904,-0.780001310052618
2013-03-28,WFC,37.03,37.04,36.83,36.99,16975890,-0.0161604461077761,-0.0080383029027915,-0.0320567768249545,0.1555768065829134,0.070398558244651,-0.118121039426453,-0.3341990880758999,-0.4626403733533228,0.6321612937315525,-0.4959480500375925,-0.0009078760543056,0.2422042267285821,-0.5677121552984771,-0.107927985000391,-1.1181803337809122
2013-04-01,WFC,37.02,37.09,36.75,36.93,10906380,-0.1339823163665117,-0.1252932568300628,-0.1295672365546124,-0.3517763039374463,0.0491670907469504,-0.1501770111616453,-0.4917948668189498,-0.4705996854559957,0.4716099747924787,-1.0272087385990596,-0.0014346670485627,-0.028100534410588,-0.0166156178606581,-0.2099918794456984,-0.8240373526257752
2013-04-02,WFC,37.03,37.095,36.77,36.88,17094769,-0.1172879974229108,-0.1086657563912781,-0.2015608930839225,0.013574317917764,0.0283502742486523,-0.1747544840153945,-0.5883415606413176,-0.5088171348040422,0.2544797031153203,-0.4509280721616702,-0.0015659432387789,-0.3930708835494118,-0.1344682246636776,-0.3323594289013271,-0.8568938753741938
2013-04-03,WFC,36.87,36.95,36.55,36.67,26277775,-0.3875022218668165,-0.3783487845733834,-0.3782875383516851,-0.2782764024579213,0.0018704141166142,-0.2089930391245235,-0.688775617562304,-0.4924414789637847,0.1558891071290716,0.388326963589934,-0.0018050774892023,-0.6896150642796541,-0.1177695506230784,-0.4361445148386953,-0.6822335335285554
2013-04-04,WFC,36.77,37.48,36.75,37.42,24101596,1.240348056319274,1.2288048107847425,0.1042576714275292,0.1553941571825327,0.0086063091950284,-0.1508871010965685,-0.7775369686621615,-0.3808540561946991,0.3906526713724679,0.1585753629276979,-0.0005958329825733,0.2198308280395167,-0.3880542666612657,1.3092466896758737,0.0345132789615434
2013-04-05,WFC,36.81,37.2,36.62,37.15,24519384,-0.4822122409302784,-0.4731513126561478,-0.112556580237959,-1.2594858347728564,0.0016039058050409,-0.1397644944323483,-0.8297898820720414,-0.3812251550635946,0.1268992487601791,0.1815528848417524,-0.0017764022393249,-0.3288931332460084,1.2402206737038688,0.6715266155284382,-0.2901745494181722
2013-04-08,WFC,37.11,37.11,36.62,37.02,20086368,-0.2508572779053993,-0.241825654962076,-0.2227249273582315,-1.0340852847861464,-0.0106353236099163,-0.144345909139299,-0.8763784961897442,-0.3757359417555855,0.041756084521022,-0.2045159198417027,-0.0017840047897734,-0.9059441305509092,-0.4827889930111479,-0.2095464259406126,-0.4882169022519755
2013-04-09,WFC,37.15,37.65,36.98,37.45,21248424,0.6901524206000711,0.6902583388618242,0.0695495489157782,-0.2320045544241485,-0.0050500063504066,-0.1021309646074947,-0.8679645513869193,-0.4245489987929551,-0.0409028628324783,-0.1079929189529679,-0.0005313533754003,-0.0500171478561366,-0.2513736757239345,0.5837920776283457,-0.1003125330549244
2013-04-10,WFC,37.55,37.8503,37.2,37.57,23560321,0.166495665889007,0.1733011113079872,0.1218409599335325,-0.0526805597309918,0.0023755499170539,-0.0636222654545923,-0.887765304003991,-0.4823388567536902,0.197082790104092,0.0984647787927666,-0.0006148795148706,0.1888461961517017,0.6898815068008118,0.0139240803893343,-0.1487750373812217
2013-04-11,WFC,37.59,37.91,37.15,37.51,30529800,-0.1324233054928694,-0.1237402968110486,0.0532830331523237,0.2351998632825342,0.0041549831647545,-0.047348329589297,-0.9072341282971794,-0.4809311027314114,0.1280913571560936,0.643306723256075,-0.001906169801935,0.0527664728987473,0.1660881441832919,-0.1871077935478139,0.0972672226172058
2013-04-12,WFC,36.93,37.42,36.6,37.21,36668197,-0.5309275613021252,-0.5219708078897701,-0.1664459260817916,-0.1785058466603808,-0.0078471746782248,-0.0698027591196829,-0.9181287980626006,-0.4633126951033424,-0.0721355408840436,1.082827328311566,-0.0022899117031547,-0.5516301702726075,-0.132908807086198,0.5465104148895591,0.2452658488103331
2013-04-15,WFC,37.02,37.42,36.54,36.57,23090305,-1.1038142101866164,-1.0989893044460155,-0.5606384654254389,-0.7371603667286328,-0.043738523993823,-0.1492566703512724,-0.9817600101384178,-0.797027495630883,-0.7941543244483421,0.0721262591801725,-0.0023017530812227,-1.809557859981062,-0.5315170218945692,-0.9446931938100736,0.4141438630872875
2013-04-16,WFC,36.85,37.225,36.75,37.06,20353235,0.8011969669101117,0.7993297169023923,-0.1902522650463946,-0.3731418373792657,-0.0539723974573588,-0.1467778981769104,-1.0297688531941689,-0.7457271688928274,-0.4397381960804105,-0.1381072392669857,0.0002668402535501,-0.637724080594855,-1.1045531214355,0.404236363221353,-0.5231396536275088
2013-04-17,WFC,36.81,36.88,36.25,36.56,31790282,-0.872958772390319,-0.8658216121752482,-0.5110432853698826,-0.4968250426981447,-0.082505696556582,-0.1918972870061087,-0.9978407590903832,-0.6987307158160341,-0.5318005307226503,0.8783794485408785,-0.0027698590768603,-1.2605218957272086,0.8009550216343333,-0.5394365261362468,-0.1551985901985614
2013-04-18,WFC,36.59,36.64,36.19,36.27,19287713,-0.5268371501246685,-0.5178701689391594,-0.6756296998667928,-0.682343458779551,-0.1168804886976449,-0.2430287006001076,-0.9238741346514092,-0.6820279709439416,-0.6264316221610092,-0.2719881579479487,-0.0033029314329739,-1.72668969048483,-0.8736374596895112,-0.6870591376638467,-0.5573182013154773
2013-04-19,WFC,36.41,36.73,36.29,36.69,18108941,0.6879407021758338,0.6880839680617313,-0.3623587805512718,-0.340737663320047,-0.1278161490085645,-0.223601909640154,-0.9089495723886882,-0.6397247149328478,-0.3454238340223281,-0.3576768129595626,0.0062646972509616,-0.9149709429698124,-0.5274255436392941,0.5546914097312774,-0.5918696045046958
2013-04-22,WFC,36.81,36.86,36.4,36.73,14432458,0.0348786230683066,0.0426863362325184,-0.3174804045973929,-0.284036732472124,-0.1350479048903009,-0.1985266906327633,-0.902134749516472,-0.6404837778853719,-0.3530328172833043,-0.6963646499597487,0.0003721628575453,-0.8376643955874304,0.687669211398963,-0.1905149429447362,-0.5475777719461419
2013-04-23,WFC,36.85,37.14,36.71,37.13,19842795,0.6450114440006178,0.6458644919169471,-0.0309661610892121,0.0910393014070109,-0.1252887601861171,-0.1347322298105087,-0.9053099807567924,-0.5944340701559866,-0.1990524391368761,-0.1891084829096078,0.0001608420603251,-0.0645989217635831,0.0344367660303116,0.54775400124667,-0.6261590868511528
2013-04-24,WFC,37.2,37.45,37.14,37.34,16740626,0.3191232102394803,0.3244221722006917,0.1165443309867302,-0.243808195186907,-0.1097212269851608,-0.0687459691511855,-0.9022265088001018,-0.5850910094436561,-0.1517272987548627,-0.4722435694160695,-0.0004562982997709,0.3412604519939325,0.6447287541395526,0.2580181244805061,-0.8994206749502471
2013-04-25,WFC,37.47,37.8,37.33,37.64,14861014,0.4672024371189858,0.4706881295096877,0.3055234831273463,0.1444360368058017,-0.0862787278445057,0.0043130661405487,-0.8577402483635883,-0.5944740175481263,0.0946410243840658,-0.6488105612484734,-0.000698736394482,0.921059557361804,0.3187555049385259,0.316459095723466,-0.5506702369590585
2013-04-26,WFC,37.56,37.88,37.46,37.88,17814620,0.3639733777681479,0.3687596264906643,0.4433733343630805,0.3817095168041194,-0.0592679625799097,0.0719449499506316,-0.7865735590682604,-0.584649103366102,0.1858896107446316,-0.3747261273317847,-0.000697488952428,1.38489884165611,0.4668733616895867,0.6173621299587796,-0.6672700213406895
2013-04-29,WFC,37.95,37.98,37.76,37.88,15989559,-0.0329960430517004,-0.0247793014886723,0.4090786929923068,0.1269577863215545,-0.039107074199581,0.1084189918165891,-0.7317501296670641,-0.5870718453278672,0.2103248927573023,-0.5632163604009307,-0.0012427088046935,1.2571702864139864,0.3636173726647659,-0.1656742573429485,-1.1072956764564792
2013-04-30,WFC,37.96,38.04,37.54,37.98,20587123,0.1313599165538246,0.1384598726657317,0.4400560915474776,0.1137725245235389,-0.0206519388613536,0.1332076463428686,-0.6782680982971618,-0.589285081510439,0.2705708938384971,-0.152511952664921,-0.0007160925751645,1.3350674590866392,-0.0334556067571959,0.0134894476493304,-0.4941561893570164
2013-05-01,WFC,37.9,37.96,37.29,37.46,17639163,-0.8853967670975306,-0.8783618313765733,0.0449995783994974,-0.2220970041171858,-0.0278659573043964,0.0869666100155087,-0.6991042172634835,-0.5275658838384418,0.1489226717621491,-0.3909273331393753,-0.0016219539905495,0.4007029188325406,0.1309432288799152,-0.90343490100253,-0.1007105606480982
2013-05-02,WFC,37.51,37.65,37.38,37.41,13207009,-0.1160953990295212,-0.1074781022063708,0.0101025188145139,-0.0486861061776839,-0.0368225724288073,0.045488367093911,-0.699436763852928,-0.669124687806798,-0.1714017357947393,-0.7742658745192167,-0.001571605963939,0.3108601745773305,-0.8860786991336659,-0.2277342665583327,-0.9898261170434588
2013-05-03,WFC,37.74,37.92,37.6,37.74,15881294,0.5161927400151541,0.5190025664498096,0.2216950336062603,0.6972036481472113,-0.0322576895104484,0.0471098759513357,-0.6784657940782535,-0.6645238710806619,0.0657683858408545,-0.4850717794163364,-0.0007940421408252,0.9038222866616764,-0.116576641112973,-0.0263165508545973,-0.8846711438973671
2013-05-06,WFC,37.86,37.99,37.74,37.9,14228665,0.2309490019873182,0.2371632695947432,0.3029149784776516,0.5062287672287389,-0.0237652744384528,0.0585164831897816,-0.65153008528756,-0.668372891220152,0.1816360588268261,-0.6271584297941508,-0.0008966729117238,1.1913190682783183,0.5158764448328446,0.0535057261242387,-1.0415820825790272
2013-05-07,WFC,38.02,38.56,37.91,38.4,23272904,0.7883500980904993,0.786720950242811,0.6203722142599533,1.3338716892127491,0.0009359126286621,0.1093628690682019,-0.5603633190244319,-0.6549999276667938,0.2050790460794749,0.2620765358051207,-0.0007394669546786,1.218461433209422,0.2305582944164906,0.7288038689501969,-0.1806062303831984
2013-05-08,WFC,38.14,38.67,38.05,38.45,18741978,0.0480691099412494,0.0557888073325947,0.6237125421117948,1.7456988299108174,0.0205465750383831,0.1369370549342293,-0.4787611173374749,-0.6564491936114594,0.1765252748317023,-0.1647278942724273,-0.0008996485136354,1.1479916803229897,0.7881048014135632,0.5877645555886614,-0.2474660913897788
2013-05-09,WFC,38.44,38.5069,37.78,37.89,27766488,-0.939745093746214,-0.933186646934388,0.217126884487264,0.8328845979401173,0.0122121000070047,0.0870661009184507,-0.4633912933327604,-0.5714683626677459,-0.0186929236672977,0.7594976566332073,-0.0016950429523604,0.3973700428359729,0.047630693945083,-1.1073124363451885,0.0075272632348159
2013-05-10,WFC,38.04,38.16,37.82,38.03,16390874,0.1970415724088712,0.203575056534254,0.2861370369957681,0.886944511341386,0.0093132596088261,0.0611605676793251,-0.4432203954114984,-0.596496964919785,0.1561718168831838,-0.3008461649169213,-0.000923696021541,0.5850254522077272,-0.9404412037931476,-0.0461776931154951,-0.846230757803384
2013-05-13,WFC,38.04,38.29,37.83,38.2,12774199,0.2453070433211246,0.2513806497432443,0.3471412977451644,0.7577526822581141,0.0118733565308729,0.0544873517767793,-0.4691368439631148,-0.7291348026749447,0.487132722556611,-0.6476143017764611,-0.0010197189307418,0.8128927350162869,0.1966420193053043,0.2914617253198371,-0.5877428715260482
2013-05-14,WFC,38.26,38.79,38.21,38.76,21691379,0.8796872291787537,0.8763095341296661,0.6774924294427259,0.9479381962441156,0.0338550057411135,0.0991395203100033,-0.3956658285569104,-0.7172419320383585,0.5062179823210943,0.3187555469921167,-0.0008922194949233,1.404522811376241,0.2449200813755559,0.9610303540130196,-0.3442212586478502
2013-05-15,WFC,38.7,39.38,38.61,39.3,25695909,0.8343759964021742,0.8318819366460544,0.954750674119198,1.058722644332757,0.0700243250557085,0.1713800737499087,-0.3171475405947637,-0.7788987044399716,0.9332108424165804,0.8017392940360225,-0.000874069550329,1.359513697962348,0.879465759892847,1.1450289555092683,0.0415631637501538
2013-05-16,WFC,39.28,39.74,39.09,39.26,22959372,-0.0963630023377858,-0.0878308170113088,0.8192972598468702,0.9040313329565356,0.0943310170304469,0.1986383179396074,-0.3445448365121376,-0.8282933022978358,1.043242186207666,0.4733243038853403,-0.0015334677746734,0.9803839295921876,0.8341427066392224,-0.0647848732377347,-0.2115083494194476
2013-05-17,WFC,39.42,39.91,39.33,39.88,24397703,0.9501925267169904,0.9453765433991724,1.1328866334475447,1.168800787537782,0.1347453363969392,0.2619056689111327,-0.2390062322467908,-0.7933213034706613,1.1094402746944907,0.5861663706729402,-0.0008975761236805,1.4144669441805628,-0.0968390967717951,0.8553126011955369,-0.3792452043611979
2013-05-20,WFC,39.9,40.29,39.85,40.2,18938878,0.4665669459037978,0.470061157716951,1.2277584586081414,1.245444577021828,0.1756468897192964,0.3137736815032044,-0.1305983724335973,-0.7922892958038088,1.2200081259375914,-0.0266183107539622,-0.0010044295360671,1.3593099425923798,0.9499894503592832,0.5417419841865388,-0.6791353897522778
2013-05-21,WFC,40.33,40.8,40.17,40.68,23055244,0.7103835091701249,0.7101442572865114,1.4282057987776176,1.9099990541973664,0.2226892058075916,0.3710743092255174,0.0542781970941335,-0.7861954791310825,1.2367043266164734,0.3912884196988761,-0.0009755749865187,1.3338891935882162,0.4662377046919015,0.6293523012694946,-0.3006468759499855
2013-05-22,WFC,40.72,41.1001,39.99,40.1,30388130,-0.9206475118121592,-0.913916097873741,0.9338661094159848,1.380481916343891,0.2327650047441585,0.3217636326191891,0.1045291221497127,-0.6524976222130013,0.9180848250760852,1.0553677951833578,-0.0015638911914778,0.570325812481008,0.7101178731155524,-1.1766629850267791,0.7158254212084098
2013-05-23,WFC,39.4,40.44,39.4,40.01,24733435,-0.1727272992829295,-0.1639003801250922,0.7891297325090166,1.2015176485495245,0.2328281040916283,0.2565425749565616,0.1414065340062923,-0.6489284697104535,0.7572606262293952,0.4172654120091202,-0.0015383378094527,0.491803900098174,-0.921338639815678,1.1433938285333898,0.574996858779358
2013-05-24,WFC,39.52,40.3,39.5,40.24,17121332,0.3248981990046167,0.3301329242514583,0.8621462316672491,1.2238358843391373,0.2374960593597535,0.2162185486954039,0.198541181376149,-0.6503365314083748,0.7475245514297773,-0.3373842705951381,-0.0010136661871115,0.692471009520968,-0.1732233150998672,1.3501329763604415,0.0655520289386085
2013-05-28,WFC,40.8,40.98,40.41,40.52,20993954,0.4002109773161364,0.4045597939947594,0.9586163712854924,1.1514350348217686,0.2476639683217946,0.1981161138150305,0.2624141528302449,-0.649090300022315,0.8560840515653458,0.0231647022730166,-0.0009832709794525,0.9367614036008876,0.324532000242283,-0.5448091941127142,-0.4189574194187404
2013-05-29,WFC,40.36,40.9,40.21,40.75,22847891,0.3203936071129756,0.3256784833074004,1.0162742987173774,1.2111616559863574,0.260079727541735,0.189420093778687,0.3320165594207458,-0.6475671437728487,0.9036589682914252,0.1934077909662081,-0.000984498401339,1.1374285130236754,0.3998644256239149,0.7037428201212045,-0.1801535224958361
2013-05-30,WFC,40.79,41.59,40.7,41.25,22022508,0.730906257544349,0.7303103359229135,1.2184183310917134,1.8821245235579729,0.2846200588617362,0.213671717615325,0.3766471375602293,-0.7477926865054808,1.3184286208827083,0.0899073823217944,-0.0010150111023512,1.174417535392302,0.3200262332242596,0.8257016196238604,0.2068182745585179
2013-05-31,WFC,41.26,41.35,40.55,40.55,26909239,-1.0894960733306132,-1.0845021875777936,0.6422966981835706,1.201448821695306,0.2716914769487258,0.1366286790357886,0.2927185450116637,-0.5851427777547167,1.0652353060366364,0.4805264716899016,-0.0014998360230651,0.5764254191251637,0.7306459753206302,-1.326407861177763,0.0528854065695246
2013-06-03,WFC,40.83,40.96,39.99,40.73,23644383,0.243365159161468,0.2494579805044511,0.659652839760167,1.2043571743931183,0.2637925204575373,0.0879404174248626,0.2327990490934194,-0.5934984789823705,0.9960838096892982,0.1349341401634839,-0.0009937088528861,0.7003343048680639,-1.0902312493642388,-0.2113564361361823,0.3934694568705298
2013-06-04,WFC,40.8,41.17,40.42,40.44,18708746,-0.4762769385731242,-0.4672059477524076,0.3813576846974154,0.7854116237468101,0.2416378176302978,0.0122957624743152,0.1415121364005748,-0.5530618374552544,0.8167931235479395,-0.3373896453366821,-0.0014235098107161,0.4395168708126014,0.2429776906307607,-0.6929499493293321,-0.0456848192105187
2013-06-05,WFC,40.24,40.55,39.66,39.82,21093767,-0.9874961233958768,-0.9813964212176952,-0.0757425548837069,0.1079336308196933,0.1957272040294548,-0.1093672668685144,0.0706370292225551,-0.4822072178723939,0.3756194126840956,-0.1102872023016088,-0.0014607642294491,-0.1014260565402427,-0.4768521422938859,-0.8148789208197451,0.2713924409434644
2013-06-06,WFC,39.7,40.76,39.6,40.72,24724178,1.374141921506825,1.3590608836069198,0.4419080512831698,0.5255862628126857,0.1908664501187047,-0.1010360581580195,0.0246899756247813,-0.3533237940076821,0.6995833209407785,0.1922138216690376,-0.0009653305088473,0.683813676713888,-0.988204690396975,1.914812438154953,0.7828263124337893
2013-06-07,WFC,41.23,41.38,40.81,41.25,23458489,0.7773369597539634,0.7759098835044883,0.676865565018153,0.4917136131163721,0.2038270210752564,-0.0484993077684399,-0.0905961279214318,-0.4288227043081075,1.1348932371866791,0.0983812477145652,-0.0010034437134282,1.143085191786929,1.3740494420978722,0.0103323868899972,-0.4397047534477227
2013-06-10,WFC,41.5,41.69,41.17,41.27,16340568,-0.0028103279008715,0.0052335846504349,0.5809387346502942,0.3709833874373928,0.2107598316961872,-0.0219852587950891,-0.2362484472287397,-0.4244351775438673,1.0837568246606006,-0.5515728805748173,-0.0010892712942927,1.08118024293749,0.7770887900466347,-0.4450372878885221,-0.54123311150005
2013-06-11,WFC,40.78,41.2,40.59,40.66,18355404,-0.9532141887782144,-0.9467813393620532,0.1016662533391297,-0.1992218733567977,0.1883795376961201,-0.0762254462970393,-0.4581719230073112,-0.320003872053615,0.7783060820964864,-0.3884092056533952,-0.001406035701149,0.4589974350762839,-0.0032620169684205,-0.2486366641272003,-0.3410060407595175
2013-06-12,WFC,40.79,40.95,40.12,40.27,18319933,-0.630158724420246,-0.6215333915108524,-0.2011912069104672,-0.0990649862710904,0.1518477514990399,-0.1560432936012178,-0.6233609877369474,-0.3192726934369603,0.4046770691904877,-0.3790801019257457,-0.0014159132443796,-0.0896984501344926,-0.9539138125483216,-0.989467526178062,0.1264042637185413
2013-06-13,WFC,40.29,40.99,40.2,40.94,17376642,1.0028342307016451,0.9968941819844056,0.1802328975826148,0.2565632145678084,0.1458864918180497,-0.1412095624519971,-0.7011126996656436,-0.2981489515660006,0.4453968724265279,-0.4347087284600774,-0.0010674871256678,0.4839802317767799,-0.6307740717435053,1.1925630806744525,0.016865616163698
2013-06-14,WFC,40.84,41.06,40.1,40.16,19475526,-1.2191530838160192,-1.2158131819444613,-0.3544369711759453,-0.2241722878618667,0.1075290906451221,-0.2127296880457557,-0.8199330033281987,-0.1790543035244122,0.1691989180025225,-0.225781409557391,-0.0014274323141476,-0.712205041149072,1.0026448871429692,-1.2842796730171868,0.4008878737272246
2013-06-17,WFC,40.59,40.71,40.34,40.61,15500647,0.6646164289194316,0.6651489043489135,-0.0866510665306923,-0.1503920452867842,0.0920829924781977,-0.2109724889925769,-0.8606338896190726,-0.210330504433214,0.1013590871073025,-0.5665500991842732,-0.0010852030310062,-0.1248575187406899,-1.2199220838624172,0.0109102464651636,-0.8320006304203649
2013-06-18,WFC,40.72,40.97,40.63,40.84,15784394,0.3196104239434528,0.3249039868435585,0.0413469995596921,-0.1503920452867816,0.0862037999685293,-0.1849416792788567,-0.8678562906193241,-0.2181038319305593,0.0663387640119523,-0.5282219028752092,-0.0010909335128967,0.2090122426618372,0.6643388534695179,0.1963311460819632,-0.8974969605795368
2013-06-19,WFC,40.78,41.18,40.62,40.66,20898049,-0.3073948371198814,-0.2982763086535911,-0.0743910522366718,-0.4543929961439676,0.0719351210549189,-0.1857114250898468,-0.8681513344432167,-0.2485571554159292,-0.174697475533099,-0.0267417868168048,-0.0014332350596982,-0.0522771358271026,0.3192428457433969,-0.2486366641272003,-0.4434911109500299
2013-06-20,WFC,40.29,40.66,39.98,40.09,29306530,-0.9057722696672752,-0.898910284486509,-0.4426357195506261,-0.4001046905152414,0.0360823067475435,-0.2418844146796034,-0.867185509942252,-0.2504841090082242,-0.1711394308895143,0.7923358508347569,-0.0015295893227695,-0.8796935010420369,-0.3079259840608732,-0.4013564374789133,-0.1777099241810708
2013-06-21,WFC,40.64,41.2,40.15,40.96,38850178,1.3180763596363223,1.3045111648860157,0.0889577006730854,-0.0936784849142663,0.0397536960879585,-0.185088186555955,-0.8918561651259427,-0.1313313553526872,0.1812414217548491,1.593106990424586,-0.0008185619269658,0.3348182397120584,-0.9064595171218098,0.5685793952908366,0.5450994923906785
2013-06-24,WFC,40.4799,40.5,39.4,39.8,31048147,-1.7961631206481656,-1.8035850490350849,-0.6463109674490863,-0.4252947500759688,-0.004631977951311,-0.2633492579124884,-0.8401010614003326,0.0683295482482931,-0.3280654633328974,0.7718049333928207,-0.0015367401822777,-1.300659721940877,1.3179692542362742,-1.295283587102312,0.7120666804745145
2013-06-25,WFC,40.16,40.53,39.89,40.3,22264312,0.7491401064279275,0.7482217859669024,-0.3161530962761365,-0.0090579252675647,-0.0215775364441613,-0.2553277299522634,-0.831856691107125,0.0949834380824875,-0.2472163597334787,-0.0306190528475506,-0.0010068762840389,-0.5748558928049612,-1.7970826470315706,0.2370611862585961,-0.2677966065003432
2013-06-26,WFC,40.73,41.3,40.73,41.02,19405880,1.0793063638707967,1.0716571135882211,0.1404281829866285,-0.0738971933994243,-0.0082717478063601,-0.1710440608350884,-0.8186293725287477,0.1604350040757568,-0.0701672964625151,-0.2755171152563954,-0.0010532531187787,0.4703016211507664,0.7488845809229948,0.5116166113486137,-0.433247600765219
2013-06-27,WFC,41.38,41.74,41.15,41.56,18800594,0.7865880683386541,0.7849913774619645,0.4791134779557632,-0.0702153797343737,0.0215803218124195,-0.0610272831341705,-0.7768213039294359,0.1654055684898092,-0.0571053048477677,-0.3181448111901732,-0.0010708915588166,1.187172480081926,1.079136969826608,0.3023282371803128,-0.4081885059248244
2013-06-28,WFC,41.56,41.62,41.05,41.27,20259336,-0.4674241199185819,-0.4583391809288428,0.2681998915269151,-0.1889912872378273,0.0317628867197213,-0.0236428274978245,-0.746615211317919,0.1070315217024378,0.0932953228692564,-0.1556926733424786,-0.0014170631515242,0.7752012639031571,0.7863423119957377,-0.5535065820513311,-0.4402628436554456
2013-07-01,WFC,41.56,41.96,41.27,41.36,16176906,0.1027738473013812,0.1100989428284685,0.305623066826813,0.088224594695528,0.0412035410418463,0.0043550719367125,-0.7113536903629805,0.1045242691295095,0.0596904010495764,-0.5098240995467664,-0.0010941556619839,0.6637737043548005,-0.4679970141780185,-0.3898958827144199,-0.2009662383686283
2013-07-02,WFC,41.2,41.58,41.01,41.22,15561872,-0.2437340810062689,-0.2347170566256944,0.1898983469281786,0.2003116838539542,0.0410066999231619,0.0019466441254745,-0.6989449585510639,0.0936459145741364,0.115794776902005,-0.5571799503482423,-0.0013783533974087,0.4819825265259133,0.1023497022939432,0.0103590730097011,-0.4388666026881621
2013-07-03,WFC,41.02,41.3,40.792,41.22,8079189,-0.0329960430517004,-0.0247793014886723,0.1443480237972328,-0.0624583938891057,0.0387083563792307,-0.0053893291895452,-0.7559884545537198,0.0269421829301863,0.3488758711228061,-1.2476966291335403,-0.0012427088046935,0.4819825265259133,-0.2442486205750882,0.3420490520730888,-0.564221606639982
2013-07-05,WFC,41.46,42.07,41.43,42.07,14934019,1.2508305429209217,1.2390200177479078,0.646326306963209,0.6649754521130792,0.0678607918325666,0.0696956558843447,-0.6448362187997003,0.0077564659428759,0.3194297754776887,-0.5358568881577188,-0.0011058476615853,1.442878752192886,-0.0334556067571959,1.0852750783756653,-0.3234810206751183
2013-07-08,WFC,42.36,42.97,42.29,42.83,22830198,1.0917034696395214,1.0837686370017223,1.0812500664866398,0.7589837187076823,0.1178202875178346,0.1833206587949135,-0.4259674262963928,0.0413792146198754,0.3950624015350784,0.2653015628649398,-0.0010433168789524,1.312518691901023,1.2507058949032013,0.8119586858172827,-0.2681442525899798
2013-07-09,WFC,42.95,43.08,42.23,42.7,22544383,-0.2219651038692315,-0.2129977505577372,0.9502553990779524,0.6169381792635431,0.1488849233987292,0.2255856172546531,-0.2802250344946297,0.0467502998389506,0.3414100338399966,0.2015200449479866,-0.0014264066375206,1.099620876043937,1.0915373096654557,-0.4660824714626885,0.0676861782578499
2013-07-10,WFC,42.55,42.58,41.74,42.07,25421813,-0.9515572520471216,-0.945108790909994,0.5010725311021365,0.3840344246505796,0.1453383145949551,0.170308836023368,-0.2414325568830903,0.0465381547548728,0.3418205126791633,0.4448079833594056,-0.001464535577278,0.5305354497969859,-0.222473964499766,-0.8786046090690601,0.0727198782025979
2013-07-11,WFC,42.47,42.515,41.44,41.89,32216230,-0.2993722434259342,-0.2902629126279697,0.3335013082648125,0.5841188941139986,0.1322232609252655,0.1014583986705705,-0.2527479664893309,0.0237238486464792,0.4233402894157985,1.0073291090923682,-0.0015482438150302,0.3679396137264295,-0.95225644356718,-1.0581045280872912,0.5474066713059761
2013-07-12,WFC,42.6,43.05,42.2,42.63,35803009,1.0668117332421203,1.0594479142780786,0.7495031405405657,0.5421383858348824,0.1475555843570118,0.1196011077367768,-0.1682738244735678,0.0312390694591536,0.4387826664570224,1.20669813175007,-0.0008611509671848,1.0363891620164982,-0.2999012974888736,0.0268889316527779,0.0704103327329456
2013-07-15,WFC,42.98,43.36,42.97,43.35,21929799,1.0185119794436424,1.0122288812514129,1.1012881791416052,1.4739262402715414,0.1842228688525327,0.1890310974947515,-0.0624456513383726,-0.0416545711645556,0.999109030454116,-0.0639121925005685,-0.0010372474539386,1.4344843543710633,1.0666390796862064,0.6240827164644874,-0.8415445420484864
2013-07-16,WFC,43.35,43.45,42.85,43.02,21829002,-0.5069326606879376,-0.497919785032376,0.813136726757707,1.1205237359902094,0.1963352279232898,0.181371133961383,-0.0032734288944119,-0.0260360853131305,0.7040961687111779,-0.1004947691495513,-0.0014331285331057,1.089940959328622,1.0183267257862507,-0.6014512475778958,-0.4289688192744998
2013-07-17,WFC,43.2,43.88,43.17,43.51,23959131,0.6761261878712009,0.6764676630057999,1.0346496502497378,1.056604284516851,0.2209752142847653,0.2074890601227133,0.1041304574605413,-0.0106322762891466,0.7926867920591408,0.051440270043624,-0.0010183109019206,1.1683369734308913,-0.5075158616587708,0.5158374630283968,-0.2313604416473884
2013-07-18,WFC,43.72,44.59,43.6701,44.41,23443154,1.254805238233531,1.2428929267128124,1.4761576975387425,1.1545711265941352,0.2711014203415927,0.2939844918121473,0.28996208964887,0.0414508277426434,1.1870375779255145,-0.0049228536771369,-0.0010395685378467,1.3275892191023906,0.6758516150065876,1.166060662336715,0.1349822561858668
2013-07-19,WFC,44.42,44.76,44.13,44.45,18907028,0.0230796493586409,0.0309637433681497,1.3568757494162116,1.3726053779616036,0.3071640888864336,0.3269815337062286,0.3609097888865964,-0.0427982225904122,1.42976315754491,-0.3618650835978099,-0.0010900492005771,1.2506219841691626,1.254681627106485,0.0247089681641821,-0.4101148707683123
2013-07-22,WFC,44.48,44.78,44.27,44.63,18409206,0.2191174946253331,0.2254452178022153,1.3482904729983205,1.3930705819576192,0.337244344441275,0.3379805391701727,0.4855833773090885,-0.1159252928143169,1.148432150197029,-0.3289789501770359,-0.0011018186458488,1.3501971108143789,0.022634714287025,0.2284668973034722,-0.6389636432130381
2013-07-23,WFC,44.65,44.785,44.5,44.57,13432417,-0.1166949507352077,-0.1080751654762022,1.1557343007851408,1.4533497256708756,0.3529570173639969,0.3097978331786597,0.4204681773871058,-0.4248027389453092,1.5926949397967778,-0.7397125936541961,-0.0013405436928847,1.2968728215391323,0.2187237005337333,-0.1616836911197144,-1.058406130929596
2013-07-24,WFC,44.68,44.73,44.25,44.31,17947661,-0.3961795689576974,-0.3870285695326351,0.8667308809295349,1.263066639236322,0.3494525487671718,0.2377870769298327,0.3415214376205837,-0.4026219517144551,1.2938893919383772,-0.2829388977598996,-0.0013782070412704,1.0534863402853236,-0.1171763492255091,-0.6519692032577694,-0.688511611868631
2013-07-25,WFC,44.22,44.22,43.42,43.65,29468214,-0.9603330944861824,-0.953967833771306,0.3787554151542194,0.5766873159818525,0.3153689988052106,0.1014684429040313,0.2667671065491521,-0.3519533521689967,0.7741521393469865,0.7786653065755189,-0.0014766024043675,0.4979886833230567,-0.3967338774376791,-1.0001862374549582,-0.0638854718113693
2013-07-26,WFC,43.55,43.7,43.2,43.51,18503704,-0.2326781793587094,-0.2236854295237455,0.2324387127536856,0.177960724765632,0.2779476049538315,-0.0161780170282731,0.2203602692793,-0.3740830933026716,0.5216176499205236,-0.2704264962897018,-0.0014030921324593,0.381438366458055,-0.9610345753865498,-0.0957096945151883,-0.6336031538187339
2013-07-29,WFC,43.41,43.5,43.21,43.25,12402372,-0.4050275243118772,-0.3958802637621738,0.0126755945860412,0.1009058221082691,0.2336686898805469,-0.127946326549712,0.1239856303870344,-0.379555330914277,0.5371357967449448,-0.8327377457800939,-0.0013568014164999,0.164987777994483,-0.2331898347413429,-0.3047843146342553,-1.0325065760921748
2013-07-30,WFC,43.49,43.64,43.19,43.26,18579224,-0.0186011210867077,-0.0104649833362245,-0.0393435008781762,0.5164868766843161,0.1950266020076932,-0.2028518779887655,0.0203534720303851,-0.378169613213721,0.5071952960522864,-0.2398450759446614,-0.001064466145893,0.1733128006276958,-0.4055841409844802,-0.4258776128667476,-0.7243940176220154
2013-07-31,WFC,43.3,44.05,43.3,43.5,25488470,0.3124022232372225,0.3177752812221492,0.0369192844003033,0.754093836349359,0.1701898380753548,-0.2272416529704619,-0.1225452745963433,-0.3861857582345431,0.6448795010832532,0.373505154226234,-0.0010129382362291,0.3731133438248422,-0.0190569295457836,0.322652433720327,-0.1544125336540214
2013-08-01,WFC,44.19,44.74,44.12,44.26,19821087,1.0547305891073706,1.047640465886782,0.4041010503297354,0.7620277915124303,0.1766839604955765,-0.1661083108334836,-0.2707393622986391,-0.3272738710048851,0.9156649846819614,-0.2144977625423109,-0.0010776900950315,0.9227013133978618,0.312032764612253,0.0933626743373674,-0.4238739958426137
2013-08-02,WFC,44.24,44.55,44.05,44.49,13439045,0.2905319421420004,0.2961411705445539,0.4683859597504315,0.5476109133279417,0.1870302859044203,-0.10728613294538,-0.3110062584700481,-0.4189436309642294,0.6773400180642625,-0.7993885913457104,-0.0011371025773433,1.1497147601015505,1.0545547839071914,0.4006261772221999,-0.6546992726858908
2013-08-05,WFC,44.47,44.55,44.22,44.34,14162266,-0.2429017662431264,-0.2338865008910899,0.3315945077735233,0.6989675298825511,0.1854921015706492,-0.0908189141251252,-0.3086630199723226,-0.4889298978100975,0.3503070748655604,-0.7058120764402308,-0.0013499186322547,1.0006483234449377,0.2901567781512791,-0.2471785268127886,-0.9710603992027704
2013-08-06,WFC,44.27,44.32,43.97,44.03,13787960,-0.4682687454549338,-0.4591850824341052,0.1045632588667347,0.1758021835185545,0.1684350794928506,-0.1175903602712271,-0.3412028436182775,-0.4713847731626588,0.2899729533174064,-0.7139514863044067,-0.001351279192411,0.6925776876879328,-0.2434160886834998,-0.4359038207555001,-0.9288369409715194
2013-08-07,WFC,43.34,43.505,43.27,43.27,18578865,-1.10762944071056,-1.102850133629375,-0.3880340172728446,-1.0163080445235115,0.121905595886762,-0.2148691258048412,-0.4591763756220239,-0.442764864582846,0.2514405549700059,-0.2219559800722317,-0.0013949603107982,-0.0626922580389101,-0.4688418600543645,-0.1483429689725698,-1.1386984780048377
2013-08-08,WFC,43.51,43.57,42.99,43.22,18704342,-0.1049373852039776,-0.0963674501650088,-0.4574617201170654,-1.0794293282165957,0.0804394675640564,-0.2796591488960179,-0.6355625342427833,-0.451363239674312,0.2988183680095648,-0.1474589541048964,-0.0014048855576139,-0.5696334745372911,-1.1083693472500606,-0.5298793570264257,-0.4729134790880285
2013-08-09,WFC,43.21,43.38,43.0,43.23,10716084,-0.018591129238976,-0.0104550485866949,-0.4692112396837679,-1.246676498306626,0.0457473319580764,-0.3140550267277858,-0.701798812446788,-0.5420391935737089,0.0392302919245711,-0.8845432787563595,-0.0011440280509307,-1.228491940687264,-0.1054157164629338,0.0086530326494317,-0.8587417446435566
2013-08-12,WFC,43.05,43.43,42.85,43.2,11087557,-0.0762007880194793,-0.0677620056741476,-0.4827515210643925,-1.2320352301578292,0.0152015222437132,-0.3308991575255834,-0.6912082229128431,-0.6405149551062207,-0.218295460156955,-0.8084712043821851,-0.0013413045596429,-1.280029638942176,-0.0190469350914487,0.2369300873352037,-0.4723956964871045
2013-08-13,WFC,43.25,43.36,43.06,43.32,12734439,0.1399429499999055,0.1469727722836629,-0.419739929241051,-0.9710139988304418,-0.005911571153184,-0.3200948127432467,-0.7168806718417755,-0.6604416558883157,-0.0650602864050598,-0.5884116445943522,-0.0011252969900775,-1.0738788459224906,-0.0766716226762342,0.0959637950698633,-1.0141711333793468
2013-08-14,WFC,43.45,43.53,43.1,43.1,13773114,-0.3491725954452164,-0.3400229409722641,-0.5394222359997384,-0.6815520292574886,-0.0326221800128523,-0.3258592453594746,-0.6892625804363746,-0.7008947599958838,-0.305870084682293,-0.4229622540131648,-0.0013645428877789,-1.451821966458587,0.1395285014076456,-0.6349040032404345,-0.7598489689181862
2013-08-15,WFC,42.9,43.12,42.81,42.99,17748825,-0.1918912663659347,-0.1830050611505158,-0.563510320253585,-0.6589706053902171,-0.0591341276189979,-0.3299594408057666,-0.6761859262202298,-0.9021552867950042,-0.6370761462011253,0.0802580910730497,-0.0014069200106746,-1.578339404621937,-0.3497146410751869,0.1321836977338073,-0.9903546876289024
2013-08-16,WFC,42.68,43.18,42.64,42.75,16238250,-0.3805635936369267,-0.3714090823424904,-0.6575833620922445,-0.6436840036364508,-0.0902462258161683,-0.3450803055942753,-0.6560055274744379,-0.8985920377687675,-0.7291672575009217,-0.0850703979778827,-0.0014023925991973,-1.7108319371756344,-0.1923922815443798,0.0975968737291168,-0.5385972560868372
2013-08-19,WFC,42.96,42.98,42.46,42.49,15873686,-0.4116414173120604,-0.4024977782004171,-0.7511372764618931,-0.8390585587973001,-0.1253860194421988,-0.3675442161237412,-0.6458157270179002,-0.909738044948582,-0.8716942019926971,-0.114450395659605,-0.0014083374541139,-1.8384101202503484,-0.3811138283306417,-0.8528840328243561,-0.5713839883748965
2013-08-20,WFC,42.47,42.67,42.16,42.59,15114290,0.1135279331746583,0.1207698555514113,-0.6323396263785276,-0.9893590514346609,-0.1492743934224265,-0.3565543840678778,-0.66700148242242,-0.8997610947154082,-0.8199195803234627,-0.2160187201665614,-0.0010749946614628,-1.327272529009185,-0.4121997593707454,0.187156823745279,-0.5933469510811521
2013-08-21,WFC,42.45,42.675,42.13,42.36,14586234,-0.3692099107359786,-0.3600553194406489,-0.7137290734466795,-2.174160338407982,-0.1769146743881657,-0.3574198624162583,-0.6516978825360467,-0.9011474546008712,-0.8138044505200014,-0.2619639552948418,-0.0013953397418509,-1.5883672474673232,0.1131065936178208,-0.1864970140923491,-0.5190678017576801
2013-08-22,WFC,42.41,42.63,42.18,42.48,14037644,0.1433723351312373,0.1503738079395146,-0.6062928689998798,-2.374335085226318,-0.1935619980061557,-0.3298165621213875,-0.6149252534123747,-0.9752945306455404,-0.5611370398951933,-0.2450733928790684,-0.0010872697333183,-1.4355313147113495,-0.36975718356042,0.0983857590070608,-0.7084758136205977
2013-08-23,WFC,42.68,42.83,42.35,42.76,12161161,0.3773676692741432,0.3819946442076166,-0.414022177266571,-1.8281905504687,-0.1951817513353249,-0.269053214655907,-0.6025778227463975,-0.9477973888149576,-0.4206351234374254,-0.4535861525412074,-0.001115190165959,-1.0789141382807357,0.1429587811729509,0.1152987915267867,-0.6557857222034397
2013-08-26,WFC,42.7,42.83,42.37,42.39,10106231,-0.571711521874754,-0.5628716058317366,-0.6129703901643657,-1.8552362650693648,-0.2102989451779706,-0.2551847162119656,-0.5610970636923326,-0.9309191980190838,-0.4595100730833404,-0.7124695292613068,-0.001344024745997,-1.5501582642783274,0.3770151583797151,-0.5748189723943137,-0.6869409016531333
2013-08-27,WFC,41.89,41.91,41.04,41.11,19227395,-1.9129273475617392,-1.9232088787095,-1.3282817095466222,-2.049881057088196,-0.2712242723938196,-0.3619992641900464,-0.3454848730131183,-0.596531134212749,-0.8973909918865182,0.4841379122798671,-0.001442768783793,-1.818412864270966,-0.5723116219011798,-1.4331055798631132,0.1723965455984372
2013-08-28,WFC,41.09,41.578,40.98,41.25,13927866,0.179023544635025,0.1857192403771363,-1.1772630820672578,-1.8426737204168209,-0.3120967277809619,-0.3958351556878932,-0.2104085486228903,-0.6074508749431432,-0.9271260627304814,-0.1411672821928681,-0.0010865319222119,-1.6425982599545328,-1.91387733457884,0.2678739000014491,-0.3831339884971649
2013-08-29,WFC,41.06,41.66,41.03,41.25,10512561,-0.0329960430517004,-0.0247793014886723,-1.0887571413062462,-1.8558168382323668,-0.3422394593961466,-0.3952857446052184,-0.1680972944238554,-0.7673343143599871,-1.1662685007794045,-0.5611574301969732,-0.0012427088046935,-1.6298940975438705,0.1786192911145714,0.3232898588017381,-0.3184816856965624
2013-08-30,WFC,41.37,41.42,40.92,41.08,15031829,-0.2895746218337248,-0.280477930208613,-1.0923214320697805,-1.9050315786657752,-0.3702464180210513,-0.3893487728286078,-0.173867910910936,-0.8008254664099338,-1.2931486480167824,0.0646793197051925,-0.0014022847175276,-1.734782386905038,-0.0334556067571959,-0.5559278077203517,-0.5769512208553892
2013-09-03,WFC,41.65,41.85,41.06,41.39,15949324,0.4368187481985306,0.4407046587306151,-0.8132583288594213,-1.6737351484304448,-0.3775854586242023,-0.3314003302095824,-0.2394536167326578,-0.7481125448773709,-1.1445928964675935,0.1796065652584996,-0.0010630634739461,-1.4217835727207937,-0.2901011199617662,-0.4979483429727742,-0.0006189279523055
2013-09-04,WFC,41.36,41.75,41.25,41.5,12465007,0.1324638294982721,0.1395548308878867,-0.6688888640632471,-1.456263890361729,-0.3764294768326046,-0.263175534708821,-0.3080981986528789,-0.740294772475062,-1.0113781598287332,-0.2982483462998148,-0.0011108447191784,-1.153746071394271,0.4364817464851745,0.2294196658394512,-0.5872171611931228
2013-09-05,WFC,41.55,42.0,41.5,41.82,11332025,0.4470659328409559,0.4508184888146752,-0.4263807319176093,-1.0661664268428643,-0.360460526302772,-0.1704673717755527,-0.3328324734639382,-0.7918059450117333,-0.6596307930591552,-0.4160582225604814,-0.0011282677603138,-0.752335470646498,0.1320474298054398,0.4646336776249971,-0.5949004265084034
2013-09-06,WFC,42.01,42.02,41.2,41.43,14548697,-0.6135946710872276,-0.6049028805733687,-0.6138107699865752,-1.1422411938523502,-0.3606920204721671,-0.1380005072003276,-0.3400076439313966,-0.768640972064088,-0.7757352476728308,0.0774491690613485,-0.001383816047836,-1.231750071036709,0.4467316043413578,-1.0694023731129287,0.0581934682244434
2013-09-09,WFC,41.52,41.72,40.89,41.72,27418642,0.4027951921543697,0.4071120236679673,-0.3871060481791368,-0.7409948827956309,-0.3471566819890342,-0.0765914252832679,-0.38098843994057,-0.737892634499864,-0.6804700048295516,1.7270497180497042,-0.0009625310472107,-0.8362002564324625,-0.6142056972962686,0.3376130501110502,0.066703740392462
2013-09-10,WFC,42.12,42.46,41.9,42.45,18702335,1.056370384895623,1.049243244527696,0.0909880629000312,-0.2760160197941207,-0.3058704737259733,0.0439661013433679,-0.433881676395305,-0.6029136284643286,-0.4224517677396162,0.4631999246767033,-0.0010691230240681,0.0829863050573227,0.4024493146140153,0.5656133898613458,-0.4918920694230458
2013-09-11,WFC,42.49,42.53,42.25,42.5,14708766,0.0403349787369672,0.048106619691445,0.1479632119643109,-0.0985313678701008,-0.2697694797655272,0.1270654702912158,-0.5067240056199355,-0.6062244050976288,-0.4454771945198705,-0.0850489167909242,-0.0011142255869257,0.1459442887210029,1.0561950074738835,-0.0085354764463942,-1.0422547078579485
2013-09-12,WFC,42.52,42.66,42.07,42.26,14499515,-0.3845708430436748,-0.3754168571249457,0.0245869685432634,-0.327497683925407,-0.2494254516396303,0.1529868066414687,-0.5682357570159171,-0.6043905196792806,-0.4537113254763527,-0.1175326683552287,-0.0013637600567385,0.107399706582798,0.0398945451148224,-0.4882983039524948,-0.427786110605655
2013-09-13,WFC,42.12,42.39,42.07,42.19,9986513,-0.1361210460072265,-0.1274237489747227,0.0059728994786433,-0.5647078459156689,-0.2350442527810891,0.1583756558353092,-0.6260361082339058,-0.6051632804890895,-0.4407786388189983,-0.6824710090360016,-0.0013298850379229,0.0057871705037696,-0.385122123120548,0.0992443456609041,-0.9592055063453356
2013-09-16,WFC,42.77,43.07,42.71,42.89,19328978,0.9999649962705311,0.994087318941434,0.439045968471383,0.1179262963312422,-0.1955401819176586,0.2273525752503908,-0.611194008648279,-0.5142182754543179,-0.1193806471966692,0.5642660291717749,-0.0010685065112258,1.1684050472664422,-0.1366075122412013,0.1856594654946243,-0.891796984786927
2013-09-17,WFC,42.97,43.05,42.57,42.85,16797875,-0.0910590297605594,-0.0825507849359411,0.4025745832259879,1.2511073970143471,-0.1655944167126513,0.2579311965602294,-0.5813941690927824,-0.5277342734653766,-0.043043957794714,0.2157141262270932,-0.0013851581263158,1.1074108906161224,0.9997749042060732,-0.2373059439022169,-0.657750679863632
2013-09-18,WFC,42.8,43.82,42.75,43.31,23926784,0.6353516173764532,0.6363604094613563,0.666767992207684,1.375339159324524,-0.1240250481523541,0.3123130485487567,-0.5037245888818169,-0.4944727114493721,0.0808047045065481,1.083089344147638,-0.0010288268233153,0.8642669487472664,-0.091533740531352,0.8739500480201717,0.4676629238456111
2013-09-19,WFC,43.83,43.83,42.74,42.96,15954374,-0.5361203359286916,-0.5271769579258835,0.4291981263214411,1.002110143464264,-0.1053373708193463,0.2969214508200464,-0.4645671841182774,-0.4809768094550627,0.0405478310001685,0.0318818664093811,-0.0013751207164446,0.4591923788680687,0.6350664075274761,-1.5259755307680989,0.523237005989549
2013-09-20,WFC,42.96,43.1,42.5,42.85,32063130,-0.192409081339491,-0.1835213560014803,0.3488455580993537,1.0616426648018944,-0.0954521974391287,0.261950678994315,-0.4419643207025781,-0.4792431487422126,-0.0395573799909783,1.899241406235052,-0.0015221461707575,0.3348182397120576,-0.5367111511758098,-0.2197685147198595,-0.42435737555857
2013-09-23,WFC,42.42,42.52,42.06,42.31,16474582,-0.8175780792064826,-0.8100165700242327,0.0262967866200898,0.4270760077808154,-0.1093062916084543,0.172869595523563,-0.4632125085393865,-0.4415053951736761,-0.3220360536243112,-0.0442552510619844,-0.0014023637877013,-0.2757457161447266,-0.1929102316018797,-0.2222311281212561,-0.6852308888988328
2013-09-24,WFC,42.07,42.3,41.7,41.73,22122725,-0.8864505868752813,-0.879424428931865,-0.3150568207163898,-0.0498385101288953,-0.1431579309373663,0.0501313917562318,-0.4624796653021988,-0.4074522970475098,-0.3961422642234811,0.5478672416687417,-0.0014701860525359,-0.931536631694613,-0.8182423191783258,-0.6369085868555499,-0.3930369225485601
2013-09-25,WFC,41.83,41.96,41.29,41.81,19187145,0.0863579708444553,0.0938064812633881,-0.2868263678570195,-0.1953550211520007,-0.1666126809805475,-0.0212977572146107,-0.5103007254573653,-0.7300311731172621,0.0825980846543976,0.2041709300262792,-0.001027801771546,-0.8410827123084165,-0.8871327938245392,-0.0624398045770238,-0.2557970952928118
2013-09-26,WFC,41.92,42.2,41.41,41.61,20494186,-0.3308101425426307,-0.3216707017571372,-0.4226716453153957,-0.0695422817406762,-0.1925484267708012,-0.0848271167348622,-0.5381558654885666,-0.7210642723231876,-0.0393034266437185,0.312470764206654,-0.0014557577843143,-1.0672175107738957,0.0859295433781447,-0.5850248857721997,-0.0090292882793505
2013-09-27,WFC,41.57,41.77,41.51,41.59,20017656,-0.0629205984463478,-0.0545468899911828,-0.4456085584616843,-0.2808457582915886,-0.2131291245987497,-0.12186680308118,-0.5663221996318922,-0.7207957066795344,-0.0464241779253356,0.1970657729721537,-0.0014681070113308,-1.0898309906204389,-0.3313473979044994,0.0100326361362526,-1.0703182861071117
2013-09-30,WFC,41.06,41.54,40.9,41.32,20307689,-0.4371718094526696,-0.4280487859435978,-0.6212135057890985,-1.086414992509328,-0.2390065174875286,-0.1651321540642443,-0.5937074299859368,-0.7100570638072023,-0.0816743235102957,0.1967889772644024,-0.0014915856081929,-1.3951129685488348,-0.0633879686602619,0.4520922202540743,-0.3004683837606328
2013-10-01,WFC,41.37,41.5699,41.09,41.49,12771070,0.2231478672764262,0.2294371911652479,-0.5183643672179542,-0.9659815980173794,-0.251619704971546,-0.1656025984770325,-0.6024349217056036,-0.7253429546421709,-0.1319936215699837,-0.6225646922241812,-0.0010707773805268,-1.2028983898531784,-0.4377368117012403,0.192832934745034,-0.62734996910173
2013-10-02,WFC,41.2,41.26,41.0,41.26,17785517,-0.3781237515277963,-0.3689690474066977,-0.6543235012194943,-0.9603024920187322,-0.2692598220265946,-0.1789181841864387,-0.5799530441853854,-0.7162032632874523,-0.2524112119876119,-0.0929527727044951,-0.0014681794633771,-1.4629534080884803,0.2227551246002147,0.0837103207383112,-1.066151251409542
2013-10-03,WFC,41.22,41.22,40.64,41.0,19049175,-0.4253152323301879,-0.4161813233765854,-0.7914459260600867,-1.0633619791812274,-0.2918046036898692,-0.2021951750236232,-0.5121412347351944,-0.7308909816897087,-0.4554485088960182,0.0028074968581794,-0.001505553207342,-1.5061600412122107,-0.3786733497325906,-0.4295526676741832,-0.4123556466989871
2013-10-04,WFC,41.0,41.3,40.92,41.3,12281544,0.4225505727915565,0.4266194139431544,-0.6003400596888928,-1.4867170477913676,-0.2961471560615876,-0.1739645428412791,-0.5014815623049984,-0.7371644237092098,-0.2135607401397189,-0.716443028426164,-0.001055516794674,-1.1935410878477155,-0.4258771415179628,0.5265013893439587,-0.8245072760186376
2013-10-07,WFC,40.79,40.895,40.62,40.62,15277019,-1.0580678469023854,-1.0527149318732354,-0.9913846970973296,-1.7349893176017437,-0.3243082054382624,-0.2126884383598996,-0.3965227164960438,-0.6630262267418786,-0.5547062035521463,-0.3371588868828283,-0.0014608439093703,-1.881302785249608,0.4222098488965352,-0.3411928312488126,-1.0271009466479433
2013-10-08,WFC,40.55,40.77,40.21,40.24,19315805,-0.6154198305814735,-0.6067351439306331,-1.1624737775791367,-2.358169949815194,-0.3591374067867293,-0.2608312631605186,-0.2614661854844497,-0.7934363630763586,-0.9320770542012684,0.1104847988367468,-0.0015420394290526,-1.8537543194696968,-1.0587948241604248,-0.603901098320574,-0.4315107488681166
2013-10-09,WFC,40.43,40.55,40.07,40.36,17006962,0.1526641085345094,0.1595878309420475,-1.0226056326073565,-2.133321968934271,-0.3793404630988916,-0.2616980774610248,-0.177814160728764,-0.7862720406086512,-0.9069879136951914,-0.1590276048282976,-0.0009472955199808,-1.624916443266012,-0.61603133292534,-0.1571259735910041,-0.6001541161649621
2013-10-10,WFC,40.96,41.47,40.43,41.44,26572172,1.6329772101312696,1.6102768222651271,-0.3189071001775083,-1.035108682592398,-0.350503206739109,-0.1361626082939582,-0.1817272811424969,-0.4891634462213832,-0.4524502247966191,0.8068705689416332,-0.0008255506047074,-0.6700983420857222,0.1522529785489884,0.8590559314946553,0.5002420643564728
2013-10-11,WFC,40.44,41.51,40.3,41.43,46033823,-0.0480197007492294,-0.0397223648875232,-0.3014733622164471,-0.7809638319847478,-0.3259814579886398,-0.0468422752568748,-0.185346272497401,-0.4892171284281185,-0.4320367419370641,2.463686638718828,-0.0018709627045525,-0.6789392504299824,1.6329522538595205,1.8232449552993468,0.8427200200174078
2013-10-14,WFC,41.14,41.9,41.1,41.75,17182574,0.4478770440722529,0.4516189738718876,-0.0642246414513116,-0.1746883318870332,-0.2922809010818477,0.0482400853575165,-0.2480477195329143,-0.5697399988200306,-0.5578398886475445,-0.3528093101269818,-0.0009395880996395,-0.3960301834135994,-0.0484831837213187,1.0939213914858663,0.0056266960453416
2013-10-15,WFC,41.86,41.98,41.42,41.54,17256590,-0.3461502436433563,-0.3370018962745547,-0.1553102250389779,-0.3761749052639543,-0.272393802844308,0.08875036902775,-0.316531087080357,-0.5651734166160306,-0.6164706456061273,-0.3474188659067454,-0.0015171593520489,-0.5816892586431013,0.4475429271696717,-0.603874392501765,-0.4678072604877851
2013-10-16,WFC,41.91,42.63,41.75,42.21,25931840,0.9711658520866596,0.9659071597985333,0.3026929133783855,0.1855522045752772,-0.2293175712520926,0.1808470260268633,-0.451251802444971,-0.5100672855330868,-0.5404902138591321,0.4932261128539567,-0.0007850254798416,0.0106516004224513,-0.3466915008233574,0.514497945641259,0.1461780216429578
2013-10-17,WFC,42.04,42.76,42.0,42.68,18826235,0.6602348885837375,0.660839530266095,0.6087263068318122,0.4322051526977127,-0.1763455391233318,0.2799959718548229,-0.491611159606833,-0.4807306206060071,-0.2631993394972135,-0.2147824484601866,-0.000957474745878,0.9821011133394696,0.9709682471031772,1.1238533469261087,-0.1072786088929722
2013-10-18,WFC,42.72,42.9399,42.38,42.68,17581297,-0.0329960430517004,-0.0247793014886723,0.6142486434485956,0.6287874823698842,-0.1345104094500755,0.3306489333142128,-0.516079912447529,-0.482545903778019,-0.2257433071952028,-0.2741326622783194,-0.0012427088046935,1.1418387223725754,0.6599561701082693,-0.0970579227276951,-0.498012111744277
2013-10-21,WFC,42.64,42.86,42.52,42.62,16457221,-0.1205190573421127,-0.1118835356328367,0.5662662290011167,0.5060905387657775,-0.1042119547662977,0.3414760996582286,-0.4826134391351487,-0.5365742158394353,-0.0598704654139946,-0.3872336312363341,-0.0014688121120226,1.0723412164502235,-0.0334556067571959,-0.0617535983032286,-0.9264742469938412
2013-10-22,WFC,42.75,43.05,42.57,42.94,18618845,0.4344505078526903,0.438367003089418,0.7290074798853913,0.825346169278971,-0.0685127764385049,0.3640392024217561,-0.382750489449067,-0.5971106941345672,0.2583731561388422,-0.1530849936520911,-0.0009642185894742,1.3201740645691702,-0.1210014534385615,0.3094691609697099,-0.6597074006263198
2013-10-23,WFC,42.91,42.97,42.7,42.76,13594744,-0.2939752407634898,-0.284872680935723,0.584654773779089,0.8913586069253004,-0.0484426568167041,0.341860756571587,-0.3202593770070751,-0.5863072196240625,0.166228432789482,-0.643708836458108,-0.0014275074434397,1.1193845757303622,0.4341128883293801,-0.2904220687774685,-1.0650836737136185
2013-10-24,WFC,42.93,42.98,42.55,42.69,13946548,-0.1349151876939023,-0.1262225261113005,0.5056911112819877,0.7071811931003954,-0.0365664608582094,0.3030269814373451,-0.2720390948906359,-0.5963918923291215,0.2137168373529231,-0.5830830701268748,-0.0014458138596601,1.0412997745152697,-0.2945028868941755,-0.4486885154134831,-0.7518633816483824
2013-10-25,WFC,42.64,42.93,42.57,42.86,19831784,0.2149277417868667,0.2212951098808251,0.5716736040116966,1.4366135691831827,-0.0219076349334506,0.2791224029612112,-0.2161291085877577,-0.595384207040938,0.280994266644241,0.0344997599656448,-0.0009310911716012,1.230934291751924,-0.1354013393520063,0.3634909710802835,-0.8913073485907321
2013-10-28,WFC,42.83,42.99,42.57,42.83,12674535,-0.0765737641193007,-0.0681331948874247,0.5042396352691639,1.8679356124552584,-0.0130171646235446,0.2451510921276955,-0.1815393392213083,-0.6176759563269295,0.3692289983194144,-0.6888808133522822,-0.0014217598831225,1.1974693769454547,0.2145328547018916,-0.0263165508545973,-0.7740658813670397
2013-10-29,WFC,43.01,43.06,42.67,42.96,13105661,0.1559730177658444,0.1628687212861405,0.5385281513339563,1.8703266928385127,-0.0025222358209118,0.222103892001026,-0.1396332174862933,-0.6190726482987208,0.3528707917178461,-0.6440179310912191,-0.0010447988683764,1.3317021121446408,-0.0770446960754482,-0.1141470381371662,-0.8347378858924392
2013-10-30,WFC,43.11,43.4,43.02,43.1,16028377,0.1698932784054889,0.1766692054032142,0.567080015563334,1.5703751198688995,0.0094992183611547,0.2075953819478059,-0.1083618434589338,-0.6395959251857068,0.4874733923556342,-0.3237640814978204,-0.0010167743698839,1.1434029380088804,0.155562750985388,-0.0438419011585767,-0.856532100100247
2013-10-31,WFC,43.04,43.23,42.68,42.69,18760653,-0.6252418754047695,-0.6165963491261146,0.2573173109355974,0.9784537098852704,0.0011807482656209,0.1436339589586571,-0.1385784214771689,-0.6157157298079939,0.4378954572626266,-0.0289412986699946,-0.0014872492356402,0.7341193252907314,0.1694866430451301,-0.6407014208863033,-0.5175953308291903
2013-11-01,WFC,42.72,43.04,42.58,42.67,15539134,-0.0621635471503501,-0.053793633272005,0.2016029619824379,0.7522226357073201,-0.0078049805711526,0.0907473080539894,-0.1560923503003642,-0.6246150140945532,0.3197039907260284,-0.3893267264495144,-0.0014648293860355,0.7141542710118016,-0.6258559400548954,-0.1147432656959664,-0.6928754514239465
2013-11-04,WFC,42.75,42.84,42.53,42.7,11921602,0.0107757198955145,0.0187370991963424,0.1548515589023353,1.0768732352159371,-0.0152657323396474,0.0523632520521114,-0.2578375285099195,-0.7582373078552769,0.5845669448747278,-0.7632653919866512,-0.0010574727993949,0.7441018524302037,-0.0626307198700244,-0.11468121186099,-0.9862731637239252
2013-11-05,WFC,42.67,42.82,42.5,42.63,16604148,-0.1350583996067457,-0.1263651862825423,0.0367136839840599,0.4002904732147875,-0.0253373920228671,0.0149355752238823,-0.4685733792285289,-0.8119229843855011,0.7048106583595363,-0.247177565996156,-0.0014845592158625,0.6742241624539347,0.0103275750609574,-0.0971408162967988,-0.9657298340939856
2013-11-06,WFC,42.62,42.64,42.27,42.44,14750796,-0.3104773267657536,-0.3013555401339032,-0.1453069306266303,-0.5775287117120792,-0.0420087140779317,-0.0319939835731813,-0.737001537996448,-0.7897577215840617,0.5894116280410473,-0.4380611159117523,-0.0014780747232174,0.413454792210694,-0.1355445886249704,-0.3453996416308665,-0.864742420665279
2013-11-07,WFC,42.56,42.6,41.71,41.71,22419815,-1.103881230939593,-1.0990571241365523,-0.6044968975231784,-1.309782086530049,-0.0846705771876945,-0.136436835868461,-0.7741717188455999,-0.9222090176607356,-0.0717875585460776,0.4246094708214179,-0.0016335927601049,-0.3693363440257605,-0.3110092778450543,-1.5352220345575966,0.1869874090836801
2013-11-08,WFC,41.72,42.96,41.71,42.71,23334181,1.4596445107382376,1.4421593176285237,-0.0265483794694579,-0.11300939835425,-0.0798998841217051,-0.0979005346415033,-0.87141987781303,-0.6938502204628516,0.286271140643774,0.6946737859722236,-0.0007691906287858,0.44562429096014,-1.104620159672381,1.7664990605755442,0.8478255725640597
2013-11-11,WFC,42.69,42.86,42.44,42.75,11752858,0.0253116483541369,0.0331814637012197,-0.032817657622364,-0.3633893160322125,-0.075372146786625,-0.0676968575289084,-0.9343817475740704,-0.7095370241838265,0.1842966914449837,-0.6426102017731138,-0.0010389709262117,0.3516070353557045,1.4595743366458998,0.0798700762156386,-0.7725365096417217
2013-11-12,WFC,42.68,42.75,42.07,42.28,13379204,-0.7174703734454234,-0.7092692541040935,-0.3449162009662083,-0.5930702086910459,-0.0909289955137317,-0.0952312946144796,-1.0516583403710642,-0.667411585208542,0.0941515202816386,-0.4301917574708644,-0.0014587777348413,-0.760129130609238,0.024867295550786,-0.7343932627615306,-0.2509316507812849
2013-11-13,WFC,42.16,42.79,41.8,42.76,24049247,0.6738123296852286,0.6741923686275973,-0.0664687085207263,-0.1362422805476955,-0.0850825683789122,-0.0621671806634979,-1.076531475175594,-0.7155785162178616,0.023890077889291,0.8734107076755495,-0.0008215322804491,0.1840171048773826,-0.7181084980201461,1.0488986079756242,0.3382235886070002
2013-11-14,WFC,42.88,43.12,42.58,43.09,17831272,0.4474799245472585,0.4512270582077995,0.1237669801736148,-0.0224866129084618,-0.0683698888648539,-0.0077463429369057,-1.055432375734645,-0.7398320047744184,-0.0263924768328408,0.1255296743517636,-0.0009715753449177,0.8331176417744491,0.6735371531974982,0.3436898596794225,-0.5469037554588259
2013-11-15,WFC,42.98,43.635,42.96,43.54,23401158,0.6171807235846488,0.6184785285691141,0.3734683198570677,0.2769219086656878,-0.0386653656444289,0.0692311092949651,-0.9776984820017146,-0.702697861114366,0.1284563348647481,0.7542587273014378,-0.0009185512279774,1.278828234760661,0.447145704046917,0.9580715294121176,-0.2992917455386593
2013-11-18,WFC,43.58,43.72,43.36,43.41,13117659,-0.218883614820545,-0.2099239081278268,0.26901555240727,0.1063058087573555,-0.0216866978979602,0.098056938161204,-0.936471793793821,-0.6987364752874432,0.1047514435177485,-0.4598654685904685,-0.0014054131558372,0.9301940374629448,0.616890773440169,-0.321034391085897,-0.9001764824693593
2013-11-19,WFC,43.515,43.82,43.37,43.56,14700496,0.1821319372474792,0.1888000165079297,0.3416936998378331,0.1121971681046204,-0.0039779215057674,0.1229968883397497,-0.8836756172188478,-0.7135356646557585,0.0445784927969374,-0.2476540788048181,-0.0010490163530614,1.033263965588601,-0.2193916715737995,0.051813526870814,-0.7303646090783641
2013-11-20,WFC,43.73,44.0699,43.48,43.62,15790577,0.0527588295358705,0.060446565914596,0.3516427895322024,0.4712882756789576,0.0105994259148521,0.1348886042161016,-0.831060945521457,-0.7237544736524834,0.1279026710956614,-0.1271608914722129,-0.0010482268091892,0.8091445796875347,0.181728494622719,-0.216362202984752,-0.4642543700168862
2013-11-21,WFC,43.81,44.3875,43.785,44.08,16450016,0.6235536417109319,0.6247506717614222,0.5896701912935414,0.7161146846991927,0.0381201042722556,0.1777178879340026,-0.7265721139014885,-0.6937128016920977,0.3107217813832449,-0.0620060885082788,-0.0010533729152855,1.0611100041952837,0.052321636960905,0.4393073248205135,-0.4521935069963729
2013-11-22,WFC,44.0,44.38,43.9295,44.36,11035085,0.36247243470697,0.3672763551099512,0.713571285583674,0.8215538804804973,0.068464659017496,0.2192499241186704,-0.6004275899105108,-0.6873140033020643,0.3465180170979241,-0.678693643847758,-0.0011238091122654,1.408736831640251,0.6232653540886965,0.5918344186401566,-0.744952007655116
2013-11-25,WFC,44.48,44.72,44.4,44.48,12363867,0.1354206499110822,0.1424875707717414,0.7348223366445961,0.9257032494056636,0.0944507043080495,0.2412568247601035,-0.4864740154610124,-0.6895438891266832,0.3983135407205098,-0.5128072977872201,-0.0011149647424515,1.17782773259614,0.3621160380480749,-0.0263165508545973,-0.9917493713361444
2013-11-26,WFC,44.53,44.745,44.29,44.31,13429858,-0.2709426791748575,-0.2618742886190222,0.5890109192149917,0.9423812918652472,0.1054427570628005,0.2202680666019072,-0.4153146498226601,-0.6781151423738839,0.2940417153187783,-0.3824218118423287,-0.001375360873311,0.9664309865297988,0.1350050215728495,-0.3995793564980585,-0.7355330850569206
2013-11-27,WFC,44.48,44.48,44.07,44.27,13655907,-0.0891982885931858,-0.0806985492657732,0.5282133108824824,1.6155078835261651,0.1096200415390124,0.1859359638400042,-0.3590187062589186,-0.6771370171256073,0.2312066451005484,-0.3420882677654044,-0.0013843644537631,0.9226196977331932,-0.2714643167321969,-0.3830133782758708,-0.81947496502238
2013-11-29,WFC,44.39,44.51,43.96,44.02,9770220,-0.3845774610468312,-0.3754234762103378,0.3352426016052791,0.9363135322853924,0.1002400177239577,0.1235740034726079,-0.3460158358080075,-0.7044073993839064,0.2900801095373712,-0.791694659553193,-0.0013495086494534,0.6487991427544045,-0.0896725139468554,-0.6560565938681978,-0.5500364710635994
2013-12-02,WFC,44.11,44.475,44.09,44.18,16740624,0.1932939614865161,0.1998616084843882,0.385614267893225,0.9978719767723716,0.0962969906859084,0.087679171286895,-0.3316660574631898,-0.7047043006308652,0.3522486132750367,0.093757546734192,-0.0010523904324722,0.8240442979408256,-0.3851287428501628,0.0935797302887471,-0.8650624497006865
2013-12-03,WFC,44.07,44.28,43.57,43.73,22409916,-0.6671317803618054,-0.6586709102729252,0.0817173577963416,1.0212899488192413,0.072925302424001,0.0089542660050417,-0.3477545929415849,-0.6522589406056895,0.1867887646639571,0.7259952089842754,-0.0014811294327705,0.3311672989790022,0.1928934307324601,-0.6091984876496978,-0.2382022427037803
2013-12-04,WFC,43.4,44.07,43.34,43.75,18009593,-0.0045222092997795,0.0035318937428727,0.0597134197141314,0.7611535708209507,0.0528844252658067,-0.0454522077781148,-0.3737037118376432,-0.65523146619918,0.2183765680103589,0.1725171614245369,-0.0010330959903298,0.353072943377309,-0.6677567729569379,0.5829720391491958,-0.2007221341668512
2013-12-05,WFC,43.62,43.95,43.21,43.25,19050171,-0.7445164716068836,-0.7364719980014771,-0.2666119423265797,-0.0434896179902708,0.0154498346938708,-0.1337485057055266,-0.423683737366527,-0.6081139039299821,0.1128271292186999,0.2702964903539534,-0.0014488624103772,-0.1945681665802688,-0.0049743449509577,-0.6671730503817346,-0.1653762504154473
2013-12-06,WFC,43.67,44.19,43.43,44.11,16911825,1.204967245937365,1.1943136814812902,0.1791067116172235,0.2711328270881873,0.0177279971897528,-0.1021656012906577,-0.5908391782435763,-0.6237326755792111,0.6775894335049927,0.0450858094133845,-0.001045010111497,0.7473745425467646,-0.7451616517782627,0.7349105036589508,-0.1553898027744716
2013-12-09,WFC,44.14,44.48,44.14,44.32,14011202,0.2634035913781732,0.2692952625724589,0.2563422681832912,0.5298376698826582,0.0258045413970118,-0.0619743430505886,-0.6186813435244933,-0.8072361657088826,0.3861485413788666,-0.2624918423233169,-0.0010898101079981,0.9631581568064512,1.204830633423956,0.2817786310412927,-0.951976151442239
2013-12-10,WFC,44.22,44.44,44.05,44.11,14352407,-0.3279912568310697,-0.3188538655498018,0.0890311243859306,0.2385878265470497,0.0219909408815954,-0.0604263642904327,-0.6696970416955931,-0.7895353039020859,0.2997442747302397,-0.2339077470745107,-0.0013911527214382,0.7261197449684459,0.2630213503333127,-0.2142563149353677,-0.8544629802671867
2013-12-11,WFC,44.07,44.17,43.48,43.52,18230102,-0.8657378731165619,-0.8585425313853841,-0.3017387222185947,-0.2571951946976172,-0.0058795509060823,-0.1211100052869814,-0.8251784989706478,-0.7621127854056466,0.2632543985071432,0.2209116416840762,-0.001441913947369,0.0601546831378654,-0.3285277768217775,-0.9692138015525396,-0.2699729604004359
2013-12-12,WFC,43.57,43.78,43.47,43.5,13744202,-0.0616072735197987,-0.0532401536986614,-0.3356931373874073,-0.6294338401534406,-0.0301033560068193,-0.1602704093283433,-0.9134880403450908,-0.8046418468291926,0.0866869100526099,-0.2806064491340702,-0.0014045090729053,-0.4687175591770438,-0.8664146766781271,-0.1476988083995348,-0.997400533532843
2013-12-13,WFC,43.52,43.83,43.49,43.73,14097262,0.2961843851016953,0.3017332989293109,-0.2171427051288384,-0.6736486098032967,-0.0414672323138075,-0.1584974972250497,-0.9701338856128552,-0.8165860268279097,0.0506569953262985,-0.2136028755299467,-0.0010664778900368,-0.447342122039125,-0.0620743011227045,0.3382485889362628,-0.9433501470990296
2013-12-16,WFC,43.97,44.14,43.8,43.98,13254162,0.3229268788473313,0.3281835908162827,-0.0808308046259792,-0.5610126006548827,-0.0418480203037163,-0.1288088872838919,-0.9830779832850572,-0.847631737453053,-0.0190598209101647,-0.2650878790008453,-0.0010869107386683,-0.2137980400830196,0.2958106956807034,-0.0091339751983647,-0.9470334903799666
2013-12-17,WFC,43.76,43.82,43.49,43.59,13376138,-0.5850795952218986,-0.5762838573867038,-0.3192506046798586,-0.6965066790151987,-0.0585200504187655,-0.1469913761136122,-0.9987596305267634,-0.8148417861096002,-0.1065790249650848,-0.2502546355761287,-0.0013915831945985,-1.0583783655569965,0.3225601658208021,-0.3198221147778035,-0.9603882812075696
2013-12-18,WFC,43.98,45.06,43.66,44.93,28013337,1.8808780163218832,1.84992832250474,0.439627495739153,0.1658681670493301,-0.0204565389630493,-0.0206490254255268,-0.9230509855658372,-0.4826732414342461,0.2944278445967328,1.5539103713801272,-0.0009132515618248,1.2092876171293554,-0.5856831826176686,1.605656980351559,1.0055423996110562
2013-12-19,WFC,44.62,45.2,44.5,45.02,17692814,0.091714025385256,0.0991227400877766,0.4506513704562931,0.3648449537890671,0.0114232549703196,0.0645080726727378,-0.8540671460611083,-0.4826430216821283,0.3038932778358842,0.214649471851223,-0.0010567087072264,1.1421990151377872,1.880917730676145,0.6509742170563945,-0.2954864613830208
2013-12-20,WFC,45.1,45.2,44.8,44.96,29401363,-0.1159698824545178,-0.107353107316013,0.3881968256416518,0.2512766947095289,0.0322588834827266,0.1042062594788516,-0.7957368790317892,-0.5086421011315794,0.1257209535570835,1.5619815836792157,-0.0015323838584715,1.0419724361194167,0.0912869951689399,-0.2608453739691395,-0.8498571792997587
2013-12-23,WFC,45.12,45.53,45.1,45.21,13037310,0.3131896636797162,0.3185540773729967,0.5110618158220742,0.6796710688078631,0.0562654441029199,0.1441267335828085,-0.7185905325648734,-0.5112849978867211,0.1139379982264763,-0.454799893809805,-0.0010992899580935,0.9843709539249558,-0.1164510917940846,0.1243851482686863,-0.7986548105114073
2013-12-24,WFC,45.25,45.46,45.18,45.39,4355277,0.2148793550846482,0.2212471794057649,0.5902871023553065,0.7438485652161206,0.0797592748710256,0.1747433550531478,-0.6325343270250048,-0.5092891716878784,0.1329897782927463,-1.5001165605667874,-0.0011971521760904,1.2422815904506657,0.312820410476694,0.2074348286474103,-1.077214169344241
2013-12-26,WFC,45.5,45.64,45.43,45.54,7310638,0.1727476367188797,0.1794986234739669,0.6417841808685957,1.2079602981001545,0.1014164442543168,0.1945091174423255,-0.5371486602320054,-0.5165349422149869,0.2402065507962386,-1.113291997994139,-0.0011674737986602,1.3060811580594482,0.2144844553768891,0.0401026009348254,-1.2070116351915403
2013-12-27,WFC,45.59,45.63,45.39,45.5,6844651,-0.0876803096292794,-0.0791875500623286,0.5806169644708903,0.832332462175062,0.1139954732435786,0.1869547502561304,-0.4631737569378983,-0.5165732300740501,0.2405749117634947,-1.1535179860672546,-0.001311289121437,1.2513621204060748,0.1723417459835256,-0.1754646242137235,-1.1517237612828886
2013-12-30,WFC,45.57,45.61,45.33,45.5,11321358,-0.0329960430517004,-0.0247793014886723,0.5356980154718932,0.7259461829386036,0.1208749336495131,0.1662406650895697,-0.4074161579314599,-0.5335086341843247,0.3263007260514127,-0.5782746979016017,-0.0012427088046935,1.2513621204060748,-0.0881541389832288,-0.1423715203791294,-1.0784570719827322
2013-12-31,WFC,45.52,45.55,45.15,45.4,13243795,-0.1698268946969271,-0.161009461820156,0.4397407694651107,0.841054066398859,0.1193198083547148,0.1279589185607829,-0.3678827050159513,-0.5301455587385383,0.2380819097795526,-0.3099192157793332,-0.0013787678249696,1.114564526272637,-0.0334556067571959,-0.2254864590105013,-0.8570432003531855
2014-01-02,WFC,45.15,45.3,44.91,45.02,17344590,-0.5540985595596196,-0.5452048714749307,0.1768687270861009,1.081012506841088,0.1002801143206193,0.0523285423929259,-0.3821833222422529,-0.5435899066653084,0.2657645064650212,0.2649851819581839,-0.0014300830663778,0.5947336685655866,-0.170322153876631,-0.2438521448935954,-0.8693573257648134
2014-01-03,WFC,44.99,45.48,44.98,45.34,14693755,0.4095311004299834,0.413764066271742,0.3178768557497988,1.2452394524881214,0.0949936539767182,0.0272248282205745,-0.3857725290184656,-0.5338783379859023,0.366274221353675,-0.0663381785737032,-0.0010724784591906,1.032485969792582,-0.5546940648397986,0.5614390571952943,-0.6722584021684284
2014-01-06,WFC,45.53,45.81,45.36,45.42,18521241,0.0768549273913136,0.0843729222714301,0.3000822598507767,1.1827527556890662,0.0912050517432888,0.0109973178739963,-0.4519995289116958,-0.5989872586554286,0.5693973266986624,0.4532692853549022,-0.001040537007141,0.8981599288304604,0.4091869801062013,-0.2088488672976385,-0.7656218586532251
2014-01-07,WFC,45.8,45.8,45.22,45.4,16963813,-0.0604104144733586,-0.0520493230229217,0.2499399131090438,1.0415676831191083,0.0847424466904729,-0.0088675276284374,-0.4512449460534385,-0.7182457110181174,0.2620322064571405,0.2428612181315105,-0.0014153069367144,0.860436687940137,0.0764240208375866,-0.686157469286648,-0.5266168868243911
2014-01-08,WFC,45.4,45.95,45.35,45.92,20907314,0.6800916111170471,0.6803668022932133,0.5067649097890312,1.7558054575987043,0.0972683250879083,0.0241166254911255,-0.4067471856705003,-0.6842558193975866,0.3627233939095293,0.7111521853815436,-0.001015880880227,1.4026668787560803,-0.0608771298480592,0.8390342923930825,-0.5023753899549677
2014-01-09,WFC,45.97,46.2,45.8,46.16,14389488,0.2923943968363303,0.2979838076481206,0.5856163273043552,1.3024008225496508,0.1136344780558852,0.0603887486225007,-0.3663029170220396,-0.69837549032888,0.515076360479781,-0.148062939395327,-0.0010983895794993,1.3941727956003145,0.6798180727242762,0.2859488217903697,-0.8691327438868662
2014-01-10,WFC,46.06,46.06,45.63,45.94,15532776,-0.3297197919617335,-0.3205811287308626,0.3851608748267778,0.8698743760754608,0.1149256029668841,0.0506035844197474,-0.430518670324988,-0.7794399720099698,0.6491923939080805,0.0207513425671936,-0.0013907939634816,1.126290034341214,0.2920197187097449,-0.2231514231788863,-0.811250553506572
2014-01-13,WFC,45.96,46.105,45.45,45.56,21059377,-0.5479732796529068,-0.5390620723819112,0.1034038338677797,0.4248438799003172,0.0981659534574139,-0.0036869295636061,-0.552336732042493,-0.7348884151035596,0.5280240159832519,0.6896992574445125,-0.0014547999074038,0.6578321898448428,-0.3302567628805795,-0.6838603729648652,-0.393161853697134
2014-01-14,WFC,45.48,45.84,44.92,45.59,28526935,0.0079991528428898,0.0159776388042541,0.0664194168527216,0.2319242559426162,0.0834068771273642,-0.0419698998255579,-0.6696712377063776,-0.7376535544454202,0.4571967777994394,1.4951102934606124,-0.0009316387791952,0.6946312474549087,-0.5485671870129653,0.1564164387595671,0.090483305210857
2014-01-15,WFC,45.9399,46.74,45.76,46.4,27430537,1.0731458822355984,1.06563766483593,0.4643190752887755,0.7155293481073738,0.100730960014485,0.0099852234906352,-0.712515764198682,-0.6499304007249905,0.6406506045023158,1.2171644878093828,-0.000973741756629,1.0951182221219755,0.0075502836769673,0.7303541504819762,0.1688925231176947
2014-01-16,WFC,46.3,46.46,46.07,46.39,12893346,-0.0464137235470798,-0.03812483077681,0.3760554593369761,0.6060714054363411,0.1110901464515706,0.0336217985792118,-0.8994793414498169,-0.6996809862440385,0.7759123288224168,-0.5090752036609022,-0.0013579631724503,1.0651308502107837,1.072974881088109,0.1205443706236437,-0.8906786062715404
2014-01-17,WFC,46.48,46.56,46.14,46.39,15168194,-0.0329960430517004,-0.0247793014886723,0.3332481972602051,0.6541932253069154,0.1162635231119798,0.0391828735566283,-0.8785772648515253,-1.0715035496528191,0.3097623624789168,-0.1671975679478532,-0.0012427088046935,0.923475386967495,-0.046876787563085,-0.1726087338245205,-0.8367828146705923
2014-01-21,WFC,46.51,46.8378,46.241,46.5,15534175,0.1146302584107587,0.1218635513877439,0.3531992141512702,0.7260425022848708,0.121594772198552,0.0440380944457919,-0.8523398606589514,-1.0712673758689828,0.315332763462249,-0.1091197878564486,-0.0010978313205122,0.8918391392043313,-0.0334556067571959,-0.0425607532111777,-0.5216932584106081
2014-01-22,WFC,46.74,46.83,46.5,46.67,11817453,0.1946139865129951,0.2011696256934005,0.4007773880263944,0.9483762443348565,0.1293233835307024,0.0540930403075723,-0.8295653080067179,-1.074698529927921,0.3911084523414486,-0.4877695226799295,-0.0011379628736862,1.1535345972064517,0.1142092064208081,-0.139466421655473,-1.0020270576570856
2014-01-23,WFC,46.4,46.45,46.0,46.35,19832320,-0.4598778086301256,-0.4507819823296508,0.1841823974565344,1.0242358666352052,0.1197776994654332,0.0176732580143877,-0.8321056151760478,-1.0435503300470526,0.2028540932180777,0.5112745189620659,-0.0014121024983699,0.6017459822144422,0.1942138001178225,-0.1077301124499268,-0.7821893429194703
2014-01-24,WFC,46.04,46.16,45.48,45.48,20323164,-1.2015935106625637,-1.1980132961892518,-0.3167154975022806,-0.0798650353021631,0.0754078826876758,-0.1010992859380586,-0.8371909974408922,-0.859878245223836,-0.1383562302449123,0.4476764606969043,-0.0014275787551091,-0.8984293147950909,-0.460448734260728,-0.9452783164902056,-0.3452424508729333
2014-01-27,WFC,45.53,45.88,45.23,45.53,21418026,0.0354494687101587,0.0432534302133961,-0.2877935604195676,-0.1025632957047774,0.0400544028251039,-0.172909425093099,-0.8367660812512911,-0.8641527229905682,-0.1707019276483875,0.4741506474169302,-0.0010339750560842,-0.8122123437025822,-1.2023579298905054,-0.0263165508545973,-0.401524678957228
2014-01-28,WFC,45.79,46.24,45.65,45.96,16150311,0.5549889366185992,0.5572368026984519,-0.0547153841905144,0.2076406669129729,0.0269526039055918,-0.1730820927238217,-0.8440926001592712,-0.8270996912287226,-0.0189975479889888,-0.1952891004969969,-0.0010963225945178,-0.0707463923070701,0.0350077605903765,0.2541770826304438,-0.5214564720061922
2014-01-29,WFC,45.63,46.21,45.49,45.59,20556137,-0.5342030464127521,-0.5252546789312671,-0.2690895630834245,-0.4314638320624688,0.0003080597543791,-0.2080790199216482,-0.8481635325232179,-0.79667800339643,-0.1384266319842838,0.2491201095517349,-0.0014196940378586,-0.7087519783915766,0.5546827623163294,-0.0925464742913437,-0.2751269561575595
2014-01-30,WFC,45.85,46.2,45.765,46.05,12714335,0.5951833219262671,0.5968240889430529,-0.0244517373224594,-0.2656118471075525,-0.0043503351577711,-0.1794845920216632,-0.8623263625436397,-0.7604195692606479,0.0427930323779071,-0.6236755505344538,-0.0011257837699455,0.084444155659426,-0.5347933614908102,0.3032441259631493,-0.8040649676737521
2014-01-31,WFC,45.41,45.71,45.23,45.34,27381421,-0.9928919523674504,-0.9868464492224202,-0.4396160204863293,-0.5635347790509276,-0.0372513734116753,-0.2293051274771109,-0.8977448956659474,-0.68995384702411,-0.0630856603777085,0.932471528964008,-0.0014843369961292,-1.1533039085545127,0.5948876332537133,-0.142780434607788,-0.7090210219650375
2014-02-03,WFC,45.31,45.62,44.315,44.43,29578408,-1.282550831840994,-1.2801211864721953,-0.9347497930584808,-0.8231707056296914,-0.0996863248388198,-0.3451813399344372,-0.7675089559109739,-0.5654050714964356,-0.4622444852596264,1.04753997665663,-0.0015286167395154,-1.7297723917162748,-0.9936019269946184,-1.493665280521643,0.856567642371548
2014-02-04,WFC,44.57,44.82,44.23,44.77,20853251,0.4434327831809615,0.4472328091768318,-0.7219674692416217,-0.6235335926075618,-0.1359149559823343,-0.3704276926219558,-0.7063853469735417,-0.5426630050294984,-0.3776543426437663,0.122451665903217,-0.0010179886220525,-1.1929608762769244,-1.2833363706478562,0.3127087359323495,-0.4930190756282069
2014-02-05,WFC,44.6,44.63,44.17,44.23,22141553,-0.7839306030077566,-0.7761358196315369,-0.9988827282611572,-1.3976315709638891,-0.1854369852224681,-0.4248417526319348,-0.5776179979107724,-0.5007411458858089,-0.5459629174762721,0.2260914596043662,-0.0014634391164729,-1.806540474639168,0.4430975068907267,-0.6530914501679216,-0.7245638885758666
2014-02-06,WFC,44.37,44.79,44.27,44.78,21097185,0.7411825828632479,0.74040559926725,-0.651423294012997,-1.002665073111504,-0.2024009410420813,-0.3845690801302053,-0.5319981829470195,-0.492085185704212,-0.5320820553511144,0.1179641067910409,-0.001014216916775,-1.1212192940434007,-0.7845860652616773,0.6718180426949407,-0.6235425946934197
2014-02-07,WFC,45.05,45.4,44.84,45.37,16998725,0.7872862732538107,0.7856767270700371,-0.2900946860079424,-0.6571123118964471,-0.1921068280141462,-0.2821891421524002,-0.5374103031228518,-0.4389420271322373,-0.4188282088005875,-0.3135255570219359,-0.0010726094970198,-0.3860565730406795,0.7409249814553026,0.5103442982319828,-0.5626511819813466
2014-02-10,WFC,45.39,45.62,45.22,45.52,12522521,0.1728383326323876,0.1795885248034088,-0.1918500590960561,-0.6359697123489412,-0.1776931286223295,-0.1896814473866192,-0.5401079192530647,-0.439591814791708,-0.301746666685073,-0.7595231370991866,-0.0011246377097111,-0.1991507965145559,0.7870406990537023,0.1900688219337106,-0.8589789139649536
2014-02-11,WFC,45.54,46.09,45.46,45.97,13577163,0.5824722538367062,0.584307746078095,0.0550285520968585,-0.4949981361375535,-0.1485439517682462,-0.077746426251695,-0.5360302260023602,-0.4307877907338996,-0.0353108982967269,-0.6243618023665094,-0.0011199177983263,0.3615665330637889,0.1724324655571483,0.68706218474053,-0.4491715973290912
2014-02-12,WFC,45.96,46.25,45.81,45.99,12219422,-0.0059096660673276,0.0021526619166547,0.0549519391010468,-0.3536973693519115,-0.124912136836222,-0.0024000039518731,-0.5318871829903221,-0.4307945682917761,-0.0386193097186571,-0.7100609747712094,-0.0011368794834344,0.3864873032672753,0.5821732491897379,0.0229992358036747,-0.7939771261612739
2014-02-13,WFC,45.56,46.07,45.44,45.98,14638566,-0.0465333419207211,-0.0382438188610054,0.0613545481129642,0.0750238384129853,-0.1070395637901523,0.0430529444166703,-0.553188806726813,-0.5349222109588077,-0.3004155444909539,-0.388725458770637,-0.0013648327939837,0.3740269181655278,-0.0063621636685095,0.6701661042682518,-0.4494199993081591
2014-02-14,WFC,46.03,46.28,45.81,46.13,11372314,0.1701076025504594,0.1768816613592231,0.1551158325914294,0.1222490791984129,-0.0876577520106092,0.083300057630502,-0.5689802830767416,-0.5305169458232043,-0.2497900101734977,-0.7526152704869624,-0.0011434668595208,0.5609326946916516,-0.0469964371419297,0.1378194151685856,-0.7421974334572025
2014-02-18,WFC,46.29,46.3299,46.07,46.13,12151989,-0.0329960430517004,-0.0247793014886723,0.1626700963594611,-0.0935837641169268,-0.0731504335752096,0.1029508862462692,-0.5854224832185585,-0.5305169458232043,-0.2497900101734977,-0.6522666837018221,-0.0012427088046935,0.5609326946916516,0.1697010231014824,-0.2874590357471217,-1.1217750292188071
2014-02-19,WFC,46.05,46.251,45.48,45.53,16219307,-0.8427689131827893,-0.8353941905246687,-0.1545174798784949,-0.2212512376275701,-0.0859717681793768,0.0483280666672853,-0.6264649627090144,-0.4817566811405843,-0.4738415310631994,-0.1899720101614136,-0.0013793620427411,-0.1817212473090832,-0.0334556067571959,-0.8794528870857402,-0.1800389783521314
2014-02-20,WFC,45.39,45.85,45.25,45.63,13443399,0.1037446498948892,0.1110623126587286,-0.066953436492302,-0.4306888842984659,-0.0928233352480401,0.0199958898732343,-0.6958841066322563,-0.485594925407617,-0.4947538192023523,-0.5143603335233673,-0.0011235776037721,0.2473397782004105,-0.8434397247629625,0.3731641373699667,-0.4954546126797677
2014-02-21,WFC,45.62,46.06,45.48,45.6,15452681,-0.0739283490994204,-0.0655005018335694,-0.0625836336550738,-0.0164538348530549,-0.0999775808125834,-0.0034489407999079,-0.7376375942848811,-0.4973367443736894,-0.4051233820484779,-0.2637486733459999,-0.0013740094563732,0.3195304007973223,0.1033207581436322,-0.0594387714422585,-0.5312866544132355
2014-02-24,WFC,45.73,46.4262,45.7,46.08,14234573,0.622351720091232,0.6235678047382515,0.1967736968225311,1.0233714368853737,-0.0874447998005594,0.0284692621650744,-0.7181665106654799,-0.5801242092486506,0.0262770017164236,-0.375132239114355,-0.0011157519393425,0.9328035601608844,-0.0743985909382261,0.5519280327046553,-0.2779095771376922
2014-02-25,WFC,46.2,46.26,45.95,46.08,13842818,-0.0329960430517004,-0.0247793014886723,0.1807401410705402,0.8627241162947583,-0.0783059579175968,0.0452678836442126,-0.7010344866832304,-0.5800269415135126,0.0099357943039784,-0.3845978775667009,-0.0012427088046935,0.9328035601608844,0.6220631189201028,-0.2225549538688127,-1.030654055190008
2014-02-26,WFC,46.35,46.43,45.81,46.05,13918518,-0.0735286195481753,-0.0651027043418331,0.1608374466575817,1.5079909976098833,-0.0730975454981643,0.0485899230492278,-0.6962709931665859,-0.6091522943082892,-0.1387173879928836,-0.3644022482389858,-0.001361416461261,0.8839455733308696,-0.0334556067571959,-0.515324869045349,-0.4692536988441855
2014-02-27,WFC,45.95,46.08,45.61,46.05,13849543,-0.0329960430517004,-0.0247793014886723,0.1474537848435869,1.244701884744576,-0.0698606705102821,0.0461728511636878,-0.683148350268388,-0.6350523708970806,-0.0192906637195285,-0.3385713982000425,-0.0012427088046935,0.8839455733308696,-0.0739987571083354,0.1381051796360788,-0.7407222951924872
2014-02-28,WFC,46.1,46.65,46.01,46.42,16349402,0.467231402648072,0.4707167065743686,0.349635171546297,1.1054560945095415,-0.0538096954985507,0.0772224665268418,-0.6558881934661316,-0.6482287683201031,-0.0494742717153447,-0.0527549574113073,-0.0010970379296782,1.1345877225107233,-0.0334556067571959,0.4981210034046311,-0.4422900795372022
2014-03-03,WFC,46.11,46.24,45.96,46.15,16067568,-0.3951173296655794,-0.3859659664470296,0.1706828579828047,0.5505455834497066,-0.0528026658388579,0.0633393024569487,-0.6455100245065172,-0.7327203705637092,0.0948985489606103,-0.0180021588690875,-0.0013787290641852,0.7726808615794792,0.4669023347749974,0.0392239264045381,-1.085680548392607
2014-03-04,WFC,46.72,46.8,46.43,46.74,14951272,0.7629355306029322,0.761769846320084,0.4420952207155688,0.6671350439857776,-0.0301335445317291,0.1079906221969615,-0.6787182968456853,-0.8858176751500626,0.5961046255148245,-0.0686187179371309,-0.0011096154954956,1.3670419110345082,-0.3956713610360146,0.0060258229298554,-0.9315866728817918
2014-03-05,WFC,46.82,47.23,46.687,47.09,13660688,0.4332066339808758,0.4371391579080845,0.5745436217431865,0.8986092773559168,-8.874855676555475e-05,0.1626965376145767,-0.6510030761573324,-0.8865847695156732,0.5935861479540918,-0.1956879185832212,-0.0011266689040028,1.29079201518572,0.7626836039516347,0.4093729406731076,-0.6303112302786018
2014-03-06,WFC,47.29,47.5,47.17,47.34,14726410,0.297530807121255,0.3030652794301759,0.6260775530246794,1.0554546665130349,0.031501605739675,0.2104395104619588,-0.7149153203622651,-0.9956953945065892,0.8651970046628684,-0.0007491034552723,-0.0011226366349254,1.2782134128768523,0.4328686899644621,0.0535648037240413,-1.0103673382319889
2014-03-07,WFC,47.76,48.48,47.6,47.95,20512670,0.7692304646401564,0.7679509219358787,0.8800612964814378,1.2682000225770569,0.0779494315042795,0.2868767645332634,-0.6258516757901438,-0.9913532055087008,0.8721916964045774,0.807891968417161,-0.0010823941919216,0.958863308554286,0.2971574689454092,0.2742454085358899,-0.0618149087739847
2014-03-10,WFC,47.9,48.275,47.58,48.15,11860395,0.2266829454720881,0.2329383771165958,0.9116173155730783,1.3449638108475808,0.1195564817621048,0.3355664949679454,-0.4900893353507066,-1.0440802752823397,0.7324262387593911,-0.3654640673211877,-0.0011550771845447,1.1063818480959482,0.7689801801671605,0.3680038309850166,-0.3883769176475777
2014-03-11,WFC,48.34,48.36,47.72,47.81,13430875,-0.4726166609025103,-0.463539749118454,0.652235224759082,1.6667579031378097,0.135886895234869,0.309456651358521,-0.4352679598276849,-0.9926462757494808,0.5713674790437125,-0.1492003389787056,-0.0013389065484767,0.7533426438069868,0.2262911250023165,-0.8546666984559463,-0.4756964172571316
2014-03-12,WFC,47.7,48.13,47.56,48.12,13505134,0.3706850200011897,0.3753918130798041,0.7646208460105243,1.7265590829018709,0.1575172109674292,0.3022106336519176,-0.3396982017339969,-1.0134550096357382,0.5194075720280888,-0.1382435575682193,-0.0011425059247705,1.072381738731803,-0.4731909097556701,0.6389192933256336,-0.6041192072461457
2014-03-13,WFC,48.23,48.3,47.74,47.84,14813888,-0.3952622629104165,-0.3861109482539627,0.5532686907889541,1.4286449179262186,0.1600981638022555,0.2473810873153212,-0.2961527850489808,-0.9816586946801206,0.4233061902943004,0.0276925464648852,-0.0013487919560612,0.7842173949287448,0.3703307657840248,-0.6372474281629703,-0.6157620015110948
2014-03-14,WFC,47.59,48.07,47.27,47.4,15347268,-0.6056034113496653,-0.5968811557114727,0.2651535399087423,0.7736967372639696,0.1414998482197421,0.1490023779327688,-0.296773640945186,-0.92355207505032,0.2860876504620646,0.0970419679415106,-0.0013569794292532,0.3313877118096381,-0.3958163320900213,-0.327952171373397,-0.1847271193803938
2014-03-17,WFC,47.7,48.17,47.58,48.13,11085701,0.9258302728546852,0.9215199830039364,0.6175237243621378,1.0772850323930556,0.1520413813007844,0.1453048792554361,-0.2449334855831224,-0.8393072454133481,0.4692691815830502,-0.4960054557624355,-0.0011566238908611,1.082673322439061,-0.6062123528548371,0.6547582419965997,-0.5696927552477982
2014-03-18,WFC,48.17,48.45,48.12,48.4,9757390,0.3162595174015674,0.3215901376036554,0.7032653957327804,1.1930567537438554,0.1673958673935927,0.154735338512721,-0.1846666034091548,-0.8367582193480279,0.5552299093080016,-0.6701478932212444,-0.0011692183157778,1.3605460825348694,0.9256208410428248,0.3344247941092363,-1.0230907670002196
2014-03-19,WFC,48.38,48.41,47.48,47.81,28292983,-0.7919266654517241,-0.7841856386539957,0.308500085102091,0.7370229077591427,0.1528860710794553,0.0854095571052023,-0.2382955547598808,-0.8477314450089165,0.5679795163933519,1.7792852577623848,-0.0014503079579341,0.7533426438069868,0.3158910650404828,-0.9164471325302472,0.0298222845393431
2014-03-20,WFC,47.7,49.36,47.7,49.03,25208403,1.5556842696081146,1.535365840751423,0.8906558361895958,1.0032764606546745,0.1855655977903197,0.1514134370995023,-0.1944355074519352,-0.6421739374461074,0.9268528412658168,1.2335078584688075,-0.0010427880571457,1.16015197194649,-0.7925842136624104,2.0802636223828244,1.2303327635529655
2014-03-21,WFC,49.79,49.97,49.04,49.12,31046062,0.0812854861114977,0.0887712644239618,0.8392721904871134,1.2066760401499483,0.2108793394392188,0.185257137144599,-0.1848545771863445,-0.6479986657349067,0.9662216095976212,1.7997363725713034,-0.0010130359630828,0.7948158377832245,1.5556391496954045,-1.0429804604250947,-0.0134126808093207
2014-03-24,WFC,49.48,49.49,48.82,48.98,19677616,-0.2104415896681733,-0.2015036132068428,0.6789834395176184,0.945021722567893,0.2211850505178932,0.1737016848503903,-0.1752894148015694,-0.6520983347240445,0.756806765634075,0.3521984424260134,-0.0013771538542505,0.6880760636451623,0.0808557353708978,-0.7897743637130256,-0.4512998957999912
2014-03-25,WFC,49.25,49.27,48.91,48.96,14659355,-0.0584178631817796,-0.0500668586678669,0.5862913336445248,0.8146124395803821,0.22428374508254,0.1459065865739324,-0.1956744237877089,-0.6510849121767684,0.7504323951834079,-0.2633286510148911,-0.0013479662195426,0.6728275244825851,-0.2109474441250343,-0.4711900066218309,-0.9785234626799348
2014-03-26,WFC,49.19,49.2,48.46,48.5,17399843,-0.6179367548438973,-0.6092619534792937,0.2646475406867373,0.4106287497139573,0.2045814653256528,0.0649811925591381,-0.2778004565008951,-0.6001846724758684,0.613892134324787,0.0477125495791458,-0.0013725686867023,0.3221111237432385,-0.0588840587536552,-1.086099672642037,-0.3197314080445
2014-03-27,WFC,49.51,49.79,48.65,49.1,29075059,0.7372064827039058,0.7364997505545295,0.5083521257129706,0.4065043406360822,0.2084812630534999,0.0609922184923258,-0.3490959512600442,-0.5715146614439758,0.8052478283748257,1.2999482273220873,-0.0010150615639611,0.7216722839697034,-0.6185489137853366,-0.6519726186346916,0.343677719005358
2014-03-28,WFC,49.14,49.6125,49.05,49.29,15008037,0.2079210063317939,0.2143540529763071,0.531852076218193,0.4023654089910315,0.2148763501369782,0.0642238710848241,-0.3896577255735944,-0.5797944553125561,0.7405453923301515,-0.3114086313483155,-0.0011341093262859,0.8791771448460294,0.7369478440387995,0.20430550396979,-0.6402337523912479
2014-03-31,WFC,49.75,49.91,49.46,49.74,17901782,0.5353974824983173,0.5379320804773775,0.6764891315001288,0.7931449801832002,0.2332694121767339,0.0976917741557584,-0.4629813124345673,-0.5987462443662491,0.9749870323205476,0.0119286258473585,-0.001118048023634,1.226900855692388,0.2075242913787487,-0.0415028393290607,-0.8373354253203107
2014-04-01,WFC,49.88,49.93,49.5,49.77,16398766,0.0045540398786794,0.0125535804941142,0.608149068647978,0.6933271381222632,0.2445119935138046,0.1060608823765688,-0.4904791015917515,-0.6272638514028588,0.7846036031448862,-0.1684196773933288,-0.0011334233252529,1.2403699774476882,0.535086197314716,-0.1929303513287686,-0.8712803084975493
2014-04-02,WFC,49.77,49.88,49.51,49.76,13035427,-0.0455051926395265,-0.0372210945361954,0.5285896132932587,0.8906088845837541,0.2484679404629692,0.094000497475354,-0.5087435450262435,-0.6309552848724768,0.6652494723293658,-0.5504993977434813,-0.0013262889249512,1.1935651368846978,0.0041042719758165,-0.0414967367417801,-0.9716269947686405
2014-04-03,WFC,49.81,49.89,49.56,49.83,9598908,0.054585601339383,0.0622607932244003,0.4975506576360741,1.2811880535217772,0.2497824744738606,0.0775532381221744,-0.5192240622163208,-0.6328444459286309,0.6050094951681544,-0.928065173490492,-0.0011792517803456,1.2705137835847558,-0.0459680196443518,0.004019439974736,-1.0393976780180836
2014-04-04,WFC,50.05,50.49,49.56,49.56,18702386,-0.3703364027670488,-0.3611817263772655,0.3078922335056285,0.7664201837907908,0.235784119646027,0.0249803183742428,-0.5166363297691535,-0.6545582988710764,0.3256480706109689,0.1418733891580971,-0.0013635838230936,0.4827890534905507,0.0541488853198509,-0.7659843776004504,-0.0274215778061082
2014-04-07,WFC,49.58,49.67,48.65,48.66,19653743,-1.1635899443576083,-1.159507142713218,-0.1901749635540193,-0.0369940077560035,0.1854365186685449,-0.1106403512750108,-0.5335882330494841,-0.5242433625248075,-0.011918481294312,0.2024436474374539,-0.0013755168524517,-0.4463300097697799,-0.3708839694628413,-1.4282456018354883,0.1556484880478557
2014-04-08,WFC,48.66,48.9993,48.44,48.83,19086946,0.1845104586901534,0.1911573024806916,-0.1261562022475909,0.4615145522228486,0.1488145580534196,-0.1838073249833252,-0.5797468419528933,-0.5433051620329741,0.1458524899170649,0.1033002826644647,-0.0011072485333749,-0.2708297422650499,-1.1643444494813506,0.2376333767508288,-0.6367356832225802
2014-04-09,WFC,49.07,49.1,48.61,49.1,15928089,0.3112527819455611,0.3166384405757276,-0.0075131752420296,-0.1327927542246352,0.1272543618856605,-0.2035721815449358,-0.6038831072170397,-0.54656883202016,0.1316256797130175,-0.2641177174703665,-0.001134927717137,0.0079059767130506,0.1841076365574079,0.0198736581287771,-0.7596126761332159
2014-04-10,WFC,49.22,49.22,47.71,47.71,24910814,-1.7954944569625793,-1.8029006746175504,-0.7502850256775822,-1.0248939856665829,0.0531545523778737,-0.3546201270822267,-0.5903047260655586,-0.2957558803511991,-0.2073860516648843,0.6641739913495095,-0.0014049719165247,-1.4270667987667849,0.3108830234623982,-2.3441384848714533,1.0463767360996283
2014-04-11,WFC,47.45,48.87,46.72,48.08,36428623,0.4498267168408623,0.4535430621099945,-0.5695774014772809,-0.6989466568602808,0.0072122250310316,-0.4029816091500096,-0.6670506899079492,-0.3064681316085486,0.0432161657401143,1.7038992394753445,-0.0009906863875723,-0.682128543625792,-1.796413808909685,0.9767946114445762,2.1354408079847573
2014-04-14,WFC,48.37,48.68,47.44,48.11,24321399,0.0058504861695492,0.0138421258323764,-0.5529542419716658,-0.6696913797375607,-0.0293742629559197,-0.4175890253490523,-0.6654263063714875,-0.3740712071905116,-0.1735798167472952,0.3766305323846329,-0.0010884549449203,-0.655676170648795,0.4494931085552573,-0.4324249680909436,0.5567256821693857
2014-04-15,WFC,48.27,48.88,48.035,48.78,21749769,0.8340354498613635,0.8315479105359193,-0.2036423824750517,-0.0367782863829084,-0.0333131720226525,-0.3452406521831537,-0.6787185363466534,-0.3261222804542209,-0.0521693295275537,0.0585624400258742,-0.0011120284015974,-0.0649065074958839,0.0054010564745142,0.7719310238675815,-0.1476374288243913
2014-04-16,WFC,49.06,49.23,48.63,49.09,17866556,0.3626577417896152,0.3674594823619225,-0.0717709224869949,-0.1947347741818088,-0.0256351737525707,-0.2574602341460643,-0.7505919545092717,-0.369156142010603,0.2257207784501875,-0.2726909905756735,-0.0011401875732664,0.2084346799330764,0.8338020712590153,0.0198830731734129,-0.5726945337235377
2014-04-17,WFC,49.02,49.29,48.8,48.93,19399882,-0.2359148859886041,-0.2269148261058682,-0.1547953625994653,-0.3969730850446309,-0.0272294611131876,-0.2111026033109814,-0.7503207521639035,-0.5667593250108156,-0.1974311604376124,-0.0928516584339494,-0.001350062772352,0.0673553573890946,0.3623013934723339,-0.1650285187134827,-0.7567230193263161
2014-04-21,WFC,49.08,49.33,48.96,49.12,12477981,0.2087580367506605,0.2151832783072843,-0.0530174379762749,-0.5664238197591313,-0.0224526945501147,-0.1576175155185797,-0.7503207521639035,-0.5626297526285992,-0.1674769497128712,-0.7283004607867746,-0.0011708803838935,0.2348870529100669,-0.2364273857405932,0.0352578461791992,-0.9635527680283892
2014-04-22,WFC,49.04,49.49,48.9,49.23,14203811,0.1064254578612381,0.1137225176911796,-0.0008196927179721,-0.5123776191935333,-0.0158513682730019,-0.1101330599898132,-0.7476129111024437,-0.5643485541554596,-0.0925149778961071,-0.5245919086674672,-0.0011630085507924,0.3318790871590517,0.2083615401562484,0.266400398176584,-0.5925201827517518
2014-04-23,WFC,49.2,49.67,49.2,49.59,13309890,0.4222729697349808,0.4263453382233788,0.1749145552514215,-0.2840367324721165,0.0018310108917185,-0.0436230561901599,-0.7306310117995978,-0.5483656918324449,0.0215043860010695,-0.6151261234325176,-0.0011701094086984,0.6493075628830088,0.1060022654603869,0.5725695510271782,-0.8014427967189116
2014-04-24,WFC,49.74,49.74,49.17,49.32,12617062,-0.3719690239877006,-0.3628142606424231,0.0083623385964487,-0.4637021627687516,0.0034821240742279,-0.0316792558165727,-0.7447111895871157,-0.571118392857684,0.0808317225559783,-0.6720833658264482,-0.0013097747441933,0.4112362060900426,0.4219321734208184,-0.6642688984098356,-0.6281387860743134
2014-04-25,WFC,49.27,49.45,49.0,49.05,16274458,-0.3738247154891746,-0.3646699055771473,-0.1346828512648129,-0.463702162768755,-0.0074456875234275,-0.0545021513604969,-0.7446525316809076,-0.6096986184681198,-0.1824327027865387,-0.2112002115735445,-0.0013313578587156,0.1731648492970763,-0.3725170165902822,-0.363669762449967,-0.826728859662463
2014-04-28,WFC,49.27,49.33,48.53,48.94,18411704,-0.1726165145062089,-0.1637899552099697,-0.1841722272548521,-0.0127104187263615,-0.0218791072745953,-0.0817838428350816,-0.7461815666515444,-0.6140448896237779,-0.2717636677371996,0.0100391976989084,-0.0013463089395237,0.0761728150480915,-0.3743731921915578,-0.5323463682476464,-0.2289886444654634
2014-04-29,WFC,49.27,49.51,49.13,49.47,14753633,0.6412328060338449,0.6421469501706106,0.1066428323857225,0.185155862255895,-0.013994037390819,-0.0461617878986151,-0.7627044997588525,-0.6013568651829325,-0.2471988711031396,-0.383676350057768,-0.0011564729906117,0.5434980709750211,-0.17311250142239,0.2803681869593601,-0.951147498256412
2014-04-30,WFC,49.45,49.75,49.37,49.64,14982821,0.1809491029915235,0.1876277091977344,0.2011324474242362,0.1330857883131951,-0.0027193976894688,-0.0089394495891469,-0.7724470424025096,-0.5968963260916844,-0.2058384413219584,-0.3512056773466857,-0.0011577725778896,0.6933948511779996,0.6409491304281726,0.2639734224616643,-0.9533398831838912
2014-05-01,WFC,49.74,49.84,49.45,49.64,11850982,-0.0329960430517004,-0.0247793014886723,0.2043832230207925,1.4128591320206807,0.0044681892963997,0.0103184177258178,-0.7815814531475377,-0.596899165980714,-0.2028946736316975,-0.7006470278442116,-0.0012427088046935,0.6933948511779996,0.1805453517972472,-0.1782099669391794,-0.9365508301865276
2014-05-02,WFC,49.77,50.0095,49.5,49.58,13369832,-0.1082474985294344,-0.0996633052458515,0.179035205182622,1.1750868619580306,0.0060373316325479,0.0112629317687726,-0.8014436141343368,-0.5973530163742152,-0.2411602204249945,-0.5443147325809279,-0.0013162504409607,0.6404901052240055,-0.0334556067571959,-0.31474008271093,-0.7348864686708745
2014-05-05,WFC,49.28,49.64,49.1,49.56,9128140,-0.0581102171132421,-0.0497607756595608,0.1683275309088456,1.1336999707440434,0.0047429620130019,0.0046479125234358,-0.8014436141343368,-0.6076446142123337,-0.1674769497128712,-0.9922198532403148,-0.0012942854538674,0.9886396273774428,-0.1087266933075707,0.4029549557389841,-0.6832515826645125
2014-05-06,WFC,49.39,49.43,49.07,49.09,16213342,-0.6234173026225567,-0.6147643830134365,-0.0948245956120483,0.1124564780102104,-0.0162883592147314,-0.0514466765482794,-0.8099108872370365,-0.6999633084010346,-0.0376944529416724,-0.1571471499151903,-0.0013360536541068,0.5136843689497282,-0.0585763324285661,-0.485225956567106,-0.9801462790676532
2014-05-07,WFC,49.0,49.43,48.87,49.39,15507424,0.3474767874549829,0.3524553111533076,0.0506385252517944,0.1036983288810169,-0.0225849382477827,-0.0583953750494581,-0.8067039400553099,-0.6912428941757157,0.000953681666829,-0.2205120825583282,-0.0011503207163961,0.8168472998610334,-0.6240308912909145,0.5750139840960835,-0.646377934658233
2014-05-08,WFC,49.35,49.49,49.2,49.33,12902488,-0.1086284028394069,-0.1000425800744191,0.0123661892165363,0.2146263569077966,-0.0312720156980375,-0.0701074356247721,-0.8030347865899952,-0.7003023952391282,-0.0986804855740068,-0.5133839052970711,-0.001317101061409,0.7562147136787696,0.3471164788366628,-0.0569353087717126,-1.101381688835522
2014-05-09,WFC,49.27,49.32,48.91,49.08,15174627,-0.3485141734924976,-0.3393647912150342,-0.1578886902873724,-0.2285403986775988,-0.0491253480624638,-0.1030708664405491,-0.935114210648113,-1.082268985594962,0.2542495822537281,-0.1908335228610947,-0.0013326114648623,0.5035789379193462,-0.1091076969851917,-0.3176670517778706,-0.8951186765793283
2014-05-12,WFC,49.38,49.85,49.33,49.76,16450689,0.8295847535871205,0.8271822658817396,0.1598810060089751,0.2508950973253919,-0.0377731284268803,-0.0542670230074862,-1.0087429498785323,-1.0194536916736687,0.3456969935236504,0.0941053181237117,-0.0011419831573718,1.1200987196605194,-0.3490560473579607,0.5550864131182311,-0.720398520857079
2014-05-13,WFC,49.78,49.96,49.64,49.81,9707133,0.0295622743705099,0.0374046777189274,0.1407736693982888,0.0110735079775646,-0.0281799300611739,-0.0197516387288252,-1.1124727267776593,-1.019836571683553,0.3514823972249548,-0.7202288262455411,-0.0011853547591733,1.1070093084249564,0.8293502139183011,0.019214858442594,-1.0559078178777064
2014-05-14,WFC,49.86,49.86,49.19,49.29,13263235,-0.6829494560061458,-0.6745657515975929,-0.1494952957743663,-0.214318583532353,-0.0422512724433745,-0.0530514518150452,-1.1471380115050271,-1.0355869834309808,-0.013927539004515,-0.1818644335269421,-0.0013194871757788,-0.1737137562152812,0.0291190304407025,-0.8900252861427632,-0.4584698580722168
2014-05-15,WFC,49.1,49.2497,48.66,49.03,17370896,-0.3614011911472632,-0.3522477530215136,-0.2861955830578211,-0.2059246711588759,-0.064586997591828,-0.1009636812561863,-1.1430776358377406,-1.0393126953301015,-0.1854275093197244,0.3991217882245131,-0.0013461267122342,-0.7578889503586007,-0.6835785750057127,-0.1340278535273657,-0.5889558652901468
2014-05-16,WFC,49.01,49.13,48.725,49.08,13923707,0.0304936953722939,0.0383300535750726,-0.2635679754994342,-0.0683780614141922,-0.0810819170009093,-0.1242593313831787,-1.155410384434232,-1.044916303151053,-0.122453805879824,-0.0477056697820547,-0.001156605239092,-0.6455475668695063,-0.3619464268876308,0.0815925485380352,-0.9036089841464606
2014-05-19,WFC,48.84,49.54,48.82,49.49,10533825,0.4870894372746486,0.4903053163414246,-0.055384693232798,-0.1711342641938052,-0.0788061622787344,-0.0945804594008526,-1.1604742842698736,-1.0164692204463306,-0.0568494390901921,-0.5232917485654017,-0.001179528296767,0.275651777741128,0.0300506944250737,0.9791842754006324,-0.3788482750020226
2014-05-20,WFC,49.36,49.46,48.87,48.96,15095382,-0.6997319467544022,-0.6914345773672498,-0.3300241832431574,-0.7364115018659386,-0.0984226787663259,-0.1271876910419044,-1.1429855854076965,-0.9585936345266178,-0.2480247532869501,0.1284135518817426,-0.0013312336324713,-0.9151668872433424,0.4867655498265608,-0.6385676461582424,-0.5870120740330087
2014-05-21,WFC,49.18,49.81,49.16,49.67,12934284,0.869847229497132,0.8666641382074052,0.0453892362158705,-0.1687642245220617,-0.086722864251484,-0.0726657794530716,-1.137908418272649,-0.8823932863507993,-0.1437841898526745,-0.1801348952849518,-0.0011643582528944,0.6800807583018897,-0.7003654438526102,0.7264360869784746,-0.5006945755355281
2014-05-22,WFC,49.68,50.04,49.6,49.99,12160307,0.3681026483021344,0.3728400968199092,0.1975123791823976,0.0719218032433544,-0.0657945759764463,-0.0052943175878863,-1.0971550095938316,-0.881352491255088,0.0320361925679087,-0.2888219119782405,-0.0011710691820258,1.3328065158537368,0.8696231932210281,0.4451217220871475,-0.8577776279354339
2014-05-23,WFC,49.91,50.23,49.77,50.16,13167150,0.1787236283777468,0.1854219806138625,0.2579287290494049,0.1808508218328475,-0.0437105709989126,0.0515776468012677,-1.0571541610269473,-0.8976250820762128,0.1648792167572185,-0.122149048547245,-0.0011670895913276,1.3060006888864295,0.3677477204139278,0.3521235671601794,-0.8270337221175904
2014-05-27,WFC,50.3,50.695,50.2,50.55,13322236,0.4510676456334185,0.4547676757079751,0.4213195627739053,0.7262761279332507,-0.0124131902182576,0.1207902890251059,-0.9862353498141304,-0.8847653058999281,0.3156727177274266,-0.0630970192778116,-0.0011682283259265,1.2060206082473477,0.1783192966172407,0.3491893396049953,-0.7752264639667299
2014-05-28,WFC,50.53,50.7,50.315,50.44,12465677,-0.1684734738102273,-0.1596605137201573,0.3368825268488525,0.4969797199409346,0.006292415428904,0.1437493903731291,-0.9274957540838898,-0.921837416767337,0.1204946094702741,-0.1747384206906743,-0.0013105790901351,1.019208556244326,0.4507343610726255,-0.1608833560088139,-0.955197197135618
2014-05-29,WFC,50.61,50.61,50.15,50.27,13028589,-0.242826859363317,-0.2338117528672466,0.2299891199596786,0.4104944863828017,0.012585072894728,0.1301659565169113,-0.8959629541367437,-0.9166337325475822,0.018915600580332,-0.0760473388168344,-0.0013154221275614,0.7421934281241276,-0.1689683799189696,-0.5338764590656138,-0.8287061295026252
2014-05-30,WFC,50.32,50.82,50.32,50.78,15489222,0.5986251848033783,0.6002127894738861,0.4689714843062475,0.8374216151898857,0.0355376255084519,0.1621814927489462,-0.8137292623759981,-0.876843100005196,0.1698048079605413,0.2642817428364056,-0.0011539366876514,1.3813198348328417,-0.2433411622625083,0.6643396727904005,-0.770716777362202
2014-06-02,WFC,50.94,51.17,50.87,51.09,11828333,0.3470746860652621,0.352057842825781,0.5918089876273838,0.679905321855278,0.0634998083141431,0.2006886236098417,-0.7094954414093557,-0.8694272849572312,0.2798140904786199,-0.2712589494519946,-0.0011770192328126,1.3369287430313748,0.598330394019905,0.1961563147533911,-1.1019471555751446
2014-06-03,WFC,50.88,51.16,50.75,51.09,9293625,-0.0329960430517004,-0.0247793014886723,0.5504135338110346,0.6566148264161515,0.083007046381719,0.20973144609127,-0.6291813186738539,-0.8700710728785059,0.2859213707685845,-0.6520449593628539,-0.0012427088046935,1.3369287430313748,0.3467142725495478,0.2855127511048911,-0.922509017021972
2014-06-04,WFC,50.95,51.07,50.82,51.04,10129239,-0.0939258115960173,-0.0854045710856267,0.4715485300200219,1.1032932751582594,0.0937223786239071,0.1943354898311405,-0.5956153655815017,-0.9261768031874036,0.4159162375098601,-0.4918679859294856,-0.0012976616205198,1.270709987305423,-0.0334556067571959,0.1071409695466199,-1.183110441564004
2014-06-05,WFC,51.11,51.72,51.02,51.63,11862902,0.6866795471552195,0.6868440750313481,0.7209940027848214,1.5843103067168016,0.1223279188265797,0.2280678121402772,-0.496015771455443,-0.8912332305879804,0.4986066891023288,-0.2007006801638794,-0.0011770504913417,1.345108706973993,-0.0944012702327761,0.7423574519519897,-0.461387787162277
2014-06-06,WFC,51.66,52.02,51.61,51.98,13152355,0.3890514704966614,0.3935372016135816,0.8325765925635189,1.6604860994641026,0.1552863026728896,0.2662578145937805,-0.3864489474941817,-0.8887224252353852,0.621482227737001,-0.0022777749991281,-0.0011715960791474,1.4033051624614217,0.6864077273770601,0.4416774725939206,-0.9339604453262133
2014-06-09,WFC,51.9,52.57,51.88,52.51,11049575,0.6018011842327633,0.6033395685125416,1.0162721626494626,1.688256515047928,0.1982827239797918,0.3226475521791946,-0.2631356117233946,-0.8953587484552579,0.8589057896495518,-0.3011240534652042,-0.0011844580733441,1.3918682938178075,0.3887020075904625,0.861671675501601,-0.4961954879339414
2014-06-10,WFC,52.4,52.63,52.19,52.59,12331656,0.0618552805035621,0.0694800246398647,0.9811071533458328,2.3041238531386226,0.2311455068573562,0.3416755313770975,-0.1343001967902754,-0.9501060330935508,0.6677910393728105,-0.0670881394847862,-0.0011790356883371,1.4093857392211742,0.6015072219817762,0.2476307617501674,-0.8940434636415617
2014-06-11,WFC,52.35,52.5,52.06,52.24,11735407,-0.4473393236088901,-0.4382274467853171,0.7338753348760434,1.737795130527084,0.2389642574587729,0.2924350067799954,-0.0706709781951,-0.9095814914983756,0.549012014944172,-0.1777016032845479,-0.0013019442238249,1.1163218757186866,0.0614204609470131,-0.1850691080208182,-0.8893717915185869
2014-06-12,WFC,52.12,52.28,51.65,51.71,13420613,-0.6646338660656071,-0.6561611830625675,0.3949417912479891,1.0351205823014191,0.2200692286858238,0.1842817788601302,-0.09458808875297,-0.9131572224169848,0.5535912149124894,0.0890107732060545,-0.0013119278421435,0.6725394538434919,-0.4479069782873402,-0.6206417986633552,-0.5759546992550679
2014-06-13,WFC,51.89,52.08,51.74,51.9,11111862,0.1957610082871108,0.2023061909645555,0.4174850485701581,1.0434008560164398,0.2084730646289912,0.1165463486563738,-0.1504336738004578,-0.9431920286050156,0.6922088980871913,-0.2334003228336286,-0.0011839315565129,0.8214568514673976,-0.6652582070223535,-0.01175656142302,-1.0453529512873898
2014-06-16,WFC,51.88,51.89,50.94,51.09,16310453,-1.004653275688464,-0.9987275732264304,-0.0525079286796844,0.1584018903215787,0.1638204010393203,-0.022728856249236,-0.2513894256831152,-0.7946667873389591,0.4339893202925172,0.5884469363643559,-0.0013271951722945,0.0992463197358164,0.1953611211189448,-1.1767774274307592,-0.0416308823063252
2014-06-17,WFC,51.03,51.75,50.98,51.66,15470782,0.661603318353457,0.6621854534934581,0.1845291588972421,0.5242267164845837,0.1474694767998038,-0.0613008302899801,-0.3140668538590518,-0.776528330758278,0.4764877392101173,0.4046372672040974,-0.0011600556813712,0.5853106427994728,-1.0053663185272828,0.9064215375462608,-0.3491159704331242
2014-06-18,WFC,51.69,52.14,51.525,52.04,18077144,0.4249608723462877,0.4289990362610458,0.2994134709176258,0.8043693946680068,0.1460862599628661,-0.0536317883316619,-0.453659895667506,-0.8439404615157015,0.7564318026663901,0.7841710573550417,-0.0011489241919414,0.8776720930888288,0.6613249568643628,0.4852548325109399,-0.6064155893678173
2014-06-19,WFC,52.0,52.195,51.93,52.02,16335003,-0.0569230367098745,-0.0485796411600183,0.228161424086038,0.5785605856206216,0.1408827892438346,-0.057329822493316,-0.5334773783841544,-0.9035050331611968,0.5273769131439855,0.4783841500077739,-0.0013246849505168,0.7736540862391175,0.4246207772333324,0.0027418280532802,-1.1667693477582648
2014-06-20,WFC,52.38,52.91,52.27,52.89,29836531,1.0082283441794166,1.002170693835921,0.596768597365065,0.807913946610581,0.1673728895723036,0.0212904564609955,-0.5296964687491542,-0.8194679125655994,0.6845133204048978,2.271939415320189,-0.0010884187148268,1.4217056213811543,-0.0573888423218899,0.7092964776264942,-0.582850654306106
2014-06-23,WFC,52.7,53.05,52.53,52.98,13122484,0.0729450304002178,0.0804911963424753,0.5688834250372103,0.8403456141073116,0.188044689847168,0.0692104754462632,-0.5289204253571399,-0.8190817060376805,0.6582022696196675,-0.1456193376935833,-0.0011784239428889,1.3626398874959975,1.0080404077992842,0.375097108442009,-0.7733313202427105
2014-06-24,WFC,52.93,52.99,52.42,52.49,11226323,-0.6088065068928322,-0.6000963376370041,0.2697299122319572,0.541315168023964,0.1813562795420658,0.0371217795971418,-0.5540544325404522,-0.7742416725046289,0.3961611524746761,-0.4076851289763135,-0.0012964596413027,0.8009678346177892,0.0725131038599489,-0.6543684206941336,-0.6863079002274891
2014-06-25,WFC,52.29,52.745,52.07,52.6,12815271,0.0974742203288271,0.1048396271546626,0.2699306130275919,0.3432278073981488,0.1766523079983309,0.0165587341282542,-0.6008581482417455,-0.7816559663585001,0.4614474547204249,-0.1784050752385619,-0.0011801383536344,0.9270574791414692,-0.6094162839991347,0.4215903797200037,-0.5218356864702054
2014-06-26,WFC,52.62,52.66,52.0,52.37,12545902,-0.3052270054979618,-0.2961108601260291,0.0998503199948822,0.0298847952160019,0.1603282773583826,-0.0298015343256625,-0.7068199025085773,-0.776614068591159,0.4460451109299564,-0.2144422131275154,-0.0013026134776769,0.6148774901192972,0.0970486927918233,-0.3852664993555004,-0.5410094614891637
2014-06-27,WFC,52.23,52.9,52.15,52.9,16864488,0.5970738418871337,0.5986854312571812,0.3132342084699121,0.0298847952160019,0.1646556619631126,-0.0137333617551614,-0.7384415271237365,-0.7767825408125227,0.445667693431707,0.4032666609384663,-0.0011604070885714,1.226084304098812,-0.3057575869102236,0.9428524335894972,-0.4097427192162194
2014-06-30,WFC,52.74,52.76,52.4,52.56,12928410,-0.4331422197911439,-0.4240152415756603,0.104381052355793,-0.2050334404261936,0.1512644094090831,-0.0464862907258864,-0.776639549687623,-0.7566772716358695,0.2550955261524728,-0.1753465475287694,-0.001303984608808,0.7346835550855789,0.5967786464001861,-0.2841724729039828,-1.020496095173364
2014-07-01,WFC,52.73,52.95,52.62,52.72,12482622,0.1565261411144368,0.1634171439868816,0.1435022857834125,0.0768501084550811,0.1435972072429453,-0.0579550267413584,-0.8208290898728073,-0.7566959160914317,0.3010898092398574,-0.2601350828689366,-0.0011822101114939,0.9509595112260616,-0.4337061708285871,-0.0406445965895594,-1.0696531175685282
2014-07-02,WFC,52.76,52.839,52.55,52.66,14443481,-0.1038511691881739,-0.0952859512324562,0.0723059492823862,0.3881403338240124,0.1319424661358241,-0.0773938721438784,-0.8939042775706515,-0.7563462367407789,0.2986713696388431,-0.0108955277776508,-0.0013112176327169,0.8284565722864524,0.1561160186289255,-0.1695155371329733,-1.1339462238249944
2014-07-03,WFC,52.89,53.08,52.83,53.0,8741520,0.3689738154655254,0.3737009340768452,0.2081806863484288,0.4592186492600523,0.1328592557162612,-0.0605860448901833,-0.8940570451189999,-0.7885209752138552,0.2222300586180692,-0.8000839522765312,-0.0012001962835533,1.3186102835034497,-0.1043292170827037,0.1308151634137267,-1.1982066372775677
2014-07-07,WFC,52.9,52.98,52.45,52.5,13551827,-0.6203360194533832,-0.6116707372681431,-0.0555804543569292,0.6968160499030976,0.1109330954329918,-0.1059371428038147,-0.9018977693872074,-0.7577902267775205,-0.0205549460665233,-0.1181623071294779,-0.0013076208900007,0.5419323541944561,0.3686191148413067,-0.5975965898751628,-0.7499780816203702
2014-07-08,WFC,52.3,52.45,52.1,52.25,17282061,-0.329462888283025,-0.3203244110472026,-0.1743634975094649,0.2088076128388838,0.0810866912064466,-0.1626045927007594,-0.902232991108034,-0.7898507383008069,-0.240196486463366,0.359328038347938,-0.0013274709194906,0.1535933895399591,-0.6209488042981693,-0.0985457909697654,-1.0330597692823953
2014-07-09,WFC,52.3,52.3,51.91,52.19,16116261,-0.1044885263036565,-0.0959205382228468,-0.1944424116318727,-0.0798650353021581,0.0527674529412996,-0.2040076537232506,-0.9040611579642872,-0.790919465421494,-0.2791829738112986,0.168378473492289,-0.0013242433094359,0.0603920380228765,-0.3299997921826386,-0.1852208791079752,-0.9685429995789044
2014-07-10,WFC,51.78,51.9599,51.53,51.81,20066748,-0.4863023133996527,-0.4772486515967142,-0.3743178942724501,-0.3292964682979745,0.0135171559294435,-0.2652664595813023,-0.8879075004162686,-0.7874101286934825,-0.2883654698676645,0.6349282769333318,-0.0013473022239892,-0.5298831882519517,-0.1049667404674465,0.0174562099568005,-0.8997926228504579
2014-07-11,WFC,51.13,51.67,50.82,51.49,29998928,-0.4175274462469326,-0.4083876248863867,-0.5294167239461689,-1.2576369668151095,-0.0315156360680098,-0.3291575468172446,-0.8691841876565878,-0.8142558491049596,-0.2299608192552206,1.7530595365800277,-0.0014051951788836,-0.8958153383086882,-0.4868801324699811,0.5056342149926385,-0.2155280101720091
2014-07-14,WFC,51.41,51.84,51.14,51.31,21252445,-0.2506392116231533,-0.2416080234831719,-0.605205999206337,-1.4346881732579095,-0.0751186799816021,-0.3765902696507033,-0.8231119545672494,-0.8170705579445778,-0.334433871019631,0.5631239367215621,-0.0013649793241984,-1.1605731598749045,-0.4180873238116201,-0.1732758684201795,-0.4543408264299541
2014-07-15,WFC,51.51,51.66,51.2,51.35,19309485,0.0155387747215075,0.0234705220265721,-0.5915334373027052,-1.148678725689229,-0.1085450807831193,-0.3883419437339845,-0.8541236237407948,-0.9267242610269476,-0.0927362396958723,0.3033828618380734,-0.0011264966611748,-1.1017380884157464,-0.2511555525540841,-0.2609949749601099,-0.8447456073797098
2014-07-16,WFC,51.58,51.66,51.052,51.17,21620944,-0.2512325912453541,-0.242200221754331,-0.6698401295555183,-1.3692054573320005,-0.1421769698313459,-0.3982722062102385,-0.8072138416497551,-0.9842200645919555,-0.306780264927481,0.5366630066110576,-0.001367602437074,-1.3664959099819625,0.0150918724393329,-0.626863893153792,-0.601070969196623
2014-07-17,WFC,51.08,51.122,50.61,50.68,24397990,-0.6291742407125102,-0.6205448330340451,-0.8827434130426065,-1.4891037874531252,-0.1876477958775797,-0.4366896362213666,-0.6898785463242596,-0.9801678264130426,-0.5512914644120074,0.8147906588769125,-0.0013902853263945,-1.7870952113139902,-0.2517490869730047,-0.6179515168723717,-0.7493641526400363
2014-07-18,WFC,50.97,51.36,50.79,51.28,15487363,0.7040762240980112,0.7039452683272392,-0.5627656172048544,-1.4128841743317182,-0.199467181012284,-0.3808053506206001,-0.6544045451628514,-0.899213789961977,-0.3763974926496638,-0.2249085310289806,-0.0011437689882395,-0.9796017204372688,-0.629789331210555,0.4331900883399462,-0.6649531935933982
2014-07-21,WFC,51.0,51.15,50.8515,51.05,15236909,-0.3122345107715409,-0.3031109353429786,-0.633108049123219,-1.3628903087199518,-0.2170797039071426,-0.3510093590079868,-0.630047813622729,-1.0593030485636798,-0.6784100394036725,-0.1750200644633958,-0.0013366978747813,-1.289140891940017,0.7038089426430856,0.0477538267537023,-1.104012507562581
2014-07-22,WFC,51.2,51.48,51.05,51.35,11921095,0.3328690157058651,0.3380142143607525,-0.4413127447708269,-1.2161108951514126,-0.2184095167854705,-0.2852611504359342,-0.6480825260769844,-1.0340807494088782,-0.619328133459471,-0.5764400517756535,-0.0011665956952414,-0.8853941465016512,-0.3127669202526976,0.1950265697327151,-0.8934354958386658
2014-07-23,WFC,51.43,51.62,51.27,51.33,9109271,-0.0572445484065546,-0.0488995132828508,-0.4224659768702949,-1.196375273615686,-0.219417348770567,-0.2318338103018914,-0.64234092528323,-1.0687273671074629,-0.4920415799524403,-0.9153668643919524,-0.0012993166561119,-0.912310596197546,0.3325048963143645,-0.1732187191619493,-1.0230538663488915
2014-07-24,WFC,51.45,51.66,51.42,51.59,9939644,0.2823573516420609,0.2880529137839074,-0.2656770897474599,-1.2793945447682495,-0.2092674339335905,-0.1603720899509602,-0.658536616408971,-1.053261975042339,-0.4494810374224494,-0.8015072364068532,-0.0011796546324681,-0.5623967501509606,-0.0577104378922896,0.1792665380174308,-1.203616857367951
2014-07-25,WFC,51.49,51.77,51.49,51.6,10049617,-0.0209281931779684,-0.01277880084201,-0.2412307081648489,-0.9877165649597404,-0.200218146534147,-0.1060357097475472,-0.6666024482950748,-1.059697371495255,-0.3834143781857012,-0.7779805689990164,-0.0011803732528405,-0.5489385253030179,0.2819800551214251,0.1350875347474935,-1.139086677275693
2014-07-28,WFC,51.31,51.705,51.17,51.6,13468087,-0.0329960430517004,-0.0247793014886723,-0.2084334081477123,-0.8128237698016659,-0.1925233711939915,-0.0660530963080199,-0.7190819297758535,-1.131829411454746,-0.5283940456267187,-0.3290963537031131,-0.0012427088046935,-0.5489385253030179,-0.0213846087073126,0.4006960723482139,-0.7272277806647117
2014-07-29,WFC,51.65,52.15,51.48,51.54,14511806,-0.105389109910514,-0.096817218739522,-0.2130873683738446,-0.8128237698016659,-0.188311940996331,-0.0430330759887342,-0.7484609364727082,-1.1496250124316774,-0.4524898969866023,-0.2053543696207423,-0.0013307449525286,-0.629687874390693,-0.0334556067571959,-0.1872206431615027,-0.5079250693212688
2014-07-30,WFC,51.73,52.3,51.69,52.1,11439613,0.6434591567776317,0.6443373304018144,0.0869192744470465,0.0739190366564136,-0.1627551982222675,0.0303254073870125,-0.7930030344196743,-1.0766650417713373,-0.3401943378268894,-0.5898941159493812,-0.0011710366271418,0.1239727170942481,-0.1058675590122476,0.5140693085959007,-0.6155480038372573
2014-07-31,WFC,51.86,51.88,50.89,50.9,19642204,-1.466962357798233,-1.4675610765265998,-0.4782752513878612,-0.6099068304182667,-0.1892427194982093,-0.0449488456551222,-0.8170086231073875,-0.8359402284450772,-0.6583301049023735,0.4127386580326502,-0.0013626742415083,-1.4910142646591946,0.6431760619667479,-1.424884112637307,0.0296476252764809
2014-08-01,WFC,50.5,51.11,50.23,50.35,18813664,-0.7057253283997957,-0.6974599049408062,-0.6920787296343193,-0.8175584983872806,-0.2309141725852005,-0.1442514271849271,-0.8568509361639606,-0.8348027813584113,-0.9018044256298936,0.2379656175352595,-0.0013628052341217,-1.7362475908884756,-1.467796004592361,-0.2507277939054964,-0.1347209975911259
2014-08-04,WFC,50.55,51.03,50.52,50.99,13380139,0.7583672935737313,0.7572838499978124,-0.3275533720571065,-0.3969730850446309,-0.2377074915598186,-0.1339177756171819,-0.9142951586877194,-0.766075906620274,-0.589890088240378,-0.420311973813959,-0.0011534338677567,-0.7432946913503711,-0.7063603890094295,0.6313053180001443,-0.7577518607972367
2014-08-05,WFC,50.73,50.93,50.26,50.4,12767174,-0.753377335935822,-0.7453867825277022,-0.5824310410500266,-0.6007398857392003,-0.2649529943062302,-0.1782944233151074,-0.9071742227110547,-0.7294632698840259,-0.6874791814627255,-0.4734114455999152,-0.00132523909664,-1.6083023691311396,0.7581141751927537,-0.5177829238677059,-0.4834196196456869
2014-08-06,WFC,49.87,50.52,49.83,50.06,15271471,-0.4529907404627435,-0.4438857829110724,-0.7030918529714426,-0.52980723078318,-0.298185014371616,-0.2292049339968951,-0.8721630963262647,-0.7202944542894105,-0.7668705207813732,-0.1604498659216502,-0.0013444531468117,-1.57176361374686,-0.7540248276674253,0.2615286302260057,-0.4425985122563978
2014-08-07,WFC,50.34,50.405,49.6,49.7,14109106,-0.4807166483151459,-0.4716531306515518,-0.8350293529067513,-1.0982346285611937,-0.3365067559704529,-0.2830341981518307,-0.7768947260316653,-0.7206667489591726,-0.7655973798170662,-0.2716026424712795,-0.001340286304198,-1.7581849505295135,-0.4535598694432398,-0.9868477884926758,-0.2414367429885039
2014-08-08,WFC,49.73,50.04,49.47,50.0,14563206,0.3428070001992713,0.347839172510854,-0.643416706585573,-0.7850855535916256,-0.3527007481517373,-0.2691411633956913,-0.7281126703114373,-0.7045306556929409,-0.5924712939025655,-0.1223432834767638,-0.0011383205511611,-1.2587528860112591,-0.4812930102362892,0.3838781403444203,-0.6412381035840429
2014-08-11,WFC,50.08,50.25,49.78,49.89,14666438,-0.1699637255485716,-0.1611458421088839,-0.6642372034548021,-1.0493426574986446,-0.3673255622561454,-0.2539876982336973,-0.6744419848611489,-0.7060130820971245,-0.5739259911481362,-0.0661872234273112,-0.0013440261187846,-1.3879613556645003,0.3424454733595594,-0.3129547134043006,-0.8061925327403483
2014-08-12,WFC,49.86,50.27,49.75,49.78,15220199,-0.1702657188352963,-0.1614468420413687,-0.6813295170538307,-1.0862277594397434,-0.3805542987891566,-0.2382714464682647,-0.6241496162929662,-0.7077262446268452,-0.6165106935063387,0.0368932611830999,-0.0013518354435599,-1.5171698253177417,-0.1704590204237497,-0.1475388294915303,-0.7207484306104849
2014-08-13,WFC,50.02,50.12,49.835,49.99,12210685,0.2296433276735178,0.2358702246089169,-0.5430298201562326,-1.1243591609721375,-0.3800882048640329,-0.1904481872079165,-0.5964779366948509,-0.6975299962295225,-0.5061544644996944,-0.319714140503705,-0.0011515765490589,-1.2704991105251882,-0.1707610924923679,-0.0716294967725139,-1.1161859727490795
2014-08-14,WFC,50.11,50.49,50.06,50.38,11904287,0.4527137914041059,0.4563921412914941,-0.3338908302455507,-0.8522050766771164,-0.3618945705333815,-0.1065591959685972,-0.5892252500639471,-0.7001698415499125,-0.2544139042413262,-0.2862457090799282,-0.001156687968111,-0.8123963544818752,0.2292522794875203,0.3807675040910651,-0.8799985814042114
2014-08-15,WFC,50.5,50.62,49.865,50.21,13297171,-0.2430767571199484,-0.2340611210141888,-0.3943755188734884,-0.9216403454034214,-0.3518071671079933,-0.0603133017816432,-0.5862419194293318,-0.7598772897022783,-0.4739240632975882,-0.0647098986098496,-0.001335905998747,-1.0120821712187056,0.4523809362782918,-0.4601782874196717,-0.3381402961160769
2014-08-18,WFC,50.47,50.73,50.4,50.69,9913676,0.5621813717922979,0.564322462378797,-0.1367930543991928,-0.6057046785728717,-0.3228961188098893,0.0251351514284864,-0.590189929029613,-0.7232356648735175,-0.2710451735444587,-0.5388902649075799,-0.001170811452223,-0.4482633945500173,-0.2435911252107162,0.3030155818044738,-1.0487615870414917
2014-08-19,WFC,50.77,51.09,50.75,50.86,8718438,0.1757999004235137,0.1825240746700561,-0.0361125281260344,-0.8390886030396457,-0.2916278825569257,0.0995612752143151,-0.6065177939169569,-0.7333739859876625,-0.3076212391770745,-0.7042593548513999,-0.0011810763921789,-0.2485775778131869,0.5618770738021401,0.1076141299498545,-1.0341887793717606
2014-08-20,WFC,50.79,50.94,50.64,50.85,8402875,-0.0452371042979746,-0.0369544235203514,-0.0288218639632007,-0.2222464655929394,-0.2658724637953481,0.1449122769211822,-0.623238782558212,-0.733351273793745,-0.3048146424618176,-0.7492812082165211,-0.0013008199298918,-0.2603238023271157,0.1753948059413367,0.0629354103509228,-1.0996374128423716
2014-08-21,WFC,51.0,51.4,50.9,51.29,10102238,0.5057165724718895,0.5086740957085654,0.2069306105999661,0.4521254428842298,-0.2272215030965816,0.2143859812412075,-0.6439544812200944,-0.7126581924016491,-0.2528804165766477,-0.4883609990086682,-0.0011713513855724,0.2565100762858491,-0.0456998613657912,0.4032916392735644,-0.77887645041851
2014-08-22,WFC,51.34,51.59,51.13,51.18,9210366,-0.1665188374530195,-0.1577123889169285,0.1609381191758722,-0.0412821388394163,-0.2003065876802124,0.2397565661718411,-0.6726090656641714,-0.7114295795643437,-0.2870186318388991,-0.6211695161190284,-0.0013061356483913,0.1273016066326079,0.5053975443403668,-0.2617720558346419,-0.8422657654639167
2014-08-25,WFC,51.48,51.75,51.4132,51.45,8665609,0.2954461242913309,0.301002944429269,0.3048272994200197,0.7025733359253564,-0.168108591564215,0.2736515928909894,-0.6852549401960286,-0.6994565430413597,-0.2101704076150238,-0.6802999393834779,-0.0011816376800657,0.444449668508751,-0.1670132336499194,-0.0703443976846993,-1.045761188866479
2014-08-26,WFC,51.57,51.69,51.4699,51.56,7027261,0.1001115201133835,0.1074569223154083,0.3613200812385818,1.1750868619580424,-0.1383634997169865,0.2944538809043002,-0.6835026164896701,-0.6981288800854649,-0.1617778618128533,-0.904965605085208,-0.0011942503295842,0.5736581381619923,0.2950722422780296,-0.0409668873216237,-1.2355573516363607
2014-08-27,WFC,51.65,51.7,51.265,51.34,8315784,-0.2986432162419108,-0.2895347726538363,0.2672693110546151,1.3697540146045766,-0.1237185283590244,0.2722282611183417,-0.7683759606658712,-0.7418809543874468,-0.3817145242606391,-0.6789642394830575,-0.0012990685743061,0.6980413952555661,0.0996866805766757,-0.4797735382649624,-0.8851829991614685
2014-08-28,WFC,51.21,51.28,51.0,51.15,7717998,-0.2634017135762438,-0.2543463661062153,0.162152992835514,0.9442428674787378,-0.1199038159933826,0.2265708650820838,-0.7572091127284826,-0.9720858878163192,-0.0953426200550096,-0.712613618604675,-0.001296101395217,0.5680941370764387,-0.2991720801213446,-0.1148365100349991,-1.1351080507084654
2014-08-29,WFC,51.265,51.47,51.181,51.44,8863186,0.3199820776635992,0.325271519560297,0.2838532343047129,1.2516817864239251,-0.1059423977973698,0.2161623943888158,-0.72841760624206,-1.028409131868377,0.1504642414488188,-0.4471996144007955,-0.0011801911285129,0.990906701049386,-0.2639213838992951,0.2315896698238781,-1.123098619599182
2014-09-02,WFC,51.71,51.71,51.24,51.57,9990261,0.1243434762876366,0.1314998956627269,0.335916591008117,1.46432274287217,-0.0904155271104783,0.2118650655970606,-0.6940010269615337,-1.1071753295452589,-0.0004206892571469,-0.2164962876328438,-0.0011737935772185,1.180443367657953,0.3196145964179628,-0.2308659595273076,-0.831769819769572
2014-09-03,WFC,51.75,52.03,51.395,51.55,7735474,-0.0571411031636219,-0.0487965953866513,0.2953186129154841,1.343141289938963,-0.0796751766974778,0.1961067817767659,-0.6667504960377418,-1.2050430894859767,0.1676328111222771,-0.5960308644334983,-0.0012947770226016,0.8195947139224141,0.1239249582139339,-0.3183041263540027,-0.5647197163831594
2014-09-04,WFC,51.49,51.92,51.4,51.57,8306187,-0.0088416153121871,-0.0007620075906911,0.2660408394000894,1.1441746727215032,-0.0712510608297842,0.1775382068739969,-0.6637087068374485,-1.2506071062317958,0.2755252431096228,-0.4373455650862746,-0.0011857300623154,0.8455648821836873,-0.0576069656632864,0.0910682386741941,-0.7509661945233664
2014-09-05,WFC,51.38,51.65,51.16,51.65,12102464,0.0635841973959718,0.0711968198680285,0.2562818120464732,1.481413703021547,-0.0624032319594686,0.1637739769264744,-0.7016463967559335,-1.3119365651703818,0.4087558784715129,0.319770840378251,-0.0011613585622094,0.949445555228763,-0.0092948777797525,0.3707052863062942,-0.8006748951733724
2014-09-08,WFC,51.48,51.73,51.34,51.47,7746935,-0.2499650023884656,-0.2409351633959096,0.1252682168259756,0.836990349264491,-0.0634401188297521,0.1273195048137324,-0.7350837964752582,-1.3054380822950291,0.2643076061263366,-0.4794609599684621,-0.0012932991641563,0.6264131114175339,0.0631498288671524,-0.0409924997979647,-0.9598310849450796
2014-09-09,WFC,51.23,51.36,51.0,51.07,10744965,-0.5168354640626054,-0.5078446181273301,-0.1109801154375275,0.0615131048574146,-0.0807691940612978,0.0562201147454045,-0.8037920185854239,-1.2513717645480154,0.1798898258261494,0.1694763930977631,-0.0013141802571122,0.0432233680065721,-0.2504811674364135,-0.2622776210414986,-1.0038418279940688
2014-09-10,WFC,51.08,51.62,51.06,51.52,11381362,0.5155866253320956,0.5184050439460834,0.0752998799381519,0.4893914954138076,-0.0775942586877483,0.0521175730196033,-0.8972714263497172,-1.2220722886206898,0.3458737164565227,0.3473835330009314,-0.0011650031388787,0.6705176660445192,-0.5174212484074232,0.6244819117649639,-0.6854449940520051
2014-09-11,WFC,51.4,51.725,51.32,51.59,9073152,0.0515936818104936,0.0592893915253224,0.0698707905188061,0.159009752399547,-0.0731758197956422,0.0520362962892925,-0.9842582652432528,-1.2266328611980706,0.3025866475934858,-0.1060361261977082,-0.0011824495334093,0.7672945136364472,0.5152701720308328,0.2529604760031784,-0.9370682675632628
2014-09-12,WFC,51.67,52.03,51.515,51.7,12575559,0.0997503055593373,0.1070984542091169,0.0921434374073758,0.414210514800283,-0.0662771932579341,0.0583552352093472,-1.0288058618715012,-1.25555994236761,0.2173234743484519,0.632645829400389,-0.0011609632498795,0.9361905732755568,0.0511561852799503,0.0175493975644888,-0.7611393240538833
2014-09-15,WFC,51.73,52.16,51.655,51.94,10414820,0.2560161232859896,0.2619826911117083,0.1702075018679715,0.3862040566302555,-0.0524560892587468,0.0812287241634523,-1.1081620900612958,-1.266001193346417,0.3385523406023826,0.2068734452404004,-0.0011769458495272,1.0273560600125762,0.0993253717915066,0.2803889369416287,-0.7810209738096958
2014-09-16,WFC,51.78,52.48,51.78,52.31,10524636,0.4105055717822277,0.4147263457623092,0.3171647339844554,0.6087728288983812,-0.0283109699361733,0.1261013530451812,-1.0817705278043117,-1.2911190820673897,0.3018899909008918,0.2232017917312756,-0.0011777907253202,1.1357532840596212,0.2556319550501953,0.7470022234800726,-0.4760763085682541
2014-09-17,WFC,52.39,52.85,52.17,52.51,16919068,0.2050388929015668,0.2114987295374759,0.3763037757072637,1.064571730452272,-0.0029666053358932,0.1650862928508346,-1.0281907215285464,-1.2896491224425015,0.3089840551094189,1.4481708328571103,-0.0011407339229716,0.9314662079709592,0.4101617056717067,0.1467358297381915,-0.512066914153502
2014-09-18,WFC,52.63,53.375,52.63,53.24,16388313,0.8325222843899753,0.8300636957893527,0.6853437120378663,1.6827395324368912,0.0436492948804567,0.25102681118982,-0.879688620090934,-1.1898735403424956,0.5228053187007712,1.2060682433834855,-0.0011474336801402,1.2615597592414802,0.2046414260829565,0.8493549092990543,-0.4251154069673437
2014-09-19,WFC,53.6,53.8,53.215,53.36,22553812,0.1073301120916037,0.1146201935500941,0.6921000324046859,1.6241833603086784,0.0826663414846919,0.3002199074747661,-0.7410861244800715,-1.2188272767372752,0.4252537483367457,2.1713219607258343,-0.0011159418158123,0.9205073677376392,0.8322885110436172,-0.3646081261999885,-0.6776356931638015
2014-09-22,WFC,53.26,53.5,52.82,52.9,13445695,-0.569703262867029,-0.560856961012266,0.4143506214596702,0.9468706568230074,0.0927190942784555,0.2650207908437431,-0.7028119378459278,-1.156356561024775,0.3260921235881368,0.4206433151722746,-0.0013149811049728,0.3743918294435135,0.1069071556906119,-0.5369932811919834,-0.520023629150531
2014-09-23,WFC,52.85,53.04,52.09,52.1,20596549,-0.9745164589092138,-0.9682883455708644,-0.0071577247160559,0.1941115121108025,0.066736037677981,0.1441059445007498,-0.7085525792273023,-1.0119779193167362,0.0180674076616922,1.537720569299624,-0.0013563779466202,-0.5753743241114824,-0.5703028389929108,-1.0984800110315611,-0.0716729157981847
2014-09-24,WFC,52.22,52.287,51.88,52.13,18245166,0.0028531148169595,0.0108629807347233,-0.0064612160384374,0.200157045136543,0.0451088209293862,0.0585859242209864,-0.7114742524448765,-1.0132251242247858,-0.0051159484433987,0.9826969238447678,-0.0011377163351844,-0.5397580933531684,-0.9752216398663508,-0.1565283598251455,-0.9406480934175432
2014-09-25,WFC,52.1,52.17,51.41,51.41,16684920,-0.8928806967823146,-0.8859084934901833,-0.3722721747776137,-0.3338966381687995,-0.0020395867469223,-0.0755211981132772,-0.7150637782426889,-0.9224019602237996,-0.1474524373193435,0.6319213687690381,-0.001335222861279,-1.3945476315526748,0.0024029031886799,-1.0269064119049756,-0.3592862993404663
2014-09-26,WFC,51.45,51.92,51.35,51.87,10753403,0.5240686768344283,0.5267663310828807,-0.1578704954193699,0.0394124958833403,-0.0227355083923931,-0.1147186523066807,-0.7446967029854084,-0.8956825484253567,0.0392545391083446,-0.3399813803255853,-0.0011810275059584,-0.8484320932585493,-0.8935645811736084,0.5904327157614768,-0.6754902808318666
2014-09-29,WFC,51.67,51.92,51.38,51.69,9995318,-0.2490447561757444,-0.2400167704719905,-0.2550989807200176,0.1808009106170504,-0.0473712621746674,-0.1562176757588416,-0.7544763450037054,-0.9008812353339408,-0.0960998622403765,-0.4671266615908962,-0.0012987952113634,-1.0621294778084238,0.5237544362713527,0.0029274147581198,-0.7206706971878856
2014-09-30,WFC,51.8,52.18,51.71,51.87,16669890,0.1838050161424223,0.1904581674946465,-0.1717375215901784,0.0318316422679667,-0.0608064617073211,-0.1605868606952788,-0.7620787897949112,-0.8984333348127393,-0.0820403614735441,0.5191753452698193,-0.0011472402396649,-0.8484320932585493,-0.2495606811563057,0.0757804561190112,-0.8361628450866007
2014-10-01,WFC,51.84,51.96,51.2,51.26,16526969,-0.7651611264165098,-0.7572442686650329,-0.4725542246675491,-0.3756160290318444,-0.0960498258459074,-0.2202160489209361,-0.7456330122416223,-0.8349547599550551,-0.250097693850965,0.4149485390451249,-0.0013342112186395,-1.5726287853442356,0.1834020099787659,-0.871610443467889,-0.3556810391051772
2014-10-02,WFC,51.19,51.51,50.89,51.4,15434449,0.1370415154695899,0.1440951769566467,-0.3975884977752824,-0.3576788140849525,-0.1187973750790481,-0.2357553870454908,-0.73767187496717,-0.8313189508873192,-0.2158910163818243,0.1936602570149138,-0.001154341679995,-1.2987142683782449,-0.7658116922208396,0.2836243533004872,-0.5860450521629044
2014-10-03,WFC,51.78,52.2,51.58,52.1,14018759,0.8148760629600644,0.8127524644489228,-0.055337946787663,-0.1062850752444759,-0.1097075299592667,-0.1662379525492075,-0.7417813367530416,-0.7550115026101855,-0.0395205647515317,-0.0254816838821182,-0.0011649236901299,-0.499082970711661,0.1366263099714114,0.4405928978002971,-0.5995516777184527
2014-10-06,WFC,52.26,52.46,51.99,52.03,10872282,-0.1166440780785807,-0.1080245037427,-0.1048350723430099,-0.341768039947765,-0.1057359379765144,-0.1237983004181353,-0.755285289224926,-0.7602006790435966,-0.0076854647649277,-0.4958249217866312,-0.0013013905173208,-0.5790461004783194,0.8146376861910546,-0.3588253642282651,-0.8384850778046395
2014-10-07,WFC,51.84,51.84,51.06,51.08,11889711,-1.1697466796776788,-1.1657436739505305,-0.5845646386296849,-0.8740912201217599,-0.140057910994043,-0.1884135558150122,-0.7562183576062601,-0.6499862192276569,-0.1646011812542204,-0.3577275288104402,-0.0013082681691965,-1.6642600044543958,-0.1171254632975798,-1.1339430308306315,-0.3186952737172562
2014-10-08,WFC,51.25,52.19,51.09,52.15,15267161,1.2711562694674698,1.2588226834336624,-0.0604565554579761,-0.6838426885424121,-0.1253984219855089,-0.1140283200744518,-0.7681809798848174,-0.5236892094838315,0.0121140090711829,0.0922152899999627,-0.0011564896047534,-0.4419664494497656,-1.1705027909274095,1.300446505621948,0.1665849233729565
2014-10-09,WFC,52.06,52.21,51.03,51.12,18744283,-1.2626370521319643,-1.259914291456635,-0.5683448531835213,-1.080877194949892,-0.1542351832794198,-0.166478730989283,-0.7367196685431923,-0.3952839540852938,-0.3012757144661205,0.4938162305785206,-0.001345375064044,-1.618566787444878,1.2710369238829289,-1.390486317486219,0.3324283273515422
2014-10-10,WFC,51.01,51.74,50.61,50.64,20211481,-0.6175785547754358,-0.6089023402771053,-0.7845012187111555,-1.086414992509328,-0.1954226559805757,-0.2402295782706517,-0.6561583551256043,-0.3742727160648323,-0.4685938257175319,0.6242233298727689,-0.0013576637395892,-1.8500408899131568,-1.2634173959714532,-0.5743298915598263,0.2683753675131287
2014-10-13,WFC,50.61,50.98,50.15,50.2,19298945,-0.573942656388477,-0.5651099117226391,-0.964232829077616,-0.9819341660338374,-0.2442609537376343,-0.3189233480836305,-0.5339766148469061,-0.3684101839827322,-0.6594791861763358,0.4318917857908666,-0.0013572166158097,-1.835766051859981,-0.6181906202721501,-0.638374087226707,-0.2133774222728575
2014-10-14,WFC,49.5,49.86,48.21,48.83,45851953,-1.7320699747858144,-1.7380203524249025,-1.5742840840057466,-1.3465090309840348,-0.3347205598231477,-0.4890108950766469,-0.2463014289579405,-0.2161190215292599,-1.144521345121491,3.245558303344261,-0.0015264735639406,-1.512610020810549,-0.5745433384576477,-1.0489366732286391,1.224822272898414
2014-10-15,WFC,48.13,48.518,46.44,47.85,38470646,-1.2824917782269325,-1.280061253884822,-1.9618379300131903,-1.400217076620798,-0.4415847923707732,-0.6673061587852037,0.1030081571067487,-0.1615987332746634,-1.470834800702521,2.136820207239729,-0.0015079086458411,-1.2444690939732588,-1.7329727809982378,-0.4658449083225321,2.027951028015754
2014-10-16,WFC,47.18,48.68,47.05,48.13,28977742,0.3313143122168906,0.3364770517369221,-1.6965610212176765,-1.488468754273662,-0.5110608385153028,-0.7137058215737243,0.2607277628608636,-0.2263459800844522,-1.577098813700845,1.0020025696763502,-0.0010218435267925,-1.1180056659183808,-1.2832773016283017,1.4949678048564403,1.2311485795140238
2014-10-17,WFC,48.49,49.025,48.41,48.69,28314046,0.691385860110642,0.6914709170423401,-1.2952167045531038,-1.1866466378912384,-0.5395583988866108,-0.6453476348531346,0.2817296018538608,-0.1661056485202003,-1.452825267753539,0.8883013048875982,-0.0010428106248531,-0.8218964879060372,0.3309497872452331,0.2853014535193702,-0.5386513085945852
2014-10-20,WFC,48.68,49.24,48.61,49.18,15018461,0.5935481831611461,0.5952141412281046,-0.9501794064625816,-1.0533140438449875,-0.5383490488195205,-0.5141960094012588,0.2621804775087575,-0.1188369755609456,-1.200255101097115,-0.4949861706008731,-0.0011438019887332,-0.5012637833416627,0.6911152680824432,0.7496878160360154,-0.5237203749259343
2014-10-21,WFC,49.63,50.575,49.57,50.45,17660157,1.574724730091746,1.553827940849106,-0.2514516192469058,-0.431777770435495,-0.4835312716132363,-0.2712875404319209,0.2261397781093375,0.0434899093892183,-0.6325979997178954,-0.2087249383382513,-0.0011304068817125,0.3329776076315236,0.5932520679250437,1.221970046598263,0.0688854859552943
2014-10-22,WFC,50.52,50.69,50.14,50.17,20078209,-0.378531236304469,-0.3693765576992212,-0.3460951687695194,-0.5524900662532305,-0.4476433505858337,-0.1256858891907006,0.1851495651335806,0.0459264520208563,-0.7196664194222002,0.0328047881078939,-0.0013654216789255,0.1783645128667558,1.5746845773210063,-0.5497354900106668,-0.6776808336313583
2014-10-23,WFC,50.76,50.98,50.49,50.6,14394482,0.5006088228918628,0.5036377321689224,-0.1020698583708992,-0.6446215143919111,-0.399371427971472,0.0226716387012851,0.1706879432406776,0.0311608984913809,-0.3988736645515354,-0.5463802158985598,-0.0011506635122399,0.4158060512555053,-0.3790809408110377,-0.2644624457654514,-0.7842681471100247
2014-10-24,WFC,50.58,51.25,50.55,51.2,10888562,0.7052415557456675,0.7050906379672343,0.2269692749368295,-0.4280449828271084,-0.3353328347299965,0.1819407997918966,0.1405793174446822,0.0466541495971803,-0.3571817535934963,-0.9115900714067966,-0.0011753171783292,0.7471198257514352,0.5002884622864044,0.8997828322907521,-0.451898089364096
2014-10-27,WFC,51.31,51.36,51.01,51.31,11654467,0.1007614593866543,0.1081019146335692,0.2941250034138534,-0.1168215295679102,-0.2787357167227427,0.2902018995136318,0.1233767003629905,0.0459734344206289,-0.2754453926799692,-0.8370741903241303,-0.0011722868691987,0.8078606844090221,0.7049745782943001,-0.0263165508545973,-1.0228323617568962
2014-10-28,WFC,51.56,51.79,51.3,51.78,13267217,0.5372880657834489,0.5397952564296846,0.5407223948060637,-0.3130153210077168,-0.2146072277677178,0.3961963984609297,0.1178052851106466,0.063507579157894,-0.1929596845625069,-0.6579402029544329,-0.0011645257218283,1.0673898077641664,0.1003367894015519,0.2960533625531474,-0.8026599158425182
2014-10-29,WFC,51.84,52.27,51.68,52.17,16546884,0.4359231269839373,0.4398206144180042,0.7189763099864904,0.1906073928083373,-0.1484214717138806,0.4862873677160494,0.1676336354040463,0.0393330245870665,0.0932479832112389,-0.3153377642989069,-0.0011478705064645,1.282743761186521,0.5369772738019732,0.454626525977096,-0.648806993565176
2014-10-30,WFC,53.3,53.67,53.21,53.54,10340338,1.6019188768841317,1.580186514137725,1.3715110409405,0.7562062267624948,-0.0432491597017522,0.6587108670182257,0.341054377462515,0.1809665683778031,0.4439863959923555,-0.9494081372894846,-0.0011854015898566,1.383107853179396,0.4355858916271917,0.3138791046522124,-0.8752836435106671
2014-10-31,WFC,53.04,53.17,52.7801,53.09,21126287,-0.5562705457480035,-0.5473832162307076,1.1115380108557913,0.7519061092859617,0.0204586473079909,0.6899207443793275,0.4173663400187216,0.1710291376257671,0.1115956802901449,0.1517092998765923,-0.0013574240861966,1.176208587363475,1.6018858183319384,0.0449049660764701,-0.9792575765926926
2014-11-03,WFC,53.22,53.6,53.09,53.37,14349464,0.2953567634957,0.3009145400472122,1.2200061341511972,1.4914981552589537,0.0793562111906978,0.7025071632657024,0.5179954038084856,0.173254297875623,0.2107659169904945,-0.5659150145626386,-0.0011614319815613,1.3049459083156023,-0.5568666176407265,0.1866253464409757,-0.7949244567568041
2014-11-04,WFC,53.38,53.49,52.9101,53.27,14931507,-0.1496496639971259,-0.1409019591055632,1.109071688728293,2.066592852347752,0.1190291581065782,0.6630924652465752,0.6231868462529495,0.0835782974216357,0.4621930472559167,-0.5177858122477195,-0.0013248760346357,1.2589682936898443,0.2949828581705802,-0.1820058795854265,-0.6840709558435282
2014-11-05,WFC,53.43,53.55,53.13,53.53,14496887,0.2708727339265284,0.2766878025345847,1.2057835655982692,2.0646358419718958,0.1571945378160942,0.627680254794281,0.7141489157586823,-0.002554225506717,0.2211604105040001,-0.559324061989563,-0.0011604993063599,1.3785100917168212,-0.150139659482207,0.1150867528333515,-0.9374258807724264
2014-11-06,WFC,53.55,54.12,53.475,54.06,15328099,0.5834201698055118,0.5852412279077654,1.398669854618589,2.061679447919037,0.2042487680170354,0.6222302345792327,0.8611247841630958,-0.1090156837966571,0.6771720249334717,-0.4604734004874626,-0.0011582863979861,1.416908583931619,0.2704924413792617,0.6932242601975057,-0.5969684752209246
2014-11-07,WFC,54.2,54.25,53.64,53.84,13312695,-0.286358385813209,-0.2772661803109871,1.1993798741962316,1.8421130054464876,0.2285506168004606,0.5593059803120004,0.9603671370522816,-0.1363594524622675,0.760583051446086,-0.6440200002235685,-0.0013138664232165,1.268369862263128,0.5831214124442223,-0.528136526090191,-0.6470831088567418
2014-11-10,WFC,53.68,53.99,53.62,53.83,11837263,-0.0445595715618444,-0.0362804778740522,1.097028007896354,1.621710849425664,0.2429200795746973,0.4834007862927665,1.0243712777949932,-0.1719714601540473,0.894518563266728,-0.7745516065899671,-0.0013076450479718,1.264113547874595,-0.286884044912124,0.1848005835356858,-1.018481284057566
2014-11-11,WFC,53.88,54.1,53.53,53.58,12520484,-0.3221379597272466,-0.3130052334404047,0.8438716179461276,1.6478010373905274,0.2400062918844692,0.3781898419063543,0.9617782338353896,-0.4400664886908285,1.261175727168499,-0.5709601044322273,-0.0013130386058404,1.1577056881613272,-0.0450221518796662,-0.4469835060910736,-0.7047190132654403
2014-11-12,WFC,53.3,53.67,53.21,53.54,10687892,-0.0794746078136101,-0.0710202169259019,0.6747084302092162,1.5162138069852946,0.2317551995468498,0.2802829561144854,0.7463075708942202,-0.649202296243903,1.5789486878912506,-0.6759335741226188,-0.0013043055603865,1.11507751725064,-0.3226729527508027,0.3138791046522124,-0.8752836435106671
2014-11-13,WFC,53.57,53.67,53.12,53.39,13494404,-0.2074208772838037,-0.1984909544561753,0.4631744060224044,1.2046664399665248,0.2151367031479858,0.1804198934689884,0.4915718534209887,-0.6238459927481168,1.4375770803405437,-0.2275465744820414,-0.0013222454232183,0.9533588682544372,-0.0799462965215429,-0.2801773186142499,-0.7327834870180673
2014-11-14,WFC,53.39,53.685,53.23,53.35,9488415,-0.0796400119586704,-0.0711848370262234,0.3240112979571706,1.1291389664061844,0.1964317175342111,0.0951588560315192,0.2421914148595446,-0.6285225504715088,1.2381365387953789,-0.6814024065454527,-0.001300283986683,0.91242425153717,-0.2079259437183751,-0.0829202482964167,-0.8805443116871501
2014-11-17,WFC,53.1,53.49,52.87,53.44,9657905,0.0720315740967888,0.0795842864814086,0.2609318229324062,0.98111364380445,0.1813631077066125,0.0363099947563516,-0.0038034460791649,-0.6376244693334366,1.104680450615115,-0.6301224682694954,-0.0011828636380661,0.867539639943222,-0.0801117438160781,0.457442525502456,-0.6244202176501444
2014-11-18,WFC,53.1,53.5,53.03,53.27,12588795,-0.2310474347949235,-0.2220584317767399,0.1053743675238654,0.6294556022797002,0.1591993776377575,-0.0290318116250116,-0.1330401779030718,-0.8207482672998276,0.6534560461586886,-0.1664882773332258,-0.0013190686253684,0.6502515242868925,0.0715994092604373,0.2155629873239344,-0.856009390474176
2014-11-19,WFC,53.26,53.41,52.92,53.36,12490626,0.0721893028253819,0.0797408857686673,0.0702642664737988,-0.3868844157480354,0.1418452254581308,-0.0689254860382615,-0.3412608324191484,-0.8520084316333489,0.7663498982740935,-0.1274627224328626,-0.0011648008713134,0.6560379095535714,-0.231558664760337,0.1155380964613453,-0.8260124100397047
2014-11-20,WFC,53.16,53.56,53.08,53.48,10245906,0.1070145360305513,0.1143070532751128,0.0578907312721745,0.2999871948398716,0.1296242431985403,-0.0876277345602334,-0.5393185180689276,-0.866077380187134,0.6684373311729087,-0.4467692458631607,-0.001180546902238,0.7510896214278244,0.0717571791361964,0.428472223625283,-0.8433131948047352
2014-11-21,WFC,54.0,54.091,53.7,53.81,14587503,0.3511691098004207,0.3561049708207033,0.1557814215224108,0.3511836598437458,0.1297347437103937,-0.0708485090058456,-0.6833961292246578,-0.8996647728612642,0.581192859718157,0.1981440231938788,-0.0011561453190972,0.9914466915525504,0.106591497304287,-0.2921469060488407,-0.985743597885525
2014-11-24,WFC,54.06,54.36,53.93,54.1,11028000,0.3025332428540403,0.3080138088101277,0.2290432930451525,0.7552246609777543,0.1379491177508324,-0.0365658976048215,-0.8513361460861447,-0.8960789580987156,0.6311095471916298,-0.3449697510719867,-0.0011792471358977,1.160431954893853,0.3508097644092929,0.0295856209252534,-0.9289104145710914
2014-11-25,WFC,54.23,54.28,53.8,53.88,14390418,-0.2861710569091374,-0.2770791178343773,0.0689091922348058,0.215417764053186,0.1325764313687968,-0.0441126681154337,-1.0129492341756252,-0.8985796867211594,0.4281536796520389,0.16367751018869,-0.0013236685423916,0.8475029544419955,0.3021612096785911,-0.5139271871474997,-0.8488663551780025
2014-11-26,WFC,54.19,54.42,53.97,54.28,11792469,0.429201711206492,0.4331856775786238,0.2127383942991454,0.0788640584224522,0.1407422620199389,-0.0153021747408859,-1.1261737325861645,-0.8991367354173586,0.4265161398730668,-0.2016706369304655,-0.0011743714773828,1.1590898533320106,-0.286696667139,0.0991615939035233,-0.9003993100256501
2014-11-28,WFC,54.32,54.74,54.27,54.48,11054311,0.1963998209813711,0.2029391710564998,0.2872972319256922,0.5967177266989897,0.1516407083510855,0.0147799256781564,-1.063021437836363,-1.2503713553428264,0.0903743119090941,-0.3217606518307065,-0.0011801885699867,1.0018933959323304,0.4288627224138756,0.1962218443161491,-0.8723407148684066
2014-12-01,WFC,54.42,54.59,53.7,53.82,13858518,-0.787223369576324,-0.7794505963303168,-0.05348821261497,-0.1986516439665567,0.1310957594343017,-0.042089152068831,-1.0889739869221484,-1.1927338371759868,0.0344665641011905,0.1774302518361252,-0.0013193620798857,-0.1925474587413881,0.1960001004621865,-0.8593020542776428,-0.2131491557191561
2014-12-02,WFC,53.75,54.44,53.75,54.22,12925278,0.429716981835535,0.4336943438078951,0.1210973930208962,0.4002904732147925,0.1273913635631663,-0.0442371206305636,-1.0763756311187334,-1.1766286313162455,0.066429122810819,0.0395927776546776,-0.0011691867250595,0.5185074155778577,-0.7878796908241245,0.6343223147346275,-0.5307338424091596
2014-12-03,WFC,54.17,54.61,54.1,54.39,14781293,0.1622062139523267,0.1690486644019203,0.1764772192952387,0.5630950436701713,0.1279747078616233,-0.034918926095216,-1.0629613557535127,-1.1785975659698795,0.1413072714348908,0.3402491890793806,-0.0011607991931172,0.8207057371635413,0.4293781274631112,0.2805210480987591,-0.8098596917105377
2014-12-04,WFC,54.32,54.64,54.17,54.5,12394349,0.092916516699058,0.1003162340974451,0.206194458843706,0.8050858466564077,0.1295763169523653,-0.024843374420633,-1.0319960024877104,-1.1879773516049854,0.0986533143033857,-0.0278866155318612,-0.00117599527335,1.0162458276013338,0.1617975732444339,0.2240391437124974,-0.8726045619077518
2014-12-05,WFC,54.89,55.35,54.85,55.03,14261395,0.5724490922555794,0.5744363482666668,0.4404449396140605,1.1205237359902127,0.148298455880637,0.027285015997501,-0.9413179813933252,-1.1900806588189343,0.0960441940679312,0.2858521813319558,-0.0011677477033354,1.0139521022003066,0.0924898001802536,0.1663824821653671,-0.8340927588053595
2014-12-08,WFC,54.95,55.15,54.59,54.77,18939298,-0.3271463201665502,-0.3180095681684823,0.2907908219267756,0.8030906639039259,0.1494841223193126,0.0238491500274144,-0.8969720758294768,-1.1854503763690123,0.0862097340177488,0.9813346910704132,-0.0013396398860333,0.6654491990813387,0.5721474728364205,-0.2738019253565917,-0.7391989914018948
2014-12-09,WFC,54.29,54.9,54.05,54.83,12895842,0.0352070288839309,0.0430125843631666,0.2952727167719656,1.0079872886815482,0.1493671580233604,0.0177475081647001,-0.8553759615814502,-1.1862141467625265,0.1053551052442255,0.0073065071493757,-0.0011743194501525,0.7458729459549408,-0.3276826197360989,0.7251655634694728,-0.2993353831846938
2014-12-10,WFC,54.73,55.09,54.21,54.26,23309462,-0.6802162030770458,-0.6718188729998638,0.0015069815382369,0.4248438799003142,0.1237194530378723,-0.0528494923584586,-0.8611302988167996,-1.125107553226031,0.0189144962085834,1.512911992349751,-0.0013633508746378,-0.0181526493443414,0.0347652575181449,-0.6751259611491496,-0.2396844575435125
2014-12-11,WFC,54.59,55.18,54.37,54.43,17007717,0.1620623125465012,0.1689059993676981,0.0623415231047158,0.4515323654280617,0.1071525911700947,-0.0859531589152194,-0.8662162610603815,-1.1229684261899024,0.0766588192696266,0.4907500155211924,-0.0011506820679034,0.2097146334642186,-0.6808446090447323,-0.2477542798466378,-0.3510869716027987
2014-12-12,WFC,53.87,54.61,53.66,53.7,18792851,-0.8679835016951342,-0.860806162161116,-0.2995727836105764,-0.2569378214619234,0.0628727261529658,-0.1837688851983712,-0.8841288970334946,-1.0176070477230137,-0.0822019852872181,0.7031447411491775,-0.0013411310686503,-0.7687742868313484,0.1616536342986175,-0.264738742747664,-0.1169511573262379
2014-12-15,WFC,54.01,54.41,53.16,53.19,24852800,-0.6242734941555256,-0.6156240371604805,-0.5433037546293548,-0.7263123313379102,0.0059445774538311,-0.2945779306870386,-0.869910004207435,-0.9699336564158416,-0.2115228339290764,1.3977926255370343,-0.0013776540193701,-1.4523761352570284,-0.8686608910805546,-1.1733719819152428,0.3672411310917911
2014-12-16,WFC,52.82,53.77,52.73,52.77,24243294,-0.5245992720308799,-0.5156268101257012,-0.7313155414867876,-0.8191480830975617,-0.0567427993841363,-0.3980493211644316,-0.803872283041928,-0.943614659911718,-0.3516084650064343,1.1535689779951268,-0.0013810723101513,-1.8305519220825397,-0.6248873061811338,-0.0978347117410663,0.0511717148564133
2014-12-17,WFC,53.04,53.85,52.94,53.79,19782576,1.1703997926229257,1.1605968903973356,-0.2484004158861499,-0.4374835958624256,-0.0672017339839145,-0.346391322317785,-0.831109209642407,-0.7775557892771632,-0.0241128470371253,0.5053290396053682,-0.0011238796097286,-0.5364049113224915,-0.5251870817435424,1.0420062031113253,-0.1813930221660833
2014-12-18,WFC,54.43,55.21,54.36,55.21,21404712,1.6105513309579909,1.5885513796534758,0.3952646410821286,0.1169658145618964,-0.0210589054225116,-0.159372959241163,-0.797997231719653,-0.5359887596073176,0.3417081441576274,0.6381497699408191,-0.0011194148936711,1.2652507311081724,1.1702541623944076,1.0563656542743156,-0.3082278960497848
2014-12-19,WFC,54.9,55.42,54.45,54.45,36186117,-0.8900166642963937,-0.8830203452192295,0.0032703881507648,0.0713505844908891,-0.0159133609219302,-0.1152845721999484,-0.8184797366020682,-0.4596398589690461,0.0989021271904622,2.15296351887343,-0.0014422794616802,0.2441961903641836,1.6105205243799543,-0.6455934783994279,-0.106647435989965
2014-12-22,WFC,54.46,54.97,54.34,54.97,17395488,0.5615710735554673,0.563721255823493,0.2266326809367697,0.115809623341112,0.0068542962721864,-0.034654847851707,-0.8001438870072289,-0.4446782534764635,0.1491258646575976,-0.0426704378875731,-0.0011393372122935,0.8867889039218344,-0.8906998015389523,0.6812010846914838,-0.6361712461883474
2014-12-23,WFC,55.08,55.64,55.06,55.47,13205740,0.5332950020508923,0.5358600133388577,0.434671959742191,0.2308136608418722,0.0423908488684776,0.0627158485804619,-0.7373691811418298,-0.4303278477865175,0.2044375205297595,-0.5341121218869579,-0.0011670525105612,1.2486825799024297,0.5612666163549801,0.5086361763164876,-0.7199033406428991
2014-12-24,WFC,55.63,55.74,55.32,55.34,4296992,-0.1789045498989128,-0.1700578768674581,0.3359811273667364,0.1366644224859882,0.063015052855147,0.1022282771153742,-0.7062576403887038,-0.4353534410189419,0.2304882005613884,-1.5384104031542518,-0.0012666731838979,1.0011270528649825,0.5329831683869176,-0.4201691069670591,-0.9588128596217768
2014-12-26,WFC,55.41,55.54,55.26,55.28,5826027,-0.1004966258112773,-0.0919460947967307,0.2825366919625783,-0.0856810206788131,0.0744442584989469,0.1101704524971168,-0.6767443479866098,-0.4462466062318981,0.1030932330126357,-1.3462940974530362,-0.0012754836398078,0.934864297965794,-0.1794021771937256,-0.2035721377678037,-1.1691921940791292
2014-12-29,WFC,55.08,55.945,55.08,55.71,11385604,0.4512831921941131,0.4549803858868734,0.4595182110502216,0.1904092982590617,0.0976036535724799,0.1467174984639458,-0.6172106370106771,-0.4339681089835812,0.1641026374302802,-0.6816178631111215,-0.0011778926236857,1.1998981421465462,-0.1009737985960263,0.8378378545756192,-0.2973040962711641
2014-12-30,WFC,55.52,55.75,55.4,55.42,8749384,-0.3570820397235316,-0.3479296622809718,0.2807720871657885,0.0418694290085507,0.1016763072917931,0.1268261915625564,-0.6095376708170761,-0.4789633980889963,0.2691354477108517,-0.981033108111258,-0.0012913807404798,0.9000497297489352,0.4509499638635971,-0.162396855538443,-1.0649922356326402
2014-12-31,WFC,55.5,55.67,54.82,54.82,10090813,-0.7070274847541007,-0.6987690795892365,-0.0221870822163217,0.0292612166335126,0.0786873380426271,0.0412569943760066,-0.613729199231859,-0.4460332735306617,-0.004955191855913,-0.8074888015903888,-0.0012998450076512,0.2796737040987019,-0.3576261487139274,-0.9519960807486444,-0.2990997048713229
2015-01-02,WFC,55.11,55.19,54.1935,54.7,11700856,-0.1692777741686167,-0.1604621524828916,-0.0873092745422397,-0.0830618096597923,0.0534336490768634,-0.0330277129374768,-0.6158460780529524,-0.4460355694968013,-0.0837698279867175,-0.5966396364508648,-0.0013103540399672,0.1555984989686584,-0.7076628850611639,-0.5883966073922942,-0.073057606916509
2015-01-05,WFC,54.14,54.36,53.1,53.2,15000528,-1.7402548410017449,-1.746389273682715,-0.7774681687085306,-0.3669145240894624,-0.0269984455734541,-0.2344837451452815,-0.5434429387591864,-0.2284589351205607,-0.5177983143705329,-0.2031022072114528,-0.0013315967414922,-1.3953415651569203,-0.1697728900976032,-1.338076396640369,0.3825385547855386
2015-01-06,WFC,53.35,53.47,51.85,52.09,20211187,-1.3319889307100106,-1.3303155026407971,-1.243673376549289,-0.553974359590234,-0.1345710977931964,-0.4655078988809681,-0.3635334930623543,-0.1665902904415261,-0.9521117958680756,0.3924188114187731,-0.0013664360893441,-1.6864789588793505,-1.7411597824247391,-1.810669864860073,1.0005784202105632
2015-01-07,WFC,52.63,52.64,52.11,52.4,15714655,0.337516370550892,0.3426089081324474,-1.0390204952729862,-0.3132981580288592,-0.2069336911584318,-0.5596971365056326,-0.2562625250056893,-0.1493066112933586,-0.802991325438031,-0.1312815462366176,-0.0011420191126581,-1.43483151648444,-1.3327873665818393,-0.3564877571420458,-0.7483724598351232
2015-01-08,WFC,53.0,53.585,52.96,53.56,16721579,1.3452353214206527,1.330941832159945,-0.4480551052100914,-0.2650489779808687,-0.2178143478306244,-0.4767950799453571,-0.2496422636603097,-0.0062894207144455,-0.507654186413443,-0.0318936652758603,-0.001139318461311,-0.4931830223615323,0.3371534635287732,0.7719664621616932,-0.6188064040978252
2015-01-09,WFC,53.54,53.59,52.665,52.68,14550804,-1.0559062932150518,-1.0505292847408891,-0.8366962117887785,-1.0796023110999051,-0.2597719518323428,-0.4904649621456449,-0.1866121868718162,0.0297309441297016,-0.5951354133873621,-0.2462467063789864,-0.0013294458426001,-1.207537052385807,1.3451353010603324,-1.2398865030026027,-0.1279545985263205
2015-01-12,WFC,52.58,52.69,51.71,52.05,16967480,-0.7775397716793507,-0.769702775919493,-1.0864490695637137,-1.0471686082853278,-0.3158726588321112,-0.5378049715547791,-0.081285661692404,0.0490944435688418,-0.8096593464361919,0.0526296151223569,-0.0013471146320697,-1.6144263454077104,-1.0566327065821048,-0.7878693491628747,-0.02217803930573
2015-01-13,WFC,52.3,52.53,51.25,51.85,25080888,-0.2722200103853276,-0.2631495011688876,-1.1404046712319886,-1.349697785099038,-0.3656847529176851,-0.5594901976970016,0.0262185908080861,0.0178896692017337,-0.6734381528586795,0.9968286538148362,-0.0014030716103768,-1.4564872533080742,-0.7781935667379561,-0.6763797118911404,0.4660782171115272
2015-01-14,WFC,51.0,51.73,50.42,51.25,37590058,-0.7534362069696784,-0.7454460160964805,-1.3873916782509514,-1.7393460435408412,-0.425565065202477,-0.6027537989350644,0.1692792464881176,0.026811501888943,-0.7031397823050972,2.3458302192539504,-0.0014977924092519,-1.38192347736232,-0.2727419811638867,0.3440353371869225,0.5389497691287877
2015-01-15,WFC,51.21,51.5354,50.46,50.72,32144687,-0.6768352601101703,-0.6684212441261659,-1.5985582562387364,-1.8056669008311064,-0.4899276865767417,-0.6489020663605909,0.3382508730406557,0.0354663132990078,-0.7380175317215503,1.6260862590008265,-0.0014829188048252,-1.7008042402301078,-0.7540837140591446,-0.749229550827854,0.1757257845699634
2015-01-16,WFC,50.53,51.7,50.51,51.64,23174862,1.0962901260865578,1.0882490339141446,-1.0987845536772372,-1.3446947398496365,-0.5006532681213323,-0.5477598631204346,0.419559123729464,0.0235408832934384,-0.7545020745396414,0.576786203157612,-0.0010531186384649,-1.147275368836967,-0.6774627840811359,1.6333407127140096,0.3291955123647745
2015-01-20,WFC,51.98,52.3,51.7,52.0,17691020,0.4010259069771114,0.4053646485217893,-0.8462866742020884,-1.375872574577241,-0.4910212936619613,-0.4144461018216072,0.420073773067813,-0.1667013210669075,-1.021377039440691,-0.0224129727855714,-0.0011072358181351,-0.9306771148135652,1.096125162647301,0.0027530086530908,-0.6296986000192776
2015-01-21,WFC,51.99,52.7,51.71,52.1,17928251,0.0867309521378729,0.0941767060767049,-0.7409127864928655,-1.2734787843013973,-0.4756652878120952,-0.2930615345204088,0.4367524243252058,-0.1958177653799281,-0.8013317039479521,0.1162255505487778,-0.0011118089242888,-0.870510933140397,0.400679567878032,0.1335352738742286,-0.007687611322989
2015-01-22,WFC,52.49,53.82,52.48,53.77,21488730,1.9626070783038876,1.9287348347334008,0.1102130487939758,-0.4956046908430027,-0.394915439916616,-0.0276312569838722,0.3932834932858154,0.0614587624394647,-0.4880856348503731,0.5140639122376812,-0.0010928796159424,0.1342643008014984,0.0863026219723097,1.8160588540873297,0.485610288628746
2015-01-23,WFC,53.73,53.98,53.24,53.26,17779652,-0.6235037448236053,-0.6148511742627871,-0.0864249132267622,-0.5938413516709224,-0.3486688771762974,0.095902103016752,0.3030051345054234,0.0501487800126754,-0.7526089928989615,0.0443513885332588,-0.0013603267811065,-0.1725832257316578,1.9626681135634056,-0.6872013270582237,-0.4333773007938023
2015-01-26,WFC,52.91,53.6,52.89,53.58,13429409,0.3410665179611574,0.3461185976720932,0.1152743963985739,-0.0686003899410576,-0.2976889085203375,0.2069124963603509,0.2130602986345292,0.0643475675488538,-0.634559117263997,-0.5074590707375692,-0.0011499373503792,0.0199485556224775,-0.624117356042399,0.9303966613456496,-0.4869564102223241
2015-01-27,WFC,52.93,53.34,52.57,52.97,14351619,-0.7417941556708245,-0.7337333739384669,-0.1291396868530061,0.105649592988478,-0.2797650332312288,0.2106349957568838,0.1102102263596417,0.0861405385973192,-0.7811876839271709,-0.440632640276511,-0.0013386440644478,-0.3470651525838428,0.3407045370766295,0.0307790736762686,-0.3798369895743823
2015-01-28,WFC,53.31,53.355,52.15,52.16,18775067,-0.9850256895279852,-0.9789013328777868,-0.4435019739501398,-0.2650276434252622,-0.2957254939389247,0.1263952977241424,-0.0565934313408401,0.0986247192587232,-1.1033457486737173,0.0116317911157739,-0.0013727069133734,-0.7961103133640686,-0.7424386256634893,-1.656114955179133,0.3340161180639716
2015-01-29,WFC,52.24,52.9,51.895,52.76,16700038,0.6831623637570994,0.6833860571384243,-0.0791224350664041,-0.4586854567813594,-0.283192567790598,0.1323450265626597,-0.2438698363096612,0.1443641808920099,-0.8723889258728433,-0.2541381125976845,-0.0011213956762749,-0.3996675857038129,-0.9857336120595992,0.7257303152143944,-0.003803742149728
2015-01-30,WFC,52.2,52.77,51.9,51.92,21754793,-1.0242157454551448,-1.01849435712654,-0.4262293676051302,-0.4463787228378194,-0.3045048603762183,0.0499877992447123,-0.3753955241260835,0.169628233194977,-0.9444013131420452,0.2177197499494005,-0.0013941223206693,-0.8359626791356152,0.6828896264407696,-0.4315751685735954,-0.1948187468783504
2015-02-02,WFC,52.19,52.91,51.985,52.81,17714512,1.0342160789385626,1.0275855481458178,0.0659580421565078,0.0609273165255598,-0.2847818464837811,0.0897261898578618,-0.5411679242036408,0.2518304787490623,-0.6749281122295716,-0.2304248187122985,-0.0011123009032922,0.1351423605594194,-1.0249338916140602,0.8712137576238809,-0.131556908861732
2015-02-03,WFC,53.01,53.525,52.97,53.45,20258946,0.7215039379952617,0.7210722367711047,0.3799007610591214,0.312525104636738,-0.2428602107149932,0.178655772917373,-0.5247894953762201,0.1278027240467444,-0.0984612094951058,0.0028345006764805,-0.0011002630732747,0.9479865570118456,1.034034922056655,0.6007874949972645,-0.7259510853194645
2015-02-04,WFC,53.03,53.5,52.9,53.03,14435564,-0.5222079373342615,-0.5132297087129254,0.1459860352326657,0.3798381778411605,-0.2252657930191847,0.1871815988288325,-0.5196646614272167,0.0354571025047089,0.0975519722921206,-0.5642198953732424,-0.0013392535701456,0.5558078363023358,0.7212412029602732,-0.0263165508545973,-0.6483762175183518
2015-02-05,WFC,53.24,53.84,53.22,53.67,13281854,0.7183738230446605,0.7179964863995063,0.4335260437209245,0.7426170693190931,-0.185690106446773,0.2505816672472906,-0.474350053390456,0.0585905390145977,0.1884756817430919,-0.6740492373811634,-0.0011506785419399,1.1534135059549204,-0.5227951232122774,0.5838875742205736,-0.6285638331945781
2015-02-06,WFC,54.12,55.08,53.83,54.45,19316994,0.8718161285318844,0.8685942189590814,0.8000012868187039,0.7119237001788471,-0.1238966343323121,0.3584899194966616,-0.3893808843933353,-0.0050701400542422,0.0765676558010011,-0.0645672345629255,-0.0011131569456577,0.993472235328346,0.7181102714472071,0.4343650659775446,0.3219189651505367
2015-02-09,WFC,54.27,54.45,54.075,54.21,9739238,-0.3074116353319412,-0.2982930886951009,0.6409917526407974,0.5289319159596791,-0.0850855403641928,0.3856602755802724,-0.3139137113594604,-0.0755479521415055,0.259068622858522,-1.0337964653261866,-0.0013051131639909,0.8222697527132804,0.8715926058883704,-0.1098453348904989,-1.0148099300187483
2015-02-10,WFC,54.62,54.71,54.22,54.57,12342504,0.38044969573244,0.3850396214319194,0.7554718299829614,0.5910333367267792,-0.0413785948080428,0.4199983981545505,-0.2333433788957746,-0.1204640942684572,0.5435721335958309,-0.7483279193759703,-0.0011618047800476,1.079073476635876,-0.3079427866551328,-0.095477833498744,-0.8429819335750319
2015-02-11,WFC,54.06,54.26,53.66,53.9,18296843,-0.7973882938130661,-0.7896845865114288,0.3705946297670829,-0.1430089169744199,-0.0344083002444256,0.3529093889665062,-0.2340087513881341,-0.0752913824809231,0.4131870138859303,-0.088692534358902,-0.0013592457569793,0.6011332126688207,0.3800979888554878,-0.2499252379740107,-0.6635963377636575
2015-02-12,WFC,54.19,54.9,53.97,54.86,20159495,1.0758669624888366,1.0682965231235535,0.754265710051654,0.3479397017850564,0.007118911627373,0.3881870918832942,-0.2274013766365175,-0.069916940671827,0.8670292700180386,0.2144860937856336,-0.0011086801852511,1.2845843932670538,-0.7980472668151058,0.9077985267891572,-0.1785094795956083
2015-02-13,WFC,54.98,55.56,54.81,55.33,18809017,0.5003848833852644,0.5034169130722055,0.8683694485529525,0.3884124534072316,0.0561828914637394,0.4358087652149612,-0.2802981955072797,-0.1175602611944635,1.167400678038501,0.1440660235717053,-0.0011234196265638,1.2914803851410477,1.0756966711977052,0.4546424307053266,-0.461635765704893
2015-02-17,WFC,55.31,55.46,54.95,55.37,11908612,0.0120124785449514,0.0199661984840938,0.7930680506176756,0.656867699057791,0.0938625454925815,0.4446030452285159,-0.2654011749270364,-0.1679419986036449,0.8933446944275211,-0.6123129856944318,-0.0011702953943769,1.2792532361011528,0.5000644643600362,0.0556416322881948,-0.8236909165844015
2015-02-18,WFC,55.09,55.2,54.4,54.52,13231551,-0.9887361888669688,-0.9826489002156024,0.3133307762673472,0.638809281017039,0.0875661095340733,0.3384447706433892,-0.3134657440816616,-0.0830132968444099,0.5442558346374758,-0.431850692914485,-0.0013211207463773,0.5449180251954344,0.0115646563473286,-0.8080286136875607,-0.3684206090584557
2015-02-19,WFC,54.41,54.82,54.13,54.56,10784561,0.0126811671453464,0.0206307356715449,0.2718173546432611,0.4874801214450233,0.0815145749137091,0.2541485228037884,-0.3701043622096312,-0.0823401955665083,0.5259762521128024,-0.7011113280364125,-0.0011769398399475,0.5358715114173076,-0.9894450793676616,0.1819680985493897,-0.5373430912835986
2015-02-20,WFC,54.41,54.94,54.03,54.83,15049087,0.2750990838657475,0.2808704165792488,0.3772701525327289,0.9903828000504178,0.0846725185782004,0.2104165630997005,-0.338163775468238,-0.3345016256264636,0.1220477385787573,-0.132064759602907,-0.0011530574627688,0.7807634664267104,0.0122335193905221,0.5568804674765467,-0.208136193968291
2015-02-23,WFC,54.68,55.11,54.27,55.1,13715013,0.2735819274866236,0.2793689928261889,0.4630902715092772,0.8256367063234417,0.0950098774953342,0.1939106866058604,-0.305274158810761,-0.3666395966714117,0.3399066611347923,-0.2790203010369489,-0.0011635616184974,1.025655421436119,0.2747198938590515,0.5540007455498932,-0.3207917441564268
2015-02-24,WFC,55.19,55.54,55.02,55.37,11957816,0.2720796397906977,0.2778822476952577,0.5498641354366117,0.7118215949827281,0.1108543297424047,0.1948811488395527,-0.2540248994249611,-0.3691657544850371,0.3231711211686036,-0.4979369023448295,-0.0011756155309501,1.270547376445522,0.2732023416947975,0.2200926053129074,-0.8086392895157879
2015-02-25,WFC,55.39,55.58,55.24,55.33,10516855,-0.0779720499135973,-0.0695248014614472,0.4717676538896238,0.9596087543223544,0.1187716813686671,0.175253298090534,-0.2439352226781697,-0.4225945635655454,0.4868605406266335,-0.6673795204241484,-0.0013003242228748,1.2173576166811833,0.2716996620925797,-0.1081563614635227,-1.0791986108587222
2015-02-26,WFC,55.22,55.35,54.96,55.15,13579108,-0.2355343902366616,-0.226535180960565,0.3107581291569885,0.6126052251425673,0.1149411167336377,0.129312083270612,-0.3365438038585313,-0.5159937750674519,0.6744092285815683,-0.2360445947022064,-0.0013186775594874,1.0549823991127578,-0.0784433466447492,-0.1220902734412132,-1.001968773950883
2015-02-27,WFC,54.82,55.28,54.79,54.79,12936955,-0.4393948372400618,-0.4302741079187686,0.0871431957404915,0.0105662810429367,0.094946713365361,0.0509536687695607,-0.4039708639996424,-0.5171863594134285,0.3976044665538296,-0.2999294330157103,-0.0013171219481111,0.729263693883221,-0.2360467907275839,-0.0676619276297558,-0.8459867744578926
2015-03-02,WFC,54.79,55.56,54.72,55.55,12988462,0.8305941832472462,0.8281724326000478,0.3648224580796846,0.5236779898438549,0.1060921795290547,0.0684204252831388,-0.5821438244621016,-0.594511331797099,0.859336893730423,-0.2402329424816187,-0.0011659410359451,1.4151387115466336,-0.4399604194165515,1.021673168472964,-0.3310840838290955
2015-03-03,WFC,55.45,55.5801,55.14,55.45,11759571,-0.145071718116645,-0.1363407422879396,0.2522854247880904,0.3020768464726881,0.108047830872048,0.0587394053446443,-0.6823310282936136,-0.6605788059344808,0.56671147536607,-0.3767970729910205,-0.0013103424354959,1.2815131247829896,0.8303599069113666,-0.0263165508545973,-0.9298574934654992
2015-03-04,WFC,55.17,55.2,54.67,54.82,16653259,-0.7403461534954264,-0.7322767468051233,-0.0830606630032219,0.3283171284266845,0.0821604175730671,-0.020672979686947,-0.7507643691750282,-0.633819680727618,0.2089603344803275,0.3473459362541473,-0.0013408802764567,0.5001115470102284,-0.1455605193392688,-0.50561915745537,-0.7855841066454461
2015-03-05,WFC,54.94,55.01,54.65,54.84,9576125,-0.0102824211988798,-0.0021943722239848,-0.1168654618762089,-0.2026955142250943,0.0600432872929596,-0.0744982441256118,-0.9064738996016614,-0.6664013095086601,0.3337988305661473,-0.6448405731419267,-0.001184187140385,0.4004539583870385,-0.7409902457434255,-0.1638334514014953,-1.0442285420799264
2015-03-06,WFC,54.98,55.49,54.51,54.59,17298431,-0.3168127712545562,-0.3076847689661386,-0.2584257107414601,-0.7233889621580897,0.030627203532027,-0.1363458362875114,-0.9883158178266208,-0.6979269456664027,0.08427683372058,0.4474606217679632,-0.0013462399333432,-0.2712362106849841,-0.0107360595337935,-0.5622422731642159,-0.0951883063648216
2015-03-09,WFC,54.78,55.01,54.63,54.67,11937920,0.0582412348359435,0.0658911637610788,-0.225406344586093,-0.6895947245155329,0.0086671464897549,-0.1666322255958304,-0.9979145089788014,-0.7767326083620459,-0.108137355699374,-0.2782364333083448,-0.0011684916950184,-0.1327358601848056,-0.3173463750802414,-0.1780269628234119,-1.0120386135646728
2015-03-10,WFC,54.16,54.17,53.29,53.29,18723168,-1.604536042101239,-1.6077644540595433,-0.8638677570809896,-0.9683639381590314,-0.0640054517388793,-0.321394545059297,-0.8748083316466956,-0.5464100893385162,-0.4167229478105141,0.6373457343595504,-0.0013560775433423,-1.881302785249608,0.0578054724724737,-1.239943823557861,-0.2150815253544694
2015-03-11,WFC,53.87,53.99,53.6,53.7,16612918,0.4460018059709498,0.449768287120929,-0.6472678765421284,-0.6937545481832943,-0.1059381515364343,-0.3660804312439961,-0.8130520537555361,-0.5406085245816209,-0.4016220492356164,0.2996452735255454,-0.0011378335333163,-1.2861696337053814,-1.6054055781545562,-0.264738742747664,-0.9860550881307192
2015-03-12,WFC,54.52,55.64,54.2,55.59,26266876,2.1582086286859776,2.116935575386891,0.2169033204041808,0.1482482744669845,-0.065726462514236,-0.1903908974537596,-0.8304985062928614,-0.2174629109051094,0.2930104099530931,1.5613917532705417,-0.0010829272892595,1.3721514854387944,0.4456671998693869,1.4564495922434029,0.5675326791647337
2015-03-13,WFC,55.49,55.65,55.02,55.34,17591416,-0.3129836194979066,-0.3038592966145653,0.0857912031292614,-0.0821728412343316,-0.0448761522371,-0.0996751260126747,-0.8211375771691451,-0.2885513810463408,-0.0389763341677853,0.3917674929925631,-0.0013438920386041,1.0062277875288363,2.158320691107958,-0.2305473631463689,-0.6425573408907569
2015-03-16,WFC,55.5,55.815,55.33,55.73,15505153,0.4057577448855083,0.410037779067466,0.26250226641183,-0.0316163363751109,-0.0145320584013321,-0.0026656734117193,-0.797742399863862,-0.2950616295077882,-0.0613027258318631,0.127449742650367,-0.0011501509100345,1.330975611328484,-0.313516224401301,0.2867809371977968,-0.8660356025695605
2015-03-17,WFC,55.5,55.98,55.255,55.91,13107744,0.1680885926874654,0.1748802215883946,0.3353818332853975,0.0593978269064426,0.014733885313497,0.072166748817688,-0.7631716602628358,-0.2928851508944307,-0.0242452946667487,-0.2159321067447784,-0.0011669875856756,1.3563758869062783,0.4054126401951605,0.531813753934456,-0.5106205733094986
2015-03-18,WFC,55.68,56.28,55.49,56.17,20000548,0.2565244318120227,0.2624858739040205,0.4193400435953583,0.2428100027490039,0.04593418015374,0.1370116730989184,-0.7142008672844934,-0.3695100501515878,0.2769985951378594,0.6818154441327939,-0.0011302376983643,1.3205844481398186,0.1676814865333366,0.6385608688406339,-0.4191807838142257
2015-03-19,WFC,55.95,55.98,55.237,55.51,14841101,-0.7645307546248175,-0.7566098970451485,0.0817949773751209,0.103214544391568,0.0424998707035925,0.0997387373018254,-0.7170989059100974,-0.3186810630597961,0.0882455950529532,-0.0487050386934344,-0.0013229158048015,0.586818623821405,0.2561403961801965,-0.620468212527648,-0.4758085251572644
2015-03-20,WFC,55.53,56.21,55.52,56.01,26487212,0.5277861358221876,0.5304305063973056,0.291463552087144,0.004629862625175,0.0571015995822206,0.1163448408389585,-0.6881430179197802,-0.3044201180588359,0.1485932387175814,1.3866800955310692,-0.001095301621514,1.1427018240626243,-0.7651811559821693,0.6267512841359553,-0.5646287932727138
2015-03-23,WFC,56.03,56.29,55.73,55.78,16477406,-0.2886530440278267,-0.2795576208233548,0.1656423408878507,-0.0526217353799295,0.0572655189417468,0.0924670505078329,-0.6734157637711382,-0.3017821769137917,0.0137726632176452,0.0713747813165237,-0.0013297842605633,0.8777678908276643,0.5274728650437756,-0.3634207145190185,-0.7546282878296138
2015-03-24,WFC,55.7,55.87,55.35,55.35,13927423,-0.512934302721631,-0.503934588368717,-0.0384036831649237,0.0363473368890747,0.0383344694892146,0.0242146972332351,-0.6736903080535475,-0.2887372930583647,-0.1727818258256892,-0.2671461458960047,-0.0013186928038252,0.4013018704609072,-0.2891793017411049,-0.5010584683799947,-0.8083564766494581
2015-03-25,WFC,55.26,55.36,54.54,54.54,15413662,-0.9440892747382142,-0.93757101069665,-0.4050913510777867,-0.3034890386211089,-0.0101259978134422,-0.1063953985950968,-0.6590868086499109,-0.230033101491399,-0.3771710418778627,-0.1074463632357736,-0.0013291684566435,-0.4962271446485687,-0.5135190693588021,-1.0107046311213066,-0.3383076806422887
2015-03-26,WFC,54.35,54.75,53.97,54.5,15038604,-0.0786565032633424,-0.0702059967711315,-0.4088314919840289,-0.2243011130971731,-0.0512113002212315,-0.1918999277789991,-0.6435053009031519,-0.2320303968691188,-0.340573181570012,-0.1631084532157284,-0.001329777125216,-0.5405495651478011,-0.944786518064658,0.1821980356048396,-0.3985556387064987
2015-03-27,WFC,54.54,54.595,53.96,54.12,13600286,-0.4670887815739004,-0.4580033391962183,-0.574133500165984,-0.3964848648619889,-0.0992785562831633,-0.2782749796402382,-0.6107190708483825,-0.2304756324484591,-0.3470715505029453,-0.3465069330225935,-0.0013240000917129,-0.9616125598905196,-0.0791279785498902,-0.608123477282862,-0.6134701366418576
2015-03-30,WFC,54.39,55.02,54.39,54.77,11706734,0.7147446142667873,0.7144301192944041,-0.2458762710831957,0.4269246770770535,-0.1121938816550012,-0.2568945566598901,-0.6163109914402622,-0.2446786944141354,-0.3736967269280906,-0.5770711839547411,-0.0011706241675314,-0.241373226777973,-0.4676615883526184,0.5015319205735844,-0.6326833781916396
2015-03-31,WFC,54.47,54.69,54.19,54.4,13306212,-0.4535816533214503,-0.4444774491112452,-0.3975544996069413,0.1039754970781006,-0.1371066133621947,-0.2706713356520825,-0.6089729558346648,-0.2348279206357351,-0.4455811335588143,-0.3845739245402176,-0.0013225680396921,-0.6513556163958857,0.7144801159067671,-0.1234089863462978,-0.8253233540789727
2015-04-01,WFC,54.42,54.42,53.78,53.94,15436876,-0.5594426836646776,-0.5505647784001113,-0.5965126524060068,-1.0555821114328507,-0.174636758620439,-0.3141697641223215,-0.5709894567555005,-0.2497863612994438,-0.4032333082706902,-0.1115668841875632,-0.0013381004486441,-1.161063452137069,-0.4541509364551543,-0.6927049535930377,-0.6024816684869742
2015-04-02,WFC,53.95,54.48,53.82,54.37,13498903,0.463313859143117,0.4668515825409058,-0.3799731411423384,-0.682603815423526,-0.1869972992437292,-0.2841823778532008,-0.5598584226657889,-0.2295228858394757,-0.2933463565987232,-0.3744843876412871,-0.0011563235798629,-0.684597431770312,-0.5600395830825226,0.5618530463168022,-0.579645269309457
2015-04-06,WFC,53.82,54.37,53.56,54.08,10786082,-0.3650694451960413,-0.3559153427383195,-0.5065664189040607,-1.0433980576656046,-0.2075103392718848,-0.2811768619638872,-0.5391860150018174,-0.2275355236270577,-0.304684135174563,-0.6829166222885146,-0.0013096498847135,-1.0059349803897522,0.4629837692887313,0.3386679185196513,-0.3430602903173368
2015-04-07,WFC,54.28,54.39,53.98,54.02,10853676,-0.1020693095072198,-0.0935118704998036,-0.5199525620600667,-1.1887601626915405,-0.2252282576610462,-0.2715778542706087,-0.5151352298333567,-0.2284573920684887,-0.3420929582535942,-0.6697323048444455,-0.0013117343147045,-1.0724186111385967,-0.3656156378848326,-0.3882079315053355,-0.958784981453306
2015-04-08,WFC,53.98,54.36,53.83,54.0,9828654,-0.0560460384232617,-0.0477071235957454,-0.5462301407252776,-1.38856109979146,-0.2389980670022111,-0.2537362833916213,-0.5767055874269543,-0.419573115510723,0.0281967256112371,-0.7638602902489828,-0.0013068098287456,-1.345537262731406,-0.1025468925626762,0.0016759593938212,-0.7733487987165668
2015-04-09,WFC,54.06,54.29,53.73,54.19,10279402,0.1860600148136653,0.1926929758694111,-0.4669446416533764,-0.9892504680994022,-0.2413472096160424,-0.2100664271346581,-0.6116644554944942,-0.4328558176128386,-0.033465604014793,-0.6772392095214771,-0.0011740830128064,-1.1141839689167292,-0.0565116152501067,0.1553655074299154,-0.73007862887567
2015-04-10,WFC,54.33,54.48,54.055,54.32,9531501,0.1163589094269044,0.1235786309980873,-0.3747622335457815,-1.2979959366419656,-0.2370561935600147,-0.1580388880206475,-0.6174215692726954,-0.914021503883188,-0.5030034452748859,-0.7028423116330851,-0.0011806115447561,-0.9558896099908932,0.1856575969182682,-0.0402226405215318,-0.9392645246879482
2015-04-13,WFC,54.33,54.73,54.28,54.59,14931597,0.276460328903677,0.2822175147748587,-0.2277061503516797,-0.9629927165298896,-0.2221646757932407,-0.0891313478095363,-0.6243111254958387,-0.9038195522949962,-0.3665176461124986,0.0767647231853606,-0.0011475591666825,-0.6271244029910817,0.1159383083953233,0.3352417804857781,-0.9043228605291972
2015-04-14,WFC,53.93,54.47,53.571,54.19,29289610,-0.4891824324899063,-0.4801340502389623,-0.382726998468411,-0.9485100007100852,-0.2252054048622633,-0.0801626102992577,-0.6449847627638164,-0.9158373742477384,-0.5733137747307127,1.9240517691832024,-0.0014231660810821,-1.1141839689167292,0.2760814940090523,0.3379234666073358,-0.2087176540139436
2015-04-15,WFC,54.37,54.91,54.19,54.81,16899885,0.6793121918462293,0.6796004307787197,-0.0590224684604144,-0.0044134736389792,-0.2025756869187479,-0.0069123315876311,-0.7022515586338339,-0.8509230175675615,-0.4564271280382949,0.2167017806362109,-0.0011313451148149,-0.3592416417319806,-0.4897610029055304,0.5851012433445417,-0.4965342868515986
2015-04-16,WFC,54.53,55.07,54.34,54.81,15643194,-0.0329960430517004,-0.0247793014886723,-0.0262690830192187,0.024916611755511,-0.184214106561049,0.040701778710125,-0.8046514507172171,-0.8652804602904226,-0.5230708137852055,0.0792007642761796,-0.0012427088046935,-0.3592416417319806,0.6790384501240182,0.3616258633198331,-0.4813288755983761
2015-04-17,WFC,54.41,54.56,53.98,54.05,17569711,-0.8962711479398584,-0.8893276671417739,-0.3567243136742977,-0.2333458283471633,-0.1989751787313014,-0.0064640704648971,-0.8329984348372115,-0.8431930755663591,-0.5537562200565407,0.3190535187264184,-0.0013540198188357,-1.2846548169907042,-0.0334556067571959,-0.5261997094241467,-0.697009405580055
2015-04-20,WFC,54.34,54.67,54.17,54.36,13327224,0.3240805827495855,0.3293244345629783,-0.1679279869293499,-0.4692761152953367,-0.1978881970613197,-0.0034041320383017,-0.9593261182017024,-0.8691140989927032,-0.6001283816939776,-0.1694990816748932,-0.0011547476697339,-0.90718365339833,-0.8969559168083032,0.0014905103012564,-0.824759703936953
2015-04-21,WFC,54.55,54.85,54.19,54.28,10954163,-0.1246193506287087,-0.1159672161927552,-0.1704070557394734,-0.2769437887979168,-0.1995708182357774,-0.0080850913409651,-1.0903343258114764,-0.8724722204696808,-0.5624182239601053,-0.4731162881646626,-0.0013127864069579,-0.8451942540987002,0.3237141706932499,-0.4002667248844162,-0.5779678360651629
2015-04-22,WFC,54.31,54.91,54.16,54.67,13563832,0.4143258918128084,0.4184987245495033,0.0343067547682601,0.3555348964715515,-0.1851178283464264,0.0297029263268114,-1.1721103926081022,-0.8629275312973145,-0.3479079103717968,-0.0963088779970763,-0.0011536884220369,0.1686091628399324,-0.1251028163809515,0.4744870333429569,-0.4479976796117872
2015-04-23,WFC,54.41,55.12,54.41,54.86,14657785,0.183375406092793,0.1900323948424613,0.1182594807985252,0.2001570451365409,-0.1659691110349944,0.0720200620103282,-1.1498275844976895,-0.9570433742733148,-0.0813072422345256,0.0664634723643379,-0.0011494985545085,0.8888484959524732,0.4139830223206193,0.5985373973573442,-0.5127236428723922
2015-04-24,WFC,54.76,54.92,54.61,54.7,15268078,-0.2145725286472554,-0.2056237758509949,0.0361636209454989,0.3212806282379028,-0.1569771206591387,0.0797305302691148,-1.1409605851550588,-0.952484379590754,-0.1135813551501523,0.1525485725684184,-0.0013366450403005,0.547906799804531,0.1829722878554759,-0.1090979078602189,-1.1190082423403596
2015-04-27,WFC,54.79,55.5,54.71,54.97,19852410,0.2743105405793015,0.2800900548821779,0.1457608697849052,0.5495544547542298,-0.1393150853813995,0.1082154512021049,-1.117893022741668,-0.9707693112353818,0.0631876306749583,0.7499597045382305,-0.0011162886558722,0.5347260641286966,-0.215079460754544,0.2218915405650884,-0.3935927951672631
2015-04-28,WFC,54.91,55.43,54.87,55.41,13028265,0.4653400766385784,0.4688507179535385,0.342260180927123,0.7978107106697535,-0.1084473439752501,0.1649946481918748,-1.0489057682266334,-1.0095735772747407,0.0041387466854811,-0.2189246653783556,-0.0011633593481621,1.288664144785754,0.2739311448629558,0.6616436126900216,-0.7490412570513416
2015-04-29,WFC,55.17,55.76,55.075,55.46,18144485,0.0231833807874781,0.0310668129608551,0.3403661091618728,0.730404088406915,-0.0827588027346175,0.1970868337155886,-0.9816587225088966,-1.0404303225050466,0.1186947872253811,0.4559467223165137,-0.0011352705101245,0.9895812698143676,0.4650105153696213,0.3708198946146114,-0.5619605997692653
2015-04-30,WFC,55.65,55.65,54.78,55.1,16577793,-0.4371232247950837,-0.4280001520392133,0.1388111699316861,0.3454735652657065,-0.0773727109642061,0.1705024266970665,-0.9841853344812366,-1.0590759177101232,0.1483628248750955,0.2312183012658558,-0.0013372118505545,0.4456242909601411,0.0227384727765908,-0.7730098453426173,-0.2754155958375889
2015-05-01,WFC,55.26,55.58,54.96,55.19,12069395,0.0686958512290989,0.0762723568167927,0.1621690444951084,0.2400973732859166,-0.070446266676008,0.1531997419464558,-0.9636283666938684,-1.0872956514574537,0.0540233373027473,-0.3795175854644332,-0.0011714808147381,0.5816135356736924,-0.4376882143692292,-0.1220209475471946,-0.6550794211110895
2015-05-04,WFC,55.27,55.77,55.26,55.73,9981839,0.5761603303716094,0.5780915768695515,0.3813122095770995,0.8761424112328613,-0.0448837173440138,0.1873266077153203,-0.9125577181556188,-1.0684159113399534,0.2806148902512882,-0.6636617579460534,-0.001185274658542,1.3824116028078384,0.0682628161927292,0.6024842664751611,-0.8286496080069602
2015-05-05,WFC,55.73,56.2,55.6,55.72,17068104,-0.0441674117038732,-0.0358903975961222,0.3350114773000865,0.5455928251072119,-0.0264104654317842,0.1963803708114654,-0.8863436868175182,-1.0707429167921552,0.294706208028312,0.267272363157413,-0.0013389251730839,0.8359532527739408,0.5758596791142566,-0.0398733039786697,-0.6938989967364272
2015-05-06,WFC,55.43,55.6,54.45,54.92,15670726,-0.9268659281712704,-0.9201901760507516,-0.0704223612910332,-0.1161587101032344,-0.0444386630680982,0.1096692785088405,-0.9214977843800576,-0.9433706418318978,0.0827383383773726,0.0372854670889831,-0.0013342204879078,-0.1755892462576227,-0.0446298897177779,-0.7214529468827333,0.1537960581377323
2015-05-07,WFC,54.96,55.19,54.61,54.81,14723006,-0.1576934961624735,-0.1489172108963264,-0.1379208849242064,0.4002904732147942,-0.0640134909630103,0.0363194050057535,-0.9462878039567212,-0.9435183372023592,0.0005551724751918,-0.1167440616281019,-0.0013316177934401,-0.3146763398744627,-0.9275586783916948,-0.2325168378646119,-0.7094100443967576
2015-05-08,WFC,55.17,56.05,55.09,56.05,17477488,1.3755054438710603,1.360386942018368,0.4132044728496271,0.8637425131479264,-0.0320523612913504,0.1102921738079595,-0.8885317697338823,-0.7377876142737213,0.3002647783196935,0.1864546207591156,-0.0011336730386171,1.25321453362446,-0.1581855900661505,1.1787871457416197,-0.1638979431896066
2015-05-11,WFC,55.92,55.96,55.44,55.51,12922055,-0.6328058601655686,-0.6241915620052448,0.1330247787141167,0.5092905676337697,-0.0293329835645074,0.0942026227292745,-0.8797436727370013,-0.6962455836030911,0.0800340515121366,-0.3844314042487823,-0.0013202773392031,0.5704233467781534,1.3754133201682717,-0.5802548898351589,-0.8106132733936285
2015-05-12,WFC,55.31,55.64,55.0,55.47,11705874,-0.0778586173616073,-0.0694119095793117,0.0831427822910689,0.2980184321444998,-0.0301012337611354,0.0723538876294848,-0.9060643127924336,-0.7227196884768977,0.1794280767399016,-0.4516586862028805,-0.0013149972908287,0.3497920304212523,-0.6334218980550604,0.1922386041928615,-0.6297563865283154
2015-05-13,WFC,55.47,55.83,55.37,55.6,11448061,0.1129124637955189,0.1201591958840373,0.1261171318813593,0.2671473139493462,-0.0269789883281559,0.0648889683268775,-0.8940852097465644,-0.7666363722168313,0.0442065773713999,-0.4576198703597758,-0.0011701217256779,0.5444513096408611,-0.0783298845012695,0.1507473047585502,-0.9018131924739896
2015-05-14,WFC,55.95,56.1299,55.72,56.04,11025386,0.459693462332727,0.4632794146370967,0.3059832321679103,0.5912829805551618,-0.0087830036044091,0.0977165783306045,-0.8541608077768557,-0.7469905211729816,0.1621062633423873,-0.4916163729208904,-0.0011745835245486,1.2032981008456745,0.1124909636793406,0.0952144708512475,-0.981733994577536
2015-05-15,WFC,56.04,56.04,55.3,55.52,13323206,-0.6106937500335056,-0.6019907801631823,0.0233261308837726,0.1161922986839633,-0.0163353187996146,0.0577029855892792,-0.9180083652022694,-0.7961860484002387,0.2319537217387586,-0.1398600277686839,-0.00132305980764,0.3348182397120587,0.4593624280145789,-0.7273680905306167,-0.480512735008768
2015-05-18,WFC,55.58,55.98,55.55,55.75,10637289,0.2249172967298693,0.2311896811205078,0.0993356293632726,0.0074359662463802,-0.0147943872000682,0.0490979721091652,-0.951011730486835,-0.8011046785824422,0.2080621200165867,-0.5091729848836969,-0.0011766435717582,0.7096034130511569,-0.6113040194705803,0.2047702335513047,-0.948515477282231
2015-05-19,WFC,55.9,56.7,55.89,56.4,17194050,0.69288242105729,0.6929421345647565,0.3566595818456151,0.2969077082231015,0.0101943185693258,0.1025681283938513,-0.9522962615439824,-0.7626555753322408,0.4061318376651994,0.3829542467298769,-0.0011384043112714,1.0502588855658157,0.2245250156500205,0.64945970281687,-0.3944073039289981
2015-05-20,WFC,56.32,56.37,55.93,56.08,13291959,-0.3862331352422166,-0.3770794433893584,0.1712725781200615,0.321164300433165,0.015529096698035,0.09475538200928,-0.9622646594279765,-0.7533756641094425,0.2113054688139263,-0.1660975526517413,-0.0013204212968942,0.5428820040643463,0.692612219441429,-0.3482701807997849,-0.937436985622912
2015-05-21,WFC,55.91,56.18,55.83,56.01,13466688,-0.1107075734529241,-0.1021128970979494,0.1107015576316923,0.2393872974883657,0.0151314866033658,0.0737501162955045,-0.9710705492160894,-0.7530786000260654,0.1403891083638959,-0.1334527684797798,-0.0013237110582291,0.423463080710514,-0.3867848489662358,0.1088145261628791,-1.070536525585438
2015-05-22,WFC,56.04,56.23,55.99,56.0,8568750,-0.0441115648332669,-0.0358348470751561,0.0750206873882809,-0.0333101959245115,0.0125816483215189,0.0514061054204689,-1.0058086404260025,-0.7591450481276358,0.1815635324414732,-0.7991359833863731,-0.0012957994728619,0.4086889405441061,-0.1111874099981759,-0.0802435923681366,-1.2341487867455772
2015-05-26,WFC,55.97,56.0,55.46,55.66,15859118,-0.4109912707216434,-0.4018472442761956,-0.1018101607593024,-0.221488443145142,-0.0044647046292189,-0.0037828824853623,-1.0333928412773834,-0.7455675733216733,0.0168730442411912,0.2937614936805683,-0.0013428858483502,-0.0936318251138758,-0.0445740282782312,-0.4447738208161105,-0.7827708266091383
2015-05-27,WFC,55.92,56.31,55.71,56.07,12526067,0.4256061016557604,0.4296360378567682,0.075963126274198,0.4819730934755467,-0.0034941153584421,-0.001558773686577,-1.0242861917647752,-0.7492440988529743,0.0074575870513364,-0.1942163961278696,-0.0011606225986853,0.512107921708984,-0.4115494431746395,0.1763438170651164,-0.6995008999845383
2015-05-28,WFC,56.11,56.3,55.89,56.21,10348706,0.122454737219407,0.1296262221528143,0.1241351584182576,0.6230111385827054,0.0010763249970964,0.0094864680745766,-1.008174291453236,-0.7478952259106018,0.0311330780324466,-0.4709835340080137,-0.0011768395986582,0.7189458840387402,0.4252661748657081,0.1083328613009383,-0.983429354789571
2015-05-29,WFC,56.25,56.26,55.68,55.96,17291512,-0.3098953380996356,-0.3007741548978011,-0.0140253050732704,-0.2538266887546161,-0.006758705276698,-0.0136088063609998,-1.03000963659553,-0.7583564319412036,0.0617505019345469,0.577447258605513,-0.0013502171392445,0.3495923798784628,0.122035726424685,-0.4158279765707974,-0.7275337207832863
2015-06-01,WFC,56.24,56.49,55.8,56.04,15746240,0.0560075845373953,0.063672974829403,0.0035390586403108,0.2412006315498957,-0.0113844792870708,-0.0238244555335252,-1.0473745431735422,-0.7584789943426482,0.05871560492727,0.3106807506152982,-0.0011408627650268,0.467785501209749,-0.3104271373538093,-0.2949928849956753,-0.5651784159192831
2015-06-02,WFC,56.01,56.45,55.74,56.18,13148696,0.1225379549818702,0.1297087773214927,0.0587549214068926,0.3718532837023303,-0.011108735360594,-0.0193805520798403,-1.0368791858514108,-0.7922403599045843,-0.0488882670777852,-0.1005657016844895,-0.001160674044539,0.6746234635395052,0.0555712394748802,0.2029961339745409,-0.5380663330745835
2015-06-03,WFC,56.35,57.2,56.35,56.91,16197740,0.7759816602940095,0.7745793209364682,0.373595685353957,0.7024164566339095,0.0159592954392361,0.053137455876209,-0.962280018402366,-0.7306623996670306,0.146180514874803,0.357794648789743,-0.0011445524553214,1.0923286991534884,0.1221189658964152,0.7245086432867134,-0.3465561898778974
2015-06-04,WFC,56.53,56.89,55.93,56.14,17627090,-0.8753557140041711,-0.8682380560435515,-0.0169580968932725,-0.1257636305369019,0.0053492666470221,0.0141691854644261,-1.0188066453286897,-0.740748261375562,0.1587719652976059,0.5511302844172322,-0.0013458779541517,0.0824029106141038,0.7757331370256502,-0.5475476885263357,-0.1661862997241612
2015-06-05,WFC,57.04,57.22,56.4,56.61,16890253,0.4882237222552403,0.4914240247740276,0.1609361759420925,0.5076650239263254,0.0135851479002466,0.0315036171668679,-1.086282143719913,-0.725736343303098,0.3148399474411664,0.4231620765531003,-0.0011400354658061,0.5294775189316607,-0.8760350266007033,-0.5958689284668363,-0.3841254437236172
2015-06-08,WFC,56.94,56.94,56.12,56.12,14248446,-0.5718838433396946,-0.5630444782939386,-0.0703103878156572,0.0348631802852387,-0.000858360875408,-0.0130051969885399,-1.085508113501921,-0.8910366480978262,-0.14913513943127,0.0618147474749611,-0.0013262329652518,-0.2042382258191636,0.4879001307114737,-1.1143471766288418,-0.3735850438279203
2015-06-09,WFC,56.23,56.925,56.0,56.7,14669909,0.6104405526214285,0.6118442484910717,0.1732579667816173,-0.004840737096383,0.0087246085016151,0.013231492845549,-1.0746783446688102,-0.8954924799044925,0.1473671131014916,0.110339766979227,-0.0011540456552663,0.6642416353144699,-0.5724839883201371,0.6051851213029943,-0.2317067075245888
2015-06-10,WFC,56.98,57.57,56.905,57.21,18622390,0.5269968868296858,0.5296525881252923,0.3704829892368485,0.4782315477435912,0.0342990347140676,0.0753825793204387,-1.0199960776871932,-0.8701599553636172,0.2932152471847766,0.6237893456589495,-0.0011336417484435,0.9156957770918752,0.6101488441483561,0.278648534910731,-0.6225829202006367
2015-06-11,WFC,57.26,57.57,57.07,57.26,13943277,0.021415805837103,0.0293104921955357,0.3543601756566781,0.5520572042770305,0.0542136523278524,0.1105351985988072,-0.9724668724350132,-0.8702576710062152,0.2710063632447737,-0.0640965886993605,-0.0011641341732805,0.9889156347447896,0.5266834101575246,-0.0263165508545973,-0.8635832484728587
2015-06-12,WFC,57.13,57.29,56.74,57.09,13439024,-0.2178347851885827,-0.2088777159420064,0.2501878586004439,0.4370487896562784,0.0609074304296469,0.1046270807093044,-0.9366099043646192,-0.8827635313416254,0.1076992992924377,-0.1517554233235223,-0.0013163566777552,0.7399681187248754,0.0209704367136428,-0.079214702551057,-0.7884254473831742
2015-06-15,WFC,56.65,57.07,56.48,56.98,12920592,-0.1529537260932852,-0.1441941560402474,0.1645039856690848,0.6047351656167155,0.0595011465631907,0.0790511663308751,-0.951134390819506,-0.9299240472397472,0.2187327458342646,-0.2222049548100015,-0.0013154458177115,0.5133682748985339,-0.2183425683305088,0.4137909355170705,-0.7283701087972707
2015-06-16,WFC,56.85,57.24,56.73,57.22,10476094,0.2292350731234261,0.2354659134195816,0.2415547053397704,0.5273660325512917,0.0653821829828098,0.0773478717960746,-0.9384902602558542,-0.9297311857105568,0.2197737730128783,-0.5660894278334541,-0.0011821459122576,0.8914742317640341,-0.1534445835189442,0.4654013121071216,-0.848509529201028
2015-06-17,WFC,57.31,57.55,57.1,57.17,17497735,-0.0873983827044256,-0.0789069235149267,0.2001845254388117,0.4206105339200514,0.0656225693572169,0.0614663000534789,-0.9114050817497604,-0.9848311513152944,0.0330309071864595,0.4220239348720468,-0.001341703908242,0.8127021574170599,0.228843918434841,-0.2108785805608589,-0.9353262307287944
2015-06-18,WFC,57.29,57.84,57.19,57.7,18299905,0.5441730994049506,0.5465800055341018,0.4080663606015547,0.853031337952774,0.0840070408877339,0.095463605507784,-0.8512535756332649,-0.973690482324862,0.256777868755596,0.4908186716987316,-0.0011353456793293,1.247338661755092,-0.0878721385112535,0.5143752263454899,-0.65247539792778
2015-06-19,WFC,57.42,57.57,57.05,57.05,36241076,-0.7343430859299744,-0.7262382877406726,0.0821457797601841,0.3530620625409883,0.0704870368073391,0.0405398788720137,-0.8577278326691612,-0.9003515042537723,0.1052245589297662,2.612692808084309,-0.0014474114015515,0.3394739561510423,0.543864103542823,-0.5131532020105407,-0.8316876705975361
2015-06-22,WFC,57.58,58.04,57.53,57.91,15111198,0.9055124976805928,0.9016169169756116,0.435618106050002,0.6318279121043798,0.0908744941086851,0.0838781194560965,-0.8061476316721953,-0.8157303680371213,0.3334392927876701,-0.1420259605655701,-0.0011505584064041,1.2753812328643852,-0.7349856121397529,0.4066825652092266,-0.8573601925379254
2015-06-23,WFC,58.0,58.26,57.76,57.89,13354246,-0.054497696478939,-0.046166722389625,0.3737887219778881,0.3360051902563228,0.1033570132798056,0.0982015372566306,-0.8055291754859174,-0.8412584270700316,0.420934933612665,-0.3499750695764757,-0.001321527935512,0.9661550433348568,0.9052977655098516,-0.1696044192623846,-0.8715030378773314
2015-06-24,WFC,57.67,58.15,57.54,57.54,16166598,-0.409404975933074,-0.4002600331128356,0.1777911881519784,0.6230111385827033,0.0966645999354606,0.0603043252913355,-0.8134119988649091,-0.829367809064896,0.2175636743634715,-0.0163439704913248,-0.0013409160585121,0.5152001836042841,-0.0549628693851822,-0.1966257596435916,-0.7078007125487866
2015-06-25,WFC,57.75,57.7895,57.13,57.17,14053641,-0.4333344836925377,-0.4242076881986181,-0.0151197934696226,0.1423317909283027,0.0742472154681472,-0.0104892492520934,-0.8341718292796749,-0.8054887150852843,0.0833518625555317,-0.3014239496791304,-0.0013312122922134,0.0384764747462548,-0.4099627345645961,-0.7851050425095325,-0.6299228727257232
2015-06-26,WFC,57.34,57.58,57.17,57.44,16975850,0.2610335200865851,0.2669493139497367,0.0749650396862927,0.628080061288908,0.0646657310126169,-0.0340847232215871,-0.8748457364723297,-0.8131846109353499,0.220945017534161,0.0630023991404925,-0.0011322810370145,0.3612006328663582,-0.4338984848864408,0.1054444975591901,-0.996446595162516
2015-06-29,WFC,56.8,57.19,56.01,56.06,19289651,-1.528749729472976,-1.5304902308623916,-0.5607164933304544,-0.5281462572824985,0.0010532841323126,-0.1920358695563202,-0.876781793571924,-0.5746333186134386,-0.1622354973508642,0.3244417909679495,-0.0013633861156985,-1.4591844947807189,0.2606506607541262,-1.0106179772409962,0.162907528409145
2015-06-30,WFC,56.54,56.88,55.99,56.24,17346720,0.1669048978998517,0.1737067976204855,-0.4792240025380382,-0.7354571645218009,-0.0434710572441816,-0.2692643316516923,-0.8816727641203397,-0.5732316530567811,-0.1517917775679723,0.0590364774118198,-0.0011292532249174,-1.4390297051606888,-1.5295994949238654,-0.4271926659614386,-0.2724518384023447
2015-07-01,WFC,57.09,57.2,56.61,56.91,12165329,0.7086982159107273,0.7084879612798962,-0.1708373780293246,-0.3652721557492948,-0.0534684349860431,-0.2421752913008396,-0.8816727641203398,-0.5827529586515484,-0.1674769497128712,-0.5511393897483705,-0.0011662669177734,-0.4831491772265882,0.1664974829517173,-0.2645250169412171,-0.7273086650232405
2015-07-02,WFC,56.84,57.14,56.52,56.74,10106770,-0.2189715548204232,-0.210011627792048,-0.2628179342163074,-0.3652721557492948,-0.0689828345866635,-0.2347047783111943,-0.9190104977799972,-0.648955207476055,-0.0105134707138628,-0.7748059775548836,-0.0013045132315089,-0.7830049204558305,0.7084321402086532,-0.15923665141841,-0.6806553629115436
2015-07-06,WFC,56.1,56.53,56.01,56.44,11682148,-0.362171426371646,-0.3530178307351762,-0.3969598438513881,-0.452411941744791,-0.0937008122652089,-0.2524182194560014,-0.9095227263776968,-0.6625068750325551,-0.2115807020202006,-0.5528004102990486,-0.0013157740378336,-1.222324066373348,-0.2194796345148489,0.4315730561785494,-0.8234775696379926
2015-07-07,WFC,56.32,56.47,55.075,56.25,15831836,-0.2425819240710076,-0.2335673376422535,-0.4873286275793558,-0.6661225957846033,-0.1210680994705478,-0.2734082494869696,-0.9214799271560284,-0.6870366293061599,-0.1334560759177112,-0.0330791452294267,-0.0013444053670045,-0.6549563781868366,-0.3627168630455843,-0.1202196929219433,0.4755294080736045
2015-07-08,WFC,55.84,56.17,55.21,55.25,12906614,-1.139805598581983,-1.1354204329577933,-0.9150378484869552,-1.0041360855584498,-0.1817139565912367,-0.3758587395960776,-0.7771153352632619,-0.6196676434472774,-0.5430589038856004,-0.3955394142276236,-0.0013287686067512,-1.6986554480274954,-0.2430961630731954,-0.8245893525142962,-0.1432293320924849
2015-07-09,WFC,56.06,56.15,55.44,55.5,13623154,0.2487145338649428,0.2547542789160771,-0.761456412554395,-1.1622794801775858,-0.2191077298422827,-0.3979686680785809,-0.6955556356821659,-0.6466464374576952,-0.6064561434965138,-0.2760739622739993,-0.001148964239069,-1.4377306805673309,-1.1405538990121862,-0.7810257854222642,-0.5251615557137495
2015-07-10,WFC,56.33,56.46,55.86,56.08,13269598,0.6176284929694724,0.6189192381312599,-0.4670262546409813,-0.6226812019867181,-0.2250185646101766,-0.334620069175623,-0.677485881799649,-0.5979865942401505,-0.4701337508243239,-0.3182284885709236,-0.0011543807291142,-0.8323852200597502,0.248328460841641,-0.3616253790121957,-0.6996599269098414
2015-07-13,WFC,56.56,56.76,56.42,56.74,15521841,0.6997126721598133,0.6996562753558432,-0.1541610101725572,-0.7284745890606434,-0.2030833488792819,-0.2122659354284203,-0.6796848229665354,-0.5455123781372981,-0.2575153510339291,-0.0387170821207722,-0.0011425757450197,-0.1435438339649114,0.6173386596359335,0.2141240666999392,-1.0919250235054865
2015-07-14,WFC,56.46,57.37,56.39,57.25,20066280,0.5266021085922058,0.5292634737881277,0.0751515454620925,-0.4630758269832304,-0.1654174708809642,-0.0738921745516103,-0.6738659848691114,-0.5191203331922173,-0.097884665227928,0.4905527584801961,-0.0011177670159204,0.3887426916538226,0.6994442523720206,1.0308196566688046,-0.1647030779161435
2015-07-15,WFC,57.41,58.16,57.26,57.78,17159434,0.5433665748390727,0.5457852669107025,0.3067858358596276,-0.0888300814951721,-0.1150780980469464,0.0694281916875924,-0.6469416128026709,-0.4975733373167046,-0.0237428055277844,0.0790121043319169,-0.0011404691339669,0.9419031986693732,0.5262885289330629,0.4606049002754194,-0.2931796746706101
2015-07-16,WFC,58.24,58.35,57.98,58.17,13194493,0.3872295475409875,0.3917374452283786,0.4632218254083342,0.2271681481100651,-0.060830015645991,0.1941454358173207,-0.592019798823142,-0.4863349119351186,0.0894156428766059,-0.3897999867973224,-0.0011668863699563,1.260175644791467,0.5430573685764654,-0.1171239849417011,-1.061220444114881
2015-07-17,WFC,57.97,58.05,57.49,57.94,12963915,-0.2791598495614702,-0.2700782885146495,0.3515098904239069,0.0202707015592662,-0.0282601883675107,0.2381197756186737,-0.5774384210243135,-0.5046443968610028,-0.1063890487700364,-0.3913523175084052,-0.0013152250320048,1.026721674222982,0.3868796093442887,-0.0654152839029704,-0.7858202539323014
2015-07-20,WFC,57.99,58.29,57.88,58.05,10084859,0.0852018189580238,0.0926588597327117,0.3787384758238085,0.82718783174025,0.000182510194521,0.2626760891905504,-0.5383289999434032,-0.5522112909423244,0.0899559953938848,-0.6428038808851156,-0.0011847836034747,1.1383735731905158,-0.2796836307566667,0.0518539459487797,-1.0026976744764178
2015-07-21,WFC,58.02,58.37,57.75,57.95,12504279,-0.1402450309906753,-0.1315320570587818,0.3317305272258736,0.6964848202964203,0.0168970720414498,0.2521331180387381,-0.5358921036157329,-0.626720977716871,-0.1573325535682723,-0.2908794781081836,-0.0013130622173835,1.0191591025037112,0.0847730898829068,-0.1174683082009077,-0.6996701847639764
2015-07-22,WFC,58.07,58.59,57.99,58.52,14871061,0.5793780962785849,0.58126060603539,0.5794256926715323,0.6596166146662102,0.0503002227622123,0.2866548815908997,-0.4883655464561803,-0.5939302902829681,-0.0076475111819594,0.0300757350081424,-0.0011568628628806,1.3766788353732629,-0.1407325730609681,0.5591544896518903,-0.7368379871836718
2015-07-23,WFC,58.73,58.765,58.0699,58.21,13582244,-0.3627976771009039,-0.3536439604576135,0.4209480186971293,0.566893693447463,0.0621595387335066,0.2588188326563237,-0.4545130579959828,-0.5973197530944218,0.0035343150992272,-0.1326482235786424,-0.0013187623036772,0.9429002282686086,0.5790782844494646,-0.6952579484953963,-0.59613009626329
2015-07-24,WFC,58.18,58.34,57.7001,57.78,13157279,-0.4928990859032524,-0.4838577153861428,0.2088659244419463,0.4847608962148227,0.0523357769991243,0.1807381247600918,-0.4398898923564767,-0.5921414448081347,-0.0107724682332907,-0.1866607112385141,-0.0013184585553706,0.5555294800029519,-0.3633432771467461,-0.5457513061689307,-0.6683433549480253
2015-07-27,WFC,57.48,57.84,57.34,57.59,15495288,-0.2377213307763388,-0.2287172643071688,0.118000523745587,0.4847608962148227,0.0349735126644012,0.0988695825222507,-0.4361476668019322,-0.5941119570938095,-0.1291241915695724,0.1547952095020168,-0.001334422324198,0.3843656610018499,-0.4934786258933873,0.1182675891532697,-0.8677533199095948
2015-07-28,WFC,57.73,57.84,57.16,57.4,16730609,-0.2383967571466847,-0.2293912060994252,-0.0003237499426923,1.0654203810523903,0.0119028746608673,0.0186814931759156,-0.4669140719990456,-0.8301329751104588,0.1835750723095353,0.3516325671822073,-0.0013451182172272,0.2132018420007415,-0.2382343017809917,-0.4581906042575939,-0.6040105839536546
2015-07-29,WFC,57.6,58.13,57.42,57.96,13718354,0.5743994447393087,0.5763572931923843,0.2168869006335668,1.163278424248582,0.0138031273552856,0.0188056644911002,-0.4769097122639466,-0.8010340937555278,0.2816849487854493,-0.0541475087072232,-0.0011555203517639,0.7176846769513664,-0.2389099043518384,0.4458821063983396,-0.570412752397159
2015-07-30,WFC,57.85,58.19,57.72,58.15,9864823,0.1710934518539252,0.1778589079687446,0.2751633918622672,1.0381850147107758,0.0208501735800744,0.0321527594903515,-0.4579227020656046,-0.8485871407476748,0.1525251835280731,-0.6012539789405724,-0.0011819215700813,0.8888484959524684,0.5740983341144454,0.3654818164425643,-0.9177176414157951
2015-07-31,WFC,58.23,58.25,57.7899,57.87,12369834,-0.3327767911102055,-0.3236359963430313,0.1207640974293816,0.5363773285698543,0.0135629470271799,0.0059342641189864,-0.4596502735850541,-0.8404716896052381,0.1250116113679289,-0.2495320803966595,-0.0013172982302918,0.6366070784771558,0.1706871295864095,-0.4934064127431287,-0.9287158227410844
2015-08-03,WFC,58.07,58.07,57.5,57.91,13085940,0.0100369878787205,0.0180029305763153,0.1051432080259586,0.2830062393382934,0.0075784928528893,-0.0116872185023045,-0.4788302674654697,-0.8590888991665165,0.2150394888406464,-0.1551533962783589,-0.0011616219846218,0.672641566687914,-0.333314559517578,-0.2344840319235742,-0.7710115214148732
2015-08-04,WFC,57.77,58.16,57.71,57.82,12324691,-0.1297534834742813,-0.1210809274059347,0.0279203212466137,-0.1569651046045336,-0.002374999132746,-0.0360006396002799,-0.5204080522936361,-0.8653902945288962,0.2424409657323664,-0.2424789128908487,-0.0013169105695731,0.559235558695514,0.009588650328929,0.0390736042089873,-0.9427008153557536
2015-08-05,WFC,57.81,58.02,57.48,57.65,12032525,-0.2160445794536114,-0.2070920527949437,-0.1044888761879868,-0.6318041708149394,-0.0184372766833709,-0.0711752853625501,-0.7035484535036842,-1.0458134501619054,0.4704908121697925,-0.2796121938375566,-0.0013171416441854,0.3281532140730714,-0.1302382885831412,-0.2354202634592589,-0.8106809846359218
2015-08-06,WFC,57.65,57.95,57.405,57.53,12556587,-0.1625877950001698,-0.1537946276807467,-0.205236635038744,-0.5495965436342012,-0.0371572372274763,-0.1061558322465949,-0.909156526481372,-1.0402553185358518,0.3697067533903937,-0.1956028924256295,-0.0013225241134728,0.0296724875658717,-0.216551895579204,-0.1835795902172377,-0.8018094142398152
2015-08-07,WFC,57.57,57.86,57.04,57.47,13596220,-0.0979270746858893,-0.0893879155868651,-0.2639495362934664,-0.7068449555143664,-0.0554116671552806,-0.1329420019614019,-1.07192621951611,-1.081507649297922,0.196544159960689,-0.044922928556168,-0.001331691571311,-0.3696749703283919,-0.1630811656942477,-0.1575511959136057,-0.4021903588078314
2015-08-10,WFC,57.8,57.98,57.68,57.94,12397545,0.4761613890751832,0.4795263017963687,-0.0777822918090992,-0.1970196490968588,-0.0524725567769194,-0.0998191298238198,-1.1639066723368752,-1.1191321708283182,0.1431303717888658,-0.2002274571098024,-0.0011588833095885,0.2881630602391737,-0.0984035771441379,0.156680852648272,-1.159804088252658
2015-08-11,WFC,57.23,57.55,56.98,57.21,15425475,-0.8174000363889775,-0.8098372440562726,-0.4080874741408447,-1.1967707992390375,-0.079650874900965,-0.1508425746190052,-1.1594299189464417,-1.0602302383469586,-0.1777382943545056,0.2900062065819387,-0.0013439496193385,-1.4529768728620531,0.4758346507944216,-0.0527194112985795,-0.7609744883268069
2015-08-12,WFC,56.9,56.95,56.2,56.72,21878424,-0.5662321621620605,-0.5573749775479403,-0.6068082579048173,-1.2837915653854552,-0.1207780325015266,-0.227565403143801,-1.0642184474282643,-1.0766796430803824,-0.4369082839018802,1.2090145045910057,-0.0013917382639664,-1.2073946373080542,-0.8180642299142574,-0.2653204406416727,-0.4893202950176
2015-08-13,WFC,56.75,57.134,56.63,56.89,11868619,0.1536024473354399,0.1605182418212279,-0.5009628111468482,-0.8882723096415974,-0.146686374503171,-0.2497706965980799,-1.024343470362765,-1.1025132948418397,-0.490646682968429,-0.2707570936146329,-0.001157275563739,-0.9870785120194654,-0.5668308327715021,0.1600667076910563,-0.8529903942576788
2015-08-14,WFC,56.89,57.37,56.82,57.33,9742520,0.448521561085657,0.4522550398433282,-0.2871441958590545,-0.3805078593849309,-0.1498709652774893,-0.209044386883,-1.0180553054449015,-1.0658743745279686,-0.3220988897575333,-0.5709045464816761,-0.0011746740998764,-0.4168485406843031,0.1531915621371732,0.5580178747141608,-0.7917866130543437
2015-08-17,WFC,57.02,57.5,56.93,57.35,11462454,-0.0112768602508628,-0.0031830044812175,-0.2622121978752793,-0.2274561541081004,-0.1515567516097774,-0.1726054422784923,-1.0195462518105554,-1.0688301736393433,-0.3445757380477244,-0.3196938685853518,-0.0011645786471322,-0.3909289965327007,0.44818761232016,0.4109350994953673,-0.7630014964737291
2015-08-18,WFC,57.41,57.72,57.27,57.54,10581474,0.1732642381118563,0.1800106971925037,-0.1664188094101516,-0.5466478470501098,-0.1454348370558859,-0.1233573989204265,-1.0242413225774465,-1.0616296158088778,-0.2713852379358155,-0.4407620723855684,-0.0011725584469513,-0.1446933270925189,-0.0117307580080713,0.1447639590018962,-0.9395444986563468
2015-08-19,WFC,57.28,57.55,56.95,57.06,13744637,-0.5523540200992776,-0.543455280309952,-0.3520262119818299,-1.04541411242896,-0.1593333226537648,-0.1354911295811448,-1.0597141948565227,-1.093913691891059,-0.5338877886871892,0.047401191370407,-0.0013315830369275,-0.7667623867308767,0.1728584821438553,-0.3164944966524906,-0.7149741696503096
2015-08-20,WFC,56.46,56.58,56.11,56.12,20857677,-1.0586279261337892,-1.053281266532362,-0.7340395935064993,-1.3582011294057152,-0.2066562009649512,-0.2312319255657127,-0.9661955750192393,-0.9790410019828591,-0.6947899284679233,1.0452254501124256,-0.0013820385013018,-1.8663961415839492,-0.5529490702762209,-0.4812865642191046,-0.8933516275347165
2015-08-21,WFC,55.33,55.78,53.96,53.97,31954445,-2.418148940805506,-2.4434836558259354,-1.6340058832099995,-1.969489857930544,-0.326704620779927,-0.495018854241905,-0.5072008949474468,-0.4752898898349323,-1.1359046697695891,2.3838716927895165,-0.0014674478724074,-1.873554110337156,-1.0593550495013755,-1.8833638636729464,1.219133088716634
2015-08-24,WFC,49.2,53.24,47.75,51.25,40198134,-3.170699619040824,-3.2266541300336185,-2.749714817155178,-2.3046094108300026,-0.524540734025443,-0.906272580987855,0.2617489604625876,0.1002589932140935,-1.7842979941004145,3.091318565332168,-0.0015503380513373,-0.7732422727687767,-2.4192307264932595,3.121674497498317,7.336311543761479
2015-08-25,WFC,53.55,53.65,50.0,50.02,31041795,-1.5271889430175762,-1.5288998146249528,-3.166191590587092,-2.390861920074973,-0.7230954501043656,-1.2371252337073328,0.9412091999413116,0.1709326402637588,-2.0557476020709293,1.7499234666743764,-0.0015098811847958,-1.1626463957263249,-3.1719777248786203,-5.006667654803408,4.4901262356249205
2015-08-26,WFC,51.56,52.41,50.58,52.3,30235778,2.8048353343325174,2.735056139138881,-1.9868175090624591,-1.4347243539990155,-0.7833864044021751,-1.1459188132157918,1.1374196387665707,0.656084348179659,-1.6016707087502613,1.4756029634447414,-0.0009547526089392,-0.440824119024528,-1.528038301301427,1.0580186124259972,1.3248094129437076
2015-08-27,WFC,53.44,54.1,52.88,54.03,26452537,2.026399843612557,1.990176809856836,-1.0879359568140428,-0.9109034154276406,-0.7560628965263541,-0.8474355594368914,1.1580759119787394,0.8891292003411438,-1.2080372939185915,0.8947802197628373,-0.0010144649928117,0.1068743628588556,2.8051160842004674,0.8078068257299384,0.2905167113983707
2015-08-28,WFC,53.75,53.93,53.04,53.54,18342169,-0.5976164090391775,-0.5888647428127841,-1.2201357730368143,-1.1110537858123315,-0.7467807941939701,-0.655087223706723,1.1977491878798407,0.8939310453107606,-1.2663668652894078,-0.0392362355288953,-0.0013889461060241,-0.0324064258075287,2.026477520681882,-0.3214956184582955,-0.2059416673444435
2015-08-31,WFC,53.4,53.56,53.06,53.33,13842199,-0.2771908109766478,-0.2681123068733802,-1.215702547977883,-1.0333093192009544,-0.7408454778239886,-0.5098231245761792,1.2248504126525528,0.8905803789360225,-1.32901030826924,-0.5342183994886004,-0.0013592076659545,-0.0994648429893662,-0.5982232669511278,-0.1253544714769368,-0.8099545076320346
2015-09-01,WFC,52.11,52.32,50.53,50.99,28031703,-2.7647381721848965,-2.8029447702790478,-2.170747527073156,-1.2859972935385031,-0.8204721200753983,-0.6138468538470073,1.411157592932354,1.1314692767416243,-1.9023287866251053,0.8893243810303536,-0.0014889667512943,-0.8325833907692103,-0.2777140785028495,-1.6501507358426275,1.3343505047848323
2015-09-02,WFC,52.16,52.49,51.27,51.99,20919629,1.1879891991247695,1.1777557377238344,-1.5693851899807885,-1.079090123926426,-0.8362772335404625,-0.5327903208306798,1.4703230265760734,1.2257141411327757,-1.6093827653903563,0.0957970306977021,-0.0010410352958207,-0.5035383943643503,-2.765910373643808,-0.2725551144527473,0.3643569660878051
2015-09-03,WFC,52.39,53.0,52.22,52.43,15719008,0.4939040627258379,0.4970260560252942,-1.2431192033796288,-1.079090123926426,-0.823687604133283,-0.3948575150690361,1.4751811409848017,1.2502222449898304,-1.469430757179174,-0.4489808240007998,-0.0011014372178945,-0.3605628443668244,1.1878481574974231,0.0313675760096655,-0.351463700983037
2015-09-04,WFC,51.8,51.82,50.76,51.29,22303838,-1.386689782292202,-1.3859005324688558,-1.6499291902628717,-1.2187050901048544,-0.8504681234858571,-0.3858493556253634,1.5250216892876582,1.289876144980494,-1.7467857373123843,0.170855131941483,-0.001433450867719,-0.7309994966331437,0.4935819530295079,-0.7701661730908826,0.1310646898466616
2015-09-08,WFC,52.65,52.98,51.98,52.93,19685429,1.9577074371134149,1.924013225121394,-0.7418047849072171,-0.9118728507520786,-0.7996271792987848,-0.1788465171430055,1.4140469678771137,1.4585092585708883,-1.437404686800992,-0.1235812532864861,-0.0010619349626574,-0.1541954267789841,-1.3875024881390643,0.3754783179950076,-0.0167752653262455
2015-09-09,WFC,53.61,53.7,52.02,52.19,16221491,-0.9034088098937204,-0.8965264136211399,-0.9825237300285736,-0.9422202041418266,-0.7811500593898039,-0.096548172918143,1.3549964813183368,1.4619766016498568,-1.4561761033935074,-0.4645821390313219,-0.0013825631591861,-0.4009250494176453,1.9577671941888568,-2.0275016828797345,1.0914245844758734
2015-09-10,WFC,52.07,52.86,51.8,52.56,17996234,0.4083811149186887,0.4126284492862266,-0.7036614564150312,-0.7565895197084187,-0.7450528595666162,0.0146442848380181,1.2868192367614086,1.475623624548009,-1.2446286774331858,-0.2752127933596182,-0.0010793197925081,-0.2775602380983134,-0.9040954407854234,0.6846566530753139,0.0894468529858979
2015-09-11,WFC,52.34,52.66,52.034,52.62,12549350,0.0380747760105924,0.0458614168328212,-0.5719241975900654,-0.4316790165273427,-0.7076233292520726,0.1070276467921408,1.178003853899815,1.472746115041244,-1.26980717371206,-0.8126758124937039,-0.001135107229783,-0.2575551335600453,0.4080366945947409,0.3778580736186765,-0.5998495948525651
2015-09-14,WFC,52.63,52.88,52.41,52.77,16225618,0.1444784081985298,0.151470697662037,-0.3877758658969466,0.13507104123105,-0.6660748556187516,0.1915364255519474,0.9891707418613434,1.4605692235152483,-1.3356378742485844,-0.4765740672879794,-0.0011087785549066,-0.2075423722143688,0.037633752762591,0.174657226885586,-0.8490422263031427
2015-09-15,WFC,53.04,53.7853,52.82,53.47,14305498,0.7928638441759849,0.7911513317532748,0.0529499721003791,0.5758778149297871,-0.6003738532042763,0.3213116418659932,0.744766649875496,1.4973391466339927,-1.161091808146368,-0.671417381959023,-0.0011300637450679,0.0258505140654438,0.1440651427848382,0.5861884947525312,-0.0867618759712432
2015-09-16,WFC,53.52,53.89,52.9,53.72,15218544,0.2580925930927673,0.2640381962317547,0.272247746191078,0.1825806931541417,-0.5340068687384505,0.4268460412527814,0.4125817891172134,1.5000106409759395,-1.142496399835579,-0.5997007309951143,-0.001127548397238,0.143734335008728,0.7926197250135132,0.2560144848721157,-0.055444327312054
2015-09-17,WFC,53.7,53.91,52.03,52.21,25025803,-1.7829892787712296,-1.7901030717134367,-0.3573408480345452,-0.6747217238427907,-0.5363509769868947,0.3344123909507059,0.0545368824569512,1.5783026576006156,-1.4158079199889195,0.2698895129289076,-0.0014245368753139,-0.2022711140159128,0.2577089665518725,-2.12263237746727,1.4096493852066587
2015-09-18,WFC,51.27,51.4811,50.7,51.04,39561581,-1.4281675403383671,-1.4280820220281865,-0.8169984453519232,-0.817491458369029,-0.5792734236259643,0.1560175262320584,-0.2016218766219159,1.6023753586286698,-1.496908018015964,1.4638955230909598,-0.0015503008435872,-0.5193404865963325,-1.7839053684550357,-0.3652459557094523,-0.3159017766576759
2015-09-21,WFC,51.52,51.7465,51.18,51.55,16673315,0.5890964162797078,0.5908307464019986,-0.5020303659950457,-0.6253147205180501,-0.5881348870884828,0.1009740188068627,-0.2525316263739546,1.4584727331458278,-0.8260178026753314,-0.514437327696765,-0.0010969147335952,0.1079712056608589,-1.428991066612237,0.0176771128646116,-0.6754636319390602
2015-09-22,WFC,50.87,51.15,50.334,50.69,21761275,-1.0716364358504828,-1.066436523626396,-0.9198829904179427,-0.2728549153857338,-0.6235121823566536,-0.0113120817412003,-0.208995529430195,1.1400840221504476,-0.3279543688401038,0.039594509681045,-0.0014234955243006,-1.3218673557775806,0.5887991396978418,-0.2936513518942,-0.2497152758882178
2015-09-23,WFC,50.88,50.94,50.5,50.78,12521218,0.0775429858469391,0.0850559980408827,-0.8932179921983145,-0.5592046466083697,-0.6422990530258375,-0.0584374948596347,-0.2946654100088179,1.0480898876936948,0.0556693444482391,-0.7901957009304529,-0.001131437556491,-1.4876264799656604,-1.072366952786972,-0.1748066946448315,-0.8691896317288021
2015-09-24,WFC,50.09,50.68,49.8,50.55,17064312,-0.3149840033642895,-0.3058577288411702,-0.9661133416756196,-0.7770219186873584,-0.6603239150486974,-0.0941764282164301,-0.2051509991438292,0.6972711966895934,-0.6589006907663291,-0.2775361701823152,-0.0013885071962121,-1.3015036798817314,0.0771122587890828,0.6675109830606701,-0.1404840159867447
2015-09-25,WFC,51.36,51.87,51.07,51.48,18394809,1.1124040533613138,1.1039870783784036,-0.4355358558086255,-0.1282076094495564,-0.6324140755864104,-0.0045324440273113,-0.2896650271385326,0.5470605574900415,-0.8606233733991241,-0.0996547720650701,-0.0010768281070952,-0.5290933462899503,-0.3155171301138162,0.1502063116698616,-0.296205651879035
2015-09-28,WFC,51.07,51.3,50.2,50.37,17647883,-1.3753896254802531,-1.374413630995556,-0.9172181380113203,-1.0579782150942183,-0.648204122675051,-0.04530001238137,-0.2720884507325249,0.607131310968843,-1.0370391830550325,-0.1752209663274142,-0.0013928781498176,-1.4202849077940791,1.112243293610542,-1.061880475121863,0.2287067756741894
2015-09-29,WFC,50.47,50.96,50.0031,50.89,20816372,0.6097313641204487,0.611146160301912,-0.5939783105337427,-0.6417491410134758,-0.6346334017772935,-0.0023399557019527,-0.3026351737745699,0.6373295185499271,-0.8394285871542876,0.1207784425036265,-0.0010554454266768,-0.9997071950276298,-1.3761993834213533,0.6024084296763627,-0.0242406183920068
2015-09-30,WFC,51.63,51.72,50.703,51.35,20514761,0.5297608296019923,0.5323768080003577,-0.3700573118971993,-0.6059684393709642,-0.6005483102661018,0.0848317264535634,-0.3180437206259509,0.2905363515778887,-0.0637868570162133,0.1314910940448032,-0.0010698241618737,-0.6276576798880797,0.6094394706392474,-0.4360492613897843,0.0592633216750875
2015-10-01,WFC,51.51,51.86,50.915,51.44,15556585,0.0761222310451194,0.0836455235787761,-0.3106757051684018,-0.5942083486213263,-0.5651747795792659,0.1578854924361,-0.3134308412684867,0.2077577765490033,-0.3228453327689848,-0.3708068556912031,-0.0011192962493935,-0.5548653834477363,0.5294480739678628,-0.1289883614007617,-0.0602758444091048
2015-10-02,WFC,50.28,51.29,49.51,51.26,21630348,-0.2508507621369273,-0.2418191521743371,-0.3725011503801261,-0.7057250028495874,-0.539699831150335,0.1908497248905665,-0.316362382696649,0.1907248529239181,-0.4952141790941106,0.2465105783270492,-0.0014069996153376,-0.5591851283122519,0.0756911333507015,1.446252054102849,1.302681743971456
2015-10-05,WFC,51.71,52.57,51.5,52.41,15240718,1.3637410448016969,1.3489448452979065,0.1819149049565538,-0.5337146128889164,-0.4705240077214689,0.3297064108102238,-0.3131156199306563,0.1957228483567799,0.1532275825651795,-0.399744016449189,-0.0011196658160585,0.3096350462465809,-0.2513671582556744,0.9964304925089438,0.1101590110339727
2015-10-06,WFC,52.18,52.54,51.92,52.03,14490737,-0.4843994822705402,-0.4753424061463617,0.0123424843240263,-0.730822720951058,-0.4274258494384378,0.3736682983775425,-0.351742049950992,-0.0291517887288693,-0.4172010110487179,-0.4586808675853947,-0.001354730458303,0.0225466407401871,1.363645852084877,-0.2435025948191508,-0.5982173695240458
2015-10-07,WFC,52.49,52.725,51.91,52.19,13918017,0.1584566957484621,0.1653312539856739,0.0934576311357229,-0.1965076362231935,-0.3842402054063352,0.409062995243474,-0.3517420499509922,-0.0733571582006176,-0.1674769497128712,-0.5117913090495073,-0.0011305889979434,0.1434259693744571,-0.4849768049436111,-0.4581232863878673,-0.289871508708137
2015-10-08,WFC,52.23,52.59,51.77,52.54,15384114,0.384522890163521,0.3890636220207522,0.2714115447340797,0.4405832431602657,-0.3340858071724891,0.4553162060870845,-0.3527380844444619,-0.0746979408338069,-0.1730654388751014,-0.33822870966603,-0.0011235908072281,0.4078495007619295,0.158047076892522,0.4221049195598366,-0.2906100705759945
2015-10-09,WFC,53.02,53.07,51.98,52.14,16983126,-0.5069818633682469,-0.4979690932363235,0.0808803861940282,0.0625834151261704,-0.3082234688513091,0.4297914307252356,-0.3719076734481784,-0.0608814892883367,-0.3014477548972765,-0.1835419025451932,-0.0013687960388995,0.1056511791762492,0.3841722458730031,-1.2802880887877142,0.1509380207533943
2015-10-12,WFC,52.12,52.43,51.75,52.18,10639023,0.0147661644654222,0.0227027429338734,0.1162664870969055,0.5318870568298224,-0.284568960051574,0.4036886952544929,-0.40086830342116,-0.0632490256400408,-0.33168131233976,-0.8606854965990121,-0.0011599625322259,0.1358710113348164,-0.5075650771747307,0.0606578756540053,-0.5052414100452803
2015-10-13,WFC,52.02,52.31,51.71,51.86,16002167,-0.4148007958218248,-0.4056591362661501,-0.0051018908741776,0.3145089511235835,-0.2769203672566864,0.341607554617107,-0.5141705347024864,-0.1085714628853486,-0.6096939821521477,-0.2723343511662954,-0.0013635642168343,-0.1058876459337286,0.0143190606300953,-0.2586942060963407,-0.6271026196569631
2015-10-14,WFC,51.7,51.9,50.74,51.5,26269117,-0.4651767892817088,-0.4560885115489276,-0.1316925741580819,0.2449759006923951,-0.2834554708267011,0.2554340518308158,-0.7066618428054822,-0.1122197539357726,-0.7744043497634259,0.7790424604661617,-0.0014501376526341,-0.3778661353608415,-0.4153599620770469,-0.3185865127906558,0.2858682685774782
2015-10-15,WFC,51.98,52.7,51.7586,52.69,18262387,1.4055877360416602,1.3896354746013948,0.4619853472654989,0.3423283328424003,-0.2407226262851199,0.3133100999122595,-0.6661497042510267,-0.1600640812306872,-0.0324540849589278,-0.0455369505808004,-0.0010868547473668,1.0880503858366626,-0.4657490972732693,1.0056528116681769,-0.1022921123636968
2015-10-16,WFC,53.15,53.19,52.505,52.88,15676303,0.1915062747454184,0.1980901396675252,0.5107566276460328,1.088294739304546,-0.198783654782464,0.3575675228414398,-0.6085610561554369,-0.3155093706179815,0.361975462390312,-0.2099394657369803,-0.0011160383322703,1.1628525900713762,1.4055034599965557,-0.4101167765051452,-0.5117382603768372
2015-10-19,WFC,52.76,53.01,52.45,52.56,15515662,-0.4097466481868229,-0.4006018993066453,0.3220192556280755,0.691241753867602,-0.1777872385624334,0.3390676844053381,-0.576706443632832,-0.3205838942247978,0.1202711591818704,-0.2226316184759008,-0.0013626087261997,0.8737933259459414,0.1911052776321665,-0.312714523411339,-0.7033695385564401
2015-10-20,WFC,52.62,53.285,52.58,53.08,13583334,0.5829510554882631,0.5847792586634412,0.5238843609182944,0.7131834433666192,-0.1407560906748392,0.3655409369370289,-0.552830124465512,-0.4032322621700796,0.5249841540321226,-0.4106925022441942,-0.001133001627003,1.2623602845966728,-0.4103044959514095,0.6341513543870654,-0.4844040468456116
2015-10-21,WFC,53.04,53.86,53.03,53.12,17698584,0.0139203378816611,0.0218621944213237,0.4835149734864428,0.6949313534410966,-0.1102595501997247,0.3698995719734113,-0.539851144531612,-0.402543277961041,0.5092959111165235,0.051920030474406,-0.0011052001175153,0.8773858009957708,0.5826521757477162,0.0876378762350986,-0.2891229739755693
2015-10-22,WFC,53.4,54.45,53.4,54.06,18263223,1.068708686780074,1.0613016882221555,0.866587030988438,1.108169820676737,-0.0502138353373281,0.4494455461977132,-0.4671015398997425,-0.3516562732509952,0.852301266100682,0.1112216895957706,-0.0011075118516807,1.1804433676579524,0.0134730133930192,0.9074695578703188,0.0273942315302239
2015-10-23,WFC,54.34,54.8,54.11,54.75,16924772,0.7616403956093953,0.7604980602940098,1.127887212637826,0.9795844072190568,0.0225718771027275,0.5458748600278926,-0.2722896490261161,-0.3942501295088879,0.7654099369416236,-0.0381334159365807,-0.0011232398702914,1.4114592669618626,1.0685365280881125,0.543728202840516,-0.5410007415685674
2015-10-26,WFC,54.76,54.81,54.16,54.29,12661370,-0.5560772713502624,-0.5471893729088001,0.795039831692453,0.924534447396712,0.0597663990200715,0.5314071993752274,-0.2845531702610442,-0.5543210813282031,0.9754905728579978,-0.5212043933780398,-0.0013283945941135,1.116732639085319,0.7613881310923518,-0.6747705140653505,-0.5935055437719103
2015-10-27,WFC,53.98,54.325,53.82,54.12,12443881,-0.2279466117523498,-0.2189648511507747,0.62689699696547,0.7603524503861682,0.079935284519894,0.4760093758041754,-0.2953535516679059,-0.555554939915675,0.7646817247661957,-0.5091173435190833,-0.0013296056416718,1.0101079482616906,-0.5566732928229143,0.1696310208843031,-0.8136606702756426
2015-10-28,WFC,54.24,55.5,54.1701,55.45,16681630,1.4969963788461105,1.4784259560597168,1.1829117189098408,1.04114495588779,0.1448958512931179,0.5469841334735094,-0.1446473641498212,-0.4182334246883256,1.0051589417222997,0.0380220541118516,-0.0011224540616217,1.4151309931157383,-0.2284570327967662,1.6591122847679842,0.4075040287785306
2015-10-29,WFC,55.39,55.5673,54.91,55.09,11334914,-0.4371961061624009,-0.4280731072954978,0.9098338228727476,1.0652519979968147,0.1784562690047093,0.5229404964658191,-0.084245676124817,-0.3868519133349757,0.8746285273855513,-0.610681706199066,-0.0013210265220951,1.180941610591628,1.4969359488475105,-0.4355156038992047,-0.5969520206528923
2015-10-30,WFC,55.07,55.07,54.03,54.14,18450513,-1.1066053301028829,-1.101813759475569,0.3668706438632798,0.5476109133279408,0.1640777667777892,0.3803116321880011,-0.1443297236257279,-0.2756588542633881,0.6576744863546393,0.31269008370018,-0.001373893190358,0.4600095896399727,-0.4377611147493271,-1.3022046968367498,0.0096087486879843
2015-11-02,WFC,54.21,55.02,54.13,54.85,10992331,0.7834651062647128,0.7819258223247862,0.6554217459747742,0.8814537089671042,0.1768899805504939,0.3361969756710664,-0.095644508860557,-0.3596896767054925,0.5162700608719576,-0.6209284485877632,-0.0011606749527175,0.9489307032198564,-1.107344969479581,0.8656432813295176,-0.2390291918833424
2015-11-03,WFC,54.68,55.15,54.45,54.93,10709126,0.0578087518413951,0.0654616806251515,0.6213831078577813,1.0822265985184407,0.1863479597295165,0.2922715083552388,-0.0804747377297471,-0.3889172333284283,0.651108358824268,-0.6405948982130659,-0.0011650829813059,1.0040204061584337,0.7832185352253238,0.3191104112909313,-0.529270349746314
2015-11-04,WFC,54.56,54.75,54.375,54.58,12823595,-0.4296884356332123,-0.4205582769299386,0.3895816340710458,0.5942313057688116,0.176340126773701,0.2070264691639699,-0.094934287971602,-0.3645348433023291,0.5050820337865294,-0.3574679144497779,-0.0013331323183758,0.7630029558021524,0.0573728766547909,0.0013783850546603,-1.018718141228241
2015-11-05,WFC,54.35,55.08,54.35,54.86,12263906,0.2863929364206666,0.2920460098706872,0.4686982840789918,0.621271133384516,0.1757068447635569,0.1629603705658252,-0.0863298322023086,-0.3680608536998206,0.4810345630878493,-0.4145396893399358,-0.0011533193888711,0.9558169160871774,-0.4302514856716349,0.6826330431074923,-0.4823405371199632
2015-11-06,WFC,56.04,56.34,55.56,55.85,22376825,1.0905084615708478,1.0826012605654136,0.8588241132258501,1.0427348829585517,0.2100495779341029,0.2177351526637616,-0.047211255298271,-0.3315374682743185,0.8775383689108931,0.877506542167833,-0.001084697531353,1.1520128676666668,0.2860166926751225,-0.282469998043911,-0.4273871006368372
2015-11-09,WFC,56.08,56.22,55.14,55.47,17609713,-0.4565959400876875,-0.447495666706702,0.5912343695188657,0.7219940992316078,0.2181010291981587,0.1938816713091073,-0.0671397684918374,-0.3030926442069983,0.7585243518459647,0.2044329614807239,-0.0013603592424841,0.9264434061973532,1.090341989851447,-0.8481173523504371,0.0313212769786025
2015-11-10,WFC,55.3,55.96,55.23,55.91,13475898,0.46084813396965,0.4644187267657531,0.7035633471800266,0.8221379327269891,0.2373659926496572,0.2036622735595634,-0.1161238318590962,-0.3245643054279647,0.9794672375080852,-0.3095880286044066,-0.001148690740161,1.1876290984249764,-0.4571660095674109,0.8070756543513102,-0.5031674469386267
2015-11-11,WFC,56.13,56.17,55.51,55.8,10808470,-0.1554854747248071,-0.1467169314142292,0.5435826819844561,0.5133034135755598,0.243798004288295,0.178454958307953,-0.2699994861633856,-0.3496901776616248,1.0587786411388571,-0.5808965671220658,-0.0013156459869886,1.0510644530225524,0.4605174008741511,-0.4705012845612698,-0.6055718004513346
2015-11-12,WFC,55.52,55.75,55.17,55.17,17552240,-0.7359093696485498,-0.7278137488122693,0.1792934845407245,-0.0180670197032284,0.2198707003558068,0.0801447504505232,-0.3508806894261064,-0.4067274759280094,0.5237859617595978,0.3377911707703345,-0.0013643508318261,0.4430606548130086,-0.1559769926153165,-0.5025976172480525,-0.7151647840554007
2015-11-13,WFC,55.02,55.36,54.33,54.57,16550247,-0.7100818233516311,-0.7018399889194722,-0.1500014384318715,-0.0772034194012881,0.1735974976978024,-0.0560213744788501,-0.4416741969286681,-0.3562843810861372,0.3018927304307628,0.1952393734690512,-0.0013626644450008,-0.0696665746125698,-0.7365523044594544,-0.6442428198878896,-0.0182785452183929
2015-11-16,WFC,54.48,55.27,54.4,55.27,11955410,0.7656227264004754,0.7644085134573462,0.1205862660037784,0.2393740885652762,0.1609234277664644,-0.0784706851800525,-0.5890415179114226,-0.3416655391617081,0.589763331769295,-0.4069896349513334,-0.0011521418311191,0.4969015593568581,-0.7107180204531549,1.0692398051801275,-0.2794630793044112
2015-11-17,WFC,55.33,55.485,54.84,54.96,11331933,-0.382190753103433,-0.3730364238575841,-0.0730945923029376,-0.3985326969778719,0.1354216938820747,-0.1294483199328697,-0.7079221359960954,-0.341192408063463,0.3526947363172748,-0.4804438065961526,-0.0013258398450158,0.0569662078815122,0.7653715007659961,-0.5315426580184096,-0.6132515880243566
2015-11-18,WFC,55.06,55.77,54.965,55.67,16612571,0.7712835534546796,0.7699667424601893,0.204811502567991,0.0470469869766171,0.1398456899504415,-0.0932021139966556,-0.8335432982843517,-0.306951909745503,0.5375437820598743,0.2568051480443336,-0.0011170757959997,0.6853271773335414,-0.3827414122791129,0.8107083119838823,-0.3861974095943802
2015-11-19,WFC,55.77,56.0699,55.46,55.97,12167644,0.3025062247689145,0.307987082934702,0.3016826868771542,0.6292072117214164,0.151713430175985,-0.0450450799283035,-0.838940800902824,-0.3769130528346076,0.3514151993812893,-0.3229138403228594,-0.0011546757964315,0.9548044788382288,0.7710338045771137,0.2446240450230014,-0.6831661348498075
2015-11-20,WFC,56.26,56.26,55.72,55.82,16264121,-0.199848028486517,-0.190938940235035,0.2044098210858989,0.2849749711693328,0.1517697087980714,-0.036921951511153,-0.8211995856185134,-0.4118730138952601,0.119547853659262,0.2619326614531026,-0.0013567620509441,0.7569365301809399,0.3021341845451765,-0.6171943587217614,-0.7850884276710509
2015-11-23,WFC,55.9,56.04,55.56,55.6,9638084,-0.2783698920249575,-0.269289549893403,0.0682913497388959,0.1309591013385523,0.1398478526034025,-0.0612549615967782,-0.851583164461764,-0.4325955876454725,0.1869047019545816,-0.6629527697925452,-0.0013131931466492,0.466730205483581,-0.2003511193693346,-0.431782303057474,-0.8718344661866109
2015-11-24,WFC,55.14,55.48,54.885,55.28,14156491,-0.3913156833312916,-0.3821631675482288,-0.1114279465118235,0.1469185110657818,0.1147865661274071,-0.114542037019176,-0.9188299621031744,-0.4231742033850963,0.1473123599928748,-0.0276455387820535,-0.0013489345733976,-0.0825032520015069,-0.2788934671415647,0.1655088013845366,-0.6942940281988368
2015-11-25,WFC,55.46,55.52,55.1,55.22,10034400,-0.1005698898301884,-0.0920190361250566,-0.1344648304757054,-0.0098177789920998,0.0898323075822505,-0.1568962093055599,-0.9207798164652988,-0.6204222212664325,-0.2283950090315079,-0.580546486914556,-0.0013210003829882,-0.1688456295974188,-0.3918687229548578,-0.3532626099695084,-0.9574383336439528
2015-11-27,WFC,55.34,55.47,54.98,55.39,4914008,0.1586712219747088,0.1655439492055261,-0.0608521644333129,-0.4547458066576347,0.0741949225034048,-0.1667980752187749,-0.9215519760025138,-0.6330239495646127,-0.0874993701974932,-1.3104366490241193,-0.0012032551538343,0.0757911069243251,-0.1010470817275415,0.0419449102589423,-0.8540604750098979
2015-11-30,WFC,55.46,55.69,55.1,55.1,15998923,-0.3589543545625789,-0.3498014803459727,-0.221278708991448,-0.4065903404987716,0.0481380046625255,-0.2015392659105736,-1.0010859390254996,-0.7436954242719236,0.0929421034383449,0.3666691633814952,-0.0013693606724674,-0.4222728796753028,0.158261659082868,-0.516735639526959,-0.698926313480063
2015-12-01,WFC,55.51,55.77,55.27,55.71,15543357,0.6562490181848272,0.6569190486863603,0.0476228346992006,-0.3027522448541598,0.0492310001323892,-0.1594488089774721,-1.0077892544120597,-0.7625597314099627,0.0627952943303879,0.2589426240617111,-0.0011137795566282,0.4009711061288193,-0.3594989519893561,0.2458930876266533,-0.8433355729146642
2015-12-02,WFC,55.8,55.8,55.0,55.08,12779891,-0.7370449323732656,-0.7289559902270308,-0.2546068426205761,-0.5611692412078991,0.0233379941207261,-0.195237946690808,-1.0150795954363372,-0.706616361382684,-0.1273716806840883,-0.1648068646129764,-0.0013440095679751,-0.6409365399352477,0.6559692599034066,-1.0011782948606611,-0.3808539031996105
2015-12-03,WFC,55.13,55.22,54.03,54.2,15410137,-1.0276778331524372,-1.0219932608466078,-0.6629503646562466,-0.66933020122021,-0.0331295968786003,-0.3025677122900052,-0.967225938117704,-0.6252038560400067,-0.2697284853847165,0.2008717531510638,-0.0013694859038684,-1.6366660487278637,-0.7376881634218203,-1.3008161009949406,0.238484632508888
2015-12-04,WFC,54.48,55.88,54.305,55.67,19647728,1.6555522064484829,1.6321390280193513,0.0148383159840872,0.2862359389336366,-0.0214763662341139,-0.213089702531924,-0.9777824688758238,-0.3894401260346196,0.0493678390194608,0.744039341870857,-0.0010733323806616,0.4787222023719013,-1.0283968824765424,1.623951884185045,0.7665322740911933
2015-12-07,WFC,55.45,55.56,55.02,55.42,17991639,-0.3125812662355439,-0.3034573436926994,-0.0934297902941048,-0.1196096042959968,-0.0235051911107949,-0.176724670105622,-0.9919536988865104,-0.4841858471939975,-0.2805515476159397,0.5489430667323998,-0.0013888873301671,0.1907206842773316,1.6555331393836563,-0.0671921785338433,-0.7792693337019944
2015-12-08,WFC,54.98,55.205,54.28,54.4,19949494,-1.1788494939457814,-1.1749656186606785,-0.5520167582332027,-0.4220405710326474,-0.0661889472880164,-0.2522777374731714,-0.9382050749642644,-0.3947908906284876,-0.4507761742418826,0.8073415117932422,-0.0014138064931825,-1.3297569696201388,-0.3131137661758373,-0.8233342917253232,-0.1742228925248413
2015-12-09,WFC,54.12,54.94,53.71,54.12,18499649,-0.3534418242943821,-0.3442905746491675,-0.6432574034140673,-0.8757482261111776,-0.1114471544023919,-0.319346783761263,-0.8866879695437093,-0.4164383724003041,-0.6376776944424261,0.5539438998637493,-0.0014117961519489,-1.3468265380529754,-1.179607979873942,-0.0263165508545973,0.3027865365281882
2015-12-10,WFC,54.25,54.985,53.88,54.34,14075334,0.220085410194558,0.2264039350601968,-0.5045093594522572,-0.9199876871904596,-0.1387530517864708,-0.3267930845880577,-0.868068063636219,-0.407050425044376,-0.5517486754615634,-0.089612925222205,-0.0011057132215348,-1.06003440541087,-0.3539849836508729,0.0990228162319014,0.1034064908848163
2015-12-11,WFC,53.45,53.94,52.99,53.31,17814579,-1.2130803018580256,-1.2096567117075614,-0.9518369330773352,-1.1816739843761228,-0.2003164875497936,-0.4209284393073245,-0.7165537466131733,-0.3425804445111288,-0.662618912810809,0.4274212731902652,-0.0014079421885715,-1.5560006164478952,0.2196918686059926,-0.2242071013216853,-0.1061650877613367
2015-12-14,WFC,53.32,53.57,52.75,53.2,22055078,-0.1614594481322426,-0.152670138774977,-0.972681375091199,-1.15239471032112,-0.2522237347808918,-0.4713818600283622,-0.5932345470291098,-0.3695846583955822,-0.5361881983866186,0.9590143393405186,-0.0014602238585021,-1.45512566506467,-1.2138477176796003,-0.1963505759719307,-0.3067467458672572
2015-12-15,WFC,53.83,55.12,53.81,54.91,19056701,1.9681551622597409,1.93408089087688,-0.1479080650096181,-0.3138677198652445,-0.2251630739447329,-0.3084825606422271,-0.5959144185504238,-0.1158539081807042,-0.2631374857469346,0.4900966038700735,-0.0010387818928959,0.1643473916380786,-0.1619525244710926,1.4894911395282286,0.3969573885362144
2015-12-16,WFC,55.21,56.04,54.815,55.85,21086759,1.0327944368001332,1.0261955147562325,0.2793349592125724,0.0041655853350908,-0.1664998457083555,-0.0968186566711957,-0.5699474651479469,-0.0521776431193686,0.0703510901583615,0.6728676938058528,-0.0010325038951789,1.0545840426910595,1.9682176448645423,0.849487515486661,0.2366537640027975
2015-12-17,WFC,56.11,56.24,55.47,55.47,18800520,-0.4565959400876875,-0.447495666706702,0.1028578108563053,-0.164987956873159,-0.1351027139950829,0.002330003430519,-0.5778357246572953,-0.078942432668268,-0.2202398364322558,0.3614992790186327,-0.001416927544664,0.6947011412015561,1.0326129090501817,-0.8880727886500148,-0.4344379859467212
2015-12-18,WFC,55.0,55.15,53.79,53.79,31468584,-1.918582900769596,-1.92900881103996,-0.6478088801006662,-0.5333084621677676,-0.1760049839816721,-0.1044484838571702,-0.5653190257375192,0.120445872236451,-0.7395097878401218,1.7506419274842542,-0.0015538506160085,-0.8963601074888692,-0.4571660095674109,-1.68845582438494,0.5158255423536762
2015-12-21,WFC,54.3,54.54,53.55,54.02,12993380,0.2332123344287456,0.2394046456443779,-0.495429579953154,-0.6487725315429598,-0.198773337017175,-0.1431948836236289,-0.5729737368538016,0.1284880465544579,-0.6410668661050746,-0.4618853980648879,-0.0010980166606775,-0.6716436011372939,-1.9195343631678057,-0.4159021833579338,-0.0639738325125639
2015-12-22,WFC,54.36,54.5,53.7,54.34,10318062,0.3358038828932259,0.3409158650423317,-0.312234146289487,-0.3962481801726807,-0.2035730948540548,-0.1279411487179932,-0.590067572182451,0.1388100819424765,-0.5003016330421698,-0.790256348072989,-0.0011335021545521,-0.3668475862428533,0.2328222173002329,-0.0541133813036242,-0.364369770047709
2015-12-23,WFC,54.6,55.06,54.46,55.04,13033579,0.7690029677875494,0.7677275506360217,0.0291635691172604,0.0503688088841235,-0.1794554847397668,-0.0413053534885418,-0.5974174805949553,0.1738640683827377,-0.2312391039169546,-0.4548689675907806,-0.0011099837398158,0.2998936963387313,0.3354405291293212,0.5825256738817881,-0.6828116251478327
2015-12-24,WFC,54.97,55.09,54.71,54.82,4999417,-0.2818472103788656,-0.2727615779302925,-0.0667270474313633,-0.464508061926894,-0.1687512243119088,-0.0065224484921975,-0.606086341769309,0.1769681031731876,-0.2738626760318893,-1.4251787278842032,-0.0012912958295921,0.0903464360988044,0.768752623966768,-0.2324793264425617,-1.0136236699770638
2015-12-28,WFC,54.55,54.78,54.17,54.68,8288841,-0.1919913960214373,-0.1831048965248225,-0.11685635724735,-0.431791121722758,-0.1655654137482794,0.0019515149815751,-0.6240455764618573,0.1753112290841351,-0.3557320527643564,-1.028370580997792,-0.0013246996387969,-0.0430018204175138,-0.2823716926339297,0.1537335329375438,-0.661588636693442
2015-12-29,WFC,55.11,55.35,54.99,55.29,7894876,0.6615431463069892,0.662126271710624,0.1713553474217755,0.1169951578046618,-0.1391260821391428,0.0685848486313108,-0.6166944838170668,0.1979598001809922,-0.1168336755116987,-1.0522799450181215,-0.0011622375811887,0.5380155829750131,-0.1924924373210056,0.2204503032351247,-1.048681298631776
2015-12-30,WFC,55.27,55.31,54.794,54.89,8016893,-0.4834068768269091,-0.4743480429252974,-0.0008587490039437,0.0720829104310534,-0.1340656874701847,0.0668624998972538,-0.656788494763285,0.180849853450561,-0.3836494610221364,-1.012819001404505,-0.0013221211161432,0.1570205643569636,0.6612647691206329,-0.5457607043009302,-0.807868198692
2015-12-31,WFC,54.51,54.9499,54.22,54.36,10929767,-0.6341394184251142,-0.6255307225123123,-0.2382117182999581,-0.1824437121216886,-0.1508707678149526,0.0092032646304173,-0.6617818938935369,0.1734810923221554,-0.3594579891683015,-0.6297353031031865,-0.0013541641395154,-0.3477978353119544,-0.483983940556024,-0.234219096700688,-0.472293487928014
2016-01-04,WFC,53.09,53.27,52.3,52.91,25985392,-1.6936684928850096,-1.6987704239382502,-0.9050526914962684,-0.3141041875462396,-0.2204099700783736,-0.1726608456040457,-0.5609743789628354,0.2702313966303273,-0.5170276670313076,1.2085744019663114,-0.0015187795348098,-1.3666452375745022,-0.6347558042039445,-0.282472537460081,-0.0634343997003192
2016-01-05,WFC,52.93,53.2675,52.545,52.89,14759616,-0.0565296047597191,-0.0481882177949598,-0.849649600886794,-0.28688911453703,-0.2748354096638483,-0.2792495688361915,-0.5209048920121411,0.0826332603541848,-0.900881075112306,-0.1682486841307739,-0.0014168374564722,-1.3835192555310596,-1.6945612811878,-0.0834121753854633,-0.4528521503542828
2016-01-06,WFC,52.12,52.62,51.83,51.88,20026405,-1.2218903117899107,-1.2185883314831327,-1.2552059833564084,-1.2234778076152433,-0.3553174112336983,-0.4315896894160012,-0.3662476720184685,0.1435752455601846,-1.1055928879107275,0.4849889846199394,-0.0014947893324851,-1.8436136521720252,-0.0569953077359629,-0.3742142568889878,-0.3222553027824865
2016-01-07,WFC,51.01,51.19,50.15,50.4,30425557,-1.809054167529272,-1.816780459184376,-1.8812260323934828,-1.940128470698434,-0.4735832769640677,-0.6507168017943413,-0.0029617533951703,0.2343821727551303,-1.2473702966496696,1.6765509479574423,-0.0016639491663827,-1.7448421310032003,-1.2226600259051708,-0.92979800444971,0.1284081156559728
2016-01-08,WFC,50.8,50.8561,49.46,49.56,22981395,-1.0706300013613366,-1.0654186359110316,-2.187256912189728,-1.997223480527004,-0.595203560803101,-0.834652706163697,0.38775403263921,0.2690782546742023,-1.404924580969937,0.7285976177713575,-0.0016178205883114,-1.8322735590336408,-1.8099770568386973,-1.8704939839054335,0.7563793587695326
2016-01-11,WFC,50.18,50.325,49.64,50.09,19046405,0.6327981432728903,0.6338478608939556,-1.8317871421333431,-1.4745705995460072,-0.6647631912328505,-0.8477982039878039,0.6127251119841061,0.3016479978341804,-1.316130528162393,0.2202194084720129,-0.0008832390746883,-1.572418660089021,-1.0713602557462454,-0.1618219447255026,-0.4516056206001727
2016-01-12,WFC,50.88,51.52,50.45,51.36,28961499,1.5455167863193229,1.5255049430415644,-1.1639009328797485,-1.0122525702231004,-0.6639505794595519,-0.6771776622475172,0.6923440485610517,0.4122807607576161,-0.7046889467258881,1.2897257059920446,-0.0007587879058019,-0.949747487146255,0.6325122672914736,0.6864361393385118,0.1449440003938576
2016-01-13,WFC,51.73,51.8,49.5,49.73,22013526,-2.0088644449731,-2.0216687650603995,-1.8843011813978148,-1.443187462531715,-0.7208429672016278,-0.689212904238497,0.9041157700175296,0.5794026021419537,-1.1254154239354557,0.4901975821044634,-0.0015559210660648,-1.748923874466502,1.5454690139847855,-2.947321196532929,2.2631698869808585
2016-01-14,WFC,50.08,51.0,49.6,50.64,24569804,1.1062521798259637,1.0979791790851996,-1.3360968228092949,-1.3632846504586171,-0.7234733597620068,-0.559171656332963,0.9671936205769835,0.4244382603156548,-1.309556105482562,0.7407701420187922,-0.000848653176256,-1.3027579159012097,-2.009839459388226,0.8185117177129627,0.7127282891424851
2016-01-15,WFC,48.59,49.64,48.13,48.82,41090425,-2.270547943672013,-2.291032290484586,-2.0748541070970665,-1.5876030604639702,-0.7897772910667494,-0.6190332506210563,1.1003627677080072,0.5121457359988557,-2.016115143337464,2.3659960592435407,-0.0018197876531953,-1.5984809281799022,1.1060898152175116,0.3313066347166699,0.986404435754818
2016-01-19,WFC,49.25,49.54,47.99,48.21,29918487,-0.8109026975812511,-0.803293434366938,-2.21214675737497,-1.6430923513600306,-0.8581346663731052,-0.6722080555624348,1.2608576022076368,0.5186602238433508,-2.0896754264237383,1.0748351991644622,-0.0017731940378442,-1.7819386632064904,-2.271591224245438,-1.621724806019852,1.0881685644872114
2016-01-20,WFC,47.28,48.245,46.88,47.87,40241141,-0.4720695288330099,-0.462991750642753,-2.2462046595944174,-1.891666778888296,-0.9168169379077704,-0.6898443489603955,1.4887252519105358,0.404475276724932,-1.783843805049841,2.058172344837619,-0.002124841500563,-1.4927620860680195,-0.8115651961262905,0.9164827986521086,0.7851179797228921
2016-01-21,WFC,48.03,49.0466,47.91,48.01,24272884,0.1490830304766234,0.1560368805189256,-2.0353100048634825,-1.8003817927680297,-0.94857483211434,-0.6346504999290417,1.6402573301531835,0.3993687673657051,-1.8014303485508247,0.3618338013330723,-0.0004626865196736,-1.4378169366888047,-0.4726436349541875,-0.0577767986832385,0.3817071470551171
2016-01-22,WFC,49.03,49.27,48.56,49.02,18298681,1.2767439668121658,1.264265477659747,-1.3952226593706831,-1.3937250547787767,-0.9250270094016868,-0.4481394574205182,1.6534398618101789,0.5123445044281553,-1.6053209585014483,-0.2651800920717694,-0.0007836842907982,-1.0414269304530388,0.1486709662845408,-0.041725848256281,-0.3842245509793927
2016-01-25,WFC,48.91,48.98,47.62,47.66,23440754,-1.7602692172268708,-1.7668584841819142,-1.9128637408477835,-1.3816394145995172,-0.9506267539780304,-0.4254356155591144,1.674161132266027,0.5347797083011562,-2.1367126954496567,0.1790921075541311,-0.0017472698198183,-1.5751798101368422,1.2766260789069714,-1.9572045379858092,0.786845812260348
2016-01-26,WFC,47.75,48.56,47.66,48.26,18895135,0.7507811810176925,0.7498335900348578,-1.4452418659959074,-1.1957715643210765,-0.938182711088173,-0.3093484880411549,1.606392400720975,0.6031674262783673,-1.9249334407802448,-0.3086445521385796,-0.0007456184490458,-1.3397005985116357,-1.7611793798601534,0.7806239817493729,-0.0371014940370723
2016-01-27,WFC,48.3,49.3,48.13,48.57,20441469,0.366920899023707,0.3716723410606581,-1.133507707122705,-0.947949507898587,-0.9073571631191656,-0.1691651083835928,1.4764855909122647,0.6294812586185367,-1.8085672488544269,-0.2170673119597214,-0.0007866278597917,-1.2180363391719446,0.7505260836248048,0.3960226208498985,0.4162693728841857
2016-01-28,WFC,49.1,49.395,48.6,48.92,21306571,0.4156412459024318,0.4197975190556638,-0.7904534389935536,-0.5610633885474974,-0.8609251540206461,-0.0168476423694027,1.1863912824313574,0.6074823705260578,-1.859524705759692,-0.1945967313106002,-0.0008344224715935,-1.0768745128435957,0.3665656628490256,-0.3032884720131429,-0.236949756287661
2016-01-29,WFC,49.29,50.25,49.1655,50.23,25358282,1.6341754435210152,1.6114374162391183,0.0168449415013703,-0.0270475712807934,-0.7654441522958002,0.231257593102577,0.8331780763684333,0.7890995076401963,-1.414321926128732,0.078091155709143,-0.0008191008358357,-0.5013590250503068,0.4152987195506049,1.414516844374489,0.2080621604733742
2016-02-01,WFC,50.12,50.18,49.555,49.94,17385386,-0.3924392219206594,-0.3832870224535127,-0.0189488817755017,-0.2259754981448969,-0.6948739685121468,0.3656217649296779,0.464705135537136,0.7842711766879509,-1.3616371570540202,-0.608379570356649,-0.0014946716600669,-0.2894412039391205,1.634150799836,-0.2976517728993817,-0.5483115437732483
2016-02-02,WFC,49.26,49.3225,48.78,48.83,25593244,-1.4167850222952345,-1.416503521473554,-0.4984701943442881,-0.8212571286055601,-0.6765288752586806,0.3386866184014966,0.2549848024655121,0.752331070653453,-1.2999872886814805,0.0711973222274681,-0.0016506639380913,-0.8664841554237209,-0.3929925546451036,-0.6858225926532596,-0.6654091714987691
2016-02-03,WFC,48.45,48.51,46.51,47.6,47149705,-1.60124069026143,-1.6044023983432227,-1.0147031689329116,-0.7399878411289887,-0.7039787926135255,0.1992629322166467,0.045405530161615,0.8242617292521601,-1.6364095825739238,1.6108688128611277,-0.0021237877889929,-1.2882818563114196,-1.4176055791775204,-1.3517864659505654,1.9103928709384044
2016-02-04,WFC,47.4,48.61,47.37,48.25,30851728,0.8171662337145981,0.8149994326852561,-0.57353725439953,-0.8216882357920723,-0.6938497616042588,0.1844515494508523,-0.1293901701702233,0.8412454792441667,-1.1950824769213502,0.2987876368777266,-0.0003980220262404,-0.7879046992099205,-1.60210936664644,1.328515039575775,0.5504929994523815
2016-02-05,WFC,48.35,48.66,47.6,47.86,23733681,-0.5362216311231125,-0.5272785183867474,-0.7156631735313501,-0.4805946326164411,-0.6948573837706575,0.1439368896772537,-0.140589749544064,0.7318433863416277,-0.9076324214705048,-0.2188374321813467,-0.0017408858649262,-1.0329766840119194,0.8169284543892942,-0.791991312563604,0.2545037381786927
2016-02-08,WFC,47.11,47.34,46.06,46.5,31172124,-1.8021337571776237,-1.8096963053014463,-1.36642533336167,-0.6711309094263302,-0.7423187404389189,-0.0080459510662532,0.0177677434176982,0.8133307292531847,-1.0742735906757823,0.3164719199929542,-0.0020401689239338,-1.6264874757592436,-0.5368124727954116,-1.004592690695113,0.7027900732608865
2016-02-09,WFC,45.61,46.76,45.355,46.45,29896186,-0.0999401693942522,-0.0913920920908439,-1.2998595317630948,-0.6007925174753814,-0.774666258353634,-0.0907294628883492,0.1131015829967498,0.7803727414326905,-1.2347366871207233,0.1747370288138113,-0.0023159024327537,-1.3165271788105777,-1.803054841138868,1.3651217200244885,0.9295352419020794
2016-02-10,WFC,46.88,47.22,46.11,46.17,19885509,-0.4082866888988933,-0.3991411245154724,-1.317310149450155,-0.7153400441469573,-0.8037524575863779,-0.1484816942009793,0.0495304281903978,0.6224026977248988,-1.6515733671619948,-0.5432642103792024,-0.0024066302727424,-1.4609446854799186,-0.1004171970145486,-1.1705522049487482,0.4123224875297975
2016-02-11,WFC,44.93,45.53,44.5,45.16,32570931,-1.3949327524639712,-1.3942810691506855,-1.7489809721641376,-1.2931794403189418,-0.8583542332625245,-0.2603601337755697,0.2514812361836463,0.5410647110775272,-1.5171156245332191,0.3667045548165183,-0.0045261643427823,-1.543770506063141,-0.4088441557995265,0.3604386369243449,0.3094972909431184
2016-02-12,WFC,45.96,47.385,45.93,47.31,28533866,2.931015928204813,2.8549578954069066,-0.4875488165825589,-0.2819798427646133,-0.8093780614896705,-0.0832550317560289,0.1010236862746324,0.9243830369873062,-1.133239388418909,0.0526552772157235,-0.0169521306868519,-0.2567897208646661,-1.395747608679158,2.1928938487675667,0.9717906655845636
2016-02-16,WFC,48.05,48.41,47.57,48.24,20410626,1.1908461652272702,1.1805423212330333,0.0371023064908622,-0.1941513727058879,-0.727275911829132,0.1436947466915395,0.0841920174237422,0.8052289234060032,-0.3419586932736542,-0.4857054840697775,0.0011684518177949,0.2808605104086416,2.931329595182319,0.2724314029537205,-0.1401149081472633
2016-02-17,WFC,48.65,48.96,47.99,48.13,18060517,-0.1749608880940643,-0.166126755594051,-0.0209046349002346,-0.3045367304638294,-0.6606194163574405,0.2854977214584966,0.083361950822349,0.7795859043525533,-0.1918479092952654,-0.6335559186313663,-0.0023843714521897,0.2172674723010461,1.19070586890523,-0.8338587560641374,0.0883069632228602
2016-02-18,WFC,48.09,48.14,47.48,47.73,17162829,-0.5504116881676712,-0.541507382083787,-0.2360336323439476,-0.5001027756755443,-0.6181069037423947,0.3367939050284311,0.0847092759576307,0.7829850699991627,-0.2104290477401877,-0.6410987704063158,-0.003085823472015,-0.0139799389993043,-0.1754574865940069,-0.5918944809392244,-0.4389047269163608
2016-02-19,WFC,47.4,48.165,47.3399,48.09,18234852,0.4365806068432988,0.4404695968496147,-0.0411519830579604,-0.7999714070869508,-0.5654256687805017,0.4040049681545209,0.0850430551131162,0.7911272216047716,-0.1430044656164891,-0.5350257508090212,0.0045874163410868,0.1941427311710122,-0.5510062316426644,1.0734879166712403,-0.1614103427892957
2016-02-22,WFC,48.83,49.34,48.83,49.19,17572775,1.3910805060943934,1.3755320513390834,0.5562077814124483,-0.3875363547757705,-0.476586563421069,0.5508435546148328,0.0954897855389657,0.804877184192184,-0.1165444034436379,-0.5876573842335394,0.0005692655664792,0.8300731122469643,0.436243543005294,0.5306902617149126,-0.727249123140874
2016-02-23,WFC,48.87,48.92,47.98,48.1,15224730,-1.4125703645286278,-1.4122168455804534,-0.0524165201033003,-0.3825897053883255,-0.445637675612736,0.5193060003643736,0.0927144086796422,0.7553441727356885,-0.0318898370802672,-0.7606563120421155,-0.0021924726316929,0.1999239164535197,1.390992445504749,-1.2167170946148111,0.0373748042507565
2016-02-24,WFC,47.34,47.68,46.56,47.61,18595685,-0.6672255310829616,-0.6587651063323646,-0.3028135430282039,-0.1861500058470246,-0.4370527852524721,0.4365114125202877,0.0946812860617049,0.7463213002486522,-0.3652858429354421,-0.4754769224842134,-0.0030063038864478,-0.0833541623894072,-1.4133898219205154,0.4045871667906626,0.3692256128594656
2016-02-25,WFC,47.71,48.155,47.71,47.75,16646240,0.1500773711428172,0.1570228762129645,-0.2038029322581223,-0.3384034983059341,-0.421575884842279,0.3880156574702357,0.0854220506898019,0.7398459571913738,-0.4154277548402992,-0.6287219949241456,0.0030880388407589,-0.0024175684342853,-0.6678505481351256,0.0370259644759148,-0.8146394512173756
2016-02-26,WFC,48.13,48.535,47.83,48.07,20325626,0.3842305956822345,0.3887748664242992,-0.0050928635783314,-0.125789464104503,-0.3938723523974852,0.3806901938104901,0.0579022711932302,0.7384832210308296,-0.4226602508287628,-0.3122728534677254,0.0008225338898904,0.1825803606059928,0.1496655663473631,-0.1205011988834437,-0.3690375303136059
2016-02-29,WFC,48.03,48.03,46.91,46.92,24018058,-1.522422777467452,-1.5240434215958707,-0.546438856140016,-0.0598167885999884,-0.4140987455662725,0.2514590194485643,-0.0928610022317302,0.6769752861143146,-1.1352746583671989,0.0081594167700406,-0.0026419093532027,-0.465014172466009,0.3838798751399797,-1.7723603053439108,0.3980572232998208
2016-03-01,WFC,47.14,48.72,47.14,48.72,24758534,2.35541971776332,2.306107587700646,0.4783861171005066,0.4013306881493885,-0.3568705313076035,0.3474409061260296,-0.2245498332944411,0.9563613724189528,-0.5262592967768543,0.0389632332750598,0.001666195425182,1.017053844503969,-1.5232708923874163,2.5059664477356134,1.1114379531770051
2016-03-02,WFC,48.84,49.57,48.61,49.57,18667745,1.0531971399079023,1.0461415955992612,0.9255195907291826,0.6528397991230497,-0.2765724578301552,0.4836078359583894,-0.1487309823092571,0.925584824580453,0.055092098896017,-0.4505428630363382,-0.0001718419936463,1.442878752192886,2.3555832272329447,1.1029382232474276,0.022701213179875
2016-03-03,WFC,49.63,49.79,49.07,49.77,14268054,0.2181963616228198,0.2245328247399927,0.9734064413106748,1.0358008298435777,-0.2044044227336637,0.5716148009871773,-0.0226454830465343,0.8045122469471301,0.502056925387945,-0.7352427819121606,-0.0006521141232933,1.4303109581004785,1.0530209346722366,0.1868055511495503,-0.3856695161951692
2016-03-04,WFC,50.01,50.49,49.68,50.11,18685622,0.3923150429341651,0.3967609367586879,1.106696067280627,0.7000113686174101,-0.1339815049154232,0.6375284711775118,0.1165901317406667,0.7856232131356725,0.3986781198024285,-0.2812841307451749,-0.0006049721765208,1.2319957832065496,0.217802327232494,0.1247568047952149,-0.2441657279772132
2016-03-07,WFC,49.77,50.1561,49.44,50.07,14386101,-0.0826931394385089,-0.0742235707503871,1.0215520184703364,0.4536699890603154,-0.0805130952529658,0.6466187952021287,0.2317987880537764,0.7685852358722309,0.510694267076357,-0.6566589476722617,-0.0016419593059066,1.2097975759448305,0.3919664314058854,0.4290890257606486,-0.3993848280520489
2016-03-08,WFC,49.61,49.66,48.92,49.05,18098226,-1.301284404316933,-1.299136524393681,0.3925408619535506,0.1024814114806682,-0.0790664493936282,0.5199879299272403,0.1922717661785396,0.6913372027432662,0.6379144754864426,-0.242405599708159,-0.0018293778920988,0.643743290770982,-0.0831656677744293,-0.8791486349074779,-0.3339898355464822
2016-03-09,WFC,49.38,49.5,48.51,48.79,17920105,-0.3630080664896233,-0.3538543106148924,0.1861348189576256,0.1519686833297342,-0.0888246603705089,0.3898421290982031,0.1215287220515917,0.7003552344882271,0.5723836718784463,-0.2059132028502251,-0.0019793156706539,0.4994549435698063,-1.302074830206972,-0.9290211528124264,0.0997490786927604
2016-03-10,WFC,48.94,49.13,47.96,48.51,18542677,-0.390287506458176,-0.3811347190821749,-0.0301297858261184,-0.0527036554150876,-0.1080285433184349,0.2614124913851117,-0.0039343404258117,0.6994694815028573,0.5768705892283593,-0.1355425794172821,-0.0022803006281747,0.3440674927377694,-0.3635537214203757,-0.6901348512020045,0.4187524814432183
2016-03-11,WFC,49.12,50.13,48.8845,50.07,18318360,1.9691177169520644,1.9350083481360667,0.6794278634558641,0.0827948496585576,-0.0628249085687609,0.3244526230176243,-0.272502834759673,0.7214630409622523,1.4293113172280458,-0.0876168301909608,0.0003943909461629,1.1367041369021291,-0.390840277858161,1.4348845057913058,0.4817945367649041
2016-03-14,WFC,49.97,50.07,49.44,49.88,12804435,-0.2692458358363995,-0.2601803003879397,0.5057391091854226,0.4180234891543345,-0.0357621678453943,0.3281903793884301,-0.2862485303120529,0.37125386336975,0.6303339203385977,-0.6172554031981481,-0.0019624613599151,0.9269116433277664,1.9691804506613928,-0.1623914090583601,-0.5387027820131544
2016-03-15,WFC,49.3,49.99,49.2,49.98,12946082,0.0918195894634906,0.0992275152335528,0.5116145084490912,0.6574316050486556,-0.0119377169262022,0.3228452822750424,-0.2470910021659586,0.3087040079355646,0.3622617766949312,-0.5711533043742979,-0.0002601820766166,1.0114964152728634,-0.2697670307331335,1.015777037565679,-0.2740113986373768
2016-03-16,WFC,49.75,50.29,49.28,49.54,16629748,-0.581086009025574,-0.5722767690312065,0.2365764669372403,0.4278592105459043,-0.0119317433459984,0.2572608539397,-0.2494252306524863,0.3287209491980363,0.2627751762139946,-0.1443540523763801,-0.0021748126074065,0.6393234187144181,0.0913925867859919,-0.3452286088183919,0.1077933348442705
2016-03-17,WFC,49.43,49.93,48.84,49.73,16002267,0.2057812505439797,0.2122341993633645,0.2840777499793171,0.3918921583389781,-0.0060755440545611,0.2198516915427563,-0.2784524090874573,0.3076401327284992,0.4479242452731113,-0.2100243437289684,0.0001078069063329,0.8000344854101095,-0.5816885546025483,0.4322214938174802,0.2353709831902965
2016-03-18,WFC,50.44,50.7,49.93,50.54,35812068,0.9810600674218236,0.9755901633648836,0.6505686985351944,1.1310582009047878,0.0284198507432071,0.2636411578457653,-0.2359467284982632,0.3426064446381789,0.580746097073031,1.8657177243720733,0.0007903357522403,1.3144079681371348,0.2053839773864316,0.1234689074334103,-0.3215878169339394
2016-03-21,WFC,50.5,50.75,50.17,50.67,13543212,0.1271453276411282,0.1342792935638359,0.6792985202921183,0.7073421237470414,0.0585034011204675,0.2873167192979897,-0.1629521178613252,0.2509005593439425,0.2744033773280724,-0.5493151510953267,-0.0007989442921572,1.3794098922894509,0.9808650435719384,0.2280161912697598,-0.6373531399143317
2016-03-22,WFC,50.21,50.58,50.0,50.37,13906976,-0.4016049092363012,-0.3924560523152064,0.4572647878732465,0.2132488222861405,0.0680574784307786,0.2534146581924217,-0.1651998086761404,0.1343677072364696,0.5256304807784535,-0.5036186243048182,-0.001635573986109,1.14140166765156,0.1267275404947824,0.214437992576491,-0.6316713605386944
2016-03-23,WFC,50.18,50.33,49.7,49.76,13648139,-0.786964732234407,-0.7791902237338204,0.074763743685093,-0.1936905038283612,0.0493571210479228,0.1535665807969781,-0.2577985382113305,0.146292409124937,0.4957467735476208,-0.5115095375968446,-0.0016918403445353,0.5858631995709921,-0.4021606330410555,-0.6586750555855171,-0.5361643066552785
2016-03-24,WFC,49.02,49.08,48.52,48.9,20871108,-1.108999102713624,-1.1042362242112105,-0.4124108734277322,-0.7140508823392001,-0.000993575532604,-0.00777930936577,-0.3455117900841422,0.2277679172465799,0.1862305255979468,0.2724535624671184,-0.0020621444148378,-0.1586149572520651,-0.7876209860107092,-0.2112658413331112,-0.6369091509856778
2016-03-28,WFC,49.04,49.04,48.55,48.7,18478056,-0.2876301432503789,-0.2785361439407549,-0.5350113526915281,-0.7697941734393244,-0.0498890413216104,-0.1331102824898331,-0.3956346467879901,0.2265053431254536,0.025003312333196,0.0172854294889731,-0.0022721410150156,-0.3317494123271913,-1.1097393665609547,-0.5501258280682911,-0.7527813724703771
2016-03-29,WFC,48.62,48.65,47.84,48.05,24459483,-0.8639554757842768,-0.8567459042820543,-0.908835288853198,-0.6367737799829754,-0.114595365726879,-0.2740719388894947,-0.5820494202202765,0.1329080951543636,0.1862272479794705,0.6812855197887588,-0.0034088595053347,-1.0433512065591208,-0.2881561341164667,-0.9120532341427082,-0.1864103517366499
2016-03-30,WFC,48.4,49.16,48.1461,48.65,16794241,0.7444196177005855,0.743585258842381,-0.589139611582046,-0.2486007138732075,-0.1423178043354801,-0.2916453786319661,-0.5766819848975041,-0.1877332950102317,-0.1885783139633597,-0.1308408756521898,0.0055336442827867,-0.9560151408068562,-0.8646318143665099,0.3639302733213843,0.1455578505035505
2016-03-31,WFC,48.6,48.835,48.27,48.36,16397626,-0.404112813341272,-0.3949651076109146,-0.711457623338354,-0.2527663695378931,-0.1753756874564969,-0.319437472753277,-0.5192867052824229,-0.2708144941957263,-0.5259745272233006,-0.1639967928248537,-0.0031651205395698,-1.2872909641258672,0.7441628607476162,-0.3994117862149464,-0.6176352002353084
2016-04-01,WFC,48.23,48.58,47.775,48.45,14321391,0.0828687910027321,0.090342980624719,-0.629382879125743,-1.0632004923048914,-0.1974523234793353,-0.3134056070575581,-0.4819759715725919,-0.2760392525507368,-0.5569936337436006,-0.4023163597560792,0.0042208238454779,-1.1270767221323992,-0.4046691913904837,0.3183111235244999,-0.2066099330273239
2016-04-04,WFC,48.42,48.669,48.2,48.5,12110231,0.0312537376485829,0.0390851527476221,-0.5607814397047078,-0.9532852998549416,-0.2122301180647894,-0.2897930222879029,-0.4720690926393375,-0.2940670865631937,-0.6393457328804655,-0.6294342460700361,0.0003135560806862,-1.0712081248644612,0.0824394533036227,0.0985108513105714,-0.7854091979494593
2016-04-05,WFC,48.08,48.09,47.46,47.51,18297731,-1.3038302105484547,-1.301721072038062,-1.0217499783328772,-1.3609123406339272,-0.2615844578557413,-0.3599023866092078,-0.3760425717245902,-0.1989289205802457,-0.9183770249465756,0.0695312227390691,-0.0027492902906908,-1.8307833089966856,0.0308109349758685,-0.922001191900104,-0.4861935830504617
2016-04-06,WFC,47.39,48.13,47.22,48.08,17214436,0.7139431565734247,0.7136425115737117,-0.6923841354620502,-0.8675018316075563,-0.2767711129208138,-0.3280428457653846,-0.3320594863016059,-0.2432519954582394,-0.4579143204119589,-0.0505757139955267,0.0018578183364914,-1.0714455268358567,-1.304621300570593,1.0737199918912177,-0.0139490684268906
2016-04-07,WFC,47.71,47.78,46.62,46.93,17593134,-1.5221129965326714,-1.523727789433191,-1.2589372540859445,-1.319120690845579,-0.3319354164118859,-0.4054569919390128,-0.1753947035370451,-0.1094065838181169,-0.7273659045010086,-0.004807045395934,-0.0027393775089116,-1.631787948298717,0.7136784491347349,-1.2614955997996138,0.4686675056768347
2016-04-08,WFC,47.35,47.65,46.97,47.07,12236503,0.1527300436689705,0.1596532094544781,-1.1470299903303756,-1.7310785487540945,-0.3676023843335402,-0.417202502761364,-0.0662417322981923,-0.1082143269040663,-0.6034413138936637,-0.5996292885369167,0.0010167636352338,-1.5191038283854117,-1.5229610306391552,-0.4730852909798709,-0.3873344308915299
2016-04-11,WFC,47.11,47.71,47.0,47.03,15113542,-0.0859028095684461,-0.0774182699238855,-1.090034742880566,-1.8288885410967848,-0.394590484815811,-0.4042596560336357,0.0007875372715059,-0.4502292011817725,-1.0591707890528943,-0.2431172972562714,-0.0027810230303906,-1.551299291217784,0.1523189308841457,-0.1546150609976132,-0.3331480530260043
2016-04-12,WFC,47.14,47.83,46.95,47.77,18772599,0.9466116062986774,0.9418705292508888,-0.6367555019469296,-1.2865074600005737,-0.3841237821547066,-0.297497360130431,-0.0010442412479643,-0.3457942489280052,-0.7887403715993655,0.1542555610879241,0.0030442691805767,-0.9556832288188852,-0.0863761752206294,0.9833912270642896,-0.0560516343780089
2016-04-13,WFC,48.29,49.2466,48.27,49.03,26311931,1.609146038761328,1.5871897256707006,0.0676362523829157,-0.4708888528540834,-0.3241997176014052,-0.0847851252868083,-0.0429022668971931,-0.1301947938062951,-0.4466330530026547,0.9223172900294098,0.0011185485425703,0.0584738504008565,0.9464075957755326,1.1314453256984776,0.0686941118185121
2016-04-14,WFC,48.3,49.3,48.17,48.79,30067893,-0.3377467874869232,-0.3286028490525776,-0.0414745483036421,-0.2352259474730536,-0.2845706029673046,0.0331458108658214,-0.0637574826769417,-0.1428050868602983,-0.389820755501231,1.2233075824835833,-0.0027006175755512,-0.1346989265933821,1.609114865580506,0.7401508348313339,0.3388907116308537
2016-04-15,WFC,48.62,48.94,48.06,48.25,24885233,-0.7220581510498999,-0.7138827616019329,-0.2931603776867572,-0.3693836628865878,-0.2729658439544952,0.0553563508472214,-0.095341025454227,-0.1225513682354241,-0.6045590588450622,0.5970197761649534,-0.0037846572719105,-0.5693376748304141,-0.3382858524321404,-0.6012684329889809,-0.0713248092194345
2016-04-18,WFC,47.97,48.88,47.91,48.84,18225836,0.7282939491588948,0.7277437922473389,0.0719150668318457,0.1303040424998742,-0.2394846762525813,0.1294342822041374,-0.21791893333249,-0.1566741894733324,-0.6614843533768751,-0.0161363582740802,0.0209002918322677,-0.0944545980529126,-0.722697472451911,1.3439159504922713,0.0638897250816405
2016-04-19,WFC,49.01,49.92,48.98,49.88,18673376,1.292727933167008,1.279832298020546,0.6568837908272364,0.2798421961753153,-0.1717372138958824,0.2768974798500086,-0.3157078764496586,-0.0295464152835887,-0.3964561113368878,0.0047265891470563,0.0012840358498613,0.8552709046651762,0.7280329854544612,1.3148393987395526,-0.0207463603117047
2016-04-20,WFC,49.98,50.52,49.76,50.45,22647670,0.6784530622848955,0.6787556723617298,0.9634212430108992,0.5797970269606537,-0.0962013429929665,0.4149152674902113,-0.3045500080237206,-0.0035557992311508,-0.1441510819053022,0.3832129724993084,0.000361376704479,1.383213955366995,1.292614215047004,0.6841544180413887,-0.3358421745865786
2016-04-21,WFC,50.55,50.78,49.93,50.05,20255390,-0.5266177476985167,-0.5176502255873261,0.7386300785215256,0.3776257901204535,-0.0531641695513453,0.4416784097895738,-0.2753210472764157,-0.0249447729879479,-0.0818841169090392,0.0894195908741818,-0.0021518692334568,0.8595488189397534,0.6781790964389819,-0.7736141290986138,-0.1759446719671531
2016-04-22,WFC,50.05,50.7384,50.05,50.62,16365728,0.6760365518372092,0.6763795224432759,0.9987487422327028,0.5176135386442657,0.001660528619308,0.4934298093638898,-0.1360459313075607,-0.0838469523895392,0.3491051601346852,-0.2998255786897967,-0.0001502573115925,1.3150256161374028,-0.527206083976974,0.8341133700538532,-0.4579408984679728
2016-04-25,WFC,50.31,50.6,50.12,50.51,11689131,-0.1682861284891497,-0.1594737898536833,0.8884831259038177,0.9214642915045363,0.0386388334314235,0.4888946197372615,-0.0295242565505683,-0.0887949607005436,0.3783681145211368,-0.7755866127813682,-0.0018025950419878,1.2271265850992603,0.6757619555889753,0.2740284507771595,-0.7993299878007966
2016-04-26,WFC,50.51,50.99,50.45,50.92,13333517,0.4723651799619077,0.4757814251177389,1.0288896457928796,0.8838037125605227,0.0814452253590121,0.5002678639429089,0.0880566830469355,-0.14594076628893,0.7097425532556465,-0.5525568357677607,-0.0004426573028202,1.3896309930118849,-0.1687809857245569,0.5869527406875329,-0.7075048887841173
2016-04-27,WFC,50.87,51.41,50.72,50.93,15342749,-0.0207694056796269,-0.0126209150200218,0.9703912608764004,1.5806236090162682,0.1127671069543219,0.4798055274135682,0.1945754986018054,-0.1701668596618779,0.5208135518660876,-0.320853076837677,-0.0005281020953118,1.1097666148291312,0.4720374513527015,0.0627950494919403,-0.4622213491855252
2016-04-28,WFC,50.51,50.93,50.2,50.41,15506288,-0.6686563513034347,-0.6602027410736745,0.6346946450073424,1.208878797926752,0.1141134276492647,0.3862790804502989,0.2343809405859207,-0.1464951731276921,0.4550918367345627,-0.2981586589953479,-0.0018170466157286,0.7488951326850586,-0.0212257797856007,-0.1758944268404836,-0.3844437715607636
2016-04-29,WFC,50.46,50.46,49.681,49.98,17886992,-0.5640604375049554,-0.5551965435751933,0.3626558646468522,0.980848008411707,0.0954609215939135,0.2599812870965345,0.2445200490100595,-0.1176640656013236,0.2963088245505101,-0.0498917898968752,-0.0020781094785359,0.4504821762966929,-0.6692817416179563,-0.7450017842478975,-0.2923537245651053
2016-05-02,WFC,50.28,50.7,50.15,50.59,14780296,0.7268559552302837,0.7263309449564863,0.6313836611541025,0.9492104692528376,0.101815801887985,0.2233116343844026,0.281511582691463,-0.0902681807820371,0.4654073491187079,-0.4083259144034953,-0.0002551286363011,0.8738121841964721,-0.5646585415700792,0.4394959670401099,-0.6852659312128853
2016-05-03,WFC,49.86,50.13,49.54,50.01,16246390,-0.7467667833002866,-0.7387358817169084,0.2542188468168105,0.2471840339431076,0.0813914548765919,0.1250466421245262,0.220134078451007,-0.1774482252358295,0.6053366431276073,-0.235899326888978,-0.0020433446967543,0.4713016848819283,0.7265946163920658,0.2009752215896545,-0.6080984050508724
2016-05-04,WFC,49.06,49.27,48.68,48.94,22402535,-1.3650516344030093,-1.3639066621548526,-0.3380227633592823,-0.1296676200781683,0.0211544925442303,-0.056042338160693,0.1847261747346301,-0.0629827152890231,0.0952192355153481,0.4141973778800446,-0.0027943559556785,-0.2712607879914475,-0.7474125505172189,-0.2111150469666387,-0.5866016482777774
2016-05-05,WFC,48.97,49.19,48.77,48.96,15953570,-0.0075534449730011,0.0005185876855766,-0.3808295801603316,0.1128774356491536,-0.0271794533599928,-0.1702753630086881,0.0309803929624619,-0.2367790190919406,0.4678031594333303,-0.2856759166607659,0.0012634481823284,-0.3831850968506357,-1.365858695441405,-0.0417447283429484,-0.8763900569459729
2016-05-06,WFC,48.71,49.12,48.65,49.02,14189590,0.0433005715298904,0.0510524077974683,-0.4001794370969139,-0.1061235396741783,-0.0640805746120119,-0.2322338890439886,-0.1315809698857185,-0.2367354549240201,0.4409524439723627,-0.488404872004658,-7.13893707042433e-05,-0.3384651658536497,-0.0080063713917108,0.4545098379720478,-0.79225813276118
2016-05-09,WFC,49.02,49.22,48.81,48.88,13877044,-0.2108035756873788,-0.2018646439574122,-0.5225793735413545,-0.7247019785583835,-0.0993852556744979,-0.2776915003064746,-0.3283642972990343,-0.2323215254971102,0.4102418810107066,-0.5175534436961449,-0.0020482476344762,-0.4428116715132802,0.0428609115508224,-0.2420907230795229,-0.8922700463808768
2016-05-10,WFC,49.0,49.51,49.0,49.4,14234406,0.629323504805507,0.6304287480543218,-0.2904658294246743,-0.7566480289582356,-0.1073581239813279,-0.2437059737900454,-0.461581640235529,-0.2650609950260169,0.3336550518549504,-0.4586539153913572,-7.851266616816845e-05,-0.4661512164526586,-0.2113095245766171,0.5904327157614826,-0.730922315499753
2016-05-11,WFC,49.36,49.72,49.08,49.08,17344292,-0.4362869742165803,-0.4271630598005974,-0.460674014949526,-0.7212103818737989,-0.1265083119516485,-0.2452877809774693,-0.4642503830217049,-0.4451583842308687,-0.152499844350503,-0.0632885875018426,-0.0022420458074556,-0.7700763855902583,0.6290367223847435,-0.4548923175671521,-0.5045645284914412
2016-05-12,WFC,49.34,49.58,49.045,49.2,13589627,0.1192240975316249,0.1264212202743928,-0.4080387696488374,-1.0393775675657806,-0.1370782847890244,-0.2244679006803112,-0.4887285815789399,-0.452357121795939,-0.0440605672058089,-0.4163224787139765,-1.910666540356399e-05,-0.6561044471636541,-0.436851745635532,-0.2406912959390288,-0.685076750595486
2016-05-13,WFC,49.1,49.43,48.21,48.24,25251741,-1.2477870186337188,-1.2448499683772134,-0.9142658974593468,-1.3481503827555288,-0.1828251152885409,-0.2983566225088641,-0.4875162335683054,-0.3695254918028607,-0.1705207941726297,0.9774035010021428,-0.0028206560612628,-1.5678799545764532,0.1188042439502487,-1.3496268408343164,0.5163843963716706
2016-05-16,WFC,48.12,48.63,47.935,48.27,19655303,0.0057216419598539,0.0137140680400151,-0.8838394125719539,-1.637596728053618,-0.2170927685339157,-0.3279203953291656,-0.4345983324434294,-0.4177374654735062,-0.338880168907262,0.2978210066194932,0.0016041879053669,-1.5608421190501145,-1.2485634885004788,0.2091940013912658,-0.391367463277003
2016-05-17,WFC,48.14,48.17,47.55,47.62,21495620,-0.8713578490197218,-0.8642077157270759,-1.1697044522643951,-1.8063400659261744,-0.2684331004652637,-0.3955161946235068,-0.2853786786875741,-0.5398325523891838,-0.832906017705043,0.495972346442643,-0.0027796055609272,-1.821019700373708,0.005272178652844,-0.8424139393765057,-0.5062476134018434
2016-05-18,WFC,47.68,48.72,47.62,48.65,30028165,1.3136183757541824,1.3001716480799808,-0.5779470757594399,-0.9819086407520448,-0.267200403750121,-0.3142707633473734,-0.2821043916461017,-0.4148854983364045,-0.6914767343117394,1.4293376762370935,0.0035687212970718,-0.9339971657711756,-0.8720361186812381,1.5107059240962388,0.2930531838374863
2016-05-19,WFC,48.44,48.96,48.16,48.38,13604146,-0.3785185533212972,-0.3693638738814266,-0.6777435851455055,-0.9279025856110068,-0.275371333345582,-0.2734791905701518,-0.2515449134087896,-0.4224899950178443,-0.6575176629122419,-0.4400063967046333,-0.002040098345049,-1.166517636006787,1.313510107386523,-0.1198984482457583,-0.2132195716778058
2016-05-20,WFC,48.62,49.21,48.56,48.75,13222812,0.4431402503437857,0.4469440894832894,-0.4322371450947633,-1.0719541856358823,-0.2659160951118448,-0.195476479783716,-0.286808839044663,-0.4494925650998298,-0.7100262898807218,-0.4705448123407184,-0.000155213735361,-0.847878473091317,-0.3790682545192182,0.1756935698953265,-0.4801124426981156
2016-05-23,WFC,48.76,48.88,48.35,48.7,10643985,-0.0968504404861354,-0.0883160776055532,-0.4112270106536407,-0.8770118809926597,-0.2590999292181852,-0.1398672379273119,-0.3237512268338274,-0.4493461846960928,-0.693761935422556,-0.773547839602493,-0.0018716576960835,-0.8909378194312433,0.4428048977396332,-0.1192842930536917,-0.6843289214815249
2016-05-24,WFC,49.05,49.37,48.69,49.2,16597709,0.6062035205887407,0.6076734180786121,-0.0988887366560204,-0.0369940077559989,-0.2330301663816208,-0.0458214173544155,-0.4303891201230411,-0.4342420925930491,-0.6635662107408681,-0.0817114588021099,2.543668478756129e-05,-0.4603443560319564,-0.0973266620795948,0.2047286637034238,-0.4394583650986361
2016-05-25,WFC,49.58,50.83,49.51,50.5,22482241,1.612033403048945,1.5899873968589795,0.6069382876893373,0.5289627563515923,-0.1610470612678492,0.1475953917449107,-0.4835046288123303,-0.2108971292464834,-0.2914749134451783,0.5596946984882601,-6.369696596185713e-05,1.0199799175478357,0.6059107067884281,1.3756125001262935,0.5870906372564946
2016-05-26,WFC,50.52,50.66,50.4,50.55,14983339,0.0286455782340208,0.0364939176559781,0.6297979312570605,0.5254311323283362,-0.1025462012558005,0.267625772224199,-0.4684615066451892,-0.2393762575700022,-0.1266890716615395,-0.306233624848872,-0.0006912342012143,1.15910715753316,1.6120029831034952,0.0185479296444851,-1.1626666594869743
2016-05-27,WFC,50.6,50.86,50.49,50.85,13430516,0.336487859017013,0.3415920804613027,0.7659917840258571,0.7081378225702493,-0.0455482469295802,0.3597816232442507,-0.3855381550054466,-0.2547288618069014,0.0881712711946168,-0.4661722335576938,-0.0008303305157013,1.4328359076688926,0.0282020951629459,0.3469630200963416,-0.9849105665193612
2016-05-31,WFC,51.02,51.19,50.49,50.72,19725015,-0.1921611340018548,-0.1832741360128181,0.6930540659014036,0.4506895711482346,-0.0071073994701901,0.3857406304385259,-0.3716481090642092,-0.2909738696888352,-0.1297372494285422,0.240576396730736,-0.0017700061607246,1.0136575097209168,0.3361246836840089,-0.4705646015825734,-0.4411148798273278
2016-06-01,WFC,50.26,51.04,50.17,51.0,16774325,0.3106997475555914,0.3160914613372788,0.8150814504175363,0.7476154843424878,0.0323082564659786,0.4090169764322217,-0.2831743555034551,-0.3269686475093746,0.1232585836435983,-0.1041454930643927,-0.0006891076915748,1.269363781831879,-0.1926622195814786,1.0860654829446066,-0.169626889266812
2016-06-02,WFC,50.96,51.11,50.71,51.11,14206658,0.1012859986119023,0.1086224564756152,0.813823480865492,0.7442824793164777,0.0654242573115788,0.4114228494701933,-0.1836165506713482,-0.4940973446706139,0.4837247759675301,-0.3616579959426498,-0.0008518206667302,1.369819817304042,0.3103298448006902,0.1960690020117762,-0.9390769076185354
2016-06-03,WFC,50.17,50.31,49.61,50.19,25452559,-1.1536650803964923,-1.1494549673873826,0.2913719597805775,0.7701902093252743,0.0531528933248307,0.2965212521481288,-0.1707374626164247,-0.3697255468716907,0.2014866104905354,0.8886247839011451,-0.0018565626160355,0.5296420660823111,0.1008614654649191,0.0038017609494508,-0.4289688192744977
2016-06-06,WFC,50.24,50.87,50.19,50.49,14528522,0.3391380723014339,0.3442121534737183,0.4108799153293122,0.8559012912005143,0.0529281753490799,0.2356078337444084,-0.1455836413637563,-0.3633841164028547,0.2729397739093342,-0.3717483036069136,-0.0007928035234683,0.8036130719154876,-1.154416996391239,0.3496377940920091,-0.4688880845730054
2016-06-07,WFC,50.73,50.73,50.27,50.27,15310077,-0.3042728948973546,-0.2951578223784884,0.2568213267854143,1.150285441063573,0.0419125643663526,0.1591015261825457,-0.1431843305958802,-0.3587047894338388,0.250164290681835,-0.2889417754219229,-0.0016506797997508,0.6027010009711621,0.3387755883375093,-0.7113908889940761,-0.8287061295026369
2016-06-08,WFC,50.25,50.44,49.74,50.0,18168540,-0.36738375191616,-0.3582293421024772,0.0978147475593878,0.5955554352582579,0.0206227273937463,0.0714507993019545,-0.139452748860702,-0.3740771842722999,0.0109021942345838,0.0157911434259899,-0.0018102843166326,0.3561270957213039,-0.3048032274079255,-0.4021960790161399,-0.424551869978834
2016-06-09,WFC,49.65,49.68,48.85,49.14,19464358,-1.1038342880272485,-1.0990096216217484,-0.3589239728244311,0.2066395766702872,-0.0314293062596205,-0.0778511468994162,-0.1412573036845271,-0.2954097440043141,-0.149522732697783,0.1496689367043441,-0.002007088862112,-0.4292564543337903,-0.367930548345079,-0.8023771839228668,-0.1836537091409965
2016-06-10,WFC,48.49,48.71,48.17,48.34,16815315,-1.0465579070904147,-1.0410775864679045,-0.7601061774637158,-0.3873537845987221,-0.1046551624920313,-0.2517937586797623,-0.0994783632336699,-0.2249488648709798,-0.4241930591797977,-0.1658101583182631,-0.0021540694862008,-1.1598458032222478,-1.1045732045138985,-0.2600300541350758,-0.6603337460159485
2016-06-13,WFC,48.13,48.51,47.96,47.97,16150106,-0.5095263259328365,-0.5005190663636262,-0.9491663517688136,-0.524541743657804,-0.1769056459465407,-0.3884372553643884,-0.0767112651091885,-0.3141355765866673,-0.2496777865692559,-0.1935689175583592,-0.0025459954133175,-1.4977433770831647,-1.047281881715972,-0.2774756122648505,-0.6357793381217594
2016-06-14,WFC,47.86,48.12,46.51,46.88,25311654,-1.447656474017931,-1.447911541986178,-1.4917863661059192,-1.1655153474164452,-0.2755817170947068,-0.5657710605292365,0.0711834754209558,-0.1783957057056754,-0.5903960263752546,0.8104864552645478,-0.0050938129528757,-1.6184935611355613,-0.5101102035208926,-1.573344328900156,1.2708515107036242
2016-06-15,WFC,47.27,47.56,46.74,46.78,20141964,-0.16579902406403,-0.1569949889117575,-1.5237518106417542,-2.0787569328272437,-0.3553190206641521,-0.658890042937085,0.1676821220763898,-0.2202647735815418,-0.4265425019053523,0.2360479232229851,0.0066628970168339,-1.6895230811663848,-1.4484850844283177,-0.8094850452195324,-0.1304537721432202
2016-06-16,WFC,46.47,46.86,45.96,46.85,15619311,0.0601647655182052,0.0678013160483817,-1.4411930976730838,-2.062137776649054,-0.4126953585851936,-0.6758284882197925,0.3089294030951841,-0.3719855828809184,-0.7108641878015207,-0.2016011335790349,-0.0028356340110847,-1.3156198849964869,-0.1662932324810545,0.5914944747743851,0.0096744630236606
2016-06-17,WFC,46.85,47.0,46.52,46.6,25661279,-0.3652160937378191,-0.3560619692378313,-1.5293873856931834,-2.3592230740000533,-0.4643488426815774,-0.6746487172180167,0.4521937172198487,-0.372461754558729,-0.7078254024339559,0.8801526248888577,0.0049001373576886,-1.474519576078824,0.0597295049519473,-0.4294744225753554,-0.7328772799618246
2016-06-20,WFC,47.49,47.9,46.92,46.93,19490106,0.4078870551142021,0.4121405561291639,-1.3072054398750006,-2.0594920176527416,-0.4883638283851041,-0.6025638813394977,0.5575633326277176,-0.3756635086793111,-0.715774798397582,0.1383156475107076,-0.002694617577797,-1.26477198385014,-0.3657623246832548,-0.9172198923973096,0.1490136673174088
2016-06-21,WFC,47.29,47.34,46.77,47.23,11731625,0.3649884284925887,0.3697627061537774,-1.1092559088780154,-2.0434088472598297,-0.4916182588545156,-0.4914587008490406,0.6275714290486547,-0.3559741966628112,-0.6107875819913231,-0.7344421899787028,-0.0030754767196928,-1.074092354551337,0.407542505903393,-0.1221741763489593,-0.585516366383229
2016-06-22,WFC,47.15,47.58,46.93,46.97,17072144,-0.375725023564729,-0.3665702236036922,-1.191099003562754,-2.175657808633451,-0.500358204169179,-0.4166941772373256,0.7125678386571509,-0.397226397604637,-0.8331477917026944,-0.1406905943941838,0.0066106523333287,-1.2393480332769666,0.3646326881885303,-0.314743302262542,-0.4380013848142198
2016-06-23,WFC,47.64,47.91,47.39,47.91,16269981,1.2129599980099004,1.2021071290245662,-0.619206630596978,-1.2795451945689664,-0.4666077570455595,-0.2475130196675716,0.6888055437225591,-0.5037310101560835,-0.9207079052079572,-0.1985024710931802,-0.0031969773784538,-0.6418851948073798,-0.376273996006173,0.4018736673092694,-0.6867685491180077
2016-06-24,WFC,45.76,46.97,45.28,45.71,46744062,-2.891849779158405,-2.9353019304817813,-1.6791308229256223,-1.9363652419298276,-0.5221201354661344,-0.3419290699373266,0.8062903330969815,-0.0035679165636636,-1.5736668541395344,2.824588064951331,0.0177365481308125,-1.6394418612055686,1.2128254705896704,-0.1088687636610503,1.4899723585142903
2016-06-27,WFC,45.2,45.329,44.5,45.01,35094392,-0.9864116249594906,-0.9803010873068132,-1.910232378114845,-2.003758301278085,-0.5885744564143237,-0.445626281857879,0.9296069759042812,-0.0116100809473415,-1.854191781317756,1.4178969288179226,0.0005750999597933,-1.627889842933365,-2.893055140603048,-0.3439014884760504,-0.0563411782117539
2016-06-28,WFC,45.89,46.11,45.34,46.1,27525655,1.4746969334746365,1.4567769593137678,-1.1976536657357555,-1.4166616215141088,-0.5932004415467143,-0.3694389793554677,0.9049715611410698,0.1917313614253681,-1.5052501905396247,0.6204953852486175,-0.0021041992020908,-1.0766597504677629,-0.9871199090442326,0.3194205353014012,-0.1992965328587778
2016-06-29,WFC,46.63,46.985,46.145,46.97,20856371,1.1419387210212442,1.1328224220068834,-0.6147574173435904,-0.8713506363211659,-0.5578922743820921,-0.2056993167920956,0.7634378923401957,0.2880881152050872,-1.3280023332209523,-0.0446979947085433,-0.0021893028095191,-0.6391351003051363,1.4746306861529144,0.5245650051085066,-0.1008763427661809
2016-06-30,WFC,47.24,47.36,46.53,47.33,22538811,0.4441786109718905,0.4479689090664882,-0.3145453291175963,-0.5222357318386919,-0.511541676218798,-0.0462845594420171,0.5512220541759172,0.3085950968743431,-1.253666681259085,0.0747241580469256,-0.0027951788480462,-0.4044686014250779,1.1417856660677093,0.1176220745569611,-0.1298214032002286
2016-07-01,WFC,47.08,47.28,46.86,47.03,19013628,-0.4276170286754776,-0.4184850550633259,-0.3936097527574828,-0.5015899637758957,-0.4827465207018853,0.0360598392764504,0.4167841281805482,0.2649176125701164,-1.0921531098634154,-0.2295131853610671,0.0017296686959695,-0.5610234619011751,0.443843529247986,-0.1065542156384395,-0.8470508625707514
2016-07-05,WFC,46.7,46.76,45.81,46.21,22213032,-1.1185072220615753,-1.1138592453278076,-0.7310164509937259,-0.418804313724005,-0.488265488604344,0.0136113952741949,0.2309320434485249,0.2852846144162355,-1.4124449025450605,0.0380640306607449,0.000434021391105,-0.9688869860478952,-0.4281795383397612,-0.8190440611036439,0.1220242120912874
2016-07-06,WFC,45.89,46.66,45.7,46.65,19024127,0.5598093345586485,0.5619857289017459,-0.3875500972257055,-0.2318841365428897,-0.4715828590547914,0.0527991697219096,-0.0126275182158674,0.3237126427308385,-1.2250721209162243,-0.2760996528632667,-0.0021378902255817,-0.6781057641214328,-1.1192499663204862,1.2249224276147224,0.1237291514857583
2016-07-07,WFC,46.58,47.215,46.44,46.8,17946194,0.1671905726993534,0.1739899956797614,-0.2152454552982268,-0.2053420575056588,-0.4489789996412998,0.0993905330181664,-0.2982826388271229,0.3320202702838067,-1.1074161188866618,-0.3754310353641231,-0.0024892437446523,-0.4053148439141392,0.559504417768031,0.3305188449226315,-0.2112135170374549
2016-07-08,WFC,47.45,47.92,47.45,47.79,19775669,1.2840009040336209,1.2713335100337504,0.3763582279251233,0.1706216845255632,-0.3893116018863716,0.2320645333114769,-0.4644417392503708,0.3982938741302443,-0.570953584832115,-0.2066262220292511,-0.0037363520381617,0.7164542832030761,0.1667832322760599,0.5150450287989229,-0.771692096140195
2016-07-11,WFC,48.1,48.45,47.94,48.08,16008705,0.3447991206768558,0.3498084487057692,0.5460912649711779,0.1599654710116616,-0.3285207830475493,0.3410954000768074,-0.4946855740548125,0.3578087964358588,-0.2464695619339834,-0.5538978501478944,-0.0211342833961252,1.0864203828411974,1.2838849092673807,-0.0577310145387894,-0.7073006414629063
2016-07-12,WFC,48.42,48.63,48.215,48.35,15067947,0.316622719939491,0.3219493320954991,0.6862545215627898,0.1519155163298025,-0.2683207065251652,0.4267995329359613,-0.4525419546884109,0.3511064056840386,-0.0511357194237448,-0.6379727841052554,0.0017930348765351,1.2175105123662755,0.3444381135275811,-0.1355405277491229,-0.8759887054032671
2016-07-13,WFC,48.31,48.47,47.98,48.27,14389624,-0.1360083077856448,-0.12731144314352,0.6015411459845568,0.214201496229753,-0.2228869997159549,0.4573544577789483,-0.3804676069296874,0.2320196483246987,0.2679817497430433,-0.6665365815639096,-0.0026272792997173,1.1531195867015314,0.3162543623281406,-0.0888723655186159,-0.7453114473495197
2016-07-14,WFC,49.05,49.15,48.67,48.94,17578435,0.8311615107922402,0.8287289268853815,0.9131366528182872,0.1398062280743041,-0.160359799050534,0.5257967565813043,-0.2467705383543074,0.2591735936689534,0.5106535966662524,-0.3509518022319288,0.0021326143537156,1.2927544246954823,-0.136494744609262,-0.1957497081971389,-0.7739227455128158
2016-07-15,WFC,48.85,48.88,47.41,47.71,35120978,-1.5977158248917354,-1.6008063853907135,0.2032902304470769,0.5244248876442739,-0.1590763738599262,0.4229101718390514,-0.2373023632642349,0.410017443738589,0.1021160617230466,1.1886218834801467,-0.0042856343401464,0.4134547922106958,0.8309273824567969,-1.789449305878874,0.976503871644451
2016-07-18,WFC,47.81,48.33,47.78,48.28,24139225,0.7108119924584615,0.7105653610023397,0.4728755729559749,0.9960956479897592,-0.1357577496260092,0.3973191270552531,-0.2077973861570115,0.4227149144193018,0.3619952217637797,0.1854913601341391,-0.0229299668347807,0.820935109703647,-1.5985835817345562,0.7164012702167442,-0.6419147733595029
2016-07-19,WFC,48.08,48.55,48.045,48.37,15982946,0.0830607791287418,0.0905335608189889,0.481963565524436,0.7490659331180193,-0.1141162438503126,0.3725294171877045,-0.170348383925428,0.4170677879732348,0.2831650981543836,-0.5559693460445959,0.0008645069055608,0.8852741072025313,0.7105464681836081,0.4293826524843429,-0.7212156929312858
2016-07-20,WFC,48.59,48.69,48.4,48.61,16569909,0.2759129707928162,0.2816758486477787,0.5758599133662627,0.5544103182562427,-0.0881992766237229,0.3637026134678406,-0.1177582329827265,0.4147250360377078,0.2616451831541613,-0.5183213710499237,-9.490103723001448e-07,1.0568447671995649,0.08263149151415,0.0047811174559418,-1.094124778941698
2016-07-21,WFC,48.65,48.81,48.29,48.3,15938855,-0.4300335173277617,-0.4209036677212762,0.3665089218778702,0.2541120520172402,-0.0806268622574297,0.3094226072239655,-0.0986532082285982,0.4173670600199354,0.2483865984964715,-0.5726349645296365,-0.0020679397950027,0.8352326647033966,0.2755339931072412,-0.5698545735917943,-0.6940724121761046
2016-07-22,WFC,48.32,48.36,48.1,48.32,13588537,-0.0072163173794107,0.0008537284334762,0.3660220989583474,0.4270325952450522,-0.0746739021464451,0.2618301548539832,-0.081583459748788,0.3437526776940499,-0.0417936831188477,-0.7819021505052217,-0.0002414369114724,0.8495302197031518,-0.4305966573886798,-0.0263165508545973,-1.142883844092914
2016-07-25,WFC,48.24,48.26,47.85,48.12,12122176,-0.2906865956120479,-0.2815883917239286,0.187934853467315,0.8249980483157694,-0.0786171545547657,0.1982835122927967,-0.1764678235963023,-0.1821647792250944,0.6068521760626806,-0.8207724874106556,-0.0018991132097716,0.7065546697056231,-0.007669155850635,-0.2142563149353757,-0.8812292956216445
2016-07-26,WFC,48.03,48.17,47.8002,47.97,16130062,-0.2270672322617293,-0.2180875537090794,0.023049628447611,0.5504116821513856,-0.0883235558055836,0.1326119523336493,-0.4303747040138145,-0.265209389848532,0.7983570110577985,-0.3353492583790577,-0.0023867140576278,0.413342213037467,-0.2912133838240202,-0.1206972943405098,-0.948850482712596
2016-07-27,WFC,47.95,48.22,47.78,48.0,17886802,0.0059395651400273,0.013930660942958,-0.0129200989540817,0.4988862541465497,-0.0954313463573373,0.0867634835716393,-0.5494212813004921,-0.403093222231873,0.4378255250126567,-0.1001184619335834,0.0009155512354291,0.3348182397120546,-0.2275774238997835,0.0524652897715399,-0.8273660221936563
2016-07-28,WFC,47.94,48.215,47.68,48.13,12562560,0.1356194751736147,0.1426847718046033,0.0264308242827742,0.0450692250914848,-0.0965314745633142,0.0655483280204649,-0.5814756562005193,-0.4985983208918515,0.1952311073719707,-0.6476624657420001,-0.0003900058947551,0.4600772541664124,0.0054901586832903,0.2731168905406816,-0.6649295566053941
2016-07-29,WFC,47.95,48.17,47.95,47.97,13111673,-0.2399623010980928,-0.23095333721359,-0.0788783954666138,-0.2670888699484143,-0.1041952763902355,0.0316814206703306,-0.5961700968160525,-0.5072673898213351,0.0311157334001209,-0.54782032533394,-0.0019235087019313,0.3059123132995103,0.1352038987035239,0.005196185395853,-1.209106073499007
2016-08-01,WFC,47.98,48.05,47.63,47.81,16026645,-0.2406526200742649,-0.2316421638367487,-0.1878703440069591,-0.5828182063521982,-0.1169142207768517,-0.0084239551360971,-0.6350514025896817,-0.5187365802293573,0.07610180053815,-0.1995835084949827,-0.0023453501574796,0.1517473724326148,-0.2404758567113874,-0.2940073277883094,-0.859193363447572
2016-08-02,WFC,47.66,47.8335,47.39,47.71,17033061,-0.1632157408107039,-0.154420435309599,-0.2834323781093661,-0.5953925013430801,-0.1311143737076744,-0.0443208610755918,-0.8065779343994615,-0.6391508288451271,0.3092558846846776,-0.0543963968086241,-0.0031871216042422,0.0553942843908022,-0.2411663557731389,0.0529446589234937,-0.8166085124369048
2016-08-03,WFC,47.33,47.639,47.33,47.57,14913525,-0.2156857359840212,-0.2067341260746647,-0.3848601005146879,-1.3324983861331237,-0.1478694778906379,-0.0796147863676952,-0.9241782270765602,-0.657561405273452,0.1221613258899868,-0.2810573942519636,-0.0069292638884039,-0.4952049486038421,-0.1637092753188867,0.3567899025261962,-1.0499674653960192
2016-08-04,WFC,47.6,48.0,47.57,47.84,14662635,0.3203709976171297,0.3256561247214328,-0.2656414397132801,-0.0399511532712102,-0.150483458495378,-0.0714509179450325,-1.061688768637183,-0.6512994631622201,0.1588908173613634,-0.2939090521582182,-0.006572451134574,-0.949801365416812,-0.2161929584970429,0.3546168197023976,-0.8422317272690472
2016-08-05,WFC,48.39,48.7,48.13,48.68,19064723,1.0601634782443972,1.0529505526915546,0.1680860320093047,0.22599586801049,-0.1198113562902273,0.0207579809386474,-1.0436116769099786,-0.7019691622244544,0.1060327609237284,0.2363685535423821,0.0062862304034922,0.5844362672489477,0.3200036178302068,0.4264633147485489,-0.6154757114842128
2016-08-08,WFC,48.78,49.05,48.74,48.91,14871601,0.2611565581124946,0.2670711018777102,0.2704927476868747,0.3449217171991028,-0.087143305217577,0.099662638071044,-0.9952277964545744,-0.7067008622205067,0.0860554151004086,-0.2592220876281108,0.0003390977189132,1.0045251428598063,1.0599890903382838,0.1750309700732575,-1.0630951848681829
2016-08-09,WFC,49.02,49.15,48.81,48.93,10449765,-0.007537839208478,0.0005341015182999,0.2653595838708422,0.1526213275173107,-0.0614542600180262,0.1448225228005038,-0.953896625274483,-0.7159836804781692,0.0087008935267851,-0.772525914576036,-0.0005347416725005,1.0410546103042353,0.2607737308773341,-0.1650285187134827,-1.0122130839459744
2016-08-10,WFC,48.82,48.93,48.075,48.18,16782739,-0.9872884633242056,-0.9811866848663248,-0.1403882591401443,-0.2994816173226897,-0.0714843422075697,0.0890100115755781,-0.9539220745205844,-0.6240356441502265,-0.1948601992809397,-0.0164342547026576,-0.0021486335141154,-0.3288004188616275,-0.0079907615560652,-1.0167537180545334,-0.1123609557703397
2016-08-11,WFC,48.23,48.5,47.92,48.24,14614072,0.0445357595617225,0.0522793057105793,-0.0886559849669762,-0.2617421218616049,-0.0778704148073732,0.0537396205494053,-0.9990516517367208,-0.700249282600291,-0.3775420225129998,-0.262679446159189,-7.155200483071975e-05,-0.2192120165283542,-0.9879969761523988,-0.0106516565646308,-0.5892986428181066
2016-08-12,WFC,48.05,48.08,47.83,47.9,13227473,-0.4717964731826458,-0.4627182644117621,-0.2789994930529847,-0.3807693749590911,-0.0968915717037582,-0.0069991817428186,-1.0119861128092238,-0.952426821417309,-0.1089893284912258,-0.3177141708110209,-0.0019881658006215,-0.8402129630835518,0.0440964218098569,-0.262170198597998,-1.1563507286134345
2016-08-15,WFC,48.05,48.34,48.03,48.27,11758906,0.447911553492652,0.451653030963111,-0.0772251375850329,0.0565427796174308,-0.0979711812031314,-0.0094089894335251,-1.012130327310658,-0.994359603425518,-0.1705189028028328,-0.4454841961340124,-0.0003366404778399,-0.1644178153617177,-0.4723705080709778,0.3196021325024028,-1.05609153092539
2016-08-16,WFC,48.16,48.6,48.06,48.44,13957611,0.1862678138937729,0.1928989103461867,0.0134418390279924,0.1576450424401789,-0.092763146217215,0.0048474530796644,-1.0095162857819708,-0.9897929995017132,-0.1462228983115095,-0.1335312047991484,-0.0004319246981072,0.1460826579158679,0.4475774455926466,0.4129380140318582,-0.6622556910016377
2016-08-17,WFC,48.37,48.66,48.31,48.61,13062907,0.1854983082025978,0.1921363060835982,0.1060178980071713,0.1851558622558934,-0.082688244868016,0.0287798373280735,-1.0095162857819708,-0.996129106638928,-0.1674769497128712,-0.234515549243418,-0.0006554589428928,0.4565831311934665,0.1858654502075443,0.3485527573635742,-0.9912559958778148
2016-08-18,WFC,48.5,48.66,48.33,48.53,12189198,-0.1354573267358437,-0.1267625782286227,0.0561481698450057,0.256951666618207,-0.0786418685979967,0.032408424951732,-1.000930545017092,-1.016955947423121,-0.0975409996255359,-0.3335730559195156,-0.0016949801017935,0.3104652614157775,0.1850957437731142,0.0204165121312621,-1.0246129245710307
2016-08-19,WFC,48.44,48.73,48.2,48.65,12557726,0.1209492382141044,0.128132691174393,0.1124176638187817,0.4872336837733667,-0.0715833816271646,0.0430644161422242,-0.9857395909709356,-1.0144535915373776,-0.0671755974559926,-0.2755229589485772,-0.0006860479282464,0.5296420660823111,-0.1359436198233837,0.3012200900144937,-0.6833967580944843
2016-08-22,WFC,48.64,48.74,48.5,48.63,9212563,-0.0585903030716682,-0.0502384231025635,0.0875446049156697,0.5681863937906744,-0.0676924161254192,0.0434360633608522,-0.9741094954537488,-1.025409261709266,-0.0118214997055216,-0.7333856181592382,-0.0015828582996297,0.4931125986378952,0.1205298346753466,-0.0418494014221251,-1.1800179916973852
2016-08-23,WFC,48.64,48.75,48.39,48.41,15430170,-0.3146486905879491,-0.305522738707034,-0.0441285939297654,0.4872336837733667,-0.0741088951360431,0.0172021963996075,-0.9794301035839216,-1.018829146319371,-0.0327660514833581,0.1567312533687758,-0.0018920074771791,0.0912884567492313,-0.0590565436284545,-0.3835721139078131,-0.9715612598515612
2016-08-24,WFC,48.5,48.77,48.35,48.63,16315832,0.2499365793339143,0.2559641357296859,0.0582450600737044,0.4557906944208491,-0.0714087463905864,0.0196811457355241,-0.9767457250927066,-1.0103964735133135,0.0252840127153481,0.2960359158850258,-0.0003464568293161,0.4931125986378952,-0.3151817298634272,0.1761933887507902,-0.8715385626575484
2016-08-25,WFC,48.62,48.69,48.3,48.38,13643168,-0.3530558697974259,-0.3439047522675392,-0.0843958108841584,-0.4816809033566721,-0.0798830641493386,-0.0070985792134347,-0.9790930469178334,-0.996358674166022,-0.0911911117825765,-0.0947933150631717,-0.0018092034766038,0.0364942555826077,0.2495508251092752,-0.399258312239057,-0.9194980384484
2016-08-26,WFC,48.58,48.84,48.28,48.51,15527260,0.1342950870602237,0.1413711909494641,-0.0284954658608466,-0.5926089313834513,-0.0822310217306906,-0.0127532135389072,-0.9873590498260584,-1.0010913374350627,-0.0021499382493781,0.1556345671486923,-0.0004326276971008,0.2739357939713487,-0.3535989284688108,-0.1351807946016728,-0.6292360577888344
2016-08-29,WFC,48.75,49.745,48.69,49.56,21201406,1.3145805261816008,1.301108255927377,0.4929505457113923,0.2809422685661568,-0.0439578044825212,0.0872812837340071,-0.9063269760011452,-0.8121122185190907,0.3700980692600582,0.9060218012258128,-0.0003865142945283,1.188231305225248,0.1338791650930379,1.2290054179655236,0.1827803468279952
2016-08-30,WFC,49.73,50.64,49.68,50.62,25055769,1.2985923295974673,1.2855426655044464,0.9852285430853728,1.4986231441053386,0.026094028854015,0.2491064923071456,-0.6752892321453956,-0.6737707483019235,0.7283071437344286,1.3486611706039613,-0.0004694239192414,1.4227930631448922,1.3144725088130058,1.325806690505113,-0.0107781697868749
2016-08-31,WFC,50.7,50.92,50.24,50.8,24533587,0.1883877331186637,0.1949997681738137,0.9915287658139188,1.533110661116842,0.0860070495309276,0.3524695299155443,-0.5175882769646636,-0.688088757595455,0.8297388363758331,1.1742259835643891,-0.0006505378823107,1.3238035926427028,1.2984801413401297,0.1227007768780766,-0.4757375944525006
2016-09-01,WFC,50.92,51.0,50.11,50.43,17017066,-0.4864502531791379,-0.4773968592889165,0.7203052308317763,1.501352084582034,0.115894863233034,0.357875594121498,-0.4485561997973105,-0.650327938465845,0.6276351584079845,0.1712374830394302,-0.0015812226171029,0.8451552580786207,0.1879859224621145,-0.753346690851268,-0.1205056424685855
2016-09-02,WFC,50.45,50.66,50.18,50.55,12683950,0.115149197872939,0.1223784217164405,0.7329062732553272,1.4258673832332802,0.140982547829213,0.3498449957999795,-0.3505971210045154,-0.7413934953360091,0.3966941184731719,-0.3582444212037534,-0.0009553403725553,0.9709917831553057,-0.4870281108429597,0.1234392175506865,-0.7999566892127039
2016-09-06,WFC,50.56,50.57,49.63,49.99,21832155,-0.7226993269132974,-0.7145275607878564,0.4031840019080693,0.8147303926539944,0.1355666973280705,0.2649049429088798,-0.3160171320470936,-0.6824481485459363,0.1568222422684763,0.7928198070457729,-0.0016909284461435,0.3837546661307691,0.1147282812602806,-0.8780672933678083,-0.0242023220849701
2016-09-07,WFC,49.79,50.03,49.65,49.77,12437261,-0.3069862060780525,-0.297868121026925,0.2625613400381129,0.5540161498546048,0.1195422101846631,0.169646452502408,-0.2984926814644854,-0.6713113103442284,0.0846526557522029,-0.4382903068463185,-0.0015472303451343,0.1530543701568435,-0.723338815580777,-0.0566647272596807,-0.9550063071703688
2016-09-08,WFC,49.81,49.99,49.56,49.9,14169243,0.1296229015899556,0.1367369088149126,0.2853914716381283,0.6790904459020471,0.1090062250303264,0.1075669698146488,-0.3074932450223216,-0.7822425075166325,0.3568249425981634,-0.1992481944057769,-0.0008530214376682,0.28937727232325,-0.3075172464182401,0.1101954078774248,-0.8731561735579944
2016-09-09,WFC,49.49,49.86,48.72,48.72,32147152,-1.5052301963246966,-1.506528535108845,-0.357526973379488,-0.1528706889613965,0.0519220718525671,-0.0619107995190452,-0.3307419872158164,-0.5475374558956086,-0.0213421286348573,1.9178769754248528,-0.0020179732333659,-0.9480152242641756,0.1292057607757485,-1.2018040144545603,0.3587700961423429
2016-09-12,WFC,48.37,48.64,47.98,48.54,35588431,-0.2630134229725545,-0.2539587718777772,-0.4704689146519926,-0.234166209248677,-0.0020737787740304,-0.1895437773832504,-0.3759072461055049,-0.5615983615936133,0.0287525219309279,2.062038264117678,-0.0024336471826124,-1.2648982617503357,-1.50607382616451,0.2392158757999413,-0.4581354547250889
2016-09-13,WFC,47.8,47.86,46.52,46.96,59000513,-2.0595246637305995,-2.073724396778521,-1.279959432181974,-0.7799031493791073,-0.1075046684342072,-0.4240430647126398,-0.2336413914424687,-0.2544191288471168,-0.5660553600925279,3.954438843728094,-0.004701254860636,-1.5548206699650788,-0.2635329920010726,-1.3540048256410948,0.786801127740801
2016-09-14,WFC,47.08,47.58,46.5,46.52,44841748,-0.6163337027487692,-0.6076525934315257,-1.466349821346536,-1.0234775386170358,-0.2076780420143889,-0.5981097386923606,-0.0432461403918356,-0.2449043398633824,-0.74960277702942,2.1862574474741967,0.00943410407501,-1.8665286450831944,-2.060512894028769,-0.9249783964336726,0.3435025819626705
2016-09-15,WFC,46.12,46.35,45.19,46.15,61190519,-0.5281696001126241,-0.5192059207964498,-1.6022700083814838,-1.056955835328539,-0.2998672028265829,-0.7168118516564879,0.1696519408690008,-0.2449831145730263,-0.9107172668311088,3.145660399461228,0.0017630966424836,-1.332040431386476,-0.6169454434972058,0.0228281489462306,0.5034842617798323
2016-09-16,WFC,45.7,45.87,45.25,45.43,51871380,-1.004302370223455,-0.9983730604453324,-1.9111118720046136,-1.301116178288107,-0.3983678342136169,-0.8280191586378897,0.4419352118820784,-0.2000919076198037,-1.1056245595800755,2.0170883452612114,-1.949493120923173e-05,-1.743987196783824,-0.52875834122747,-0.4726837717151477,-0.4539403921545844
2016-09-19,WFC,45.62,46.29,45.48,46.01,33562406,0.7618457299875979,0.7606996946031294,-1.53167653867094,-1.54916700219673,-0.4501115623430831,-0.796633540140132,0.5971450362770551,-0.1410489661742049,-0.9644448989095582,0.4808348908029061,-0.0017920451289866,-1.4121411913248498,-1.0050153215205142,0.619566750604924,-0.1241190317516716
2016-09-20,WFC,47.15,47.2,46.12,46.56,51510381,0.7112317470856244,0.7109778836097004,-1.1812128125437202,-1.8550664595481463,-0.4657999309435616,-0.6787191705934539,0.681725750812678,-0.0880507220504373,-0.792629273442354,1.5483127081930752,-0.0022938774910851,-1.097459634424095,0.7615935190367489,-0.9717153471361892,0.3418403599016467
2016-09-21,WFC,46.51,46.54,45.33,45.83,64530229,-1.0091207718739166,-1.0032411728068864,-1.5099862387962162,-2.0833834925738546,-0.5028621442884368,-0.6394035833856745,0.8179235408092627,-0.0439644327171806,-0.9501932842990798,2.1048599291526617,0.0008770275000301,-1.5151278826741867,0.7109663323134182,-1.1309223111022777,0.6090348086875915
2016-09-22,WFC,45.83,46.12,45.37,45.72,36964352,-0.1824262006961164,-0.1735685400626659,-1.4948670678758973,-2.0467671183836225,-0.5321254633371196,-0.5878768939560163,0.9445438769648238,-0.0576465689273364,-1.0463142743760587,0.2568813621512004,-0.0005542867655493,-1.578064194054337,-1.0098349801618498,-0.2076540234195474,-0.2241838203297474
2016-09-23,WFC,45.5,45.91,45.43,45.74,28710524,-0.0057615559569515,0.0022998954846776,-1.4157282874074932,-2.111952798619832,-0.5498871251201528,-0.5170504746071123,1.0530739553756046,-0.0562306777512745,-0.9688926324003212,-0.297470845967468,-0.001671138178418,-1.5666212283488532,-0.1829247466945233,0.3721983598819512,-0.7167368319792069
2016-09-26,WFC,45.37,45.5,44.65,44.88,30937973,-1.2035669273712757,-1.2000134650033485,-1.7921338369628492,-2.151983331509575,-0.5926733821718458,-0.5248022165607403,1.2211249801471644,-0.0044628652250413,-1.2664704510852849,-0.2046232617100891,-0.0006967609338957,-1.760899359483972,-0.0062140149202052,-0.8422824915341199,-0.0128985357404761
2016-09-27,WFC,44.79,45.1,44.66,45.09,24359007,0.2583183035325544,0.2642616237167329,-1.5615008332912366,-1.9891470567667024,-0.6129475783011517,-0.4730579528458853,1.304064165319785,-0.156221949844973,-1.4921112585704557,-0.6025122880705303,-0.0016019012340665,-1.6509657968283933,-1.2043318614103464,0.4797235372932333,-0.7780620209532256
2016-09-28,WFC,45.36,45.48,44.955,45.31,28220297,0.2707690545239793,0.2765851924956068,-1.3010018420040197,-1.934025661739439,-0.614964003558483,-0.3846673539500397,1.254406940367433,-0.3259165604689815,-1.7080849691199798,-0.3816811225486681,-0.0017207036146899,-1.535797302617788,0.2579347358734183,-0.1095967373189555,-0.6256661831920307
2016-09-29,WFC,45.19,45.26,44.21,44.37,45266713,-1.324599557698884,-1.3228105129962875,-1.6535313768081614,-1.8956328704394727,-0.6477852029030913,-0.3932458330416802,1.2098457033679375,-0.2897136730893058,-2.0264240639437614,0.5443540712297164,-0.0003164501592026,-1.8029715560904347,0.2703887349295563,-1.3972495854105935,0.3809073860551208
2016-09-30,WFC,44.33,44.73,44.1,44.28,54117665,-0.1592800947729521,-0.1504982947168513,-1.541672452027598,-1.8805952626610989,-0.6712961026916147,-0.3761440655308551,1.147439462318387,-0.283944510010711,-1.9585195739007328,0.8961619076888807,-0.0004124431013086,-1.7900904869661247,-1.325396065882837,-0.1115317382677101,-0.4055799670990793
2016-10-03,WFC,44.12,44.16,43.56,43.83,38197732,-0.6656996761673396,-0.657232021055956,-1.616320805228861,-1.6551692762812944,-0.701251245748026,-0.3790500227585696,1.037397862311621,-0.3047162032732165,-2.1198728500738597,-0.0376369460594004,-0.0007916308264323,-1.7532672624094567,-0.1597726025773621,-0.5229171332783565,-0.4504497139362874
2016-10-04,WFC,43.62,44.09,43.55,43.75,44008293,-0.1466315210322231,-0.137894807519332,-1.4945469974224177,-1.565307034669312,-0.7215182888740761,-0.3564377860969046,0.926568907268262,-0.3027784927954446,-2.000724979207661,0.2028398291335513,-0.0007956723448434,-1.7787045896495297,-0.6663242951651605,0.1988492462765649,-0.5626595793096124
2016-10-05,WFC,43.83,45.08,43.83,44.99,40458953,1.731574619765155,1.7057043677038577,-0.6565515002742514,-0.6916139652709375,-0.6826065609030383,-0.1860228587034439,0.6786332482931052,0.0077144199172597,-1.5779994873393008,-0.049015112362048,-0.0015966750079033,-1.1380075346413463,-0.1471207291653067,1.9732287556967496,0.724214530314733
2016-10-06,WFC,45.18,45.39,44.83,45.18,29878198,0.2299296543194816,0.2361537840296022,-0.4146354181117139,-0.3064717020011078,-0.638625627344623,-0.0366428688711896,0.2988074227022737,0.0142806536799227,-1.5566656015478813,-0.5985074212527622,-0.0015423193960909,-1.0225997890481384,1.7315753848950506,-0.0263165508545973,-0.5583252011077284
2016-10-07,WFC,45.2,45.45,44.93,45.33,24893588,0.1737039486434467,0.1804465506115147,-0.2315336630977937,-0.5320662847616094,-0.5927305865191812,0.0877880021493199,0.027729189416525,-0.0663076620837222,-1.1893858755579905,-0.8291477150723562,-0.0015225452721721,-0.7188188684229597,0.229538680828374,0.190978406465331,-0.6352849224303297
2016-10-10,WFC,45.7,45.92,45.44,45.65,21804917,0.406504773174748,0.4107755068282259,0.0367584491775359,-0.6669292569453864,-0.5392446967498788,0.2068714134736806,-0.3059081649834841,-0.0394520796769414,-1.041892444315343,-0.9618937519350266,-0.001515311542065,-0.261631966542128,0.1732983073840495,-0.1089771473102609,-0.7150125639428431
2016-10-11,WFC,45.8,45.815,45.15,45.45,25442608,-0.3057585293543385,-0.2966417926709727,-0.0351059307839093,-0.4093919456748265,-0.5006527957836946,0.2638012717482302,-0.415598138689535,-0.2856206230635188,-0.6397233247702412,-0.7270488908144431,-0.0008899813491879,-0.3140707948921002,0.406159863363908,-0.6036773544826344,-0.3719251888882835
2016-10-12,WFC,45.51,45.83,45.315,45.32,21780463,-0.2110718378771188,-0.2021321995706028,-0.0755996956419347,-0.4200821736898323,-0.4714462687761399,0.2851873673639589,-0.4865802177497491,-0.3035521444644291,-0.5463217352246639,-0.8823214476775795,-0.0009748019226729,-0.269302423256946,-0.3062892494268211,-0.3417381984153343,-0.6442686802778216
2016-10-13,WFC,45.24,45.24,44.28,44.75,44174614,-0.8160296126498868,-0.8084569610891134,-0.3660254978726523,-0.7052646879883497,-0.4670449315517619,0.2384481123664436,-0.5183247680680916,-0.2795185173842946,-0.6130060791966554,0.3664600136123245,-0.0007471812783991,-0.7884211838986501,-0.2115778567487183,-0.8446272212487281,0.1965470462853744
2016-10-14,WFC,45.17,45.52,44.315,44.71,45418598,-0.0886456855085316,-0.0801484828155705,-0.3685475474156015,-0.2926951167170669,-0.4615072368658514,0.2039816729124595,-0.511398597358925,-0.3415607028612205,-0.4002375848263458,0.4561291820489164,-0.0008104133261259,-0.8248505706103478,-0.8166934486686201,-0.7957170638901583,0.6548343491722645
2016-10-17,WFC,44.54,44.76,44.32,44.5,18861278,-0.3254180487484497,-0.3162826402266611,-0.4473004138558877,-0.5489045777834225,-0.4617565539206376,0.1615128527498995,-0.5334407907027384,-0.3973313488390209,-0.6494741192997889,-0.9846735079189134,-0.0010873813867946,-1.0161048508467658,-0.0891197667029788,-0.0941672784347217,-0.7672794477640914
2016-10-18,WFC,44.75,45.0,44.41,44.95,23877562,0.5965796170462889,0.5981988395176305,-0.1383558737410943,-0.398617209928481,-0.4408583053332836,0.1819712665355144,-0.6614647922692755,-0.4120047116777146,-0.6753237006692316,-0.6493078893015924,-0.0014289244622779,-0.3248298245741874,-0.3259538974586558,0.3113450588011395,-0.4974171816985521
2016-10-19,WFC,44.86,45.53,44.86,45.26,26976973,0.3963697328005514,0.4007658986430337,0.0592619614776715,0.4029508874831981,-0.4090766065272609,0.2263518110724511,-0.7009597976030433,-0.4591483999463348,-0.3501375044903989,-0.3777951474527689,-0.0014682279055484,0.3305067202082393,0.5962842926294263,0.6473507265459358,-0.3575992929547434
2016-10-20,WFC,44.97,45.29,44.66,44.93,27210558,-0.4869322422238372,-0.4778797236562401,-0.1103347838705595,0.2211084389872254,-0.3940307379496384,0.2187785077949769,-0.7398590876891774,-0.4459662032654142,-0.4212471623001184,-0.337931865264746,-0.0009951178156198,0.0542965909827303,0.3960221790313649,-0.0935184945152319,-0.4227340635711358
2016-10-21,WFC,44.74,45.295,44.66,45.09,21490816,0.1887107452806619,0.1953198696919992,0.0022414969098072,0.6586057654679929,-0.373203954643868,0.2275998401670274,-0.7849278915837616,-0.4404530924837368,-0.3761839280014865,-0.6813355884471564,-0.0014222390220362,0.2787139099661945,-0.4875102256255851,0.5647233419966459,-0.4176391440317074
2016-10-24,WFC,45.45,45.68,45.29,45.52,19303808,0.5607266476643914,0.5628893998133443,0.2347292729152221,0.9135760658289068,-0.3375803809104709,0.2727435899043246,-0.7588184835753597,-0.5285377850677438,0.0419569115112338,-0.7972690205337502,-0.0014151224206312,0.8818354547342405,0.1883090188892632,0.0900448344310555,-0.8772875385429221
2016-10-25,WFC,45.47,45.8,45.41,45.72,20402012,0.2405454222320235,0.2466660385452228,0.3328761420195047,0.3939025950526985,-0.2997184875156714,0.3146199859708002,-0.7199963016196169,-0.5292789775314727,0.0377243409625433,-0.717941859577255,-0.0014370014869429,1.1623571034635582,0.560421970175992,0.3890770337092362,-0.8804110571717101
2016-10-26,WFC,45.46,46.17,45.44,46.15,25181900,0.5525454294852404,0.5548293861700235,0.5588141794412314,0.5382393840586568,-0.2515857587795077,0.3745580561841736,-0.6427169317898147,-0.5099032396567369,0.1047963143658311,-0.399174118404053,-0.0015005740489022,1.4175033206093517,0.2401572181080957,1.12042193926252,-0.2730394522816977
2016-10-27,WFC,46.42,46.81,46.26,46.41,25661020,0.3177534639825435,0.3230675847058934,0.649247943049741,0.5986625509909153,-0.2025688130639454,0.4247844716383893,-0.5652387930175692,-0.6849291573019622,0.5077667063027815,-0.3130194704644184,-0.0015323965843348,1.0350037169238635,0.5522386177379441,-0.0425922477870637,-0.6036601932826852
2016-10-28,WFC,46.57,46.64,45.88,46.23,20882042,-0.2744622518373946,-0.2653880870199755,0.4864082654326226,0.2491925859192449,-0.1705368410827707,0.4212465739992358,-0.5433330801850225,-0.6775006276590416,0.4792884423549676,-0.5526923573179741,-0.0009794965839399,0.8514599510528058,0.3173854013517793,-0.5779078532930788,-0.2212383920008582
2016-10-31,WFC,46.4,46.56,46.0,46.01,20115933,-0.3292705022705455,-0.3201321650167882,0.2943163383923383,0.2319242559426086,-0.1537335067552951,0.3792180047224298,-0.6201859785133497,-0.7189811672676263,0.5629971080097436,-0.5599886613824256,-0.0010111176240626,0.6271286816548478,-0.274984807556199,-0.6613423312982044,-0.5769600395702403
2016-11-01,WFC,46.12,46.28,45.6,45.99,20020196,-0.0600588717839638,-0.05169955534432,0.2169982577418485,0.3291435940000393,-0.1412715055738037,0.3344206325176014,-0.75162094021071,-0.7230168318193695,0.5844743856261626,-0.4994080504701933,-0.0010299722061705,0.5281710808160934,-0.3298073559818437,-0.2392769166581698,-0.359060705658051
2016-11-02,WFC,45.38,45.51,45.07,45.24,19566574,-1.0482934582274763,-1.0428322086987978,-0.2236993090557365,0.1728483902330792,-0.1607550581985151,0.2163554291869906,-0.7616183274228518,-0.9011141901505754,-0.085866872371571,-0.4716928235226317,-0.0010495953481487,-0.6199532690658943,-0.0605254954506699,-0.2593983032227298,-0.7807585125849715
2016-11-03,WFC,45.33,45.79,45.25,45.34,14982746,0.1046211927983834,0.1119321316035229,-0.1705289045215639,0.2693389708919872,-0.1719740805252127,0.1431760252388799,-0.7652135578350807,-0.9067760490842448,-0.1154661501791268,-0.8033370273874064,-0.0013809618037898,-0.4885626944634224,-1.0490178856114587,-0.0096494903735674,-0.5987331625751972
2016-11-04,WFC,45.36,45.42,44.49,44.6,27391609,-1.049117519649584,-1.0436653427251104,-0.577336920606127,-0.1246592173194187,-0.2092721833694567,0.0175053977695641,-0.722724539690253,-0.7968503146306813,-0.4039909834298024,0.212828883409804,-0.0009767019230985,-1.4608529465217035,0.1041975297134998,-1.2921753851129107,0.1465011913332983
2016-11-07,WFC,45.22,45.69,45.21,45.4,25769393,1.0837400555774976,1.0759889419736113,-0.1075417625144433,0.0799506926847641,-0.2066605793635543,0.0196957941961404,-0.7269344139824981,-0.681939695253078,-0.2479071223215258,0.0621358664025005,-0.0014710735241813,-0.4097283497019466,-1.0498421620089382,0.2744203206377641,-0.7101870610070576
2016-11-08,WFC,45.18,45.82,44.87,45.54,19462621,0.1589890946091141,0.1658591074164722,-0.0291823786729832,-0.0156731223988219,-0.1984891563636269,0.0357589897178765,-0.7257109512585634,-0.6854059209158389,-0.1383946734389297,-0.4338999231904717,-0.00143064843845,-0.2257815452584876,1.0835718181637477,0.5756897054041272,0.1472315733813165
2016-11-09,WFC,46.33,48.61,46.0,47.99,67615042,3.316415284825276,3.2197484135577548,1.3062706084604605,1.121475418419879,-0.0961793935221695,0.2909200123320631,-0.3955539640040045,0.1044781029219501,0.6977721061999512,3.0703517964164564,-0.0019430562550035,0.9668989477553946,0.1585796146416598,2.680697551592641,2.9412796077297823
2016-11-10,WFC,48.93,51.93,48.79,51.63,100988797,4.689222262737534,4.50195712084597,3.1818262977300837,1.67100036978925,0.1250190442884823,0.8010662331713215,0.6145518368900557,0.996456892353357,2.0904774790286367,4.860693194966251,-0.002641799795689,1.3119195320703991,3.316829492087584,4.142696732065275,3.477246653135768
2016-11-11,WFC,51.09,51.99,50.73,51.73,46594895,0.0875889608192502,0.0950283653291572,3.014194727458796,1.63525583759305,0.2991118480580131,1.0879341187262488,1.1955493022924764,0.990119382290898,2.138485421540762,1.135284970981487,-0.0025444928470216,1.330194632279579,4.689994598269044,0.9201141107758654,0.4386293687087666
2016-11-14,WFC,51.91,54.06,51.91,53.22,59154429,1.7602472562500933,1.7334276096192185,3.57791327420216,1.7631346859930097,0.4883954800058425,1.3565293573968682,1.8181913726176209,1.0296813562319471,2.710426686240585,1.735228734423142,-0.0043554640138416,1.1535199447885645,0.0871608544849823,1.880307193322169,1.7755090044512736
2016-11-15,WFC,52.38,52.59,51.54,52.59,39437914,-0.7699852129897682,-0.7620991801823909,2.98311957227521,1.458133077916186,0.6049405569341951,1.3841777598794696,2.1726843378558884,1.095511174765194,2.3287463722030624,0.4150271547321322,-0.0183092108451258,0.9322677950308732,1.7602555012965708,0.2765829314611486,0.0726407736306739
2016-11-16,WFC,51.79,52.17,51.36,51.68,26996205,-1.1102885725003924,-1.1055411890596585,2.279767467651062,1.0868981448021409,0.6522745911302406,1.2281484493140635,2.342591081197477,1.1898166476500371,1.9157675908913216,-0.3608583160842015,0.0010259634876023,0.616175297740102,-0.770637037268015,-0.1867856832672574,-0.2850913921702742
2016-11-17,WFC,51.39,52.9,50.96,52.49,29205878,0.9427975013339136,0.9381359899951424,2.498313448315383,1.251986767618959,0.7117642994836385,1.1346134968875108,2.5098538465705795,1.166964230956042,2.303707433965159,-0.2286609440021129,-0.0025931495709341,0.8975323557681508,-1.1110291727355697,1.5908650735181826,1.4889059869535557
2016-11-18,WFC,52.45,52.98,51.99,52.82,29673414,0.3584147470898685,0.3632662636758259,2.446462065753452,1.3652336502843685,0.761424314791596,1.0344840742616883,2.64668878972787,1.1643155740605275,2.350310315241038,-0.2225216911069611,-0.0039151792608772,1.012159305335133,0.94259249581378,0.506651237693996,-0.0292744747411716
2016-11-21,WFC,52.85,52.98,52.0201,52.12,23587173,-0.8580741621165412,-0.8508180069270501,1.8709723999147796,1.1400363770647937,0.7627427302374717,0.8299500902980745,2.6912237560720103,1.229347155098122,1.961943674651079,-0.6055270477976761,0.0560992154851043,0.7690112304960778,0.3580572918898481,-1.0698889854268478,-0.0564257652752405
2016-11-22,WFC,52.43,52.58,51.81,52.22,22816942,0.0864552952034424,0.0939030865701116,1.7366223120174489,1.4003389631328251,0.7572973548215034,0.6489130218848539,2.7104333170870576,1.2321697805882144,1.920505812080941,-0.6575605259676519,-0.0038034321519278,0.8037466697588006,-0.8587489664228577,-0.3289271723251061,-0.3624372350620977
2016-11-23,WFC,52.44,52.63,51.95,52.16,20022318,-0.104529598201356,-0.0959614318341196,1.5324396929589614,1.3687225136485397,0.740389627292678,0.4745794701357646,2.71247698810783,1.240112130141687,1.7451159561425182,-0.8178864341616133,0.0278225445659331,0.7829054062011666,0.0860268931264289,-0.4297204380577191,-0.5048249673738697
2016-11-25,WFC,52.4,52.62,52.04,52.62,9635745,0.5160587355017118,0.5188704620582125,1.6015067226485786,1.6834491718865656,0.7349258144346709,0.364569068096592,2.7209182130638307,1.2408238828746874,1.7976916025149736,-1.4393629806008028,-0.0024619013970791,0.942688426809688,-0.105007823079695,0.290885600582489,-0.6727055339941594
2016-11-28,WFC,52.12,52.48,51.39,51.58,26518494,-1.2634855717199165,-1.2607751660930482,0.901057702623855,1.226934560194971,0.6801295973092151,0.1495799871191995,2.635055493295027,1.32451614267827,1.5321345563031676,-0.3940265725762271,0.0047415176000281,0.5814398584773796,0.5157424053612434,-0.8090863894319912,0.169853621257238
2016-11-29,WFC,51.56,52.13,51.56,51.86,16267266,0.3049692632608605,0.3104234354261592,0.8885085157391974,1.2434166843239125,0.6386645103737332,0.0119028219560013,2.5121296807122317,1.3077391586236755,1.699863078156979,-1.0259096299643968,-0.0024057671126546,0.6786990884130015,-1.264266136915252,0.4132787856105073,-0.6753136835283087
2016-11-30,WFC,52.48,53.16,52.3,52.92,26567203,1.2395361541811072,1.2280135399829433,1.2539391005548777,1.0621538803036843,0.638464141687678,0.0079757642432188,2.393311625095957,1.3271728090674468,2.045564758530212,-0.3978348205261506,-0.0045124560153414,1.0468947445978554,0.3045978655773531,0.6071206722895945,-0.2369561947429613
2016-12-01,WFC,53.13,54.47,53.06,54.34,35623052,1.6375711007121214,1.6147262894300274,1.7407419804310762,0.6613567270468298,0.6846025318547458,0.1241092856570268,2.2240239986072847,1.2879308243532417,2.7867140453556125,0.110325731239309,0.0233651867799912,1.399577790282314,1.2394085597623588,1.6943245190525893,0.571182751817342
2016-12-02,WFC,54.24,54.27,53.31,53.58,21894686,-0.903737826248606,-0.8968582658974219,1.1244497175171826,0.3533824723827377,0.6817028731999144,0.0907930092916477,1.932336249753246,1.3580064488564398,2.5016268886445485,-0.7335489111462686,-0.0027755806267114,1.1464337052666516,1.6375473428623708,-0.9456413702851008,-0.0980946190739039
2016-12-05,WFC,53.9,54.53,53.87,54.35,24793902,0.8617163286150761,0.8586929066531445,1.2562734852703443,0.167862083239908,0.6999440493201629,0.1185561329790634,1.4598306313332166,1.26529797404247,3.0431476647225435,-0.5542613240658435,0.0026348057913304,1.3809374813088648,-0.9044245429717912,0.6044497445482179,-0.579272986465739
2016-12-06,WFC,54.45,55.57,54.22,55.55,30706669,1.3416064408175492,1.3274109165770491,1.5913952437012064,0.691955182933755,0.7512707481982835,0.2259281979532138,1.0453912161284182,1.277126830719386,3.115969693704656,-0.2123853707219317,0.0007605841419013,1.4366653287584137,0.8614901712064992,1.4999821392559007,0.4340615170755639
2016-12-07,WFC,55.55,57.29,55.23,57.28,46616968,1.905913135571892,1.8740788692531225,2.141181770452651,1.3501774900637762,0.8485550139458442,0.4301198359126416,0.6442240114552801,1.3262540045532447,3.61864714658307,0.6296043608338752,0.000523592235926,1.4399343929923174,1.3415054737802738,2.326601330830614,1.4059206857128574
2016-12-08,WFC,57.29,58.02,56.71,57.29,39828604,-0.0221269722593472,-0.013970785638122,1.8969582818362367,1.2366903912765606,0.9138169985216192,0.5110483457952572,0.5215953616004031,1.0589998593341443,2.678634959446668,0.3340130246489654,-0.0003205284652363,1.1799694865013333,1.905959380912717,-0.0263165508545973,0.3143581659882105
2016-12-09,WFC,56.91,57.24,56.49,57.14,20331186,-0.1960036469055429,-0.1871054878647615,1.6777416817603152,1.117834793437374,0.9470214336193,0.4932755732031148,0.7019973531300988,0.2066153031915683,1.399884813720324,-0.6659953527700686,-0.0015960440694771,1.041605809401473,-0.0225837005177819,0.2790236457173305,-0.4974204264993609
2016-12-12,WFC,56.5,57.1,55.55,55.78,27884341,-1.5148114262870285,-1.5162887709745516,0.9070128359668932,0.8479179643278311,0.9076535256064856,0.2922573932679513,0.716198351115017,0.3767263640106866,0.982349563901646,-0.0927377450894037,-0.0017980080808291,0.3881809272819526,-0.1965057348930199,-0.9891003617490814,0.724530021387673
2016-12-13,WFC,55.85,56.21,55.29,55.84,24355561,0.033972086204567,0.0417857465559407,0.8698834129150427,0.8405453791900034,0.8671237106344409,0.1284521208085435,0.7739852938814638,0.2390844811012751,0.5555361983151651,-0.2304154803577813,-0.0006363603897815,0.4164317618777821,-1.5156575556110072,-0.0398441757714201,-0.2182295139782658
2016-12-14,WFC,54.74,55.62,54.03,54.7,54590640,-1.3040233129009002,-1.3019171173735966,0.2616601169592863,0.4651938838940102,0.7794568879674583,-0.123921943520302,0.755598260535487,0.3071578031036355,0.4217723274063235,1.9108409846416403,-0.0023580901363645,-0.1203340954429604,0.0335299926755843,-0.0815242857179283,0.8311983320843044
2016-12-15,WFC,55.17,56.25,54.9,55.19,31345878,0.5247084976119768,0.5273969965288373,0.4130179755321079,0.4711892377679356,0.7192770406592547,-0.2550701935875862,0.6869699440894483,0.2286722520238512,0.8300034839050677,0.2091994410252777,-0.0001719040896168,0.1103810537563037,-1.304814453298227,0.001072169522584,0.4472729457600606
2016-12-16,WFC,55.49,55.65,54.92,55.34,33171784,0.1362140606770082,0.1432744963134147,0.4152469853515301,0.8581256405985774,0.6680899578085301,-0.3368415727348429,0.6591949450014168,0.193599816855827,0.6299447711343441,0.3237597518113142,-0.0004250222349838,0.0991673614921501,0.5243944239608644,-0.2305473631463689,-0.4919594748283598
2016-12-19,WFC,55.18,55.47,54.65,55.22,16801429,-0.1679972085708474,-0.1591858294331112,0.2981792096026384,0.7610983073498804,0.6140268907245569,-0.4096614099600679,0.6337494193770188,0.1954591344552727,0.4998407110977518,-0.8169484078266049,-0.0015626116350703,0.0390011798189805,0.1357986393182191,0.0284509628536073,-0.3537377970345424
2016-12-20,WFC,55.47,56.32,55.15,56.1,19245332,0.959163917085006,0.9541593971425476,0.6242812563614138,0.7260067587774617,0.5972337962712915,-0.3719850117770457,0.5824648611603748,0.1728148470631371,0.9540208838058388,-0.627313172472771,-0.0008285320228751,0.4802198454222084,-0.1684919904348499,0.8317621340398741,0.1468009714072048
2016-12-21,WFC,56.09,56.09,55.635,55.71,14058380,-0.4658059294054542,-0.456718578107963,0.3511945627152253,0.2492910210249737,0.5604201378265471,-0.3933764802983883,0.4988199184004486,0.1970757925068731,0.8140637974914231,-0.992416643195079,-0.0015059693740111,0.2846797549844146,0.9589631811207824,-0.5381667623179387,-0.9106545220898818
2016-12-22,WFC,55.76,56.0263,55.5,55.75,14515521,0.0117054737306244,0.0196610972557787,0.2829738194942237,0.5640955326574459,0.5250704485142047,-0.4067214237703251,0.3866872549546173,0.1940597684676575,0.8433495988078804,-0.9470309600581448,-0.0009424008143894,0.30473514887547,-0.4663784015226836,-0.0398660101731868,-0.8045562893127091
2016-12-23,WFC,55.78,55.98,55.6201,55.96,8312986,0.2015185376604379,0.2080109182585803,0.3022434517546756,0.4092077255797696,0.4978848016885323,-0.3963832737280364,0.297284098421949,0.1873450593119779,0.7647365696952868,-1.4143090143113035,-0.0010875165502609,0.4100259668035131,0.0112575714437358,0.2174862696704042,-1.0553271997552758
2016-12-27,WFC,55.9,56.1,55.84,55.95,8893940,-0.0441214965003391,-0.0358447260365098,0.1921144281488149,-0.0141302307236957,0.4688457230609085,-0.3928834552463125,0.0476211688205946,0.0637443641209726,1.076808071519154,-1.3472591808004952,-0.00139995365303,0.3776998384922726,0.2011201524762089,0.0412610745125551,-1.2040384035982
2016-12-28,WFC,55.98,56.08,55.27,55.32,10609110,-0.7340248835182728,-0.7259182257793699,-0.1888246756602357,-1.2129205873150648,0.4145630325235404,-0.4550602229575489,-0.2447892704560247,0.116142962329348,0.8123815410981211,-1.203629854471502,-0.0014415436353964,-0.1262279175789207,-0.0445839625362071,-0.9170664294882162,-0.3710401687047277
2016-12-29,WFC,55.19,55.46,54.48,54.84,15933472,-0.5731959345794929,-0.5643607807700151,-0.4607880083941553,-1.37044817194233,0.3469572595227735,-0.5390950220355879,-0.4215035443996066,0.0714745601728161,0.3653683842858753,-0.754885883669964,-0.0015643782187543,-0.6883505399577445,-0.7346673267176347,-0.5054454656247386,-0.1020087640176252
2016-12-30,WFC,54.89,55.36,54.79,55.11,15095516,0.2735260234073789,0.2793136677662156,-0.3512752182128039,-1.1490570767392785,0.2988639601871288,-0.5560980899837215,-0.4626553063868558,-0.0861633520085222,0.0406320515591575,-0.7703431982974692,-0.000898003183555,-0.6109149365454724,-0.5737964218491082,0.2764962153196297,-0.7293335201106977
2017-01-03,WFC,55.67,56.35,55.46,56.0,22063790,0.9724413253702634,0.9671554905860305,0.0114360148066013,-0.0764548399291691,0.2907287058786866,-0.4668492243045803,-0.6060770675088888,-0.0933696294351161,0.4958573137134804,-0.1829596578937948,-0.0007945470141073,-0.1751565985622556,0.2731464230316883,0.4215384716522283,-0.2667995295794241
2017-01-04,WFC,56.16,56.3071,55.611,56.05,15036148,0.022591490429166,0.0304786967284094,-0.0052244879598995,-0.0813833135899617,0.2813103296807744,-0.3987528654163137,-0.679612884846544,-0.1334677467255407,0.2918999441450626,-0.7494331230057388,-0.0009797556431074,-0.1983838114065449,0.9722440531233176,-0.17429903603358,-0.556291390306981
2017-01-05,WFC,55.49,55.82,54.475,55.18,18831628,-0.999356303957375,-0.9933763644350474,-0.405775881507473,0.0690883158801042,0.2351994278393765,-0.4387217076643208,-0.6668610295599935,-0.1860356781575328,-0.2652991517252198,-0.3805066331986766,-0.00154353486249,-0.9232053496458832,0.0221464280100676,-0.4483935629242656,0.4400906636475846
2017-01-06,WFC,55.26,55.566,54.7,55.04,18715908,-0.1909540939723432,-0.1820706509120516,-0.4195499522536214,-0.2751435913975654,0.1892685083954549,-0.4702335098699501,-0.7435175718337889,-0.4986178586176245,-0.7418112884189232,-0.2833464032450178,-0.0015780337128342,-1.0398432983280763,-1.000067964959309,-0.3271017976027575,-0.2800378512562071
2017-01-09,WFC,54.68,54.81,54.18,54.24,21794061,-0.937909378786846,-0.9313340453035404,-0.7264412391612243,-0.7497265264228427,0.1183233221031491,-0.5598292438912152,-0.7863491756973248,-0.4513628321671222,-0.9493581860706714,0.0961073572749454,-0.0016868468011937,-1.663832965043089,-0.1914548646678183,-0.6342680042307248,-0.6233161312334378
2017-01-10,WFC,54.35,55.18,54.26,54.62,17978219,0.4031775234943803,0.4074896139093371,-0.4880941501139785,-0.4816809033566775,0.0744989729421939,-0.5616972632069069,-0.8897631515614488,-0.4227528251286336,-0.8151861689326471,-0.2684844515848711,-0.0008065302134535,-1.2424535646987744,-0.9386050099453184,0.3490097047723872,-0.1875598847693899
2017-01-11,WFC,54.6,54.8,53.72,54.8,21100589,0.1721750801585541,0.1789310800506431,-0.3798311803046273,-0.9062818196239738,0.0446411390231998,-0.5272421088548391,-0.8805629446747623,-0.5819382377562065,-0.4255052488877315,0.0750487122135119,-0.0008003070367981,-0.5162396443987013,0.402831745693948,0.2504299149346643,0.0511601869534534
2017-01-12,WFC,54.65,54.78,53.9,54.5,20566603,-0.3738247154891677,-0.3646699055771404,-0.4907656446025231,-0.8680683635689389,0.0073905678062177,-0.5187067639150773,-0.8595234569290904,-0.5763616566018934,-0.5199120563492655,0.0410491691080258,-0.001614628069859,-0.8954238501906168,0.1717690400586549,-0.2336865009748243,-0.2456366312222223
2017-01-13,WFC,55.11,56.2,54.65,55.31,37231593,0.8923068995877239,0.8886774289809682,-0.1206883490745019,-0.4043434256092144,0.0079593918425625,-0.4145320156275431,-0.878462753907017,-0.6403797283656303,-0.0036964157789099,1.902594084505756,-0.0004652355829701,0.1283735054475677,-0.3743731921915508,0.2478688425784316,0.7442091271855684
2017-01-17,WFC,54.8,54.96,53.58,53.78,26974416,-1.7551945129997175,-1.7616678149731009,-0.8141059934708157,-1.0640827298718212,-0.0528903780475214,-0.4892826204666796,-0.7687155882080442,-0.4138461383862344,-0.5426904815276933,0.8484210733506405,-0.0016827241522274,-1.641289677853035,0.8920887224330448,-1.4325724060312246,0.5472106051274438
2017-01-18,WFC,53.78,54.29,53.34,54.27,21186749,0.5342489992373174,0.5368002191280187,-0.5563086382538686,-0.8219793675194097,-0.0825742749918825,-0.4688626838842099,-0.729475656280686,-0.3858725662895658,-0.4514416765763394,0.3023842781804077,-0.000831984282356,-0.8542300843122256,-1.7561033517797051,0.6620504020764267,-0.1324365537084458
2017-01-19,WFC,54.24,54.765,53.86,54.58,20906892,0.3226330637210808,0.3278930474425609,-0.3938237668414991,-0.4797036223944525,-0.0945054711789901,-0.4068315884749766,-0.714264552780458,-0.3737524861070294,-0.3376941118233003,0.2456279482780306,-0.0008896587227747,-0.5118725173331035,0.533937414445447,0.4472750227914117,-0.2094353396189944
2017-01-20,WFC,54.75,55.11,54.62,55.07,24160823,0.5259346710249453,0.5286056064141926,-0.1361703531318816,-0.0987550655972815,-0.0853886041893209,-0.303029359864876,-0.7541191587073219,-0.4311439955606157,-0.4371230460389093,0.5672363468366594,-0.0008807552076698,0.029273314343584,0.3222662740461195,0.4152646592157302,-0.84977639483805
2017-01-23,WFC,54.71,55.0,54.15,54.25,17227385,-0.9600269264516336,-0.9536587417336316,-0.4924500999353808,-0.5033723753204881,-0.1108533299579978,-0.3090000014279641,-0.7418555321424845,-0.381957123122817,-0.5523694698488814,-0.197822747941131,-0.0014710165161715,-0.8763176692786244,0.5256209172493647,-0.6615536404875033,-0.2855224184277998
2017-01-24,WFC,54.36,55.07,54.13,54.7,18523327,0.4834300744480245,0.4866960678504489,-0.2529252896314282,-0.6916594556029183,-0.1137096406075972,-0.255582843357097,-0.7617267883437004,-0.3560167314056869,-0.4440846088026905,-0.0798015430424088,-0.0009752217777101,-0.3793470075347264,-0.9607283274810284,0.4462295667789581,-0.1591409439907225
2017-01-25,WFC,55.38,56.83,55.28,56.62,32252075,2.152295218324353,2.1112542834327006,0.647419045835868,-0.0120204740355139,-0.0416267690052054,-0.019956951832968,-0.6887630764411544,-0.0206872498802419,0.0057382518972921,1.1740187852640214,-0.0008179136332458,1.2428563674184083,0.4831052323709928,1.6653449442516226,0.6901725983654784
2017-01-26,WFC,56.61,57.3262,56.59,57.18,23769752,0.5827669558745456,0.5845979621263344,0.8841247556948744,0.4529278417955227,0.0354339786074255,0.1813567285444709,-0.5487760174576044,-0.0010950878780065,0.1553908949262472,0.2436013856440669,-0.0009711941336899,1.3209592948716042,2.1524057380972565,0.7344062462036601,-0.518299405060272
2017-01-27,WFC,57.03,57.11,56.41,56.59,17185970,-0.6753927223829507,-0.6669716438115185,0.5718983303881015,0.2852489665012988,0.0707733830713444,0.2350176537985071,-0.4775915187298901,-0.0066749546204698,0.1696871480509097,-0.4155907076011629,-0.0014215248127793,0.8289450690196497,0.582468028107381,-0.6092165240372495,-0.5604244209352114
2017-01-30,WFC,56.12,56.321,55.75,56.08,15961389,-0.5940774907328363,-0.5853131249179416,0.2991515144094403,0.3914575560345547,0.0761349679323622,0.2007840024004991,-0.4556116848272761,-0.0050056246681408,0.1646040386668177,-0.5317377370626432,-0.0014202207039123,0.4036446365035466,-0.6760198700347777,-0.0801667184671907,-0.7427570188015896
2017-01-31,WFC,55.98,56.38,55.8,56.33,22409081,0.2445451369526659,0.2506262895463679,0.388453757268679,0.3580618128566202,0.0875179777208437,0.188896125388871,-0.4197088944145783,-0.0058084720948203,0.1576471731754506,0.0434471592751398,-0.0009764602846387,0.6121252406781048,-0.5946834254365656,0.4460508090268715,-0.7332074712755747
2017-02-01,WFC,56.54,57.07,55.77,55.91,21157698,-0.4971958610776752,-0.4881628758551731,0.1911387722210734,0.1570948260438667,0.077421127900051,0.1240970349128156,-0.4234450846743509,-0.0500616052586275,-0.1910803328673478,-0.0690092174824587,-0.001472084056348,0.2618778256648457,0.2441579762463002,-0.8681563925789753,0.3464889593391266
2017-02-02,WFC,55.565,55.96,55.4,55.75,13044449,-0.2111624891216769,-0.2022226123099469,0.122331682903206,0.2066060277813824,0.0607262467172083,0.0552745433886259,-0.4351658131221119,-0.0483507199297832,-0.2460847080625957,-0.8208097471282749,-0.0013968676542477,0.1284502389931309,-0.4977765219804229,0.2252281311338329,-0.7541780480398805
2017-02-03,WFC,56.88,57.285,56.43,57.27,19879774,1.664442826864707,1.6407468147546875,0.793128581250004,0.3873521511290015,0.1044162067480474,0.1556460919514825,-0.3232618372463571,0.0564436933267997,0.3887914173282968,-0.1842589839077469,-0.0009939526557472,1.396012312374448,-0.2116685316417381,0.4917072925452507,-0.3471046808714346
2017-02-06,WFC,57.08,57.41,56.49,56.55,13940158,-0.8157057863549436,-0.8081308095877869,0.4151587921786054,0.69717075209645,0.1077663576787719,0.1321093566123657,-0.2907624964182742,0.1004357084354524,0.2354425592386928,-0.7253958360178525,-0.001402793560007,0.7404718425613019,1.6644260791226644,-0.7278310241385709,-0.2354690721039163
2017-02-07,WFC,56.86,57.19,56.2697,56.34,14937421,-0.2641929992798333,-0.2551362401981775,0.2652540155365173,0.4939948516966143,0.09931570469563,0.0829049022130794,-0.313832658759283,0.0446910204960795,0.4011394586299553,-0.6079991124711952,-0.0014247461683028,0.56895387625592,-0.8163695378961413,-0.7172579557691968,-0.2299715255833326
2017-02-08,WFC,56.21,56.21,55.165,55.63,18592180,-0.8175755003465298,-0.810013972574789,-0.0942391868645992,0.1425981278078569,0.0622621447068581,-0.0300820515508023,-0.3386408291916905,0.0849446380448409,0.1040978399891418,-0.259202016014347,-0.0014851904237303,-0.0109402003003889,-0.2647128760279567,-0.8058937683082978,-0.0257801664082794
2017-02-09,WFC,55.98,56.77,55.67,56.73,15907818,1.198063479659714,1.1875812754777753,0.3787937139626635,0.3030649111280371,0.0736430738116305,0.0041979265837807,-0.3255361571275675,0.1619423763749665,0.349768316170289,-0.4978530691125356,-0.0010153743694824,0.8874872422516336,-0.818239739645618,0.9858992203199748,0.0246631465759967
2017-02-10,WFC,57.02,57.04,56.66,56.86,12268103,0.1096717671865403,0.1169437250157353,0.3833839426009152,0.6423737910223476,0.0851016357049935,0.0318217345528608,-0.3346242406116728,0.1491094037815702,0.468491066127194,-0.8273793725741919,-0.0010806624268302,0.9936650309168752,1.1979250661401126,-0.2383173510242832,-1.0343501642313344
2017-02-13,WFC,57.07,57.511,56.89,57.08,15325274,0.207889786172483,0.214323123721911,0.4443503467605512,0.5884425208981047,0.099992081103532,0.0627543899918927,-0.3017683798031685,0.1115691886735901,0.3025138773972802,-0.437789707231049,-0.0010514485144543,1.099382649906209,0.1092494216601287,-0.0130781094387125,-0.6846197364668913
2017-02-14,WFC,57.13,58.0,56.99,57.98,16382857,0.9486478558396834,0.9438642085442508,0.7651069567362242,0.3118982091468948,0.1438584830803526,0.1620841277656721,-0.3296247079602538,-0.0731219878537979,0.9794830349845988,-0.2784297727124863,-0.0010514317775155,1.4286118786416286,0.2074930630749414,1.0977691726951857,-0.1395428058503351
2017-02-15,WFC,58.1,59.005,57.89,58.55,25350371,0.5790612417739248,0.5809485578536051,0.9276916278897795,0.3149512919257689,0.1970875893326349,0.2656473576143823,-0.2853046265022568,-0.0710564444501731,0.9907768173499092,0.6581157266266113,-0.0009658160113055,1.1489035141877644,0.9484443765190568,0.5588521810251135,-0.0042178702178019
2017-02-16,WFC,58.36,58.36,57.51,58.12,14694501,-0.490228427755177,-0.4811819962059505,0.6423431014767321,0.385276925177776,0.2181384148486086,0.2656716008148144,-0.296623740824439,-0.0419967480467554,0.7850768299669594,-0.4517062063827609,-0.0013886506869435,0.8394119500110147,0.5787613472860205,-0.3370161471279518,-0.3724710027774017
2017-02-17,WFC,57.58,58.1,57.45,58.09,15783230,-0.0651319880784881,-0.056747247931172,0.5564262920332916,0.6145747497430146,0.2293012945273403,0.2402395930072824,-0.2958810606012635,-0.0478966527269639,0.6379230783493817,-0.2944107547974018,-0.0014081643420182,0.8189554482421417,-0.4908072710427197,0.64286390124405,-0.6587785639575864
2017-02-21,WFC,58.25,58.63,57.9,58.25,16916750,0.1384841772921179,0.1455260020805107,0.535573174657709,0.588083561710678,0.23998235111771,0.2186537824262118,-0.4039316125574507,-0.1325974280473288,0.9154022774458714,-0.1671431080306485,-0.0010541278604232,0.9280567910094828,-0.0655999351842408,-0.0263165508545973,-0.5468805129187091
2017-02-22,WFC,58.0,58.59,58.0,58.36,12344234,0.0845727831258726,0.092034456137254,0.499864554117541,0.846690429483056,0.2482188328786894,0.1950928404329203,-0.4916687678211066,-0.1380650403110915,0.8152062538908966,-0.6508754870397967,-0.001113855946238,0.88452013457559,0.1380693481454513,0.4426255639345263,-0.7487758015292012
2017-02-23,WFC,58.43,58.59,58.06,58.49,13841369,0.1056870425345845,0.1129897887460478,0.5156244218481743,0.9742882686988928,0.2552243290859836,0.1730755512140436,-0.438286804096925,-0.4482870866719627,0.3175786419384326,-0.3972107170736124,-0.0011046388056201,0.9970575303744266,0.0841438899522935,0.0512652925414042,-0.8361408690135244
2017-02-24,WFC,57.7,57.91,57.32,57.81,16379051,-0.7568029416503178,-0.7488335778233445,0.1884621506499807,0.0718383444379205,0.2296707652324948,0.0716552597341792,-0.4253799672689159,-0.4205564060649597,-0.0056629203922251,-0.0518987731781049,-0.0013983495116767,0.4084003831189854,0.1052636575011148,0.1177163151358993,-0.7407598622011533
2017-02-27,WFC,57.81,58.25,57.71,58.06,10101035,0.2362395455081457,0.2424023631822661,0.2690331400768905,0.6012533471169278,0.2150828089648821,0.0187443117076168,-0.414257240811973,-0.4579230593813511,0.2140255735590927,-0.7887823742055624,-0.0011410217673297,0.6248184519628978,-0.7574513270299468,0.3004080000901788,-0.8161936197393361
2017-02-28,WFC,57.99,58.32,57.73,57.88,15558884,-0.2260109715695093,-0.2170338102878522,0.1447574549163358,0.6212711333845198,0.1925223178876865,-0.0441056140693799,-0.4444011859194969,-0.4872739673688915,0.3039172930298705,-0.1080365805150145,-0.0013938038112241,0.4689974423952812,0.2358502180972567,-0.1696291283274662,-0.7417885332868683
2017-03-01,WFC,59.11,59.99,59.09,59.73,25912728,1.9569377747155692,1.9232714961727708,0.9111675429844568,1.603334542031998,0.2429541190718034,0.0934953490554132,-0.3282235857097226,-0.2218104383820135,0.718982634209683,1.1460129501479486,-0.0009765767947554,1.2637518714187794,-0.2265208876576721,0.7661400013276263,-0.3355600736946482
2017-03-02,WFC,59.78,59.79,58.565,58.71,17578616,-1.0961669496070312,-1.0912513705707954,0.3802204671016956,0.6869680864079551,0.2383354196637913,0.0618770787042951,-0.365080157938308,-0.1428633766929577,0.5680325951154843,0.1438126958071277,-0.0014074492674483,0.5610233391511464,1.956997331006876,-1.3786151477382205,0.1476056272167683
2017-03-03,WFC,58.85,59.24,58.67,58.89,14753743,0.1578819462132255,0.1647614064037997,0.3893103120567719,0.7023961745496632,0.2373271808877358,0.0458757259373662,-0.4316443487078501,-0.1510188245863145,0.6597116688985926,-0.2174196776789266,-0.0010957166036788,0.685034256610141,-1.0969038658921366,0.0250355546070634,-0.7846624999877309
2017-03-06,WFC,58.54,58.88,58.18,58.61,13225468,-0.3290098059928116,-0.3198716593768266,0.231255713933075,0.4768883977640222,0.2212618591654355,-0.0056820285779212,-0.4225706166085901,-0.3174487652147474,0.1761580486209192,-0.3725757614407016,-0.0013678468337447,0.4921283850072596,0.1574721774206523,0.0640255222788656,-0.5959544830717106
2017-03-07,WFC,58.43,58.52,58.015,58.3,13099877,-0.3622912422422696,-0.3531376229646542,0.050616687737985,-0.0364264301627162,0.1924155441753175,-0.0798262888416328,-0.4693381809054326,-0.3627391450722209,0.2870139726053572,-0.3840878804827314,-0.0013725113188453,0.2785540271612119,-0.3295465916954907,-0.1944105448792645,-0.8694176563486831
2017-03-08,WFC,58.95,59.13,58.165,58.21,14711295,-0.1291062210083363,-0.1204362162378222,-0.032668648569152,-0.3647419877236936,0.1624439327320142,-0.142038190751555,-0.5492776730462205,-0.3684071173492462,0.3199892838564674,-0.1785511021046494,-0.0013956306340257,0.2165485684317172,-0.362836710172933,-0.9747189430301356,-0.2097068379674127
2017-03-09,WFC,58.45,58.87,58.2,58.7,15721476,0.4910795174070481,0.4942405132659418,0.1189227243793902,0.1076957102122776,0.1544983729094356,-0.1351130345777518,-0.7514222512991005,-0.4250359033876409,0.6430157164979019,-0.0323198235987356,-0.0010697563842617,0.4502412097621419,-0.1295908572638975,0.2968305199771821,-0.6400738871539877
2017-03-10,WFC,58.98,59.18,58.52,58.85,15120176,0.1260960459565954,0.1332384352169032,0.1383039574911477,0.1918370613539986,0.1506718135047141,-0.1189706734701524,-0.829723066267819,-0.5255298994968767,0.3813593798990081,-0.1044321510349986,-0.0010861291566673,0.3048706582936552,0.4907566708631186,-0.1928430356097815,-0.6566600569463173
2017-03-13,WFC,58.83,59.03,58.5151,58.7,14063472,-0.1916826297090782,-0.1827970381942431,0.0290819029656139,0.0368833228164134,0.1384438587033306,-0.1276818317082916,-0.925982038857565,-0.5192769306652251,0.3077824789495714,-0.2502215335724063,-0.0013805676684479,0.0595903059668174,0.1256779850809929,-0.1932676314403659,-0.8602811655720649
2017-03-14,WFC,58.49,58.8054,58.245,58.76,10885031,0.0306407925516151,0.0384761947938781,0.0180916387433501,0.0135110359417651,0.1279434619670584,-0.1302040535784538,-1.0195847985924158,-0.5209715019664767,0.2647830921724119,-0.6359448755549117,-0.0011304296612909,0.079964321841459,-0.1921835904598536,0.3224436131619286,-0.7964937842888734
2017-03-15,WFC,58.9,59.31,58.36,58.71,17777338,-0.0859725895957578,-0.0774877263050197,-0.020808992845605,-0.0760627268723437,0.1146364431169416,-0.1394460280806998,-1.031370681964186,-0.5951980758458638,0.0174347637812401,0.2455474083866857,-0.0014189518958412,-0.1507363668806696,0.0301978299780768,-0.2700319868561107,-0.2427663068098961
2017-03-16,WFC,58.86,59.41,58.76,59.32,18468200,0.6138682539016744,0.615218187991371,0.2354018186017968,0.5956784290615119,0.1249608587253848,-0.086012702192215,-0.9917820681754788,-0.5914032761872489,0.0256681080005742,0.387869421626331,-0.0010472009360325,0.6087208383028204,-0.0864459734516659,0.5641323307936577,-0.6781148882958413
2017-03-17,WFC,59.37,59.41,58.52,58.67,20985674,-0.7151896434238505,-0.7069758608541132,-0.0684317101265096,0.107105808212005,0.1046592858417972,-0.122096808645306,-1.0014738747889886,-0.5662956002065824,-0.0284954935000803,0.6638909041041623,-0.0014502468944999,-0.2005368393517169,0.6135774396233044,-0.9171073477609256,-0.3270770148570341
2017-03-20,WFC,58.47,58.47,57.62,57.63,17663194,-1.136598548565956,-1.1321733293742515,-0.5244266787659626,-0.2952830910712718,0.0454205675976432,-0.2511876356779003,-0.9652686709253272,-0.4589165877617049,-0.2837760163067199,0.2215389949513711,-0.0014315077216709,-1.4953491235989786,-0.7158271730176994,-1.1117193135499035,-0.3621076864801581
2017-03-21,WFC,57.93,57.96,55.63,55.85,31766385,-1.9559408070195887,-1.967334070724518,-1.271118336743301,-1.8554732337073223,-0.0724406546498609,-0.5053536134447477,-0.6689980940028921,-0.1999516616132069,-0.7725880028290445,1.8472538662479148,-0.0016070392725561,-1.7135688544612262,-1.1373460123634132,-2.7390338499013365,1.885564225636042
2017-03-22,WFC,55.53,55.57,54.85,55.33,27740860,-0.612659060048318,-0.6039636489818806,-1.4401144097399496,-1.754850053220407,-0.1858650533576345,-0.6972660882451692,-0.391642587721991,-0.1912905772063844,-0.9299897160009388,1.2026089597497718,-0.0016089491402316,-1.5708733809748243,-1.9569020150867256,-0.2984281487673333,-0.5068232909600527
2017-03-23,WFC,55.23,55.99,54.98,55.25,18999983,-0.123013086245018,-0.1143674276522975,-1.40675290612566,-1.902238578010608,-0.2774015838731147,-0.7944570721497729,-0.181436550308157,-0.1974858543125063,-0.9810249141413748,0.1468337677762195,-0.0015316850801706,-1.622611615020621,-0.6132698421817043,0.0010424153451063,-0.0678077401658455
2017-03-24,WFC,55.5,56.05,55.22,55.83,21127464,0.6205724953949175,0.621816745393614,-1.1016955093744647,-1.4376218467334618,-0.3250676403834437,-0.7592880143975275,-0.0738597276128028,-0.1774793608187869,-0.6704931760805278,0.3596081294249433,-0.000884027391232,-1.2475094181885895,-0.1234961329662588,0.4229102798292762,-0.3523320820110953
2017-03-27,WFC,54.63,55.58,54.24,55.39,16854761,-0.5236558406403531,-0.5146810925611838,-1.2429744611494205,-1.4706130532446375,-0.3775043159465145,-0.743432259513117,0.0582641720174987,-0.1787394941954628,-0.8428659819892933,-0.1623069931259899,-0.0014961034075149,-1.21646647776111,0.6202834300721114,1.024742514163837,0.4248658694040667
2017-03-28,WFC,55.35,56.25,55.24,55.96,14878890,0.607680638193826,0.6091274883207559,-0.942272185277126,-1.1135965599145257,-0.3937848824217597,-0.6376824532270325,0.1256191464405943,-0.1388481684032286,-0.6546603476951393,-0.3797967596167839,-0.0009965435990931,-0.8869389166581148,-0.5242434042372424,0.8063228158642227,-0.0871375555949444
2017-03-29,WFC,55.94,56.09,55.55,55.67,10329113,-0.3556341930622019,-0.3464822385686391,-0.9848359494253978,-1.4698547981212042,-0.4150126141210717,-0.5658165263213668,0.126579690866905,-0.4887474464348903,-1.1657590699951788,-0.8366797464980915,-0.0013996768739375,-1.0248019566833435,0.6073882097336083,-0.3909747917077725,-0.7829160669666768
2017-03-30,WFC,55.68,56.43,55.61,56.24,12106538,0.6044582658074595,0.6059553503761004,-0.6698427083807998,-1.2296038682806738,-0.4064142838577673,-0.4315520147492409,0.1328251885643498,-0.5004596050079535,-0.7853576737854466,-0.6061255672039806,-0.0010477002664558,-0.5953524806296863,-0.3561779243485014,0.7335433573685242,-0.376183348635721
2017-03-31,WFC,56.02,56.175,55.62,55.66,11864615,-0.6750597299147153,-0.666637025851283,-0.8631401971250684,-1.334398289652121,-0.419289146297876,-0.379412033857375,0.1479010889704333,-0.4897715237144746,-0.9730051369134104,-0.6227942948066514,-0.0014212734727129,-0.968278068969467,0.6041649967173034,-0.511833199511679,-0.7603110190959513
2017-04-03,WFC,55.7,55.82,54.79,55.49,14550739,-0.2231481518328375,-0.2141779033655552,-0.871601631487867,-1.403966921966737,-0.4328890884818888,-0.3395663919227224,0.1700728619158645,-0.4911128363050048,-0.949289515780475,-0.307805406952445,-0.0014767591767102,-1.0775838448621569,-0.6756867906977995,-0.3111617013698357,-0.0443589511242535
2017-04-04,WFC,55.3,55.33,54.98,55.2,11937360,-0.35836693644849,-0.3492142119974001,-0.9358381570417408,-1.4548290957988297,-0.4515709839865314,-0.3207707387384305,0.2082483817218637,-0.491221343773314,-0.948408399230116,-0.6147686800415422,-0.001452407337943,-1.264046639032045,-0.2236573210886387,-0.1629382238391647,-1.062894536981929
2017-04-05,WFC,55.79,56.2,54.93,54.98,17411708,-0.2811259026474905,-0.272041351576244,-0.9651838199289842,-1.8326177913280268,-0.4712980684253942,-0.3084245145151539,0.2471767070495434,-0.4911759730164713,-0.9824151896070428,0.0242187515168352,-0.0015735727184282,-1.40550117254024,-0.3589113806337439,-1.123232592797256,0.3337923457361068
2017-04-06,WFC,54.95,55.65,54.705,55.37,10387536,0.4086306325475229,0.4128748510794928,-0.7098161747351758,-1.4819632350394438,-0.467885871689759,-0.2389874237271979,0.215375273992309,-0.5005607686043544,-1.000632143853823,-0.7905741571987688,-0.0010186035057419,-1.1547408631393552,-0.2816501967328457,0.5511493229833828,-0.1689451390995816
2017-04-07,WFC,54.94,55.31,54.61,54.84,15848631,-0.6289281339718071,-0.620297710125741,-0.8651263288989504,-1.3616703968403914,-0.4821780565780761,-0.2290085246227683,0.1767124509017975,-0.4977852179229109,-1.1682087010900202,-0.1356353179549883,-0.0015590865665193,-1.4955176938636303,0.4082862773159866,-0.1638334514014953,-0.5275273734651147
2017-04-10,WFC,54.99,55.2499,54.32,54.54,14607683,-0.3735761168951288,-0.3644213099952919,-0.9108199851799236,-0.886965162638304,-0.5012296811687281,-0.2332761212011114,0.138333030933325,-0.4968724728882072,-1.2082954505015655,-0.2879257612393907,-0.0015718338742805,-1.6884102395566214,-0.6295431602672493,-0.6445799318731777,-0.1703729462679944
2017-04-11,WFC,54.23,54.26,53.265,54.16,28086812,-0.4667704150623308,-0.4576844964593796,-0.984362127095855,-0.8285642554470668,-0.526905669642332,-0.2537411970626284,0.0832096854453754,-0.5013948434082643,-1.31720683031815,1.1683138945143925,-0.001960676337327,-1.3971461577457802,-0.3741245287448519,-0.1238386781131798,-0.0602279815828316
2017-04-12,WFC,53.95,54.02,53.05,53.12,25601266,-1.2284975016654662,-1.2252875699192556,-1.3468772653487202,-1.1773142398079617,-0.5831577909215794,-0.3488156972372061,0.0796946555539008,-0.4345404974457975,-1.5658385884034387,0.8205941011199117,-0.0021255245032415,-1.8447158815356184,-0.4673431387878231,-1.1886517071695288,-0.0694746254994633
2017-04-13,WFC,51.8,52.75,51.35,51.35,47981952,-2.1074826087987555,-2.123043680310696,-2.006314719586248,-1.9396426710758337,-0.6911267293020795,-0.5579934943103846,0.1521759771749919,-0.2894245981250404,-2.140703511769067,2.919463051966311,-0.0036691246048053,-1.881302785249608,-1.2292689394181442,-0.6826544528277866,0.6808708976678854
2017-04-17,WFC,51.64,52.76,51.255,52.72,31959061,1.6280265737555424,1.6054814667467867,-1.2212218890660849,-1.1177883949169791,-0.7162157276577298,-0.5120041930912431,0.0339434519378123,-0.0067193958799001,-1.6569088507547298,1.1715950880487689,0.0116138793348737,-1.2063303732810362,-2.108483350029735,1.5537750055611177,0.7878110216147265
2017-04-18,WFC,52.36,52.665,52.09,52.45,22257525,-0.3518441106658103,-0.3426934235541741,-1.2317006360092349,-1.4548290957988297,-0.739892084172951,-0.4715766363367517,0.0093544251657151,-0.0477076166376984,-1.4875589643754363,0.1700703872055191,-0.0028323723773967,-1.28884984904621,1.6280003259964495,0.1035470981989274,-0.6776729157609778
2017-04-19,WFC,52.88,53.14,52.05,52.15,17414622,-0.3890953995736056,-0.3799423186874955,-1.290762281328122,-1.4568835835661933,-0.763359067985882,-0.4386956692017336,0.1216409308045488,-0.24013803006958,-1.1404444200416046,-0.2482893993092541,-0.0041541220080846,-1.306396026600135,-0.3523868532219601,-1.0692969435766744,0.150603934096091
2017-04-20,WFC,52.72,53.59,52.43,53.5,31552904,1.578669357199127,1.557652060308403,-0.5984688629057665,-1.0900136218584549,-0.7221978133927205,-0.246038922386696,0.1337343249865804,-0.038584217318134,-0.6532240239684838,1.1784227898002475,-0.1087877284694246,-0.4392182342238312,-0.3896478599850962,1.0914830019748172,0.2156928605153839
2017-04-21,WFC,53.39,53.84,52.95,53.0,26177343,-0.6148468607954237,-0.6061599381996998,-0.7864736634598227,-1.0715867167445583,-0.702849169815774,-0.148058810194697,0.1658244289890128,-0.0242899237927365,-0.7655717264778671,0.5817665758595604,-0.0036061693488755,-0.7603951943632028,1.578630233475079,-0.5782026009123491,-0.1918264521735137
2017-04-24,WFC,54.15,54.34,53.59,53.65,23856688,0.7305459262704906,0.7299563235735844,-0.420768618963644,-0.768199855204074,-0.6560674728092042,0.0009374868372927,0.1321139279063011,-0.0125773545348089,-0.7409442244752257,0.3328679421101039,0.0132726556197949,-0.3428651461820207,-0.6154582136669455,-0.7239322956419478,-0.4262606294380408
2017-04-25,WFC,54.33,55.087,54.29,54.56,27061299,1.0230116759363008,1.0166294171921708,0.0394877346531566,-0.3779393467015913,-0.5782099128672871,0.2001232606994443,0.1081787330585045,0.0577788701076949,-0.3875498166603807,0.5860009695291171,0.0014000819712208,0.2416769212716379,0.7302855500460729,0.2935235114849648,-0.3738996909638409
2017-04-26,WFC,54.6,55.07,54.36,54.54,15915542,-0.0558179043048518,-0.0474801570656558,0.0644110244995055,-0.3215495564602962,-0.5130760664766226,0.3267212601420745,0.0456020099853115,0.027567633106946,-0.5401520804498877,-0.5011597172978809,-0.0020388647231557,0.2288298428660611,1.022827596128214,-0.1093404905913808,-0.5063952218722518
2017-04-27,WFC,54.54,54.65,53.91,54.44,13978030,-0.1471471935808158,-0.1384085917627174,0.0459426023599942,-0.477733140357391,-0.4617657782491816,0.3924180589512766,-0.0037788681271056,0.0236504662588451,-0.491968703037082,-0.700766750431562,-0.0022232279978926,0.1645944508381858,-0.0562834216176658,-0.1648420095279951,-0.4584760697802396
2017-04-28,WFC,54.33,54.58,53.73,53.84,16501919,-0.7191610411991413,-0.7109693637274047,-0.1870752901468294,-0.4971930447967264,-0.4413242123647298,0.3655199380809629,-0.1148915923992923,0.0116178373057796,-0.7942144825012262,-0.4745946161529335,-0.0030326729845997,-0.143586046262985,-0.1476365362389421,-0.7077149445345153,-0.2755785364395203
2017-05-01,WFC,54.1,54.75,53.97,54.46,13915807,0.6839427245767999,0.6841533075227927,0.1438492012759133,-0.2128488483897541,-0.3978337925915423,0.4033287945171657,-0.1812419772707637,0.0343364883566099,-0.4841111470180911,-0.7269393668476986,0.0030088488275715,0.273197078755081,-0.7197996068234259,0.4764310028934465,-0.3976795694752262
2017-05-02,WFC,54.46,54.61,54.06,54.54,15634864,0.0584590248859825,0.0661074420126408,0.2061988935450593,-0.0721191218035918,-0.3577906232623704,0.424702716366322,-0.2369392144191956,0.0345216189749487,-0.418913641773125,-0.5679592975973714,0.0006438971047978,0.3269755464993467,0.6836701908355352,0.084666607662433,-0.750886190934023
2017-05-03,WFC,54.01,54.89,53.95,54.85,15737118,0.3208725235885546,0.3261520830894524,0.3659123354538374,0.3869733712836564,-0.3119559829300925,0.4567090005096966,-0.2589733617773135,0.0383211822618363,-0.2605981876008991,-0.5713774846191805,-0.0001122420427271,0.5353671090083824,0.0580233193380555,1.1487158419392391,-0.1630575792316335
2017-05-04,WFC,55.27,55.6,54.87,55.18,17054067,0.3415737358823155,0.3466200190401353,0.5217454895902013,1.3339163662935594,-0.261328054733681,0.4946518682720699,-0.245684557265704,0.0430696235785276,-0.1140518878054853,-0.4468002924991082,-0.0003722193079734,1.0873917618406743,0.3205052746362145,-0.1493427977234695,-0.4887717563151036
2017-05-05,WFC,55.25,55.385,54.88,55.11,13078783,-0.1119750685120218,-0.1033750288340932,0.4941198547169676,0.9635319594739152,-0.2230845113401915,0.4931289691916667,-0.2653357597802402,0.0315917492540317,-0.2364403391795226,-0.8267516748158051,-0.0017508924793972,1.067999821618242,0.3412118873172463,-0.2177599883652915,-0.8276306683620283
2017-05-08,WFC,55.12,55.29,54.75,55.04,14242805,-0.1120753866354523,-0.1034749235666314,0.45502282571244,1.102243703940065,-0.1949796573893732,0.4658138378355464,-0.2534907061621518,0.0093606990886663,-0.1139154999742135,-0.7134739853293702,-0.0019201717459725,1.014445688679007,-0.1124552357125071,-0.1359708108843048,-0.7736628523414365
2017-05-09,WFC,55.14,55.37,54.45,54.68,14402868,-0.4402070441325156,-0.4310871729664412,0.2761367774002786,1.0596543190813654,-0.1864215729867042,0.3936486844238311,-0.2478797479822043,0.0126423652175327,-0.1297777026910938,-0.6978813477876147,-0.0021490211807187,0.7390244335629436,-0.112555580006227,-0.6565998510688935,-0.1891002256753784
2017-05-10,WFC,54.43,54.91,54.36,54.72,15897244,0.0125475103488646,0.0204979092255811,0.2817746395045612,0.5823861245134493,-0.1777125838765682,0.3363049878137126,-0.2314043631062684,-0.0007312102240648,-0.0156219325365288,-0.51508438933574,0.0002427321035514,0.7696267952425055,-0.4407728381918507,0.376219140795894,-0.753650788651621
2017-05-11,WFC,54.28,54.42,53.06,53.74,32200089,-1.1479974456212667,-1.1437153629121226,-0.2105011726994579,0.2351998632825388,-0.2086698882902363,0.1883296738353274,-0.24840503724211,-0.0130115153447964,0.0039398556593251,1.0051879170317952,-0.0032025217905146,0.0198689340932225,0.0120998277265913,-0.7779371106676732,0.5177860461119917
2017-05-12,WFC,53.3,53.32,52.54,53.02,29642325,-0.8671193589984115,-0.859935082224348,-0.6008130617020944,-0.5452748852082159,-0.2602361286475046,0.0169023763086953,-0.4263156236843902,-0.2738020622494118,0.3101576694814536,0.8889971469783887,-0.0073827058195134,-0.5309735761389048,-1.1487478830831492,-0.4232114822791971,-0.3652607118411938
2017-05-15,WFC,53.06,53.415,53.02,53.32,15245047,0.319275010316334,0.3245722905063347,-0.4694154816274305,-0.983240616543529,-0.287676045808451,-0.0581387211306487,-0.4661892077763717,-0.467692379956355,-0.0003310902476899,-0.4713104605799613,-0.0038473295613665,-0.6920885450941225,-0.8677965229523376,0.3438957397922563,-0.9739263101337864
2017-05-16,WFC,53.4,53.44,52.95,53.26,12650066,-0.1030538496892599,-0.0944921062552487,-0.5179269767026912,-1.0017937154483336,-0.3099074353810089,-0.1047649387324107,-0.5339282450753399,-0.4778031147151343,0.0593315366523462,-0.706237175853844,0.0339030042708995,-0.7482718950227303,0.3189073446159203,-0.2243923920992762,-0.8245754752161145
2017-05-17,WFC,52.04,52.65,51.65,52.24,33173088,-1.2253204562801945,-1.2220661728157345,-1.0150478173418949,-1.3548364967663842,-0.3651555685219956,-0.2270504423884186,-0.5461498086662224,-0.3674802650773759,-0.1421310349161164,1.3255191781593856,0.0055024685159331,-1.384779466998701,-0.1035316895846633,0.2640438840434469,0.0040217973826504
2017-05-18,WFC,52.31,52.96,51.95,52.38,19790140,0.1338516837821645,0.1409313996992383,-0.920765035013961,-1.032473022787651,-0.4005096377122714,-0.2736718671727519,-0.4590424285448013,-0.5935777011587104,-0.4749336872930816,0.0273054913944634,-0.0024157302253113,-1.2669603745323843,-1.226091065227524,0.0747850542158083,0.0156686128382407
2017-05-19,WFC,52.57,53.34,52.39,53.06,16894978,0.7752411753338168,0.7738523392102558,-0.5918739422782041,-0.988404528161918,-0.3988644422034966,-0.2157335365929686,-0.4630668673168954,-0.5575400453249147,-0.1508506672392779,-0.2321879875240722,-0.002977264607849,-0.6946962111245635,0.1334356461430372,0.6778944959141011,-0.0991675434279177
2017-05-22,WFC,53.27,53.32,52.5,53.01,13946952,-0.0916636245618595,-0.0831526280453768,-0.6009021063159866,-1.0677447896671668,-0.3966521747742168,-0.1679232387676869,-0.4337778089214706,-0.6131800148316962,-0.3426753037061218,-0.507977954888297,0.0025756757933463,-0.7367744584339657,0.7749924588929274,-0.3950693975173081,-0.3021425266872694
2017-05-23,WFC,53.01,53.5599,52.85,53.39,11751719,0.4132981325653532,0.4174838852643076,-0.3880689091969397,-1.0162522201809223,-0.3772907639324773,-0.085533400579696,-0.4329924324024973,-0.7089507711076691,-0.4824194522139411,-0.6934267987024344,-0.0025969069500738,-0.416979778882534,-0.0921384930551092,0.5152733069265536,-0.4831823750735038
2017-05-24,WFC,53.49,53.61,52.8024,53.09,11363414,-0.3828258098539753,-0.3736715632632085,-0.4992701740628906,-1.38009271793992,-0.3711709080240321,-0.0537050644793296,-0.4231893290656033,-0.7014313783970624,-0.5579334367241223,-0.7209305204023271,0.0013145609165847,-0.6694492627389235,0.4129549949585301,-0.5912953144400884,-0.3235507233761076
2017-05-25,WFC,53.25,53.25,52.57,52.78,16643765,-0.3965295074434741,-0.3873786318580374,-0.610622998789124,-1.4579621761977093,-0.3758843030220887,-0.0561269969421254,-0.3986445418149191,-0.6938125870909341,-0.6153034045336856,-0.1207927203102232,0.0007066491196851,-0.9303343960571968,-0.3833766346988123,-0.6931585982803408,-0.5175879332022174
2017-05-26,WFC,52.63,52.81,52.37,52.41,14247740,-0.4694392767476872,-0.4603574011451036,-0.7571268351202332,-1.5460937653379834,-0.3913660018567548,-0.0857819716155879,-0.342299480482339,-0.7178877874286599,-0.5575543236212473,-0.3870086716034248,-0.0002624864023622,-1.2417134261467504,-0.3970839072129569,-0.3421324873034642,-0.8916486825307123
2017-05-30,WFC,52.16,52.5,51.9,52.16,19379725,-0.3299719899062053,-0.3208331451225155,-0.8245980471660657,-1.5148752482562116,-0.4104391203638518,-0.1187502037662867,-0.2929000331696654,-0.7859405503448194,-0.7877315198961832,0.1750226373418632,-0.0002574161632137,-1.4521046626937435,-0.4700126967071232,-0.0263165508545973,-0.6326483708691576
2017-05-31,WFC,52.23,52.25,50.83,51.14,30519660,-1.250465334626656,-1.2475666622253323,-1.2443757233102897,-1.792052611265457,-0.4620671643796788,-0.2289206073257998,-0.1629785875694104,-0.6774723025771359,-1.0830300916702886,1.3092860725048725,-9.759046571612444e-05,-1.665265829986048,-0.3305090266166847,-1.6030243016666228,0.7227945990459987
2017-06-01,WFC,51.53,52.21,51.06,52.08,21001799,1.1113636606765651,1.102971075289736,-0.7161419763866532,-0.9368565183932884,-0.4623548691135454,-0.184907780665832,-0.1749435251023043,-0.5397140939600973,-0.9091677822708136,0.2308985921666325,-0.0018005415930007,-1.0101860301546153,-1.251242503193733,0.7800774300935555,0.248960049551505
2017-06-02,WFC,51.67,52.24,51.53,51.81,19477314,-0.3557623664890285,-0.3466103731879674,-0.7681797970117222,-0.7744025599370601,-0.469493013914201,-0.1673304341420824,-0.2237427697225207,-0.5650016735604837,-1.064426421927575,0.0521363057259702,-0.0005952235166412,-1.1661111482147766,1.1112026295154365,0.1783912084344649,-0.4492275846723361
2017-06-05,WFC,51.71,52.18,51.665,51.72,13663770,-0.1411455002003631,-0.132429139488442,-0.7308514004448076,-0.9907351790100936,-0.4749136822393866,-0.1488478020409198,-0.2932134860996211,-0.5655326061389966,-1.0708956190500911,-0.5758688868062423,-0.0008744092173304,-1.229646052138634,-0.3563061312123138,-0.0117058788065496,-0.7614603544378856
2017-06-06,WFC,51.32,52.03,51.24,51.81,14887538,0.0753416092080082,0.0828705365110956,-0.6076857118088133,-0.91188346376599,-0.471923691344883,-0.1124128043147721,-0.4007871690876635,-0.55858655240248,-1.0293511311125747,-0.4470959279441693,-0.0015969801440069,-1.163748180251005,-0.1416332771787564,0.6950469473650145,-0.3205406762316063
2017-06-07,WFC,51.84,52.31,51.7,52.09,17022350,0.3034689347441269,0.3089393737592102,-0.4047994053237353,-0.2744770358528091,-0.4549858712715213,-0.0473633339339863,-0.5164321136934713,-0.5410707142950519,-0.86312733838335,-0.2306820657721612,-0.0017070561733383,-0.854717310451186,0.0749103078704329,0.3380342649269904,-0.6153606788433532
2017-06-08,WFC,52.0,53.03,51.88,52.56,22644201,0.528748584023205,0.5313791241463746,-0.116730487184843,-0.0925633628001269,-0.4199209330675611,0.0513351323874389,-0.695704055171837,-0.5012444591001703,-0.7472091675420988,0.3261124046578764,-0.0019845309976927,-0.2793991474291281,0.3030971456654244,0.7873180585658526,0.2321538034635106
2017-06-09,WFC,52.86,53.95,52.8,53.8,25749954,1.4358008842359158,1.418997336110254,0.5009940967779826,0.1708012067678915,-0.3410949445765072,0.2429340955539143,-0.6891745287766765,-0.3999854221201236,-0.1510796112108172,0.6970043626163962,-0.0023940143708673,1.2830623321235295,0.5284355643215386,1.3172074379997665,0.1901256928932856
2017-06-12,WFC,53.98,54.585,53.94,54.09,22791380,0.3025956088923171,0.3080755002946251,0.6183443063617531,0.3161073645787021,-0.2658433114265899,0.3870129369701611,-0.6015835822511326,-0.4549754981217057,0.1289132423773655,0.4266292885192856,-0.0029841618780416,1.004671066165183,1.4357244899852977,0.1276422555116901,-0.5975199757322076
2017-06-13,WFC,54.35,54.69,54.28,54.45,17965974,0.3813669353082219,0.3859458058989136,0.7687954903127061,0.3083324914881065,-0.1915261682657595,0.4998706489581346,-0.4953271311173274,-0.451686610322008,0.1437721304770149,-0.1106132451048245,-0.0049278101468417,1.236193889761233,0.3022235919864832,0.1126931734516972,-0.9637802382709686
2017-06-14,WFC,54.09,54.64,53.57,54.53,16574994,0.0584758210417131,0.0661241215457965,0.7759377363249164,0.5111454578543868,-0.1296820917163635,0.5580513598097239,-0.3926716931265469,-0.4533656284616921,0.1827280425569837,-0.278769825900301,0.0091279471063086,1.3050888439051171,0.3810154677143058,0.5882662827672671,0.0440092995868834
2017-06-15,WFC,54.04,54.45,53.81,53.9,17232258,-0.7522801733305282,-0.7442828738317256,0.4202058358532547,0.3282466216234006,-0.1059392012486362,0.5065241314140388,-0.3626514422240941,-0.5387003874096824,0.2992089653033052,-0.128281429473674,-0.0035189118941241,0.7625410800220136,0.0580401198754497,-0.2220465642236915,-0.6017478338089801
2017-06-16,WFC,53.93,54.24,53.65,53.89,23492702,-0.0445466993594139,-0.036267673892468,0.3770063121111254,0.5353749963750238,-0.0881958190003816,0.4498597178197941,-0.3375073251822255,-0.5381167716821101,0.2559039165088572,0.5414442540386296,-0.0184985918128657,0.7539292107540296,-0.7529273788420356,-0.0823534766179709,-0.6788891808736209
2017-06-19,WFC,54.31,54.64,54.12,54.24,15367253,0.371351945898053,0.3760508047859897,0.5206970247971427,0.812402554054201,-0.061348541952238,0.4279614554392663,-0.28681414372924,-0.5764234372198386,0.1591368541250822,-0.3457999898835417,-0.0034060331852469,1.0553446351335318,-0.0450092763192257,-0.1236950255596779,-0.7923333601914427
2017-06-20,WFC,54.06,54.095,53.425,53.46,13622247,-0.9282996796463044,-0.9216368514086096,0.122806169316452,0.9735373558319572,-0.0716395963001187,0.3148494198435635,-0.2800312835384512,-0.4978764750124651,-0.0428033544807794,-0.5373245951504729,0.0074540612332218,0.3836188322306431,0.370997865663845,-0.8648491275523801,-0.5468350159973657
2017-06-21,WFC,53.47,53.48,52.8,52.98,12653747,-0.591990768066999,-0.5832190094173353,-0.1048587594999727,0.3002647869386967,-0.0992382169721023,0.1798104135918555,-0.2849794985420505,-0.4873557338844445,-0.280259967179057,-0.6479077587312299,0.0007116072930999,-0.0297508926326755,-0.9289928038937716,-0.7186744100023527,-0.5216412965992789
2017-06-22,WFC,52.8,52.89,52.22,52.49,15362168,-0.6088065068928322,-0.6000963376370041,-0.3329862043226099,0.1662494903399893,-0.1404714538672515,0.0366839411467335,-0.2792087586077412,-0.4705290282709873,-0.3334579199710042,-0.3673437778124987,0.0001495221342119,-0.4517324867639724,-0.5925961584011348,-0.4698971076679563,-0.5275331639368993
2017-06-23,WFC,52.7,52.825,52.32,52.45,21868452,-0.0804397751900678,-0.0719808154137752,-0.3447110499348331,0.1957812397124507,-0.1744089779665491,-0.0590381976657308,-0.2731177375598467,-0.4802845226205625,-0.2593026666710433,0.3096493214165433,7.708825836578775e-05,-0.4861799638359146,-0.6094162839991347,-0.3847216037980037,-0.7888999917480987
2017-06-26,WFC,52.73,53.43,52.59,52.9,12532812,0.5011529917311401,0.5041743151882585,-0.1336131035617029,0.3507709975464995,-0.1831792400374824,-0.0708358094994254,-0.2811354788012767,-0.4735340524198431,-0.030167099226572,-0.6890317631561219,-0.0017553135775969,-0.0986458467765601,-0.0809117156841057,0.2172602266398088,-0.267952977872111
2017-06-27,WFC,53.02,53.655,52.905,53.16,13496348,0.2729980921019876,0.2787912020032927,-0.0295652059342688,0.342654145885524,-0.1795239710937686,-0.0482907960354154,-0.2995349482616934,-0.4779331094313903,0.1140903339976446,-0.5615063794135842,-0.0019197806847834,0.1252627541910675,0.5008327730846373,0.1731789210892976,-0.4155217091756922
2017-06-28,WFC,53.61,54.42,53.52,54.33,20961669,1.3372429312398142,1.3231649373698615,0.4692673944568479,0.5976065378007298,-0.1307697636844922,0.085829105985277,-0.3656705071653586,-0.5005047599577047,0.7486375001014829,0.3200601625017472,-0.002633629383722,1.1132078559175975,0.2726183540032756,0.988368868200399,-0.2107464413312829
2017-06-29,WFC,55.65,56.6,55.21,55.78,32552121,1.6285933987472874,1.6060305316252754,1.0898613416602727,0.6639165239435897,-0.0363432363055154,0.3106847929724237,-0.2182210800892193,-0.3969958651732945,0.8759223056223788,1.5127177776935967,-0.0055729575499321,0.934328591613997,1.3371408258807225,0.150174591478939,0.4854741330293184
2017-06-30,WFC,56.03,56.05,55.16,55.41,16750704,-0.4459661734653634,-0.4368526935159194,0.8159894709707449,0.3730404496100389,0.0219793793521786,0.3976384953065087,-0.1840669327600349,-0.3885387413754945,0.8530128836402558,-0.2002998155637964,-0.0052196956939833,0.7048608362308367,1.6285672988575286,-0.8623348767423678,-0.252696129889339
2017-07-03,WFC,55.81,56.45,55.71,55.78,11825311,0.3827316933582295,0.3872940905385764,0.8940635071341025,0.3764811091560949,0.0801420879386972,0.4667898591253098,-0.1578958824116643,-0.394637610763806,0.9854115082233696,-0.7359398347137869,-0.007726735186222,0.934328591613997,-0.4465334699260217,-0.0669285120589368,-0.4856904134264718
2017-07-05,WFC,55.97,56.02,55.34,55.78,14086881,-0.0329960430517004,-0.0247793014886723,0.7936807576635075,0.3486745525912002,0.1231210509955314,0.4830282505692803,-0.164689226816717,-0.3914591399266097,0.9578965609571072,-0.4823091773725889,-0.0012427088046935,0.8865871479678153,0.3823805817928347,-0.282790361476165,-0.575336371560856
2017-07-06,WFC,55.98,56.32,55.5,55.56,14481179,-0.2785458503246879,-0.2694652358173164,0.5997711453159063,0.5704867580660097,0.145154559048056,0.4421057231113128,-0.1987472610514842,-0.3752885869766134,0.8108744964119406,-0.4273195029529453,-0.0071844988344322,0.7104319727564049,-0.0334556067571959,-0.5931573827123504,-0.3613112180931595
2017-07-07,WFC,55.78,55.829,55.245,55.74,11503450,0.168703862451251,0.1754901439247309,0.6078232080749765,0.6356465772382219,0.1660895695429759,0.4065401873418775,-0.2036135042481377,-0.3859578620112431,0.7210928270817001,-0.7190176726034527,-0.0053795518430845,0.7901855736082878,-0.279069471344064,-0.0804949554157077,-0.7181437445525318
2017-07-10,WFC,55.53,55.81,55.34,55.59,10978963,-0.200536509947768,-0.1916254894682625,0.4909187989244213,0.4315472280593879,0.1730860041952983,0.3422101044547034,-0.1674539738331983,-0.5245128953627851,0.3211647535925093,-0.7238540668428171,-0.0092904486038305,0.6763437401342308,0.1682969168043888,0.0553169285192253,-0.8866970978915967
2017-07-11,WFC,55.66,55.7135,54.82,55.04,14842691,-0.6489687112333569,-0.640424264998316,0.2019777457922831,0.5642976945705297,0.1535193174487616,0.2223730209382157,-0.1582312096055226,-0.4878501080704491,0.0904676249298226,-0.2159484568066478,0.0044841977296503,0.2589236840626817,-0.2010397804368071,-0.8678923108167109,-0.2383977054591352
2017-07-12,WFC,54.93,55.24,54.6,55.17,11951527,0.1140523740052696,0.1212901932791421,0.2471075779767859,0.9178072165282346,0.1398209011835484,0.1416081813239336,-0.1439933335676972,-0.4984440130558427,0.0267253579676645,-0.5445878409523355,-0.0027479552262217,0.3575866064068671,-0.64958896557423,0.3037840943031117,-0.6245276344317657
2017-07-13,WFC,55.26,55.67,55.06,55.6,14201775,0.4522487661632478,0.4559332448787684,0.4281811834088034,1.3991077378987664,0.1425483800299698,0.1192762808843907,-0.1122036669915722,-0.4825638830204987,0.1207058484647257,-0.2490082445057643,-0.0051512744950209,0.6839331956991664,0.1136311712608828,0.4385333759380206,-0.6769727453186067
2017-07-14,WFC,54.31,55.2,54.12,54.99,17949644,-0.7160428573346633,-0.7078338020936334,0.1077327929622847,0.9914311666656738,0.1176506489036277,0.0303039456202243,-0.1159494034354051,-0.4873191770593068,0.1295237733852961,0.2196737757683467,-0.0133403583714998,0.220976406237998,0.4519157897249059,0.9196457748518952,0.0454851191962885
2017-07-17,WFC,54.9,54.98,54.44,54.71,14953583,-0.3500036898893442,-0.3408537018256922,-0.0468564784255704,0.675352299811793,0.084232323567668,-0.0628057854079137,-0.1264757360703248,-0.4757160265292597,0.055996247634302,-0.1065768581579614,0.0017576419921403,0.0084716504197556,-0.7166806095089813,-0.2877890313735252,-0.7687308811338878
2017-07-18,WFC,54.31,54.92,54.23,54.8,13603344,0.069420761460671,0.0769921114405154,-0.0170839721913048,0.6163604520474115,0.0589147939459582,-0.116442261514026,-0.1285991979308235,-0.4865824402661219,-0.0158459074881174,-0.2715137464283523,-0.0025542449979452,0.0767767505041874,-0.3505459523294122,0.6553327720809566,-0.5419590656155595
2017-07-19,WFC,54.8,55.21,54.69,54.94,12366197,0.1260573374191162,0.1332000370859977,0.0144670081449885,0.1726403766214217,0.0421779171144516,-0.1372649898295693,-0.1613959041320938,-0.5666015113409644,0.2391091574166422,-0.4261798496611719,-0.0035032463432946,0.1830291284133088,0.0689879155338052,0.1666989586794509,-0.8025134361984445
2017-07-20,WFC,54.96,55.31,54.68,54.88,15123488,-0.1009880752671085,-0.0924353813137557,-0.0600612653343743,-0.9297085838961396,0.0245730809290879,-0.1561572849172461,-0.2396428690174521,-0.6041056617609607,0.359220749132861,-0.0810983037097447,0.0136625854872634,0.1374923950236891,0.1256392664455016,-0.1362900372599371,-0.6346048515349003
2017-07-21,WFC,54.43,54.62,54.1,54.17,17384457,-0.83844805879497,-0.8310405584913937,-0.4401522806368844,-1.1210185614230812,-0.0188007921239079,-0.2376001782806174,-0.379540822620389,-0.5702502208976243,0.3025821699444332,0.1978298428758715,0.0014467251539402,-0.4444486160279683,-0.1014653762577494,-0.3872106192308984,-0.7913008821116592
2017-07-24,WFC,54.1,54.41,54.04,54.27,18489859,0.0819347996630453,0.0894158302778866,-0.4353216998700458,-1.4079165725576186,-0.0503550143995465,-0.2723309153411374,-0.5606133986999191,-0.5723655449789842,0.342142118416388,0.3663787500924491,-0.002695399480783,-0.4886282259220787,-0.8391177431809139,0.2110920161930927,-1.0231256686113186
2017-07-25,WFC,55.0,55.405,54.91,55.06,20167835,0.8732845838854117,0.870033683473507,-0.1094857220665279,-0.6667873092264334,-0.0454433122665991,-0.2062528433087113,-0.7311058192035803,-0.5320508076306611,0.4322006865747551,0.5219487756665394,-0.0045676171349163,0.0574282602682751,0.0815052183108169,0.056103578411373,-0.8420735294109284
2017-07-26,WFC,55.32,55.33,54.81,54.91,19686938,-0.2026056620997748,-0.1936888803510655,-0.2225763919537121,-0.6272443127460685,-0.0485901205553192,-0.1741328527839865,-0.9116450844543972,-0.528037792106662,0.3159967458683143,0.4128763041112075,-0.0176312946014014,-0.3811039745206964,0.8730614443222452,-0.5862628978501324,-0.8020824707308434
2017-07-27,WFC,54.86,54.96,54.39,54.71,17352646,-0.2597599749350642,-0.2507112540310739,-0.326771263423084,-0.8802899356047909,-0.0599600722123044,-0.1696030898358717,-0.9389033944822176,-0.6799208560818885,-0.0647549026491971,0.145942645412602,0.0017022095291597,-1.0113021484970788,-0.2031094723747349,-0.2328927042281008,-0.7230312691366665
2017-07-28,WFC,54.3,54.57,53.18,53.3,32590568,-1.6375259804122533,-1.6414322341022978,-0.9406718040776816,-1.3831994566506505,-0.1247207167597855,-0.3034060038772799,-0.7959187028684978,-0.7372858660112055,-0.8204465231349656,2.068708693287196,0.0014407543754046,-1.7593144719489686,-0.2602786952268457,-1.4176938097951142,0.5821056361190114
2017-07-31,WFC,53.42,54.22,53.4,53.94,20378065,0.7145676342295427,0.7142561985071784,-0.6009679161754128,-0.7536340890652462,-0.1508140399364988,-0.3109193155451105,-0.7532632700308631,-0.6718045734202234,-0.5571038725058771,0.4986892033045589,-0.0020957720323144,-1.1087101343455448,-1.6384041226496144,0.7091182728714253,-0.3243697916941068
2017-08-01,WFC,54.23,54.39,53.85,54.08,19350259,0.1285932274303302,0.1357155412912604,-0.4940758761446657,-0.7475279123624814,-0.1657686600503311,-0.288259134944007,-0.7560125003240014,-0.6908683009969979,-0.6150770605264033,0.3156109921547559,-0.0024122327599305,-0.9285118987215062,0.71430308970021,-0.2352925378372712,-0.7591481592395003
2017-08-02,WFC,53.54,53.96,53.45,53.62,19422130,-0.562557752544048,-0.5536892610893698,-0.6635384322974793,-1.1983147177708542,-0.1951702330153361,-0.3073171984033078,-0.7338356948387833,-0.6742032669447025,-0.7361923846288881,0.2868525001780141,0.0007861218999775,-1.4154939073914266,0.1281758180019402,0.0865736772521914,-0.7986376208761954
2017-08-03,WFC,53.5,53.66,53.34,53.4,19374704,-0.2884374501700762,-0.2793423256742125,-0.7184039247893718,-1.0581545517273072,-0.2262178710310767,-0.3268005922749654,-0.6917022179899843,-0.6739486135250458,-0.7384443175965196,0.247855474609219,-7.353738173130501e-05,-1.6052288183800931,-0.5631554645992441,-0.1675348408741696,-1.091903018708242
2017-08-04,WFC,53.67,53.7,51.91,52.84,44664559,-0.6858893201903477,-0.6775204074732608,-0.9198420037475504,-1.1607345782840262,-0.2714297672383091,-0.378845864124936,-0.6236010164255075,-0.6599089937417486,-0.9315780190201433,2.772252926661754,0.0006536766482623,-1.088613341705624,-0.2889636516407388,-1.1947156878620506,1.2319186795869437
2017-08-07,WFC,52.73,52.95,52.43,52.54,22673681,-0.3864671113630873,-0.3773134644857092,-0.9933152937284242,-1.3214545343661497,-0.3171079267864038,-0.4216822354177485,-0.5400302352775994,-0.6565525919656874,-0.9732689272436944,0.3268510190834975,-0.0006708075908551,-1.3306956159085337,-0.6865192061210921,-0.2985494198189278,-0.7664809827130058
2017-08-08,WFC,52.32,53.3,52.22,52.71,24877808,0.1684479305828278,0.1752364371390392,-0.8565410988526161,-1.3007496001052798,-0.3443444908918368,-0.408482983247557,-0.4716667945107498,-0.6653385148672569,-0.7892004304129662,0.491512129900581,-0.0017629908342455,-1.174030117708649,-0.3870188861251582,0.5368561596305587,0.1162861921827825
2017-08-09,WFC,52.28,52.81,52.14,52.79,14631563,0.061495381723218,0.0691226431712958,-0.7616440120914694,-1.2274389089460618,-0.3603237653615844,-0.3689475117790596,-0.4394221827737955,-0.667969231244641,-0.8010456981930302,-0.5628761717185283,-0.0016193066989816,-1.103302850954555,0.1680409181702523,0.7107035415677357,-0.5335785744302519
2017-08-10,WFC,52.39,52.72,51.9201,51.95,18373022,-1.023652445756864,-1.0179250859715874,-1.0837882053902033,-1.2683687692549923,-0.4030956886585654,-0.4062829514604193,-0.3790605401860014,-0.6445697391764019,-1.1316119450715518,-0.2033112012728741,-0.0006955646848924,-1.8432577891129207,0.061060468278796,-0.6608419463615004,-0.3080832199474438
2017-08-11,WFC,51.83,52.21,51.74,51.94,14714450,-0.0449802658618268,-0.0366989440113164,-1.0169769481345003,-1.338929731002144,-0.4340786535204332,-0.4058067271359094,-0.304995886991473,-0.664973751076596,-0.9820609837361196,-0.5579690323379407,-0.000876678493045,-1.6999013370944962,-1.0243704449660993,0.13402873889365,-0.8371805823534433
2017-08-14,WFC,52.37,53.09,52.34,52.84,16313225,1.0457916687065043,1.0389026052262418,-0.5328362994321674,-1.264818185432565,-0.4200666814100464,-0.2896095544802465,-0.3076925396494193,-0.5294993895787623,-0.6694664872617042,-0.4020613611597936,-0.0016012251088064,-0.8835948203964704,-0.0454429559274311,0.6517307858920396,-0.4084010297636825
2017-08-15,WFC,53.2,53.3582,52.83,52.85,11028101,-0.0212136741079907,-0.0130626616784022,-0.4809371952340706,-1.210809828090001,-0.4055892950359699,-0.1954538480529063,-0.3272900524077149,-0.5321401690134758,-0.6900822701647662,-0.926921190632278,-0.001521027454617,-0.8745247479887164,1.0456135315833797,-0.5233677690155866,-0.7583883859108894
2017-08-16,WFC,53.01,53.21,52.46,52.69,11224409,-0.2214782757815541,-0.2125121203687437,-0.5050096114570277,-1.197761758521117,-0.3975264649785513,-0.1366402404459924,-0.3636127733128574,-0.5385402903781953,-0.7689464876864075,-0.9037684781235924,-0.0009278615235449,-1.0196459065128125,-0.0216701641116004,-0.4823922205650377,-0.4050334376191005
2017-08-17,WFC,52.47,52.6335,51.79,51.8,16814287,-1.0846121632592336,-1.0795614136970046,-0.8683941492293831,-1.010480730247977,-0.4229833758710294,-0.1758685905360516,-0.3494644256578995,-0.4688035284451126,-0.9917220757421848,-0.3430375974054634,-0.0008191190517234,-1.8268823508030776,-0.221987009411787,-0.9910525153584104,-0.2342193674877602
2017-08-18,WFC,51.63,52.14,51.38,51.68,17130641,-0.1772231569480165,-0.168381800090769,-0.8679255816260252,-1.559132005985673,-0.4444535921765523,-0.1969895873706899,-0.2969466927223669,-0.5045588202904843,-0.8425647898581134,-0.309928567433727,-0.0008682957645928,-1.6335377017135235,-1.0853460652126066,0.0468500045981101,-0.3657230282760565
2017-08-21,WFC,51.74,51.91,51.4,51.82,13503090,0.1356596312865487,0.1427245998007444,-0.739843377912794,-1.559132005985673,-0.4524398003287357,-0.1791787799737168,-0.2813015983631855,-0.501913737572502,-0.8304960453446043,-0.6598899070103997,-0.0015027542144,-1.5179139960633494,-0.1777203456128128,0.0905010527951412,-0.7711031689816805
2017-08-22,WFC,51.95,52.27,51.92,52.22,12984102,0.4475754544286343,0.4513213364906109,-0.4727635027544197,-1.048360521231222,-0.4396547490508133,-0.1114652698522855,-0.3890309534245479,-0.5657510039298472,-0.925010560902246,-0.6883929534932953,-0.0015186116429799,-1.1743882304517128,0.1352440652921034,0.3663491275539995,-1.032739050710315
2017-08-23,WFC,51.83,52.48,51.8,52.03,10019524,-0.2595189676922557,-0.2504706928579657,-0.4965965257106292,-1.0352344862106575,-0.4336968262556708,-0.0748673729434261,-0.5060759335734736,-0.5653895289637824,-0.9377785817074166,-0.9711626819831878,-0.0010062985813557,-1.2777502714681503,0.4472412588494591,0.2652203395967672,-0.5021102862118038
2017-08-24,WFC,52.19,52.5288,52.035,52.16,12345029,0.1225593072234221,0.1297299595351707,-0.3691725039695235,-0.6506405926615393,-0.42070540719672,-0.0274849571122277,-0.6456339435906958,-0.557115295872644,-0.8520081372794628,-0.7043293398425935,-0.0015111244661381,-1.0684935065019192,-0.2600376251117556,-0.0697454367487186,-0.8023339390091576
2017-08-25,WFC,52.27,52.57,51.76,51.77,15307840,-0.498499007477412,-0.4894686245495899,-0.5260081848322171,-0.7011210339065765,-0.4225831738188604,-0.0278520524230873,-0.6332038122227774,-0.7619005990017198,-0.5890608289447812,-0.3018961903271722,-0.000874235920751,-1.4505948784048983,0.1221403237081904,-0.7490235066654837,-0.2873622232585924
2017-08-28,WFC,51.95,52.02,51.42,51.63,12425896,-0.201358516488075,-0.1924451990120478,-0.5391572816117441,-0.9122007205205824,-0.4263624049666951,-0.033040065627932,-0.6832205933659042,-0.8433783378880394,-0.7964337422113219,-0.5975228183534482,-0.0009786638705052,-1.6052079731696665,-0.4990800083358652,-0.491698095635164,-0.6228072314367775
2017-08-29,WFC,51.21,51.5,51.13,51.42,10715516,-0.2862245511807257,-0.2771325359663936,-0.5788370391408371,-1.0800685629774318,-0.4343118186934914,-0.0479244543619659,-0.7690961826649195,-0.8528748684436552,-0.8898553098975168,-0.7648365696500901,-0.0010347903865754,-1.5406622743456078,-0.201862001416423,0.2835033062767983,-0.991632767966692
2017-08-30,WFC,51.46,51.74,51.2,51.36,11427543,-0.1056425278808475,-0.0970695407485888,-0.55319362555182,-0.6525596054605531,-0.4396018078787753,-0.0529866523603109,-0.8174760130044026,-0.8697576383705684,-0.7864922781621335,-0.6468240987682206,-0.0010364286429298,-1.583807939486276,-0.2867501753657992,-0.1731330785663563,-0.7150765469549093
2017-08-31,WFC,51.0,51.24,50.87,51.07,25231147,-0.3845309121052012,-0.3753769196716195,-0.6415534252011273,-0.8250646514980927,-0.4516965582203474,-0.0745517488339271,-0.8342523968802358,-0.8659253977671564,-0.8082945597827824,0.987420766553182,-0.0008187683301119,-1.6463782949709838,-0.1061210430924863,0.0773819777970286,-0.9875228816304558
2017-09-01,WFC,51.06,51.49,50.93,50.97,16217688,-0.1549033026925448,-0.1461368136692207,-0.6457709512709154,-1.8948069096006697,-0.4615924869000034,-0.0861440969069172,-0.8016738338691304,-0.8994772793706989,-0.687231824794187,0.0844087737580271,-0.0010063239876334,-1.7477049419314448,-0.3850821817651709,-0.1594865599506131,-0.6756699617453913
2017-09-05,WFC,50.63,50.67,49.76,50.1,31251308,-1.0956700203670433,-1.0907485827183472,-1.025336201338243,-2.1700730002509023,-0.4996114105822995,-0.1678060803755663,-0.6513991361456755,-0.8038935045745244,-0.8495321614515606,1.946477828882783,-0.0008229507150862,-1.5671952529472175,-0.155394668710092,-0.8172003378395709,-0.0775478140134581
2017-09-06,WFC,50.25,50.27,49.56,49.88,26854049,-0.3063846308698094,-0.297267203498945,-1.0676246818219304,-2.184029536481021,-0.5339411190737868,-0.2236396907577636,-0.527082986045066,-0.8168161610458715,-0.9559978212154993,1.363683283453024,-0.000929400770454,-1.601239046641425,-1.096406807016729,-0.5826182525336765,-0.4050366086708485
2017-09-07,WFC,49.94,49.94,49.27,49.68,23367261,-0.2826273080820894,-0.2735405155488631,-1.093117979225823,-1.9943053510522009,-0.5642110523880061,-0.2578567876447013,-0.4246175640342807,-0.8246330400057051,-1.032700836851323,0.8420325376482791,-0.0009977367905528,-1.547925154421514,-0.3069155142752701,-0.4196578432399011,-0.4673630359147112
2017-09-08,WFC,49.61,49.98,49.43,49.58,18975665,-0.1583141539586623,-0.1495357065670075,-1.085925660082092,-1.987671079317036,-0.5870645803292226,-0.2661407653947073,-0.301142095602652,-0.9046319091881444,-0.8374889296641128,0.2952862487302493,-0.0010599116795119,-1.6292367716966607,-0.2831519938435786,-0.0720039839288604,-0.6668085180315809
2017-09-11,WFC,50.0,50.8,49.94,50.66,17987052,1.3231693562719111,1.309468447346119,-0.5031105345251071,-0.9693187325860436,-0.55793667789841,-0.1389686406574334,-0.288205543778963,-0.6706969225764616,-0.5294096294101331,0.1514823765455824,-0.0014052748021505,-0.7510713051250903,-0.158806409775198,0.9709670132636022,-0.1765363169835771
2017-09-12,WFC,50.85,51.73,50.84,51.57,17129536,1.0853382270569905,1.077550321424759,-0.0059932165008932,-0.5806407190314871,-0.4950287381501538,0.0497182936771398,-0.3543046875537306,-0.6615647077239729,-0.5204655547146209,0.0416616356556667,-0.0014071574126152,-0.0111355879212632,1.323063579497154,1.0434432390281627,-0.1530193677015111
2017-09-13,WFC,51.39,51.51,51.18,51.46,12617331,-0.1657938736672412,-0.1569898558131227,-0.0265678022374519,-0.53814991869104,-0.4460571327656242,0.1647959564012005,-0.4334301665020951,-0.6620272626753665,-0.5537457071488833,-0.5151173118361975,-0.0011139490844163,-0.033597819006192,1.0851704065630223,0.0765950070600343,-1.056879989271041
2017-09-14,WFC,51.54,51.72,51.08,51.29,13739413,-0.2386677565137789,-0.2296616118756493,-0.0776929822656211,-0.7175223507365625,-0.4108968168366837,0.2213080652777966,-0.5097668222671466,-0.6616352781397743,-0.5577060126408778,-0.3915925973861949,-0.0011087149137169,0.1150839266974218,-0.1662880807406663,-0.39278815136134,-0.5513911653522171
2017-09-15,WFC,51.28,51.68,51.25,51.66,28494345,0.416126083570909,0.4202762460131873,0.1155625304926782,-0.2560937651361622,-0.3659481471124272,0.2917128065454724,-0.5153409581013436,-0.7399571284998634,-0.2071703267894667,1.2680664044518113,-0.001507801484025,0.5262105100496485,-0.2391809744153494,0.5335445716293783,-0.8976233666165597
2017-09-18,WFC,51.67,52.84,51.61,52.71,20943426,1.232411223179578,1.221069227624209,0.626641405197101,0.3653852818290906,-0.2873859241361374,0.4345573069859604,-0.4416912414151855,-0.5923966024652318,0.1252309837989446,0.3639128123159135,-0.0014581294717293,1.3218301247790114,0.4157836837001372,1.4943696610070007,0.3534542601364892
2017-09-19,WFC,52.72,53.59,52.53,53.36,17046989,0.7347467832445624,0.7340833867596614,0.9185051586812044,0.7359331587800289,-0.1989464454996526,0.5742567933745365,-0.3078995515008594,-0.5498384959605396,0.2689816812837381,-0.103674731937486,-0.0014328069821168,1.2658968647827502,1.232281770058733,0.8908523130054344,0.064247891215737
2017-09-20,WFC,53.39,54.1139,53.28,53.75,21560419,0.4220383389656491,0.4261136878215293,1.0770185800748444,0.8927163990000752,-0.1138920882112608,0.6773031384089678,-0.1613897541514088,-0.5515570925716597,0.2628260139612175,0.3522319249168855,-0.0015008177865786,1.1931482330914744,0.7344875029102892,0.4831167261217872,-0.2983389224620857
2017-09-21,WFC,53.55,54.24,53.52,54.06,16210868,0.3260735685680117,0.3312951553634931,1.1809006289531927,1.1601300479484806,-0.0355717426123679,0.7424069842711628,0.0070026402064981,-0.555913327312231,0.4055327662631253,-0.2725388400663214,-0.0014566755031315,1.322485859488732,0.4216974814426549,0.6932242601975057,-0.4813457517484876
2017-09-22,WFC,53.92,54.36,53.75,54.25,18047820,0.1858168893332381,0.1924520311103771,1.2217448703974283,1.2708608081432726,0.0319112723548745,0.7665949584755279,0.1667096774836038,-0.5551893559441216,0.4209986732421049,-0.1017298908843342,-0.0015008211018111,1.371039858456408,0.3257076764278573,0.4360738256838853,-0.654219306518919
2017-09-25,WFC,54.07,54.325,53.55,54.03,11595884,-0.2854710338293449,-0.276380095360262,1.0498475362136142,1.7506044569655008,0.0741825393530526,0.7210507325771897,0.2836758598501908,-0.5741457504630351,0.4736588801393491,-0.7836965973699945,-0.0010598641056215,1.227362070983452,0.1854144080129685,-0.0822083837826302,-0.3958923630070153
2017-09-26,WFC,54.1,54.28,53.76,53.8,12052460,-0.2980219291274618,-0.2889142483901574,0.8760014483046991,1.7424338808008373,0.0958302171849143,0.631530588371573,0.3628402112717063,-0.5679626023125441,0.4497961948697118,-0.7327473650359195,-0.0010644115762827,1.077153474988995,-0.2859964614420894,-0.4452728456446406,-0.7857988650941815
2017-09-27,WFC,54.47,54.53,54.055,54.21,15840785,0.4414611200415533,0.4452868204757793,1.0099264692933774,1.9672658814619637,0.125973680466966,0.5817824785041908,0.4564641072995093,-0.5731094957464455,0.629401174677831,-0.3439822919098485,-0.0014629021146706,1.2406471757705289,-0.2985506309298647,-0.3869455969666235,-0.8610728721347224
2017-09-28,WFC,54.29,54.33,53.74,54.25,14531655,0.012942372368755,0.0208903173199384,0.9541691123338852,2.055662726884284,0.1480342313378353,0.5211787132081289,0.5321024755680575,-0.5771036397773989,0.6589274137607258,-0.4972469233973877,-0.0014621123247551,1.265926122823323,0.4411253293976484,-0.0819818926563792,-0.6849440471931835
2017-09-29,WFC,54.25,55.23,54.09,55.15,20872334,0.9998561919477494,0.9939808773017555,1.2991092306122174,2.034433170268255,0.1969707484256359,0.5418739753542428,0.6510969350451318,-0.5438583883893487,1.0058365814175192,0.2035600694675342,-0.0015848980836633,1.398258865784263,0.0124947927553198,1.2270771200103416,0.1314064628432506
2017-10-02,WFC,55.16,55.47,54.855,55.47,11764416,0.3282473295601764,0.3334445602583969,1.3404827014151977,1.954850938289406,0.2438401157800314,0.5531093772425364,0.7581140139281994,-0.5555883181443827,1.1291577929304883,-0.7620794252810135,-0.0014627044773779,1.442878752192886,0.9996660714991816,0.3982855774946754,-0.6673176174093884
2017-10-03,WFC,55.33,55.62,54.85,55.58,17405089,0.0904650012036337,0.0978830370207489,1.2514180074646573,2.0757856279345317,0.280385299539461,0.5355234279065775,0.7736621604975263,-0.7312371440874276,1.438956011574669,-0.0737654912619168,-0.0015962072548628,1.4219390259727764,0.3278820044955646,0.315052440472305,-0.4367276126150493
2017-10-04,WFC,55.31,55.35,54.895,54.96,14697750,-0.7274901641225602,-0.7193456838465242,0.8126582089226045,1.6721653916443555,0.2800230588266424,0.4264555931933554,0.6774784236857673,-0.6631954386872456,1.3282662650659898,-0.3216173406439438,-0.0009006239588219,1.0973732695610694,0.0900376451506373,-0.5044059525209258,-0.901365911623272
2017-10-05,WFC,55.0,55.77,54.78,55.39,14560658,0.4541028675084996,0.4577628897307276,0.8787416701710999,1.683258258322866,0.2916013628762973,0.3699360820895008,0.536096480205082,-0.6932028632190298,1.5205302513685304,-0.2929659668091429,-0.001544414318967,1.2436375874881296,-0.7281309025900956,0.509414289374191,-0.1017508606487372
2017-10-06,WFC,55.48,55.68,55.22,55.58,11151225,0.1805628506968037,0.187244889649777,0.8193561022848782,1.4988716394078854,0.3030651361113571,0.3244256728612532,0.3239272229728882,-0.7142946860705885,1.6098384417764944,-0.6710605894289147,-0.001501951503221,1.334543504831979,0.4537703747551305,0.1098618650799215,-0.9015650777907906
2017-10-09,WFC,55.62,55.7,54.92,55.14,11377035,-0.5258628386503755,-0.5168934613176202,0.4920333008420581,0.9036353102680638,0.2897970419556991,0.2243579445645292,0.1620082670338928,-0.7603116276469477,1.131294109153402,-0.6144628074864781,-0.0009509642958331,1.0180847626211256,0.1801589987397342,-0.678327641775586,-0.4123998839977844
2017-10-10,WFC,55.37,55.72,55.15,55.61,12800536,0.4976763839401643,0.5007460919377501,0.6197961542754092,0.9340251824771972,0.2927088232767858,0.1859504828739597,0.0887532668550235,-0.834623407912606,0.9830691052434112,-0.4136232220263918,-0.001539732702697,1.3294738383355704,-0.5264509779934478,0.3011609358442099,-0.7370838381917367
2017-10-11,WFC,55.44,55.71,55.26,55.66,12843107,0.0229813328686135,0.0308660540070242,0.5395942533174117,0.8314100295632353,0.2919229665333672,0.1457068567968838,-0.0351654079891602,-0.8467864877299097,1.0311920743257963,-0.4093635430360661,-0.0015764377356164,1.3649128739159788,0.4973552583405711,0.2734921204171076,-0.9175296716882496
2017-10-12,WFC,55.69,55.71,55.06,55.21,15067498,-0.5363398604135429,-0.5273970575004164,0.2260820926218446,0.3906301164860581,0.2687954888914982,0.0560050083450198,-0.2644993221324155,-0.8066940277500388,0.9549889132603132,-0.1341981599456334,-0.0007976619107552,1.0310332519787704,0.0225363721488803,-0.6775080911136275,-0.6101328374695659
2017-10-13,WFC,53.49,53.71,52.84,53.69,35310028,-1.7470372855410938,-1.7533250938306029,-0.5540893493878928,-0.3510914478801341,0.186796820677161,-0.1672899015051091,-0.4944528527789024,-0.4694704596733052,0.4096367847476611,2.338170642100424,-0.0003438951534444,-0.2192120165283636,-0.5369307329286712,0.2561728309381431,-0.2408573782038169
2017-10-16,WFC,53.65,53.97,53.42,53.8,22802389,0.0945581406853739,0.1019455379518169,-0.5270016692397812,-0.1889912872378273,0.1230270853454467,-0.2990048699494071,-0.600519442149652,-0.590655748517132,0.1362289689930853,0.7697603695875772,-0.0016811473649047,-0.5783057011286352,-1.7479439963207155,0.1849186359873486,-0.7393262670947877
2017-10-17,WFC,53.98,53.9999,53.12,53.19,18614716,-0.7388957247270308,-0.7308177129783563,-0.8159896689201617,-0.6690770665203113,0.0462528621386235,-0.4378501726281207,-0.5831504258088164,-0.5909839766884741,-0.2142669313117827,0.2420267873207955,-0.0008176370908276,-1.4842162534732073,0.094131852421937,-1.1320207056669591,-0.2126508024504504
2017-10-18,WFC,53.41,54.07,53.32,53.41,21604023,0.2245104102231127,0.230786694302413,-0.7023302113281471,-0.5733054788373612,-0.0075422218311748,-0.4897785059520303,-0.5570221969918656,-0.604546666989325,-0.2603779141079559,0.6088211926858234,-0.0016705175256623,-1.2346190049280383,-0.7395394385973317,-0.0263165508545973,-0.4210253704184752
2017-10-19,WFC,53.11,53.93,53.0,53.75,12669710,0.3633292284239997,0.3681230655317931,-0.5316329098863809,-0.8905171925385598,-0.0380518012973741,-0.4713846848698949,-0.541193316434596,-0.6018003987605209,-0.251695047209829,-0.4714224538021619,-0.0015393203410084,-0.8488778026309532,0.2241180229975619,0.8841173128754135,-0.1493332190670142
2017-10-20,WFC,54.21,55.07,54.04,54.92,28407666,1.3222021685452667,1.3085270630078685,0.0145162188357123,-0.4297824969324313,-0.0176771437226083,-0.3256944778133055,-0.5435741834882645,-0.446772688704225,0.0139053208362174,1.373529789316546,-0.0019873467765702,0.4785257464501813,0.3629730552794484,0.9632013879746556,-0.0283034154506018
2017-10-23,WFC,54.75,55.0401,54.7,54.91,18102146,-0.0443321751526829,-0.0360542870233603,-0.0115090275049542,-0.4867430063202205,-0.0035785257924946,-0.2252967301737609,-0.5562784406053507,-0.4540149979589454,0.0717265219906194,0.0922863042172537,-0.0005942045819727,0.4671804169708496,1.3220961394573494,0.1944740541805615,-1.0751296488095012
2017-10-24,WFC,55.0,55.56,55.0,55.42,18779387,0.5452519832508919,0.5476431074346058,0.1939224211182897,0.0188841804065004,0.0256740083666178,-0.1059726125575195,-0.5709289222575167,-0.4424999763505483,0.274757440988087,0.1295210288795276,-0.0017880455222368,1.0457922204164776,-0.0447946961489222,0.5506243540071762,-0.7491932387619213
2017-10-25,WFC,55.49,55.58,54.87,55.255,13492264,-0.2183546895198627,-0.2093963106830356,0.089608625509311,-0.2525828441212021,0.0402035917241203,-0.048409940377937,-0.5762251395204872,-0.4496649648197256,0.115633993778473,-0.4718987292760375,-0.000755089448963,0.8585942840076007,0.5449432688404255,-0.346278156778375,-0.520434204819972
2017-10-26,WFC,55.45,56.17,55.45,55.62,15979177,0.3782641811267533,0.3828803944792358,0.2311276652196881,-0.1706621500542315,0.063653301020078,0.0206004479747763,-0.5691357577920202,-0.440138616574265,0.2034091855889981,-0.1898238008870403,-0.0017339036153808,0.8938397595221993,-0.2188626082907893,0.2053120059944468,-0.5124778248646894
2017-10-27,WFC,55.23,56.04,55.13,55.87,17258583,0.246840515284232,0.2528989058313418,0.333161143189688,0.1557007681551266,0.0893501594902067,0.0815928819474547,-0.5390159404428068,-0.5164149687042258,0.0242604148058068,-0.0203486088607212,-0.0018873214502866,1.1434029380088733,0.3779119041080582,0.8491703675357862,-0.2338837366788722
2017-10-30,WFC,55.45,55.96,55.31,55.85,12249199,-0.0552827935434023,-0.0469477882606183,0.3143740532208949,-0.0668603524289939,0.106009837236506,0.1071252815140498,-0.520364860225379,-0.5255580945790564,-0.0668660101605099,-0.6098063960557614,-0.0006467828935451,1.1234378837299432,0.2464539533800885,0.5186918182019925,-0.621376566711341
2017-10-31,WFC,55.95,56.52,55.9,56.14,14619169,0.2902775625810193,0.2958894934721973,0.4392470058446435,0.0455487169224194,0.1274604601811269,0.1398830116335272,-0.4870621071360826,-0.5187335266229428,-0.0195016397044016,-0.3183453531475038,-0.0018282115612836,1.0996208760439308,-0.0557481712602688,0.230248939413305,-0.6709225321223743
2017-11-01,WFC,56.32,56.84,56.19,56.21,11678320,0.0446324326323111,0.0523753289219538,0.4421887593048493,0.3324969963485571,0.1438606517985054,0.1530894724340195,-0.4414199995909709,-0.5687436575897459,0.1665511961736931,-0.6532639877914463,-0.0018354884275183,0.9193201600456912,0.2899023322295398,-0.1738786312461397,-0.6275886471051055
2017-11-02,WFC,55.8,56.52,55.35,56.48,15630001,0.2660551956000679,0.2719197733277387,0.544306400968354,1.679299748742622,0.1638984826648186,0.1730178618806112,-0.384374007619458,-0.5799261831306566,0.1215344056760261,-0.1884406657133996,-0.002251553105892,1.1437024138230565,0.044193120099839,0.8943862073733528,0.1351067885101335
2017-11-03,WFC,56.25,56.44,55.901,56.35,10049173,-0.1762953503253348,-0.1674569464026084,0.4636175917978726,1.510859944837028,0.1709951111217806,0.1556501412140349,-0.3466446834603542,-0.5786476084819729,0.0359891015487739,-0.8471906132363117,-0.0002236389780732,1.035666513856179,0.2656736462871449,0.107997733875129,-0.7941504624158264
2017-11-06,WFC,56.1,56.43,56.0,56.18,10414893,-0.2208197586640938,-0.2118552296720357,0.3574703577635001,2.024516833055289,0.1663154622910911,0.1114440296664416,-0.3178378037608108,-0.60089524249179,0.1095272486744002,-0.8000992045603194,-0.000470209493255,0.8943887985148715,-0.1767922969504377,0.0814221802120242,-0.9534355132472484
2017-11-07,WFC,56.17,56.29,54.67,55.05,18679065,-1.2852492002854787,-1.2828597802044346,-0.1667342380905959,0.7991703560569459,0.1151118667470047,-0.0436726975200739,-0.3224853617644343,-0.4808585636716995,-0.3153724312858027,0.1490083620013158,-0.0001589096233039,-0.0446924858126351,-0.2213283205049933,-1.5327790642910726,0.8612136452933714
2017-11-08,WFC,54.8,54.99,54.05,54.26,24047114,-0.926435636582616,-0.9197560123939352,-0.5098805470886444,0.092407306236735,0.0412698276824473,-0.2260370431788838,-0.3090496382413305,-0.4225739929221355,-0.5368835132356272,0.690309065054109,-0.0002392951519314,-0.701218339457527,-1.2860354430238012,-0.7708049447716369,-0.1475272230293962
2017-11-09,WFC,53.9,54.19,53.21,54.0,24358972,-0.3313205869077686,-0.322180788701599,-0.6054774967389573,-0.8008865689719216,-0.0288465982869544,-0.3623388557339971,-0.2783720576407438,-0.4337235698030786,-0.4893520614171271,0.6552097635425934,-0.0004961889712098,-0.9172901393912876,-0.9271282745515844,0.1138537370126959,-0.0788416397254951
2017-11-10,WFC,54.02,54.13,53.791,53.81,13671702,-0.2520521009170662,-0.2430181091891169,-0.6989129366689876,-0.8920389407062387,-0.0925215496971334,-0.4548000611501546,-0.286788169867826,-0.6879590677374717,-0.1346517319404566,-0.4335932215565007,-0.0009125314392247,-1.1801082421953304,-0.331857975430788,-0.3200202695458001,-1.0662811312827318
2017-11-13,WFC,53.52,53.91,53.41,53.72,13447019,-0.1371258214362459,-0.1284246797378447,-0.7399784202330232,-1.3844316127383651,-0.1465334079781243,-0.5038963901149806,-0.2812103903296022,-0.6883383915243906,-0.1893156850561275,-0.4156571149559068,-0.0009524856495511,-1.2580187469791415,-0.25256881043266,0.2560144848721157,-0.8156271446738479
2017-11-14,WFC,53.52,54.1,53.32,54.04,20830063,0.337863450610712,0.3429520416039555,-0.6072300425809745,-1.0129007681928694,-0.176407022392394,-0.481042029104482,-0.3497659829246765,-0.7305957063269365,0.0672206831239291,0.4618698510397206,-0.0016497156787688,-0.981003618858934,-0.1376125497889971,0.7077441420348668,-0.3884025410223096
2017-11-15,WFC,53.63,54.115,53.485,53.75,18238575,-0.3670972805533211,-0.3579429040950971,-0.753365432890041,-1.4793389360040927,-0.2107618185456895,-0.4742930249505161,-0.3796074447267152,-0.7213934672106467,-0.0739845917979512,0.1722870762160222,-0.0008250929913521,-1.2320485787178714,0.3375006341324082,0.1427346186262195,-0.6144915022982435
2017-11-16,WFC,53.95,54.86,53.86,54.6,26361825,0.951549666228145,0.9467052421713448,-0.368399261690363,-0.9573566217088956,-0.2038818724595224,-0.3627563049431893,-0.4278173859884293,-0.644610186578616,0.0647754612748387,1.0328251972765463,-0.0017673757159178,-0.6084068246311327,-0.3676440022495974,0.8839459209582928,-0.0649345366638862
2017-11-17,WFC,54.21,54.46,53.97,54.15,15814821,-0.5461117367213076,-0.5371953259129497,-0.5646387801835991,-1.1340658087184383,-0.2153531816281519,-0.3207627440533759,-0.4004984834067615,-0.8055847999281199,-0.3733881501703041,-0.1286004682000789,-0.0008545778785325,-1.020495444975246,0.9513469439114884,-0.1099377851218612,-0.8371776191766256
2017-11-20,WFC,54.12,54.21,53.85,54.05,16943059,-0.1479693348311608,-0.1392277312886277,-0.5921659679937683,-1.3940782533297713,-0.2274540310593985,-0.2887883211402079,-0.3699714794469688,-0.8051567124395759,-0.3974975759334644,0.0152147564927114,-0.0008779069040196,-1.112070693940605,-0.5467051584550845,-0.1240368938189899,-1.0362321437366684
2017-11-21,WFC,54.08,54.579,53.99,54.52,13757036,0.5083781960663831,0.5112983580349343,-0.346779547721133,-1.0926992501823982,-0.217733142640675,-0.2070400052366718,-0.3665413927673351,-0.8101526731715738,-0.4059810017970713,-0.3464069235731735,-0.0015045006253302,-0.6816670238034174,-0.1484588919637381,0.5883799260427249,-0.6909613512751573
2017-11-22,WFC,54.46,54.62,54.025,54.06,11421659,-0.5582839603177673,-0.5494025935958927,-0.5382447731693376,-1.4399227436372324,-0.2272098643896853,-0.1910556706061168,-0.3439963670599453,-0.7877713081965513,-0.4851029867125437,-0.6256585516329228,-0.0010027204000815,-1.1029131690440643,0.5080598622805816,-0.5812323434397593,-0.6740502908692085
2017-11-24,WFC,54.19,54.3088,54.0,54.09,5386489,0.0015533673248695,0.009571092120601,-0.4878769522208565,-1.3780776967225632,-0.2325549566584402,-0.1676334597439075,-0.3386889286816349,-0.8126470045506727,-0.5714758846833995,-1.3527191134717311,-0.0013468800230492,-1.075440594354456,-0.5588805574559812,-0.1657367116969405,-1.1155306398537916
2017-11-27,WFC,54.02,54.46,53.86,53.95,11066809,-0.194137201302779,-0.1852444339719652,-0.5096090011156176,-1.368612764625014,-0.2412163172121365,-0.1574317085312963,-0.3476385663038766,-0.8280855599988328,-0.672187439693426,-0.5949890441590164,-0.0010203370730076,-1.2036459429059576,0.0011028166275676,-0.1242177904183316,-0.6644561408770219
2017-11-28,WFC,53.87,55.89,53.72,55.57,25685169,1.836476074607183,1.807072063460536,0.2735904387248059,0.0638358707121404,-0.1839006340825847,0.0205534671100502,-0.3629415811886203,-0.4673172583282904,-0.2411069204404514,1.1790319719643187,-0.0017205298631554,0.2798730903328378,-0.1946388023849998,2.3579053680761493,1.6631239021113553
2017-11-29,WFC,55.84,57.25,55.7,56.68,29631806,1.210596212183535,1.199802387907123,0.792303878303995,0.9286120515516142,-0.0953893431242804,0.2432385651539505,-0.3123843969259433,-0.3517092583524776,-0.0262098186137656,1.5087030124864569,-0.0019085947494406,0.9738729412170885,1.836504205693884,1.1102074379490303,0.6877574644606271
2017-11-30,WFC,57.03,57.33,56.375,56.47,30984403,-0.2636627310316158,-0.254606916806602,0.6852647941284006,0.9607132532976826,-0.0348031405211062,0.3495079468826175,-0.2901251065949347,-0.3467735487178129,-0.0995441463901784,1.4696475633829371,-0.0003266282275675,0.748996198260715,1.2104610681154149,-0.7681892439961615,-0.1818937497422868
2017-12-01,WFC,56.57,57.18,55.44,56.2,31242412,-0.3306703856161768,-0.3215310434233257,0.5628088073284032,0.9095917139179815,0.0008795625509346,0.370422273176577,-0.3141228886149552,-0.3465237608776005,-0.2402856229624337,1.350219315818224,-0.000548235353515,0.531149349933176,-0.2641824694470727,-0.5204682303556355,0.9889802808047256
2017-12-04,WFC,57.27,57.99,57.2,57.39,28720384,1.2852791281815397,1.272578377244489,1.1069141028016949,1.2508649450265503,0.0734487509473727,0.48209891245009,-0.1998988023036106,-0.2233118562923065,0.1035791549734486,0.927082808958676,-0.0017533427676357,1.0256174713423631,-0.3312076045192373,0.1319899659824239,-0.4440982711498056
2017-12-05,WFC,57.65,59.41,57.4438,58.55,39754878,1.2253995571983614,1.214234548534731,1.6017518356523883,1.4024223293138445,0.1729233940359728,0.640694401079475,0.068818938510568,-0.1343766273148215,0.4520873500106406,1.7813872584221986,-0.0021089047764015,0.9817826034508628,1.285163466869463,1.153156244365228,1.2073916814130092
2017-12-06,WFC,58.56,59.1,58.12,58.57,26758332,-0.0117294205073472,-0.0036329273443815,1.521977283274529,1.5686436665874215,0.2479900631881538,0.7047450872445203,0.3076689880811375,-0.2763958449028754,0.7716085054108069,0.4821355949882121,-0.0020902603952153,0.992505769700679,1.2252682749232051,-0.0134149481974158,-0.1968550239858166
2017-12-07,WFC,58.45,60.0,58.29,59.36,32990684,0.8067487003984731,0.8047777608396114,1.7679759300933242,1.559750096648983,0.3330367078632663,0.7816739213711436,0.5673386372006572,-0.347120522823354,1.212939610249096,1.0068203618244345,-0.0027470938397007,1.1295538355561854,-0.0121834363253056,1.1499387869730755,0.8094993681616015
2017-12-08,WFC,59.71,59.92,59.145,59.31,22017053,-0.0854371123732754,-0.0769547346702028,1.6101518482882309,1.806214673349768,0.3922512371742522,0.7767255684151073,0.739908600511507,-0.3650834546130946,1.2767004195906089,0.0029249754288372,0.000949707379293,1.0995126951816117,0.8065082034200426,-0.5324413886403605,-0.5023141890047599
2017-12-11,WFC,59.27,59.3,58.62,58.87,15876592,-0.4948664949042541,-0.4858289266964328,1.276924829547462,1.5951406759415718,0.4153783382226613,0.6798784669335985,0.8110972408726851,-0.3411013000393102,1.2135663612479657,-0.5754665509887572,-0.0003594799378874,0.8805546298410856,-0.0859103565376361,-0.536198684551045,-0.6286640673968678
2017-12-12,WFC,58.71,60.56,58.71,60.33,25040438,1.5110286681411742,1.4920450606830942,1.7959492009769344,1.723705376577642,0.4838918097071162,0.7192245219418688,0.9663770222067514,-0.2432339872023085,1.6396357144016218,0.2124136529855961,-0.0022994309130375,1.3372763000365622,-0.4954465481382695,2.0584031214322582,0.9642966780200816
2017-12-13,WFC,60.31,60.5,59.38,59.4,18227043,-0.9927171581466449,-0.9866698917420388,1.23030266193005,1.4812659318794563,0.4941955744332298,0.6008705828102203,1.0033999693786106,-0.1254442632488346,1.2892200417435495,-0.3920200824904469,-5.497763698437697e-07,0.8978539347464829,1.510971898787923,-1.1662954017255645,-0.019913759568675
2017-12-14,WFC,59.48,59.99,59.21,59.22,14730970,-0.2216567627443634,-0.2126901677008097,1.0141286401104928,1.3904316130348544,0.4879563717075998,0.4636061180649334,0.9715922113166094,-0.1366812810429344,1.3271356245256831,-0.6983381865679372,-0.0005492029923503,0.7916502053839753,-0.9934270871747204,-0.3565698148378197,-0.4936226123562967
2017-12-15,WFC,59.36,60.65,59.35,59.87,36467523,0.6503495221978125,0.651115879183172,1.1867551581320377,1.541439279170645,0.5011201772631668,0.4037375555691823,1.0039679610254952,-0.1588785539890513,1.250070961672736,1.2132067023060558,-0.0026162905794182,1.0687284492772802,-0.222165542937025,0.6227975062855572,0.2183156018740366
2017-12-18,WFC,60.42,61.13,60.37,60.92,19970907,1.0588853562051426,1.051701361654524,1.5045437077136063,1.46855730288914,0.544898608376516,0.4346442247393129,1.0438659185447143,-0.1685288410107697,1.668680764768477,-0.2765760791331498,-0.002732061245626,1.3486711782572685,0.6500682248971992,0.5989051072095374,-0.5516152152061831
2017-12-19,WFC,61.18,61.27,60.28,60.36,17062716,-0.6052957968140813,-0.5965723892270574,1.0973232681913312,1.0211408994059348,0.5495234731176277,0.3585889542468587,0.981490599096917,-0.1240779472640304,1.547086000531873,-0.5343795701602382,0.0015035227847925,1.0422158119183589,1.0587106348715036,-1.038942635058348,-0.2244012581153119
2017-12-20,WFC,60.81,61.07,60.06,60.14,16544502,-0.2599140061015216,-0.2508650005975803,0.8645820180395152,1.0165070744461735,0.5366481870809461,0.2526996510092179,0.901766449503482,-0.1060356145613284,1.3464336939605226,-0.5891148309519693,9.570972901267796e-05,0.9453522439399028,-0.6059046580709276,-0.8587404294521152,-0.1916852594097693
2017-12-21,WFC,60.77,62.115,60.68,61.61,22130653,1.488775076384788,1.4704453402263158,1.349667345659829,1.378370720652361,0.57596173889036,0.3023213786241912,0.8263965684326895,-0.0689944987926329,1.883641231261425,-0.1421268408628341,-0.0024505423740965,1.2429130968732356,-0.260432766575875,1.0180062981629203,0.3498241759280731
2017-12-22,WFC,62.02,62.24,61.19,61.55,11653242,-0.0936271459556934,-0.0851072532174505,1.1467857188571935,1.1668782500867716,0.5961880496826343,0.2928885309175628,0.6752486571954534,-0.0636697988142307,1.858066762744512,-1.055817618709359,-0.0001166188942719,1.173666867118316,1.4887125016703844,-0.5988631330123106,-0.1695870647056709
2017-12-26,WFC,61.495,61.72,60.8,61.13,11662751,-0.457827493082611,-0.4487288680655815,0.7930004242076112,0.7268803645499727,0.5872229021074108,0.2102039414340453,0.3873253870662057,-0.0396931546949721,1.787099983404545,-1.056246567143386,-0.0004409989353685,1.0097987631598857,-0.0941025266786518,-0.4747497825575193,-0.337052829643708
2017-12-27,WFC,61.1,61.24,60.66,60.95,10010820,-0.2163175995664057,-0.207364376800196,0.5902885033602335,0.6399038604437473,0.564826832733453,0.1094853083454409,0.2178001733260033,-0.1778372325254823,1.2543988179436285,-1.167381640801948,-0.0007087900603401,0.812261960531002,-0.4583978838412539,-0.2117955651601685,-0.7982525555616155
2017-12-28,WFC,61.03,61.31,60.91,61.3,10550864,0.3245152469319314,0.3297542481605552,0.639959019098805,0.5237310414891502,0.5527839678925806,0.0555593721162858,0.1382999439783432,-0.2450636567360052,1.029627121824408,-1.080220007444186,-0.0017146388576735,0.9833595396640687,-0.2168249869155731,0.3079286071550144,-1.04750099934204
2017-12-29,WFC,61.46,61.58,60.67,60.67,10711384,-0.6728421054351275,-0.664408622231983,0.2685339264320326,0.2769524303293565,0.5108608380732411,-0.0644926645443468,-0.0357453345319232,-0.2052304354913932,0.9248465490834809,-1.0185516687011469,-0.0006654349309624,0.6753838972245462,0.3241489482677432,-0.9974507890057732,-0.3412796946472889
2018-01-02,WFC,61.04,61.355,60.7,61.09,13819293,0.3979974586691323,0.4023735887046809,0.3436813382715057,0.5733662350260481,0.4868574906722676,-0.1144090824101387,-0.2994355500816838,-0.2240537930030259,1.1104096542850808,-0.6639821858745977,-0.0018592375463116,0.6843849490066036,-0.6734685876998697,0.0355705601877326,-0.6977527283704933
2018-01-03,WFC,61.22,61.77,61.1,61.56,14203721,0.4459903315485854,0.4497569627559107,0.4560103763626323,0.288489981113108,0.479112757926885,-0.112492822465077,-0.4378745398120583,-0.3053852586218554,0.8996586399626779,-0.5728061938218456,-0.0020573635501706,0.9715799228152756,0.3976503295296698,0.393278466371147,-0.6842677635087437
2018-01-04,WFC,61.98,63.05,61.91,62.33,18740512,0.7457350952508548,0.7448773733720867,0.7065550857200272,0.9729168945429026,0.4958666550904135,-0.0479007628579787,-0.4202960208883664,-0.3653429492097962,0.7806896972440369,0.0076897779554091,-0.0027641836132151,0.9573999069680196,0.4456557224536556,0.4003230878379587,-0.067040576853138
2018-01-05,WFC,62.76,62.81,62.085,62.75,14217871,0.3865190499918221,0.3910355778254271,0.7950341387901151,1.167048226711152,0.5180062112570143,0.0176354783895603,-0.3971006637378948,-0.3646172398877575,0.8806667584425517,-0.4327581974015301,-0.0037977245461841,1.233371512438109,0.7454786814704552,-0.038354757540457,-0.6284215411918237
2018-01-08,WFC,62.66,62.73,61.94,62.04,15569369,-0.7374296147487651,-0.7293429398488916,0.4285102721612594,0.6381377038243834,0.5001479375643527,-0.0328892541228977,-0.3999045038302031,-0.337447362860263,0.4955950298887533,-0.188947642251621,0.0340092132185835,0.6849953768391811,0.386168926445499,-0.7738765061608731,-0.5300847179678786
2018-01-09,WFC,62.3,62.77,62.07,62.26,15766492,0.1877771395673687,0.1943946721246621,0.4584176609864712,0.3832098424770302,0.4873394798472365,-0.0603109007424492,-0.4111042729091793,-0.3401702807657946,0.5630123620238404,-0.1301881879758861,-0.0038480229458244,0.8500788843419681,-0.7380729461505636,-0.0748249201390073,-0.6543081348729356
2018-01-10,WFC,62.48,63.4,62.36,63.12,18107523,0.8269768488335825,0.824624054460202,0.7344021400696924,0.940465420296353,0.5035339613016981,-0.0075951518848881,-0.4209077576215865,-0.3379647989398112,0.8927886431688499,0.1393801943301156,-0.0500984910232708,1.2444201529425871,0.1873751696234505,0.7475813765253784,-0.2181538488885517
2018-01-11,WFC,63.65,63.669,62.69,63.01,22074996,-0.1414938904034695,-0.1327762228385441,0.6280045320968393,1.0037016975992727,0.5045270714480503,-0.0045506208601553,-0.3621163174245805,-0.4824906308146364,0.4849340018726167,0.6415841504591994,-0.0048298467252267,0.951594690032177,0.826741628832837,-0.7859888604021366,-0.2964389417073615
2018-01-12,WFC,63.2,63.4,62.05,62.55,25886119,-0.4875063945728259,-0.4784549236168932,0.3622297198063158,0.2665390210067929,0.4799814611484468,-0.067851222829012,-0.420585334967492,-0.5587540382385962,0.611355221714274,1.0343019150615658,0.0131368303043886,0.6086649956559601,-0.1419817582674588,-0.8033523159543752,0.2073996801592439
2018-01-16,WFC,62.79,63.15,62.175,62.5,17907786,-0.0827626597571961,-0.0742927650570041,0.2697472562641273,0.2721435335446993,0.4516585285472141,-0.1282144669833408,-0.5326559219099003,-0.5659769955244712,0.6459624697426617,0.0657499934865874,0.0003666071031085,0.5431407995950001,-0.4880845277554173,-0.3752577468497599,-0.291206495452538
2018-01-17,WFC,62.85,64.04,62.49,63.88,23892881,1.3416614249169163,1.3274644178316937,0.7695078285779284,0.9635868359803048,0.476336124481575,-0.0400826142398928,-0.4952396261183742,-0.4641830736301938,0.8162054215673259,0.8780561731782411,-0.0026017902284788,1.3092433135017278,-0.0832352062290903,1.2118431741300362,0.4308791644744097
2018-01-18,WFC,63.87,64.31,63.86,63.95,16305872,0.0352266029235749,0.0430320297435835,0.7327974370139582,1.0883535692346062,0.4912887802441819,0.0053910393638744,-0.4108461915942437,-0.535118383133499,0.5629932577817379,-0.0275286935639593,-0.0030603276243841,1.1613010219624635,1.341560472223508,0.068315401749724,-1.004875318733276
2018-01-19,WFC,64.15,64.2601,63.83,64.22,16524008,0.2298604092487767,0.2360852083021132,0.762674931812039,1.0688323534943651,0.5062332069115089,0.0417487806972978,-0.367932469630869,-0.585013646756727,0.7717225390345474,0.0028244472749005,-0.0065805723270374,1.3724843196352776,0.0347848366641272,0.0561249917990641,-1.0331659480049349
2018-01-22,WFC,64.0,64.75,63.97,64.73,12245161,0.4614231273667891,0.464986063748785,0.8774799621492095,1.5911306974627817,0.5303385914179657,0.0944151215395928,-0.3329555391778883,-0.595755629560262,0.9534286420593744,-0.5069983855043771,0.003041268292977,1.4266235857506278,0.2294694176935001,0.8354459986320188,-0.5870620388795279
2018-01-23,WFC,64.31,64.85,64.2249,64.49,12937130,-0.2638307255738588,-0.2547746115186342,0.7139410873651627,1.3427808729600963,0.5321663093313784,0.079205863904392,-0.2597401592923979,-0.754711688418916,0.5190554738031256,-0.372394373130877,-0.003022089656566,1.1572688826274216,0.4610925442715404,0.1851485607747612,-0.7835029789533088
2018-01-24,WFC,64.95,65.63,64.8,65.48,20180270,0.9227406157107892,0.918493801759157,1.0434726033569015,1.446975073225519,0.5643749602247369,0.1452384562905395,-0.1238232349648031,-0.6962907493247371,0.770266991913095,0.494411938438322,0.0064920691089789,1.342551341606096,-0.2643505078145552,0.5901953218944282,-0.5349263247638744
2018-01-25,WFC,65.7,65.85,65.4,65.65,17568706,0.1286390573569486,0.1357610018547975,1.015937669234294,1.3252621529345243,0.5881154369265836,0.1762675956068672,-0.0359049602976055,-0.7374556514194236,0.918458005675628,0.1259922139027031,0.000535419037304,1.3147792709812367,0.9225303778908132,-0.0838141042491679,-1.020061344372227
2018-01-26,WFC,65.89,66.04,65.25,65.93,16251896,0.2325370947944907,0.2387359649436164,1.0243390596715676,1.293537192381882,0.6092305421393608,0.1943332460418241,0.0234437027274006,-0.7558912090445592,1.0325069157725364,-0.0742436339803776,-0.0002401777536742,1.3747856480739526,0.1282216598843489,0.0195488521871278,-0.592699922074666
2018-01-29,WFC,65.78,66.31,65.66,65.82,16105189,-0.1368696078150044,-0.128169444953703,0.8811714624859992,1.7581110331388052,0.6128743224001997,0.1638148767256373,0.057723668485414,-0.7452749827529727,0.9154464405464914,-0.1240110115846262,-0.0019725467277717,1.1540757462803235,0.2321468015141917,0.019625550185509,-0.7682980933569381
2018-01-30,WFC,65.43,65.93,65.28,65.28,16158886,-0.5437730143253529,-0.5348501458962951,0.5597486236726343,1.2842131138937047,0.5860581507745038,0.0609967894731,-0.0294478673942901,-0.7673070203357657,0.9484781068150576,-0.148077146451922,-0.0022362624705677,0.8325566517355292,-0.1373562693285406,-0.1995210101862638,-0.7614899754952267
2018-01-31,WFC,65.27,66.1,65.16,65.78,18147919,0.4438577980832392,0.4476522816427375,0.66635748688923,1.1908410039628328,0.576146360511942,0.022253906297356,-0.0849718303014442,-0.765119232274031,0.9600384741047232,0.0588957980697863,0.0004953804381387,1.104718250303342,-0.5443658259496116,0.564022202505907,-0.4003782063846375
2018-02-01,WFC,65.37,66.09,65.06,65.51,15717623,-0.2885398272507856,-0.2794445608165598,0.472411047721764,1.0723138507172545,0.5496332059138708,-0.0514720262567411,-0.1492834784671077,-0.7490666331317396,0.7748861204210623,-0.2306178338354041,-0.0021683408468418,0.8384821090215263,0.4435226326679153,0.1354893222135661,-0.2809730368900151
2018-02-02,WFC,65.33,65.5254,63.83,64.07,18905283,-1.4015134296789904,-1.4009723853119052,-0.1531151365872644,0.4676863343809176,0.4648940826342585,-0.2603254133486565,-0.2092682963720754,-0.5655297721338466,0.2425117581631479,0.1361712381246864,-0.0029132300087665,-0.2610495415991526,-0.2890660554288639,-1.4834610373415509,0.6140154580342735
2018-02-05,WFC,58.7,59.89,57.5,58.16,103394442,-5.775855440844713,-6.016967277493192,-2.4855714181786577,-1.1974624388010542,0.161587125075537,-0.9899979658954424,0.3126435849729642,1.182384341694854,-1.2417600140823175,7.461763237139841,-0.0241938369749418,-1.6322721592891043,-1.402330002615158,-0.72134149100203,1.833446618711232
2018-02-06,WFC,56.905,58.5,55.87,57.28,83076895,-0.9750021124937324,-0.9687787538806976,-2.758993926891402,-1.7855674855084558,-0.1138030676310823,-1.501878735779926,0.7912453020317295,1.19345378957581,-1.2942979636925718,4.57708863689268,0.0012939560168366,-1.4323472327789255,-5.777813161486684,0.4715644690061577,2.2352553518265057
2018-02-07,WFC,56.94,58.115,56.75,57.54,45550954,0.2495997975493842,0.255630715359275,-2.56363765564332,-1.7157884111267747,-0.3198286693837763,-1.732840088656855,1.1460812172827248,1.1957686061339894,-1.2808806395067514,1.3848469698369832,-0.0019693733469279,-1.3495611025361052,-0.9757074201447752,0.7698034192241195,0.385740278146241
