date,Name,open,high,low,close,volume,return,log_return,close_to_SMA,RSI_14,MACD,MACD_hist,BB_width,volatility_20,price_momentum_20,volume_ratio,OBV_change,close_position,return_lag_1,daily_return,price_range
2013-03-11,PRU,59.4,60.49,59.3,60.41,4005684,0.813128292079986,0.811037609218316,1.58744942257896,0.3240197985183008,0.0245272085551136,0.8282439118571646,0.195791733776356,0.3298539486273594,0.5490022889422794,0.3054034732059922,0.0058224694946439,1.403713137613296,1.4316957266946442,1.2583181799884096,0.050384798561359
2013-03-12,PRU,60.19,60.334,59.56,59.87,4445342,-0.5895154975994978,-0.5807350614014135,1.2727750321014244,0.7965850371619053,0.1054667711695225,0.8699014225388454,0.3543349892830404,0.3392146426688118,0.5153795739505734,0.4781446682564539,-0.0034539887071729,1.1393452392010803,0.8128894593647504,-0.4279874472053274,-0.5138923800119923
2013-03-13,PRU,60.09,60.22,59.5,59.69,2338634,-0.2201757114957326,-0.2112127799272609,1.1246464785589996,1.0769141831528743,0.1589989634078197,0.8326813315434144,0.4731820099674226,0.3376155610958322,0.5256251240474068,-0.6941222387953832,-0.0069670438821179,1.0512226063970085,-0.5901202422024109,-0.5292407323188751,-0.5860396193684914
2013-03-14,PRU,60.05,60.18,59.6,60.18,2502608,0.4780851828538699,0.4814239955155401,1.2811822282853709,0.9976763050292264,0.2165158705075656,0.8131618462051058,0.6130758220356846,0.3421581916564921,0.5626236281219493,-0.6033585533616204,-0.0070074685446901,1.291111995696983,-0.2206841053221178,0.1372426842971311,-0.7881052485996426
2013-03-15,PRU,59.89,60.6,59.76,60.41,3346970,0.2049459414061444,0.211406639858444,1.3057145017961098,1.6741310007934165,0.2663833872178896,0.7778568587533989,0.7490552167822325,0.3306733927371365,0.6947722771788316,-0.1339245160014028,0.0059146543964922,1.3513433185531631,0.477758946438955,0.6296682259602988,-0.4324707001578167
2013-03-18,PRU,59.38,59.99,59.0,59.4,2648645,-1.073893541372576,-1.068719375861115,0.7928382442010049,1.2163099050239197,0.2614446557158994,0.6085425293620131,0.8007648810751619,0.4062006691438982,0.3760894779910689,-0.5136363646511919,-0.0028252957598677,0.8647602239420161,0.204548450338999,-0.0008696713798735,-0.2023095791016791
2013-03-19,PRU,59.74,60.05,58.93,59.42,5156458,-0.012033740863629,-0.003935476046032,0.7719630489431424,1.0056801633380898,0.2536971850984727,0.4658614197171344,0.8428256870988462,0.3687270909048574,0.1532783020204476,0.8429182905382884,0.0059265174868813,0.8743955327461986,-1.074624647126945,-0.4310130900469381,-0.0204426758047961
2013-03-20,PRU,59.98,60.1,59.415,59.6,2592755,0.1556011758938364,0.162500036734136,0.7703548121522422,1.1805620545292073,0.2500625669938527,0.3623029435680223,0.8600682213353943,0.0428530440398023,0.7627148574255552,-0.5622244634518215,-0.0002366891054416,0.9611133119838292,-0.0124878360705505,-0.5049707416011509,-0.6334633523008381
2013-03-21,PRU,59.04,59.13,58.26,58.33,2783549,-1.359635432702618,-1.358402642591625,0.1181610613784365,0.8666738985997451,0.1932763460947029,0.1426448520400048,0.7700121306880424,0.0905948122675719,0.6906375385661394,-0.4337447263582277,-0.002035410542516,0.3492712029183248,0.1551908121098769,-0.934883072940197,-0.3482834822258074
2013-03-22,PRU,58.59,58.9,58.21,58.75,2346187,0.4152874431372728,0.4194481731509308,0.2473916438324328,0.8605878139975165,0.1612473232548817,0.0306429804366634,0.7325616189814547,0.0425032154533718,0.5317578436888596,-0.6710376548581406,-0.0003074114955136,0.5516126878061295,-1.3604410808002492,0.1800033949667876,-0.6125121053483306
2013-03-25,PRU,59.02,59.32,57.96,58.64,2452027,-0.1495642834745671,-0.1408168875117103,0.1075526017751214,0.4948665582257017,0.1283591880202117,-0.0611698573610611,0.5772451712767773,-0.1445187404106658,0.89038420389337,-0.5569045584572198,-0.001973810595249,0.4986184893831336,0.4149448244878585,-0.5127563739819917,0.3415473230277565
2013-03-26,PRU,59.06,59.61,58.6,59.59,2423205,0.9756181387977187,0.970264590961158,0.4223850237616295,0.688945421337175,0.1364143138934959,-0.0292328783298539,0.4013946290686534,-0.111993745212866,1.1630212222451315,-0.5330722899109237,-0.0002617957844228,0.9341782441903236,-0.1500542566861755,0.6516794893595783,-0.1787669635426652
2013-03-27,PRU,58.94,59.2,58.58,59.11,2026134,-0.5344871992745189,-0.5255395674942756,0.1328563251883977,0.1327009889397794,0.1208184964125314,-0.0645604161568338,0.2956996520825042,-0.168083140833594,0.6870036434594613,-0.7593479115822857,-0.0018487018455698,0.6579293875670031,0.9754216952956096,0.191596640140992,-0.7171683797612771
2013-03-28,PRU,59.01,59.3,58.7199,58.99,2245198,-0.1593869159975494,-0.1506047460968008,0.0020488855761161,-0.4529133679104373,0.1008770356597999,-0.1040080573913693,0.134156639638675,-0.1794151565892235,0.7363920327007402,-0.5969712668944955,-0.0021018087252689,0.5947119890736449,-0.5350775884803853,-0.0519229854116063,-0.7717607109220063
2013-04-01,PRU,58.8,59.19,58.01,58.28,2004220,-0.7823299407291163,-0.7745245220031741,-0.3883044114495073,-1.1242894614286358,0.054802913105524,-0.2028311919924545,-0.1471823627109713,-0.1683508016493375,0.7140365717590036,-0.728235119098438,-0.0023534286269094,0.1681512865951041,-0.1598794516687322,-0.6944615896886812,0.0960853979253697
2013-04-02,PRU,58.74,59.515,58.41,59.04,2848190,0.7788795317410131,0.777424265714266,-0.1299748132823343,-0.541880075964861,0.0459730300523742,-0.1860236683426775,-0.451672324237112,-0.1487642799271099,0.7890167136681329,-0.200369005681628,0.0013889817304286,0.3888699720281916,-0.7829849854134728,0.3595454775441223,-0.0315059891872038
2013-04-03,PRU,59.17,59.33,57.72,57.98,2761276,-1.150772461555989,-1.146525550536237,-0.6275838125586314,-0.8341076831238515,-0.0043872504403681,-0.279476177502554,-0.5751150382053362,-0.1674668095262324,0.1481958905333482,-0.2225680028646399,-0.0025522793604561,-0.7788956427304163,0.77863176444906,-1.5457795277171922,0.7229014067636309
2013-04-04,PRU,58.2,58.2,56.5,56.96,5077635,-1.1282564474764991,-1.123727839396332,-1.0805823889026156,-1.3265735825959917,-0.0851553999426567,-0.4325075162012615,-0.576470845998613,-0.0818878907242484,-0.1648980999291424,1.1900310933660008,-0.0058024344504293,-1.5083458322682544,-1.1515236229445924,-1.6360109425897007,0.8960261807634261
2013-04-05,PRU,55.53,55.585,54.81,55.48,6803513,-1.6506557252479137,-1.6548368494317611,-1.6801503514622562,-1.7036727674418872,-0.2067242250080238,-0.6599528236916598,-0.2534011923516591,-0.0660217230351187,-0.8610715087964407,2.13286126891722,0.0082593154912058,-1.4966392912795814,-1.1290017350450523,-0.0943444503327862,-0.427135616871687
2013-04-08,PRU,55.36,55.82,54.95,55.79,3041544,0.3148769134111538,0.3202227719875529,-1.4617925394206612,-1.3854520044672622,-0.2892302229991496,-0.7413620252464197,-0.053800804923634,-0.2325021556236364,-1.106331876975911,-0.1187451909332262,-0.0022029525210542,-1.3186606597412085,-1.651537292681146,0.5605199307025215,-0.2916904968567663
2013-04-09,PRU,55.93,56.66,55.68,56.44,2934028,0.6923619848041165,0.6924305155736198,-1.0863021621991895,-1.1112915215596724,-0.3269627773272984,-0.6912433132593314,-0.0062812777514236,-0.2499336162440591,-1.1326416838266204,-0.1551022434351646,-0.0026590655763809,-0.9454796581284938,0.314508100366024,0.6626055022803853,-0.1442288953589881
2013-04-10,PRU,56.89,58.3,56.54,57.86,3138101,1.5333826466715768,1.5137346347618252,-0.4057735492351616,-0.6654551641837148,-0.2992279295406233,-0.4826363776222429,-0.0288803177270857,-0.0563721901967651,-0.6605446719755115,0.0192622054608442,-0.0043364666107343,-0.1302227007591763,0.692091647420491,1.261875250967443,0.9437592688151514
2013-04-11,PRU,57.88,58.165,57.46,57.64,2518786,-0.2697186190919244,-0.2606522834810876,-0.4590853925094145,-0.3983653421875199,-0.2843247228474901,-0.3487792523955844,-0.0443083684064785,-0.055657242940442,-0.67187344012329,-0.3928144100669351,-0.0228821813134014,-0.2565301166896332,1.5333317088676763,-0.3395927851067218,-0.5719743889185872
2013-04-12,PRU,57.15,57.59,56.4,56.9,2493404,-0.8322838249557247,-0.8248300931152327,-0.7196518305309499,-0.7324465498686039,-0.2998763426440333,-0.3200837513305641,-0.0706991589207337,-0.0542402238641613,-0.9679402667643296,-0.4092117351793783,0.0019087934772426,-0.6813823339102639,-0.2702399373250427,-0.3568142987131716,0.1516571627391208
2013-04-15,PRU,56.63,56.94,55.57,55.58,3212710,-1.4772949797498276,-1.478080184794667,-1.2102688671689212,-0.9911274914126496,-0.3616774923642321,-0.416172844334174,-0.0420137130451046,0.0302665768015996,-1.3417201904608342,0.0670620147380447,0.0006587406683539,-1.3974427126918183,-0.8329519012595192,-1.4271531113083125,0.4629578038541437
2013-04-16,PRU,56.27,56.84,55.875,56.72,2398055,1.24397701827214,1.2323414331726794,-0.6348574205853321,-0.928815719652091,-0.3632981942460364,-0.33814068198429,-0.0538581694971235,0.1189504772885208,-0.8301024161969192,-0.461856296470686,-0.0020849516132896,-0.6810784494244372,-1.4781313220460002,0.5778829039563356,-0.1734125957586066
2013-04-17,PRU,55.94,56.49,55.47,55.88,2393706,-0.955012113199898,-0.9485962550081082,-0.9381234186988482,-0.9961923416322054,-0.3947866270096238,-0.3525939772325967,-0.0324683677626315,0.1514079846145994,-1.0424413606002032,-0.3901242546646069,-3.568676293778268e-05,-1.2089258013056627,1.2438505823549115,-0.1073517154886309,-0.0700698480410999
2013-04-18,PRU,56.0,56.0,54.58,54.91,2969334,-1.1137100082203013,-1.1090038721668922,-1.277505297157488,-1.1400472930316057,-0.4543747884171673,-0.4364848312347678,0.0312911702482434,0.1855328094941553,-1.3231802591259052,-0.0054778637408384,-0.0001992475819137,-1.6632153285187896,-0.9557122059999358,-1.4968780834423228,0.5639123056493591
2013-04-19,PRU,55.13,55.81,54.91,55.77,2663715,0.942088864046782,0.9374421107146904,-0.827675752015699,-0.7672153758758488,-0.4640992854294032,-0.3752493006667803,0.0677634695891628,0.1892911738010824,-0.8120434980919471,-0.2115859879660577,-0.0019229952717561,-1.094866198856649,-1.1144515010156657,0.850758408381769,-0.246393411678837
2013-04-22,PRU,55.82,56.17,55.03,56.1,2037319,0.3353947113777594,0.3405113326428332,-0.6170417000161568,-0.8898360994266152,-0.455266769084117,-0.2784954432819739,0.0531527982285637,0.1842757670428607,-0.8299340769231217,-0.6351399116038431,-0.0019319749538151,-0.8767787421258306,0.941883673662316,0.3526605155182385,0.10223366708692
2013-04-23,PRU,56.59,58.38,56.284,57.94,3421321,2.0089788053865165,1.9734037950009813,0.2437506999379829,-0.1979605682188413,-0.3732461663296875,-0.0127074828617426,0.022789078078066,0.430827091201087,-0.3427938777967451,0.2834825767963574,-0.0027826745879251,0.3392240469187372,0.3350312508720556,1.7760320967268504,1.4235611672833743
2013-04-24,PRU,58.18,58.57,57.8999,58.34,1939051,0.3968143642564106,0.4012050612390694,0.4567853600435123,0.1357726222767928,-0.2908454499140988,0.2009012914947561,-0.071543844195341,0.3847282516191699,-0.4755519102419123,-0.7141471029854597,-0.0032035154591284,0.6514069575637234,2.0090519377774068,0.1814573512711415,-0.6340611327919219
2013-04-25,PRU,58.58,59.86,58.3,59.34,2711243,1.0341626387888587,1.0275332967472852,0.9110449334323326,0.7556215015275781,-0.1857416831718167,0.4302255716965872,-0.0509075249575323,0.4340345806247734,-0.1103308426376167,-0.205840253025304,-0.0105847513150144,1.115497237141734,0.3964669264795641,0.9538704877585408,0.5996390311792225
2013-04-26,PRU,59.05,59.51,58.51,59.25,1868913,-0.1274217824327631,-0.1187584486372099,0.8634758476305161,0.673493861309569,-0.1064571653108523,0.5472266937059758,-0.0292199693880072,0.4335976664106767,-0.1027455905881298,-0.7689413355167768,-0.0039642768816158,1.0588350518444167,1.033981467965859,0.2295743387659653,-0.1847271193803889
2013-04-29,PRU,59.55,60.45,59.17,60.29,2292548,1.059803264940226,1.0525984955661365,1.2927438024661235,0.7400565332955743,-0.0043398703331479,0.6995987665545025,0.136195956706138,0.4531251003624611,0.3390426887885768,-0.4874439070538807,0.1712381857486645,1.352270737543685,-0.1279059792637866,0.9125301497121197,0.1780623961825358
2013-04-30,PRU,60.17,60.51,59.68,60.42,2192091,0.1012475276037166,0.108584278794144,1.3189920477940529,0.5017419118275084,0.0790971314224258,0.7734136716536201,0.2573288450650167,0.4269219764358422,0.1758062199231364,-0.5390701292454543,0.0013689441370988,1.3924274303767288,1.0596287830641888,0.2875931431809271,-0.4464560878234734
2013-05-01,PRU,60.38,60.47,59.18,59.28,3430117,-1.207675995855066,-1.2041784443465462,0.7658590570040983,0.2191261482107738,0.0975356674931698,0.6651606639837411,0.31364094079301,0.4341392192669014,0.1618178825369159,0.2845383048014953,-0.0033480935557055,0.7533773540387112,0.1008229844206863,-1.4027154192964189,0.2222676719414457
2013-05-02,PRU,62.3999,64.46,61.61,63.41,9062914,4.304481940570581,4.145277586864431,2.4937683670885127,1.070438870525311,0.2698799464738884,0.9747089906699632,0.8078094360461356,1.121857387627655,1.4955891386525784,3.722716226849237,0.0218028688192308,1.089600349934322,-1.2084420018391426,1.1966799313607643,2.154480366832709
2013-05-03,PRU,64.3,65.8,64.18,65.2,4843607,1.724485223664203,1.6988477978316172,3.0604391791563508,1.6163878642125395,0.4697989186672134,1.2933244376604556,1.3321631524767823,1.0223081599642834,2.405581112981241,1.1359943941642503,8.110086577235129e-05,1.2651150336130752,4.305153907741581,1.0311734436154414,0.4794152395398546
2013-05-06,PRU,64.89,65.93,64.89,65.8,3084015,0.5399306823953366,0.5423994697107783,3.0778228053470453,1.5757443278379435,0.6427442277139893,1.4787870506548644,1.76448092744414,1.021127430663054,2.46762541054144,-0.0207169544988267,-0.0006720286133673,1.404804426213366,1.7244841393620982,1.0332014718920122,-0.2740823554107824
2013-05-07,PRU,66.24,66.87,65.47,65.68,4048342,-0.1465365369700697,-0.1378001717376343,2.794442721813036,1.8106490356276936,0.7645723022032055,1.4955822592627588,2.0750937719671723,1.035116340544481,2.236912092623521,0.5648132335209933,-0.0018640636566323,1.1210092623998382,0.5396205798011736,-0.6650393722595239,0.185125596072398
2013-05-08,PRU,65.64,66.38,65.1,65.97,2690479,0.2418948046125394,0.2480021353774461,2.7236587858276944,2.1792704389997914,0.8609148318271275,1.4434190723896565,2.369626678734805,0.985416752644582,1.8910767418485048,-0.2978268671799301,-0.0007106396815137,1.1994480456267134,-0.1470257203243764,0.3535141789283854,0.0257186922905698
2013-05-09,PRU,65.9,66.08,65.1575,65.51,2187075,-0.4671130242453621,-0.4580276181981036,2.3311103220847955,1.9590642317773224,0.9070117836779972,1.272357270661628,2.549529606368277,0.997803928909278,1.8377823269932272,-0.6169857833394315,-0.0016056439533659,1.0750279067151165,0.2415069525060359,-0.4734363719863632,-0.4177329567646152
2013-05-10,PRU,65.55,65.7,64.63,65.05,2692780,-0.4701613193354185,-0.4610805573713734,1.9371143221938083,1.7658166282739984,0.9132172207283163,1.0328277568996669,2.616062359489363,0.9663234950284062,1.9361325155678812,-0.2926108760097519,-0.0017567921227521,0.9506077678035156,-0.4676858373483384,-0.6026078182876261,-0.220459650896981
2013-05-13,PRU,64.53,65.14,64.3,65.1,2286958,0.0148579442646478,0.0227939493285907,1.737113031075337,1.6141101678223115,0.9079405427191848,0.8116493793872648,2.556230331107518,0.8160869571410237,2.3481033204310884,-0.5340946255330656,-0.0007068392324174,0.9641316959460802,-0.4707349276562675,0.6410399893819967,-0.515957973484745
2013-05-14,PRU,65.15,66.6,64.92,66.6,2685196,1.4015209500031018,1.385682211014785,2.1529157837951955,1.7123631429725628,0.9501433819892804,0.7569181375124505,2.602817126709624,0.8278781959052532,2.3907584036228777,-0.2794069578123158,-0.0007153514022788,1.3698495402230322,0.0144108643721922,1.6551890283116453,0.5109680436459029
2013-05-15,PRU,66.74,68.078,66.34,67.7,4461649,0.995289861579482,0.989513539684217,2.347081948599804,1.7204643396551431,1.0135014759004897,0.767586405279258,2.5942236404706187,0.7386656696982598,2.939090969163012,0.792757982621302,-0.0005063821794659,1.3497878779038608,1.4014356130433392,1.0604337301470783,0.5482095309690306
2013-05-16,PRU,67.57,68.45,66.94,67.2,3396313,-0.4928042963646847,-0.4837627442373754,1.8547997212379028,1.5708847441664904,1.0304607566719928,0.6566912732088158,2.3748206515301398,0.6582205547800156,3.1196782784860795,0.1009443097220271,-0.0016856886201573,1.135993455161637,0.9950985498986306,-0.4400232329527651,0.2813650494813967
2013-05-17,PRU,67.52,68.6,67.23,68.38,3039053,1.060225448738802,1.0530111198087917,2.063529648847084,1.5832352711494058,1.0762384067578248,0.6421531540704046,2.2131768800553897,0.6625428947889821,3.153258022965506,-0.1358999544094659,-0.0007710404926434,1.388986347016958,-0.4933838116267888,0.9359840302769816,0.0784183804553903
2013-05-20,PRU,68.11,68.77,68.05,68.43,2167565,0.0125275292637434,0.0204780522496147,1.809168860732632,1.5762094985607713,1.100107808066772,0.5741312035500477,1.979724853181798,0.6756659116020843,3.0604224364036723,-0.685886227219292,-0.0009551662600246,1.3523596329609135,1.0600510769991172,0.3286470558309256,-0.7144362960780067
2013-05-21,PRU,68.46,68.86,67.99,68.05,2613454,-0.3787223947901234,-0.369567729079055,1.432275359659655,1.86017645232182,1.089810543711259,0.4317692338794466,1.8078926411236125,0.6133430856120915,2.395191597584716,-0.3856893631987549,-0.0015568536182982,1.197206993237363,0.0120798414289446,-0.4787885332646539,-0.525834589241532
2013-05-22,PRU,68.13,69.38,67.08,67.45,2729174,-0.5819280415696558,-0.5731216268798718,0.9932249181404772,1.1219659331523535,1.044302302620911,0.2272472101709165,1.5688571406430296,0.664249267736682,2.1258803713718333,-0.333473743572782,-0.001612637043988,0.8638471305986632,-0.379272149164779,-0.7803927861271509,1.2505437957484424
2013-05-23,PRU,66.62,67.27,65.8,66.99,2512973,-0.4575875515668484,-0.448488603475165,0.6469633100502695,0.4915341006397051,0.9771727250427152,0.0079766432873617,1.3394413280554804,0.6789714882774914,1.7258850963825847,-0.4641387068885123,-0.0016357174998746,0.7119869514120615,-0.5825308068101827,0.3932895810783535,0.2374723836450184
2013-05-24,PRU,66.01,66.51,65.54,66.46,1507265,-0.5255585131852528,-0.5165883905754399,0.2856420755701497,0.0642157192066543,0.891144864019838,-0.2160836664794143,1.0210586077258277,0.7038802327134844,1.6196964178353923,-1.0911387866136226,-0.0015173207315448,0.4921823673415547,-0.4581578797312292,0.48873121951672,-0.374943618622186
2013-05-28,PRU,67.31,68.79,67.3,67.87,2720067,1.287856091660846,1.2750880153876334,0.6943646905457483,0.5303660457561646,0.8667708686602716,-0.2366359254230485,0.7796179497745926,0.7213725433877463,1.6789991715181936,-0.3356743289912077,-0.0006927121544578,0.950769524591108,-0.5261465731380293,0.602252750733033,0.2383192446224463
2013-05-29,PRU,67.05,70.0,66.82,69.22,3556678,1.2053765902631786,1.194712842371259,1.0493641157297442,0.7657274173838042,0.8886445223363111,-0.1340370800957918,0.5364475669920377,0.7494231522533296,1.9715769357786237,0.1434353124729694,-0.0006424975190342,1.203242744872632,1.2877411026089522,2.418834437933175,2.237395141792152
2013-05-30,PRU,69.3,70.76,69.15,70.01,2728089,0.6775478694573634,0.677865608735631,1.1395658324123676,1.090819485945935,0.9247148220184618,-0.0154160814040547,0.0052860436395432,0.6238172558433891,2.4908677927262874,-0.3480988262145243,-0.0008641894325516,1.1704048556812063,1.20524008453665,0.7477349277014538,0.3252420665938683
2013-05-31,PRU,69.63,70.58,68.96,68.97,3202432,-0.9578404795396585,-0.9514514584050624,0.6186887720734606,0.8667603128418084,0.9002967385631133,-0.0762153393623444,-0.1306084146886124,-0.1540656648295639,1.1202886286181986,0.1440718929313108,-0.0016337138311309,0.5385801272655173,0.677273667471085,-0.7424472158827459,0.3662256419601805
2013-06-03,PRU,69.33,69.69,67.86,69.57,2961197,0.5086136785540224,0.511530529694287,0.7650649270700367,0.9572617454963672,0.8925734391114027,-0.0818826590978959,-0.1078962492597219,-0.3153202185857532,0.8168822741390862,0.0457383952731743,-0.0008218658619914,0.8305295216113688,-0.9585413101840968,0.2352214332577988,0.6009108609216329
2013-06-04,PRU,69.7,70.64,68.5,69.07,3056304,-0.4804449254620689,-0.4713809412433438,0.5048006486457839,0.5047770389385086,0.8552202668126936,-0.1626832975276504,-0.1057958006355431,-0.2970135512480896,0.5623865293900674,0.113907652740548,-0.001619874982444,0.5732399289300613,0.508295406199243,-0.7092093005116542,0.9908309954731176
2013-06-05,PRU,69.09,69.26,67.16,67.45,3459864,-1.4932250968767502,-1.4943013158878518,-0.1597996188431703,-0.2558943027297228,0.7515024945492502,-0.3981451461396253,-0.1611972000415624,-0.1219184209537438,0.2283085656260847,0.4242486083192714,-0.0017368284225175,-0.2603783513573691,-0.4810212164980575,-1.8197009431424964,1.0034248659369536
2013-06-06,PRU,67.52,69.07,67.13,69.06,3061488,1.4530742367512863,1.4357777403483285,0.4044877564859304,0.2631803606342276,0.722641674815224,-0.3938341178521224,-0.1758622696837786,-0.0005741343705575,0.52043328238766,0.1258122934859583,-0.0007107764227196,0.5680941370764399,-1.494065594910304,1.696872861869401,0.7498470645889507
2013-06-07,PRU,69.7,71.81,69.54,71.72,4539730,2.365011193354589,2.315293356016189,1.308674415135393,0.5346120509650156,0.793610852811035,-0.1334245996005201,-0.036558143768374,0.2565651884290753,1.2247299272355967,1.0461220450414157,-0.0005807990962042,1.4030416898267295,1.4530023486518897,2.163276075029896,1.0464863386826055
2013-06-10,PRU,71.84,73.56,71.81,72.36,3395692,0.5225692664726991,0.5252883509359575,1.4063911926410404,0.6270331379132548,0.8633932416603053,0.071848240167684,0.0602603971511646,0.2279581333172692,1.482925463493414,0.2402922910734529,-0.0008429477449689,1.0120992872975298,2.365177204981187,0.5205504909528097,0.424244143105858
2013-06-11,PRU,71.43,71.92,70.54,70.93,2734012,-1.2633580334188448,-1.2606457699793014,0.7420071482032379,0.3678103761819686,0.8509128031183708,0.02432341040021,-0.0302806202884818,0.3545082802749331,1.1477701116070216,-0.2184515457816241,-0.0015240479612528,0.4310040480871288,0.5222546347539504,-0.5551684699395061,0.0301393135311646
2013-06-12,PRU,71.8,71.98,70.78,71.01,2935344,0.0372230884848326,0.045015360423555,0.685725359198475,0.5235912763529711,0.8328734299418481,-0.0280050554682787,-0.0323836529743205,0.2786910294680978,0.8050107886637287,-0.0920695959470725,-0.0009065772143556,0.3859382384175302,-1.2641385653428818,-0.8575966382748026,-0.1829443604732835
2013-06-13,PRU,70.87,71.85,70.41,71.7,2402411,0.5719616512733111,0.5739562476465634,0.8695167021533938,0.7392752986256593,0.8344176943140398,-0.0194598822374647,0.0419687187964353,0.2494467851393817,0.7002660055805081,-0.3904668192441153,-0.0009973243381685,0.671933906850861,0.0367818430545547,0.8585145720915013,0.0824674149616027
2013-06-14,PRU,71.56,71.638,70.11,70.48,1955491,-1.0923378247569402,-1.0873772072276964,0.3427145579312705,0.568333737384781,0.7769750413958073,-0.1644550533212788,0.0081095546223603,0.3112260127986694,0.5493665386823189,-0.6642544795861148,-0.0014262189039932,0.1662604061426516,0.5716599046939629,-1.1665614917895823,0.2154983599054433
2013-06-17,PRU,71.27,72.5,71.26,72.19,2568202,1.477521041547739,1.4595191101252871,0.9156720308226076,0.6095335575411239,0.7879700849423059,-0.1042937376167258,0.0987066963614929,0.3623038370600286,0.6508288950498834,-0.2168477316949894,-0.0009846351740625,0.8750322800861239,-1.0930737421267738,0.9489555460674256,-0.1597867692562719
2013-06-18,PRU,72.18,73.3,71.66,72.97,2867265,0.6396908837926221,0.6406298949078838,1.1205985942340877,0.5298787848823122,0.8162754727328854,-0.0116081569597353,0.2216553776019683,0.3733782636581449,0.8069046784219457,-0.0288754505555067,-0.0009790962312613,1.1983317313585864,1.4774555309595507,0.800587165919727,0.2817610541213725
2013-06-19,PRU,72.78,73.48,72.05,72.23,2343456,-0.6643643827659363,-0.6558904314257918,0.7604941092234107,0.2379687350222274,0.7986816849006703,-0.0556033803505674,0.2519164639330416,0.3941992772866067,0.7346505592755661,-0.3892819626859977,-0.0014394732493041,0.89161173912574,0.6394068059410752,-0.5972629899622961,0.0586474234598358
2013-06-20,PRU,71.47,73.05,70.84,71.91,3371042,-0.3088173361369192,-0.299697285072798,0.5544199559438818,0.4043266496562445,0.7616684994801847,-0.1407847541579835,0.2131753351511242,0.3765100508333047,0.8036425588386259,0.3099973319998751,-0.0015473516396723,0.7589760668088292,-0.6649886534217669,0.4388126707853446,0.969979100613748
2013-06-21,PRU,72.84,73.01,70.746,71.55,4107560,-0.344675830278624,-0.3355281740553565,0.3328279476094028,0.2172684222664143,0.708306203670347,-0.2510121819024636,0.1016800593095226,0.3695713245805976,0.8322344371154996,0.7474457478883961,-0.0016596823001978,0.6097609354523084,-0.3093488541694913,-1.3643424000721542,1.0457649212906823
2013-06-24,PRU,70.58,70.84,69.04,70.26,4135343,-1.155467997952685,-1.1512808906014302,-0.2191503256683238,0.0424428035009913,0.6065592591489052,-0.4637353769586051,-0.1147195382143014,0.4359129112399291,0.6722595560002477,0.6473884514806573,-0.0017367264671981,-0.1846878759317735,-0.3452167028239933,-0.3688579400774636,0.5437963184310015
2013-06-25,PRU,71.1,72.0,70.29,71.09,3559859,0.702474653273665,0.7023710976709603,0.0294662073832989,0.557869996901282,0.550546746010564,-0.516194293924057,-0.2273142127139481,0.3833125963577967,0.529306451628755,0.2419018324846286,-0.0007253460926315,0.2246697911420038,-1.1562203842799357,-0.0369426809756102,0.4133584636556288
2013-06-26,PRU,71.82,72.07,70.815,71.05,3974179,-0.0680265888379354,-0.0596275269154839,-0.0194880394912645,0.2694413567421192,0.4971551655967739,-0.5514151917817728,-0.2638405165520698,0.3177293691615061,0.2207979075330563,0.4911591268874496,-0.0017295329229154,0.1452588985411491,0.7022069540121602,-0.8363259434132391,-0.1192228676108474
2013-06-27,PRU,71.76,72.77,71.52,72.41,2158844,1.1587130491096835,1.1491935888764533,0.4393636953203548,-0.0120528996345623,0.5008954601851662,-0.4325354473155748,-0.237507707759184,0.361767914708927,0.3359899670706889,-0.6544748368837014,-0.0009220006513841,0.8483517276114112,-0.0684952910668602,0.6580293292221151,-0.1526265645515675
2013-06-28,PRU,72.11,73.41,71.72,73.03,3997457,0.5000792676666868,0.503115554582507,0.5916906245875942,-0.0168819674892423,0.5205632922186977,-0.2964344445452569,-0.2411441047113424,0.3073484845554964,0.6970640252684602,0.4969541593661819,-0.0007103797804265,1.1688793408640334,1.1585643701253725,0.9375947284080928,0.3372814958148397
2013-07-01,PRU,73.1,73.99,73.07,73.3,2604739,0.1971788183013876,0.2037110470785792,0.6205698642263489,0.4883112211388425,0.5388683326370433,-0.1910614444865581,-0.2166644226864483,0.3002779495009926,0.6199433421285825,-0.379061198230531,-0.0009516683673989,1.1085223001760764,0.4997587689145704,0.1803914796802073,-0.545299472082267
2013-07-02,PRU,73.5,74.2,73.12,74.1,3240889,0.6464914057731704,0.6473204635847267,0.8191903086178411,0.6364305803045911,0.5765178350280874,-0.0569707323293431,-0.1951407798687804,0.2900105625629665,0.902066181563406,0.0215881659630165,-0.0009149588589358,1.3958606257792685,0.1967793010015678,0.5904327157614789,-0.3766393113180679
2013-07-03,PRU,73.2,73.94,72.8704,73.84,1593960,-0.2514452974326709,-0.2424125058470282,0.6033632774174974,0.4058497351058514,0.587652639460142,-0.017946538709686,-0.4207006984718304,0.1342744220185887,1.2238803730772794,-0.997399033652292,-0.0013868794427881,1.273613497103877,0.6462091019941667,0.6342455051932288,-0.3841004020835353
2013-07-05,PRU,74.71,75.685,74.53,75.6,2221743,1.4509441790162527,1.4337087161750106,1.1210916752350164,1.16519300967303,0.6564793370480391,0.1617707560254339,-0.3559273621076825,0.13397205458513,1.223343117619108,-0.5649206739530332,-0.0010307453050763,1.4003572426845885,-0.2519618486496219,0.8737114078232021,-0.3180607722668602
2013-07-08,PRU,76.0,77.15,76.0,76.78,3283838,0.9387563940954236,0.9341789381653948,1.4526154242757154,1.0856568185479922,0.7471557486808882,0.3617853796308162,-0.0691043769221913,-0.1250399946819937,0.8686906543418248,0.1884447893756106,-0.0009516469936616,1.2912206549236214,1.4508717352423128,0.7490833494765439,-0.3430562760787684
2013-07-09,PRU,77.57,78.44,77.17,78.1,2964110,1.037342710505519,1.030642552495998,1.8191953384709656,1.1666210137137052,0.8593645313858592,0.5772210309832799,0.2830454541907022,-0.084668944985439,0.9975423183257456,-0.0142006012783955,-0.0010049239756974,1.3226423987109222,0.9385503343595376,0.4898939188508198,-0.2361012206403046
2013-07-10,PRU,77.76,78.089,76.86,77.43,1912945,-0.5670918833083813,-0.5582373758893359,1.4530931087201333,1.1937998473982772,0.9097394775482006,0.5904103212502281,0.4439372508632022,-0.1939804386599798,1.1783932303126898,-0.7156278533600106,-0.0013840571430847,1.085706055084706,1.0371623692773555,-0.346945268742393,-0.2685043722484498
2013-07-11,PRU,78.63,78.64,76.94,78.01,2784037,0.433356297761622,0.4372868943940946,1.5278306485260722,1.3959376099230931,0.9597289533475972,0.5999695593852905,0.5996392101878484,-0.1950997353180103,1.2802888104389851,-0.1055871426790344,-0.0010259556217804,1.224729338798224,-0.567690778195854,-0.6220447309320576,0.2248465994445578
2013-07-12,PRU,78.01,78.37,77.4232,77.89,2125146,-0.1287653610856695,-0.1200967025724163,1.367985331591308,1.4939124790998264,0.981611748504724,0.5352708377658321,0.7213989236599596,-0.1925169546240844,1.1004413420378596,-0.5572979669793307,-0.0013961774697452,1.1831770695801913,0.4330183927884471,-0.1425351666635545,-0.5782654123498392
2013-07-15,PRU,78.05,78.49,77.44,77.53,2127624,-0.3207466336215806,-0.3116150974652417,1.108420338120465,1.9172419470249644,0.9718865514491544,0.4021534326342092,0.724486229026607,-0.3004573075381139,1.3015947600530249,-0.5599866267276261,-0.0014053502192413,1.0585202619260978,-0.1292499084200815,-0.52967245455023,-0.4626265923904858
2013-07-16,PRU,77.7,78.08,76.69,77.33,1643783,-0.1935997770864752,-0.1847085726164688,0.9427889722640724,1.738219501663809,0.9437332277155182,0.2482258276926775,0.7638724064746486,-0.4091767795242224,0.87822002388832,-0.8789251288820876,-0.0013761863350698,0.9892664798960448,-0.3212812636857272,-0.3860869563806497,-0.0932792298174231
2013-07-17,PRU,77.61,77.8,76.94,77.06,1694177,-0.2503718367231871,-0.241341182747185,0.7727690266722788,1.6234874130284112,0.8987392492617283,0.0817361883951692,0.7958813632612235,-0.4137855140208379,0.655710490742282,-0.8179709769572587,-0.0013872291132344,0.8957738741554758,-0.1941012379692306,-0.5617305675825747,-0.6612286620996802
2013-07-18,PRU,77.5,78.64,77.48,78.52,1814782,1.146561895540621,1.1373349133383646,1.1707304938413063,1.6349760665440822,0.9083731181613908,0.089155615647574,0.8531369933278037,-0.3975695055419494,1.1114708070414063,-0.7181222068303879,-0.0010793960361251,1.4013264829748533,-0.2508881079032267,0.9680424280315852,-0.3601038699371521
2013-07-19,PRU,78.07,78.51,77.3,78.19,1482912,-0.2946510656514292,-0.2855476322465866,0.940438312915748,1.3980096960270498,0.8910530262746224,0.0257121263872895,0.8484067825837183,-0.3987880987817218,1.1151197819680934,-0.9223335719233708,-0.001368740130853,1.287057742625268,1.146410046648474,0.0898127461769992,-0.3016137105445722
2013-07-22,PRU,78.47,79.19,78.29,79.15,1617850,0.7313947485921836,0.7307902573492204,1.1366336926009484,1.489342840633552,0.9030027407676926,0.0502973127323106,0.8373870514627738,-0.4101886197752613,1.3925199243526454,-0.7604218828304464,-0.001098668039727,1.4297785293852334,-0.295178888086578,0.628394981057218,-0.6436704141901461
2013-07-23,PRU,79.33,79.49,78.67,78.93,1606924,-0.2060442837299977,-0.1971180797105846,0.9036897508330622,1.27965210955585,0.8918380433668737,0.0104693634991651,0.6701199873103139,-0.5719786662273019,1.6448257022087334,-0.7024922524673717,-0.0013787177694975,1.2405372673050865,0.731134593802588,-0.4072659276879187,-0.7254996927924217
2013-07-24,PRU,79.39,79.75,78.14,78.4,1857928,-0.4510469726633421,-0.4419395769325572,0.5908894679636859,1.1599669595814153,0.8506297856929446,-0.0987246028420061,0.4903785440385366,-0.5348617877846105,1.3427027799125175,-0.4363845551184583,-0.0014080662856804,0.9406241270616778,-0.2065489910484845,-0.9684536878852682,0.1201401732870323
2013-07-25,PRU,78.31,78.73,77.75,78.73,1685513,0.2290594719295646,0.235292007558559,0.5688574480384709,0.8921645804155686,0.8198128705098693,-0.1593326392264483,0.2523955405989249,-0.5455878141344934,1.4200346660627077,-0.5104366614400933,-0.0010831920846549,1.0308902748913882,-0.451615594567309,0.3788903163066534,-0.5539297411413626
2013-07-26,PRU,77.95,79.26,77.8,79.16,1608824,0.3070389642439724,0.3124706379343829,0.5973466885166973,0.7123522795213146,0.8013792237730452,-0.1759447485265538,0.0951700508376633,-0.6183367298070612,1.2015909863290857,-0.5618671780320165,-0.0010987257216252,1.1986362731030875,0.2286682714313699,1.14645650936565,-0.0542135603577447
2013-07-29,PRU,79.08,79.25,78.45,78.84,1208678,-0.2846707777604493,-0.2755809928365774,0.3874914844501844,0.1325931543071151,0.7636772880555356,-0.2388306801067407,-0.0735369900750717,-0.600561771516813,1.0009312756952906,-0.8549569039660002,-0.0013455452752721,1.003172199621129,0.3066681064895612,-0.2556087668196002,-0.745653079438693
2013-07-30,PRU,79.12,79.49,78.34,78.68,1632759,-0.1593441658291299,-0.1505621439193318,0.2406646041837338,0.3984107865785766,0.7175339075501325,-0.3108675589387044,-0.2798892865062579,-0.588585068212358,0.9104717052485458,-0.3987524863179308,-0.0013869724386505,0.9258611574107116,-0.2851959966079956,-0.4464730911807684,-0.373200003581448
2013-07-31,PRU,78.78,79.99,78.78,78.97,2542431,0.1964756254102603,0.2030142829326879,0.2552116700680298,0.2840107947308256,0.6828109199520908,-0.3391011672583972,-0.4545179196611107,-0.6089082578761739,0.7977524180916906,0.5634143938312127,-0.0010057531016294,0.966634978920324,-0.1598366903479482,0.1558977063234825,-0.314352395431261
2013-08-01,PRU,79.67,83.21,79.67,82.62,3796791,2.8445756534129227,2.772844005380468,1.32945545641411,1.2764675597342423,0.788159205093598,-0.0011470091556201,-0.4187504680849482,-0.0991626837190321,1.5788381203173183,1.6438040926773765,-0.0009166825282622,1.2169263205003702,0.1960759246664042,2.7711952631705925,1.9795625848746383
2013-08-02,PRU,83.67,83.67,81.78,82.41,2032507,-0.1912408732950062,-0.1823565835044299,1.1394473015810864,1.34717056693352,0.8518678555814209,0.1620366145383076,-0.318107542428025,-0.1775952991283641,1.155478106105895,-0.0609228222307686,-0.001398890524557,0.8967941710745603,2.844866770456972,-1.1640630466379445,0.3200245273692205
2013-08-05,PRU,82.09,82.87,81.02,82.42,1945264,-0.025441372805537,-0.0172665206880119,1.0444900659526664,1.4464744492418975,0.8907864055048652,0.2287742213927826,-0.2018386335530942,-0.2103949698886747,0.9113474744007016,-0.0826673990311556,-0.0010843173819908,0.847574035602182,-0.1917417188034623,0.2773999688549286,0.2793457133992976
2013-08-06,PRU,82.14,82.23,80.52,80.73,2334520,-1.3095804081645055,-1.3075591717257542,0.4377985480906032,0.8320965601942317,0.843696869113442,0.0607809732980085,-0.1762853869941641,-0.1219756175401428,0.3270893144770844,0.3474136164322502,-0.0014225321576504,0.0427220587715511,-0.0258989657015719,-1.3232244772761037,0.1739785806192448
2013-08-07,PRU,80.5,80.56,78.67,79.37,4165707,-1.0818122327961135,-1.0767290611832567,-0.0460293269162592,0.0497548978835873,0.742598066794415,-0.21263254592673,-0.2110500803228593,-0.0609577382589457,0.2004929077788031,1.9929008035026463,-0.0015858162794785,-0.604969472879135,-1.3103729982579229,-1.0868571375792038,0.3932322785388979
2013-08-08,PRU,81.27,82.0,79.03,80.41,4448239,0.7827827020474722,0.7812559419967013,0.2584708311609892,0.3950290289250319,0.6937135555672146,-0.2969646748850912,-0.2128062809538594,-0.0358828223505764,0.2843589539407252,2.101300969523243,-0.0008246456637884,-0.1096759486756729,-1.0825454043232383,-0.8258063409124811,1.486929447828737
2013-08-09,PRU,80.33,81.26,80.03,80.58,2845897,0.0986277148734139,0.1059843857474509,0.2695639140654196,0.2157507480394235,0.6524455594356667,-0.3448255993109473,-0.2215800066205596,-0.0384723781595355,0.3397360199152676,0.5646474253052274,-0.0010102562764758,-0.0287145072193362,0.7825359529872508,0.2088128689153206,-0.3191812231314498
2013-08-12,PRU,80.03,80.44,79.5,79.71,2518572,-0.7051788753148343,-0.6969105148572644,-0.0541244172792301,0.0188024619271967,0.5771517903556033,-0.4706960926805216,-0.2693468148664008,-0.0096639150746971,0.2454816205177749,0.2442928448075889,-0.0014325266883094,-0.4430465899664685,0.0982024882519877,-0.3284104063006923,-0.6085060883497593
2013-08-13,PRU,79.72,80.78,79.6,80.42,2264152,0.5215542846862394,0.5242878556793579,0.1287551038935507,0.3405234619233296,0.5375309714248152,-0.4795709277880581,-0.3296559909712231,-0.0017349596712213,0.4193772855344066,-0.0151847070378006,-0.0010595377275744,-0.1624095088306056,-0.7058137933696147,0.6370834693703055,-0.3684662284300553
2013-08-14,PRU,80.12,80.77,79.96,80.13,2272705,-0.2575027686745342,-0.2484582621484016,-0.0175515356444743,0.1793098130450548,0.4874034310626596,-0.51371491596926,-0.4308761494851258,-0.0014184956115735,0.4176217658503922,-0.0333126758364741,-0.0014151880546555,-0.4044686014250795,0.5212393881861512,-0.0168867224521508,-0.7488666918681515
2013-08-15,PRU,79.68,79.77,78.65,78.74,2645822,-1.112974479630059,-1.108259460013341,-0.4781683476907898,-0.2907586965265195,0.3868175362837299,-0.6709090421618403,-0.4387809799571501,0.0046952042523014,-0.1263276769921021,0.2549991616289911,-0.001456810564246,-1.1298394549643362,-0.2580209001221559,-0.9176152211713988,-0.4058811466596561
2013-08-16,PRU,78.44,79.78,78.44,79.61,2780038,0.6548943890509533,0.6555865859310979,-0.2153985718080373,-0.0104913047246445,0.3357751420121171,-0.6691402256823707,-0.481120600572668,0.0256312706486442,0.0992438626166287,0.306090423644017,-0.0009989404781485,-0.8368808832828791,-1.113715780545876,1.1006032430993813,-0.1885258671156729
2013-08-19,PRU,79.41,79.41,77.87,77.9,2383926,-1.3702808580569574,-1.369221136295171,-0.7570593922254865,-0.3501553030698892,0.2237501564028787,-0.8246933128099959,-0.4297426279166053,0.1021363928862811,-0.399418666679714,-0.0605771899825559,-0.0014348657669535,-1.7970752125103522,0.6546142773833723,-1.4629516798346895,0.0562360898423563
2013-08-20,PRU,78.44,78.45,77.19,78.09,1611062,0.1188528288960518,0.1260528873353092,-0.6810887286100309,-0.3721014387908983,0.1391469785544623,-0.8785525213916107,-0.39738110984627,0.103087926681339,-0.3237762224280114,-0.703786906858398,-0.0011031885509295,-1.419610905049259,-1.371089283258594,-0.3634293097297132,-0.2466000855913111
2013-08-21,PRU,77.82,78.73,77.27,77.69,2265341,-0.3519000640458326,-0.34274935653762,-0.8012777440658256,-1.5204115801028082,0.0540370531561852,-0.92294424772678,-0.3622981792715617,0.098969557547161,-0.3004801405039661,-0.1750866185787061,-0.0014295001014969,-1.6248072962494156,0.1184328784607144,-0.1525274487068303,-0.0251293513863539
2013-08-22,PRU,78.09,80.01,78.0,79.51,2465906,1.425488037877798,1.408976630005212,-0.215190454044662,-0.8714661695511557,0.0558738529356168,-0.7346582549419143,-0.3771838047739844,0.2185302388653649,-0.021973220203085,-0.0415031934857037,-0.0010247070249876,-0.691163716288712,-0.3524428211987083,1.3475281786609308,0.5155196037166707
2013-08-23,PRU,79.08,79.478,78.23,78.7,1433778,-0.6672434380189831,-0.6587830983469026,-0.474129502884578,-1.011862213995982,0.0234846135674325,-0.6721266962918895,-0.365853550335295,0.2362994511771847,-0.252820719021064,-0.875652234934653,-0.0013602323003065,-1.1066864084690249,1.4254089532840537,-0.3893625594658553,-0.2697306044472047
2013-08-26,PRU,78.52,78.83,77.71,77.84,1265964,-0.7133252965304491,-0.7051012257020489,-0.7409969929773556,-0.870746406416392,-0.0372961471613663,-0.695180736604975,-0.3266044462943743,0.257720518813309,-0.3537599217872057,-1.0136165454765438,-0.0013510654927876,-1.547858649549355,-0.6678684597425831,-0.6806111752702759,-0.3921748455884467
2013-08-27,PRU,76.83,76.83,74.33,74.57,3320223,-2.6484094888424523,-2.68206296841837,-1.7540172080557404,-1.1711275546588524,-0.2133945103494131,-1.0104494924373892,-0.0290038916927561,0.5876272786474303,-0.9346569004040188,0.5698952252952078,-0.0015384404936234,-1.7958848442446635,-0.7139623397665384,-2.24871710353796,1.20272394651712
2013-08-28,PRU,74.56,75.5077,74.1,75.07,2383523,0.3844509027614854,0.3889925063137872,-1.5280905960744005,-1.3241877521790093,-0.3311547109685278,-1.1125030709199126,0.1642380551939863,0.5962697857839332,-0.8927845743998137,-0.1617734150464873,-0.0010050882060727,-1.5443690244012052,-2.649551343289224,0.4904673873406687,-0.0285301402514238
2013-08-29,PRU,74.95,76.39,74.79,75.41,1423011,0.2489772185643484,0.255014345598597,-1.3016978490544848,-1.2747313804452438,-0.4080915187025681,-1.0890672231787517,0.1897489247769978,0.0968585628888187,-1.4491281482995912,-0.8657036049886461,-0.0011120330352336,-1.4262685309079497,0.3841002396913983,0.4373768604037849,0.176947877565234
2013-08-30,PRU,75.56,75.66,74.54,74.88,1474283,-0.4705608205911035,-0.4614806784251317,-1.358621509532291,-1.2285204702130352,-0.4860166199473276,-1.0728623954693215,0.2166506805428388,0.097329901230318,-1.5094223188804938,-0.8091139149289241,-0.001372004930337,-1.585651519661792,0.2485912140683911,-0.7062426216476115,-0.3447725860742214
2013-09-03,PRU,76.02,76.9,75.32,75.92,1808135,0.8316989222063434,0.8292560716827783,-0.9060214345595976,-1.1347002465947311,-0.5027437905979055,-0.9023761134511836,0.1297553339078927,0.1691542624006395,-1.325722179865904,-0.5251042431593519,-0.0010763847448018,-1.1371440646905235,-0.471134533131042,-0.1257006407789143,0.1431144241056963
2013-09-04,PRU,76.51,78.99,76.51,78.19,2935218,1.828512717772488,1.7993827821616224,-0.1021745131633023,-0.5462433545122243,-0.4234774676396551,-0.5189014877786082,0.0669450489161673,0.3318782859104008,-0.6295584036529795,0.3914155957841255,-0.0009879746230349,-0.1603024702952024,0.8314649340670258,1.6326430501072262,1.0520490472280175
2013-09-05,PRU,78.24,79.1,77.92,78.05,1751129,-0.1444697001664335,-0.135740949273549,-0.1270362185809942,-0.3268232922250484,-0.3636720782464839,-0.262213895224578,0.0514481628711211,0.2793379393324728,-0.4117284977059357,-0.5153567282815931,-0.0013819049537599,-0.2192120165283609,1.8285387714344332,-0.2097884217708696,-0.331333971226874
2013-09-06,PRU,78.12,78.3967,76.13,77.55,2097410,-0.4318303639907037,-0.4227021549930375,-0.2472829356386054,-0.6110776664215501,-0.3338019699133659,-0.1339167193055847,-0.006281147500898,0.2409185206480793,-0.6898439640450899,-0.1150693239645906,-0.0014182341977791,-0.2795672679065078,-0.1449583443388311,-0.5775776560961294,0.8446364546145402
2013-09-09,PRU,77.71,78.78,77.67,78.72,1952766,0.9062934975458128,0.9023820939848582,0.1784380186467075,-0.0144208235199304,-0.2627509168420802,0.074720064271534,-0.0789464667319422,0.2966613108556027,-0.5064814434348027,-0.210849823917053,-0.0010682546904148,0.4177569008258893,-0.432393972800394,0.9556330439475536,-0.4161669664739352
2013-09-10,PRU,79.57,80.98,79.54,80.6,2441479,1.453857494770042,1.4365385379151152,0.7968291491518261,0.2872151579444185,-0.1326212247935019,0.3936968908447403,-0.0330547105642393,0.3936326529686998,-0.0034946504866383,0.2520962156909341,-0.0010374943299217,1.2592757021597207,0.9060789691168464,0.951669357343018,-0.1023556951774099
2013-09-11,PRU,80.22,80.98,80.0,80.23,1590677,-0.3187959670526133,-0.3096661520354546,0.6754380411363163,0.2938395745523806,-0.0452288591697309,0.5388732095924829,-0.0433764784255812,0.3837063175435131,-0.2021753382789581,-0.5243037211706977,-0.0013672048462834,1.0805043113379635,1.453785811001511,-0.0168984774115023,-0.5733251198514923
2013-09-12,PRU,80.07,80.44,79.6,79.95,1376483,-0.2502744987366338,-0.241244039508871,0.5841815582306057,-0.0961245341579027,0.0111855637523689,0.5752775733499405,-0.0520971698420143,0.3835365572200576,-0.2004680755496516,-0.7005021462316343,-0.0013555004223485,0.945217853418792,-0.3193300882405279,-0.1395451535679192,-0.7156976103258527
2013-09-13,PRU,80.3,80.3,79.36,79.69,1275684,-0.2354612056487058,-0.2264621602452924,0.4801636247054099,0.0285288256809219,0.0434647620053373,0.5422774115361686,-0.0244886883815191,0.3210552351484835,0.0097166246130571,-0.7562840485072221,-0.0013516690644199,0.8195947139224163,-0.2507907445238213,-0.6002466747386159,-0.6082594280890656
2013-09-16,PRU,80.73,81.27,80.16,80.91,1977464,0.9201324015243558,0.9159390572637978,0.8684279334481675,0.4679059548062982,0.114049299377877,0.6144745655672528,0.0400468339689938,0.3430822020531759,0.0723486296596007,-0.0069192160440229,-0.0010669050485205,1.2759742398526777,-0.2359735870477453,0.1421378196258194,-0.4479750702687157
2013-09-17,PRU,80.97,81.85,80.64,81.63,1600018,0.5210243128867023,0.5237654415833156,1.0452132058528931,1.6649878699794016,0.1943871934848957,0.6973372611263854,0.1657836275824311,0.2394330750220158,0.5357429437840452,-0.3621796542334174,-0.0011089354081315,1.3485148891945191,0.919921483291731,0.5895186746105129,-0.3559638641853447
2013-09-18,PRU,81.37,82.624,79.77,80.24,4075488,-1.093129230887347,-1.088177902071584,0.5414585988563002,1.068889266659787,0.1993570235758671,0.5696313182286101,0.2031218256974125,0.3169286133407534,0.2368780440690714,1.982133600445047,-0.0015677808749092,0.5131686647617616,0.520709278131283,-1.075517942415761,1.372968373744482
2013-09-19,PRU,80.7,80.7,78.03,78.69,4575943,-1.2356375949310172,-1.2325279509157108,0.0048534708473319,0.5365508202263537,0.1389960230940606,0.2993061306611718,0.2000798005175063,0.3954866223614335,0.0215634611294574,2.234894191795796,-0.0016561220577199,-0.0912988836938762,-1.093865354713669,-1.9080896384945627,1.23648260616615
2013-09-20,PRU,78.75,79.24,78.0,78.24,3360772,-0.3890275194065151,-0.3798744224985526,-0.1246720058961012,0.558737834786639,0.0709356202262593,0.0632278514079205,0.1870455962057263,0.2884884923161445,-0.4020627614131929,1.0348016526947346,-0.0015994835481638,-0.2667894622777725,-1.2364108953412165,-0.5156043023700274,-0.2704820609658424
2013-09-23,PRU,78.12,78.5,77.72,77.98,2218221,-0.2398862494631224,-0.2308774504580357,-0.1998352558394028,0.2981356897013341,0.0050108944959857,-0.1201375758075444,0.1863680896696986,0.2700774172337631,-0.3018392832987051,-0.0474685777018296,-0.0015129300604813,-0.3681840187929083,-0.3895799621099031,-0.1617140152998847,-0.7577015569765672
2013-09-24,PRU,77.94,78.56,77.19,77.8,1779234,-0.176705285802979,-0.1678655754732144,-0.2595650474623441,-0.2998012614791583,-0.0553767303258239,-0.2525775151605921,0.1867182932103417,0.2457952746508124,-0.1750239946863251,-0.4607282432140831,-0.001482833354089,-0.4383802502264689,-0.2403997852365991,-0.1620267115226221,-0.1237534994214521
2013-09-25,PRU,78.07,79.39,77.67,78.81,2020542,0.7752381198475868,0.7738493394251589,0.0078566935246587,0.0102320837336988,-0.0644385039845212,-0.2264176093039591,0.0428157255378552,-0.1800487615191424,0.6675903690180341,-0.1929906967672096,-0.0009441887545134,-0.0445013960715022,-0.1772023393691781,0.6898141141735636,0.2275604781954212
2013-09-26,PRU,79.06,79.63,78.32,78.8,1077344,-0.0408958067236499,-0.0326362373399208,-0.0580477497858871,0.1536143874439254,-0.0728697240833444,-0.2038666506102739,-0.090630604564887,-0.1823347175943932,0.5622530316832911,-1.0270407356175353,-0.0013864202301818,-0.1295693179679388,0.7749894026096036,-0.2747792898088422,-0.2058349961523955
2013-09-27,PRU,78.27,78.64,77.75,78.41,1168640,-0.3411259240725854,-0.3319800757919605,-0.2381004155996897,-0.2806048006482147,-0.0954955491124483,-0.2223625523912056,-0.221514455187282,-0.1695629616713818,0.4167910327167972,-0.9342473897718288,-0.0014071117957003,-0.2899392832824582,-0.0413574312641618,0.1088214320566821,-0.6453557223580737
2013-09-30,PRU,77.32,78.55,76.84,77.98,2991206,-0.3744187713311091,-0.3652639582634333,-0.4324148594312147,-1.0950465761966568,-0.1305409445326492,-0.2691270342045088,-0.4289038336688205,-0.1765423866735588,0.4405399240432138,0.699052389034446,-0.0016900054369427,-0.6706890270900971,-0.3416658705432874,0.6185900477733264,0.2362327716128621
2013-10-01,PRU,77.95,78.75,77.79,78.09,1877577,0.0548262719629594,0.0624998071929441,-0.4314877510601643,-0.9523465943616742,-0.1539075428865037,-0.2764775970523739,-0.5674489889893132,-0.2167488392146208,0.2523045631269439,-0.3249824033868746,-0.0009079948424882,-0.878008080385531,-0.3749674030066195,0.1093761999146886,-0.5667724216609714
2013-10-02,PRU,77.49,78.33,77.22,78.29,2493275,0.1264559674453656,0.1335954693290044,-0.3667123593089061,-0.7869177678926793,-0.1643561585404008,-0.2491073822390776,-0.5702364921058483,-0.4712092866177752,-0.1486937939150176,0.261883009285582,-0.0008460714550505,-0.7756310696851141,0.0543896187278939,0.7536734882262764,-0.4097125344882122
2013-10-03,PRU,78.03,78.41,75.73,77.25,2957366,-0.8600283460089381,-0.852787606221516,-0.6990858879888243,-0.991361541425538,-0.2128096203295849,-0.3250350301018654,-0.5327939907180522,-0.4165790599457748,-0.3180117301699161,0.6176627776063032,-0.0016543449967073,-1.1483819937044115,0.1260380004635602,-0.7815439303902468,1.299983576463477
2013-10-04,PRU,77.25,78.59,76.9,78.4,1626184,0.8938226381569195,0.8901627608172548,-0.3310070375627957,-1.0208794867519195,-0.2052801605852285,-0.2416780720892171,-0.5631348327782505,-0.361462157455103,-0.0065025191443395,-0.5649966701688066,-0.0009769407452577,-0.5938695527327127,-0.8607036601090612,1.098402580984121,0.2051818662247135
2013-10-07,PRU,77.56,77.99,77.0256,77.41,1116701,-0.8191625879954888,-0.8116125212107302,-0.6384353534286092,-1.5463979625162272,-0.2372365086075777,-0.2766282951376102,-0.521104011913689,-0.3838702001942931,-0.4118796411385076,-1.0089609572370852,-0.0014092622436355,-1.0712324366996555,0.8936048564175021,-0.1724326902830519,-0.5530352458021007
2013-10-08,PRU,77.6,77.6,75.91,75.99,2118344,-1.175050212383586,-1.1711164480987335,-1.0364351403724632,-1.5515851294160676,-0.3164949232199736,-0.4263431786922279,-0.4366288422067603,-0.5095213972762772,-1.0074892732804832,-0.0656981393695399,-0.0015788265001178,-1.7559347551168811,-0.8198272413228868,-1.5938213718385763,0.262157506303324
2013-10-09,PRU,76.2,76.5,75.21,75.99,1916198,-0.0329960430517004,-0.0247793014886723,-0.968055055867328,-1.2302614136920522,-0.3766620024282837,-0.4969743168557987,-0.3681458796007053,-0.5080335223871866,-0.943632626613827,-0.267863567266224,-0.0012427088046935,-1.5315777246608369,-1.175807707181783,-0.2345301320055069,-0.1765363169835693
2013-10-10,PRU,77.28,79.1,77.18,79.07,2145952,2.4904248741166244,2.435276958939933,0.0761522168337746,0.049131332614007,-0.301351847381174,-0.2047631586016681,-0.3932021123570523,-0.0037070449083629,-0.3291300275882902,-0.0893736384793312,-0.0008552898355488,-0.1506121007974874,-0.0334556067571959,1.7236536281987254,0.432382305414497
2013-10-11,PRU,79.0,79.88,78.81,79.87,1407041,0.5969069542780491,0.5985211215868445,0.3406141361592009,0.3261532674594145,-0.2094650593975859,0.0716737358197735,-0.3865132012682298,0.0196388913649437,-0.1343036668254142,-0.7662675478658528,-0.0010198054089057,0.2080802690371544,2.490623602785857,0.8057094376214696,-0.4748255971657982
2013-10-14,PRU,79.07,80.56,78.7,80.26,1679205,0.2710058928997884,0.2768195878384921,0.4821335578179032,0.4687369934851456,-0.1215899484737395,0.2824972636646289,-0.4268684875124599,-0.0326922913188848,-0.2854630724037769,-0.5087811966886856,-0.0009964666933778,0.3829427993315399,0.5966117152546307,1.1107344715427756,0.3400740332277565
2013-10-15,PRU,79.91,80.9,79.66,79.74,1708082,-0.4363623463068884,-0.4272385072865164,0.3403558475652604,0.071232851993381,-0.0732648064481354,0.3493551468339353,-0.5652432907164056,-0.0474562193370937,-0.5075183387813941,-0.4861851703361841,-0.0014727726757598,0.1497927589390214,0.2706256350901019,-0.1870449137288314,-0.2953285966339613
2013-10-16,PRU,80.43,82.26,80.36,81.53,1973002,1.3645696344308136,1.3497508037650412,0.91738754024143,0.4644364975045101,0.0333986567680676,0.5530032878422286,-0.4599597306062956,0.0076844879148789,0.0686353244478861,-0.1548948220592651,-0.0009529415582962,1.0986727206562863,-0.4369271373883831,1.006966598175822,0.3508769155000732
2013-10-17,PRU,80.75,82.63,80.74,82.26,1789586,0.5244474424623708,0.5271396776486869,1.0991633083399108,0.7077418264944111,0.1433116825427081,0.7242861187343119,-0.2632297746545977,-0.0888974999834017,0.4988209506617085,-0.2094158963175245,-0.0010047268343182,1.277117678223386,1.364474657870653,1.386478441000637,0.323509845429857
2013-10-18,PRU,82.63,82.65,81.76,82.53,1704297,0.1713520012543524,0.1781151986687585,1.1143252451589547,0.8843601979740963,0.2366208104753154,0.8185742362322981,-0.0919574123063758,-0.1064445995506505,0.6378054816992041,-0.2202221146434745,-0.0010339682922033,1.389262920943812,0.5241333007090194,-0.1177503946891196,-0.6925796273607413
2013-10-21,PRU,82.38,82.45,81.34,81.42,2281687,-0.8703451479035325,-0.8631868299119972,0.685705828423912,0.5383283059079101,0.262165990694629,0.7195814953469566,-0.0342578021396252,-0.0497348244568943,0.480403665099787,0.3936267678058323,-0.0015026185692919,0.8933164818898922,0.1709457464353935,-0.906745219876821,-0.4551367983659365
2013-10-22,PRU,81.53,82.38,81.32,81.72,2011614,0.1963998209813849,0.2029391710565135,0.7181791999836088,0.5546571448270942,0.2891877036795348,0.6441878725593746,0.0180700673604589,-0.0549363013936882,0.5725137201058259,0.0919474446259482,-0.000989886156108,1.0273560600125722,-0.8710231533786745,0.149751634849918,-0.5102995380081489
2013-10-23,PRU,81.23,81.46,79.76,80.52,1577238,-0.947210984293674,-0.9407217871324342,0.29169705428933,0.5117182970094608,0.2586976046268781,0.4358385601883399,0.0318308414670155,-0.0172664857194181,0.1511881901978259,-0.3495892599591793,-0.0014243878520394,0.4911977475218467,0.1960001004622004,-0.6866854719912998,0.1682322434300588
2013-10-24,PRU,80.66,81.58,80.04,81.37,1738739,0.6242236771891394,0.6254100750599787,0.5295044097892888,0.4616283516262096,0.263255482365428,0.3593719992146422,0.0685066101342214,0.0027214696299831,0.3115133074208231,-0.2083431680655669,-0.001028397245422,0.8709765522027801,-0.9479090419898422,0.6387189991569864,-0.014023626940658
2013-10-25,PRU,81.5,82.03,81.23,81.41,1761183,-0.0023911333805338,0.0056502766604182,0.4919906576609351,0.7538595294863547,0.263705881578015,0.2876261714185177,0.091370332485321,-0.0081974114957606,0.394436690830699,-0.2129898221008707,-0.0010411922662585,0.8888484959524673,0.6239355643610667,-0.1097479700502116,-0.7723497260588627
2013-10-28,PRU,81.24,81.67,80.95,81.05,1537183,-0.3083048933095074,-0.299185386990017,0.3217339716624505,1.114227990686222,0.2453701847587897,0.1818744213911485,0.0812149786391574,-0.0118559681272295,0.4107188315298211,-0.3837947039433231,-0.0014066882809128,0.7280010022052503,-0.0028427130915524,-0.2030132418995154,-0.85097326738823
2013-10-29,PRU,81.31,82.72,81.22,82.66,1542003,1.2037151274937812,1.1930926965554158,0.7740522805572957,1.3169509894744085,0.2891720430484796,0.257214018545497,0.1260017144948426,0.0613155012916063,0.6920125021864215,-0.3635161855464393,-0.001067885616276,1.4163207106154485,-0.3088362776595838,1.2280790950270175,-0.0789686028859908
2013-10-30,PRU,82.53,83.14,81.58,82.2,1667274,-0.3794598375030164,-0.3703052270652779,0.55717916248052,0.6952138470942366,0.3006202385979282,0.234207925331451,0.1377525247365149,0.0777210898932345,0.5660063638228449,-0.1855784430029252,-0.0014205328336135,1.0488395787759968,1.2035781883364824,-0.3284138379375367,-0.0096725568997748
2013-10-31,PRU,81.97,82.35,81.25,81.39,2028292,-0.646487653439154,-0.6379322081609757,0.2232008046433995,0.2399877720954919,0.2729721624608139,0.1151699204662757,0.0600506628200632,0.0545346793491436,0.6196080341826564,0.27633913295223,-0.0014738474151291,0.7092951846614411,-0.3800097842565618,-0.5609028067173826,-0.4649576974669094
2013-11-01,PRU,81.6,81.67,80.6,81.19,1557783,-0.1859829886189186,-0.1771144328098529,0.1118903147461866,0.0783414138455516,0.2387415333383755,0.0029961385060286,0.0230349411888051,0.0215651803565221,0.355169391564804,-0.2585124966225962,-0.0014363574506894,0.6254570626578461,-0.6471072605390473,-0.4059272360971521,-0.4929778050225616
2013-11-04,PRU,81.27,81.65,80.7,81.57,1235374,0.2583951904679347,0.2643377327928706,0.1672395713786245,0.3443349351302655,0.2223098633135282,-0.0409286727472023,-0.0757288467695326,-0.0319255640569881,0.6217756790986038,-0.6328459029444888,-0.0010776196758532,0.7847494944646721,-0.1864824624872469,0.2525752363748945,-0.6206996954780621
2013-11-05,PRU,81.43,81.87,80.7,81.47,1561347,-0.1093207181756141,-0.1007319396840062,0.0450270963824833,-0.2099870744273513,0.2013350782263656,-0.0877624217122089,-0.3536072311820381,-0.1464055131772389,0.8916399256721254,-0.2318984922887398,-0.001439644505134,0.7428304334628778,0.2580116428665238,0.0107959556714765,-0.3944562755992732
2013-11-06,PRU,81.66,82.64,81.21,81.79,2199033,0.2115427074030141,0.2179419027125706,0.0541286251019105,-0.3618766976078201,0.193380897383274,-0.0917146097046679,-0.7767475761839367,-0.1499826947366151,0.9534861665705208,0.4877291204344694,-0.0009441550101906,0.689918169047357,-0.1098001929277748,0.09395937457844,-0.134208987157569
2013-11-07,PRU,82.23,85.89,81.75,83.76,5858990,1.4665556609732355,1.448871271543982,0.612607281446454,0.1842407237594532,0.2599154605363315,0.0968563846523842,-0.7696294411613899,-0.427249232685088,0.7036488532593939,4.05653027723831,-0.0005245175475543,0.4581073092509531,0.2111469372539779,1.3794262595007385,2.5279592522328724
2013-11-08,PRU,84.03,87.85,83.95,86.9,4144109,2.300937072343909,2.253903617239612,1.50373905909516,1.1863341162035408,0.4295732680759462,0.5131506359620485,-0.3794411352446644,-0.1097178776601476,1.125204196073201,1.986672686519064,-0.000839157890227,1.097745149944762,1.466487289813365,2.5541145262672567,2.148944807263962
2013-11-11,PRU,86.88,86.88,85.94,86.49,1984376,-0.3267336192820582,-0.3175971837204641,1.2670727711485756,0.99703149645794,0.5399718947737664,0.6936539256469991,-0.1743921671048091,-0.0897882421018556,0.9725330614914752,-0.1281319229087326,-0.0014114148399226,0.8908779108104941,2.3010863687625958,-0.3654647577213488,-0.6855497320451814
2013-11-12,PRU,86.13,87.42,86.0,86.64,2619363,0.0749783542750121,0.0825099003571247,1.1992326623740936,1.4806403673779136,0.6244722789748883,0.7713949270367387,-0.0525393314972051,-0.1172411206839965,1.103368192957674,0.4311197821363155,-0.0010056047182687,0.9456896718090294,-0.3272698111890907,0.4210468583157278,-0.2253956896498601
2013-11-13,PRU,86.29,87.87,86.12,87.83,2439073,0.8221178145580482,0.8198573265859607,1.4715368064319676,1.519608431130166,0.7281824686385635,0.8830334367197322,0.1805730621016802,-0.1828980990267912,0.9673845977610008,0.2358969014928783,-0.0010393023743799,1.4264832822178282,0.0745469581740341,1.3220407228401907,0.0692306217380495
2013-11-14,PRU,88.33,89.31,88.02,89.05,2947285,0.8317973731872353,0.8293526413863959,1.7429646104605825,1.6381648206590778,0.8469284071832168,1.0110460032511328,0.4623961566586214,-0.1628191019350514,1.0447971960387905,0.6391435380707613,-0.0010137042652806,1.3523774747337172,0.8218813269664738,0.5895250127765399,-0.3840279036888981
2013-11-15,PRU,88.41,89.0,87.6,88.62,2501425,-0.3336244105350027,-0.3244830514430347,1.505171281422721,1.6111955273813403,0.9119044908444884,0.9750533756337928,0.6486471809628118,-0.1427039430658507,0.9162633455336252,0.193038140781399,-0.0014222546054284,1.202702285089712,0.83156341073112,0.1531413711417753,-0.2747226478116468
2013-11-18,PRU,88.69,89.96,88.43,88.65,3126831,-0.0119202009736433,-0.0038225969756508,1.3943567143382412,1.4436626189190496,0.9519100084529262,0.8819854663786135,0.7699112970099202,-0.2220814886194154,1.136671331024069,0.701060536509649,-0.0010027488880211,1.01594955473704,-0.3341624000633939,-0.0603910959715012,-0.1529537403916684
2013-11-19,PRU,88.6,89.53,88.43,88.98,1883134,0.1987597648956231,0.2052775116790347,1.3775374131931577,1.6814817164460336,0.9835679289154676,0.7860445676216059,0.8794298013606516,-0.2220949097168235,1.1372752468504177,-0.3862509535618411,-0.0011096938353077,1.123496604477826,-0.0123742665610736,0.2977204509623253,-0.5610368102461013
2013-11-20,PRU,89.23,89.53,88.53,88.89,1844213,-0.0959677600091344,-0.0874373431584249,1.2123696308348748,2.0296900397674977,0.991983939154552,0.6494675718013642,0.8988926536604592,-0.3207635860646897,1.3591800233187965,-0.4299059279864236,-0.0013670167152306,1.0843228807147156,0.1983606600220778,-0.3141973863870425,-0.653750952107695
2013-11-21,PRU,89.35,90.64,89.24,90.2,2740422,0.8845203156291109,0.8810464873775182,1.4735009411751303,2.20912463944603,1.0365645532467935,0.6332930429034556,0.9833209341165876,-0.3021887767479964,1.4262582382795863,0.303654934315081,-0.0010493309477085,1.2971974895958056,-0.0964437513350933,0.6924189543093667,-0.2977850643731775
2013-11-22,PRU,89.5,90.12,89.395,90.07,1868587,-0.1227249219299258,-0.1140804294783147,1.292547544234055,2.1256551840409235,1.0529449455350952,0.5477665343177562,1.016883002955187,-0.2957804605690118,1.394806784826232,-0.4469343355890535,-0.0013659765168568,1.2541552983739377,0.8843001071649462,0.454851242904815,-0.920488737405538
2013-11-25,PRU,90.14,90.2,89.11,89.23,1697386,-0.6136194637112439,-0.6049277693316678,0.9041159374085038,1.7888748291602212,1.0194204111693872,0.3508909053358882,0.9573337428905158,-0.2620482585883942,1.31476827002834,-0.5981784151419202,-0.0013598872852419,0.9760365243249676,-0.1232078934768784,-0.7890425825389494,-0.5732634197103842
2013-11-26,PRU,89.31,90.24,89.19,89.74,1959758,0.3228439112716658,0.3281015472569059,0.9473910180221294,1.8045363704635689,0.999703251228218,0.2289303462305175,0.9584316352777228,-0.3303786006962825,1.0904563988214917,-0.3892284876405932,-0.0011014534575934,1.1448943514261272,-0.614230496388011,0.3374419041784511,-0.6161968407781149
2013-11-27,PRU,90.38,90.39,88.94,89.28,1529353,-0.352125720445788,-0.3429749311922823,0.6962963653495596,1.3993072077321111,0.953288612457994,0.0626430480270596,0.8963691743952793,-0.3328845200023418,1.097495928509154,-0.748969624626135,-0.0013476025985397,0.992591213256453,0.3224771766011367,-0.9458448057397116,-0.2377817189426214
2013-11-29,PRU,89.43,89.87,88.73,88.76,1249364,-0.3956100607405504,-0.3864588640038872,0.4246659688872228,0.5302108613460733,0.8841516592995633,-0.1288736366150505,0.7438924438869097,-0.3624737355932881,1.1624145596883966,-0.9685453217514052,-0.0013317649181539,0.8204224483689949,-0.3526685364663248,-0.5923424488476094,-0.5209253014328747
2013-12-02,PRU,88.93,90.53,88.7,89.46,2238573,0.457997943530145,0.4616064117284648,0.5081517864273756,0.9173088572275788,0.8454669112086052,-0.2037035327080584,0.547881982893672,-0.3748324700162339,1.3284925602843651,-0.1444018559630833,-0.0010778505938424,1.0482576038848213,-0.3961642206512172,0.4239527186275586,0.1135025294133742
2013-12-03,PRU,89.22,89.67,87.51,87.76,3360320,-1.216079697730692,-1.212697365387426,-0.0955807323463386,0.1598435815290516,0.7377044602454854,-0.441372267629331,0.3015978756064568,-0.2157070746266475,0.9470227624181544,0.6857978839551906,-0.0014763013966805,0.4797356105596498,0.4576664668969271,-1.2626492826892288,0.4599096445124146
2013-12-04,PRU,87.73,88.89,86.95,87.76,2052452,-0.0329960430517004,-0.0247793014886723,-0.1894725572717608,-0.213930660412966,0.6431914906374255,-0.5974033186431488,-0.0243809964009147,-0.2187003621256669,0.966417692122918,-0.393052221656153,-0.0012427088046935,0.4276462147767291,-1.216847896013654,-0.0004809922678632,0.2509877097202047
2013-12-05,PRU,87.56,88.39,87.03,87.7,2429006,-0.0755607906578433,-0.0671250796530716,-0.2949185962969648,-0.7484359965282852,0.5578018116952465,-0.6987449663341645,-0.4358724399590405,-0.2134055847158496,0.8937470098591085,-0.099022010481473,-0.0014270793778902,0.3435431256371015,-0.0334556067571959,0.0944834711013853,-0.2989228897024939
2013-12-06,PRU,88.98,89.7,88.83,88.91,2202680,0.825980300999383,0.8236464678203798,-0.0120858547762325,-0.0806948927313289,0.529945171103921,-0.6317292341809989,-0.7407730603034762,-0.3053551166022673,0.7355284230122163,-0.1425098638805736,-0.001063619792808,0.5832623008064094,-0.076031458356569,-0.0857526596569514,-0.7758189212805661
2013-12-09,PRU,88.94,89.82,88.65,88.98,2083851,0.0160205200447015,0.023949250157737,-0.0222783112893851,-0.0663790672193133,0.5031275954390374,-0.575442113224908,-0.7894187896720128,-0.7296519761864982,0.1840538097594907,-0.1622860830577014,-0.0010835515962095,0.2688061240749019,0.8257448210262184,0.0076622146774385,-0.4954730865382513
2013-12-10,PRU,88.75,89.29,87.91,89.03,1513368,0.0019882441468671,0.0100033424756702,-0.0451817295397659,-0.1697337133668277,0.4766515727133066,-0.5295332650743592,-0.8839758550314202,-0.7443270705080086,0.2638311295631698,-0.6629577462753312,-0.0011333921761556,0.2894450721751247,0.0155737434368726,0.2120440107784358,-0.2995078179091404
2013-12-11,PRU,88.94,89.31,87.88,88.06,2523884,-0.7113100537629329,-0.7030749258008727,-0.3527483711959205,-0.4756875716315389,0.4110595935323081,-0.5934899851036378,-0.9780681360611002,-0.686577898152908,0.073230579327335,0.2643300777090987,-0.001418110109565,-0.454552302364998,0.0015378068971846,-0.7738493925592668,-0.2379576867401
2013-12-12,PRU,88.26,89.12,87.882,88.33,2507836,0.1578927841640139,0.1647721519678324,-0.2803313164002793,-0.9246100402728068,0.3638135419584924,-0.5974332592842576,-0.9977839030527008,-0.7531652057926923,-0.0838691305261442,0.2460873920039197,-0.00105666456648,-0.6381129419784347,-0.7119465712766038,0.0336044208339635,-0.4232498164802548
2013-12-13,PRU,88.46,88.96,87.87,88.19,1533329,-0.1316728827415108,-0.1229928004972806,-0.3090681236360109,-0.9275577603384416,0.3155275722784088,-0.6032646099324971,-0.987460903257695,-0.8353128466045644,-0.3093122398394607,-0.5976818390652561,-0.0013493127653851,-0.7642336507160908,0.1574830181987694,-0.256917749060867,-0.5612577172898466
2013-12-16,PRU,88.67,89.2,88.4601,88.68,1515958,0.3129211626893527,0.3182885250088594,-0.1651797649235364,-0.4156381181811407,0.2914886133865981,-0.5455183020850358,-0.9880242202747416,-0.8301714602194943,-0.1575334497004535,-0.5804011796274265,-0.0011331023639051,-0.3228111701342877,-0.132158188569808,-0.0177959931506943,-0.8959709242320079
2013-12-17,PRU,88.68,88.78,87.635,87.95,1667130,-0.5454945474942152,-0.5365764238909999,-0.3706131581488934,-0.9046048226585732,0.2392538458894767,-0.5718967817771398,-0.9700212455946278,-0.801845681166352,-0.2834451918204665,-0.3762645819605349,-0.0013586656760177,-0.9804405799806388,0.3125518394416728,-0.6482471233302788,-0.5063291995810094
2013-12-18,PRU,88.45,90.641,87.389,90.59,2735195,1.8358069017606609,1.806425958342038,0.3854195623783981,0.2151757840673707,0.296640652389749,-0.3108355211547512,-0.9012596937807172,-0.4763981699626419,0.098260797247435,0.6358114009066598,-0.0010441674532172,1.396947227291891,-0.5460878082199893,1.801618104243265,1.4004464277277209
2013-12-19,PRU,90.01,90.72,89.78,90.17,2663035,-0.3216413212215074,-0.3125090161736714,0.242236306779657,0.2506316134172977,0.3202034988569006,-0.189048803515635,-0.8687372138658955,-0.4676127881316042,0.0440067198053618,0.514322000180543,-0.001423106731629,0.957918580947962,1.835834858278236,0.1079828117237266,-0.7225160060536351
2013-12-20,PRU,90.19,91.68,90.005,91.33,2996009,0.7679280281288551,0.7666720936232417,0.5674224050280235,0.3669909993647927,0.378470839887971,-0.0022906578213363,-0.7919856146726354,-0.4837732166456433,0.0165119744082444,0.8168504051806583,-0.001025645254371,1.1969033741580235,-0.3221761846854886,0.9286566732604477,-0.0628454238854625
2013-12-23,PRU,91.69,92.18,91.08,91.5,1624922,0.0828899349922926,0.0903639695850285,0.595894393780716,1.125993070812754,0.4247462347357373,0.1162487956950173,-0.7078122798038773,-0.4849735955181376,0.0656946480580516,-0.4835025163230649,-0.0011335216063965,1.0106715924489251,0.7676774038853444,-0.1828749452322736,-0.5894119300147342
2013-12-24,PRU,91.5,91.99,91.23,91.91,477850,0.2459743981987529,0.2520413873678019,0.6760224097200933,1.2020890915325628,0.4704365872176995,0.2095744695298,-0.5946341508038229,-0.5184601002511217,0.2736297712235008,-1.57155902694492,-0.0012118149550939,1.271267085823956,0.0824606028090791,0.3122215028699104,-0.9021817700031552
2013-12-26,PRU,91.96,92.595,91.72,92.43,867393,0.3192417928667185,0.3245394410991723,0.7880732071000607,1.3176588354329113,0.5194276700594571,0.2927310317229367,-0.4691919640676962,-0.51862380336549,0.2727594911645095,-1.1626742258792042,-0.0011872476901527,1.345714898574111,0.2455876103480505,0.3598224120142794,-0.802367371128378
2013-12-27,PRU,92.5,92.68,91.74,91.83,913765,-0.4371377989658825,-0.4280147409787976,0.5733644462286659,0.806785761675153,0.5268705029687023,0.2523118013882956,-0.4014697314247146,-0.5118547099993612,0.2519977509117725,-1.1009449398684423,-0.0012999902370403,0.9497628173192132,0.3188741185007692,-0.5735565082331386,-0.7382213430797588
2013-12-30,PRU,91.65,91.99,91.1776,91.5,980332,-0.2567263313510687,-0.2476832934428713,0.4355177241284909,0.6452727781220505,0.5121813955930523,0.1630091838200995,-0.3666408660461714,-0.5212899123034066,0.2858933260898871,-1.025226244313213,-0.0013054582792169,0.7583178073094372,-0.4377027923420356,-0.1499692270583173,-0.8513663679502651
2013-12-31,PRU,91.62,92.31,91.59,92.22,993281,0.4569032684125279,0.4605262494969322,0.6048720784328834,0.7931449801831943,0.5211723361655594,0.1525191255411842,-0.2996311624303813,-0.5213655378206563,0.2856292057825441,-0.9776096819466952,-0.0011776597193788,1.1760160109671318,-0.2572442602471598,0.4684561090044027,-0.9406470532665636
2014-01-02,PRU,91.5,91.64,90.09,90.76,1694875,-1.0186470379326806,-1.0128668464351367,0.1335963651367235,0.6017943753973909,0.4637960093962557,-0.026701124732796,-0.336658129541677,-0.5632437374254423,0.3345700939860974,-0.1399608164112798,-0.0013511626373958,0.3290168757723645,0.4565715062081325,-0.6373364526988318,-0.168028044590005
2014-01-03,PRU,90.06,91.05,90.0,90.21,1660229,-0.4102759088980928,-0.401131464163574,-0.0628290297207179,0.3467194040827288,0.3904818884282044,-0.211100932856562,-0.3898384997206747,-0.5437442279725273,0.2425281359746178,-0.1583264559402758,-0.001353266070421,-0.0103475128483521,-1.019363731366181,0.0995192005785567,-0.6212773165176525
2014-01-06,PRU,90.42,90.98,90.05,90.5,2166502,0.1671461903435726,0.1739459981946264,-0.0192503061099729,0.4598365805627146,0.3381983721955686,-0.3044883648003839,-0.4546487257702975,-0.5444403268959018,0.3014208684325494,0.4350532023876949,-0.0010924523522168,0.0732481055051818,-0.4108338947325068,0.0405286472524306,-0.734892969532403
2014-01-07,PRU,91.14,91.925,90.57,90.84,1701946,0.2009015563904766,0.2073996204438223,0.0514530535413199,0.4265061027900459,0.3049330056969346,-0.3302459203302512,-0.4707544596281857,-0.5970707276658842,0.1513290402814725,-0.0685629863197846,-0.0011307337844532,0.2868602247133571,0.166738838342121,-0.2750057712643055,-0.3481836058910857
2014-01-08,PRU,90.91,91.57,90.62,90.93,2005940,0.0286862926470305,0.0365343687067565,0.0490893682741506,0.7161940973749511,0.2772202081314805,-0.336559747905478,-0.4880244920587381,-0.5971051782893234,0.154379327661414,0.2895432435243757,-0.0011158516384111,0.3434046092096404,0.2005030102524953,-0.0096953243315507,-0.7206121834031834
2014-01-09,PRU,91.19,91.91,90.8,91.23,1676967,0.1724082377090323,0.1791621967700122,0.1040100183053588,0.0672181738285262,0.2623440272116523,-0.3085695796972351,-0.5039168889438941,-0.5956558907230595,0.1954390217613409,-0.1023379555090111,-0.0011412918670915,0.5318858908639094,0.0282428201972465,0.0068238308365888,-0.577311471592097
2014-01-10,PRU,90.97,91.189,89.84,90.73,1804561,-0.3742107613383276,-0.3650559487271511,-0.0798516886086049,0.0327814183088562,0.2265688470607086,-0.339971109383301,-0.5825411452807493,-0.6336708873187177,0.2778227006842338,0.0893807268576933,-0.0013479947179163,0.2177504214401251,0.1720022584336417,-0.2256397171568116,-0.3521877910827928
2014-01-13,PRU,90.43,90.87,88.32,88.53,2074233,-1.542614498875275,-1.5446200009573794,-0.7200457511972088,-1.1618621181737432,0.108685374859705,-0.5764376634063513,-0.5942721456357495,-0.4196693240141145,-0.1342231299045591,0.4397299614269698,-0.0013685007151702,-1.1644456440245283,-0.3747593387496479,-1.6137144476244032,0.8092091499202378
2014-01-14,PRU,89.21,89.86,88.72,89.67,1574027,0.7687001361912553,0.7674302095037528,-0.4110106923618566,-0.7595656902157539,0.0577652708379645,-0.5932483496799875,-0.6660885769270277,-0.3734747538852481,0.0789919615825576,-0.161552124230647,-0.0011427198231262,-0.4482167737382995,-1.5434678812700966,0.3632566043277457,-0.5317880506471311
2014-01-15,PRU,90.03,91.0501,89.71,91.03,1961559,0.9112543305187992,0.9072422009774558,-0.0514675826361986,-0.4383028012754701,0.0684491995769203,-0.4481291788625863,-0.7300827085530671,-0.3198848266555656,0.2217133002657028,0.2714367107430367,-0.0011224353739137,0.4062317030943937,0.7684497133698881,0.8128680005223886,-0.364419741841898
2014-01-16,PRU,90.52,90.99,89.94,90.36,1715842,-0.4912283304739543,-0.4821837802490921,-0.279763435750353,-0.7671018294828106,0.0482951613705472,-0.4114102382622056,-0.8742618548778758,-0.3246505897414005,0.2349628949625167,-0.0215153961587358,-0.0013435460276102,-0.0147098259334783,0.9110410962371928,-0.1598592555129596,-0.6228876196062418
2014-01-17,PRU,90.28,90.79,89.9,90.23,2348008,-0.1225660394529285,-0.1139221905346324,-0.3121341382358374,-0.6566752241049799,0.0252198504833151,-0.3895543913738469,-0.8672247794711422,-0.6060308432268187,-0.2258405420144783,0.755323243451931,-0.0013859001001123,-0.4250672952231906,-0.4918074346091149,-0.0681595864995164,-0.7692761903316806
2014-01-21,PRU,90.58,91.09,89.7,90.13,1676334,-0.1019953088153949,-0.093438193967319,-0.3404356665266093,-0.5987963693800017,0.0012859736986069,-0.3742796477033819,-0.8660617388179216,-0.6132491119429291,-0.1739919988504305,0.0143968252055948,-0.0013505001362985,-0.5013099910360981,-0.1230489695517333,-0.4016566184435987,-0.3060271688056635
2014-01-22,PRU,90.05,90.53,89.06,89.51,1710317,-0.4612661334668597,-0.4521722409118388,-0.4935573559552914,-1.007941836379663,-0.0432795272600009,-0.4151652982251557,-0.8360632789104181,-0.6643138824941427,-0.460146610540415,0.1415077687709092,-0.0013571293686111,-0.974014705076077,-0.1024728725660692,-0.4793755623665711,-0.2226381318506118
2014-01-23,PRU,88.63,88.8,87.02,87.51,3180247,-1.424081675910113,-1.4239255586720774,-1.0159375742092551,-1.1195868759020615,-0.1571933811333373,-0.6263752852398717,-0.6770542678640785,-0.5137019783832238,-0.8079068139552577,1.8295460078715644,-0.0014646169067345,-1.593520284658292,-0.4618374212739216,-0.9810497041855883,0.1038735564699771
2014-01-24,PRU,86.82,87.33,84.35,84.36,3554157,-2.274029274916887,-2.294623704048854,-1.8261669970002463,-1.5261900066512444,-0.3688850298602845,-1.04702163559772,-0.2627585963429922,-0.2038150795275777,-1.3739120369011035,1.9177086397232823,-0.0015122601926247,-1.8773121711590388,-1.424904136292288,-2.1670374849107583,1.3526751552538796
2014-01-27,PRU,84.425,84.81,82.31,83.39,3138757,-0.7488601536920628,-0.7408419519102759,-1.98619495680135,-1.732761853493571,-0.5699532219758672,-1.356194121445065,0.0759010116045625,-0.2200979783301661,-1.603876469844841,1.2483979458800216,-0.0015063633966002,-1.5351006579171214,-2.275073463675624,-0.9525362445600905,0.9072028770776132
2014-01-28,PRU,83.83,84.995,83.8,84.46,1946573,0.7658539404412655,0.7646355466989292,-1.5716076195864752,-1.503542906709047,-0.6810362657537675,-1.3719118873614533,0.2423465442577662,-0.1385621541220899,-1.3461753048274232,-0.0555344461854146,-0.0010620329207493,-1.1666037546994743,-0.7495064670128009,0.5414709315633411,-0.4121582968077167
2014-01-29,PRU,83.63,84.55,83.25,83.82,2438368,-0.5047595287146177,-0.495742031568536,-1.6533436860023951,-1.5996961077153025,-0.7868834192511388,-1.371009008646319,0.4138126382070765,-0.1356087925070859,-1.4001840568260395,0.3583619943265497,-0.0014551983922987,-1.3793513730957945,0.765602775124286,0.1453304559669874,-0.2987550972436096
2014-01-30,PRU,84.78,85.52,84.3,85.21,1489230,0.9994386040853122,0.9935723556502932,-1.1442395123914082,-1.3017504459344236,-0.8084406635371628,-1.1533259303825605,0.4334026048669661,-0.0617237234446076,-1.283858560248186,-0.5943774349174483,-0.0011021707869307,-0.8786895290267052,-0.5053421627740023,0.3568783962909743,-0.3980854499967152
2014-01-31,PRU,83.74,85.5,83.35,84.39,2228825,-0.6321227975269214,-0.6235056410533469,-1.2969044443377349,-1.3378370317856694,-0.8496979031617462,-1.0298869166451652,0.5173623085918853,-0.0905147703417775,-1.1982539487413957,0.0981090239717665,-0.0014429043686897,-1.1621870704414554,0.9992483746993476,0.5601255360131595,0.5319471897712231
2014-02-03,PRU,84.42,84.7899,80.3546,80.45,3285113,-2.9396990617079246,-2.9851992155382088,-2.334566744028919,-1.5116014606981414,-1.0273096999996232,-1.2821099886310263,0.8485057897301985,0.3210863828461603,-1.7564440631038796,0.995938522760344,-0.0015607212068811,-1.8538943189327988,-0.6327386572238162,-3.5792730432387008,3.0033524518630275
2014-02-04,PRU,81.17,82.96,81.01,82.52,2494133,1.5689199000440943,1.548200017759087,-1.6038052321184295,-1.3018715268670409,-1.0758960531716832,-1.151779175347273,0.9588070336199304,0.4986433618462542,-1.4624898243687483,0.2467511205889147,-0.0009700198208316,-1.259182313945422,-2.940916905738261,1.230242645481908,0.3780735241947773
2014-02-05,PRU,82.2,82.97,81.07,82.72,3305120,0.1178959528246467,0.1251035673760753,-1.4280367867698736,-1.5668560675870782,-1.0955967444206345,-0.9731633281857436,1.0115349783098255,0.4947058905501796,-1.4802772809427778,0.8849659962129974,-0.0009136817901091,-1.200840057116747,1.5688782329499495,0.4516266156106596,0.3229366475240715
2014-02-06,PRU,81.72,82.27,79.542,82.25,7595849,-0.3867348924754374,-0.377581298157059,-1.4454974433871488,-1.5490012693865784,-1.1185094890738658,-0.8385384206248746,1.0469707208513783,0.4886093027597601,-1.5694262493850952,3.9526655453873336,-0.0019187339940762,-1.153466142025621,0.1174757527661818,0.4636791189330826,1.172856814980829
2014-02-07,PRU,82.54,83.61,81.74,83.41,4519555,0.8450504432504322,0.8423510869189803,-0.9794608292969385,-1.2693411814009568,-1.080259058602293,-0.5734055347054612,0.9844610151069908,0.5441037290563127,-1.426370046648337,1.3362548036639816,-0.0007109390860719,-0.7773331633016762,-0.3872867370943694,0.7700252602625363,0.2771260067358276
2014-02-10,PRU,83.34,83.67,82.28,82.79,1975160,-0.4957700899180018,-0.4867342890722129,-1.0516199212521005,-1.3200917374789871,-1.0637793611999895,-0.4173367181154352,0.9327606650514574,0.5456690447331699,-1.452732137364401,-0.5715204215191892,-0.001437736563208,-0.9463407456225524,0.84481993816241,-0.5249184447621846,-0.1920752665763872
2014-02-11,PRU,82.95,84.87,82.51,84.53,2874260,1.2754830636945926,1.2630373147483065,-0.4592407158445198,-0.9139476032096724,-0.9727234741714144,-0.1005238365458033,0.9028029394371784,0.5742262619360534,-0.8310508576916573,0.0676945525118159,-0.000937452406666,-0.4454682243937752,-0.4963503788755556,1.4127650712495925,0.7354763800517738
2014-02-12,PRU,84.53,85.34,83.91,84.34,1793436,-0.1729348473191753,-0.1641072545142373,-0.4367815228450274,-0.6957799960372827,-0.8993673897468932,0.1073674815023596,0.8176937835767859,0.529048455992861,-1.0404479426063096,-0.7316983087931425,-0.001414304012214,-0.5001612008497907,1.2753648468538243,-0.1961360135363569,-0.178264512653324
2014-02-13,PRU,83.56,84.66,83.11,84.62,2343508,0.1736941454662277,0.1804368334605764,-0.2526689501160656,-0.1397582352719907,-0.8224282861568262,0.2829031655927084,0.6185052710424522,0.4716696025218272,-1.2016501059532578,-0.3409064028646319,-0.0010037054184418,-0.4195610250198719,-0.173430917279791,0.9320952762169492,-0.0647541550330194
2014-02-14,PRU,84.38,85.23,84.217,84.99,1995383,0.2392265269609907,0.2453601007945805,-0.0554324742834561,0.1261326488330899,-0.7400571307229037,0.437313720800389,0.4219593436574526,0.4795450048982362,-1.040283179388484,-0.6011860715844485,-0.0010553445775341,-0.3130536498160538,0.1732885016494463,0.5198625075465249,-0.5979800890245854
2014-02-18,PRU,84.87,85.67,84.79,85.41,2169762,0.274668102723126,0.2804439083321973,0.1499567396713851,0.0066123718921474,-0.6524234401756458,0.5743878397557413,0.1924359775601637,0.4907919401579122,-0.952018329280656,-0.4700566774323556,-0.001051855420263,-0.1921533860711757,0.2388379787729022,0.4543947014919705,-0.7326427591672305
2014-02-19,PRU,85.16,87.03,84.17,84.28,2673074,-0.856688612696865,-0.8494215656853106,-0.1100078161870738,-0.0974137163566759,-0.6219714119624516,0.5368625204324601,-0.1006211350790731,0.5109796335541521,-1.1207257534662451,-0.1389870471213473,-0.0014627048799013,-0.4479234510302289,0.2742888002850881,-0.8070301598401928,1.2368068215414345
2014-02-20,PRU,84.31,84.91,83.11,84.49,2942137,0.1221319573600321,0.1293060112793471,0.0340638926675178,-0.3447485807495322,-0.5845313044820589,0.5248294607105084,-0.4275508234207658,0.5137598064923096,-0.9911444570536068,0.0082072474471064,-0.0009797217254048,-0.10467173672234,-0.8573630555507533,0.1349848526430191,0.1841944641668738
2014-02-21,PRU,83.96,84.4,83.6975,83.93,1676955,-0.4456425219155067,-0.4365286685543134,-0.0849068641932301,-0.2904394945013751,-0.5720013666572664,0.451084665058418,-0.6143811977853986,0.4386349450352038,-0.7682979676040709,-0.8432244318368657,-0.0013796310024839,-0.0083561254784617,0.1217128623607612,-0.053312186333553,-0.8937550480078472
2014-02-24,PRU,83.87,85.37,83.715,84.96,1981902,0.7310427824401952,0.730444466130607,0.2280911873828942,1.0826167221599263,-0.5172683928831375,0.5007187165613114,-0.5988200138434892,0.2129520085563487,-0.0630206942481456,-0.5841532547355925,-0.0010724899368237,0.5239343367941164,-0.4462097339442155,0.9555774019880344,0.0321356341735562
2014-02-25,PRU,84.58,84.91,83.89,84.12,1982103,-0.648541611540459,-0.6399952647369093,-0.0462946773931046,0.3223160971028431,-0.5028504393221325,0.436655789742607,-0.6017848020946481,0.2049411494796802,-0.0389102013211137,-0.5525592950235803,-0.0014031070955215,0.1510293566323027,0.730782535832135,-0.4372153587739135,-0.5807713975533149
2014-02-26,PRU,84.26,84.61,83.5,84.16,1443287,-0.0033916505179081,0.004655727776231,-0.0290703297046629,0.279312098552334,-0.4859443576653141,0.3918098471740994,-0.6057653221366344,0.1694491135933678,-0.21964323973776,-0.9477812152389672,-0.0011187489886481,0.168786736640005,-0.6491617544625556,-0.1159816175060055,-0.4921276806198226
2014-02-27,PRU,83.98,84.48,83.17,84.16,1994146,-0.0329960430517004,-0.0247793014886723,-0.0344074903065138,0.4661473405063535,-0.4688378351305632,0.3564490244885789,-0.6047291251404648,0.1559912803355432,-0.1079037352505031,-0.5165462225074947,-0.0012427088046935,0.168786736640005,-0.0038434912368298,0.1356186876412831,-0.2940743082839609
2014-02-28,PRU,84.39,85.49,83.98,84.58,2297271,0.2777023380010906,0.2834465906290611,0.1069371417401193,0.250154992844699,-0.4354282221606366,0.3701242404688758,-0.6252270136600825,0.0983971399124006,-0.27606193030851,-0.3108728384018918,-0.0010538387283237,0.3552392267209149,-0.0334556067571959,0.1437846362586759,-0.103446181203221
2014-03-03,PRU,83.52,83.8,82.59,82.99,2393339,-1.203370595224078,-1.1998144684365315,-0.3690071367519849,-0.1221792962568087,-0.4678296069071263,0.2116680380420625,-0.6185749512751586,0.1564992823293185,-0.4111215678628507,-0.2439155313114202,-0.001426939425668,-0.3506166285853854,0.2773238271131,-0.5057519691382326,-0.3762083471922365
2014-03-04,PRU,84.19,85.62,84.19,85.33,2806263,1.7224420548718329,1.6968715887621364,0.2863730166903114,0.0612345133789944,-0.3985180342220931,0.3467104775799237,-0.8003089601702418,-0.2354158129835459,0.7233914362349404,0.0856733327495959,-0.0010113334894872,0.6881901018653954,-1.204135478045393,0.9967151047213132,-0.1946588498218017
2014-03-05,PRU,85.34,86.43,85.0,86.0,2781237,0.4558459248851014,0.4594829060329415,0.4401320309332844,0.3050530169800229,-0.3152816106111527,0.4905867557825462,-0.78161856469114,-0.3854647631538604,0.451878265069301,0.0553602881412397,-0.0010310434003028,0.9856262169944656,1.722440437562164,0.5579836390435743,-0.2055398449574477
2014-03-06,PRU,86.39,87.33,86.39,86.77,2276015,0.5244305717611497,0.5271230483672658,0.6152484981231542,0.4207083205451966,-0.218193253413036,0.6413424169423289,-0.7160638595103189,-0.3717719507755886,0.55158162801052,-0.292367093780698,-0.0010817678457679,1.2038518311646629,0.4555138868483323,0.3060098568428013,-0.6884725943963492
2014-03-07,PRU,87.95,89.77,87.93,88.58,4371974,1.265690690524734,1.2534983778506636,1.0751606319844769,0.7051429139561276,-0.0708952430854795,0.8911857286854725,-0.5451249580796488,-0.3005431816963396,0.9628070436135135,1.541000846926196,-0.0009505041336537,0.9502540909778724,0.5241164256066879,0.5148730415398971,0.1398477071747884
2014-03-10,PRU,88.09,89.08,87.735,88.35,2147535,-0.1946504641927388,-0.1857562085932824,0.9243501827176148,0.5552047504471781,0.0346916528242617,0.9836966876093178,-0.4088916607137332,-0.3241327738845733,0.7023414727856521,-0.1941128765177659,-0.0013725684825018,0.8126600895535869,1.2655699191182397,0.196676571426269,-0.3225807679252652
2014-03-11,PRU,88.54,88.65,87.08,87.45,2014966,-0.6672035557706575,-0.658743026619228,0.572489106069702,0.6295990636100245,0.0803278519041013,0.9033933931364068,-0.407773023475062,-0.3050838420590818,0.6591847335274537,-0.309793405103542,-0.0013705332365155,0.3806058641947356,-0.1951521991713874,-0.956420976254559,-0.0950957809726919
2014-03-12,PRU,86.71,86.83,85.71,86.4,2517154,-0.7805196493811143,-0.7727022529853648,0.2198765926379523,0.2704079627476846,0.0726379911750492,0.7018903975975932,-0.3987943055477804,-0.3548775302466909,0.1574236488828561,0.1390814085060653,-0.0014101005429987,-0.1173568719270559,-0.667828567090056,-0.2964244207628527,-0.5109794275421569
2014-03-13,PRU,86.85,87.02,84.12,84.37,2632125,-1.4957716926132094,-1.496894827272219,-0.405208258783303,-0.0945000428503817,-0.0148729029384151,0.3352300353234443,-0.3995200942780479,-0.1895929775387445,-0.162252898425816,0.1984425778787354,-0.0014289812063298,-1.0572020698390718,-0.7811742218093433,-2.1836962537672626,1.2733020520556009
2014-03-14,PRU,84.17,85.04,83.66,83.73,2099086,-0.5052627729212047,-0.4962463391841883,-0.5886841279247289,-0.4608654677917324,-0.1098434532834784,0.0227007187791011,-0.3747073333460453,-0.1779460310507981,-0.3219443223354553,-0.2464644089098657,-0.0014019464162559,-1.35350794504286,-1.4966128549848223,-0.4212646971134384,-0.2177375417879665
2014-03-17,PRU,84.22,84.96,83.73,83.92,2178251,0.10827980938744,0.1155625510162423,-0.513968957621519,-0.2354646121946585,-0.1772832575239414,-0.1564590679143338,-0.3539696453110389,-0.1823302786046913,-0.3523764435900828,-0.1858640526776473,-0.0010674074300437,-1.2655421383417365,-0.5058455382634132,-0.2954395091559605,-0.3698122590108845
2014-03-18,PRU,83.96,84.99,83.96,84.88,2468127,0.6792026699920963,0.6794927415993424,-0.2101084368975469,-0.0330049388827233,-0.1924263514698104,-0.1651760652385435,-0.3530963849692003,-0.15215526081753,-0.2586123114353908,0.0482647825845078,-0.0010558798589512,-0.8210833255360573,0.107857100736827,0.8015496038337373,-0.5800010312579975
2014-03-19,PRU,84.96,86.41,84.71,85.61,2701020,0.5024465508922492,0.5054498232168418,-0.0057447212586795,0.1091449837518073,-0.1753723091328267,-0.0892747885671617,-0.3623574597171947,-0.1832248417060771,0.0642875360416704,0.2443713693107306,-0.0010511463944668,-0.4831094366317348,0.6789288996985909,0.5517044043514522,0.0636166523167013
2014-03-20,PRU,85.47,87.75,85.41,87.69,3206479,1.4796393733370723,1.4615758869838789,0.5841067210664143,0.3840750901879488,-0.0807623083233697,0.1710739347821042,-0.3062821017406772,-0.0460208133187769,0.3887659010231862,0.6576796582087743,-0.0010299814812751,0.4798846577805756,0.5021266697004001,1.936067479287481,0.6326196568526999
2014-03-21,PRU,88.49,89.31,86.84,86.84,4106568,-0.6364779893829976,-0.6278791876866741,0.2774867403965805,0.5548561808744925,-0.0404651694102735,0.2395525419153051,-0.3141049360454114,-0.0305443296483617,0.3417314274868266,1.2493147025321003,-0.0014957545876597,0.0863534172755472,1.4795744153644448,-1.4350683365340524,0.7791496395922956
2014-03-24,PRU,87.34,88.25,86.421,86.91,2000165,0.0171889249918308,0.0251103219585411,0.2686067659051003,0.1696624806801743,-0.0073855065402038,0.2757577685331886,-0.3001795858904915,-0.0596591736032505,0.1696084029326554,-0.4406400581534372,-0.0011070939648594,0.1187618723759584,-0.6370949852318399,-0.3982797706737254,0.1625643925877909
2014-03-25,PRU,87.39,87.87,86.84,87.2,2189123,0.1747456538138861,0.1814791057669366,0.3095121774839547,0.0916190748824669,0.0282220317438599,0.3112286576267138,-0.3064480934792261,-0.0924690908088722,0.3702616679344015,-0.2963243343638533,-0.0011011972554127,0.2530254720776779,0.0167424531893009,-0.1905783563299279,-0.6069077864038228
2014-03-26,PRU,87.63,88.0,85.16,85.18,2756591,-1.475212049326106,-1.4759595171840123,-0.3238931432838237,-0.527243272479579,-0.0244711626424721,0.1123208030710742,-0.3342172464707557,0.0562442254556445,0.0105206799058019,0.101115004874445,-0.0014122579131197,-0.6821899465342766,0.1743402843072376,-2.1386282436898227,1.187357011394205
2014-03-27,PRU,84.92,85.1399,82.51,83.31,3619596,-1.3997785051594924,-1.399208221835358,-0.8829777536483785,-1.305279884500689,-0.1399092805001405,-0.2083098334589403,-0.2929094035298432,0.1698673094331615,-0.3158083077284289,0.687270920421594,-0.0014798245886097,-1.5150017893881769,-1.4760478482419788,-1.4587043759647804,1.0395502511777837
2014-03-28,PRU,83.83,84.62,82.7,83.59,2714277,0.176249551710059,0.1829697635167594,-0.7825747219385458,-1.1936407069206518,-0.2195406557265629,-0.3726484035494228,-0.2549729828619558,0.1664680154788067,-0.3393814664208046,-0.0117443172141776,-0.0010482885356458,-1.386796440836675,-1.400594625500703,-0.2426165441566661,0.3229535216450115
2014-03-31,PRU,84.34,84.99,84.3,84.65,2220034,0.7564945628640022,0.7554447396053859,-0.4832123629339765,-0.7732649874033096,-0.2398632711807304,-0.351459532945505,-0.3300472439904697,0.1178475159172695,0.1262894341941714,-0.3764850966932778,-0.0010941011285378,-0.9014476213202764,0.1758445745297603,0.2513814975180121,-0.9119949807877832
2014-04-01,PRU,85.04,85.97,84.85,85.82,2111540,0.8275107953810946,0.8251478353213137,-0.1329674364799201,-0.3089995109255115,-0.2092075281847603,-0.2032910193845438,-0.3335151135459144,-0.0222083447101558,-0.08314073426711,-0.4372397845035856,-0.0011085475549738,-0.3657324148729372,0.7562409559381537,0.6666560787922235,-0.503678101600253
2014-04-02,PRU,85.85,86.82,85.79,86.32,2096043,0.3297284821089782,0.334909074361857,0.0149501355569624,0.2630541230228315,-0.1650286083709823,-0.0499477842030229,-0.3315749746631728,-0.0287977888825095,-0.1128293235981174,-0.4281852806075515,-0.0011156732688378,-0.1367942924595419,0.8272757146725846,0.3873041716313762,-0.5968720336536231
2014-04-03,PRU,86.48,86.83,85.8,86.5,2195402,0.0968284095635059,0.1041986981730576,0.0741161464153013,0.4772578868249246,-0.1232083531352698,0.066655641921756,-0.3361939185107569,-0.0475010737175399,-0.2131767119573321,-0.3489731247533928,-0.0011154753531981,-0.0543765683907167,0.3293635434370693,-0.0088438900866845,-0.5989414132538111
2014-04-04,PRU,87.37,87.7,84.25,84.33,3366670,-1.594845076253032,-1.597877846480297,-0.5252120102898221,-0.1040982718528762,-0.1751444018439931,-0.0813887295526982,-0.4047948665587965,-0.0267128822554203,-0.8721262548940287,0.6063660506052424,-0.0014292696086934,-0.9915953737576492,0.0964027135519129,-2.655107061188001,1.8182096475895475
2014-04-07,PRU,84.15,84.1997,81.16,81.17,3680709,-2.365919065647542,-2.389494513694823,-1.388801855273026,-0.8543094038778755,-0.3384624424079203,-0.4865195563694208,-0.2787658161689973,0.2461608839072143,-1.3610188347347665,0.7695823185045586,-0.0014613707152813,-1.877224034896916,-1.595712084195055,-2.701828372342429,1.5296716596763258
2014-04-08,PRU,81.12,81.625,80.41,81.11,3529959,-0.0790165216757586,-0.0705643044815126,-1.314159715823564,-1.0302882168180203,-0.4665722888164382,-0.7199989321622915,-0.1572684237707216,0.2395908671178342,-1.2322307970116548,0.5791696772717017,-0.0014703506992176,-1.6198503047766015,-2.3669872259712847,-0.0356301338378948,-0.3429063926959764
2014-04-09,PRU,81.62,82.33,80.505,82.22,2294961,0.8190126072185677,0.8168109162355203,-0.9087215088806644,-1.2787043466278898,-0.5201160804907093,-0.7148506915365801,-0.1062495559525182,0.2821903108990092,-0.8780067759473997,-0.3316607492363052,-0.0010814858661161,-1.2052613714551228,-0.0794880908813882,0.529075155789382,0.2585553028559131
2014-04-10,PRU,82.25,82.25,79.275,79.43,3381427,-2.145619791787204,-2.1622914896322323,-1.700679084158124,-1.4940055863872228,-0.6663668082311168,-0.94935815655601,0.1469001197018065,0.3959790357939338,-1.0273981849932057,0.4446625318938293,-0.0014672148049271,-1.829957679290107,0.8187753095622515,-2.616663470642136,1.5301548358862538
2014-04-11,PRU,78.51,79.33,77.44,77.61,4688505,-1.4595304538210976,-1.4599961441019618,-2.178258342118077,-1.6717619507143735,-0.8458445810761133,-1.2224899706799686,0.5014188335993292,0.4696495028248383,-1.2409474268685354,1.251340093094015,-0.0015813946671759,-1.8336944565752,-2.146630481979368,-0.8924050318687798,0.4382370313941487
2014-04-14,PRU,78.1,78.71,77.4,78.4,3706137,0.6007347857574422,0.6022897142697705,-1.8517166765053832,-1.5550817751153323,-0.9477619904527635,-1.241356381583428,0.7233640130167496,0.4996073135543077,-1.1335130953425103,0.4934064526244464,-0.0009377735444326,-1.602194343818668,-1.4603621618321694,0.2638951719129042,-0.1987661752292913
2014-04-15,PRU,78.72,79.33,77.3442,78.61,3930948,0.1337665573909127,0.1408469664025648,-1.6939107489130718,-1.316417369408382,-1.010317418651123,-1.1551324483546372,0.8892221457572549,0.463439405841212,-1.2523575515035714,0.5822540007336287,-0.0009512955521056,-1.5296548394294618,0.60044054531189,-0.1318894213786276,0.5139843074567769
2014-04-16,PRU,79.47,80.13,78.71,80.09,3318716,1.1391435765628029,1.1300940364287138,-1.1461853615422943,-0.7543927379700734,-0.9919087461398458,-0.8777531003108422,0.9388178871486812,0.5317541773877613,-1.1144428805765474,0.1507761551516298,-0.0010200608864956,-1.1185006604013232,0.1333504975446086,0.5631147666173011,-0.1136859910770977
2014-04-17,PRU,80.0,81.35,80.0,80.92,2738360,0.6122052445474987,0.6135812850682545,-0.7809270358140212,-0.6429388638126923,-0.9355660834800288,-0.5582081842525107,0.8570145995440752,0.4174358759139981,-1.301334176753182,-0.2190920660108296,-0.0010726399545648,-0.8879209518923002,1.138989792431559,0.8425289784908099,-0.2009363568397184
2014-04-21,PRU,80.79,81.16,80.55,81.0,1667627,0.0285541670309267,0.0364030976523354,-0.6652303197893543,-0.8467522736757626,-0.8793254897708555,-0.3028349751277244,0.7881107781831784,0.4141843708977469,-1.1551490960406965,-0.8861702911304763,-0.0011451192657197,-0.7669835363561505,0.6119139964348961,0.1700675917830835,-0.9636952052548644
2014-04-22,PRU,81.06,82.73,80.78,82.28,2623558,0.9508346729752204,0.9460052361466522,-0.1858388527606237,-0.8226660843223507,-0.7771172230965715,0.0197835910684953,0.6735071119782179,0.4814126138241611,-0.9498808649115396,-0.2416445489530648,-0.0010943935066684,-0.3415314651695891,0.0281106601131373,1.1107816220515632,0.3838179989287105
2014-04-23,PRU,82.15,82.6,81.67,82.13,1388145,-0.1464951391234956,-0.1377589257308473,-0.1530092421368421,-0.955313626249762,-0.6956963650257856,0.2243720121273087,0.5159037415348471,0.4743811726568606,-1.0213852760659254,-1.0773021767300532,-0.0013172025323869,-0.3883254394011242,0.9506317641361318,-0.0447101686660419,-0.6476127203712642
2014-04-24,PRU,82.75,82.75,81.33,81.91,1795134,-0.199765411731687,-0.1908565558562651,-0.1711432863171871,-1.026391683670491,-0.6342133105546746,0.3367231857304141,0.4519439277241217,0.3873381740853746,-0.7312832061694753,-0.7727435154604805,-0.0013417003972622,-0.4156943278001668,-0.1469843116782221,-0.7932470588279521,-0.1465183801496439
2014-04-25,PRU,81.33,81.825,80.3032,80.68,2365643,-0.9678927116300284,-0.9616001371258908,-0.5230804641147845,-0.8960519136849143,-0.6283479086045746,0.2834452444603052,0.4554283443113774,0.3390677367842619,-0.6311142709616459,-0.3310102541929828,-0.00137798597353,-0.8105207333945422,-0.2002684810620243,-0.6301363019219144,-0.0193343166882676
2014-04-28,PRU,81.2,81.4,78.52,79.83,2451568,-0.6889124024194729,-0.6805588471451504,-0.7365370245968985,-0.4950523566201939,-0.651339722070963,0.1665449157280374,0.467587934189025,0.349325656913099,-0.8280993469967591,-0.2603863494893508,-0.0013900830563768,-1.083368249455701,-0.9685961646303682,-1.3010203152615472,1.415336182426589
2014-04-29,PRU,80.29,81.0397,80.04,80.74,2360215,0.6766972317034778,0.6770291766996709,-0.3822527299564985,-0.2682764695532712,-0.6282018954139866,0.1917615523157578,0.4092843864688833,0.3417282369082643,-0.845851534671068,-0.3311806033582384,-0.0010928693417225,-0.7912609087314058,-0.6895430769907355,0.3971272568700341,-0.5594207905541767
2014-04-30,PRU,80.61,80.8,80.03,80.68,2644496,-0.0792616146384479,-0.0708082340205375,-0.3194846220045237,-0.5462723545988603,-0.6069262110596191,0.2071417393550825,0.2613069507617778,0.2855494548402396,-1.0470955062762568,-0.1430430878423456,-0.0014019959755586,-0.8105207333945422,0.67642280780878,0.0392910035584216,-0.7959289852001585
2014-05-01,PRU,80.66,81.71,80.34,81.17,1707542,0.3451204464661904,0.3501260838834795,-0.0780374697448558,0.3039655700638783,-0.5659530047297003,0.2701469714663486,0.0214897340252483,0.2864907225568751,-1.0437018109206244,-0.8080978836763166,-0.0011335950543107,-0.6532321653122304,-0.079733247782213,0.4513850414072438,-0.1846837968234904
2014-05-02,PRU,80.5,83.0,80.49,82.05,3278580,0.6419709767678008,0.6428732030777694,0.280110328155333,1.193889799659432,-0.4948404160757342,0.3981294084195887,-0.3101907507213751,0.3206323391908977,-0.9230277630841436,0.2840465248215697,-0.0010411293961979,-0.3707547369195056,0.3447595231421371,1.4284072627942022,0.9581649059400884
2014-05-05,PRU,81.31,82.54,80.73,82.36,2519805,0.2022262802214184,0.2087121338650159,0.4134191173410838,1.1103159351409906,-0.4231018170951014,0.5021266977864939,-0.4479072746958082,0.2100270491085483,-0.5105636632327424,-0.2277693158290095,-0.0010982726709714,0.5508217505981118,0.6416874937309394,0.9493245070533272,0.2402321365837475
2014-05-06,PRU,82.05,82.09,80.11,80.11,2874882,-1.7338287819031004,-1.7398186148399353,-0.301037095264997,0.2120625424713034,-0.4512925493293006,0.3281081509780298,-0.4455802520292352,0.0626378754148293,-0.3592687753804941,0.0584136339558944,-0.0013993460958398,-0.2557111277902836,0.2018280796681117,-1.8126719830460871,0.468530065920537
2014-05-07,PRU,80.6,81.09,79.64,80.9,2342429,0.5809578905880113,0.5828164131923993,-0.0405794517217313,0.042043672087739,-0.4391765454837732,0.2926421583355213,-0.4475564870041516,0.0870116879820134,-0.2055015508576305,-0.2933927562807664,-0.0011074479635001,0.208609289229341,-1.7347320469408058,0.2548935676087013,-0.097575495792765
2014-05-08,PRU,81.41,84.5,80.9,83.25,4298133,1.7754883589465535,1.7481590049921634,0.7068202612567437,0.3903447894940689,-0.3349241361747903,0.5014268857916779,-0.3880609650563813,0.2335922378176355,0.0165068255716171,1.0536364414716637,-0.0010060521908765,0.8621991745351653,0.5806584908845653,1.6812781512122883,2.0126051441671566
2014-05-09,PRU,83.14,83.79,82.5,83.75,2108766,0.3409261040869139,0.3459797877484116,0.7967209784878723,0.4713692837665303,-0.2316513426629024,0.6659331535585896,-0.3022564952442526,-0.0621205658695839,0.6312879240027361,-0.4890506198114708,-0.0011357224888144,1.0944710055982536,1.775500579985153,0.5280085507557789,-0.3076258885845018
2014-05-12,PRU,84.39,84.93,83.92,84.81,2039087,0.7549862823034474,0.7539634968314038,1.0186812505794178,0.4296323036107695,-0.1085349576874817,0.8486152305994605,-0.2881791015862333,-0.2285371563465082,1.195017014106886,-0.4640536964712257,-0.0011430975686,1.3902934237511777,0.340564086572198,0.3496965996063287,-0.5988198566438064
2014-05-13,PRU,84.93,85.15,84.26,84.46,1609856,-0.2899269842673961,-0.2808298112805693,0.8043908650996459,0.3714276931109858,-0.0261336930259916,0.8899608734392308,-0.2933932839522215,-0.2194466250764598,0.967733382954769,-0.7444450528053157,-0.001318626850584,1.1490350384370434,0.7547322819079303,-0.4444177992405848,-0.7131168809786145
2014-05-14,PRU,84.31,84.33,82.33,82.44,2162268,-1.52199954467529,-1.5236121950683137,0.0924814829802825,-0.0778456171168712,-0.0415456975181088,0.6712677167274566,-0.4120680371036936,-0.0264754505861936,0.5480743116437508,-0.2344972392906983,-0.0013475454633591,0.0841258160738554,-0.2904535743172812,-1.702058909413242,0.4305310053647153
2014-05-15,PRU,81.97,81.99,78.9,79.98,4903607,-1.8907686321650257,-1.9004897123304103,-0.6952888744534949,-0.3239707480744878,-0.1505355329689496,0.2554454653766391,-0.4067342223202592,0.1313786535890579,-0.1876482625736205,1.9294868602923376,-0.0014897917161259,-1.149280908226069,-1.5228475491852478,-1.860500428728637,1.6285217462506316
2014-05-16,PRU,80.0,80.19,79.1,79.6,2859874,-0.3287956710769633,-0.3196576818699931,-0.796614947709022,-0.2347491552000498,-0.2506724461700547,-0.0544250662328453,-0.3535348577619631,0.1093722122928035,-0.4070499275206998,0.2676836932479161,-0.0014008954252618,-1.3398071501911035,-1.8917128385716544,-0.404075476656953,-0.4500985654753795
2014-05-19,PRU,80.11,81.1,79.67,80.97,2774637,1.0385304817353955,1.0318038335914324,-0.3560735923602091,-0.1446118488278392,-0.2746446644920649,-0.1062748780475611,-0.3529481633302637,0.1792459983611453,-0.1729164124974415,0.1501946474580928,-0.0010799604686428,-0.6529099094224423,-0.3293324009176254,0.7847499232186045,-0.1194524819564034
2014-05-20,PRU,80.93,81.05,79.78,80.31,2040670,-0.5404717099537822,-0.5315398772304938,-0.5369415213422086,-0.2576851282483722,-0.3176519817514296,-0.1967507444821798,-0.3331111259885946,0.1320507081222709,-0.5191116428476639,-0.4116705439319384,-0.0013557753277487,-0.9838239086248604,1.0383504503646714,-0.6051143613017959,-0.273394734710037
2014-05-21,PRU,80.73,81.8,80.7,81.09,2456906,0.571676715619592,0.5736756011079828,-0.2694588194978002,-0.2035774694272482,-0.3190564542310378,-0.1620464313437477,-0.333165823125279,0.1571700355015653,-0.3534505464384774,-0.1193933718344816,-0.0011007985792694,-0.5927437277492728,-0.541063660356879,0.3105921901062495,-0.4607906009089482
2014-05-22,PRU,80.58,81.76,80.4,81.46,1838890,0.2510768867112006,0.2570930483842307,-0.1431535419028566,-0.3000699577384804,-0.3038020245716621,-0.0914032535038481,-0.3344949022664644,0.1614003993809089,-0.2481624250303319,-0.6047915830104774,-0.0011416619037961,-0.4072313342570119,0.5713748947082261,0.7987711997189111,-0.1999223706003626
2014-05-23,PRU,81.4,81.93,81.15,81.72,1400341,0.1657160825268714,0.1725282751147919,-0.0762258324632651,-0.3098695970742611,-0.2799493728246102,-0.0127570355933353,-0.3448909920109665,0.1094509043022273,0.0218390083817488,-0.9271951035369708,-0.0011684633887052,-0.2768712739651471,0.2506914299619633,0.2706929239777109,-0.795853142292294
2014-05-27,PRU,81.9,83.39,81.75,83.11,2490362,1.0259695972202592,1.0195219839169742,0.3172954557609491,0.4106848597627984,-0.205666986750197,0.1799652067652294,-0.3640273409287914,0.1324172321709309,0.4359538710331722,-0.059220060253901,-0.0011141112783565,0.3578658983716526,0.1653083574489091,1.0898941944954428,0.0532316183709111
2014-05-28,PRU,82.78,83.05,81.81,81.84,2149734,-0.9843581850706402,-0.978227184103235,-0.1081056825566746,-0.0070186016841294,-0.1962136225661359,0.1672742143129838,-0.3789586730566369,0.1737527339376909,0.0326122807822318,-0.3235848115464697,-0.0013488009930213,-0.3176077900366599,1.0257862890539595,-0.8842372811136174,-0.328583608009156
2014-05-29,PRU,82.06,82.25,81.42,82.13,1847265,0.1876152823953566,0.1942342712482784,-0.0383962471908659,-0.4397494831751112,-0.1769648297936106,0.1823346849133597,-0.3968754688850879,0.1747231491781959,0.0964731841690508,-0.5419649790368304,-0.0011479203326441,-0.1633657666993324,-0.9850659334683664,0.0381317182318319,-0.7490870404478801
2014-05-30,PRU,81.93,82.71,81.7,82.16,1533902,-0.0102547655044301,-0.0021668782441136,-0.0446925160399547,-0.5581630757010506,-0.1603767700537043,0.1875343803711947,-0.4038618268794528,0.1686476342444412,0.0116493780333048,-0.7924299619458121,-0.0011665993673927,-0.147409695319608,0.187213270227273,0.1857780492541215,-0.5668074940931139
2014-06-02,PRU,82.44,84.12,82.085,84.02,2284345,1.3764483306989788,1.3613039056082543,0.5188496746147666,-0.3615385781042358,-0.0748623139853657,0.3691094943454539,-0.349720460463123,0.2509117562813783,0.1851434348225435,-0.1418151244899372,-0.0011323891522339,0.8418667302232782,-0.0107083966247199,1.4216676868157392,0.4272270220499655
2014-06-03,PRU,83.73,86.08,83.73,86.03,4598139,1.456395237264214,1.4390034447228184,1.1005500050364752,0.1163461265940573,0.0695158507280498,0.6658837582611927,-0.169770158580609,0.3538758382629539,0.4869625443656807,1.6278806632803102,-0.0010291369360868,1.4197298556925917,1.3763564529699015,2.049034050710921,0.6852193882292335
2014-06-04,PRU,87.38,89.3,87.38,88.09,5312033,1.457781095703052,1.4403494862470223,1.6223822486257369,0.906940887402488,0.2603123271451757,1.0227831046457574,0.0951375581798831,0.2384848726670768,1.2954947786151394,2.0031156183248995,-0.0010136087503214,1.0561230156250592,1.4563242155241702,0.5875741273776564,0.2251643471157819
2014-06-05,PRU,87.67,88.61,87.17,88.31,4976632,0.1224900308464438,0.1296612347795142,1.566999537647778,1.7062662666503114,0.413712982595778,1.2120463823402474,0.3170266723711542,0.2337019635057456,1.1777311087655329,1.5681958849801187,-0.0010444411098722,1.1264422404555734,1.4577104354960513,0.5252192367888482,-0.2323516733984333
2014-06-06,PRU,88.43,89.65,88.34,89.35,2849991,0.7001979213749926,0.7001332479166719,1.7924490928069352,1.9217718150446863,0.5679706116063081,1.3656628396866235,0.5953577576980097,0.1061870697351251,0.9086546065859497,0.0797513471316775,-0.0011367366236903,1.3501108953340224,0.122071029258876,0.7597022476032959,-0.3694265787469867
2014-06-09,PRU,88.95,90.01,88.78,89.43,2140539,0.0227470235390932,0.0306332386391105,1.7218796270411645,1.8342731987317868,0.6837908889795766,1.389618924133633,0.8212115393596812,0.106354456041048,0.8285779907548788,-0.4499075505859651,-0.0011660438126073,1.269339121975367,0.6999296281756164,0.3813827957111803,-0.4450725645658526
2014-06-10,PRU,88.54,89.78,88.54,89.57,1473781,0.064467059372544,0.0720734736228914,1.6859574707064504,2.1231905355550604,0.7705109709614187,1.333880389702376,1.0109174147941604,0.0855731337822492,0.6568123523423162,-0.9349686473686556,-0.0011913431783752,1.311227998234764,0.0223020016943832,0.852589465807738,-0.4375596316169184
2014-06-11,PRU,88.97,89.61,88.68,88.86,1757203,-0.5265006386081409,-0.517532828090169,1.3907371296653095,1.7627219602970512,0.8003724282099959,1.142936440893295,1.1370461268860177,0.1012226624649667,0.5976286373188376,-0.7252664693273375,-0.0013028396110098,1.098791554347802,0.0640329211585734,-0.1197266482767808,-0.7190866818756039
2014-06-12,PRU,89.82,90.1,87.91,88.43,3354523,-0.334267212581163,-0.3251254332533029,1.158316385723748,1.5528636196132082,0.7962402257159208,0.9026821868562168,1.2071077968049029,-0.0616547689701869,0.8996316336794099,0.4191475382630333,-0.001360041474769,0.9472195408063746,-0.5270889443359988,-1.195510286916191,0.4726417410803044
2014-06-13,PRU,88.66,89.272,87.6307,88.14,2723735,-0.2371669225562611,-0.2281640801507218,0.9359565432020316,1.4113424276969422,0.7709689033108239,0.6560670528774,1.1545862553511126,-0.369612691431743,1.330925701820738,0.0384101753545207,-0.0013421836857737,0.8505700418849526,-0.3348053697992498,-0.4694355254028055,-0.0393911536501318
2014-06-16,PRU,87.92,88.47,87.67,88.06,1540696,-0.0895043593653649,-0.0810032171728302,0.775681605822991,1.1987083865207129,0.7375940826430991,0.4379166806649477,1.0416642823139777,-0.38825100166523,1.3934301975881411,-0.836021863355176,-0.0013010691463666,0.7927032645243658,-0.2376797489307806,0.0939888395283171,-0.834195947241194
2014-06-17,PRU,87.75,89.49,87.69,89.36,2137038,0.886098310209165,0.8825930161541213,1.0413394231799842,1.9131903250030031,0.7519425511193273,0.3862353076134593,1.0112544016590654,-0.4049594530501919,1.3543231053553837,-0.3473836829666372,-0.0011600206868132,1.2045168977638716,-0.0899786645646337,1.3598757466765334,0.087431097791639
2014-06-18,PRU,89.36,90.55,88.83,90.52,3474219,0.7751879710301058,0.7738001047935997,1.232472256026378,1.977561723365786,0.798070546975041,0.4266901655747276,0.9504984633902892,-0.4468851151669102,1.699658781606467,0.6388054937771842,-0.0011121706394302,1.4330535850871444,0.8858785134011741,0.9544362556152438,-0.0077370917838113
2014-06-19,PRU,90.52,90.52,89.14,90.01,2125130,-0.3837649242301659,-0.3746108118100735,0.9355381158415558,1.7562828168635365,0.8035964451612125,0.3545449514918308,0.8630447855064499,-0.4112708512190193,1.4480616087233973,-0.3925852940489459,-0.001318970108465,1.266025744289544,0.7749392407096504,-0.4519839219531286,-0.3135726968958351
2014-06-20,PRU,90.58,91.27,90.14,91.1,2708003,0.7209341966266594,0.7205124021799564,1.1130813517355798,1.6869596408217618,0.8395000231503249,0.3750204050982124,0.7963723512367175,-0.3977257553055334,1.5705335751680796,0.0258285950641238,-0.0011427850479701,1.3870377579868356,-0.3843159940645838,0.4074097494704647,-0.5575679063133682
2014-06-23,PRU,90.98,91.03,90.06,90.52,1848961,-0.4293699371150934,-0.4202394948359067,0.8007641437438403,1.1762693445641594,0.8338197074240761,0.2843645414107095,0.6703476937079463,-0.3563861536466635,1.414040864303232,-0.6427322579497905,-0.0013085633221178,1.1897684828444728,0.7206713129615331,-0.4083106283861079,-0.69825459409487
2014-06-24,PRU,90.09,90.96,89.3,89.47,1661561,-0.7551672690073713,-0.747187763553888,0.388363740896166,0.2794469785597595,0.7773377982797763,0.0810774235325288,0.5594863960630334,-0.3259150789767851,0.9564125333414596,-0.7648962633198064,-0.0013033270952098,0.8354141057566951,-0.4299329040658533,-0.5462644562768615,-0.0450421705719069
2014-06-25,PRU,88.92,89.399,88.43,89.23,2329481,-0.2000009497205133,-0.191091431636868,0.2047417568962267,0.1225829769095345,0.7132125173857721,-0.1012261780760513,0.3131635814948827,-0.4272833738109176,1.1586911947218317,-0.2567463615463868,-0.0013295923705582,0.7544188195652043,-0.7558152276841775,0.2370781117606285,-0.6862774727032256
2014-06-26,PRU,89.05,89.26,87.77,89.14,1856304,-0.0957913291087695,-0.0872617024892534,0.0728073684101414,-0.2688294612346313,0.6496656822489845,-0.2455801499415612,0.0177064375047926,-0.4185784863260423,1.0860566205241533,-0.6200738060601184,-0.0013141816435313,0.7030138958969088,-0.2005040804963514,0.0500412331368968,-0.1982581574876351
2014-06-27,PRU,88.8,89.03,88.295,88.99,3663905,-0.1377605216784365,-0.1290569597062894,-0.0731476917544921,-0.3547738796925327,0.5849617978142815,-0.3640415524086443,-0.3968121149876986,-0.4124000282085721,1.053422918961246,0.6574900415961759,-0.0013875083524423,0.6177144728930618,-0.0962672744086708,0.1353370435202803,-0.9029821573039412
2014-06-30,PRU,88.99,89.91,88.58,88.77,2068174,-0.1869096091792109,-0.1780382482843553,-0.2080807485433027,-0.4873617988594048,0.517365260147593,-0.4662563140055292,-0.7278423583852359,-0.5219550296265206,0.6628147690697669,-0.5131441820053579,-0.0013289434447129,0.3406965448180528,-0.1382474156073415,-0.2130947589150909,-0.3426662134635168
2014-07-01,PRU,89.23,90.69,89.22,90.17,2274731,0.9488813085086284,0.9440927765023576,0.142841062857809,0.2603446302202224,0.5113022855873108,-0.3896417911237612,-0.8926969334054898,-0.6215276249408538,0.5392801699654917,-0.2853841267394724,-0.0011448199207464,0.5510251689766105,-0.1874093247778209,0.7695892885586232,-0.232656237706816
2014-07-02,PRU,90.0,90.86,89.83,90.09,1881955,-0.0882321858917349,-0.0797368844978194,0.0896899030846588,0.4045813598200253,0.4959359040313251,-0.3522969822707157,-0.9133870176206504,-0.8146647993135069,0.1659672441420595,-0.4868997966580688,-0.0013209360876656,0.4861630901972462,0.9486778900894992,0.0492352343058755,-0.638486902397443
2014-07-03,PRU,90.89,91.88,90.89,91.51,1550924,0.9483161253130594,0.9435394176207764,0.458653754358252,0.8707096373754702,0.5318163438034987,-0.1905126992839097,-0.8549071733308616,-0.7298632759908393,0.3647046657178794,-0.6640339734129038,-0.0011763716448174,1.1534317447201985,-0.0887061592152983,0.4890548519343978,-0.6897016646705539
2014-07-07,PRU,91.03,91.21,90.25,90.5,1760986,-0.7201408127333166,-0.7119546283558206,0.145571414963651,0.5089929338808042,0.5128941992407207,-0.202146181567226,-0.8393523561995734,-0.7138636904724459,0.0215497088891601,-0.438599854191045,-0.0013162724971349,0.3633196432406735,0.9481125594528966,-0.4661984154602133,-0.7072661654178528
2014-07-08,PRU,90.37,90.5,89.02,89.38,2394413,-0.8034822529788581,-0.7958207624272315,-0.1817881757902357,-0.1831683449408662,0.4469714092914295,-0.3324318195207367,-0.838978035539434,-0.6513855933927203,-0.175688148146475,0.1265137047681941,-0.0013454568850641,-0.5128442712712734,-0.7207796339535368,-0.8539835565961713,-0.2113230978355074
2014-07-09,PRU,89.405,90.35,89.405,89.6,1790909,0.1202459378130033,0.1274349693428133,-0.1177795417325287,-0.484274086593169,0.3971115673649598,-0.395314578190273,-0.8389966173743358,-0.650049726027467,-0.1625579312295588,-0.4320814549383338,-0.0011629034474862,-0.3407406452064281,-0.8041428157302827,0.1384683952478705,-0.7123382739857613
2014-07-10,PRU,88.31,88.89,87.52,88.79,2365005,-0.595819819545539,-0.5870616807065878,-0.354045567912755,-0.5681704790902484,0.3203305122507995,-0.5149155244326901,-0.8369355934509177,-0.6429305225360219,-0.1790463675193508,0.0562778692272562,-0.0013451508695036,-0.9130205484257544,0.1198263508021627,0.3843374733445411,-0.3054023187739654
2014-07-11,PRU,88.59,89.87,88.385,89.72,1865448,0.6191041357260546,0.620371592743944,-0.1005092797792555,-0.6252621184742045,0.2910307482677785,-0.4883802554272302,-0.8646750354567129,-0.6153362082188912,0.0467676378553646,-0.3313656921688799,-0.0011588084969051,-0.2039634773657781,-0.5964262087758055,0.9373759339781244,-0.2119082068006229
2014-07-14,PRU,90.59,91.25,90.52,90.61,1883560,0.5845881452422625,0.5863913989548862,0.1235417353629732,-0.1614547563755544,0.297709041166308,-0.3745451411581578,-0.899656692276324,-0.5940226651563107,0.2440930220400327,-0.2810846625531867,-0.0011604797774148,0.4745965153690434,0.6188146873478625,-0.0096366115322759,-0.9198877738345416
2014-07-15,PRU,90.6,91.21,89.97,90.64,1715589,-0.0123830740090144,-0.0042827773094526,0.0942922990132247,0.2113917904216158,0.2990390298258954,-0.2972434927849374,-0.956023793307911,-0.5955824050842223,0.2628126001090509,-0.4447952107858438,-0.0011699679890544,0.4974693241129146,0.5842896925742244,0.0070396456842467,-0.4511797525795135
2014-07-16,PRU,90.81,91.1799,90.34,90.85,1446133,0.1112469829269132,0.1185067000570209,0.1336372330905573,0.3673236614412112,0.3031668790601519,-0.2282005291312558,-0.945485134118125,-0.6634638463662403,0.0774084440016236,-0.6741748062032789,-0.0011829589547524,0.6575789853200024,-0.0128372603475202,0.0069625087910165,-0.820845223001364
2014-07-17,PRU,90.35,91.24,89.17,89.32,1831062,-1.0814803289386048,-1.076393322604167,-0.2952459789618286,-0.1360617877959775,0.241741331336891,-0.3416994735004533,-0.9434734232473784,-0.61773403939789,-0.3621727011712081,-0.2400114952455273,-0.0013167683123089,-0.5089342606173876,0.110825048331751,-0.8876152638073836,0.340108909604286
2014-07-18,PRU,89.74,90.93,89.44,90.74,1583551,0.9567757129713772,0.9518215035768618,0.1084667669202821,0.2677151258676096,0.2444323340571617,-0.2674637318959083,-0.929555869599903,-0.5378030476107534,-0.0483659492863797,-0.4630184120816192,-0.0011769041564562,0.5737120199258113,-1.0822134138809758,0.8155798739333462,-0.2228218028849674
2014-07-21,PRU,90.08,90.64,89.67,90.33,2371020,-0.3143030231532741,-0.3051774057751656,0.0001315677552904,0.2113917904216158,0.2261263807286303,-0.2621209420273687,-0.9562089891931382,-0.5816646812314549,-0.2916113419096009,0.3431600761731957,-0.0013389547376952,0.261116967092919,0.9565743539891912,0.1833631370907569,-0.6963761133291455
2014-07-22,PRU,90.85,91.1432,90.47,90.76,1713090,0.2633723409224919,0.269264330763276,0.1221046405082426,-0.0235886998605459,0.2242604276360411,-0.215530432533501,-0.9484280270482184,-0.5872543125206999,-0.1285377994212019,-0.3134538124726226,-0.0011706717598989,0.5889605590883996,-0.314835972253453,-0.1011614673591817,-0.9731543694071662
2014-07-23,PRU,90.68,90.9125,89.85,90.3,1435894,-0.3485392035777723,-0.3393898108248055,-0.0242972478660853,-0.1321734866432245,0.2006687323921095,-0.2341797112356696,-0.9511780000962754,-0.628518136538082,-0.0312319949769536,-0.5852819778297995,-0.0013015618701825,0.2382441583490478,0.2629900917252314,-0.3429208556735139,-0.6107074765814855
2014-07-24,PRU,90.47,90.4899,89.5,89.82,2270681,-0.3639357772634177,-0.3547818569210071,-0.1729037641130339,-0.6894366013910562,0.1595461528563488,-0.2942233285771446,-0.9639154140741026,-0.6198981628673869,-0.0703676342828516,0.2663218018321319,-0.0013377937133043,-0.1277207815528814,-0.3490810839729087,-0.5691336212017397,-0.6728300604969681
2014-07-25,PRU,89.5,89.83,88.17,88.92,2807597,-0.6568240740995738,-0.648315113898253,-0.4321829681115373,-0.6620935136174675,0.0888161874130099,-0.4184671240966738,-0.9540259673478002,-0.5829300208121942,-0.2037237625245709,0.7458483291393578,-0.0013644480499681,-0.8139050438689861,-0.364481674208859,-0.5159258848554075,-0.0354778998838553
2014-07-28,PRU,88.64,89.08,87.22,88.98,3474877,0.0090134289446382,0.0169856801236622,-0.4145400598282636,-0.3232240344935457,0.0330464395617031,-0.4793548179647966,-0.9535627106771696,-0.583746559735414,-0.1691273092497096,1.4250871748443807,-0.0010851232966948,-0.6258179127391336,-0.6574463776924923,0.2634804590118295,0.1507979042963438
2014-07-29,PRU,88.78,89.07,87.41,87.54,2047817,-1.0405435143705688,-1.034997489319838,-0.817051824599039,-0.795951500504018,-0.068727487362448,-0.6464789380485536,-0.859714383999021,-0.4981298473004227,-0.3709742563204938,0.0013399288227602,-0.0013305873152987,-1.6530328084295172,0.008564824375961,-1.0815566229314444,-0.0109511980774127
2014-07-30,PRU,88.39,89.41,87.96,89.16,2924191,1.1191403602804444,1.110565064782505,-0.3296400820050934,-0.0881428823500095,-0.0863289297920696,-0.5635197080235752,-0.8500413880395863,-0.4660187190354514,-0.3319819404362157,0.830610698891655,-0.0011131188004379,-0.4974160507778407,-1.0412659200034784,0.631844718220656,-0.2359599932654461
2014-07-31,PRU,88.48,88.759,86.97,86.97,2813488,-1.5622143261594432,-1.564599947137457,-0.9249865252080456,-0.8602940383748162,-0.1860188606293586,-0.7084466800431839,-0.7111566158664671,-0.2959156834895221,-0.6761020412571306,0.6604953396005523,-0.0013618305307076,-1.881302785249608,1.11898135785024,-1.3156835896465298,0.1230235433232535
2014-08-01,PRU,86.56,87.26,85.46,85.85,3335506,-0.8347552933495966,-0.8273200226255595,-1.1731461038737347,-1.3292275391705306,-0.3072564340145756,-0.8798515186428616,-0.5607023609389908,-0.3617978520570432,-1.0758571297348056,1.031777102963488,-0.001390266021087,-1.6573941842819788,-1.5630728216199288,-0.6460227368982011,0.1560674406223219
2014-08-04,PRU,86.01,86.405,85.26,86.09,2648207,0.1410508876374037,0.1480715714331932,-1.0402841679300563,-1.2606267828650837,-0.3910807374677439,-0.9206742767725576,-0.4433975229423504,-0.3731667439987421,-0.8831419593911188,0.3494960711940514,-0.0011189779913474,-1.420689984568929,-0.8354240143927555,0.0439560082994251,-0.4828875671340903
2014-08-05,PRU,85.98,86.11,85.0,85.75,3016743,-0.2788751550219278,-0.2697940321046418,-1.0888810196882208,-1.377811294480046,-0.4672035245465581,-0.9335089127073678,-0.3135364508944808,-0.4042647149762891,-0.7639434383185527,0.6451891372574244,-0.0013776427627104,-1.4824010007565087,0.1406367280761546,-0.2284206516560444,-0.5125092781029454
2014-08-06,PRU,85.32,86.82,84.67,86.57,2573357,0.5623577849230347,0.5644962463756662,-0.8036766580284261,-0.8681718577511088,-0.4912925892700434,-0.8098427158531101,-0.2562040237830505,-0.3696852249626137,-0.664131470254966,0.2109930953252187,-0.0011217245373705,-0.9214327364440286,-0.2793988619480068,1.0805720034185808,0.4784791180449301
2014-08-07,PRU,87.61,90.36,86.06,86.41,3554796,-0.1480623015681914,-0.1393203592763002,-0.816715564919864,-1.3846754591027854,-0.5124689639843971,-0.7034125444270373,-0.1963998386650199,-0.3872915061161867,-0.561147271299203,0.9927573393372788,-0.0014028533672765,-1.0022638984487076,0.5620535329542988,-1.061154379784677,2.5559471831082243
2014-08-08,PRU,86.27,87.6,85.58,87.52,2483221,0.76675423612226,0.7655195553528984,-0.4564189117374488,-0.9171714749563182,-0.4817099311100419,-0.4845875622009016,-0.1908758109656151,-0.368423591490111,-0.5276018821732934,0.0499297980269101,-0.0011239883764694,-0.4414977120412353,-0.1485518829532799,1.0683830138908248,0.3322196968311185
2014-08-11,PRU,88.07,88.07,87.04,87.19,1609758,-0.2677441277698318,-0.2586811577512833,-0.5042294158095082,-1.1223257525509776,-0.466637566329795,-0.349904790054272,-0.2104784137817661,-0.4074938651343852,-0.7218086940316494,-0.6788821938171712,-0.0013165126388791,-0.6062742503401588,0.766503305668112,-0.7812339000224559,-0.6067948817002373
2014-08-12,PRU,87.02,87.88,86.93,87.45,1490793,0.1526570106199396,0.1595807929437012,-0.3802724794374819,-0.947551818985772,-0.4410718823170088,-0.2151489492708655,-0.2493231907421235,-0.4017444734925453,-0.6843579400428138,-0.773791885540738,-0.0011724919584579,-0.474723687214578,-0.2682649309114835,0.3470144951003858,-0.6859629351057712
2014-08-13,PRU,87.8,88.22,87.51,87.82,1577548,0.2304170372738977,0.2366364536484411,-0.22549421862635,-0.7266571270668565,-0.4032964989603358,-0.0759167207182523,-0.3166859356105765,-0.3958094549546083,-0.6572980288606054,-0.7035747415422836,-0.0011702393029266,-0.2875171166127984,0.1522458787827645,-0.009106577013947,-0.9175364916404388
2014-08-14,PRU,87.59,88.5,87.59,88.46,1337292,0.4207177351205792,0.4248098426115261,-0.0221502232272104,-0.3156593292042798,-0.3458806745517382,0.086023219288856,-0.3300010618910703,-0.4533334031630038,-0.3088834945603046,-0.895830419259372,-0.0011828395318934,0.0649754120727431,0.2300261909278416,0.7241121863255398,-0.7339851930161755
2014-08-15,PRU,88.98,89.0,86.88,87.86,1690868,-0.4552752935507575,-0.4461732798499977,-0.1580078803090998,-0.4825836234063916,-0.3219761968865837,0.129317541661861,-0.4098582360177093,-0.5376187411608475,-0.6336138530941864,-0.5955006435972587,-0.0013168088265303,-0.2431425083476795,0.4203765330877036,-0.9772942916921654,0.4196324112172165
2014-08-18,PRU,88.29,89.875,88.29,89.55,2646459,1.1645464492382809,1.1548857723740509,0.3579379570154342,0.3264379288238578,-0.2355021283036692,0.325006049471145,-0.4465682136135213,-0.4074097910468137,-0.294295377968219,0.2100832276929903,-0.0011235497466827,0.6247229675031848,-0.4558450185094622,1.0518944504161194,-0.1162232645868807
2014-08-19,PRU,89.68,89.89,89.22,89.26,1713021,-0.2346133615842182,-0.2256162209249176,0.2941314778922221,-0.1599912006013771,-0.1780278838647486,0.406911807592747,-0.5263437001241732,-0.4141481942402708,-0.4102030876316756,-0.5850373394802251,-0.0013166637141476,0.5629091902187265,1.164399292030538,-0.3801496214098778,-0.9657539264039948
2014-08-20,PRU,89.2,89.79,89.0,89.29,2924213,-0.0120713161308253,-0.0039728326647214,0.3184264818420554,0.6654672654184683,-0.1314789938554922,0.444314739863846,-0.5798219470545253,-0.4200575369167647,-0.3317451115459141,0.3709330400354464,-0.0011130078251382,0.7575258377480943,-0.2351255218036366,0.0499128287916196,-0.8539593694507918
2014-08-21,PRU,89.37,90.4,88.82,90.12,2991075,0.5457268948340658,0.5481110662109919,0.5618672912989539,1.442807102601782,-0.0628946195067709,0.5309560430381228,-0.5619958938602944,-0.4004441387583142,-0.1184236781085249,0.3903195052556839,-0.0011159654766373,1.2804405618815595,-0.0125254211401193,0.6077199140704618,-0.1301770113236358
2014-08-22,PRU,89.32,89.72,88.57,88.65,1456978,-1.048523285871389,-1.043064565530758,0.1267143091011544,0.654723090143997,-0.0673139717083845,0.4123587501680469,-0.5690264512378252,-0.349187501557044,-0.212071735699735,-0.8251850235460155,-0.0013017502176458,0.4276400627470991,0.545418304315207,-0.5930395250766529,-0.5101960015308856
2014-08-25,PRU,89.14,90.27,89.14,89.75,1454854,0.7395233167727253,0.7387756797595356,0.4436839305909101,1.026022651839734,-0.0288882801901422,0.4277633208459522,-0.5372513594782774,-0.3048248081801323,-0.0403849837753347,-0.7738428066896235,-0.0011824719851594,1.0657900961130191,-1.049247773211197,0.4906970114954889,-0.5420183733045645
2014-08-26,PRU,89.63,90.36,89.63,90.07,2347018,0.1889824750490804,0.1955891496376365,0.5005903223132534,0.9319251049274776,0.0123200019301742,0.4472493176967889,-0.4804453058244669,-0.3920525054151839,0.2569801017082074,-0.0079628071599062,-0.0011475971718099,1.251433742183102,0.7392652825070638,0.3445724982428772,-0.9158622880284504
2014-08-27,PRU,90.23,90.7,90.07,90.47,1889574,0.243491300119514,0.2495828751123807,0.5998284118220755,1.078214193396508,0.0583513370140818,0.4752525704787403,-0.4232279740956107,-0.485545399215607,0.0483079299307582,-0.3676067422731786,-0.0011686721476356,1.316085758227416,0.1885808195446404,0.1746413172437338,-1.0109686277158012
2014-08-28,PRU,89.8,89.88,88.765,89.06,2134028,-1.0033047959310597,-0.9973652421541516,0.1481045960226978,0.2768680100399104,0.0372149324006177,0.3247665669900634,-0.429125118910019,-0.6175314697642339,0.1854595628010036,-0.1220324484073012,-0.0013241509342747,0.5387895778304165,0.2431038644955764,-0.648903644604569,-0.5479255378540401
2014-08-29,PRU,89.55,90.04,89.4,89.7,1580657,0.4144005884224793,0.418572481499652,0.2804521581881516,0.5468779758149444,0.0434547242814865,0.2748436227048447,-0.4768979635947204,-0.6868507168364825,0.4911510717852185,-0.5625317820120539,-0.0011805615465756,0.8916048653865023,-1.0040174869879244,0.1002358530992935,-0.9966956940680652
2014-09-02,PRU,90.02,90.46,89.1001,89.78,2444519,0.0225295199347611,0.030417121059209,0.2486402581809509,0.506564184826305,0.049283999770544,0.2338486051510291,-0.5272557153176792,-0.6863438075499149,0.462019713345279,0.2581215913939899,-0.0011487018813758,0.935706776331012,0.4140577384166186,-0.2277432164679324,-0.3289577324432086
2014-09-03,PRU,90.41,90.49,89.38,89.66,1858872,-0.1162101720317573,-0.1075923983983436,0.1545089328540112,0.3745629951077117,0.0469437884574824,0.1800244727138945,-0.6300805633481799,-0.6962145389808538,0.5021954539805538,-0.2449207307654203,-0.0013118518913008,0.8695539099142438,0.0220844413492342,-0.6530595977559638,-0.5595555100928549
2014-09-04,PRU,89.92,90.28,89.07,89.29,1701662,-0.2899163405586527,-0.2808191820828867,0.0046523110222819,0.0725615797010383,0.0285028678207098,0.0955222181324709,-0.7037794912537374,-0.7047136025050502,0.2939694484607008,-0.3619770639233386,-0.0013076214931471,0.5274303209831398,-0.116691444056386,-0.5556495652128691,-0.4619427851395534
2014-09-05,PRU,89.05,89.59,88.39,89.24,2034531,-0.067858870635188,-0.0594606348844466,-0.0520114425854821,0.2730591840261545,0.0101078669305529,0.0280386111046298,-0.8131872986671042,-0.7075823680885136,0.3135198693694509,0.0447676974146534,-0.0013221780780103,0.4949676106565455,-0.2904429278318816,0.1348832153496602,-0.4706489654980528
2014-09-08,PRU,88.94,89.65,88.5,89.14,1524029,-0.1027607645875313,-0.0942003009043787,-0.1053943148343739,-0.3565401927756711,-0.0099868839754937,-0.0303234017980005,-0.8584697475846627,-0.7590587173022225,0.1043718873496488,-0.4403206010931267,-0.0013039925846816,0.0853595903053762,-0.0683275291109628,0.143577276805558,-0.516138930281401
2014-09-09,PRU,88.92,88.92,88.072,88.25,1893849,-0.6545986162369652,-0.6460795005952188,-0.3830376960857103,-0.5700249479658333,-0.0619209831556309,-0.1589669464754834,-0.9205500458102436,-0.7203213764348562,0.0110726831514599,-0.0657516140242246,-0.0013205832938389,-0.6891224956432668,-0.1032385280249461,-0.5955888861842764,-0.7904961520534471
2014-09-10,PRU,88.6,89.51,88.35,89.37,1857015,0.757134291207877,0.7560729893285535,-0.0815965843446175,-0.1625067137343397,-0.0600052611459817,-0.1232732694789129,-0.9913490343119314,-0.667588043931974,0.1549721649265094,-0.1224216333337029,-0.0011641444017963,0.2855066462246916,-0.6552203392680237,0.630284742300738,-0.509580621582451
2014-09-11,PRU,88.64,89.6,88.63,89.44,1433114,0.0157682248782605,0.0236985355885978,-0.0848635524102568,-0.4351286318986278,-0.0567738298471522,-0.0913317148207355,-1.047617363943314,-0.67145951895928,0.1034432304250432,-0.5556077103935156,-0.0011837474192453,0.3464209675914327,0.7568808511698781,0.6555587664781625,-0.6874706624398155
2014-09-12,PRU,89.58,91.03,89.395,90.94,2823595,1.0111347289503976,1.0050135276554066,0.3188414969306721,0.6368687075213438,0.0030888030125561,0.0799892668391626,-1.0059413757864346,-0.595077627566256,0.244264434025367,0.7808254843913963,-0.0011289567280109,1.3707880682483475,0.0153213824534356,1.1207076489471357,-0.0929479943562161
2014-09-15,PRU,90.62,90.81,89.97,90.36,2048842,-0.4300673180591285,-0.4209374988322579,0.1116526912546218,0.0459511139883781,0.0257115783688341,0.1211913000230701,-1.0605264626998032,-0.597420703967247,0.2504194058055794,-0.012331791496518,-0.0013219990705814,0.6899370246450574,1.0109475507675678,-0.2430839768281418,-0.8165748751017559
2014-09-16,PRU,89.97,91.49,89.97,90.93,1866716,0.3597339411690792,0.3645700122616841,0.2581624973312216,0.1317570127553729,0.0636432210832163,0.1935576876136949,-1.012906484554989,-0.7112227307802301,0.0588484364994133,-0.1568437192497181,-0.0011683421574294,0.898249828562763,-0.4306304669377446,0.77983787566593,-0.1981851551947774
2014-09-17,PRU,91.18,91.65,90.37,90.82,3279549,-0.1083109459973149,-0.0997264811287365,0.202836959208583,-0.0534797128893307,0.0866798705667529,0.2131113415215759,-0.984859335896735,-0.7161806090572497,0.0892003665386515,1.146600715901002,-0.0013699506308864,0.6717578253965447,0.3593768301111705,-0.3246126975728498,-0.4167335026659819
2014-09-18,PRU,91.08,93.49,91.01,92.95,3279819,1.427140709557556,1.4105825942583965,0.7705881590024152,1.1869427152595706,0.1849361062365034,0.4223681846149595,-0.7897556005361561,-0.5381635837331358,0.4345251920401351,1.1197807584109103,-0.0011093418698878,1.111564977696961,-0.1087901573271822,1.524867443985975,0.6322945054524071
2014-09-19,PRU,93.43,94.3,92.7,93.16,3659361,0.1076622450031852,0.1149497611704142,0.7859889273915178,1.101461175525488,0.2663036410039584,0.5463024336996459,-0.6317166266007114,-0.557218416247441,0.3279414983092634,1.4305011687788762,-0.001100731350233,0.8344062164375156,1.4270620561012242,-0.2446509401656076,-0.1599652181842403
2014-09-22,PRU,92.53,92.88,91.71,91.88,2046100,-0.8884091817183014,-0.8813993863079492,0.3649971443975173,0.4909492055921096,0.2755403936258635,0.4597864414284121,-0.6211201473911273,-0.5878298714410414,0.3676336531550298,-0.1278841823878236,-0.0013182307338397,0.1512089833086781,0.1072393752467011,-0.5570488577205432,-0.5300613250077878
2014-09-23,PRU,91.78,92.38,90.8,90.95,2112420,-0.6631655562610735,-0.654685976930495,0.0768494366888017,0.19454729549874,0.2417766597112882,0.2798911355033561,-0.6180994964169534,-0.5857409558191293,0.028889171980819,-0.0954620428909509,-0.0013228597085267,-0.3451765063864886,-0.8890918996120638,-0.7095588877819238,-0.143511281968849
2014-09-24,PRU,91.15,91.7,90.77,91.48,2307002,0.3298050550708534,0.3349847862038935,0.210183267673921,0.4517867938898899,0.2315122724358685,0.1964618044802865,-0.6005832931348737,-0.5793923192967999,0.0624335068304847,0.0859907298413353,-0.0011525717564065,-0.0622901520440791,-0.6637895141754423,0.2472115797318534,-0.744067677763715
2014-09-25,PRU,91.31,91.52,89.5,89.64,2249843,-1.2852346634865988,-1.282845026377149,-0.3123798349542503,-0.0896183090839278,0.1475661213271021,-0.0599372520419883,-0.5941116174348499,-0.4455549713349827,-0.3022159361196637,0.0162540687833217,-0.0013278474168889,-1.044386174666784,0.3294401363747625,-1.4081091389389817,0.2867275904154591
2014-09-26,PRU,90.0,90.49,89.19,90.05,1948258,0.2517629414911046,0.2577722377236656,-0.2075563489472815,0.0313235862263781,0.0943897937964937,-0.1858555010603033,-0.6156127512978894,-0.5204880954632877,-0.0042197745146127,-0.2524056927397405,-0.0011666494748601,-0.825549560930205,-1.2860209024326632,0.0156566631234391,-0.3881799014968538
2014-09-29,PRU,88.88,89.515,88.45,89.1,1552311,-0.6897993259350921,-0.6814503045769226,-0.4749158934128812,0.0157877382669634,0.013013174644307,-0.3591771654517278,-0.5998169449205104,-0.498413980885993,-0.2657147391332103,-0.6156386392594063,-0.0013016939543503,-1.3326100073930154,0.2513776637150332,0.1606928183544859,-0.5951621134804757
2014-09-30,PRU,89.15,89.58,87.94,87.94,2412473,-0.8435383943238761,-0.8361695409996399,-0.7859300118629541,-0.5323787841600941,-0.0977008191946549,-0.573348394377009,-0.5302416441098915,-0.4486373587580319,-0.4684710587989321,0.1775880754568983,-0.0013363692652693,-1.881302785249608,-0.6904302318807494,-1.0517530067622738,-0.0370936390733285
2014-10-01,PRU,87.66,87.89,85.63,85.69,3286264,-1.625906941070823,-1.629572370699012,-1.385439634090564,-0.9536302497628456,-0.2725470130157157,-0.9097605562600086,-0.3055741494607753,-0.2730042673857695,-0.817773643754937,0.8869929586047165,-0.0013747489189086,-1.858298068727514,-0.8442094066408999,-1.7242063154693126,0.6067195329357771
2014-10-02,PRU,85.68,86.46,85.01,86.14,2014080,0.2939512888932294,0.299524091398123,-1.2102520977230973,-1.2444213059589264,-0.3905974233296317,-1.0326989167365783,-0.1655036297425781,-0.2594345568255444,-0.6855935471232482,-0.2600464336627854,-0.0011577417932997,-1.4769620815563886,-1.6267820522145806,0.3793069455718235,-0.1884420110326813
2014-10-03,PRU,87.02,87.67,86.505,87.04,2407618,0.6174826398914314,0.6187756850119687,-0.9162814354501968,-0.9019706767067316,-0.445296198854788,-0.967983587745585,-0.0969504548977826,-0.219689281146305,-0.529538905566175,0.0712734874223158,-0.0011441570188451,-1.1549208131281576,0.2935770169177393,-0.0089523161590081,-0.4758356063329969
2014-10-06,PRU,87.44,87.49,86.24,86.76,1762329,-0.2332746563283748,-0.2242805467002701,-0.964474638865514,-1.1038479294892796,-0.495647572107096,-0.9050211859413368,-0.0230232410410032,-0.2185857296163021,-0.5596015610394387,-0.503702689253589,-0.0013123729633253,-1.255111429972496,0.6171927685087629,-0.6138647428619062,-0.3905853787728457
2014-10-07,PRU,86.29,86.59,84.7,84.74,2342320,-1.4825261922809432,-1.4834064933508813,-1.507206632283928,-1.3567986873525253,-0.6097174680806097,-1.018661645092468,0.1512074718903235,-0.1106640659125037,-0.7516105339550824,-0.0163758426119747,-0.0013376838011123,-1.8674520288436005,-0.2337864673157423,-1.3834293912617064,0.2674703401025741
2014-10-08,PRU,85.0,85.86,83.74,85.75,2316506,0.7090457066953398,0.7088294767440574,-1.1599362396870432,-1.6808438453457126,-0.6545207278239232,-0.9312828831553308,0.2513620623157221,-0.1164447832198788,-0.7623668373305567,-0.0582690382279399,-0.0011454522127676,-1.2485750494295864,-1.483363899259201,0.6403168476201384,0.4691148346634582
2014-10-09,PRU,85.61,85.65,82.92,83.38,4286729,-1.7537138141494413,-1.760153361826778,-1.773120137699374,-1.9482024036073529,-0.7760507875819835,-1.058873336021237,0.480142453825409,0.0371935812886026,-1.162562930047658,1.4210842126578989,-0.0014165901180961,-1.7469334085164332,0.7087797216442279,-1.9943165614590657,1.137394564003683
2014-10-10,PRU,83.28,83.68,81.93,82.15,2776417,-0.9514103645106928,-0.9449605215737382,-2.0156336058138296,-1.9445673831361532,-0.9119553471843368,-1.1979454134616876,0.7254615231533258,-0.0437419172750045,-1.5870367723015293,0.2022957077899382,-0.0013628553837444,-1.822182337534382,-1.7546222666550837,-1.0514548461395494,0.1840443730089969
2014-10-13,PRU,82.54,82.9,80.1,80.21,2985437,-1.5032406291410807,-1.5045019897857217,-2.453608757489888,-2.013929611130872,-1.0851972740490683,-1.4053088159989988,1.0650093962003886,0.037843565201846,-1.8171944974237595,0.3269661473595412,-0.0013777465080844,-1.855552083198997,-0.9521095177117594,-2.1590480679844277,1.317969276099097
2014-10-14,PRU,80.45,81.3,80.01,80.25,2870328,-0.0019485240398138,0.0060902406652226,-2.29568854894008,-2.152680951891492,-1.2086817330707886,-1.443124672356601,1.3056232416024462,0.0113055798234837,-1.8924560419362988,0.1914514744937949,-0.0011062374076026,-1.825473284270869,-1.5040837399565423,-0.2141395096127605,-0.2516390595533929
2014-10-15,PRU,78.89,78.98,75.89,77.86,5080755,-1.887160648928369,-1.896791262968023,-2.8383015647696914,-2.1837439131377674,-1.3863195246133422,-1.6127671031225237,1.651514407417896,0.1287638777658331,-2.263245302032761,1.7803912994948774,-0.0014729541806862,-1.5255918874352836,-0.0023999882860076,-1.0127323033616862,1.716192858039358
2014-10-16,PRU,76.16,79.4643,76.015,78.82,3805619,0.7346345246163577,0.7339731036848158,-2.3528975048448486,-2.032343423695447,-1.4740218819202353,-1.5169887882165691,1.7501250020763433,-0.0079063891732613,-2.4000852842384326,0.7927326099878944,-0.0010546468250558,-1.3522505362161217,-1.8881039141096008,2.6124406514412284,2.0558167426135814
2014-10-17,PRU,79.74,81.54,79.63,81.06,3523901,1.73632651463437,1.710299778336084,-1.4958348352166633,-1.42023488236231,-1.440461416736549,-1.128237718693888,1.6434427968781662,0.2671370052982972,-2.0750257815282387,0.5893005421346715,-0.0010796198749012,-0.8697654957512145,0.7343752149968398,1.224352578965079,0.3724195132388363
2014-10-20,PRU,80.71,81.07,79.92,81.0,2177079,-0.0790789723622742,-0.0706264586316971,-1.3551972568939592,-1.3162281718963542,-1.4017633287350717,-0.8040127103849499,1.5508319219081168,0.2628826729315953,-1.9065894743052108,-0.4211548233237181,-0.0013378734215055,-0.8511895253144262,1.7363285194053166,0.2451494099499719,-0.4080894780620102
2014-10-21,PRU,81.75,83.62,81.59,83.62,2641950,1.9807824538159011,1.9462466519504915,-0.4344217048828118,-0.518492433682156,-1.25520992427232,-0.2670149758542542,1.3952217333156545,0.542327935986188,-1.351120797645093,-0.0936315166815228,-0.0011231231205093,-0.2560071948365472,-0.0795505578596016,1.7019016540393397,0.4318995414503249
2014-10-22,PRU,83.59,83.8,82.37,82.38,2105698,-0.9562197514735852,-0.949815335894714,-0.6808684791244308,-0.7630066808393376,-1.1760061500581689,-0.0107735770916234,1.179893557058343,0.5419349920667298,-1.6284257977331862,-0.4838178408025242,-0.0013340841658449,-0.5010124347696479,1.980848230540082,-1.1199600494090818,-0.1446447457987155
2014-10-23,PRU,83.51,84.16,82.95,83.25,2722166,0.6244996188051054,0.625681635969467,-0.3107303966719729,-0.7684873619953284,-1.0683777360150757,0.26738407551894,1.021528571764631,0.5363372398713637,-1.2144096965022015,-0.0443070373359524,-0.0011205605340133,-0.2055509965114734,-0.9569201593138376,-0.2615394480132921,-0.3800033026633694
2014-10-24,PRU,83.2,84.62,82.94,84.58,2231324,0.9616368683369938,0.9565801595139046,0.1921311804317175,-0.5050922315751065,-0.9218085583257948,0.5901430528824136,0.7974962567626406,0.5947680918489945,-1.0595971703161176,-0.413309802989085,-0.0011468063986268,0.2287876136090678,0.6242115779627487,1.2268260395474258,0.0640632305184544
2014-10-27,PRU,84.14,85.16,83.68,84.8,2491803,0.1289425742300175,0.1360620717123977,0.3298746908372371,-0.1794456863665642,-0.7895874573147146,0.8114185324001238,0.6093025253498124,0.5881603603431843,-0.8762554337629723,-0.2533452428547486,-0.0011391882425884,0.2822076237067555,0.961436777498972,0.5663168958522005,-0.1367900358006467
2014-10-28,PRU,85.24,86.94,85.15,86.79,2674357,1.428012148247492,1.411429387776131,0.9751860058651916,-0.0318494844504622,-0.6012488941489077,1.1328842975600382,0.5468007689356426,0.6772106662995644,-0.3595343973600333,-0.1310506088309594,-0.0011355994122064,1.138162111260659,0.1285252559367738,1.3475134233210178,0.1275393100976677
2014-10-29,PRU,86.89,87.48,85.78,86.7,1958574,-0.0975567456081264,-0.0890192341673836,0.930289262081487,0.3790735921764236,-0.4520168040361459,1.2893975212523192,0.5856528164313535,0.5546715314699425,0.0056286053521761,-0.6093907526741652,-0.0013182358243218,1.1691558242370952,1.427933722125982,-0.1915235848111992,0.0428105946598776
2014-10-30,PRU,86.55,87.74,86.12,87.49,1661769,0.5342917265431862,0.5368423284153788,1.1567186741742024,0.7486620503119187,-0.3008860618309671,1.4194951980074602,0.6464645719850679,0.5639685001364485,0.0626930276467716,-0.8190044709595689,-0.0011768345419069,1.3727483400105551,-0.098033151457519,0.7942343220609622,-0.0481510578123239
2014-10-31,PRU,88.74,89.26,88.12,88.54,3404119,0.7141857991417877,0.713880962098663,1.4620054213986775,1.3556018734199062,-0.139874204691922,1.549007159151753,0.7292972931676828,0.5699962797259236,0.0856230534754423,0.4208245323406135,-0.001110894707421,1.2638652363395884,0.5339801528977162,-0.1965932809886198,-0.5182656256813136
2014-11-03,PRU,88.55,89.1,87.72,87.88,2069652,-0.4970835148052879,-0.4880503065242387,1.2360639416549524,1.1726743191381372,-0.0394868241946194,1.496570368818382,0.7815030391751401,0.5799879882963126,0.0221142842721594,-0.5537201704747668,-0.0013192159873135,1.0997695134740624,0.7139211550019917,-0.5979675509394654,-0.2826030785935995
2014-11-04,PRU,87.88,88.48,87.51,88.04,2240014,0.080354958311223,0.0878475288252281,1.2318243160505082,1.911459805692004,0.0441625805438856,1.4115376750863533,0.8874739866442881,0.4621342574719264,0.4044561799841284,-0.4280841780305385,-0.0011575565662776,1.1395502947747982,-0.4976641463999269,0.1112379055140419,-0.673097712320533
2014-11-05,PRU,89.07,89.17,88.25,88.91,2245573,0.5822299067865879,0.5840690870444247,1.4520420904274849,1.9060943233917929,0.1413689816861056,1.3784069954654157,1.0118473480757977,0.4549573000793232,0.3737416681058547,-0.4220195251416941,-0.0011598864294194,1.3558582930975307,0.079924964821048,-0.1620332413864818,-0.7289508192229095
2014-11-06,PRU,85.97,86.4,84.04,85.03,4873434,-2.749914111823311,-2.7875273671469927,0.2119655946525062,0.549937515351204,0.0632803127651122,0.9006959590631408,1.0145560927420083,0.680316060476987,0.123153977431071,1.439822258243922,-0.0014172446535824,0.3911743465547592,0.5819308389178187,-0.8524033026382624,0.721794148620893
2014-11-07,PRU,84.89,85.44,84.24,85.33,2883408,0.1866606810406617,0.1932882503826319,0.2553263502342693,0.6049072886053014,0.0113739180523901,0.5859198530356341,0.9988304107612264,0.6320416571048,0.4010346445454675,0.0132461848346727,-0.001132513073626,0.4657633114936326,-2.7510824460851837,0.3652818172760028,-0.4192972839968173
2014-11-10,PRU,85.52,86.54,85.25,86.54,2657605,0.8498379587446252,0.8470459514562008,0.5316223769556662,0.3978786788336705,0.0159777183091337,0.4795552372637695,0.923957004954184,0.5217726503894706,0.9915538251418272,-0.136838370275236,-0.0011450214124013,0.7666054700804271,0.1862584198428628,0.874792205736612,-0.3490115766329553
2014-11-11,PRU,86.65,86.82,86.03,86.11,1741013,-0.342343814306485,-0.3331973228510839,0.3054355554924148,0.6045180869456563,0.0009957242676232,0.3440500472844852,0.8187155115214743,0.534524159282918,0.9049614325609632,-0.7691169230491349,-0.0013045284112485,0.6596946203347059,0.8496087025901131,-0.4971528346013291,-0.8267288596624757
2014-11-12,PRU,85.46,86.0,85.2,85.26,3417523,-0.6475510526184304,-0.6390003093269996,-0.0726399618447783,0.2392286471474788,-0.0455015263189433,0.1545261674770989,0.4900365833899044,0.3434566748447492,1.2283677258036918,0.5365273625715009,-0.0013668222890819,0.4389734181219181,-0.3428840784918611,-0.2031285919509366,-0.8093313183465258
2014-11-13,PRU,85.09,85.55,83.81,84.53,3122176,-0.566052193344479,-0.5571944498229712,-0.3849131218322248,-0.2001266190679969,-0.1114914780247054,-0.0472668134902689,0.1782731218959752,0.3632047360632971,0.8964687207987262,0.3439884204673533,-0.0013614044163765,-0.1898708503100206,-0.6481709371304534,-0.523543013304514,0.1241983411432609
2014-11-14,PRU,84.53,85.045,83.82,83.98,2840588,-0.4380820554049229,-0.428959961609515,-0.5980120593943465,-0.3671664507965069,-0.1849981827757786,-0.2280491912047826,0.0288718603788862,0.2417499368031553,0.3615722063882162,0.1570607992432791,-0.0013555242809727,-0.4363159499159326,-0.5666508170049159,-0.51789920598601,-0.3756469219506019
2014-11-17,PRU,83.52,84.1026,83.05,83.81,2081925,-0.1590244590407301,-0.1502435448093598,-0.6923415074769768,-0.936887218306307,-0.2487716876082455,-0.3476220043391926,-0.1437093067054616,0.2435682281646463,0.342019397775238,-0.427909789307215,-0.0013288971321885,-0.9191537613744668,-0.4386472951120823,0.2360160365081515,-0.5446160070172482
2014-11-18,PRU,83.88,84.691,83.81,84.0,1965318,0.1081449559308705,0.1154287406616721,-0.6398449538028947,-0.8608919431593048,-0.2901861344320033,-0.3857284244348842,-0.1584197126610687,0.0186360092887593,-0.1007358732124005,-0.4983482682491282,-0.0011587401151822,-1.0948853823423148,-0.1595169001566807,0.0817689787025884,-0.7172370298393526
2014-11-19,PRU,84.17,84.35,83.61,84.15,1768953,0.0781790239100462,0.0856874234291941,-0.6204933686756644,-1.0676524836269885,-0.3151671265887484,-0.3739141310941465,-0.2519051965367498,-0.0411958958593341,0.1480752795595577,-0.643626906516264,-0.0011693494101836,-1.2448692946949498,0.1077222121006323,-0.0442687393209048,-0.8584393371502993
2014-11-20,PRU,83.36,84.25,83.13,84.05,1960194,-0.1069806390096111,-0.098401881973537,-0.6630716446071165,-1.4796620698877,-0.3367150046293634,-0.3556259197863759,-0.2906439212140776,-0.0639787651801638,-0.0263449423294185,-0.4686925098467659,-0.0013219056443965,-1.2974671038317025,0.077748462777345,0.5990521123018826,-0.4807734846102954
2014-11-21,PRU,84.69,84.86,84.17,84.58,2837838,0.3595888453985823,0.3644266166567242,-0.5009993618266549,-1.1497767662366531,-0.3308160670537929,-0.2703477198304687,-0.2906439212140776,-0.1181469583911424,-0.1674769497128712,0.209545395650846,-0.0011246849233395,-1.0623015368942113,-0.107459503298309,-0.1244473380508621,-0.9114327553900444
2014-11-24,PRU,84.87,85.93,84.712,85.91,3077434,0.9459965068786528,0.941268276599624,-0.1112670233632884,-0.7448682357604467,-0.2723547318272153,-0.0668304531535032,-0.3039195261980527,-0.0587533739347341,0.0247644413880466,0.3720268119332399,-0.0011199411859643,-0.3503592752519398,0.3592316964891052,0.8994977129239846,-0.4097482206999914
2014-11-25,PRU,85.84,86.29,85.27,85.49,3500100,-0.3373654499822455,-0.3282217386419812,-0.2198302937530288,-1.118577828173225,-0.2414657402415501,0.0250126223036484,-0.3116475017452329,-0.1975953140996726,-0.3874621366450379,0.6605012111551389,-0.0013764227990121,-0.5751831473495004,0.9457923358926796,-0.3343678649991123,-0.5969657702794305
2014-11-26,PRU,85.74,85.91,85.03,85.78,1827949,0.1781962703719525,0.1848992901956227,-0.1170696498934477,0.1158096233411103,-0.2049069588475355,0.1130810240328107,-0.3204593942627389,-0.1933473549951335,-0.3233203817413977,-0.6281298842252812,-0.001169340956858,-0.4199476166154678,-0.3379044154468053,0.0089303748092616,-0.7363465598320609
2014-11-28,PRU,85.9,86.45,84.83,84.98,961270,-0.6136259101403255,-0.6049342407586465,-0.3237612093299666,-0.3220549105658342,-0.2067314340304199,0.0847379037401967,-0.3497486983758324,-0.201562236282339,-0.5888192664466059,-1.2894054949983167,-0.0012802973187159,-0.8481835634679609,0.1777918010379834,-0.8354858447734864,-0.002571346979508
2014-12-01,PRU,84.87,84.87,83.62,83.71,3561850,-0.9634232920890629,-0.9570876301387442,-0.6404053529136541,-1.2566400593766884,-0.2568938221444634,-0.0623575482601245,-0.4178460679597316,-0.2101992486792319,-0.9686519460262282,0.7441155946174881,-0.0013839000222333,-1.522812619446988,-0.614236944498792,-1.0589555373768793,-0.3468360957618728
2014-12-02,PRU,84.26,85.28,84.25,85.28,2760526,1.1346675440080058,1.1257246584424785,-0.1179760414980982,-0.462233667782893,-0.2338598847380523,0.0083721719826865,-0.501726644714863,-0.1014615231861508,-0.6019902490720556,0.0882770686230943,-0.0011274165187931,-0.6700405583710508,-0.9641255791385368,0.888267128989684,-0.5847445719044604
2014-12-03,PRU,86.02,86.82,85.13,86.65,2860992,0.9671623923734028,0.961988731554078,0.3254335014815599,0.2434805432949768,-0.1615223205206459,0.1918626348454711,-0.5855303365985345,-0.0287310687758558,-0.3993522771832628,0.1399654722471878,-0.001127986448667,0.0740981191283327,1.1345125922007393,0.5270155190256265,0.0341354432899696
2014-12-04,PRU,86.41,86.98,85.725,86.9,2451400,0.1466289930088208,0.1536033712844847,0.4340511943338955,0.5877594203665629,-0.0949569076643057,0.3237975868976795,-0.7712505253700069,-0.0543345878671749,-0.4994976957691555,-0.179980381951058,-0.0011483126639524,1.3752109346368064,0.9669637429953908,0.4021104220493606,-0.3877246088898547
2014-12-05,PRU,87.73,89.86,87.62,88.34,4755785,0.9986676393182936,0.9928181221451484,0.825259716336234,1.1112457955422286,0.0126270728086095,0.5349266354656507,-0.6035914792186118,-0.5487393730019806,0.4042327869178115,1.5804878666754034,-0.0010656016045118,0.700917527976649,0.1462162886246318,0.49900647374231,0.5219150019064422
2014-12-08,PRU,88.26,89.29,87.85,88.26,2396300,-0.0893764256630444,-0.0808758696679921,0.7540426602820146,1.1502854410635663,0.0919832367946281,0.6311719606137557,-0.4826226674102091,-0.5470839375632115,0.3368191957077035,-0.2009097338760415,-0.0013265946598752,0.6618669372284267,0.9984772088084404,-0.0263165508545973,-0.2315818047015668
2014-12-09,PRU,87.04,88.26,86.43,88.17,2499273,-0.0964814653819996,-0.0879487504904728,0.7005635475504994,1.0789679186896206,0.1479301750606129,0.6479132767096868,-0.4032326430476309,-0.6034588860254612,0.1091474518921075,-0.1158888836252181,-0.0013329262909038,0.6179350226366739,-0.0898506974878651,0.9545372776303614,0.1384455496037041
2014-12-10,PRU,88.11,88.45,86.09,86.38,3151719,-1.2969394152015905,-1.2947256635510735,0.1468947140905937,0.3909285388033551,0.1187568533046862,0.4422082456025581,-0.3984127548886777,-0.4638687454666251,-0.1214269163839691,0.323747874248219,-0.0013603005645123,-0.2558219453548215,-0.0969575907198182,-1.5097416822541376,0.6856433109072859
2014-12-11,PRU,86.54,90.95,86.54,89.79,7259685,2.424747738728253,2.372472467421328,1.120704232660455,0.9662263715729662,0.2255434218187615,0.6276026377746393,-0.2052313184388777,-0.0835940028355358,0.6128428874684848,3.0466076834540434,-0.0009598628902139,0.9547710834038636,-1.2977287076013018,2.8110222724817517,2.5019291214937125
2014-12-12,PRU,89.38,89.38,86.57,86.66,4528663,-2.2032561763688934,-2.221653604599672,0.1296555553724449,0.1664919093229133,0.1831816791331487,0.3920129660151003,-0.2155871430139811,0.2137211459701959,0.2025969941421523,1.055841663125664,-0.0014028317830901,-0.3622780573803176,2.424929334006411,-2.325498198163598,1.1110510626645087
2014-12-15,PRU,87.62,87.9699,85.5,85.62,3251840,-0.7801499664133532,-0.7723301306296017,-0.2132893295471682,-0.2394018213178433,0.1057645099809609,0.1133091643481839,-0.2549449597359339,0.2390524805696977,0.1193287327124502,0.1664035656504581,-0.0013647262162001,-0.7998918293980601,-2.2042819023373785,-1.7508494237254044,0.8128291961075574
2014-12-16,PRU,85.05,87.12,84.34,84.74,3062476,-0.6728824364031322,-0.6644491485194742,-0.4960784142917198,-0.3159187198453692,0.0079896513831033,-0.1620542191687119,-0.2899705791700869,0.2642885125472228,-0.0045072438059817,0.0038961004680084,-0.0013629053168275,-1.1969124687173307,-0.7808044424012789,-0.3016963674300928,1.1427755629046417
2014-12-17,PRU,85.27,86.76,84.72,86.75,3247136,1.4437405084250912,1.4267109434585254,0.0752413828146576,-0.0395915727477505,0.0078208947441585,-0.1311084997914787,-0.3335343280200057,0.3708671824761986,0.3133327071375622,0.0822932769190538,-0.0011094953058149,-0.3424872909347956,-0.6735089291891349,1.2850079716913856,0.3685072558961785
2014-12-18,PRU,87.75,89.94,87.75,89.93,3417190,2.2492006053111715,2.2042901931223144,0.952788806421842,0.4890525793917486,0.1296474244260277,0.2076618425981666,-0.2369205606338711,0.597778281827701,0.8412961485165749,0.1354529353759625,-0.0011089397581766,1.009289856004737,1.4436661854080222,1.850639479342841,0.4382155378417164
2014-12-19,PRU,89.59,90.5,88.625,89.8,5481374,-0.1229943180969113,-0.1143487354144866,0.8228273580347535,0.6918938185933984,0.2168833588865067,0.3896425198738126,-0.1953439947619124,0.5982402565154687,0.837254278490075,1.2680588079307256,-0.00144741535622,0.921349588746926,2.249336405082703,0.1507777105997863,0.14881096675795
2014-12-22,PRU,90.0,90.31,89.61,90.28,1820556,0.2997863400141971,0.3052965556136561,0.8785831485026836,0.5751188793241707,0.2997576092662909,0.5240001619553344,-0.1316238299157612,0.597388648112064,0.8222763283025064,-0.9271123904334404,-0.0011693042397474,1.1390313265330667,-0.123477359922049,0.2087334474224215,-0.9451276038267404
2014-12-23,PRU,90.59,92.14,90.5,91.48,2056481,0.7945365776648944,0.7927930909487032,1.152589954070333,0.5557054430044855,0.4062832858697383,0.692364639570058,0.0245613042678895,0.5872315124922869,0.7847297877700353,-0.762480525230377,-0.0011619283685164,1.1853717316867785,0.2994135902459744,0.7159407489888554,-0.0972376608634161
2014-12-24,PRU,91.73,91.93,91.07,91.45,751496,-0.0534129770805329,-0.0450875888492089,1.0499292566758418,0.5207048509462345,0.4822695403774431,0.7484482749117968,0.1252903984036253,0.5768762530752005,0.8564069563499364,-1.5551114049168986,-0.0012713933257512,1.1736668671183188,0.7942928948734194,-0.2569335773991488,-0.8075826307319477
2014-12-26,PRU,91.5,91.7,91.01,91.23,917318,-0.1827693426655566,-0.1739106220670096,0.8991137720420209,0.2929057947395501,0.5260706016820034,0.7104710499360118,0.1903092637057429,0.5832087265762668,0.7656274437932551,-1.4383002774546034,-0.0012780884065447,1.087831193616283,-0.0538778670127768,-0.2492562447707352,-0.96099184880519
2014-12-29,PRU,90.85,92.1,90.741,91.67,1611707,0.2672729090405353,0.273125007185096,0.9266562657654134,0.3682607380376603,0.5698348941112874,0.6799946275033845,0.2180733086253576,0.5518518919619034,0.9887129335266868,-0.9908236757457504,-0.0011797449747593,1.2595025406203546,-0.1832679781804371,0.6556037995205927,-0.355802707073316
2014-12-30,PRU,91.07,92.11,90.9,91.58,1306312,-0.0941198935466506,-0.08559777797855,0.7786974328989562,0.3682607380376603,0.5924508599916024,0.6011780610805415,0.1256085736480739,0.4856768268930836,1.2132797664421824,-1.1581103396378951,-0.001292609785764,1.2069419130334689,0.2668916773961657,0.3967800828539796,-0.490183479028542
2014-12-31,PRU,92.04,92.25,90.39,90.46,1367761,-0.7943959338401683,-0.7866717191524589,0.3685378416962148,0.5034826708977314,0.5581655450532649,0.3916618906487117,0.0541517345454596,0.4931397865402694,0.7246000496422355,-1.0942226983077148,-0.0012959137824398,0.6906303385364908,-0.0945954028141492,-1.3232724456127856,0.1222953587950983
2015-01-02,PRU,91.01,91.35,89.2,90.11,1701618,-0.273879451458752,-0.2648062290157303,0.2133253045968998,-0.1230576636906832,0.5096486630274486,0.1874171456110303,0.0219661837086362,0.4657976301334891,0.4189680743316525,-0.8383114487721163,-0.0013101943589766,0.5435426598885952,-0.7950541262162969,-0.7734499059191339,0.3971662485126266
2015-01-05,PRU,89.7,89.7,86.73,87.25,2665361,-2.0090030039432114,-2.021811080905144,-0.6353133665660828,-0.0650867118040981,0.3528776871788143,-0.2546228243664745,0.0105210158923233,0.6711367612689784,-0.1083251392247347,-0.1623777189210005,-0.0013510505627191,-0.6583737999199429,-0.2744018551406755,-2.0898825892397905,1.2456084979238429
2015-01-06,PRU,87.01,87.28,84.69,85.44,3957499,-1.3245381390107505,-1.32274813714238,-1.127963202092408,-0.2248259888869739,0.1539313041528679,-0.7168135723894717,0.108666949088681,0.6917966015718678,-0.6496027545938701,0.7894348878532519,-0.0014101084238235,-1.419027223784788,-2.009978054504632,-1.3895656337409157,0.9350434368865196
2015-01-07,PRU,86.3,86.87,85.11,85.49,2585575,0.0034377335743382,0.0114440558263774,-1.0737706811454075,-0.0308089964935679,-0.0034240258638757,-0.9795115163361572,0.1923777146236342,0.692490748362861,-0.628407633667134,-0.1990816044572179,-0.0011263203572069,-1.398014698263661,-1.3253346311722265,-0.7354352759992198,0.1244313021080689
2015-01-08,PRU,86.39,87.55,86.32,86.86,2172531,0.9647055755358906,0.9595839734801248,-0.6494806717484085,-0.1646773361313808,-0.075043133945222,-0.9689863121478666,0.216390086918471,0.7441176362216494,-0.385684728651581,-0.4848470535962538,-0.0011488495585325,-0.8222714989847438,0.0029876744573052,0.3847187428763997,-0.4111574606679567
2015-01-09,PRU,86.99,87.16,85.1,85.32,1923142,-1.1368111218890375,-1.1323885523038095,-1.090302651774335,-1.3509198226041903,-0.1918935741119584,-1.0769908189450492,0.2603951511469798,0.727243343096277,-0.3477008729525215,-0.6330648221779847,-0.0013230757831156,-1.469457285035498,0.9645062852407096,-1.4767301756158937,0.4208909376863765
2015-01-12,PRU,85.5,85.74,83.8,84.21,2396964,-0.8429634788630208,-0.8355902393669453,-1.3403190795037423,-1.4889459205962,-0.3261199713540985,-1.2081198387744685,0.379978527373036,0.43093482551153,-1.0801726431346326,-0.1150879084883219,-0.0013458636961702,-1.720011136687311,-1.1375586411411345,-1.1662206778371336,0.3286531438035007
2015-01-13,PRU,85.19,85.97,82.57,83.38,2815460,-0.6466306603634175,-0.6380758463405329,-1.5408750982069477,-1.750452173229779,-0.461536367302215,-1.3160860908218173,0.5220907897056222,0.2216954106670748,-0.7233491216509826,0.3017546912192648,-0.0013685513985852,-1.6031429665173325,-0.8436343412001259,-1.6315370126511812,1.807080047127728
2015-01-14,PRU,81.66,82.3,80.25,81.18,3378154,-1.6756883253360793,-1.6804015492517976,-2.1348517960328746,-2.353614016432526,-0.6496446642518457,-1.5380871385667914,0.7743130652650861,0.3270357111843111,-0.9290779758917044,0.7633090529834019,-0.0014008739720365,-1.6236787160978128,-0.6472503047699556,-0.4704122755303854,0.5132432513739712
2015-01-15,PRU,81.32,81.85,79.76,79.78,2814377,-1.106674935611567,-1.101884197948652,-2.485369736363193,-2.423207708447059,-0.8457663986837332,-1.7363144268938562,1.074490261759509,0.3591591282143838,-1.027109774954417,0.306754478309359,-0.0013824413754857,-1.875979836430646,-1.6765764230986937,-1.4570808050002355,0.5919600772826885
2015-01-16,PRU,79.59,81.1,79.18,81.0,2093654,0.9190571751516848,0.9148858428820976,-2.0404385801267746,-2.028024969187263,-0.9439947725521476,-1.6429204326616669,1.287550364992713,0.2789211507294868,-1.1409370042426434,-0.2525901764490784,-0.0011332486111741,-1.418409870318826,-1.1074145931464627,1.3121432691763426,0.3841631329352157
2015-01-20,PRU,81.06,81.45,79.55,80.51,3176466,-0.4096187390307477,-0.4004739173257039,-2.0565814006923597,-2.189108211401812,-1.0309378553353306,-1.5391570922944726,1.4694576016667082,-0.118142312711754,-1.7058656571827606,0.6879468289081043,-0.0014024789552809,-1.5430348858771128,0.9188459764215348,-0.5389427763450775,0.3754831113618986
2015-01-21,PRU,80.01,80.84,79.51,80.6,3002409,0.0366005707213943,0.0443969512577658,-1.899937204408252,-2.1568482610120734,-1.0854822441660894,-1.372752739498229,1.6054083675002724,-0.1111388526618264,-1.6721123123936326,0.6820486335655047,-0.0010824685302385,-1.5201445768970216,-0.4101765534272895,0.5308082241069888,-0.2160963217119282
2015-01-22,PRU,81.0,82.33,80.17,82.22,3303521,1.218344164736102,1.207356485093772,-1.291334660750246,-1.6221913185629588,-1.0544935384393082,-1.01946854428944,1.6207657377230078,0.0204486035141005,-1.478659815439768,0.8587573722813805,-0.0010760222125887,-1.108119015255334,0.0361591628930424,1.1116239169944566,0.5981221696941621
2015-01-23,PRU,81.92,82.06,80.65,80.69,2403175,-1.191531647196981,-1.1878160361931784,-1.6026941425660688,-1.7207336115931349,-1.0794023419875276,-0.8807204147421454,1.6127859175789874,-0.0221220511255236,-1.8997448695083865,0.0517759635077814,-0.0013570961842659,-1.4972542679169272,1.2182110418995766,-1.1607000438645885,-0.13500203190488
2015-01-26,PRU,80.27,80.9668,79.9,80.75,3760270,0.0132981972496339,0.0212439287467725,-1.4282816513715828,-1.4390994605217686,-1.0859592874492068,-0.7224845443097309,1.5516044042675854,-0.0187351282880856,-1.8858594521321503,1.035468737224453,-0.0010560316540489,-1.4819940619301974,-1.1922934415564552,0.4254693825828752,-0.4902956807940313
2015-01-27,PRU,79.45,80.06,79.16,79.47,2504638,-1.019872674608116,-1.0141053814121568,-1.652587056959338,-1.3783124873399604,-1.1301988321184733,-0.6928902096326819,1.5016203356744835,-0.0008542808285241,-2.0606461082756686,-0.0568253447492116,-0.0013592139719457,-1.8025788527356903,0.0128507104613014,-0.0072978510030039,-0.6474863084209854
2015-01-28,PRU,80.1,80.1,76.93,76.99,3260379,-1.9758667237673773,-1.9877856585092344,-2.213748028295665,-1.643374261641784,-1.2501461863331271,-0.8640853403800565,1.4864016888238183,0.094625722790061,-2.51937557444548,0.4617420426161683,-0.0014010133987795,-1.868283797505058,-1.020589687777128,-2.959725437859115,1.8401675080363733
2015-01-29,PRU,77.23,77.89,76.26,76.96,4348723,-0.0572555718860613,-0.0489104805765691,-2.0103631801672357,-2.025858235751961,-1.3327193779398605,-0.9048409938069985,1.3729523156456898,0.0968146508315314,-2.512064785027761,1.1154620617573885,-0.0014666295285011,-1.7357788905523155,-1.9768331299681128,-0.2904494265936584,0.1738216369423379
2015-01-30,PRU,75.93,77.44,75.75,75.88,4938546,-0.9066795214621016,-0.8998253957838152,-2.13919063587421,-1.992759062423524,-1.4259223031506951,-0.9648062678587354,1.3078101356156708,0.1006440032594835,-2.53459934610248,1.3275907761836347,-0.0015193180924523,-1.853601272437588,-0.0577214642475244,-0.0760674959095738,0.2648444192497209
2015-02-02,PRU,76.38,78.4604,75.92,78.12,5278174,1.8048796026627931,1.7765574262477957,-1.2408014850259108,-1.273198514173301,-1.397219543062906,-0.6989953517009362,1.03259120237173,0.4003157897165051,-2.1216632633839625,1.3541687039299706,-0.000914349715512,-1.3165493627593767,-0.90736700559413,1.6948160254640536,1.1188542698914896
2015-02-03,PRU,78.53,80.17,78.53,80.09,3701271,1.5370031104582722,1.517246776381212,-0.493723651945065,-0.7369666947813827,-1.2838386536483788,-0.2683865715890899,0.8452562427691426,0.4526915833232864,-1.3726998098998937,0.3001816487326115,-0.0010368109091038,-0.6586800841902487,1.8048994910831964,1.4745211525750914,0.1152438253464803
2015-02-04,PRU,79.88,80.92,79.76,79.89,3333655,-0.1884662328346462,-0.1795901907221781,-0.4698838489497432,-0.43123904727093,-1.1898350696906534,0.0262236018274374,0.7388299514233054,0.3943151804399744,-1.121483853116307,0.0881772826376628,-0.0014153484953364,-0.7150221441469019,1.5369531171356066,-0.0168583904689553,-0.3812175442041563
2015-02-05,PRU,75.05,77.48,74.51,75.32,9818885,-3.5943833426950067,-3.6719746697645097,-1.7969027208422863,-0.8857560411134013,-1.2821085737534248,-0.2175622773156986,0.7956325622220535,0.8959412925081769,-1.9146077088837987,3.591420977465906,-0.00178492784873,-1.6748160486446706,-0.1889663545143328,0.245488672241027,1.694952675731087
2015-02-06,PRU,76.89,79.27,76.36,77.8,5946116,2.016923407246682,1.981053439155113,-0.8442748001809209,-0.6576050132438828,-1.2449788256100014,-0.0795092370786611,0.5363247208113301,1.061179283727972,-1.6993689441425817,1.1950348575551917,-0.0008346225289604,-1.016752804365356,-3.595771976175132,0.8678455573002667,1.5259241738632598
2015-02-09,PRU,77.03,77.73,76.85,77.26,3375051,-0.4651212390572526,-0.4560328798324785,-0.8931096725863302,-0.6637472915687639,-1.224387436666598,-0.0116362567683932,0.3535093413918846,1.0360934829555863,-1.5548842295748488,-0.2408907252742552,-0.001444647365641,-1.0836152435422026,2.016998612169661,0.199269721856144,-0.6420622352994912
2015-02-10,PRU,78.26,78.381,77.02,78.08,2898804,0.6277804357061794,0.6289102770563794,-0.5232618256198579,-0.5442520614819862,-1.1640744100664782,0.1449049390155017,0.1741693605000438,1.0580041046280215,-1.2365726455616657,-0.5055632446994671,-0.0010556547640944,-0.8457593220149057,-0.4656935325572596,-0.2000875875129812,-0.1386227033540324
2015-02-11,PRU,77.92,79.69,77.5,79.19,3138092,0.852075955199094,0.8492405147239535,-0.0864602238821696,-0.6268342823754982,-1.06204470156303,0.3775159167251558,0.0026175868299764,1.0965921671063268,-0.905503364702636,-0.3855780745308871,-0.0010530003244258,0.1081050913783792,0.6274932507403569,1.205084464979549,0.7134681395730018
2015-02-12,PRU,79.01,79.75,78.41,78.7,3507301,-0.4182269860281265,-0.4090876556496726,-0.208053694726654,-0.4920069728452436,-0.9907451280262524,0.4845058604961182,-0.0440711197440577,1.0042368366318006,-0.6161421727417504,-0.1935566808212731,-0.0014411710786003,-0.1001876136531815,0.8518472828774218,-0.3227480582555073,-0.1723054578746179
2015-02-13,PRU,78.64,80.57,78.51,80.33,4656500,1.2564652164487178,1.2445103235135804,0.3244087004993601,-0.2481448100366081,-0.8618512792099984,0.7183444886189707,-0.0316013379043201,1.0298267629351197,-0.0662284885059616,0.3551338571147263,-0.0009589250232081,0.5927044459416083,-0.4187870460838525,1.597316675508503,0.5458872283063464
2015-02-17,PRU,80.13,81.27,80.02,80.95,3767551,0.4475216122342245,0.4512681997351562,0.5312553663028731,0.026244893776455,-0.7285987908509787,0.9166344542680296,-0.0337209868853192,1.002877312995537,-0.1765427210204878,-0.1434750631332558,-0.0010344010403519,0.8562584808795062,1.2563420383651618,0.7468328792163624,-0.304405134283817
2015-02-18,PRU,80.5,81.04,79.31,79.56,2447546,-1.1020346115881292,-1.097188518873264,0.0853181485931101,0.2060150049800196,-0.671653298775272,0.8788535319496108,-0.0552166189681624,1.0438039339578142,-0.3407749504882223,-0.7980884816256982,-0.0013685854700866,0.2653873380348677,0.4471874026090747,-0.908536153970643,0.2208893533755404
2015-02-19,PRU,79.09,80.42,78.75,80.3,2657797,0.5460756983880662,0.5484547609539033,0.3364130207892769,0.3060291050940983,-0.5922692479395759,0.9063852580719322,-0.0650743567284745,1.0576880255501342,-0.2221415260838652,-0.6851422478209431,-0.0010995246829715,0.5799518313478383,-1.1027730585877948,1.129552206816009,0.1419168832625156
2015-02-20,PRU,79.24,80.85,78.86,80.81,4257809,0.3624161502767594,0.3672207326655289,0.5300239811668621,0.5632508357635694,-0.5051584319068947,0.9482991995735394,-0.1491497060321935,0.9984508343135312,-0.4193382343256173,0.1070649525876652,-0.0010245806535657,0.8925175704971088,0.5457671988626356,1.4706080163076758,0.4610001911115463
2015-02-23,PRU,80.25,80.485,79.8,80.42,3219370,-0.333461760468428,-0.3243205087665089,0.4048064904228806,0.1991381655230586,-0.4480030182822655,0.904725662647226,-0.1599286987773753,0.9473042756606134,-0.2166201938565307,-0.434042589762321,-0.0013956193253893,1.0248973458576631,0.3620597389347764,0.1337308445009171,-0.8814446572297372
2015-02-24,PRU,80.42,82.01,80.39,81.53,3061823,0.8263228032977374,0.8239824551099827,0.760883736748421,0.0666008016331861,-0.3566075808198417,0.9580000650358226,-0.1186166625391855,0.9766712846122956,-0.025613065820541,-0.499490356015793,-0.0010888014302125,1.2301311337965648,-0.3339997075658091,1.0164897352449018,0.0646578483824438
2015-02-25,PRU,81.5,81.78,80.71,80.87,1913070,-0.5369860436534604,-0.5280449380918071,0.5174368730071606,-0.0197368542825036,-0.3082930832472227,0.8897299892921468,-0.0796558322916355,0.9440987096839848,0.091251744456963,-1.0718745932963103,-0.0013338196146602,0.937603158501627,0.8260874126741734,-0.6103364852238709,-0.4886316847126865
2015-02-26,PRU,81.03,81.49,80.51,81.11,1965443,0.1517687522946439,0.1587000264336367,0.5270509189691837,1.151127091796207,-0.2592656314002807,0.8369490607260801,-0.0838335316414458,0.7577836395113904,0.6184508852730087,-1.02871943964099,-0.001145926404327,1.0439769676997843,-0.5375770847403465,0.0482748697653887,-0.5843698606228601
2015-02-27,PRU,81.68,82.22,80.8,80.85,2240875,-0.2325656368087049,-0.2235731441792953,0.3751430959033989,0.6660559864921811,-0.2296918811959221,0.744650824733206,-0.1182914991720146,0.7622587928390052,0.5748655350369276,-0.8543490167089894,-0.0013493356427868,0.8522005801700282,0.1513573887348583,-0.7940440445273579,-0.1275759701564434
2015-03-02,PRU,80.71,82.2,80.66,82.15,2404756,0.968060836950182,0.9628681152015788,0.6981870475586625,1.0894416358381658,-0.1550015299698843,0.7869415903037811,-0.1966654441947587,0.7369035222530936,1.046079527356119,-0.7233649415932779,-0.0011237122042067,1.412698115666174,-0.2330772628320262,1.3216523579680737,-0.0289998194021369
2015-03-03,PRU,81.49,82.2,80.97,81.5,2072871,-0.5256037651950516,-0.5166337533098939,0.4272151018149482,0.7188211545405252,-0.121683496444306,0.7142825692077894,-0.1945957814541313,0.6344831499394264,0.4679625967795863,-0.8538095571586297,-0.001341065203947,1.132449347918101,0.9678624219520984,-0.0170452555839496,-0.333541606690176
2015-03-04,PRU,80.92,81.18,79.89,80.6,1852406,-0.7205081135881518,-0.7123239925253321,0.1228864518947028,0.1924996596116599,-0.1308861479586864,0.546707841015376,-0.1889323809950779,0.557108502491797,-0.0739554082675794,-0.9517212463687214,-0.0013338337587133,0.7444125925746162,-0.5261918369528553,-0.325087821879696,-0.2574565495426542
2015-03-05,PRU,80.75,81.25,80.02,81.01,2189871,0.2837011700304014,0.2893826123668518,0.2389723957144899,0.4406298351699142,-0.1223295083508259,0.4583601680907291,-0.1749040836531626,0.5589102577583626,0.0384178488919784,-0.7307720311122614,-0.0011313258194076,0.9211848922310962,-0.7211470306272464,0.2169461629747846,-0.3259337394849806
2015-03-06,PRU,81.39,83.84,81.32,82.6,4721825,1.1889553163204585,1.1786980682394672,0.6381464962041049,0.4320252384016484,-0.0540459884824979,0.5414179913661914,-0.3932470710872951,-0.1838251928946199,1.252040847598848,1.0195863503702949,-0.0010118103829934,0.8918112245954637,0.2833242240756946,1.0968885117350118,0.9512785832902888
2015-03-09,PRU,82.38,83.04,81.91,82.64,2275783,-0.0028468723501983,0.0051972582315225,0.5700290768508965,0.2996672874260173,-5.212069703463202e-05,0.57108293151613,-0.4214998934954709,-0.4286047029016496,0.7461849997571522,-0.4751075340915445,-0.0011399701096751,0.8722038101426721,1.1888145267269992,0.2121328803389277,-0.4517405142281873
2015-03-10,PRU,80.96,81.06,79.84,79.87,3372211,-2.119815547783817,-2.1357330560364933,-0.3749339475284148,-0.110046885448583,-0.0671982085854781,0.2830027231091734,-0.5869387389945492,-0.0850409186726924,0.328664575563708,0.2809767525513776,-0.0013895105310515,-0.4921653392509091,-0.0032985709512072,-1.0435033816958963,-0.3183071439062528
2015-03-11,PRU,80.46,80.84,79.8086,80.46,1871713,0.4269043215928602,0.4309176835393073,-0.2215168536426806,-0.1477106034933367,-0.0977613526765075,0.1467024239568498,-0.7128486572795162,-0.0972936394128311,0.2801919521012974,-0.7306304867884037,-0.0011566771957407,-0.3293189759704665,-2.1208195063455397,-0.0263165508545973,-0.5229947639244028
2015-03-12,PRU,80.9,82.39,80.85,82.33,1875830,1.4139655542928402,1.397778634436177,0.3342034030050781,0.16144231052742,-0.0495132176484109,0.2405210603817735,-0.7256114292702899,-0.0196349689971072,0.41486634473831,-0.6982420566199211,-0.0011590803752889,0.5184746782447872,0.4265647334733324,1.3091476367779316,-0.0324155649867683
2015-03-13,PRU,82.13,82.45,80.3,81.14,2000694,-0.9328753655745736,-0.926254008805278,-0.0913193849711651,-0.0327752093564277,-0.0591240181680691,0.1666480654411061,-0.8384557345851663,0.0297542445049978,0.2878620696613428,-0.5691973163430415,-0.001329294813057,-0.2410406007329574,1.413883463794282,-0.9370223503050414,0.6169931724219374
2015-03-16,PRU,81.71,83.12,81.5201,83.07,2527911,1.4478766753640793,1.4307289856873662,0.4882444654475389,0.1261107652264164,0.0074338871490448,0.3036066070974584,-0.7696477891533564,0.0601622081463746,0.3334709611579479,-0.105220376435186,-0.0011297827304679,0.940006496037532,-0.9335696834949376,1.2311847074765645,0.0137927568270749
2015-03-17,PRU,82.6,82.81,81.68,82.32,2335104,-0.5950946120168349,-0.5863338753315521,0.2233632662312666,0.1058529338305933,0.0286385170497072,0.2964348902397808,-0.747013710963997,0.0762276755323558,0.0810786134758401,-0.2030632646450337,-0.001342943330755,0.4501958569251806,1.4478034313612715,-0.2824242971612766,-0.4473106468507257
2015-03-18,PRU,81.95,82.73,80.76,81.83,2944625,-0.4035795995908561,-0.3944316405913436,0.0282309356990278,-0.0450690119576777,0.0241841604149257,0.2246517271209868,-0.8072238796771266,0.0070605174291747,0.2515585883292698,0.2552308047370939,-0.0013738432286835,0.1301862393717809,-0.5957008120600408,-0.1369475968491886,0.4150489782123952
2015-03-19,PRU,81.83,81.95,79.29,80.21,3191315,-1.2655271532520806,-1.262846523550585,-0.4928544779407973,-0.3061156122967319,-0.044287689531782,0.0024452708775704,-0.8027956404506662,0.0912659209535294,-0.1839375905179861,0.4224466512765251,-0.0013918775348737,-0.9801692359429124,-0.4041358385389993,-1.522025850133124,1.1725046174399354
2015-03-20,PRU,80.27,82.75,80.01,82.68,7124672,1.8841882559320828,1.853122141017181,0.2732544444339619,-0.09856878201493,-0.0030052140175936,0.107185850240699,-0.7769909571815331,0.2873411345020327,0.1723800927236696,3.176468296446769,-0.0008907704266265,0.5953951074822742,-1.2663082510409072,2.242025323279371,1.1705768512986734
2015-03-23,PRU,82.68,83.99,81.74,81.77,4462826,-0.7182260155203407,-0.710029110442621,-0.0417496190027994,-0.1436102047158069,-0.0077094484970076,0.0726093138511883,-0.8005125022853703,0.3110804387875807,0.0790642322040589,1.1538749268568038,-0.0014383500419129,-0.1272665697480396,1.8842288338384696,-0.8578613560799064,0.7019001817664873
2015-03-24,PRU,81.77,81.77,80.52,80.58,2296798,-0.939038168810634,-0.9324732124604233,-0.4097140027034336,-0.1922981433570894,-0.0592835444331112,-0.0756941318033072,-0.7818758028444576,0.3186050792102897,-0.3386068656017885,-0.3756907095224825,-0.0013510319080683,-0.968921044121778,-0.7188643372216753,-1.1258227798011449,-0.2984959764005208
2015-03-25,PRU,80.67,80.8,79.38,79.38,2247717,-0.9601447772077454,-0.95377771781968,-0.7728450745493127,-0.4470593338626977,-0.1473803741433972,-0.2883457763368391,-0.7025619575958845,0.3495232819964228,-0.438071221783199,-0.4211083580033212,-0.0013530228210771,-1.8176482451709293,-0.9397340944399416,-1.234470794774355,-0.1004695270651954
2015-03-26,PRU,79.01,80.6,78.51,80.04,3038680,0.4846444803680859,0.4878938660183533,-0.5430877601457751,-0.6156206160722972,-0.190720660894049,-0.3432645208522335,-0.6699525989199009,0.3634870240171235,-0.3612213460218867,0.1087806228430051,-0.0010874024828055,-0.9532010056351864,-0.9608462089812202,0.9586010382516452,0.5848679504294236
2015-03-27,PRU,79.75,79.93,78.78,79.14,1908857,-0.7330489384630079,-0.7249365876975487,-0.8065802811903837,-0.7452173286575007,-0.2591965016339681,-0.4518979997340319,-0.5905297041643034,0.3849544840566058,-0.4781015591916845,-0.6838200423644447,-0.0013350998530986,-1.4991432289377904,0.4843199550967648,-0.6042048135240229,-0.3802803294723996
2015-03-30,PRU,79.79,80.83,79.79,80.37,1630742,0.9346231902469112,0.9301314437231448,-0.3808875387788145,-0.1023322048183252,-0.2637128948329182,-0.3741742659062975,-0.5918420204987506,0.3812697729590249,-0.4857004207128229,-0.8659474776300408,-0.001161060751052,-0.7530221904242341,-0.7336911270646593,0.5228755207467624,-0.5128805296322284
2015-03-31,PRU,79.83,80.58,79.35,80.31,2291629,-0.0794746078136101,-0.0710202169259019,-0.3812406913942468,-0.215825611484302,-0.2682573428509215,-0.3120674914654002,-0.5815530360443558,0.3708154113169083,-0.3819185929867992,-0.39487819179314,-0.0013541671050371,-0.7894183386444088,0.9344160522697542,0.4279594967092999,-0.314904314627314
2015-04-01,PRU,80.24,80.24,79.23,79.45,2282194,-0.6996865205610712,-0.6913889112820263,-0.6412565579572452,-0.737869511721503,-0.3038976892008758,-0.3424223789151983,-0.5411007043775274,0.3693986868728134,-0.3770244924683477,-0.4141434627737403,-0.0013583525858992,-1.31109646313356,-0.0799462965215429,-0.7701589022600154,-0.5318617489439024
2015-04-02,PRU,79.45,80.63,79.17,80.53,2179436,0.8133057882694437,0.8112117648009649,-0.283855964091288,-0.3060798455036558,-0.2880149224593006,-0.2340866827280082,-0.5365770865557645,0.4031726490739661,-0.2544976109744862,-0.4872524973855194,-0.0011274700983272,-0.6559657951704406,-0.7003200058088122,1.000693241131652,-0.0803633326328713
2015-04-06,PRU,79.42,80.67,78.92,80.12,2143346,-0.3499685424235758,-0.3408185682419352,-0.376876535568611,-0.8174732804898884,-0.289917673132762,-0.1931977414337212,-0.5660359036228606,0.3210037986308046,-0.6084290417889514,-0.4399239224362043,-0.0013515210056358,-0.9046728080082898,0.8130670018581708,0.6395893873515126,0.2290268691184382
2015-04-07,PRU,80.15,80.58,79.57,79.67,1806600,-0.3826729885629381,-0.3735187214866137,-0.4753258527211959,-0.7660780075628161,-0.3072895475612328,-0.200303846648672,-0.5958759575034138,0.3236251998185681,-0.6952970376783991,-0.6801281592087725,-0.0013381679943466,-1.1776439196595918,-0.3505107956946191,-0.4787788949222945,-0.53478733790574
2015-04-08,PRU,79.96,80.53,79.794,80.23,1636339,0.4046153665027553,0.4089096063367555,-0.2991548756889363,-0.5356276169158336,-0.2972869311288371,-0.1355272625860903,-0.6049766798991197,0.0978744569604002,-0.1012799066854209,-0.7672795457204914,-0.0011531661349818,-0.8379465362713056,-0.3832237735408271,0.2287982814781651,-0.8267860398970956
2015-04-09,PRU,79.8,81.4,79.75,81.13,1621776,0.665398993078426,0.6659185477009368,-0.0176778485941058,0.0214664843523921,-0.2527226286299662,0.0052551896329544,-0.6054179259549627,0.1137426861781655,-0.045180303214136,-0.7725076086755727,-0.0011567368670951,-0.2920043129687103,0.4042699637967363,1.2328798684865685,0.1036399569804283
2015-04-10,PRU,81.01,81.14,80.24,80.34,1809466,-0.6392310932658826,-0.6306440537904014,-0.2420735310580028,-0.8045802691392199,-0.247340992642328,0.0170256423228054,-0.6442647852609568,0.0024983614318071,-0.5224658181872717,-0.6235008606668434,-0.0013357482269202,-0.7712202645343216,0.6651216217783689,-0.6511739271972102,-0.6577071038172598
2015-04-13,PRU,80.43,81.25,80.2114,80.97,1561810,0.4552111217989791,0.4588564997947477,-0.0344509661233928,-0.4048454119457437,-0.217471226893701,0.0894740289257396,-0.6462857006573866,-0.027772683716591,-0.1982473886840064,-0.8074071984674523,-0.0011596178355263,-0.389060708222504,-0.639848807325183,0.4809315404876035,-0.5223129518031633
2015-04-14,PRU,80.31,81.15,79.52,79.91,2422208,-0.8480327201974718,-0.8406983420013675,-0.3281822231718723,-0.3719471628185745,-0.2345090559668605,0.0266933966330056,-0.7498527296369745,-0.147544267307398,-0.7261563343036486,-0.1220645708891424,-0.0013678283905474,-1.032059326778901,0.4548789181592271,-0.4026173112105736,0.1086585869438892
2015-04-15,PRU,80.25,80.58,79.91,80.08,3205666,0.099451289882327,0.1068017104887191,-0.2364600162609806,0.0223290162031721,-0.2402479123875953,0.0055522518986925,-0.8176450400322015,-0.1587554553974975,-0.5671109502119304,0.4569075091798393,-0.0010693017596221,-0.9289369068217423,-0.8487049049627511,-0.1863639462101118,-0.8940414847101766
2015-04-16,PRU,80.1,80.58,79.42,80.16,1732964,0.0291997986052258,0.0370445507698405,-0.1831781770819895,-0.1504761394958298,-0.2405705392810638,0.0025806176761183,-0.864429788405703,-0.1638210252993142,-0.4672024500871668,-0.6597485590821462,-0.0011544788243347,-0.8804087091948457,0.0990262781093808,0.0302765466438841,-0.3852935012310713
2015-04-17,PRU,79.63,79.77,78.52,79.13,2766528,-0.8329683312694647,-0.8255197024569781,-0.5022192433467019,-0.1921560657579824,-0.2798329228082094,-0.1000269529440972,-0.8300202646399316,-0.2231640001084322,-0.3652262762283641,0.1846878433440893,-0.0013792204946489,-1.5052092536411557,0.0287564601152796,-0.5007092744541833,-0.2748058401059319
2015-04-20,PRU,79.7,80.241,79.54,79.93,1617788,0.5964293328975467,0.5980508756881261,-0.1959341916769659,-0.3349845161787901,-0.2779561741585561,-0.0762215914115221,-0.985731993701031,-0.4950112558192635,-0.6559628129861693,-0.5801135060077472,-0.0011587508434112,-1.0199272773721708,-0.833636586142472,0.1917124401982057,-0.8604100698058583
2015-04-21,PRU,80.14,80.427,79.3394,79.71,1511660,-0.2043555857726831,-0.1954339852725012,-0.2343873976920872,-0.3845493935827246,-0.2835545751127518,-0.0764182085839444,-1.0723199266816696,-0.525424817137878,-0.5374695143182447,-0.5793687334287236,-0.0013188554764788,-0.6576776794425631,0.5961339692756079,-0.4316979785935871,-0.4541827813612896
2015-04-22,PRU,79.91,81.31,79.46,81.12,2587808,1.06829404442786,1.0608964889477397,0.2188797973751177,0.324095542770445,-0.2315271480352256,0.0717523870253112,-1.042357477811562,-0.4822827007973205,-0.0690562902452113,0.4460878079485603,-0.0011086759401021,1.1208127208835774,-0.2048598525554744,1.1176912084267112,0.3093243930544759
2015-04-23,PRU,81.04,81.72,80.742,81.31,1688299,0.1128252972432949,0.1200727100258335,0.2490763751462512,0.0751695019305864,-0.1824108879730736,0.182795569729763,-1.0155847552108592,-0.5658039497062105,0.1896034303626798,-0.397602831671629,-0.0011592936364692,1.018294817503972,1.068121777566906,0.2253984293197191,-0.5888966411596904
2015-04-24,PRU,81.08,81.36,80.35,80.79,1359641,-0.4311534591045939,-0.4220246259265874,0.0665084204185096,0.0350829349547104,-0.1637592508733135,0.1932147008248905,-1.0054705841337008,-0.5666224728395018,-0.0298593567748974,-0.6621554486156139,-0.0013079255171571,0.4767884928736697,0.112403774387717,-0.2965437054739328,-0.5494342118539943
2015-04-27,PRU,81.0,81.66,80.16,80.22,1770894,-0.4722469574493981,-0.4631694596932831,-0.1376317162222012,-0.0075215401779523,-0.1711338190513698,0.1345590013470037,-1.0465452768529526,-0.5958105253000875,0.0329460156625094,-0.237850403140286,-0.0013296958479108,-0.1153313434832814,-0.4317168913280785,-0.753852259807273,-0.0329682673357196
2015-04-28,PRU,80.36,81.2451,79.79,81.15,2089363,0.6887687895795394,0.6888980811194916,0.1535448328249861,0.1024814114806698,-0.140454548183581,0.1855843683865014,-1.0221292858737303,-0.6332328092018391,-0.0249423145964643,0.062616187745784,-0.0011367575544225,0.8507589158359493,-0.4728211098569104,0.7164150354666049,-0.0969396204880394
2015-04-29,PRU,81.28,82.96,81.215,82.52,2922103,1.0180638629624896,1.0117906228621287,0.5641928057854206,0.2302009579152603,-0.0631914986224033,0.3463105064530554,-0.8895593498347938,-0.5434262024015262,0.2366729000634013,0.8566969364197756,-0.0010999784228879,1.1134553565904783,0.6884975148283106,1.1262943448021752,0.1710343081116411
2015-04-30,PRU,82.16,82.89,81.32,81.6,3291841,-0.7270992240828685,-0.7189525031881233,0.2284139500476573,0.1860061966865603,-0.0394090124082322,0.3372333674984251,-0.8851344234682799,-0.5396699372865401,0.2299564230301354,1.144678723856556,-0.0013956342567188,0.4246609839672574,1.0178784924036088,-0.5412751644118443,0.012170572939688
2015-05-01,PRU,82.4,83.42,81.99,83.36,2588510,1.3098243735843131,1.29647822866404,0.7543520500892821,0.4494418077221652,0.0464728393037563,0.4898143541094186,-0.7175099932354426,-0.4542022384681728,0.3486404616481542,0.4389952511818906,-0.0011154446442803,1.402174488469099,-0.7277398605647046,0.8538984218887373,-0.1616522502164009
2015-05-04,PRU,83.37,84.44,83.2,84.19,2439756,0.5868956450939379,0.5886636609286356,0.9554594557396752,0.9786596084738316,0.143845695520336,0.6414567911798094,-0.5229936777994856,-0.4515307421093283,0.5785821683555967,0.2799416319768706,-0.0011280174527475,1.3024994642941323,1.3097151154639408,0.7167860499800545,-0.3638305456421942
2015-05-05,PRU,84.26,84.86,83.31,83.4,2557215,-0.6171966562346932,-0.6085189374103602,0.6368273299619807,0.6675829004603695,0.1860822573648682,0.620850868272566,-0.4612239654787886,-0.427443403882256,0.5201197579990646,0.3494904082100003,-0.0013581510654409,0.6773732246430411,0.5865977943902992,-0.7974361240566411,-0.0424230389023
2015-05-06,PRU,84.7,84.7,82.79,83.7,2521507,0.1909537321230405,0.1975425994674856,0.676079959061099,0.7070814928318696,0.2270483147379496,0.6010958733085023,-0.3835425087508803,-0.4341392709342367,0.4677259273735216,0.2686543063749898,-0.001123938086437,0.8346688809888987,-0.6178086221043911,-0.9183092918282696,0.3104806529849171
2015-05-07,PRU,85.0,85.58,82.98,85.17,3464710,1.060424687210076,1.0532058459455755,1.0827482601613858,1.284213113893708,0.3120734589321443,0.6986992083545692,-0.2028248685050325,-0.3859226048524242,0.5638636154799751,1.0062435308920998,-0.0010862079197275,1.2498313824547258,0.1905525908663393,0.1247870194663442,0.9528375870680452
2015-05-08,PRU,85.47,85.87,84.393,85.58,2153760,0.2667080238077201,0.2725659140248299,1.1264348252724103,1.2350642929834152,0.3894073218798627,0.75698465086544,-0.0478257289777002,-0.4347127374147259,0.7904209775475711,-0.1620849552592217,-0.0011506166661732,1.3117205690829077,1.0602503674463282,0.0709186938821718,-0.1529685703769088
2015-05-11,PRU,85.71,87.255,85.45,86.77,3336940,0.8327093159493324,0.8302471508837465,1.4101196909331388,1.4541087241347888,0.4901815186196058,0.863948020538481,0.171008237608343,-0.4058417562333332,0.8845421586775788,0.7641029832137601,-0.0011046079324263,1.258307710903864,0.2663266448000474,0.9080539108196348,0.1423427000979862
2015-05-12,PRU,86.45,86.89,85.86,86.23,2274589,-0.4204495436767076,-0.4113118257533235,1.1312882799008712,1.0880357678566883,0.5408628847341294,0.8205806325764042,0.2648078048326644,-0.4646535496559987,0.9940671994037816,-0.1240578551601239,-0.001332381565449,1.0528059329738215,0.8324755913944576,-0.2185825165608244,-0.5958341040733158
2015-05-13,PRU,86.45,86.78,85.75,86.08,2485554,-0.1412960039097181,-0.1325790784018138,0.9837715112894814,1.0071253073830129,0.5668939476902312,0.7224372662224503,0.3196639390454196,-0.455628980304626,0.9329138733396116,0.0860738296830621,-0.0013439704750903,0.995722105771029,-0.4210101835377061,-0.3496729477241667,-0.5940993983466477
2015-05-14,PRU,86.57,86.81,85.96,86.3,1865063,0.1261206884734793,0.1332628801112489,0.952145676058292,1.228887533763878,0.5877110840982072,0.6305020159601507,0.3586578225722166,-0.4575899873017566,0.957465840239854,-0.4501972338108063,-0.0011638486210368,1.0794450523351211,-0.1417838201504649,-0.261952244435822,-0.7704695492612347
2015-05-15,PRU,86.16,86.28,84.88,85.46,2382080,-0.6389838935593001,-0.6303957929151176,0.5833818259642961,1.1283450714531726,0.562964441694482,0.439673433451914,0.273513277969019,-0.4886173032699846,1.0073727716455907,0.0083719877956714,-0.0013406470119818,0.6890627610223767,0.125702634026444,-0.6401309613969517,-0.2260395218146875
2015-05-18,PRU,85.37,86.715,85.37,86.43,2250616,0.6736538092022399,0.6740364870583736,0.7832470063758836,1.1338861341864117,0.5732236062845674,0.3771149120358941,0.2442084674619892,-0.4830185740158471,1.0268502349388628,-0.1307225994401988,-0.0011467907932234,1.0964173634933534,-0.6396015431308725,0.9117751941389416,-0.2943962624528083
2015-05-19,PRU,86.76,87.12,85.96,86.28,2130584,-0.1410453965723195,-0.1323294117208242,0.6299967519602911,0.8620995188825866,0.5672160700799115,0.2851978870824094,0.1579273478747908,-0.4872325631121178,1.0430440681706674,-0.2560548032734166,-0.0013304777977858,1.0270895284589012,0.6733785913607963,-0.4443070634989718,-0.470839468113521
2015-05-20,PRU,86.2,86.28,85.34,85.64,2111373,-0.4948080968195506,-0.4857704148450247,0.3577555554969659,0.9711930754466592,0.529467934358349,0.1299645103653129,0.1052502773800828,-0.5166594733223324,0.650856430746928,-0.2544730638541065,-0.0013325269213811,0.7237155662625956,-0.1415331474363793,-0.5171402131499965,-0.6765596801969463
2015-05-21,PRU,85.2,86.03,84.96,85.63,1825049,-0.0402657811995964,-0.0320095908520152,0.2861915967634095,0.5969485460332846,0.4917934797277503,0.0059674628513847,0.0434954945150164,-0.5140040276663215,0.6128193720093116,-0.5016062583519835,-0.0013229433313307,0.7192625434394956,-0.4953881348190826,0.3549894071149045,-0.5499281337479156
2015-05-22,PRU,85.46,85.89,85.04,85.12,1481616,-0.4037959861122452,-0.3946481293391861,0.0596146480946851,0.145582606059447,0.4351525243106574,-0.14204962168318,-0.0814668213938798,-0.5166378435867612,0.619659569836753,-0.7950789349890014,-0.0013097841794493,0.4921583794615123,-0.0407272413834624,-0.3268970207183817,-0.7590902244206629
2015-05-26,PRU,85.0,85.12,83.74,83.97,2320284,-0.8741231944070252,-0.8669954965088229,-0.3550813724249899,0.0074359662463752,0.3393966904898619,-0.3611443129743802,-0.2865728429544899,-0.4616603932686717,0.5190670629245844,-0.1101616867505238,-0.0013503538148038,-0.0199392451947358,-0.4043522815097884,-0.9418264180932354,-0.2216634763511558
2015-05-27,PRU,84.15,85.49,84.12,85.2,1748012,0.8789652064808954,0.8756018418133167,-0.0370054225471582,0.2772126371708859,0.306685508499635,-0.3741442174848815,-0.4545237635165705,-0.4404586935533287,0.5654931741229741,-0.5768481311044727,-0.001158340847561,0.3118865238080667,-0.8748021854724776,0.9163973459783598,-0.251218533960218
2015-05-28,PRU,84.74,85.17,84.2,85.07,1548310,-0.1279907012068162,-0.119325109206442,-0.1165825025803176,-0.2251879555703005,0.2708273602076358,-0.3926443781802305,-0.5408138266841074,-0.5089670324004238,0.286360923187859,-0.7063175319101614,-0.0013152333979893,0.2190646562683951,0.8787435488387643,0.2679021074290348,-0.6410402094552806
2015-05-29,PRU,85.17,85.17,83.73,84.61,2641975,-0.3696446530122717,-0.3604900264486393,-0.3046281339644003,-0.5379554555156256,0.2200729259035214,-0.445787290497862,-0.7393169465509231,-0.5483119464564092,0.3742695460004226,0.2708928038906589,-0.0013697826362467,-0.2271041854206717,-0.1284750464533848,-0.5230759695450213,-0.1729237425671367
2015-06-01,PRU,84.86,85.21,83.66,84.32,1770936,-0.2463848963147648,-0.2373623439035823,-0.4085726834278412,-1.1792109807281574,0.1648402230183301,-0.4998286065879884,-0.7901788082094463,-0.6923546237464318,0.0016579775616812,-0.4643832906936851,-0.0013319746371835,-0.7422215417362854,-0.3701920392492331,-0.5070844507680349,-0.0593228110741095
2015-06-02,PRU,84.37,85.92,84.235,85.52,2399899,0.8530291585409671,0.8501751954631763,-0.0596878021703184,-0.4521296834147826,0.1646999662802499,-0.4012546514726892,-0.8137251247526911,-0.6550056261837294,0.0645352947270004,0.0985968880430269,-0.0011177192168054,0.1511755119996635,-0.2469001274097154,1.003487324154765,0.0507405036177076
2015-06-03,PRU,86.01,87.45,85.95,86.99,2964498,1.0371549756914027,1.0304590026231395,0.336304808973251,0.1002462543004009,0.2182298313099389,-0.1842495178607084,-0.8475550156595929,-0.6074157581721668,0.464713850896745,0.5791151918633677,-0.001094967983888,1.1147406605140076,0.8528007348843065,0.8345222987821876,-0.1542473524419935
2015-06-04,PRU,86.28,87.34,86.23,86.6,3452282,-0.3121158800955635,-0.3029924238653754,0.1715920222967487,-0.0953554142845531,0.2408316421462754,-0.0902536900502601,-0.9031508972039096,-0.593408903723064,0.3413760204566289,0.9497560147397488,-0.0014060630969389,0.8107636947373718,1.0369745854882957,0.2538940570655452,-0.5230981051945592
2015-06-05,PRU,88.11,89.22,87.42,88.24,3552375,1.146024528514915,1.136810428280533,0.6257644375762424,0.610912664939059,0.3179259816023585,0.1252058027974121,-0.7789675320766927,-0.5772071366334893,0.3619078926178203,1.0307776823345738,-0.0010641056919501,0.8569618624997825,-0.3126482586291803,0.0851547017939188,0.108738958107375
2015-06-08,PRU,88.0,88.62,87.4,87.58,2025752,-0.4986613280592005,-0.4896312712031656,0.3926963859441235,0.1522343041622237,0.3473489230455507,0.1748680392351439,-0.7265817696232907,-0.5525821197714628,0.1757469231158389,-0.2858769430922731,-0.0013383995742015,0.4623647735227981,1.145872539438222,-0.3869046163932059,-0.4303756431869011
2015-06-09,PRU,87.59,88.57,87.15,87.97,1942984,0.244243447978729,0.2503275860592478,0.4930918260072345,0.300628267907166,0.3799396643728677,0.2227516907546105,-0.6685442621685073,-0.6079138593533342,0.0356331047069597,-0.3056778920108516,-0.0011476501756529,0.6955357806455631,-0.4992423712627102,0.3014569205574162,-0.2460468720516833
2015-06-10,PRU,89.69,90.98,88.86,90.55,4177533,1.7929188909750342,1.7650023135085793,1.2115059977414055,1.0056302832916246,0.4998475176692625,0.4858113550481024,-0.3911220965414381,-0.3724888665791174,0.5682982320015056,1.54266212292648,-0.0010450956232136,1.2476057930261792,0.2438562085698568,0.698118004146007,0.3598922403797802
2015-06-11,PRU,90.04,90.9395,89.75,89.93,2960178,-0.4592796791546042,-0.4501830293635095,0.961644911081724,0.8070431349108559,0.5622969158457378,0.5483620121294214,-0.2422292144897621,-0.3516821634721405,0.4893912617835379,0.4720546598910973,-0.0013734286140637,0.9660494332974484,1.7929356591687453,-0.1186165993625012,-0.488978162908523
2015-06-12,PRU,89.55,90.0,88.91,89.24,1678656,-0.5106791952147142,-0.5016744669954291,0.705900985181078,0.7520322992213833,0.576293832495364,0.4736866844351943,-0.1639203973190602,-0.3236896420993699,0.3328527789536513,-0.6116800775385349,-0.001320501459645,0.6527044523090112,-0.4598504487493783,-0.2878581856926308,-0.5733775008934157
2015-06-15,PRU,88.26,89.049,87.84,88.58,1866609,-0.493443205188205,-0.4844028799841436,0.4573242912305052,0.9055247948276652,0.5533371081968396,0.3188283866219837,-0.1401174292020469,-0.3381821339524958,0.3687041232712409,-0.4337562357475215,-0.0013317062637028,0.3529831661461652,-0.5112633735552338,0.2476078911502734,-0.4538312505899809
2015-06-16,PRU,88.58,89.93,88.27,89.73,2162054,0.7752760626534845,0.7738865905281327,0.7539252042231737,0.8935092702846152,0.5721116274734586,0.3023572509465331,-0.0598399501702891,-0.3281429799190707,0.3932729451213688,-0.1753195177319962,-0.0011362097197146,0.8752248011268872,-0.4940228871243681,0.954543157144285,-0.0495226481033003
2015-06-17,PRU,90.09,90.22,88.93,89.14,2302592,-0.4423601590013415,-0.4332426144257139,0.5313171532922829,0.7486071353744259,0.5556691989235008,0.1985325249467701,-0.0207375797847267,-0.3109742860061933,0.3193511868477893,-0.0611313245096282,-0.0013519389430577,0.6072921362237341,0.7750273553137547,-0.8230109220661276,-0.3852468473663351
2015-06-18,PRU,89.52,90.35,88.83,89.76,2517862,0.4000304686054517,0.4043815155330041,0.6544012301768408,0.982746576210422,0.5589001539826859,0.1661116948871648,0.020303923577685,-0.3305186779839087,0.5390688701792663,0.1056487485056435,-0.0011183730831743,0.8888484959524717,-0.442926514750203,0.1762351519884935,-0.1800259269415442
2015-06-19,PRU,89.43,89.85,88.96,89.29,3096358,-0.358990668991227,-0.3498377856988739,0.4566239443735949,0.9262906432456076,0.5350991333782379,0.0705951908263491,0.0285321877644374,-0.3153930411441824,0.4602559854398359,0.5304540688840687,-0.0013890550418908,0.6754106103516565,0.399683869823382,-0.1445906190919433,-0.7606220874719313
2015-06-22,PRU,90.07,91.07,89.95,90.98,2734684,1.1453675292699204,1.1361691728361103,0.8729404034642088,0.9921681885592656,0.574429859097334,0.1566820158257757,0.0758700757199508,-0.2617432978913684,0.8436036444773919,0.1725713806224275,-0.001106261595833,1.402504077649055,-0.359535275891458,0.7370022511441655,-0.565364761357304
2015-06-23,PRU,91.74,91.82,90.8127,91.47,2507438,0.3023132378265484,0.3077961828756956,0.9029939264908056,0.8553055034376941,0.6160860058679047,0.231537069580584,0.0529799090533541,-0.3500524674864786,1.1442906028362956,-0.0192399643793383,-0.0011234627905663,1.300297436248664,1.145215368799866,-0.2486730147016282,-0.6735448728113507
2015-06-24,PRU,91.3,91.66,90.6,90.7,2068639,-0.5570879734540769,-0.5482030568350387,0.5892517615046047,0.7388332971921748,0.6100663618342157,0.1687044477746619,0.0274682240481907,-0.3408918332976335,0.7805984299922073,-0.3842445643593699,-0.0013370340103282,0.9866185411713712,0.3019411472577286,-0.5228233536616249,-0.6173292926332835
2015-06-25,PRU,91.08,91.35,89.7,89.73,1672636,-0.6988206998722178,-0.6905185247058937,0.2308145402609085,0.1664863739258977,0.5589810635188278,0.0024401319967304,-0.0590832008048768,-0.2915778455485572,0.6370289954554228,-0.7053225700932338,-0.001321660557622,0.5914646084116633,-0.5576842585916146,-1.1461552637074095,-0.0588106074345262
2015-06-26,PRU,90.21,90.93,89.73,90.72,2136001,0.6539030667620941,0.6546114669040349,0.4317976342174968,0.5406399145844171,0.5494280663219522,-0.023667892509148,-0.1801882985588933,-0.2948012035418103,0.8930929304083935,-0.3171039910589169,-0.0011389330720816,0.9947660449396108,-0.6994539592507217,0.4008135947150746,-0.4889315812249813
2015-06-29,PRU,89.37,89.77,87.2,87.29,3201007,-2.386887892920784,-2.411163981467984,-0.6243850843545757,-0.3164440853000963,0.4005539581512189,-0.4031644534012385,-0.3741644753836927,0.1196600428286896,0.3498267987391139,0.4720529864557019,-0.001392621269656,-0.5424267672025611,0.6536226964852975,-1.7847110135800932,0.8624051421285336
2015-06-30,PRU,88.29,89.07,86.85,87.52,5097530,0.1310473596825467,0.1381498476761843,-0.5855263629981132,-0.8567264159481587,0.2866218123260561,-0.6168216925498506,-0.4954785549997696,0.0823245526564554,0.1759877256458849,1.7631465518726377,-0.000990344714325,-0.9922116415043436,-2.3879615234453198,-0.6852232738533821,0.522669557614781
2015-07-01,PRU,88.79,89.63,88.5868,88.98,2495210,1.0055863923679105,0.9995863976327944,-0.1847071908243677,-0.3859714675439447,0.2492199938200721,-0.5907597387893138,-0.5566760093831348,0.078564621876237,0.1684953866648478,-0.1642386136869604,-0.0011294747844965,-0.2459719752376443,0.1306305904709899,0.1353552498041382,-0.6142370889119005
2015-07-02,PRU,88.81,89.06,87.8,88.17,1448409,-0.5997414956685652,-0.5909975533260396,-0.4458437354659673,-0.4089952941060387,0.1838848724233189,-0.6418100165606622,-0.6388506676320176,0.0957858802462447,0.0987803567974605,-0.9105962171051536,-0.0013058617193235,-0.9984215720858016,1.0053977667738938,-0.5707726087613746,-0.4003350977251966
2015-07-06,PRU,86.92,88.16,86.57,87.51,2074222,-0.4990310294309828,-0.490001716830816,-0.6293430590106631,-0.4089952941060387,0.1032453144425492,-0.722043595085012,-0.6093775776708753,0.0279197840566079,-0.2889771893818239,-0.3729541789856272,-0.001335254062664,-1.286115995688468,-0.6003489079582311,0.4865177018453288,-0.0770744863250908
2015-07-07,PRU,87.5,87.58,84.12,87.0,3442855,-0.3958299948774955,-0.3866788737178384,-0.7710126256203509,-0.7765512602238182,0.017370140335559,-0.7997068436842663,-0.5778073947737565,0.0227961190567609,-0.2647388670528748,0.6535933232515374,-0.0014016171513388,-0.6379725478685194,-0.4996121690795969,-0.4580410374858548,1.7231516478942666
2015-07-08,PRU,85.95,86.24,84.66,84.86,2531604,-1.5644006435914442,-1.5668290657511883,-1.3569830289684863,-1.0164604259311327,-0.135047005038274,-1.0331153311100896,-0.368073718921013,0.1476163080532355,-0.6866899655368883,-0.0828443427595954,-0.001366654391646,-1.5618359881447466,-0.3963842121630395,-0.984448555798316,-0.0396086325928144
2015-07-09,PRU,86.48,87.03,85.55,85.72,2206029,0.5979480089018337,0.5995460877549145,-1.034851038011018,-0.9579506904124307,-0.2211398260512087,-1.0491244518935217,-0.2814698484225992,-0.0545498740462206,-0.950867719161623,-0.267964249934409,-0.0011296540662917,-1.190563764482338,-1.5652597094031082,-0.690277660035421,-0.1524009918480027
2015-07-10,PRU,86.97,87.66,86.62,87.36,1740659,1.1581283327960423,1.148622998687138,-0.512823985935465,-0.5305269622148702,-0.2239404663266415,-0.8475391091447821,-0.2740109210233095,0.0498080400813693,-0.5871859707529588,-0.6077780653848482,-0.0011569950404583,-0.4825562681958832,0.5976530414614541,0.3124806920174661,-0.599170812810877
2015-07-13,PRU,88.16,89.03,88.16,88.61,2470015,0.8578298140135847,0.8548823503598973,-0.1335942264295891,-0.6197740670875193,-0.17662556590084,-0.5572742959005652,-0.2768976279307564,0.0927732859445317,-0.2711583279799543,-0.0382978809885152,-0.0011247239181025,0.0570835917785485,1.1579795012750345,0.3593266356496192,-0.7730579293751266
2015-07-14,PRU,88.39,89.28,88.01,88.75,2030899,0.0653689862881178,0.072969045436505,-0.094668000345957,-0.6943022545868546,-0.1337724720700752,-0.3365470586725318,-0.2769969948989195,0.080576305336385,-0.1392909775056245,-0.4003356522700926,-0.0011496550804774,0.1175232560956848,0.8576026427182999,0.2813952113104572,-0.3987279418135287
2015-07-15,PRU,88.8,89.0,88.19,88.68,3343842,-0.0821009740364926,-0.0736341854130431,-0.0998361973304018,-0.5815866553493976,-0.1030739479962713,-0.1912509222082808,-0.2887428868796369,0.0395249780518174,-0.3393356033878676,0.5998399914602215,-0.0013909498049279,0.0873034239371198,0.0649350833625238,-0.1284135578281973,-0.8300914224116126
2015-07-16,PRU,89.26,89.82,89.0475,89.53,1927263,0.5637487908882058,0.5658665047072168,0.1460847165278141,-0.2281722553530282,-0.0464535130774599,-0.0082914607575523,-0.2831660662421236,0.0518818020641955,-0.1032212360921318,-0.5090159369031215,-0.0011524470422548,0.4542585287197309,-0.0825733478924505,0.202217865382537,-0.872226235534945
2015-07-17,PRU,89.35,89.4,88.25,88.76,1609628,-0.568444371811952,-0.5595941003915834,-0.0670898412868202,-0.5786647860526465,-0.0331986918218445,0.0264537653563182,-0.2962606063842505,0.0574963320792768,-0.331097153794204,-0.738668682316606,-0.001315719827824,0.1218403749754826,0.5634449017953634,-0.525203548556629,-0.5115358400675104
2015-07-20,PRU,89.07,89.39,88.4,88.65,1218143,-0.1101522409431313,-0.1015599225469474,-0.0901892604361363,0.1594535798124152,-0.0283921228213242,0.032504290376212,-0.3013327428462336,0.051983457381614,-0.2727450837899009,-1.0175037792804302,-0.0012994553461273,0.0743520672977329,-0.5690436195271525,-0.3825728635007912,-0.6606137956947841
2015-07-21,PRU,88.75,89.52,88.22,88.71,1363925,0.0091413765750806,0.0171128400908937,-0.0386611200867291,0.1204726558065726,-0.0236451179290436,0.0371913934028913,-0.3672057015333196,-0.0423758011936058,-0.5339142700759515,-0.8608038486494397,-0.001177844805909,0.1002547805765004,-0.1106319326171275,-0.0603680596593216,-0.3700059306470446
2015-07-22,PRU,88.7,89.0,88.27,88.75,1408091,-0.0049234300436532,0.0031330546214279,0.0137764104222771,-0.2573741353226427,-0.0197770196610361,0.0386787853033951,-0.4784871886272712,-0.0528881363974099,-0.6042039059814411,-0.7929548994653924,-0.0011772737578799,0.1599386628085816,0.0086928053844851,0.0162718286045152,-0.9058159857867252
2015-07-23,PRU,88.74,89.36,87.96,88.37,1781292,-0.2995656683977222,-0.2904561036432193,-0.0644701739873891,-0.1268307639833309,-0.0329826003280874,-0.0040786568382293,-0.5562304531902811,-0.0634833785998068,-0.5447609671079464,-0.4512539257052941,-0.001323580019401,0.0727458363452218,-0.0053756703624889,-0.3413285016025486,-0.270997963956062
2015-07-24,PRU,88.27,89.0854,87.52,87.85,2344097,-0.3993441193135674,-0.3901943117707809,-0.1913330306846226,-0.0817344357635857,-0.0648615026901704,-0.0863494191404921,-0.5895091760801641,-0.0812356109615857,-0.4751857772452489,0.0213657758735271,-0.0013523257567624,-0.0605689916137102,-0.3000947729200135,-0.3858016507458124,-0.1062723227849541
2015-07-27,PRU,87.0,87.21,86.0,87.03,1675507,-0.6141183054174831,-0.6054285474401714,-0.3812205398775109,-0.1798314671271644,-0.122679348053526,-0.218932421738654,-0.6851724828628029,-0.1058368038246063,-0.7648465233755286,-0.5528164849558056,-0.0013242824572027,-0.1842206319237018,-0.3998992533392813,-0.0002642111440894,-0.4326149520590878
2015-07-28,PRU,87.85,88.33,87.03,88.0,1665217,0.6609060180033539,0.661499625286789,-0.1022191821719999,0.9020138588831732,-0.1305170656711482,-0.1963508353883351,-0.6918191657513109,-0.4631162901214983,-0.048019392627048,-0.5100908171518386,-0.0011591810075459,0.3814734191849337,-0.6147294682285807,0.1026847897722772,-0.3601521152360205
2015-07-29,PRU,88.02,89.94,87.91,89.56,2270325,1.0706691671503763,1.063217484643622,0.3323874531475646,1.0434934405062075,-0.0761520361771937,-0.018176766039241,-0.6575470156742651,-0.3737125630229018,0.1748512154769676,0.1914489863492027,-0.0011321559155297,1.225835971397674,0.6606274746074282,1.295539267676695,0.2977107604667059
2015-07-30,PRU,89.11,89.81,88.54,89.67,1912116,0.0434709525361065,0.0512216467157506,0.3547078608659068,0.7007086256023982,-0.0300875484399515,0.1029970378488896,-0.63142504659039,-0.4530613292045579,-0.053589343872739,-0.1341599101879857,-0.0011531657386027,1.288664144785762,1.0704975198948026,0.4484786426126161,-0.4109637874569845
2015-07-31,PRU,89.39,89.71,88.1127,88.36,1913792,-0.9425313293585788,-0.9359986189410692,-0.0384874600651631,-0.2845298346523244,-0.0462994148756308,0.0396378173817706,-0.6304797523166424,-0.4102309551890337,-0.1358284932255772,-0.1542228833075001,-0.0013295291459662,0.5404377162548893,0.043031337004842,-0.8968651437093266,-0.084755832272011
2015-08-03,PRU,88.54,89.39,88.26,89.14,2151914,0.5165882626170553,0.5193924790809955,0.1693624352542313,-0.0513745886890124,-0.0298026374720254,0.0731419271836752,-0.6217335479638156,-0.4092319995461908,0.1060812232375914,0.0769131028277563,-0.0011419333146182,0.9859465820976993,-0.943228166259144,0.4856675365215218,-0.5348377992692789
2015-08-04,PRU,88.96,89.96,88.96,89.84,2265383,0.4559048572063786,0.4595410585063857,0.3347321369328794,0.1916138587115221,0.0090200021625115,0.1574116000764881,-0.6081520177018476,-0.4119166462644973,0.311946046058244,0.2547724414439612,-0.0011403367971275,1.3676142645526848,0.5162720706159118,0.7210482304090534,-0.6636651807110714
2015-08-05,PRU,90.04,91.27,89.75,89.86,2658012,-0.0191362840359933,-0.0109970904373079,0.2652865733635622,-0.0696888449376048,0.0384351403107801,0.2006125915116024,-0.7822237227389807,-0.6595149724849445,0.6978629936255976,0.6446940237858969,-0.0011268670618103,0.6234563802009443,0.4555728345434606,-0.1773529938675374,-0.1815964788780477
2015-08-06,PRU,91.35,92.599,90.345,90.66,3639770,0.521270927779171,0.5240085401535235,0.4276442470935327,0.495382395439412,0.0904920775879586,0.2934529858476472,-0.8773829922836476,-0.6657410253359058,0.6789014289689052,1.510321420532307,-0.0010904359297268,0.4661265168388907,-0.0195922321046311,-0.5969868492752232,0.4807067268286617
2015-08-07,PRU,90.63,91.25,88.91,89.41,2427111,-0.8913960747439897,-0.8844113537896842,0.0277666570573421,0.0512738082256828,0.0799354514563332,0.2065590669706254,-0.9193487490448304,-0.6821788107126373,0.1771593427848163,0.2873855015678321,-0.0013389675835727,-0.1635487251376383,0.5209559573589174,-1.043343781305589,0.5898371614632486
2015-08-10,PRU,90.61,91.92,90.53,91.68,2062754,1.5476520401803109,1.5275759417242911,0.6512076570612889,0.5699709107432098,0.1573960273333728,0.3635986946570435,-0.7809193364180329,-0.5339017200516876,0.3413562183415842,-0.0432679375762018,-0.0011579609392,0.9799415142917436,-0.8920795718374844,0.8658632319696331,-0.3277572072964051
2015-08-11,PRU,90.21,90.69,89.02,89.45,2369097,-1.5473440319460048,-1.5494406684073774,-0.0162890854145253,-0.038664307530527,0.1278511080467036,0.2138000943132208,-0.7807155089211154,-0.3272853795633312,-0.0516393760470854,0.235395848271148,-0.0013371585389727,-0.1433991173943861,1.5476048248758454,-0.66282421876233,-0.0353794067337856
2015-08-12,PRU,88.54,88.6,86.23,88.48,2720706,-0.7081251249256041,-0.6998726572660411,-0.299093316474127,-0.1663424424964625,0.0638296567984954,0.0052192142693941,-0.7770238146396313,-0.2915555948478648,-0.2005995241791336,0.613145156115051,-0.0013549977414797,-0.6320271051681723,-1.548198648148288,-0.0775149595922117,0.6410205425303325
2015-08-13,PRU,88.77,89.6,88.42,89.27,1628825,0.5228792917570332,0.525593948099418,-0.0625212412868051,0.0979703382226373,0.0420028214606539,-0.0530372747764618,-0.7798343948657704,-0.2951277623131171,-0.2101274900319664,-0.4417628346660259,-0.0011726493355182,-0.2340723522390098,-0.7087608115773473,0.3992314110721237,-0.4896972172010551
2015-08-14,PRU,89.43,90.11,89.01,90.1,1955604,0.5458565515917427,0.5482388241515063,0.1620791053158556,0.4309864388038188,0.0550394700779894,-0.0099044584739839,-0.7653446325198076,-0.2953498944984344,0.0542442800592785,-0.136338273230902,-0.00116066494716,0.1840320084334044,0.5225647409155092,0.5397093471384026,-0.573843930526437
2015-08-17,PRU,89.25,89.77,88.56,89.31,1426431,-0.5788767270014965,-0.5700601289193714,-0.0802444181749255,0.0788640584224522,0.0322126923555119,-0.0677100474555941,-0.7696878015141156,-0.2707441727732316,-0.0581354642971386,-0.6595611552752695,-0.0013008338476443,-0.2139227444957577,0.5455479948968307,0.0244745652196701,-0.4621956977164211
2015-08-18,PRU,89.38,89.67,88.94,89.13,929126,-0.1584741166128309,-0.1496951129761219,-0.1393966473403084,-0.2862250389625507,0.0052812741169082,-0.1245197926695836,-0.7737350931121713,-0.2691283945879185,-0.0979430662983417,-1.1327884825604946,-0.0012813792802038,-0.3045959793403814,-0.5794786962364503,-0.2376383934381453,-0.9087386045042491
2015-08-19,PRU,88.5,88.63,87.081,87.7,1982671,-1.0318627952447514,-1.0262229900219606,-0.5449667430305623,-0.5934808580014685,-0.0731930364449386,-0.3026381063897431,-0.7395006709548474,-0.1977424278049118,-0.3412333102115466,-0.1260463856747487,-0.0013263941693928,-1.024944456161527,-0.1589664141593035,-0.7092705410057366,-0.1193171614708284
2015-08-20,PRU,86.88,86.9499,84.88,84.89,3088917,-2.0278088751042107,-2.041129888403321,-1.3233974706008924,-0.834041037638639,-0.244847504772375,-0.684976879393933,-0.495364740299891,0.0440425995202181,-0.7458315080904294,0.8535232058612584,-0.0013771406693992,-1.8769962927798003,-1.0325829363124557,-1.7568420166618606,0.4408029047476645
2015-08-21,PRU,83.75,83.92,80.71,80.77,4108599,-3.0545900410979154,-3.1051721030624813,-2.4435836535411664,-1.474110707505777,-0.5385185385586716,-1.304916436820162,0.123133145738236,0.4901704151597241,-1.3510941448164615,1.65846769072998,-0.0014306201815684,-1.864526698762388,-2.028788831609582,-2.714606936265953,1.7208484149548395
2015-08-24,PRU,76.0,79.58,74.65,75.91,6497709,-3.779115422067309,-3.867147919305005,-3.7410217660880254,-1.9467418061039796,-0.9532311967610472,-2.1124271403231387,1.0682836341232087,1.0168942730977142,-2.044007234028004,3.2430885786832198,-0.0015614718831563,-1.6479489083106411,-3.0558378570822544,-0.1157857701235784,3.821275697951352
2015-08-25,PRU,78.75,78.94,74.05,74.22,6009904,-1.4190595837261504,-1.4188170728681264,-4.070268573116728,-2.03079119400819,-1.3347153537380476,-2.6729061129872687,1.883588443928369,0.9969756117953154,-2.467257090198458,2.4528224439441426,-0.0015757992872164,-1.8508369455081,-3.78055224715843,-4.372343049609257,3.899605783540856
2015-08-26,PRU,77.25,77.645,74.89,77.46,5314589,2.6848164265709547,2.620793594965565,-2.934756177449098,-1.6053276379251027,-1.4940062197019943,-2.549367585022989,2.2261946125529146,1.3007684695784585,-2.1517025992430163,1.7203798401847137,-0.0009079810696995,-1.2701938821993688,-1.4198807339800914,0.1790669427855092,1.3728391130175053
2015-08-27,PRU,78.92,81.42,78.75,81.12,4303738,2.9087082849214125,2.8337771855847835,-1.706161613345066,-1.0067257690175682,-1.4610577463955698,-1.955716012695891,2.314439388598556,1.6809326262164432,-1.5678337957239226,0.881708360634158,-0.0010008213922214,-0.6142822736469097,2.685065866746865,2.079789979214261,1.1517739054400966
2015-08-28,PRU,80.2,81.59,79.86,81.2,2829874,0.0284024160198692,0.0362523277926431,-1.5790670246447398,-1.304539128557084,-1.4171574245397458,-1.4526048851999174,2.399036518780137,1.670576803180861,-1.3575595046168747,-0.1495057724542997,-0.0010964095850284,-0.5999454078862007,2.909016132437182,0.9157256581288196,0.1842880020115822
2015-08-31,PRU,80.23,81.03,79.85,80.7,2209026,-0.4163583429197952,-0.4072177186734643,-1.6101905963956644,-1.18248173116083,-1.3877430204447918,-1.0874024861501177,2.467605014159684,1.64866805222051,-1.5580364957617103,-0.5665880223400572,-0.0013511926124473,-0.6895508188906346,0.027958869514339,0.4162777284102765,-0.3727091050994859
2015-09-01,PRU,78.18,78.8,76.59,77.12,2997206,-2.7948767647978063,-2.8343015214468807,-2.5312001905153827,-1.3609522113872854,-1.489847159572952,-1.1337670331254528,2.6488526482959465,1.8138458095445675,-2.2468726517753232,-0.0633561864720852,-0.0013958872406432,-1.3311255616823818,-0.4169179154969951,-1.0506820186225485,0.7969450158367192
2015-09-02,PRU,78.81,78.96,77.53,78.94,2208399,1.436267808704164,1.419450995261712,-1.8108545730896255,-1.2175956443644769,-1.4837307926277143,-0.8923009510471703,2.693782603071964,1.921156845220148,-1.9522212268136707,-0.5738742710435707,-0.0011232506435285,-1.0049618656262431,-2.7960568286016665,0.0983089036671734,-0.0816022289451457
2015-09-03,PRU,79.09,80.29,78.7,79.01,2173465,0.0222112362097786,0.0301008642123403,-1.6182366477107966,-1.3223826718058973,-1.4609834653653075,-0.6563202798237332,2.663807635978048,1.899280542131703,-2.0547293420431862,-0.5613172224475657,-0.0011299920465302,-0.9586424368604198,1.436191536261531,-0.102737625741909,0.0858304623073525
2015-09-04,PRU,78.0,78.04,76.4,77.1,2722965,-1.5380315021364448,-1.5399490515136047,-2.0377795121322446,-1.3901816537030078,-1.5025015361781675,-0.632953771186619,2.713961369738245,1.9303692288146463,-2.189526212331943,-0.1956362175676727,-0.0013784113632158,-1.3139410790828707,0.0217660745926228,-0.8980679180907958,0.1814258939595369
2015-09-08,PRU,78.79,79.96,78.28,79.89,3124806,2.2199212672081456,2.1761947278968923,-0.9775170116398928,-1.0251343257178884,-1.411033323168433,-0.2719561590252786,2.501957844810755,2.0276318076699007,-2.0561595284785144,0.0399915447994301,-0.0010789738552108,-0.7146429187433474,-1.5388836889511766,1.0284742052885252,0.1612439243281123
2015-09-09,PRU,81.14,81.57,78.28,78.49,2761449,-1.1240118460058888,-1.1194310740700306,-1.255805644499549,-1.0231881845278037,-1.3794368385846625,-0.1372668675958682,2.393211297419388,2.003934889571231,-1.966969210428484,-0.2142125517360093,-0.0013793433185629,-0.9622887113863038,2.220049428791026,-2.493807685624699,1.9020055253862476
2015-09-10,PRU,78.03,79.59,77.75,78.95,2036261,0.3318746060672545,0.3370310284980073,-0.9610982635150878,-0.7689007731703198,-1.322741209293176,0.0350893319532008,2.274103050841196,2.016654641862192,-1.7493351878433492,-0.6794809077610001,-0.0011367388986846,-0.8670755415716355,-1.1247560262725398,0.8644644609053997,0.3510089807531514
2015-09-11,PRU,78.19,79.03,77.52,78.99,1769268,-0.0014530221531259,0.0065827773850288,-0.7870382177210791,-0.389934109767646,-1.2633681079618146,0.1798660585314443,2.058983944505413,1.99617143345598,-1.8587251747441256,-0.8611804540057577,-0.0011540200335378,-0.8587961355007965,0.3315102272611323,0.7466905872497105,0.0018486210726852
2015-09-14,PRU,78.78,78.98,78.11,78.51,1543007,-0.4113206157737791,-0.4021767846859752,-0.7593902422816337,0.163709582278011,-1.2228055979829744,0.2472693014697417,1.7129799705577209,1.9678120437166056,-2.056679046467209,-1.0053826775633254,-0.0013176605008949,-0.9381825780617232,-0.0019043571362579,-0.2852526005287102,-0.6677912592202676
2015-09-15,PRU,78.95,80.74,78.16,80.46,2393613,1.5133442081548596,1.4942921310544597,0.0216985034927963,0.6474778176812613,-1.102898647702523,0.5054231192727145,1.30823331239215,2.076799791926939,-1.622811886867873,-0.4582530514099965,-0.0011232116078573,-0.5171540237255126,-0.4118788741440056,1.418689093126518,1.0810526431055438
2015-09-16,PRU,80.35,81.095,80.04,80.88,1701104,0.2919899841593681,0.2975837028158254,0.2968668290027616,0.3369334572162285,-0.9817216248170428,0.7152153185366263,0.7976733250466165,2.08729572031904,-1.5268849327299117,-0.9311848266871654,-0.0011612896953479,-0.324090172030662,1.5132880428634692,0.4720337432966063,-0.5042244123129447
2015-09-17,PRU,80.78,81.21,77.91,78.19,3472156,-2.1036454108951204,-2.11909611316526,-0.435026473622802,-0.6635914956287468,-0.9819316501068668,0.5706009055758524,0.2837246124167366,2.166157659452443,-1.760054896342494,0.1741388963088412,-0.0014041584301732,-0.8144641613058623,0.2916152005324361,-2.448687478876604,1.926067520750498
2015-09-18,PRU,76.99,77.1,75.55,75.83,4462039,-1.9121234058429155,-1.922384457477708,-1.072902221223054,-0.9619378074211554,-1.0644037406292064,0.2431682354085418,0.0403548048685475,2.155126967805601,-1.734918799591121,0.7460176356384498,-0.0014630017181864,-1.281805000381559,-2.1046451511047866,-1.1646471234763016,0.1122015093824719
2015-09-21,PRU,76.73,77.6396,76.46,77.15,2617494,1.050751939252449,1.04375145857108,-0.5733004728729003,-0.6802900776574564,-1.0672080637231909,0.1862855611853148,0.0159913027655457,1.968674271584049,-0.8257078430692215,-0.3687817035090822,-0.0011023399094364,-0.5145968481048133,-1.9130731831333316,0.3872342085276201,-0.317067547511502
2015-09-22,PRU,75.9,76.21,75.07,75.84,2486627,-1.0901318709601644,-1.0851454168616268,-1.0101157042734028,-0.3872774737203055,-1.1098884228011912,0.0381391916344944,0.0199903584085627,1.553461268194397,-0.1810200727043573,-0.3445903572687823,-0.0013696397325562,-1.0921403247692258,1.050575096129962,-0.0860412822067498,-0.338573641941703
2015-09-23,PRU,76.16,76.84,75.76,76.23,2390830,0.2871600042115569,0.2928049724558343,-0.9123143860959616,-0.6429291982175264,-1.1171821779409368,0.0107066053641329,-0.131933428895859,1.4823243555290375,0.2302590315841435,-0.3035419374944753,-0.0011148186704128,-1.2164664777611078,-1.0908672128562222,0.0431244281531949,-0.4105797306763401
2015-09-24,PRU,75.39,76.235,74.645,76.03,2864141,-0.1963386575042218,-0.1874395366202442,-0.9559806198541372,-0.6844934447290217,-1.1196234747674183,0.0012506805129824,-0.0703192378934899,1.216278788328152,-0.4386074146138106,0.1373509237061516,-0.0013891681529847,-1.2183810531606425,0.2867839605732855,0.6150568740386362,0.1515666189690091
2015-09-25,PRU,77.21,78.03,76.77,77.25,2653950,0.9660149492969172,0.9608656138668036,-0.4844855248490225,-0.163039360030577,-1.0629870376790869,0.1457510107283325,-0.134429340246677,0.8899123186921,-0.8681296449295582,0.0421123757704512,-0.0010994368323194,-0.6344355563024947,-0.1968408328869173,0.0128243817502371,-0.2319778460877031
2015-09-28,PRU,76.66,76.66,74.435,74.54,2800517,-2.2170644135519884,-2.2358837384128285,-1.2857994125382008,-1.118978726300213,-1.113615090087277,-0.0147456745465179,-0.081337853431186,1.053004117548047,-1.3720634003550811,0.1585902681171406,-0.0013864714757682,-1.8323835054414124,0.965816000581992,-2.115669336403721,0.896379503112263
2015-09-29,PRU,74.8,75.3,73.95,74.99,2333726,0.3428574164916308,0.3478890114359729,-1.0417089964559014,-0.8335182127328761,-1.1247587733447162,-0.0415109362805882,-0.0738793336402948,1.0671164518624858,-1.206636773129528,-0.21301974951597,-0.0011163637321032,-1.4276087171472231,-2.2180937417166766,0.1655930638578242,-0.0909883889286949
2015-09-30,PRU,76.33,76.59,75.12,76.21,2457795,0.9798697490307878,0.9744253348222536,-0.6146484044453687,-0.670683418395397,-1.0748819233623712,0.094142656446357,-0.0514093349223345,0.8258569359434896,-0.3407751870273166,-0.0952580032088058,-0.0011154406787225,-0.8953906757194221,0.3424959028041681,-0.1450931029213699,0.0162218691676523
2015-10-01,PRU,76.38,76.9,75.06,76.3,1984127,0.0405274233552276,0.0482977833871477,-0.5403510849843999,-0.6604868064577959,-1.0217304210745315,0.2110944292903765,-0.04968856665835,0.7213643521058086,-0.6586410075849115,-0.4639118305807896,-0.0011444727586026,-0.8561286890567139,0.9796744146589778,-0.105449083099131,0.4184687727094821
2015-10-02,PRU,73.67,75.4,73.191,75.4,3182119,-0.7673634578448851,-0.7594606253241031,-0.7854262205131194,-0.7208155109777099,-1.00513708510131,0.2105557568065342,-0.0260040435908677,0.7376750166013059,-0.8385115499053672,0.4408720501345865,-0.0013948724951123,-1.0049312592667354,0.040087039936687,1.74787359883474,0.8503201043134462
2015-10-05,PRU,75.79,77.43,75.79,77.28,2204840,1.5193263773372505,1.5000970322923075,-0.1506756483075605,-0.7350041072376274,-0.9092134543887208,0.4143196318380894,-0.0268921903144481,0.76021806087766,-0.1331892854677185,-0.3049300733814417,-0.0011311610319009,-0.2590831520472725,-0.7680145981780127,1.4590002440932848,0.1772968183592805
2015-10-06,PRU,76.96,77.4291,76.37,76.71,1622098,-0.4921974065893581,-0.4831546951552167,-0.2904437486166997,-0.8987847422024161,-0.8475520822317657,0.4891402681527306,-0.0986781531264472,0.5167313541655583,-0.7520711100373514,-0.7259681598377605,-0.0013216033318206,-0.4852179505127515,1.5192717726322569,-0.2717420483873093,-0.440674648609139
2015-10-07,PRU,77.21,78.39,76.92,77.78,2222814,0.8354187675789815,0.8329047307191655,0.0854262320612943,-0.2659847613568751,-0.7496293550239831,0.6423328808799983,-0.1141368537572044,0.5081769585688098,-0.3003276333416345,-0.2179960323962831,-0.0011314337761959,0.021012849533235,-0.4927767635303083,0.5314417387642149,-0.0162266632701831
2015-10-08,PRU,77.29,78.55,77.1896,78.28,1927142,0.367222763187554,0.3719706328365106,0.2670220492992109,0.332968334276601,-0.6465897287554936,0.7780577811586226,-0.13738943970571,0.5095931130876103,-0.2921126454353303,-0.457396380520177,-0.0011499542370875,0.2282819315535926,0.8351857498468707,0.9414188264110898,-0.1429730451296301
2015-10-09,PRU,78.35,79.03,77.38,78.08,1771222,-0.19206103410581,-0.1831743300376785,0.2146556488317685,0.0265996007326397,-0.567950370053422,0.8238318327067812,-0.1687626808896015,0.510396532191833,-0.3366725448728892,-0.5858407975008869,-0.0013252017935209,0.1453742987454486,0.3668676057610814,-0.2866736918032459,0.1698494825298138
2015-10-12,PRU,77.91,78.35,77.54,77.94,1223871,-0.1446267455337829,-0.1358974136730323,0.1768085991384957,0.3471836247857813,-0.5069897771297396,0.814946235164885,-0.184846631450632,0.5043803014202339,-0.2741045541639504,-1.0299242799789043,-0.0013014556379564,0.0873389557797481,-0.192562093572074,0.0027753956838981,-0.7251948766330839
2015-10-13,PRU,77.2,78.11,77.01,77.15,1774804,-0.6640436389443898,-0.6555681795500206,-0.0356808985889577,0.0380351866383901,-0.4858644133334932,0.705302563105491,-0.3470341324448322,0.386827097233213,-0.7716588898782549,-0.5544271567923681,-0.0013297432150137,-0.2401461938124139,-0.1451154306750759,-0.0752490541968679,-0.4030550054853699
2015-10-14,PRU,76.96,77.64,75.89,76.5,1954790,-0.5575290874337646,-0.5486454774128281,-0.1829511117260732,-0.0772227531729654,-0.4907427331120113,0.5506545915799395,-0.6224205612193965,0.3829358681783362,-0.962816797516174,-0.4119431905219926,-0.0013416731001315,-0.5095960004388814,-0.6646678259268187,-0.4778994663147813,0.3151663432838271
2015-10-15,PRU,77.31,78.5,76.41,78.39,2295069,1.5051437069131746,1.4863337484973065,0.4604084426047672,0.0681990676304661,-0.4171145972763178,0.6290104796520508,-0.6101552232688475,0.308477838701735,-0.1299106381171672,-0.0800421908148756,-0.0011222208570215,1.0785224953058852,-0.5581254876460278,1.0291216586048195,0.6306737489802348
2015-10-16,PRU,78.78,79.34,78.24,79.27,2169527,0.665907809464544,0.6664189579588168,0.7008509682863562,1.052016160197998,-0.3221138263309734,0.7467079849602911,-0.5159478540307937,0.1106723796111483,0.4987729559061595,-0.0927618226624681,-0.0011335506954794,1.4050363863413655,1.5050854023324567,0.4436044281836095,-0.4348341154915205
2015-10-19,PRU,78.72,79.43,78.61,79.21,1271667,-0.0801195733899698,-0.0716621277261054,0.6441718999227473,0.9580423977760254,-0.2480234485208526,0.7870429972411902,-0.4314012160690362,0.0553541420181965,0.2246720069660797,-0.865062493573134,-0.0013042704134116,1.32566125928739,0.6656305709009419,0.4439625996615349,-0.7285603010136109
2015-10-20,PRU,79.2,80.02,79.05,79.77,1825789,0.4071567280530067,0.411419337662306,0.7658586121700032,0.8413835001940534,-0.1670377694974191,0.837059393689019,-0.3461720232281982,-0.02671690571416,0.5935744691568269,-0.3251874090005562,-0.0011523169799727,1.32118518294986,-0.0805914303520049,0.5174273574972639,-0.5779023939302542
2015-10-21,PRU,80.0,80.78,79.245,79.36,1925773,-0.3529884634405268,-0.3438373692309873,0.5717792703688053,0.6696764208502693,-0.119312621978116,0.7914604753229035,-0.2993362674608766,-0.0146031764684518,0.4355520413983147,-0.2111924566079721,-0.0013350433128482,0.8208814161580532,0.4068119883195891,-0.6307308321383583,0.0206748262800265
2015-10-22,PRU,80.18,82.23,80.12,81.4,2623828,1.5673869773250724,1.546713726732016,1.1686027865677584,1.329776136609116,-0.0028676951716367,0.9318648695306416,-0.1284559489217525,0.1043831559074557,0.8698342552521212,0.4674605604401256,-0.0011125752671231,1.1376380534344763,-0.3535315045274134,1.123261621953751,0.5689858407115049
2015-10-23,PRU,82.49,82.52,81.42,82.48,2921379,0.7930319728999516,0.7913163491766336,1.440205634953216,1.2244151492721336,0.128739658868822,1.083216211581744,0.1149737376383085,0.089795041450895,0.8268357231793069,0.734694636663649,-0.0011043073466364,1.4286256423742911,1.5673449103327852,-0.0354754531652291,-0.4798429927819246
2015-10-26,PRU,82.27,82.5,81.51,82.08,1403637,-0.3349263897955409,-0.3257841864480085,1.1720084614488742,1.2938779975000076,0.2131440512716316,1.082797674548141,0.1479968533343486,-0.2895699445547291,1.31812250518768,-0.6636530221597916,-0.0013060479715876,1.28609454418831,0.7927878975977238,-0.200801043142055,-0.5861161669651777
2015-10-27,PRU,81.19,81.5,80.15,80.51,2346137,-1.2238478811702125,-1.2205730973249609,0.5503227706154171,0.5311247405310362,0.2140828469413574,0.8676238357584349,0.0735809128763457,-0.138229855920061,0.9135972380620254,0.2626647219245009,-0.0013510509630681,0.7266599838083448,-0.3354647189751625,-0.6590941578150491,-0.1938557595039825
2015-10-28,PRU,81.09,84.02,80.77,83.96,2543613,2.634874151583677,2.573184459921954,1.5658379235277258,0.9962496473835788,0.3449314794698785,1.02987044845335,0.2724463169076876,0.1883522473436724,1.3260377959522465,0.4516271387762085,-0.0011204756479543,1.4244605333133444,-1.2246181059624612,2.6476706659483167,1.6347098333416084
2015-10-29,PRU,84.04,84.92,82.89,83.41,2503346,-0.4408321629209021,-0.4317129595091032,1.2583924645732054,0.8963134063393801,0.4204416374950201,1.0172274578681308,0.3623413908786175,0.2140340053705511,1.2010861836475577,0.3815413876982813,-0.0013579321015189,1.0149212006933397,2.6351105631686877,-0.5926852401822612,0.4369933781856347
2015-10-30,PRU,83.42,83.58,82.48,82.5,1968183,-0.7122289182909564,-0.703998823684195,0.8351717114723021,0.6926113465101805,0.4377283582419789,0.8572469401399841,0.2958108171872254,0.2077712059134977,1.215473999626879,-0.0798710423342255,-0.0013372238110966,0.5617703928707783,-0.4413981200568483,-0.8595417048660164,-0.4801124426981189
2015-11-02,PRU,82.82,84.55,82.51,84.17,2700110,1.227257564495276,1.2160457299033325,1.266193487240429,1.0941222234251249,0.5095818301046561,0.8697164039836996,0.398967182135808,0.1697788924924399,1.1419216809983834,0.6180756718550687,-0.0011084741095136,1.1667839401129447,-0.7128656755115697,1.2052085634491363,0.4285804930909897
2015-11-03,PRU,83.68,85.68,83.68,85.02,2870621,0.5957235942750279,0.5973560286213973,1.4009275651905129,1.3492074257083375,0.591464337757179,0.9055065405357428,0.4833218636237132,0.1422059036628297,1.4235180509051606,0.7025444849521361,-0.0011065814290601,1.218776626073164,1.22712676692405,1.183523221074526,0.3691761988683938
2015-11-04,PRU,85.03,85.52,84.09,84.42,2721084,-0.4723611630134323,-0.4632838460343102,1.0915456748865524,0.9931008669635278,0.6238558748036648,0.8067497434054552,0.5331664371155466,0.1546254594659009,1.0862989412845667,0.5291059554016228,-0.0013657117275176,1.0150474205097852,0.5954280465449402,-0.5683204194643433,-0.1796035881183278
2015-11-05,PRU,84.79,85.4,83.48,84.35,2889075,-0.0846196230671086,-0.0761410488492224,0.965983827306157,0.8635935732049599,0.6377240812046238,0.6800655714916491,0.5678133388763542,0.1586994800024517,0.9713497694532834,0.6278383878055942,-0.0013793621201933,0.9912790131940552,-0.4729353452140923,-0.4183767639765189,0.3057057345882966
2015-11-06,PRU,86.28,88.77,86.14,87.69,3961015,2.4322303380419834,2.379631002631537,1.8806571509815488,1.238754235230224,0.7695949889389164,0.882455155821503,0.7751420578326881,0.4047288138646404,1.6401273134947616,1.4444582845867049,-0.0010456496320546,1.1641430332147893,-0.0850926539705849,1.208361440293554,0.908236593024314
2015-11-09,PRU,87.63,88.08,85.63,86.02,3208786,-1.2186605729026068,-1.2153138609868148,1.2060234099428202,0.8005334314158116,0.7974906153396156,0.7767362390271805,0.7954829592076258,0.5137169589732639,1.3550701391784667,0.6647628302563467,-0.0013917613580419,0.7331350233134716,2.4324138853282418,-1.4144070918606084,0.7823694851921118
2015-11-10,PRU,85.86,86.52,85.21,86.32,2048786,0.1841326624769315,0.1907828852322538,1.148120006795265,0.91949548377574,0.8202532804649758,0.6789489516309533,0.7377573315022022,0.4670493326143417,1.578156998222086,-0.3243991115964685,-0.0011421385187322,0.8105616119184977,-1.2194294444662073,0.3784565818476592,-0.3265356047599541
2015-11-11,PRU,86.58,87.46,85.99,86.75,2562461,0.2771401493068359,0.2828902591196958,1.114142916855439,0.7442998372208721,0.8437929184717345,0.6027190365354022,0.5896920403958528,0.4252006486524733,1.8003287047052954,0.0799919601215251,-0.0011213221579961,0.8996063650056836,0.183729741787356,0.1220295276540655,-0.1790926250835373
2015-11-12,PRU,86.08,86.51,84.63,84.69,2371870,-1.51140016117356,-1.512813596893291,0.3599993614575901,0.1753939087891105,0.7707942760092281,0.2932472324004284,0.4491636274462696,0.5160764873655856,1.0128427589941698,-0.0810955888551418,-0.0013503585124976,0.154876788967305,0.2767614917589964,-1.2463093642032663,0.2587270542491176
2015-11-13,PRU,84.44,85.33,83.88,84.29,2081785,-0.3270474658812072,-0.3179107894290449,0.1537398008347053,0.175393908789113,0.6875779632642366,0.019369681678595,0.3276945045968357,0.5183927711246799,0.7625909017072043,-0.3180897960889764,-0.0013410055139764,-0.0229020832148248,-1.5122454005905888,-0.1605274434892476,-0.1576515081355902
2015-11-16,PRU,84.08,85.66,83.9001,85.65,1850983,0.971523247469906,0.9662569522271436,0.478003586309861,0.6685705045873271,0.6657812419502089,-0.0416393878702059,0.200856502982985,0.54460710721829,1.026581614838484,-0.5274865965404588,-0.0011521007830443,0.3758575179520886,-0.3275837396623423,1.384438714392055,0.121128851229156
2015-11-17,PRU,85.97,86.67,85.23,85.46,1487935,-0.1711049411804844,-0.1622833115943878,0.327770906754974,0.117926296331243,0.6320476222188892,-0.1211720145462428,0.0699777473707789,0.5496253357173803,0.8801157136863669,-0.8165687468445096,-0.0013132423629387,0.2877038557168051,0.971325735721228,-0.4745125544819106,-0.1870313968070054
2015-11-18,PRU,85.91,87.55,85.85,87.38,2159221,1.3657335614096944,1.350882922837412,0.7978438483061641,0.5527489121904787,0.6714402116310274,0.0034274876086329,-0.0660640247328009,0.5951595164438772,1.3167232410266771,-0.2711559551627533,-0.0011376846596924,0.9087039155402766,-0.1716005337680033,1.2664447596551325,0.0300935947241292
2015-11-19,PRU,87.17,87.63,86.52,87.4,1763167,-0.0187460916901443,-0.0106091256875665,0.7078608593600448,0.7812642995289111,0.6937529433717933,0.0591438297095996,-0.0920158493780372,0.5115671371520571,0.9150696978306528,-0.5706151738886597,-0.0011600757141399,0.914557556566878,1.365638888486652,0.1730285287244827,-0.5328759156466352
2015-11-20,PRU,87.21,87.42,86.46,86.53,1797426,-0.6527270799368633,-0.6441994863900888,0.3744600000860521,0.3048670063233118,0.6678023954573812,-0.0205119476082651,-0.1214708322798099,0.5248273426928675,0.5536739420097133,-0.5062397234270876,-0.0013245118327311,0.5790543155488981,-0.0192019379681358,-0.6154142908972425,-0.6667055599086058
2015-11-23,PRU,86.51,86.88,85.88,86.14,1423123,-0.3135997021808499,-0.3044747713535589,0.1904674111615426,0.0532978360026025,0.6230098934270056,-0.132735435000056,-0.2019948993744062,0.5238713014218007,0.5589776195422748,-0.8270184568204203,-0.0013094439039753,0.4286563109546315,-0.6533483147346401,-0.3494486801965724,-0.623819148083033
2015-11-24,PRU,85.18,86.22,85.01,85.92,1710821,-0.1920019433266859,-0.1831154128408979,0.038748793140299,0.144816356523094,0.5705798451584208,-0.2421731374532195,-0.4684412197908846,0.4338439636164061,0.819409559965701,-0.561008428827394,-0.0013249117145245,0.258639079479,-0.3141324678035796,0.6300384740191693,-0.4176455976715476
2015-11-25,PRU,86.0,86.18,85.49,85.78,1204862,-0.1344407037802951,-0.1257498725542093,-0.0323331039306817,0.1275650303606854,0.5158760284587872,-0.3355759402152207,-0.4979847243279148,0.0804223394826478,0.1508832232668797,-0.9687757451514252,-0.001302368072667,-0.1372965732368519,-0.1925029873777613,-0.219588559404636,-0.9209439394659524
2015-11-27,PRU,85.81,86.44,85.57,86.28,522022,0.329897623878698,0.3350763138831184,0.076775903091463,-0.5857855958520505,0.4849147398883318,-0.3491853237388044,-0.5579726250872216,0.0695896271875959,0.3378629030342465,-1.5569548545358551,-0.0012162928025938,0.1269467922196263,-0.1349267316583589,0.3874969793332692,-0.7509605753561037
2015-11-30,PRU,86.55,86.88,85.79,86.55,2554274,0.1618309171316069,0.1686765913658478,0.0969495533729159,-0.0168196593216825,0.4639593416833871,-0.3343178410043996,-0.7157808570809895,0.0288865112029356,0.553499117551115,0.3081790423806669,-0.0011146729601157,0.2640156510551313,0.3295327293313093,-0.0263165508545973,-0.5417394211042644
2015-12-01,PRU,87.0,87.6,86.54,87.49,2555720,0.6431744393129848,0.6440572173569404,0.3327208300143554,0.1660342841986085,0.4771499035413664,-0.234532741424474,-0.728139895191988,-0.0326286364006286,0.4118190512481617,0.3172797890216892,-0.0011202500272976,0.6385399302786325,0.161422178518908,0.3992049977503444,-0.5815935207703835
2015-12-02,PRU,87.6,87.95,86.12,86.25,2514255,-0.9153822185944702,-0.9086041713757832,-0.0644780754759014,-0.3290297284100268,0.4321251278194271,-0.3045499385366058,-0.746319841416494,0.0090023061591143,0.0449960673132254,0.2980469505311583,-0.0013580896137501,-0.1406633034507972,0.6428912702270031,-1.1906420070947137,0.1769517216343138
2015-12-03,PRU,86.71,86.76,84.13,84.53,2226613,-1.2745476314291468,-1.271999392579994,-0.5906166935321858,-0.2353002664482481,0.32332772374877,-0.5247133437746502,-0.7527254209609762,0.0954604550918386,-0.148340246952655,0.0539922352533115,-0.0013493219089806,-1.221493595398074,-0.9160719730251728,-1.925784797306266,1.001678106673231
2015-12-04,PRU,85.08,86.95,84.42,86.72,2130499,1.5799828061365888,1.5589253312042313,0.0407984743711906,0.4091518530712149,0.3179327573878095,-0.4346879733335081,-0.8071427092268957,0.2371411799773826,0.2451741748688366,-0.0004354634444883,-0.0011366224353467,0.0493057150237446,-1.2753310824171404,1.4300178128404064,0.8400918486459984
2015-12-07,PRU,86.44,86.672,85.29,86.09,1615841,-0.4852857527392504,-0.4762302595817803,-0.1266817837863854,-0.0736514408858928,0.2838944621097723,-0.4363951125292631,-0.8544972150245118,-0.1172315657824754,-0.4354491156308166,-0.4027892325821907,-0.0013202058652787,-0.1321501191191474,1.5799440250559005,-0.3322296096949964,-0.2534557678344525
2015-12-08,PRU,85.23,85.63,84.44,84.84,1943077,-0.9369633664716462,-0.9303793523004334,-0.4899295852126918,-0.3375094545063702,0.2036802904203899,-0.5566167348687233,-0.8223574126102489,-0.15584948065901,-0.3689432183904078,-0.0055192464516577,-0.0013385774068579,-1.0972206535678353,-0.4858633066163537,-0.3720304569039153,-0.4223514512572734
2015-12-09,PRU,84.56,86.1,83.48,84.08,2092273,-0.5907059499225119,-0.5819296746514856,-0.6883028573111363,-1.0618053848561524,0.1072670547148815,-0.6944901446571451,-0.753131061877907,-0.1437597701400534,-0.5485922291508069,0.1485444512395889,-0.0013496320444438,-1.4351039211633714,-0.9376587508410515,-0.4551819349253865,1.005643881065474
2015-12-10,PRU,84.3,85.85,83.37,83.79,3189784,-0.2477299973165338,-0.2387046830462409,-0.7327231094595297,-1.121203011704936,0.0175473236227833,-0.7875599068390713,-0.689841441481243,-0.1537298196427719,-0.6685972560447179,1.2452682143930978,-0.0014122510423923,-1.576465177012522,-0.5913110050822891,-0.4833914076972906,0.8753825179507004
2015-12-11,PRU,82.39,82.7,80.06,80.69,3342685,-2.3363725348239126,-2.358973597975608,-1.6233795438856993,-1.4505035603475325,-0.1752348062002507,-1.1272965567384998,-0.3521981248268421,0.0375803009407586,-0.8611385162893481,1.3196311302771473,-0.0014319379950507,-1.6158738411952662,-0.2482455793120126,-1.585219752369336,1.1354064036767717
2015-12-14,PRU,80.95,81.97,79.6,80.69,3213577,-0.0329960430517004,-0.0247793014886723,-1.5712382567325485,-1.4009103794894329,-0.3259547690296608,-1.2908185829004766,-0.1150339523154748,0.0372082538363157,-0.7947349668682365,1.10107811804198,-0.0012427088046935,-1.447367710302024,-2.337432987255639,-0.2689782450080575,0.8565362592808045
2015-12-15,PRU,81.71,83.89,81.67,83.06,3578484,1.795626448851027,1.7676182443919717,-0.8042408802125549,-0.7361814933723986,-0.3497925302780598,-1.0950436011888176,-0.0628601817203526,0.1880439844633883,-0.6115886047333255,1.3176073383256677,-0.001025307849528,-0.5038575014710398,-0.0334556067571959,1.221938374694726,0.6361828107806345
2015-12-16,PRU,83.86,84.535,82.62,84.19,3570768,0.8140010960452515,0.8118939816630529,-0.4371870202011803,-0.4748235017343683,-0.3221943491299266,-0.806028385540775,-0.0514603298038906,0.2351278842603698,-0.3857301428826863,1.1554642971738402,-0.0010415354533425,-0.0539982035896026,1.795643923373473,0.270989543862252,0.3043613996990231
2015-12-17,PRU,84.46,84.49,81.61,81.85,2970783,-1.7634130491886952,-1.7700743759617863,-1.07578693049964,-0.9049864048475612,-0.3896196144604827,-0.8194049284664161,0.0016199774389907,0.2522304027651967,-1.096941573613338,0.5707824921575763,-0.0013987673414643,-0.9855652452201944,0.8137624910210013,-2.361033094411628,1.34113394222363
2015-12-18,PRU,81.2,81.44,79.44,79.55,4189971,-1.782458306298253,-1.789559741363055,-1.672327356629261,-1.207000251494566,-0.5291687845453364,-1.01575185205922,0.1834208573408157,0.3730033207189969,-1.4865777931793789,1.458832599306665,-0.0014759268501614,-1.8383345162579896,-1.7643240319628406,-1.5615437123666174,0.5039836850388363
2015-12-21,PRU,80.15,80.86,79.17,80.05,2203388,0.358317831860792,0.3631704820748711,-1.421538701729154,-1.2950095258269938,-0.6146950102352184,-1.0337752620450091,0.3045703734180623,0.3884246358360829,-1.2673133172021385,-0.2174063624108445,-0.0011088143132299,-1.5481274147542343,-1.7833742574656797,-0.1205795392020415,0.1681520784738191
2015-12-22,PRU,80.98,81.78,80.15,81.49,2344066,1.0869486664792531,1.0791236465668002,-0.9025443349992772,-0.8895360374262518,-0.6203482040925913,-0.8426021810802734,0.3309112988828827,0.4778608334969713,-0.9602846495071966,-0.1368020731617385,-0.0011068215763351,-1.002931353943621,0.3579603513782054,0.4494973591458846,0.0756978270375818
2015-12-23,PRU,81.91,83.11,81.67,82.96,1995481,1.0900781393376775,1.0821808830891406,-0.3974654592324372,-0.4229751931332776,-0.5621911738957053,-0.5254172980612788,0.3101619246152917,0.55626519170671,-0.6734381528586795,-0.429706657527621,-0.0011324289730308,-0.44637704186612,1.086781266105442,0.942177826126154,-0.1447130355402252
2015-12-24,PRU,82.79,83.26,82.53,82.55,480807,-0.3406840297250015,-0.3315384207278634,-0.4759356111355274,-0.8719554176123143,-0.5278485472017709,-0.3329672563068868,0.2932508151054079,0.5582961804158488,-0.7204911132036583,-1.6494913257696946,-0.0012682649903516,-0.6016064758469184,1.0899115553588268,-0.245333683823718,-0.8543302310920906
2015-12-28,PRU,82.17,82.53,81.63,82.45,1074268,-0.10841462269867,-0.0998297141837873,-0.4479899631138964,-0.8032483342159252,-0.5004940865917051,-0.1969946421046608,0.2493556288097002,0.5469215639484892,-0.8194181255965515,-1.1720502489651732,-0.0013003397329652,-0.6394673134032091,-0.3412238609174011,0.2311314209712721,-0.6815995408553737
2015-12-29,PRU,83.13,83.546,82.57,83.21,1625366,0.5408803486877708,0.5433353084023521,-0.1566705550003775,-0.4719993218688729,-0.445466281983944,-0.0169858396787818,0.1703382323485547,0.5657488159523255,-0.7342369195714182,-0.6995353753632692,-0.0011536642106637,-0.3517249479753883,-0.108893861074989,0.0463905682701166,-0.6137890039095061
2015-12-30,PRU,83.0,83.12,82.01,82.17,1122847,-0.811127986309974,-0.8035203228529083,-0.4013552443299745,-0.5152313343289854,-0.4394170199391347,0.0009512768516492,0.0177519418703702,0.5518222273049601,-1.0605212226305891,-1.0872108508913827,-0.0013023109059809,-0.7454776585608288,0.5405704938358987,-0.7818344024592964,-0.4655072538124307
2015-12-31,PRU,81.73,82.45,81.14,81.41,1218864,-0.6088279585795043,-0.6001178708310995,-0.5663324610322816,-0.5847279096636826,-0.4609162000368225,-0.0556082457629609,-0.0627358921921425,0.5351350884577927,-0.99162651108989,-0.9762016005114482,-0.0013088275749349,-0.9242119569885324,-0.8117905436267588,-0.3221267949675421,-0.2502536920304335
2016-01-04,PRU,79.55,79.88,78.37,79.84,2918118,-1.2336485288982475,-1.2305108619436944,-0.9920237037430168,-0.343682299092281,-0.5352686904993114,-0.2368993748842443,-0.0102594306141497,0.5308701059741325,-0.982334600736374,0.4750004540915322,-0.0014048690153689,-1.3117751791842858,-0.6094377412819726,0.249107933074212,-0.0151127596942767
2016-01-05,PRU,79.85,80.34,78.83,79.57,2137772,-0.2435380035303664,-0.2345213925401826,-0.9678866187026104,-0.389475968801294,-0.5996038745872245,-0.3561479040171882,-0.1123030980143072,0.3594021803933105,-1.378372118718112,-0.1989634320086682,-0.0013688771096649,-1.4008140060480951,-1.234421310414832,-0.2912445388938172,-0.0097642991300391
2016-01-06,PRU,78.06,78.29,76.37,76.92,3137694,-2.1064382872546923,-2.121969296040449,-1.676053255666464,-1.2696932015684914,-0.7479565544839669,-0.6678063152066053,-0.010989304624991,0.5203836230265511,-1.7318358657679538,0.5788931479915914,-0.001436710697066,-1.6933994095462817,-0.2440524919478672,-1.1296862034671509,0.488947156368379
2016-01-07,PRU,75.05,75.96,73.49,73.79,3963252,-2.5663769241040963,-2.5969613079700955,-2.5195748234730213,-1.8241381145343056,-0.9791197028897004,-1.130285764549927,0.4244748582865539,0.7285278973477928,-2.0803290498739058,1.1361774485744922,-0.0015061714266418,-1.8022183711946684,-2.107438756050382,-1.2947409253008544,1.198375546268316
2016-01-08,PRU,74.9,75.42,72.855,73.05,3584645,-0.6573482282929043,-0.6488416717115061,-2.5973123503583477,-1.701733262728789,-1.1795404615239045,-1.4211389419710805,0.8151321451310746,0.7295540166357702,-2.094125869637888,0.7495802378492582,-0.0015059974496065,-1.831420876838584,-2.567497378469938,-1.8924153832560693,1.335018382689655
2016-01-11,PRU,73.42,73.828,71.74,72.89,2810288,-0.1693586166283222,-0.1605427279922718,-2.4880461661462165,-1.4971967954426342,-1.3310251676810816,-1.5278609272474506,1.1117298917240184,0.7313282852967906,-2.0780079170110115,0.1622054769365504,-0.0014707563390324,-1.5825291417905312,-0.6579706686234974,-0.5717053568345649,0.7960504170443716
2016-01-12,PRU,74.02,74.17,71.95,73.12,2694175,0.163455440343457,0.170287143880851,-2.2990084944576097,-1.575183615797442,-1.4272695583579404,-1.4710508943629854,1.3845082790078571,0.5670390329195526,-1.5453079058888195,0.0980270438335749,-0.0010045105904139,-1.522774413098715,-0.1698537536469233,-0.9449413366479288,0.9389921198092568
2016-01-13,PRU,74.9,75.67,71.18,71.82,5032225,-1.139881283042848,-1.1354970647156886,-2.594675556148031,-2.141820150698002,-1.538665611364303,-1.4646029860615175,1.7010610488088995,0.5917886036499534,-1.781923525839776,1.8189049542074784,-0.0016524518287751,-1.7220009369558489,0.1630471255249955,-3.1331189312851544,3.6189303115543208
2016-01-14,PRU,72.16,73.06,70.27,72.07,4165776,0.1837194870881557,0.1903734026433015,-2.3454831317140403,-2.588871007256145,-1.6003570975767951,-1.3315059601379156,1.8790513088178251,0.3604885036845756,-2.1107129141549827,1.118473745534038,-0.0008447626186365,-1.4618477016606504,-1.140629603217083,-0.1205468815702648,1.6349976906810229
2016-01-15,PRU,69.18,70.48,68.64,70.17,4430412,-1.6743207446931394,-1.6790046263317022,-2.768669437717365,-2.6436710296346573,-1.7060535590986563,-1.33829638831663,2.0690782734310127,0.3346481290169659,-2.6132000076429485,1.2659408666237544,-0.0016128593831366,-1.5604196463040545,0.1833164586122787,1.054866844763572,0.594042793884244
2016-01-19,PRU,71.24,71.55,68.8466,69.29,3426126,-0.8137723434471476,-0.8061835195128475,-2.875584424553326,-2.668194601674022,-1.8053370590792528,-1.327221878249051,2.3403947154860005,0.2592204516435243,-2.4211490566200933,0.4942263661988836,-0.001573006748919,-1.7363465260695703,-1.6752084856908942,-2.0943398672908096,1.6602806408578246
2016-01-20,PRU,67.15,68.22,65.07,67.36,5075935,-1.7671281309757432,-1.7738748265183035,-3.3486602153756984,-2.96713403059712,-1.9393172130623515,-1.4076708603078802,2.741554532145406,0.2571059557400987,-2.417999119776608,1.6564894514686688,-0.0017981647320392,-1.4692885115570704,-0.8144355906053012,0.2099585777187196,2.3059995307461505
2016-01-21,PRU,67.75,69.35,67.6,68.13,3663231,0.6786828297794324,0.6789815975349156,-2.9035025422632,-2.6900541399448143,-1.993905255945597,-1.267676118688568,2.9998751471541936,0.2944604635188205,-2.3544059972908653,0.5580077959179736,-0.0007415378509167,-1.3307509610141657,-1.7680400829144045,0.3974425393443439,0.5493850914399608
2016-01-22,PRU,69.43,70.3,69.0,69.87,3497242,1.557037499404296,1.5366781474728526,-2.1194674479721893,-2.1297194595047126,-1.947929497120851,-0.896830830963903,3.0559117593346,0.3873282080056103,-2.261693484295225,0.3907470457985504,-0.0008374331286231,-1.0176920805665597,0.6784089238736534,0.4524791494277971,-0.0406853282759387
2016-01-25,PRU,69.52,70.12,67.78,67.88,2669310,-1.8061961950793424,-1.8138547661235684,-2.572829218089567,-2.1532638220798748,-1.96881198245356,-0.7722465703065103,3.0824563869453314,0.3204663547595816,-2.837114928697614,-0.2070294230838057,-0.0015126242770972,-1.3757306852164075,1.556992732512697,-1.8086083756988285,1.2816520935569258
2016-01-26,PRU,68.2,69.75,68.12,69.11,2439549,1.0951328037846595,1.0871185539970336,-1.9223391251794484,-1.8196492804479707,-1.9165573367343935,-0.4843254454806414,2.9866045231336447,0.4694761444383578,-2.558600214721906,-0.4193599072501336,-0.0009694500394721,-1.1544304421413762,-1.807118338820933,0.98177911624258,0.3743192847806459
2016-01-27,PRU,69.09,70.37,67.91,68.51,2771307,-0.5735085954919628,-0.564674449315298,-1.904796393635152,-1.6595727725216498,-1.878797068444914,-0.2912968236088278,2.8413395674176285,0.4578498104859532,-2.6505636724013617,-0.2486040167973616,-0.0015253037281961,-1.262381780226756,1.0949675384312667,-0.6605622505661692,1.4012102341987034
2016-01-28,PRU,69.46,69.53,67.9156,68.84,2383890,0.2668894097950515,0.2727454407142104,-1.5443672529500714,-1.227049904405244,-1.816639476344545,-0.0740756346126909,2.5147058968192497,0.4294218675544434,-2.7037792760985497,-0.5181797357493121,-0.0009720605544329,-1.1870000486203434,-0.574109164326367,-0.700691828705025,0.3631427341919296
2016-01-29,PRU,69.05,70.08,68.36,70.08,4239152,1.0884444929482553,1.0805849643210046,-0.8856739445138939,-0.7904231870812173,-1.7006700291793542,0.2382121051706898,2.109769623952364,0.5636727694633771,-2.328367587132079,0.5418358923685234,-0.0008041930363782,-0.9230663351583016,0.2665080781060848,1.1006688034579912,0.4541423930953633
2016-02-01,PRU,69.34,69.95,68.34,69.57,3155385,-0.4860725145738969,-0.4770184373184654,-0.8619453804653278,-0.8455065371380565,-1.6119493691278706,0.4179043880440971,1.652105782297003,0.5632623322128923,-2.3034399308841174,-0.1739694523588251,-0.0015245777504412,-0.9016815070249052,1.0882774827951764,0.2242878706468064,0.3373635129646923
2016-02-02,PRU,68.15,68.15,66.77,67.23,3850116,-2.1270568127322087,-2.143184814152624,-1.500783281817829,-1.2092351346998795,-1.616788589505696,0.3208366927151268,1.3039927455235871,0.6616322598648608,-2.487083530703268,0.2070440386444169,-0.0016255172558475,-1.4110845717017482,-0.4866502736959171,-1.0462379352659337,0.119376467767022
2016-02-03,PRU,67.8,67.85,65.09,66.79,4003938,-0.4404560534544161,-0.4313364475231357,-1.4390625193378652,-1.1066653600169751,-1.6209510094194035,0.2449246091957286,0.8224490297934605,0.657594287998855,-2.526332081601661,0.2354460266982441,-0.0017045098722711,-1.448807154054364,-2.128062660344412,-1.1517929964604097,1.8526163792725676
2016-02-04,PRU,66.42,67.77,66.03,66.98,3292762,0.1441117144678321,0.1511070506166695,-1.190235851669709,-1.1210746187181897,-1.6000242435938634,0.2487740745723563,0.4866440629056375,0.5552969683253896,-2.065348793346572,-0.1735536910293281,-0.0007871242262518,-1.298273700170159,-0.4410219124735589,0.6106753143947763,0.573696927003004
2016-02-05,PRU,67.02,67.81,65.0,65.35,4615741,-1.5480841458089891,-1.5501950776454774,-1.653541888959898,-1.0866961182686763,-1.6304901725869254,0.1195697351160435,0.5067711370311572,0.3864380052650343,-1.8473045406438071,0.5542233776254905,-0.0017912866668442,-1.7722621537496217,0.1436983533936484,-1.908911018446139,1.9922692783070075
2016-02-08,PRU,64.81,64.97,62.52,63.33,3594734,-1.9574219917453175,-1.9688540985958407,-2.2485204138237997,-1.2244038144482008,-1.7160476253319137,-0.1255983702070794,0.7085338113941633,0.5032391900281327,-2.1216625940423617,-0.0208412053675826,-0.0017751946565272,-1.6765433141219723,-1.5489389550869932,-1.7516157645175503,1.632821132813156
2016-02-09,PRU,62.15,64.13,61.385,63.59,4453724,0.2226030371572164,0.2288975669475081,-1.9850157669634936,-0.9154766492085123,-1.7550846751750613,-0.2019901382270777,0.8016327038218701,0.5221612273768887,-2.041326730486177,0.4065751569180584,-0.0004263486471963,-1.36818970929156,-1.9583835862135508,1.724199468953564,2.006264688726209
2016-02-10,PRU,64.76,65.47,63.77,64.06,5123941,0.4271592899304012,0.4311693936027305,-1.6412062789671489,-0.9889835370851046,-1.7490587512486664,-0.147112233902029,0.7550358593143462,0.5413864994643168,-1.987227204583832,0.6851014470499844,-0.0005169759169366,-1.2588186681576454,0.2222101523495394,-0.8429664831018062,0.6203442333279569
2016-02-11,PRU,60.69,60.84,57.19,58.0,8850978,-5.922532528243475,-6.177871833806338,-3.750271784435088,-2.000170597588045,-1.9618593306056644,-0.6664655628793827,1.4201714813640935,1.680123549707819,-2.993543704704032,2.444467234033616,-0.0022364589845827,-1.71163756500207,0.4268197683252274,-3.375044546927497,3.653402579435002
2016-02-12,PRU,58.63,62.48,58.54,61.64,6466983,3.874232517203904,3.743959260168194,-2.1433204908461483,-1.0661664268428643,-1.9662809052059544,-0.5455842549818921,1.473538949872756,2.276904067747332,-2.2929204279464077,1.143411191655236,-0.0001116090520922,-0.8511768909864388,-5.924528512976674,3.852429369885889,3.735784875969076
2016-02-16,PRU,62.66,63.8633,61.74,63.44,4034575,1.785051774882127,1.7574008028526953,-1.3097588429334577,-0.964938240736742,-1.878981312756692,-0.2127905036229535,1.4697700632252284,2.366871542624136,-1.5760629303090148,-0.0459004796055289,-0.0007413720141639,-0.4344967539811128,3.874792243918821,0.9141621025952388,1.1980463122839236
2016-02-17,PRU,64.88,67.19,64.85,66.6,5792756,3.068129406120865,2.984985806528018,-0.0083752510551706,-0.4226002873342371,-1.6679015729509616,0.372052465932134,1.4112276149576717,2.651384979910808,-0.7376431815549265,0.7440677024501837,-0.0006330339205352,0.4920316811641886,1.7850664907576934,1.976597605680674,1.336868448932604
2016-02-18,PRU,66.64,66.92,65.52,66.14,3578078,-0.4630065122610917,-0.4539150879094727,-0.1663219147027619,-0.5174513931878815,-1.5030923748918057,0.7208272636500952,1.4050997157397929,2.580173421878704,-0.4334744320818639,-0.2906713754975044,-0.0015514659016885,0.3760132056540581,3.0684788423021407,-0.5931816856120257,0.1727704892255296
2016-02-19,PRU,64.98,65.44,63.965,65.36,3114760,-0.7672154148220567,-0.7593116370232781,-0.4210582885844949,-0.7743048203473264,-1.388863475935448,0.8696542826542484,1.3869054488253665,2.5764723176269624,-0.7645963121934684,-0.5075167515862365,-0.0015451307340001,0.179286225441224,-0.4635782540859837,0.4155067541773858,0.2894558939415651
2016-02-22,PRU,66.19,66.83,65.68,66.08,2616454,0.6528330114001959,0.6535588844685454,-0.0598658400536574,-0.6179844753854332,-1.257204070327568,1.033581721919124,1.275658799433969,2.5151273030677985,-0.964128197380116,-0.7393346603215782,-0.0009576008698165,0.3608803610223009,-0.7678665165347573,-0.1518747374031948,-0.1409306171085343
2016-02-23,PRU,65.85,66.088,64.03,64.59,3313699,-1.436816803839858,-1.4368816552333237,-0.5886963457416537,-0.5254324307488364,-1.1993734415497836,0.9746896727043474,1.2613507230072452,2.485740157015109,-0.8793029355016156,-0.4046364686895613,-0.0015701547842064,-0.0149186139996486,0.6525523619748512,-1.471954353469504,1.0641256769126943
2016-02-24,PRU,63.63,64.85,62.62,64.71,3728994,0.0826714673961842,0.0901471034660005,-0.454126885593204,-0.4577864762162148,-1.1374044254295477,0.9382281711112498,1.1765310861984293,2.442879277271734,-1.1025198940146816,-0.2278222487067318,-0.000824933259605,0.0153470752638615,-1.4376425864730102,1.2560334094362555,1.2807223978630369
2016-02-25,PRU,64.95,66.1,64.64,66.07,1959035,1.275471442623876,1.2630259953132876,0.1397786838507749,-0.3008491099353426,-1.0246544373626365,1.0397683174526198,1.1038616322665846,2.4947564788272185,-0.6905419157725831,-1.080542183696636,-0.0010519458808106,0.4087462490785016,0.0822420782206744,1.2765009915584236,0.2503236624021066
2016-02-26,PRU,66.83,68.27,66.56,66.99,3145155,0.8339238070874329,0.8314384049893966,0.5469026160910836,0.0187520676938773,-0.8905228263161549,1.1760363639987164,1.0220402928968522,2.514834461888052,-0.5621619672743172,-0.5112699255098038,-0.0009561437308047,0.6460035814638468,1.2753532227514843,0.1545645747727398,0.5360513682538053
2016-02-29,PRU,66.65,67.11,65.99,66.09,2920732,-0.8694228791275305,-0.8622571219602836,0.2666683301976226,0.1783117070822319,-0.8119787794324281,1.141969367999193,0.8085024673447372,2.4888542918995533,-1.0036546406115354,-0.5976570670090068,-0.0014839195153995,0.4372877855370851,0.8336903993604998,-0.6611102446259911,-0.1789806958672958
2016-03-01,PRU,67.2,70.345,67.04,70.31,4489915,3.9423242511531873,3.807645841469921,1.951094420624259,0.5696243124253095,-0.5786768092770656,1.513060001602658,0.8782324674152893,2.9053031274902024,-0.0112595191598733,0.1437450642604122,-0.0008366104434357,1.4340344835641916,-0.8701006440076539,3.47020207785168,2.326206173402024
2016-03-02,PRU,70.23,71.2,69.91,70.76,3166679,0.3654695646052556,0.3702381622821185,2.0553511082181406,0.5679465569018438,-0.3734643583984985,1.7376305694172252,1.1187229388479198,2.781394489736717,0.6036597422362877,-0.4882585248963494,-0.0009928533973544,1.3384790465201744,3.942901741162739,0.543845005959431,-0.0719667996867296
2016-03-03,PRU,70.39,71.97,70.37,71.87,2646571,0.943635127431929,0.9389561617509494,2.389407854631441,1.7450688210153162,-0.1669192610919234,1.9207172326335769,1.4359578100842996,2.785194174346679,0.9495715837976784,-0.7220001017969806,-0.0010511375610834,1.420387672778527,0.3651139498166163,1.562213667038512,0.2640451654775437
2016-03-04,PRU,72.24,72.65,70.8,71.47,2550348,-0.3794996606867611,-0.3703450534838757,2.1318431221488785,1.4299689434075649,-0.0204336291505701,1.912594533257165,1.6641628406680158,2.794237175632765,0.8170349543980355,-0.7582729336187988,-0.0014153948739325,1.1891572635653207,0.9434303404258249,-0.8316165864797586,0.5659531323833515
2016-03-07,PRU,70.8,72.17,70.68,72.13,2152604,0.5419347635673153,0.5443743539201361,2.2476412600065703,1.33962318987657,0.1185690754783396,1.8868354476695208,1.9065436359198464,2.712061297425568,1.3562385167652995,-0.924418717199823,-0.0010872832814026,1.331069282628195,-0.3800496178290998,1.392947209928242,0.1302604648682531
2016-03-08,PRU,70.98,71.49,69.44,70.31,2895352,-1.6039045172983724,-1.607120131912704,1.3793214920941876,0.5203647579533509,0.1536353207721474,1.5986975220970114,1.9332905255505144,2.6732293031903525,1.451220597074064,-0.5243523961314748,-0.0014406764577151,0.9397361391517838,0.5416251837838117,-0.7394709050038656,0.8386115475443084
2016-03-09,PRU,70.97,71.27,69.91,70.41,2271787,0.0555518697609441,0.0632204047580183,1.2770592988046294,0.6469665589856504,0.181571947766558,1.349835666869991,1.944083390391777,2.674855549322461,1.407649134814284,-0.8169065017469437,-0.0010754456977578,0.9612379602219152,-1.6047738886039224,-0.6224698506976775,0.018441311655601
2016-03-10,PRU,71.04,72.05,69.33,70.56,3103457,0.0996371855349591,0.1069861938513559,1.2019293591253906,0.8735139673924097,0.2055496820235014,1.1405560609329497,1.95214473052032,2.675693080270859,1.3227286679769985,-0.3210674042483908,-0.0010272013472517,0.9934906918271152,0.05511540581475,-0.5368015857226425,1.6213622805619643
2016-03-11,PRU,71.61,73.7,71.61,73.55,2992050,2.605205942786579,2.544884910404773,2.0413203075897126,1.1297429100602672,0.3366487277375837,1.24886078782183,1.5408437256351912,1.5668527482475785,3.770037619428408,-0.2375192344692452,-0.0010499089355301,1.409987773920037,0.0992122222571688,2.0204710934871386,0.776893580481936
2016-03-14,PRU,73.16,73.62,72.74,73.0,2836449,-0.4985558068072098,-0.4895255379300572,1.5951880250451302,1.3842974763832832,0.4124494687625989,1.1931676850023143,1.3653099373811313,1.2264184203219164,2.539194084166878,-0.2332576177521557,-0.0014136096244723,1.2483196321084586,2.605434614737075,-0.1915473549234184,-0.5866669657213909
2016-03-15,PRU,72.2,72.42,71.36,72.42,2322672,-0.5276489437253329,-0.5186839707697363,1.1924602741693977,1.212415983918765,0.4428942870888466,1.0318678385048334,1.2367578934985335,1.1951355044027492,1.9114198768113635,-0.5200721265478949,-0.0013918369393978,1.058857780358374,-0.4991368224830743,0.203896644925227,-0.3714770229652891
2016-03-16,PRU,72.36,73.36,71.76,72.56,2271479,0.0873591799502519,0.0948002860312205,1.126949503145805,1.086672030086216,0.4654700248246225,0.8825730833301692,1.2664847509082762,0.8887160046257988,1.1468148690455255,-0.4632896823543143,-0.001088585842496,1.100860074152774,-0.5282375490149871,0.1825054092351514,0.2464017716907832
2016-03-17,PRU,72.57,73.91,71.44,73.36,2472626,0.6534211289282152,0.6541374008443385,1.2859549887339017,1.0731892151438691,0.5073019630947091,0.8127024078776698,1.2843991659779648,0.8713360137161661,1.435741791176426,-0.289899629236576,-0.001083764566972,1.2809389961615874,0.0869310136723603,0.7961432848457172,1.2147273832454346
2016-03-18,PRU,73.96,75.4178,73.84,74.94,3792736,1.3078940775556347,1.2945990221296262,1.6885088416613918,1.4879037545646303,0.5940915148959095,0.8725259908167378,1.3045528467519223,0.856081215123876,1.9851721381956595,0.6150716892993988,-0.0010121124048595,1.3187719573851826,0.6531406329268521,0.9747752481889528,0.1633492741829681
2016-03-21,PRU,74.95,75.57,74.05,74.55,2171417,-0.3569970388409396,-0.3478446852941372,1.374944804057624,0.8769450030006912,0.6384681608542352,0.811214767650288,1.2870809910967014,0.876602085117463,1.715015096599836,-0.5098809691984397,-0.0013646018411201,1.1810513260777256,1.3077843158731544,-0.4295282128184193,0.1079129345723967
2016-03-22,PRU,73.31,74.4,73.0,74.12,2513077,-0.3920967288248513,-0.3829444307723571,1.029865926313456,0.6571568816172114,0.6475533200826866,0.6713261098037977,1.068692247255426,0.7564871116968795,1.999465563211492,-0.2432539254892187,-0.0013902616650614,1.0706730974213357,-0.3575411256569005,0.8084528664142735,-0.0171576435692458
2016-03-23,PRU,73.83,74.0,72.59,72.83,2065889,-1.1165479638985232,-1.1118761879798624,0.4000418495876472,0.0491023533490865,0.5954247848771372,0.4018521878236852,0.7302022576352846,0.8521191208940798,1.6754342245866911,-0.5187467669813935,-0.0013708165275679,0.6095523649474677,-0.3926499722020955,-1.0496374930253958,0.0221679510733791
2016-03-24,PRU,70.0,70.78,69.35,70.76,6005530,-1.802515988432135,-1.8100875593664616,-0.4458017011808526,-0.3433787595335298,0.4655832958707496,-0.0137587550451623,0.4507473509890479,0.9926022169305576,0.8750524470029907,2.085091021889532,-0.0016331397457119,-0.2261518527234352,-1.1172901970398874,0.7939599737447973,0.0929246682478402
2016-03-28,PRU,71.13,72.33,71.03,72.01,3020050,1.066813833619059,1.059449966875671,-0.0800066161877654,-0.2139961709911187,0.4055069471518197,-0.1666732392203721,0.2020890765505828,1.007105951885746,0.9330825156113466,0.0367450939272724,-0.0010142263858805,0.207587909468957,-1.803437172107192,0.90838850947458,-0.0867673521233057
2016-03-29,PRU,71.5,71.67,70.33,71.52,2563459,-0.4566377369039986,-0.4475375190630394,-0.3570760820061502,0.0893189899470521,0.333076115187135,-0.3208050537574374,-0.2635956536339528,0.9768827953410728,1.0391800919664842,-0.2670462712111962,-0.0014218957320567,-0.1354254947757085,1.0666411806110765,-0.0051831843761484,-0.029848069822014
2016-03-30,PRU,72.26,74.73,71.86,72.95,4185996,1.2118165076049998,1.200992212435141,0.1145121156468484,0.3402787522068843,0.3264929633093976,-0.274619710385765,-0.3166954940122927,0.3569189578684463,0.3839736366677121,0.8730243671069109,-0.0009299098854608,0.0471486835872274,-0.4572078172873827,0.6951162163848734,1.6874734374813118
2016-03-31,PRU,72.85,73.4,71.87,72.22,2552355,-0.656003135223907,-0.6474904194327443,-0.1769078629485893,0.1432803575826006,0.2875354879181878,-0.321002387100582,-0.3587522482184656,0.3797241253364337,0.1355524778843174,-0.2464305465841387,-0.0014141148032354,-0.3417379385815282,1.2116816818790022,-0.6796813367309981,0.1742744744304522
2016-04-01,PRU,71.52,73.33,70.81,73.25,2486025,0.8549266739731693,0.8520357964646534,0.1712918137997771,-0.2582642214603127,0.2921340284937406,-0.2459960931740452,-0.3529880587495593,0.3716157823049915,0.1145244185257517,-0.2882386251578421,-0.0010647673187503,0.2069651036565768,-0.6566252246560415,1.801208453726128,1.2758292070649904
2016-04-04,PRU,73.12,73.28,72.11,72.28,1800924,-0.857436949176217,-0.8501757809359645,-0.1947444119095313,-0.3499483690003011,0.2529909811780731,-0.2985811522702108,-0.3696649343353653,0.4039260819023835,-0.0010280185549629,-0.7552755684281327,-0.0013638461202759,-0.3097746545676569,0.8546987453270445,-0.8942528136389941,-0.2422812141515261
2016-04-05,PRU,71.41,71.82,70.87,71.2,2147103,-0.963248955316013,-0.9569116193358892,-0.5692337465318508,-0.4517558149250308,0.1757437489688693,-0.4387287155142231,-0.3441591079067337,0.4327116121147094,-0.3568363154699281,-0.5073596121023728,-0.0013937230576452,-0.8851137668173188,-0.8581115872508848,-0.2484965660303184,-0.4793320975756647
2016-04-06,PRU,71.33,72.2801,71.06,71.84,2485585,0.5266267659242809,0.5292877774319994,-0.3648167946678013,-0.3385973759281946,0.1364433902654081,-0.4531721669464792,-0.4185434876905991,0.313463808092363,0.1521137310304204,-0.2520742061039827,-0.0010578276590299,-0.5441720706693702,-0.9639511968857308,0.5138686507694054,-0.1758981988349252
2016-04-07,PRU,70.98,71.47,69.32,70.01,2895838,-1.6189120873501193,-1.622433632221875,-1.020143780497387,-0.8379373416481679,0.0312207360907127,-0.6344097818082876,-0.3863352821107474,0.4518099592916403,-0.2509114023096063,0.020739323649429,-0.0014446522553855,-1.5143131435159505,0.5263131926975702,-1.058793750145325,0.9680654332932312
2016-04-08,PRU,71.08,71.32,69.7704,70.17,3568294,0.1092877164079832,0.1165626526396545,-0.955385576193873,-1.2081624247864022,-0.0470261263386942,-0.7099646501232382,-0.3580547192007227,0.4519542904881866,-0.2486526060642423,0.4795588960239816,-0.0009743435481854,-1.4292140961574242,-1.6197853737254309,-0.9935664734211068,0.2491349204836237
2016-04-11,PRU,70.89,72.28,70.84,71.54,2115629,1.182530697336679,1.1724313597543787,-0.4233099196835331,-0.7894442658980726,-0.0561687757635848,-0.5925354901040126,-0.3644622262036895,0.14421705999693,-0.5688360867878434,-0.5245788426038636,-0.0010976253058507,-0.7005535031500272,0.1088652706930944,0.6664279879281078,0.0862108677142901
2016-04-12,PRU,71.98,73.53,71.74,73.27,2467814,1.4725449811660791,1.4546873763848962,0.1990712694963801,-0.3448374279922542,0.002940809962672,-0.3229120837455465,-0.3578570367306121,0.2684517540166662,-0.1131568350559948,-0.2599168832182081,-0.0010818810977696,0.2195799464140498,1.1823882317336174,1.327695714455291,0.4447091007499836
2016-04-13,PRU,74.2,75.83,74.2,75.77,2553817,2.091271648315105,2.0525955973058063,1.0420406579514985,0.3123074325916535,0.1448092482283298,0.105806503115839,-0.1917038301729864,0.4716214301054843,0.511892573712155,-0.2053370291909357,-0.0010853927341871,1.4122411343362724,1.472478172458111,1.5722859114356649,0.2015439965238497
2016-04-14,PRU,75.57,76.59,75.23,76.29,1904186,0.3942730542065939,0.3986949667136147,1.1593849828980791,0.8468409236022729,0.2728643850486466,0.4132261724753093,-0.0156891662712351,0.475236403499906,0.5874958962547429,-0.6640773481525624,-0.001131702591406,1.3057048235501436,2.091366248686476,0.6935099056167462,-0.1056302498516466
2016-04-15,PRU,76.21,76.34,75.56,76.01,1995615,-0.2614958529822569,-0.2524439468277749,1.0085036026611651,0.6094934830231676,0.3575121102561363,0.5474319777133589,0.1028422881974634,0.4672088071773085,0.3630486258542262,-0.5853312003956488,-0.001354570687273,1.1776758234835825,0.393924953470581,-0.2245891795397194,-0.7360960312561181
2016-04-18,PRU,75.68,76.65,75.36,76.65,1865533,0.4912131925632243,0.4943723454020943,1.2066415490762268,0.8247630491544994,0.4429810958388324,0.6569105319718982,0.2123489323875395,0.3968447550203757,0.1676444764462198,-0.6311752499146123,-0.0011337466405615,1.442878752192886,-0.2620150261177451,0.9420401035541746,-0.1887184409609497
2016-04-19,PRU,76.99,77.95,76.81,77.5,1928731,0.6574061992678146,0.6580572716083029,1.4561529806875833,0.7465397700055064,0.5362900114972505,0.7646732204322585,0.391849684127522,0.4052310312469035,0.4136809453790721,-0.576631528560829,-0.001134311230724,1.2695436778187112,0.4908903808915332,0.4741563733152963,-0.3654067441808764
2016-04-20,PRU,77.94,79.1,77.53,78.89,2157545,1.083631984342159,1.07588335726022,1.8630566548577352,1.1220525227084517,0.6556878250313152,0.9180357452221214,0.6713916913452883,0.4377597838794153,0.7776774108171347,-0.3914623526718344,-0.0011260095983366,1.3715006210208105,0.6571267428636901,0.8945738251069982,0.0672532198374262
2016-04-21,PRU,78.91,79.45,78.46,78.59,1817137,-0.2697486257563924,-0.2606822394821757,1.6457260359105317,0.914362359612442,0.7284119441435545,0.9205884790819252,0.8701939768157485,0.3591381890641205,0.9940571052870072,-0.6456351262617737,-0.0013370295852459,1.160667881294511,1.083463718735542,-0.3326981406575362,-0.5414772182679477
2016-04-22,PRU,78.81,79.97,78.76,79.58,1699243,0.7512698574902609,0.7503135422726548,1.82972379259142,1.3172260976725685,0.813929791021045,0.9555615011984236,1.0284328296576608,0.1284933418148152,1.663152880018089,-0.6195544533076959,-0.0011514043910197,1.3211481606809072,-0.2702699518174392,0.7118496028512983,-0.324140691686703
2016-04-25,PRU,78.94,79.3597,78.01,78.85,1644259,-0.6040989253583412,-0.5953710504007964,1.4427020270426456,1.4291011275010457,0.8415763821450625,0.8345803028135846,1.1298980646747463,0.141849690105077,1.2275515005780406,-0.6251580356521051,-0.0013282447399414,1.0932934637482283,0.7510148875798686,-0.1124536253978272,-0.1647524639978411
2016-04-26,PRU,79.19,79.74,78.77,79.71,1960812,0.6460389886385617,0.6468753837421137,1.5921584037346883,1.4497533964236835,0.8854295269103991,0.7795107341888836,1.2237636250285218,0.1169450888894145,1.5143301050299744,-0.3298995069119287,-0.0011374616999999,1.3617250245182322,-0.6047074743837451,0.469793163546768,-0.5771395625390959
2016-04-27,PRU,79.67,80.45,79.2,79.65,2590946,-0.0798594510295473,-0.0714032365928247,1.4466028648025977,2.105304419855555,0.9056858004114968,0.6747171388660321,1.322987820651405,0.0721891591565448,1.18139051804424,0.3019689078876445,-0.0013766972766138,1.203943870795403,0.6457565668361446,-0.0452827326445948,-0.2834008104716385
2016-04-28,PRU,78.74,79.12,77.66,77.94,2631945,-1.369609277484461,-1.3685385816129068,0.7463505646954629,1.454482969300872,0.8430268860384442,0.3774599963727453,1.2961640235739114,0.1779099415482286,0.9957335632324004,0.33485302485757,-0.001385722064523,0.6932205618082797,-0.0803312401326828,-0.7939242233003152,-0.0301530700984961
2016-04-29,PRU,77.66,78.13,76.87,77.64,2524981,-0.2726343706058887,-0.2635631797478387,0.5636522500519274,1.2086054230113763,0.7709790495424628,0.115487358460379,1.281820273583104,0.1637788237308495,0.7127135265398886,0.2361789754473568,-0.0013873641458201,0.6036199812842242,-1.370417527488862,-0.04577361630926,-0.2388060913206975
2016-05-02,PRU,78.28,78.8,77.34,78.67,1543640,0.7929413426198106,0.7912273961068198,0.8061741483752196,1.1194468321882107,0.7441427651883605,0.022283005044208,1.241876639277351,0.1190875028385446,1.130905056681644,-0.6420469918029302,-0.0011494112513375,0.9112486410834846,-0.2731564494798399,0.3500911677527527,-0.0446395923267979
2016-05-03,PRU,77.35,77.52,75.96,77.47,2347326,-0.9826546803758914,-0.9765067560478056,0.2817759797571322,0.2722329267444226,0.6662715564084614,-0.1836434946141412,1.0845091601903076,0.1218947072524716,1.1258470036578394,0.0784382239519781,-0.001379966871732,0.5528463189872584,0.7926972436745902,0.0908937170090968,0.0868965774628253
2016-05-04,PRU,76.84,77.08,75.78,76.27,4069198,-0.9973647664064708,-0.991364554640878,-0.2069196526760846,-0.1940977149713881,0.5493031414121128,-0.4490202300985993,0.9352326949948409,0.1994323686448501,0.7381663460311161,1.5096049009682144,-0.001493032321038,0.1944439968910319,-0.9833619843752442,-0.5867605584218604,-0.1708031575714748
2016-05-05,PRU,74.93,76.83,74.93,75.83,2620947,-0.3921613308368626,-0.3830090512347591,-0.4563520276848489,-0.2343206534264919,0.4326054068437964,-0.66062489172407,0.6002875349593989,0.0231300999122086,1.0534303234872646,0.2584519464458952,-0.0014199251965937,0.0048362503216242,-0.9980759078700372,0.8811518415706315,0.4968685366490525
2016-05-06,PRU,75.34,76.36,75.01,76.05,2122134,0.1476286206656532,0.1545946485154179,-0.480256769253742,-0.3457151596986315,0.3431283405286113,-0.7598430895342181,0.1904250236057186,0.0226742223811761,1.0632044122344275,-0.119282168414828,-0.0010894323585565,-0.0791190381033672,-0.3927145910670273,0.685679300803662,-0.1119003631383523
2016-05-09,PRU,76.03,76.31,75.33,75.63,1598082,-0.3768274138525281,-0.3676726463957311,-0.6913017487420287,-0.696805523203907,0.2510971249535763,-0.8457919840084931,-0.1395276924029406,-0.0204856534238954,0.6721650342123789,-0.5776056472499022,-0.0013520930892294,-0.3966798023964171,0.1472161770573258,-0.4238006237756608,-0.5114079656102017
2016-05-10,PRU,76.17,77.47,75.91,77.16,2285645,1.2264882538255255,1.2152958140053445,-0.2376458073170295,-0.6528026819525798,0.2339824940074653,-0.721717100413243,-0.3719279306949435,-0.0591520251851079,0.6122511467296613,0.0621097092508279,-0.0010798436176245,-0.306970409116846,-0.3773766738778293,0.9556483606442208,0.0936390391931189
2016-05-11,PRU,76.78,77.54,76.21,76.21,1787643,-0.7995219064997258,-0.7918329109131012,-0.566654187892612,-0.7914356986971184,0.1792685408378861,-0.7192372016823845,-0.3923048427816519,-0.2963929169830288,-0.0821914569311672,-0.3675359793322303,-0.0013630277118141,-1.1104780809151238,1.2263572555619202,-0.5871985193550987,-0.1368777276181891
2016-05-12,PRU,76.83,77.13,75.64,76.43,2050336,0.1467279859430294,0.153701537985623,-0.4945155389645569,-1.0428264047289626,0.1412412960288939,-0.6743019826328109,-0.3973576072452965,-0.3071708364552416,-0.1405256201471647,-0.1276468853701599,-0.001098455181922,-0.9779925848576252,-0.8001814361036993,-0.4196617814180151,0.0334030429607035
2016-05-13,PRU,76.17,77.31,75.218,75.4,1941948,-0.8720092397484951,-0.8648643799225739,-0.8331165956815544,-1.0990280256270453,0.0680871254133971,-0.7287699097225818,-0.3639173889141511,-0.2588845307230426,-0.2853403256658727,-0.2267084084697574,-0.0013725859264497,-1.5982655891267874,0.1463153073834237,-0.7900670375759001,0.720998081604758
2016-05-16,PRU,75.66,76.43,75.41,75.95,1736452,0.4211408352535722,0.4252275765378072,-0.6352548404226602,-1.2091107252220927,0.0297187954605379,-0.6828060963536328,-0.3392332380158245,-0.2641794781317067,-0.3016006896063914,-0.4141654819144462,-0.0011208736038044,-1.2670518489830622,-0.8726876793402624,0.2632686685022198,-0.4720654868072245
2016-05-17,PRU,76.02,76.86,75.59,75.91,1582800,-0.0657850028929556,-0.0573970200845105,-0.6223887603975458,-1.2055566858046067,-0.0039136334483948,-0.6338449178981214,-0.3052817373622117,-0.3043796305272986,-0.468788094669792,-0.5463698365791728,-0.0013490930017078,-1.291140120993519,0.4207997435960959,-0.1356390497713517,-0.1970031089104753
2016-05-18,PRU,75.95,79.316,75.74,79.02,3668304,2.5176889341657747,2.4613298195396425,0.4300362855651459,0.070985960020678,0.0891051468696087,-0.2686779428354161,-0.2997186109540699,0.0582040695634449,-0.1432755117944513,1.308623875929041,-0.0009863244318262,0.581723027819192,-0.0662531203526393,3.027587075776641,2.1802138410362844
2016-05-19,PRU,78.7,79.33,77.11,77.81,2743841,-0.986327166479684,-0.9802157857960916,0.0330325666271645,-0.1509008312389888,0.112213223617386,-0.1564933102891505,-0.3171100952899296,0.1095417762984854,-0.3132398791479854,0.4121853445375508,-0.0014182628862982,-0.1469472004970038,2.517894775292034,-0.8807141212843099,0.7864772487229106
2016-05-20,PRU,77.79,78.91,77.47,77.67,2383231,-0.145014103067135,-0.1362833399205041,0.0181056730647758,-0.4293182694778818,0.1219152498398719,-0.1012525475242359,-0.3890379577281688,0.0678568012389672,-0.5199689022138788,0.0575112201115082,-0.001405487406232,-0.2312561525335892,-0.9870354285314894,-0.1428638476698275,-0.0461863011824847
2016-05-23,PRU,77.27,77.94,76.78,77.2,1507377,-0.4097345215418714,-0.4005897657460575,-0.1135156701646839,-0.2579878506906473,0.1081640417325053,-0.1174281587389392,-0.4286864199050851,0.0580628850024941,-0.4748048724175219,-0.7109106484948403,-0.0013520800806536,-0.5142933486564099,-0.1455028892595483,-0.0947599954156481,-0.3390519212864576
2016-05-24,PRU,78.06,79.18,77.78,78.72,1639970,1.19280987660943,1.182457583015311,0.4205377079097581,0.4201818406562264,0.1536196966798603,0.0220287985687835,-0.4941369078836397,0.1242659897356189,-0.3498842263802524,-0.5833717808012627,-0.0011188351951461,0.401060987740797,-0.4102923661429438,0.6124764059210878,-0.1091439846028727
2016-05-25,PRU,79.15,80.49,79.11,79.69,1697621,0.7341571121009993,0.7335040905915061,0.7498937164523959,0.7296789855194786,0.2235455585679648,0.1965802558352533,-0.4907658110172084,0.160067536960786,-0.160101406954134,-0.5016487821423694,-0.0011199594425418,0.9645792504026,1.1926700925666611,0.4891346681808192,-0.1481015915383221
2016-05-26,PRU,79.61,79.81,78.41,78.47,2247169,-0.9861244876277498,-0.9800110843639492,0.3256086740783633,0.3439167323045224,0.226639737159299,0.1641978193242572,-0.4725489376735843,0.1071161498937228,-0.0676069055157894,0.0155261834154182,-0.0013983119248936,0.2351725101724114,0.7338976779374481,-1.1082036891906846,-0.1044218617773312
2016-05-27,PRU,78.81,79.54,78.36,79.54,1534216,0.8159411319639601,0.8137974517914558,0.6562908215335044,0.6321390347043422,0.2664349842869931,0.2327597887332763,-0.3911427875076948,0.1395634674575608,0.1919311399940693,-0.6056455345134992,-0.0011301633133787,0.8748980938169262,-0.9868326968061158,0.6735033091522982,-0.35493700101724
2016-05-31,PRU,80.0,80.0,78.69,79.25,2515941,-0.2599866248292715,-0.2509374852817488,0.5476685127365568,0.2924781730225186,0.2816174214593989,0.2242564151356334,-0.3622653206369612,0.1089551241758128,-0.0591993506199847,0.2628484343476936,-0.001420077895636,0.7015145244179427,0.8157030330426922,-0.7346145367340041,-0.2137021255583156
2016-06-01,PRU,78.09,79.18,77.28,78.82,2210371,-0.3707999058200186,-0.3616452003679857,0.3782844785092609,0.4377509274244879,0.2718963001791539,0.1533523855055729,-0.3308171699822257,0.0576589614869987,0.0884523371047295,-0.0110371726331327,-0.0014091746556629,0.4444285422056592,-0.2605054042478898,0.6799557396709804,0.4176539289751101
2016-06-02,PRU,78.73,78.9,78.31,78.73,1994346,-0.1040848958158623,-0.0955186612662715,0.3053374091895486,0.3692245484462799,0.2560030512606383,0.0807422115114185,-0.3265534079621509,-0.0096504214619771,0.3062205960471615,-0.118835313030506,-0.001402489422994,0.3906198482542581,-0.3713475934312411,-0.0263165508545973,-0.966770272587857
2016-06-03,PRU,77.19,77.35,75.29,76.12,4225191,-2.096929459427793,-2.112187596606494,-0.5836531609342431,-0.0343692509674621,0.1374092335284362,-0.2416954238595555,-0.339261699298165,0.2498832479039926,-0.1113105332508007,1.8843505119931347,-0.0016018970111002,-1.207974043176401,-0.1045630046833577,-1.0736077818651226,0.6640908388934808
2016-06-06,PRU,76.5,77.72,76.25,77.27,2131314,0.9075812444333884,0.9036437308026334,-0.2147372380069372,0.0826050548702197,0.0859943248974027,-0.326728176589,-0.3706853630992197,0.2939682494437821,0.0681258170507741,-0.0629525926489238,-0.0010345875632144,-0.5874445692344364,-2.0979274476270797,0.7341393259239862,-0.0058306546090603
2016-06-07,PRU,77.55,77.56,76.8,76.82,1551848,-0.3955703522837482,-0.3864191419851949,-0.3869629136409465,-0.0069660319724239,0.0255469763080887,-0.4180037237351912,-0.4201247836302036,0.2948136188896641,0.0636085180489297,-0.6000902000835343,-0.0013836744718061,-0.8711854060798716,0.9073670519428104,-0.7375067915656669,-0.7668113625877857
2016-06-08,PRU,76.64,77.3,76.55,76.81,1505430,-0.0411004478289088,-0.032839782251545,-0.3844862719137486,-0.7488849633342495,-0.0241690729277313,-0.4634019816514401,-0.4132606882236894,0.2094085643718467,-0.234095564687198,-0.6176616116643159,-0.0013867756019489,-0.8774907580097644,-0.396124501835551,0.1412696114272402,-0.7775542797267619
2016-06-09,PRU,76.19,76.25,74.89,75.15,2716950,-1.3785023865960315,-1.3775776204680956,-0.9286026076243936,-0.8377866029679414,-0.1291076142803717,-0.6418623320591796,-0.3529029261834209,0.2768681353682715,-0.3717512246038393,0.475495697725915,-0.0015169518989902,-1.7269657852969176,-0.041562125754759,-1.057604863846962,-0.083092781350719
2016-06-10,PRU,74.25,74.35,73.34,73.54,2490398,-1.3668009714976252,-1.3656844674003823,-1.4270792726366717,-1.0870479922818497,-0.2741704034314666,-0.887909735495105,-0.1583216666171406,0.3597331786097697,-0.7228103019044706,0.2423029073560411,-0.0015216479233247,-1.7883186863001663,-1.3793129565724498,-0.7487645975068973,-0.4467186799269454
2016-06-13,PRU,73.09,73.94,72.73,73.12,2560395,-0.3885627516375484,-0.3794095470298435,-1.5329284247165162,-1.079461503032891,-0.4027169432345227,-1.0422351167428712,0.0083826381005058,0.3338890845370818,-0.6115795080923971,0.274003984465367,-0.0015615324011503,-1.7142369605585543,-1.3676084888908298,0.0046938959208053,-0.2121876896781487
2016-06-14,PRU,73.0,73.51,71.4,71.98,2141090,-1.0036492535054655,-0.9977132350775254,-1.857134242726736,-1.7026189798638274,-0.5448716197848515,-1.200722531469726,0.2735200309254093,0.3546157234309836,-0.9351609732521952,-0.1230561499272839,-0.0015439234213268,-1.6691987927615286,-0.3891150730955761,-1.081971631178969,0.8517048978111457
2016-06-15,PRU,72.41,73.2,71.69,71.77,2980974,-0.214632440310685,-0.2056835332405839,-1.862836064781132,-2.0769813935423214,-0.6598843116495846,-1.25764946190931,0.5099179723979631,0.3537388173221024,-0.968455938066574,0.5500408521940504,-0.0017131386164694,-1.745995065903767,-1.0043620344220097,-0.6940854018793299,0.162120400104176
2016-06-16,PRU,70.85,71.77,70.04,71.74,3689776,-0.0590200241713509,-0.0506659646318127,-1.7565567898650658,-1.964222374008686,-0.7453179458560361,-1.2270550210406572,0.6747264847184974,-0.1050514288398182,-1.5205278291550204,1.1654100580425413,-0.0019438420772534,-1.3405268413594444,-0.2151393880473087,0.9227460997144696,0.4184291863639869
2016-06-17,PRU,71.76,72.47,71.48,72.19,3344177,0.3575269131005223,0.3623888092398225,-1.5109127577897865,-2.241702632890304,-0.787928078034966,-1.0923525113170056,0.8005931953631228,-0.1087076313944297,-1.2282455950421791,0.8276791030248107,-0.0003924387772163,-1.1973802679767522,-0.0594863768307678,0.4264045698115336,-0.4484031256731213
2016-06-20,PRU,73.63,74.62,73.16,73.21,2812675,0.8466714766677845,0.8439407889585728,-1.0857842176780697,-1.7666782700099026,-0.7743243818773768,-0.839897077099311,0.8521307612841964,-0.0318527500013018,-1.0108142852581092,0.3493973632185113,-0.0006952892922536,-0.8729147016426533,0.3571692262885892,-0.4572787913462116,0.070712085093973
2016-06-21,PRU,73.83,74.03,72.9801,73.72,2209837,0.4007097228856782,0.4050523747179491,-0.8512722852050958,-1.5117628445918485,-0.7366761783823892,-0.5760425817556345,0.8809220231170293,-0.012427256788398,-0.8295131197106035,-0.1910338832032697,-0.0008834752948796,-0.7106819184756016,0.8464413944636063,-0.1388818544933846,-0.404406263511285
2016-06-22,PRU,73.95,74.9,73.87,74.03,2181352,0.2288052540801445,0.2350402431770742,-0.6645082100193571,-1.3848566905743094,-0.6884001516795081,-0.3376031514974627,0.8426848395634134,-0.1277174037317432,-1.0424758984046494,-0.235240384647084,-0.0009287453409099,-0.6120698345897468,0.4003633013027077,0.0554162796097362,-0.431779322569488
2016-06-23,PRU,75.38,76.97,75.3,76.95,2905621,2.422676920555601,2.370491188142127,0.3977198156114818,0.0166873759983665,-0.5308000190930574,0.1345467592809618,0.7299662419897506,0.2383376096540299,-0.6724480336663518,0.3071175094770734,-0.000867003711889,0.424931594642725,0.2284139872633778,1.5472613571042582,0.2173731095673923
2016-06-24,PRU,71.78,72.82,70.65,70.91,6561632,-4.919786770685411,-5.086112784759968,-1.5788165922454611,-1.3057469476903387,-0.6379510242942735,-0.1691981831727778,0.8095800451025038,1.2191033867646262,-1.5824166000079392,2.843518544826087,-0.0019899839652431,-1.5909375304730076,2.4228579756132183,-0.9420319742261394,0.9590873876612712
2016-06-27,PRU,69.29,69.53,66.51,66.93,4347501,-3.527383142816774,-3.60133933410832,-2.771897778677624,-1.6237516542679484,-0.8711583459202219,-0.7366609256020431,1.1104883593970631,1.51225268174138,-2.495832361157092,1.0345956986681002,-0.0019202658548116,-1.7778071406442817,-4.921521166128652,-2.599591380970188,2.1691630955706724
2016-06-28,PRU,69.02,69.07,67.3,68.7,3152856,1.6134513851939776,1.5913612845164953,-1.9751535219158285,-1.271699732473601,-0.9767540890347082,-0.8621611132411778,1.1601943606302831,1.6644070235575714,-2.122594898211192,0.1639285678550971,-0.0005926259505172,-1.3067204989829109,-3.5287542977540274,-0.376600109987456,0.5558860093165207
2016-06-29,PRU,69.17,70.15,68.21,70.14,4230098,1.2719759219839957,1.2596211102329573,-1.3168655667942968,-0.8645751819443726,-0.9940052343922804,-0.7351637895444483,1.0818698542160563,1.75890032790157,-1.7848234330825126,0.818220246539372,-0.0005360408615697,-0.9073900345703312,1.6134213351617783,1.033177906361766,0.7137982388318161
2016-06-30,PRU,70.42,71.34,69.69,71.34,2758907,1.0321542990967716,1.0255695996659024,-0.7595809213887553,-0.4913280113506426,-0.9511816445499078,-0.4789345963458604,0.9044288937548628,1.818733850627471,-1.546031515196627,-0.2009077511468524,-0.0008753531496029,-0.4490283137199693,1.2718567902246622,0.9607275040677624,0.3362401270293372
2016-07-01,PRU,70.11,71.85,70.11,71.0,2097890,-0.32971222961628,-0.3205735718452475,-0.7920836658111802,-0.4814251196721775,-0.921695957883412,-0.3082827749548251,0.8673199114308167,1.7095016689080749,-1.1553268384924726,-0.5914723450466397,-0.0014893952316644,-0.5498509473266115,1.0319726043521795,0.932763306409964,0.4511140578082278
2016-07-05,PRU,69.71,70.1,68.06,68.74,2633450,-2.014730757795187,-2.027694422797163,-1.4603300581419638,-0.6136516306244992,-0.977697910519688,-0.3918050297705119,0.8327667032992818,1.7584890610021588,-1.7887564552317554,-0.236159524175074,-0.0015825807451062,-1.2104498595937954,-0.3302491985623142,-1.0776037636742195,0.8819864392707628
2016-07-06,PRU,68.13,69.18,67.51,69.14,2368284,0.3292852342167277,0.3344708093023827,-1.1819109305999456,-0.5308110997632738,-0.996546184861032,-0.362989905278184,0.75114712252579,1.7737963307752511,-1.6357495388934835,-0.4404573526716157,-0.0008944044039828,-1.0710527904883709,-2.015707302572914,1.093708445653184,0.4216821003389592
2016-07-07,PRU,69.17,70.47,68.5603,69.04,2406093,-0.1230423801916729,-0.1143966031269283,-1.0820154245506957,-0.5388287439709082,-1.0055242234933193,-0.3145319888815189,0.6167653491372364,1.772417846932755,-1.6531492548489912,-0.4390740677939742,-0.0015571151100365,-1.0772703483729809,0.3289201799134132,-0.1683106533681258,0.7139489676761775
2016-07-08,PRU,70.25,71.33,70.0,70.99,2057571,1.7254508445819512,1.6997817510015445,-0.2922299423117294,-0.3348531091320393,-0.9269072343696106,-0.050297562234955,0.5042216931645337,1.860167543318616,-0.9804649203888056,-0.6564778168773981,-0.0009394935549802,-0.457561553151869,-0.1235254345549133,0.7695314351773949,-0.0299301433864733
2016-07-11,PRU,71.76,72.27,71.4,71.81,2054794,0.6861417333792725,0.6863153207817594,0.040902231382853,-0.3605791542581383,-0.8245226429820327,0.2222673781593675,0.4636566921098098,1.833068356652921,-0.5129723354448408,-0.6482038253746826,-0.0009697275023466,-0.1969660597768335,1.7254500121842682,0.026325439920532,-0.5816240307885068
2016-07-12,PRU,73.0,73.91,72.88,73.49,2639241,1.4235351224908566,1.4070788537684062,0.651674048935624,-0.2158724464810053,-0.6712233521194848,0.5713728904464361,0.477289840509283,1.89733384151086,-0.0931604382004846,-0.2535045652461206,-0.0009234827341373,0.3369369022598173,0.6858697733000222,0.4808118700855387,-0.4232590603537067
2016-07-13,PRU,73.29,73.78,72.26,73.1,1678188,-0.3633897649791117,-0.3542359397531829,0.4872357672769801,-0.2973408398714644,-0.5603183935972432,0.7415350186342625,0.5004309906989418,1.8685753610919915,0.0610439652710283,-0.8966615350621419,-0.0014247524276239,0.2129951432155939,1.4234555284342243,-0.2221800954103377,0.1416187267187929
2016-07-14,PRU,74.9,75.499,74.56,75.02,2698235,1.602235584817937,1.580493424738871,1.1299921766492358,-0.4231028141364588,-0.3940167640626076,1.020254798738048,0.6108496859518663,1.9385093372569169,0.4975820712514122,-0.1902726028119228,-0.0009294673223852,0.82316995697177,-0.3639355194846926,0.0947276977335958,-0.5481745145843169
2016-07-15,PRU,75.57,75.71,74.71,75.11,2104936,0.0416936846858698,0.0494562693882785,1.098354672299031,0.4857588201506636,-0.2574084135135726,1.1668006338705137,0.7105558883354005,1.937617711329868,0.5224264776192646,-0.5578856112026729,-0.0010231278536653,0.8517719013665915,1.6022026088862915,-0.4862056758223856,-0.4817398326592692
2016-07-18,PRU,74.88,75.86,74.54,75.4,2086728,0.2073824801088334,0.2138205424972943,1.142881953633611,1.5144955765961812,-0.1378393916408797,1.2401783632890693,0.8116896908417824,1.936197430660318,0.4855750513104427,-0.5376480534105739,-0.0010409874782058,0.9439337221943492,0.0412536055134166,0.4983486238708994,-0.132306204985878
2016-07-19,PRU,74.78,75.31,74.54,75.17,1541868,-0.2229078285248192,-0.2139381663562899,1.0216625341656294,1.2651097768843744,-0.053214590405984,1.2089347244535371,0.8793077544090864,1.9220358866722096,0.2257157433064913,-0.9051720024587878,-0.0013816595892235,0.8708398642964729,0.206985624668839,0.367708538909823,-0.7376261254891159
2016-07-20,PRU,75.61,75.66,74.82,75.54,1836792,0.2734489998440587,0.2792374418835153,1.1217429901350782,1.1324877436775045,0.0264121549690384,1.1710749036414063,0.949943981805332,1.9199060297327144,0.195104712297162,-0.6779817329167743,-0.0010684555473108,0.988425635697404,-0.2234169350867591,-0.0962626553544306,-0.6645788398121816
2016-07-21,PRU,75.73,75.93,75.12,75.43,1279470,-0.1236550862717607,-0.1150068344217528,1.05510527191851,0.9115394891325804,0.0825401933304413,1.0803017796598453,1.0030982448255203,1.92004969767319,0.1102640921036446,-1.07646871960257,-0.0013569189260216,0.9534677036592896,0.2730693793750003,-0.3256105631105171,-0.6963736670171145
2016-07-22,PRU,75.75,75.86,75.131,75.76,1183893,0.2393777124107183,0.2455098023167492,1.1977827328404471,1.092992798573163,0.136737066692,1.00271249500926,0.9277859363368932,1.731935405318339,-0.3945983782616057,-1.1189503000158905,-0.001132494636291,1.3828882148929678,-0.1241383004734718,-0.0163427178301077,-0.789377140635324
2016-07-25,PRU,75.52,75.76,75.06,75.54,1366628,-0.2137875986177918,-0.2048408723610158,1.0298277244646783,2.062197460558681,0.1674043675394468,0.8800763526900053,0.9897603455799572,0.7915856887735393,0.7914671240414168,-0.8568647984843867,-0.0013650751326928,1.3052534019166042,0.238989203662831,-0.0063081331743779,-0.8190363493574576
2016-07-26,PRU,75.44,76.0,75.44,75.89,1037987,0.2554645490121378,0.2614366742329587,0.9874319681768212,2.05826966364079,0.2014643991990325,0.7907002695404917,0.8078071840528511,0.0404221683819949,1.798629186314777,-1.0733306683709338,-0.0011454817396718,1.4008488706849926,-0.214294325958032,0.4243502482203196,-0.9763432529383562
2016-07-27,PRU,75.77,76.17,74.9,75.42,1841658,-0.4185709228030777,-0.4094318367238779,0.6931765828385575,1.8498469078205677,0.2058905554727738,0.6429223179134801,0.694074610423028,-0.032480339571632,1.269111300116064,-0.267701164750417,-0.0014093759416669,1.154987741444402,0.2550802368855102,-0.3753085636058721,-0.1879442758926424
2016-07-28,PRU,75.29,75.94,74.71,75.77,1185667,0.2559235157457241,0.2618910169764948,0.7145410725328114,1.659280901058431,0.2189526967918978,0.5469288334535264,0.6531505761854085,-0.1029048119218377,1.011383526310181,-0.8108843891224752,-0.0011285522525821,1.2893368797936924,-0.4191310725826206,0.4553524208152771,-0.2384235847295625
2016-07-29,PRU,75.07,75.9,75.01,75.29,2558224,-0.4273982866747307,-0.4182661254593657,0.4708169478824968,1.219456876481339,0.20633914630812,0.4040452571820501,0.6325532729629993,-0.1277698774639141,0.6456975750620786,0.6306785227277334,-0.0014792846263973,1.1050866329146665,0.2555393233511234,0.19509536782536,-0.6061550223295922
2016-08-01,PRU,75.59,75.84,74.56,74.85,1993428,-0.3968363472006583,-0.3876855818312082,0.2444181933476401,0.4744385092982283,0.1753093425699358,0.2423352773167409,0.5730985269972273,-0.1231809847745226,0.6289063692393908,0.0457694601086267,-0.0014442328953937,0.9361905732755512,-0.4279607392751332,-0.765942440770572,-0.1661228333426263
2016-08-02,PRU,74.9,75.325,73.2,73.97,2657444,-0.7649542661478721,-0.7570360951124102,-0.1612469913855646,0.2035624122979904,0.1130853277284683,0.0326739310409844,0.3107053926803687,-0.4118258560815481,0.9499314585053524,0.7402200021333726,-0.0015323964137236,0.598398453997332,-0.3973908270163479,-0.9644094774131776,0.8028808554202167
2016-08-03,PRU,74.29,76.51,74.25,76.15,2733225,1.8018359394669112,1.7736171810759356,0.4840001961004076,0.3013536238899045,0.1461863373909196,0.1103098261098457,0.0591765907534266,-0.2248519568121344,1.321570087075773,0.7927844702949975,-0.0009100354811389,1.2923440963594213,-0.7656047779879438,1.8652747857785192,0.8820883355935197
2016-08-04,PRU,74.56,75.0,72.25,72.84,4007394,-2.7391563072709326,-2.7763413777474653,-0.7484404770224624,-0.8571579187200618,0.0399948139972239,-0.1861180400542235,-0.3006937333759981,0.3084267863205666,0.6408789044252202,1.951050641660897,-0.001678257830418,-0.4311222067032658,1.8018550338777777,-1.7691957149641522,1.5551253405198928
2016-08-05,PRU,73.93,76.21,73.93,76.03,3533767,2.6935709478937246,2.6291353639790427,0.2834523323152157,-0.0452083635022951,0.0787774904122173,-0.0500992383529846,-0.5096221306020992,0.5148033794265833,0.8752080703242604,1.355085561421105,-0.0007871403598443,1.1306268660926102,-2.740321835112101,2.119750659168217,0.9079153334824892
2016-08-08,PRU,76.36,77.46,76.16,77.3,3486165,1.0069580227538326,1.0009281082393695,0.629630056196765,0.2608904868711577,0.156000277842846,0.1576599870305303,-0.6090784917605017,0.5354704090825246,0.9553354281688884,1.198822206531733,-0.000856649518224,1.3407925629432147,2.693822671887841,0.9037342355629208,-0.1897311829491945
2016-08-09,PRU,77.27,77.645,76.93,77.48,2411337,0.1119773948492657,0.1192314226999024,0.6208536289046062,0.2264180933137973,0.2200511543030068,0.2899630952487376,-0.5753277581993725,0.4570831909065586,0.6299013681287221,0.210777274898593,-0.0010082860429183,1.34121240304034,1.006769754981144,0.1790137828285825,-0.8222387881339983
2016-08-10,PRU,77.46,77.62,76.07,76.18,2777636,-1.0775939876587155,-1.0724622151112346,0.1139499967800178,-0.0411781366226234,0.2154696756899017,0.2191470813443033,-0.6753510894359697,0.5179288473336968,0.4513270518806818,0.4888942913632452,-0.0014917094465572,0.5402048036566077,0.11155565079885,-1.274783953454658,0.1043748633827078
2016-08-11,PRU,76.21,76.9,76.02,76.51,2303027,0.2366961645425627,0.2428545208674998,0.2024405648255485,-0.0411781366226234,0.2205872467795827,0.1874594571903184,-0.662216488101957,0.3994977629182621,0.1242180487185794,0.0749609425225718,-0.0010159054305003,0.7435375019617086,-1.0783260587595935,0.2710923921731139,-0.6327569647944818
2016-08-12,PRU,75.49,75.8,74.85,75.52,3057298,-0.8385829875503721,-0.831176506174871,-0.1484429839697122,-0.1927398989455431,0.181888052576336,0.0493257582918908,-0.6672203114811313,0.4373533446294814,-0.0873080600507803,0.7093243689162039,-0.0015210467235799,0.1335394070463977,0.2363069562512492,0.0037080027924311,-0.5429417979712436
2016-08-15,PRU,76.33,76.96,76.2,76.71,1945540,0.9480297067272728,0.943258989369028,0.2416150819440765,-0.0430942330194875,0.1941180509134983,0.0699096640457065,-0.6450137728560174,0.4802254453930373,0.0876872395315016,-0.2864494503097788,-0.0010458417657956,0.8667694403284297,-0.8392527071355848,0.3498091973568303,-0.7656290346149871
2016-08-16,PRU,76.48,76.95,76.2,76.73,1986444,-0.0167639905165362,-0.0086383778068909,0.2211461129769314,0.0505987519281957,0.2005891191136746,0.071553401613924,-0.6304418452241389,0.4769868459744086,0.1373124243540594,-0.2671522430458187,-0.0010550168129312,0.8790926341651092,0.9478260661482352,0.2206492740684872,-0.7767058297151815
2016-08-17,PRU,76.75,77.15,76.6299,77.04,1986752,0.2185351914662156,0.2248684412442944,0.3021540763370831,0.0438611818893738,0.2137575293035674,0.0901072346578627,-0.6012133646594212,0.4758331232675697,0.1241542956870587,-0.2727561240594324,-0.001066879042034,1.0701021386335392,-0.0172193197178563,0.2591559924227549,-1.028686555352905
2016-08-18,PRU,77.02,77.135,76.3,76.53,1793223,-0.4451403722868438,-0.4360259429287915,0.1064147550241967,0.0379370925637992,0.2001192280953936,0.0359502874216128,-0.5962333591010905,0.4860530788796738,0.0466978410888579,-0.4632319523377349,-0.0013919554321126,0.7558606957983789,0.2181412454674462,-0.5069757916833425,-0.6820122894671299
2016-08-19,PRU,75.7,76.34,75.2,76.18,1586240,-0.3177250790441518,-0.3085962349909746,-0.0219411670245613,0.0557759649176951,0.1718590812366052,-0.0450116493626218,-0.5951197007406327,0.488682044612278,-0.0860573246111939,-0.6578850322714022,-0.0013822317510123,0.5402048036566077,-0.4457074533182745,0.4527436456715046,-0.3441648087407097
2016-08-22,PRU,75.82,76.2,75.503,76.07,1428191,-0.122893445583133,-0.1142482709898095,-0.0691611547134951,0.2170099256724369,0.1418028373491091,-0.1144043216227838,-0.5975729445909116,0.4871747391163955,-0.0644339096715658,-0.7976760801141364,-0.0013749797375185,0.4724272375548988,-0.3182589208663033,0.2227990689042725,-0.8277038263856128
2016-08-23,PRU,76.44,77.13,76.37,76.46,1376005,0.2861920024911689,0.2918471975676576,0.0557373964452815,-0.1210814932823239,0.1301354828839686,-0.1225857746154262,-0.5926914169810157,0.4880184181198397,-0.0571681708822752,-0.8519275063203476,-0.0011088933586055,0.7127295173700192,-0.1233764610933558,-0.0065489461553679,-0.7629292737515655
2016-08-24,PRU,76.72,77.04,76.53,76.71,1231236,0.170568034565939,0.1773380774838162,0.1196341018358611,0.908468006771609,0.1275613406083438,-0.105725165369876,-0.5894417697760432,0.479769467961365,0.0837249712452173,-0.9632234984531056,-0.0011284797942356,0.8667694403284297,0.2858157063273885,-0.0361642809328701,-1.0372391867428865
2016-08-25,PRU,76.62,77.34,76.62,77.29,1599809,0.4377334804677427,0.4416075540371021,0.2932322093625855,0.288190601046423,0.1449801988217664,-0.0407750388864393,-0.5631593897078837,0.4855304094986111,0.1271456617148403,-0.6521452858395611,-0.0011001526304045,1.2241420615919496,0.1701615752312413,0.6343424945319213,-0.8149567275039568
2016-08-26,PRU,77.49,78.44,77.01,77.57,2004729,0.1925473713563888,0.1991217975958923,0.3497843982647157,-0.0718292288267801,0.166192443259897,0.0209491731410242,-0.5411601793779115,0.4747801169824875,0.2772744502315571,-0.2787658947782927,-0.0010727985805044,0.9756674537155056,0.4373967173833342,0.0516824530534872,-0.0549383294305134
2016-08-29,PRU,77.77,79.05,77.77,78.61,1625592,0.8017127232048611,0.7998358606319073,0.6413346688419753,0.24622988224678,0.2197044002730399,0.1534674469039521,-0.4870384853665334,0.487308571250975,0.5702842552164586,-0.6010869864355166,-0.0011128806456705,1.227784652711314,0.1921466458371288,0.7897243329668647,-0.2342917177042466
2016-08-30,PRU,78.75,79.71,78.61,79.56,1986232,0.7193908749440915,0.7189958906575267,0.8680713598737182,1.1752363499743812,0.2944109350327527,0.3140365441774639,-0.4479023585446659,0.458792937463927,0.9424028908647036,-0.2545407489954022,-0.001091167208164,1.3760386408502123,0.8014709124759725,0.7507875250816682,-0.4390495759825079
2016-08-31,PRU,79.62,79.97,78.57,79.38,2660542,-0.173851331510029,-0.1650207723001785,0.7493449456168323,0.993693085139087,0.3409064910445658,0.3698772483403246,-0.3493560243245372,0.3214639277807519,0.4554719005069536,0.3569342285104299,-0.0014351874718433,1.1888286087873052,0.7191275886680142,-0.2540536575930236,-0.1214674759386933
2016-09-01,PRU,79.62,79.98,77.975,78.84,2207957,-0.4565201076678735,-0.4474197335922371,0.4601525018667949,1.2710202386596927,0.3507629965041647,0.3202415262763723,-0.5776904540100155,-0.1694348943298172,1.0422882494914496,0.0318854552383016,-0.0014143489346131,0.816504049269837,-0.1743476405566213,-0.7664621477544558,0.528138589639325
2016-09-02,PRU,79.14,79.94,78.76,79.49,2146205,0.4802932057316026,0.4836019905200696,0.6207911399545635,1.140719178718555,0.3781008569080241,0.3255296553169371,-0.514067393479519,-0.6884689273435016,0.5008837149386874,0.0411323155959672,-0.001064870519743,1.1253643363358006,-0.4570901573649663,0.3078144171282695,-0.3541593013719744
2016-09-06,PRU,79.42,79.42,77.9539,78.59,2171588,-0.7378926809774808,-0.7298087385114209,0.2930082243427874,0.589463311087359,0.3585173363854382,0.2089853317782391,-0.4886875935044378,-0.7132538790658376,0.0776155325466275,0.1346488360519902,-0.0014118142169201,0.5421745929248433,0.4799675453302309,-0.8158907347275515,-0.0365964063646864
2016-09-07,PRU,78.37,78.75,78.01,78.51,1962221,-0.0963710653177155,-0.0878388439401954,0.2481574372334141,0.4470176612682981,0.3342990735108607,0.1038201259185603,-0.4692030953109113,-0.7129199997261493,0.0277624153347616,-0.0532245642205759,-0.0014054251712338,0.4903355046216476,-0.7385361331807537,0.1086489961974103,-0.8057903890159831
2016-09-08,PRU,78.77,79.05,78.17,78.69,2052595,0.1097430570596737,0.117014461761354,0.2660062785765045,0.7931449801831969,0.316841448499219,0.0370897267082347,-0.4750711773616115,-0.8481766191848674,0.316419601757782,0.0770838537180576,-0.0010618971334914,0.6069734533038356,-0.0968471618551385,-0.1030480833268263,-0.6593127649265442
2016-09-09,PRU,78.85,80.19,78.685,79.18,3540730,0.3546826756457729,0.3595777396707861,0.3857869934143512,1.1462392878058614,0.3169407781513962,0.0288967064084241,-0.4571635842898105,-0.8421014863392146,0.345045429243722,1.5027911600379515,-0.0009498859533839,0.8141477872459038,0.1093207301308648,0.2898798867225245,-0.0072370959498609
2016-09-12,PRU,78.4,79.98,77.68,79.74,2679456,0.4073234947002967,0.4115840251463317,0.5020077295622797,1.340474102338625,0.3335179239835741,0.0647559053566319,-0.4814388982677376,-0.9391473454509788,0.6531962357664293,0.665360825407733,-0.0010422635597394,1.1431028620427592,0.3543242468490937,1.265002226122814,0.8125383537505906
2016-09-13,PRU,78.52,79.31,77.89,78.9,2448658,-0.6888369196356616,-0.6804829790891319,0.1816627230923885,0.7670243347730724,0.3083461397910179,-0.0140177626766997,-0.4931089714726003,-0.9527743173203588,0.2518105414247361,0.401186916325172,-0.0014135494861896,0.5835212004291996,0.406978798471794,0.3393186804365303,-0.0913996905935994
2016-09-14,PRU,79.01,79.62,78.37,79.56,4177710,0.4877936242367882,0.4909998354479082,0.3552568453211304,0.8699324311038908,0.3091126378313463,-0.0102720051534691,-0.4883887873815288,-0.9313358441629104,0.3742008182644969,1.9136699774292485,-0.0009321141630837,1.023192505982714,-0.6894675745155042,0.4996103171147522,-0.2819212594686834
2016-09-15,PRU,79.47,80.91,79.16,80.45,3462218,0.6634551054366676,0.6640067376818413,0.5953431015568416,0.940942185474716,0.3391410575052877,0.0680442834173125,-0.4352247093834865,-0.893046994207355,0.4825896891440988,1.126184596472772,-0.0010112153627217,1.175081290332373,0.487469920492063,0.905365209020336,0.2215599237754084
2016-09-16,PRU,79.86,80.04,78.99,79.42,4419927,-0.830084652418208,-0.8226145776157122,0.2011488180103399,0.4173331047740447,0.3170515840034617,-0.0034532455710084,-0.4743771149170381,-0.8270571243145391,0.3871307610934004,1.775853789375884,-0.0015154844209703,0.5754478431229556,0.6631772270288177,-0.4425798299756424,-0.4894868027388774
2016-09-19,PRU,79.91,80.86,79.64,79.84,1761139,0.2962456561349399,0.3017939134010435,0.2794949284522642,0.2439935188295096,0.3107960784930703,-0.0198949077273797,-0.541632633604879,-0.8425637747287457,0.5381251930690396,-0.5277709427369454,-0.0011221730340959,0.7850510760206192,-0.8307521550172741,-0.0924988179204513,-0.3178288059478945
2016-09-20,PRU,80.15,80.43,79.5264,79.95,2627172,0.0527803112173757,0.0604679003896713,0.2505478129501656,-0.0363884409054754,0.3049561799486023,-0.0319784722767035,-0.6450567098295134,-0.8488357645542185,0.5816200942093217,0.1616007683370148,-0.0010703844210252,0.7399681187248732,0.295871982697906,-0.2148425275494722,-0.6494001914713111
2016-09-21,PRU,80.46,80.885,79.52,80.7,2611310,0.551038079824272,0.5533442533836477,0.4281772208916446,0.2911642212791234,0.3244090162613611,0.0234577402016399,-0.7075432013250456,-0.8312971693750629,0.646948500951054,0.0934308919753863,-0.0010814385315416,1.2835001853292094,0.0523431242464009,0.1990429872825329,-0.1816550911019379
2016-09-22,PRU,80.83,80.98,80.08,80.14,2270039,-0.4650220777382423,-0.4559335731683971,0.1846486565022213,0.28272440770577,0.3124880684620252,-0.0129488700325946,-0.8151419529335455,-0.7931106767389517,0.489215330927304,-0.2242283076766361,-0.0013752035398062,0.8024401073645129,0.5507308748501537,-0.6712594156414854,-0.6553771392720474
2016-09-23,PRU,81.13,81.5,80.08,80.34,3228080,0.1223771476110945,0.1295492502268208,0.199769629664097,0.1375338081889851,0.3056917931417382,-0.0288833394781756,-0.8891856974535496,-0.8058499788013002,0.4120802508426768,0.4629067906613354,-0.0010448504115143,0.5840701590006175,-0.465594345369739,-0.7619989159078544,-0.1182840677076886
2016-09-26,PRU,79.57,79.8,79.02,79.41,2930237,-0.7536828102122443,-0.7456941385673792,-0.1381417307270035,0.124782117678498,0.2590229644061854,-0.1442621811348683,-0.9874986310853188,-0.7352283556764535,0.1808955024431999,0.1918188037478709,-0.0014103592358814,-0.375848842900003,0.121958116575339,-0.1782366919338351,-0.7727132676723661
2016-09-27,PRU,78.87,80.71,78.5,80.66,2703984,0.9470133622275244,0.942263891071925,0.2403841532444069,0.5251889748665235,0.2664643447480374,-0.097286507781413,-0.9731332485294356,-0.7103642608965549,0.2155204617182175,-0.0220033772390095,-0.0010780568473438,0.7119068957919148,-0.7543303816338373,1.688374655399248,0.6921288498097078
2016-09-28,PRU,80.92,81.75,80.41,81.65,1996448,0.7311430236925756,0.7305429489359709,0.5316102642431009,0.7119766936194778,0.3060991068270289,0.0231592412960683,-0.861165276549512,-0.7087431881203343,0.2183311007312178,-0.55142942493835,-0.0011279488525491,1.3612035301427066,0.9468094565116524,0.6552554111713966,-0.2235743420836466
2016-09-29,PRU,81.24,81.75,79.63,79.97,3027526,-1.3139942426550315,-1.3120408530547962,-0.0315608668939881,0.0251451390535987,0.2666228797671711,-0.0841144836201049,-0.8617427595157318,-0.542437051714183,-0.0583176625395169,0.2042712574330312,-0.0014098268051332,-0.0109402003003949,0.7308828032347512,-1.207394433102218,0.6180373789863213
2016-09-30,PRU,80.64,82.13,80.44,81.65,3328231,1.2749132103884877,1.2624822500774495,0.4743412463172206,0.2803699147907377,0.2963429479401529,0.0081766091886865,-0.7998971830015701,-0.431658344477358,0.3559782018160069,0.3777471471796968,-0.0010472204018933,1.084315350401343,-1.314787984198676,0.9199545678467312,0.1336736760134116
2016-10-03,PRU,81.43,81.92,81.065,81.43,1773554,-0.2007458072854704,-0.1918342009204165,0.3695436761272466,0.466630020565652,0.306014394223903,0.0304046758221494,-0.7525703190454485,-0.4403567740905271,0.1909568918468307,-0.744884027269678,-0.0013400260976012,0.919973791246883,1.27479484488838,-0.0263165508545973,-0.7162602287492572
2016-10-04,PRU,81.6,82.78,81.59,82.59,2980603,0.8538923702892077,0.8510216211468729,0.6827194851186839,0.5631248602648761,0.3535598588108167,0.1456742002546099,-0.6669150344022384,-0.4476140279830644,0.5800252525184811,0.1078692040185135,-0.0010732157185089,1.319036694915618,-0.2012491323745331,0.8903043720481729,-0.3905051259986492
2016-10-05,PRU,82.95,85.24,82.79,84.79,4347724,1.625409120973882,1.602945962467865,1.2948360403827388,0.781222233385975,0.4707002895395252,0.417026064598992,-0.3972581478991117,-0.2854517360592331,1.007297358976189,0.9666762837987258,-0.0010097040194515,1.2450108035355996,0.8536641718211821,1.6495759710895272,0.8168032964929516
2016-10-06,PRU,85.19,85.94,84.24,85.01,2778136,0.1285414996972962,0.1356642304141672,1.2581062205856115,1.142490135935216,0.563995633269636,0.5727307126241057,-0.2010069203155722,-0.2857127282540966,1.0120756358241978,-0.1439233201568805,-0.0011053538590546,1.0686064967665547,1.6253821903920405,-0.1859517349006597,0.0752972114231629
2016-10-07,PRU,84.53,85.0,83.81,84.53,2470217,-0.3845294861680173,-0.3753754935022662,1.0114641714736448,0.9227269173167806,0.6103107406693596,0.5763681114764733,-0.0904832397953505,-0.2627504882175795,0.8248574772020247,-0.3233718796116459,-0.0013590803217784,0.8754337197723159,0.1281240767745376,-0.0263165508545973,-0.4180644353078324
2016-10-10,PRU,85.0,85.24,84.61,84.94,2169473,0.2689771661570662,0.274811759044121,1.0562708028512384,0.9659639306170577,0.6539175117497712,0.5723068194954258,0.0307857426550397,-0.2661560636045172,0.7902614186765256,-0.5194810223523311,-0.0011360321917625,1.0299369462994086,-0.3850807554559985,-0.0796472227325782,-0.9731847256719576
2016-10-11,PRU,85.01,85.25,83.8599,84.37,2507575,-0.4507860286202123,-0.4416783102298099,0.7809290725066872,0.6726278605155961,0.6567764330138451,0.4641735219418915,0.04726310359496,-0.2926112150151099,0.8507160270339266,-0.2836600857410277,-0.0013614464136999,0.7534514055898879,0.2685963791073565,-0.5951101339942383,-0.2181802653946117
2016-10-12,PRU,84.54,85.1,84.28,84.49,2197213,0.0555539687988285,0.0632224893188667,0.7376357843904686,0.8693801652678985,0.6545237423975472,0.3645096829134188,0.0739656179582281,-0.2992805805244056,0.7425870161672005,-0.4466057371001151,-0.0011340170637725,0.795020791266592,-0.4513545824509249,-0.0710005969632366,-0.7824766436251861
2016-10-13,PRU,83.17,83.98,82.47,83.68,2359419,-0.629859699979714,-0.6212331277419562,0.4249198641684315,0.584672659268358,0.6121082653750289,0.1814002908679448,0.0811085405100401,-0.278007765090929,0.4221756909861935,-0.29394183555474,-0.001355025753075,0.4331139303353582,0.0551175054002167,0.4369684128563574,-0.0874436723086976
2016-10-14,PRU,84.99,85.34,84.164,84.43,2704015,0.5250050100545849,0.5276892639335515,0.5826879997897293,0.990512076985512,0.5994047130177904,0.1113907598406439,0.0594943878541251,-0.3357429444017603,0.7589850634687673,0.0269129927318677,-0.0011085587209052,0.7682128756420613,-0.6304749692955716,-0.5241280544416351,-0.430494212412263
2016-10-17,PRU,84.62,85.03,84.39,84.51,2120989,0.025995346263547,0.0338607719297761,0.531843638915522,0.8086933115935595,0.5840567246309822,0.0485764022016401,0.0400124303910338,-0.3360008049680226,0.6915684692581956,-0.4306587234980468,-0.001142335276881,0.8039567631414422,0.5246910137555617,-0.1245285145470065,-0.9601778811033052
2016-10-18,PRU,84.93,85.03,84.24,84.37,1699516,-0.1361332487054795,-0.1274359048835918,0.4155124684851436,0.572817832738938,0.5582522211780848,-0.0285899736847929,0.0008218414400661,-0.3305947291361109,0.6444623732522946,-0.7283246349006693,-0.0013203292816297,0.741404960017524,0.0255511718185179,-0.5244797404208684,-0.8109602764561895
2016-10-19,PRU,84.19,84.98,83.98,84.5,2286863,0.0629331364530451,0.0705503291868993,0.3952831816722904,1.2989944289552358,0.5350542857984347,-0.083613813044467,-0.0157984813786674,-0.3442428112868545,0.5240830028236068,-0.2624794547878504,-0.0011352577103877,0.7994887772040172,-0.1366197181228088,0.251876267766924,-0.605041541120177
2016-10-20,PRU,84.35,84.59,83.26,83.92,1717709,-0.4603293181898715,-0.4512341173548362,0.1511278569670234,0.6608623317122617,0.486538832673325,-0.1927997393776925,-0.0902029362963966,-0.3446644481205962,0.5252502424424432,-0.6915192429640168,-0.0013204091576307,0.5403455928335008,0.0624985980800069,-0.4114649517911897,-0.2705023697366514
2016-10-21,PRU,82.7,83.35,82.6,83.15,3999912,-0.6042387608055741,-0.5955114065868701,-0.1365371459854617,0.4128879455285041,0.4113482448261388,-0.3488098180167167,-0.175007620946782,-0.3069615559805889,0.3462049540279393,1.0590670797072883,-0.0014288559335207,0.1963106756519541,-0.4609003616071255,0.3847874796437307,-0.839602378031559
2016-10-24,PRU,83.83,84.19,83.32,83.54,1823230,0.2590139945243096,0.2649502730495376,-0.0787563952607233,0.1769026163111847,0.3612474823301661,-0.4090371023856026,-0.354647584466229,-0.3619252636784819,0.5963493884151518,-0.598983045734036,-0.0011517594192176,0.37056212721144,-0.6048473463102702,-0.2876790427612622,-0.7233977850576361
2016-10-25,PRU,83.45,83.8,82.82,82.89,2199000,-0.5174073953868262,-0.5084178703633405,-0.3181036416186983,-1.1067251764673176,0.2909115206342308,-0.5093039842802466,-0.4550971206905035,-0.3904473330826287,0.2385608066211143,-0.2836813473363139,-0.0013489222335288,-0.1638967928466691,0.2586306083521668,-0.5333147496546381,-0.6059934362640637
2016-10-26,PRU,82.58,84.08,82.45,83.9,2054321,0.7256071403668612,0.7251039423421799,-0.0361879210414181,-0.6636667256285419,0.2701091610945461,-0.4620188505476758,-0.5073017771770836,-0.391045217148691,0.2372350700821822,-0.4013962925139693,-0.0011395348990191,0.3681829778057771,-0.5179933289330821,1.1813409498940224,0.0278131744138314
2016-10-27,PRU,84.63,85.41,84.0,84.77,2531908,0.6125878976367723,0.6139579349850991,0.16071021937667,-0.0918569311192656,0.2829052445766259,-0.3377089296078666,-0.7249826968632631,-0.538886498297454,0.714046592715966,0.000578159791035,-0.0011201069488825,0.7357346796823911,0.7253454757465685,0.0986657240179755,-0.2050951451516671
2016-10-28,PRU,84.98,85.49,83.84,84.5,2462350,-0.231293437467367,-0.22230386649248,0.03137468761346,-0.3705626980215464,0.2775249382506913,-0.2850467073222913,-0.8238291088780506,-0.653220425207139,0.3451582753608621,-0.0205880098334262,-0.0013568980160968,0.4609666672867971,0.6122967493480275,-0.4530623366515605,0.0360419902561943
2016-10-31,PRU,84.7,85.45,84.6514,84.79,2012016,0.180670594517392,0.1873516761548622,0.0691077485550503,-0.0085989115890664,0.2797531793607783,-0.223332659371728,-0.9845323397122702,-0.6603741174888876,0.438525830363563,-0.3986655595753318,-0.0011453996282183,0.5640721388460254,-0.2318047316082346,0.0539627958330361,-0.806372722883654
2016-11-01,PRU,85.29,85.39,83.09,84.18,1689055,-0.4808955934011824,-0.471832383644384,-0.1458285262805796,-0.313261590462524,0.2529007201010531,-0.2488146431501063,-1.0653279168407868,-0.6933584344123336,0.1152644685479518,-0.6257354250511724,-0.0013216310575966,-0.2334993297265317,0.1802667706677757,-1.009579319386919,0.6857487553459233
2016-11-02,PRU,83.83,84.4,83.2,83.79,1751342,-0.3214331376637858,-0.3123010103760508,-0.2518062128773199,-0.142222893551112,0.212129816593363,-0.3050260660664074,-1.0685233908343497,-0.9952116156086124,-0.3406878179560656,-0.4895601933848025,-0.001326936693117,-0.6049694728791323,-0.4814720020042664,-0.0623665497382691,-0.3977562769058279
2016-11-03,PRU,84.57,87.5,84.37,86.67,4063667,2.106915020272144,2.0676380298689323,0.6191613483055025,0.5394806462135283,0.2881451006539868,-0.0493895680278945,-0.9202564130315224,-0.516921176857248,0.1193089837119639,1.4640462750107937,-0.0010411565162342,0.8965281232666951,-0.3219679468182985,1.849747642558998,1.418447522289054
2016-11-04,PRU,86.65,86.9,85.365,85.79,2914117,-0.6651302647979652,-0.6566599212203752,0.3252283288742933,0.1935039730965276,0.3085024422579288,0.011857044649482,-0.8713524681076507,-0.4902105198216572,0.0514400311591152,0.4479798323326846,-0.0013774589066582,0.3172648058509757,2.107013701576824,-0.7761669286734572,-0.1001452202432102
2016-11-07,PRU,87.45,89.07,87.39,88.82,3286328,2.1658832391570875,2.1243081580444003,1.204503305748215,0.8393631574735979,0.4371480325049251,0.3395864226580682,-0.5393480584755056,-0.1543565560112011,0.5033943963097428,0.701421178817106,-0.0010829927043459,1.3173431956429429,-0.6657547352517361,1.157284886193353,-0.0149599784551424
2016-11-08,PRU,88.3,89.22,87.8275,88.75,2983245,-0.0820622739107405,-0.0735956671697642,1.111607579855554,0.7977886504783347,0.5285566833484355,0.5059226840599497,-0.3244650327716119,-0.1742279344920392,0.594963335819086,0.4239359275926177,-0.0013798052001566,1.212101008825387,2.1659973036776945,0.3587151968488198,-0.2836940799862718
2016-11-09,PRU,89.49,93.9,89.21,93.51,6519787,3.306139263914309,3.210049729259487,2.432091581221681,1.4859381978660808,0.7776708537430543,1.0449229856661657,0.3315356861976042,0.3991378150938179,1.4004325857993936,2.911413099666332,-0.0009275189232348,1.3296533548476832,-0.0825346376708806,3.367561830473935,2.5886421929619297
2016-11-10,PRU,93.98,98.34,93.87,97.74,8225958,2.783296317326722,2.714565698823088,3.4885019114466225,1.92552442476504,1.1268837910513632,1.7337757298252163,1.1832538783546354,0.6371001029618739,2.3001722642912728,3.587035222992379,-0.0008855941064869,1.3173589962164527,3.306550790440255,2.996397986316787,2.220151855758542
2016-11-11,PRU,95.88,98.16,95.88,97.93,5484913,0.088029403282758,0.0954655438837856,3.3133919281441098,1.9172592177083068,1.3933572350369376,2.0718878936682827,1.757805187856911,0.6431245572404498,2.1808402183268822,1.541702713319616,-0.0010317384636753,1.3571069189423255,2.7835714482467755,1.5890480671988494,0.3490126565765218
2016-11-14,PRU,97.94,100.37,97.94,98.68,5423702,0.4438091047470693,0.4476042234395438,3.298005731641841,2.110751421004092,1.6137575499121166,2.2237861835437687,2.2249712133582027,0.6345400916336479,2.295053007391431,1.321869610254175,-0.001048830981173,1.1293817210389907,0.0876014118480351,0.5445260162145115,0.4609489805185019
2016-11-15,PRU,97.61,98.91,95.95,98.73,4087735,-0.0014506247812426,0.0065851604011102,3.070963270925625,2.0785355699267525,1.768314006048565,2.17582385652736,2.5636136952010173,0.627692752350544,2.332213118834826,0.4029946194429346,-0.0011061283264786,1.1386567811323005,0.4434739266289689,0.8405823261019317,0.9072980301280572
2016-11-16,PRU,97.76,98.24,96.71,97.64,2589427,-0.7203378932841605,-0.7121528157338406,2.530316271536041,1.7566362799825843,1.825167934272286,1.8859693699783,2.751332599485345,0.685111242990268,2.116324951719008,-0.5009200856973722,-0.0013251692834565,0.9364604710981304,-0.0019019591389651,-0.1190560580073873,-0.2853886821026621
2016-11-17,PRU,97.95,99.24,97.53,99.16,2378274,0.9361991330834756,0.9316747377631172,2.730149958431898,1.89366797222103,1.9063740077976616,1.716767783532699,2.9320487816277696,0.6554761012924808,2.499622843655916,-0.6404409305061309,-0.0011646532884323,1.21842229793477,-0.7209767659173745,0.9069928931899998,-0.1541227169207812
2016-11-18,PRU,99.27,99.66,98.51,99.15,2269575,-0.0392745865670824,-0.0310237251632277,2.46932206428023,1.878967187859817,1.946206058150383,1.4749104909676969,3.0073076931163105,0.6105892048330938,2.6585578343334,-0.6698742971398793,-0.001315159113131,1.2165672859161094,0.935992406227248,-0.1176453935991896,-0.6246876092293948
2016-11-21,PRU,99.74,100.64,99.075,100.57,2882350,0.8586470557680757,0.8556836393574138,2.608904409336654,2.0814196327947,2.0088058374052427,1.3400283991721038,3.089922894704748,0.611532873518636,2.8264413923668257,-0.3260670718424013,-0.0011482308425893,1.4300864098277954,-0.039735788175035,0.6023979236109132,-0.2944317378064763
2016-11-22,PRU,100.57,101.02,99.53,100.29,2383404,-0.2063305414070836,-0.1974035615680274,2.2549091489649817,2.1085392060202475,2.0223880664875917,1.1059523954098545,3.051735154078123,0.5837027360495345,2.9154758988710863,-0.6273405498305632,-0.0013182602940648,1.3122027951474908,0.8584200976690958,-0.2366625769551306,-0.3531358421670535
2016-11-23,PRU,100.53,101.96,99.99,100.64,1920708,0.184276996378967,0.1909259284961551,2.0957663585344566,2.020419929488704,2.0219229427876524,0.8825339481582207,3.0007898319059105,0.5891866420010835,2.762831023314773,-0.9001561137991503,-0.0011801204694046,1.2103445905911865,-0.2068353234024682,0.0563522680815576,0.0400502323427395
2016-11-25,PRU,100.79,101.0,100.27,100.79,982056,0.0597971368448395,0.0674362488331426,1.894278113229421,2.280066368289896,2.002675932255326,0.655454936973304,2.927562429605071,0.5996504779170246,2.6080158340999677,-1.4455929203920193,-0.0012114132328699,1.2367689271368354,0.183874113342209,-0.0263165508545973,-0.9877042212467636
2016-11-28,PRU,99.85,100.46,98.79,99.4,2355653,-0.8915997946443591,-0.8846167892212949,1.284487412346342,1.7281676997205633,1.9090161220873192,0.2822544627508446,2.736164617792697,0.666444166949517,2.4222223144678745,-0.6059709206227996,-0.0013169402693389,0.991903408480499,0.0593617803741882,-0.3668103247375285,-0.1911303894197436
2016-11-29,PRU,99.94,100.32,99.265,99.77,3037816,0.198749166953059,0.2052670109490725,1.1688310814784275,1.771722782867193,1.8265995883005957,0.0126340832296235,2.506583762392408,0.6659416666180872,2.4272218565701804,-0.217772906008493,-0.001144350151827,1.0570834386264285,-0.8922833448828746,-0.1548316947137132,-0.710050905921466
2016-11-30,PRU,100.79,101.48,100.26,100.6,2345477,0.4849369139876925,0.4881822969655937,1.1602625376651232,1.46501017024794,1.7718283903629404,-0.1319036018156713,2.182903732142024,0.6194130598868761,2.697255089858884,-0.647670370508334,-0.0011693660928178,1.2018933102460954,0.1983500593147966,-0.1687397989991574,-0.5806295822101429
2016-12-01,PRU,101.37,103.5,101.11,102.47,2928387,1.1242855685023976,1.115588876698914,1.401549712853965,1.168020751194928,1.779804235419591,-0.0860239413507677,1.7744115093885826,0.5959067188968278,3.106717405253113,-0.330307830915011,-0.0011534962139814,1.2638977284832271,0.484612465004406,0.7935213072544746,0.3525099391476564
2016-12-02,PRU,102.28,102.44,100.74,101.73,1954567,-0.4826002955055663,-0.4735400450117698,0.9883667646877176,0.8457918410985606,1.7353023584062357,-0.184396966203246,1.440973644537389,0.5274026244509317,2.384495309964152,-0.8642270809416701,-0.0013003997124762,1.1184342348908074,1.124127908318077,-0.432588371721417,-0.1986230179510339
2016-12-05,PRU,102.88,103.56,101.83,102.71,2255790,0.5667569968441565,0.5688297378860714,1.0145639066926535,0.8855813347640022,1.717112870156992,-0.1953677503640546,0.9232566802021857,0.458232644476063,2.729089291694291,-0.6688508051733818,-0.0011747135703779,1.268138226105926,-0.4831771488193955,-0.1511591196461996,-0.1875687981981586
2016-12-06,PRU,103.2,103.73,101.89,103.64,1763755,0.5307268161993822,0.5333288833439482,1.0560949273039737,1.0236547495695274,1.7178004322600804,-0.1555551750469568,0.5559371432485217,0.3114537072812511,2.283037167173031,-0.9435709864601034,-0.0011908161379018,1.4240655883274664,0.5664538925110143,0.295803463395467,-0.1117100346250352
2016-12-07,PRU,103.48,105.57,103.1,105.47,2605370,1.0663112574345786,1.058958821347618,1.3070635775059682,1.6318753995593285,1.7682862906843877,0.0044748426790271,0.0770522967550358,0.3122448041818192,2.599386238418427,-0.4088273333389515,-0.0011674613821832,1.4225597941400605,0.5304143125650703,1.4266023945390536,0.3604341566276954
2016-12-08,PRU,105.87,107.18,105.56,106.57,2569191,0.6163245338747834,0.617635829368097,1.4143278652865994,1.5932853841719257,1.828810363605928,0.1583370481716919,0.0138300210687745,-0.1892056239015583,1.883708342871092,-0.3261323809902677,-0.0011704650652398,1.29053083800506,1.066138473318041,0.4732229750954184,-0.3244364831036751
2016-12-09,PRU,106.25,106.38,105.25,106.02,2595373,-0.3543052353592732,-0.3451536988666876,1.1577878396596497,1.39363799122561,1.832312631521481,0.1346536680888453,0.1103670508773971,-0.6595995922510556,1.0766874662054742,-0.1303380018858399,-0.0013138372117067,1.1016353377297603,0.6160343603735288,-0.1898639446137354,-0.7030464894325477
2016-12-12,PRU,105.18,105.81,103.44,104.52,2597819,-0.9138398107169308,-0.9070481891064198,0.6802366528036085,0.7153066746067084,1.7541380075622786,-0.0945279496267824,0.1021593816672311,-0.5450777423471932,0.8208245036299603,-0.0220222715590915,-0.0013157769254723,0.655494701471865,-0.3548486199563953,-0.5004007703441491,0.2984372588390762
2016-12-13,PRU,104.99,105.57,103.86,104.83,1676567,0.1516575316187824,0.1585897429409637,0.6784629044072745,0.8479618881322782,1.6832843069327372,-0.2590293131756156,0.1102113417794006,-0.5520001234665439,0.7478278692757164,-0.6376448734522882,-0.0011942773686431,0.7472575043754431,-0.9145291627750692,-0.1414540460986678,-0.2318574368628259
2016-12-14,PRU,103.39,105.62,103.29,103.99,3910642,-0.531868040560102,-0.5229136771479523,0.3925889704066972,0.5481610269952794,1.57423061872659,-0.4889565144387768,0.0739098757780893,-0.5132455130633741,0.6149726650594447,1.248772516002052,-0.0013537389737794,0.430066994366565,0.1512461390445258,0.4121307950810018,0.2760114395245406
2016-12-15,PRU,104.66,107.85,104.4724,107.08,3231464,1.816963913392261,1.7882297570791954,1.0607679276995918,0.9459083677673612,1.5893959762775844,-0.3531605900535034,0.0810923851222913,-0.3646884442204272,1.252443446161094,0.6409483434734056,-0.0011471382545181,1.1948535793410733,-0.5324577464981877,1.720628987921799,1.0374777990778348
2016-12-16,PRU,106.87,107.77,105.64,105.77,3844008,-0.7946511525318818,-0.7869286812025272,0.638146718812628,0.9660009632492974,1.5305197369071792,-0.435105646423363,0.062486370174799,-0.3256676473318817,0.8115276117658556,1.0565095875868569,-0.0013526107290412,0.7025899301500177,1.816986954283008,-0.8039619487821514,0.086997269958983
2016-12-19,PRU,105.74,106.76,105.12,105.91,1714864,0.0494103599907569,0.0571209523743293,0.585277832799463,0.9402814996470212,1.4707199969624658,-0.5030387660998137,0.0211423971022861,-0.3279798618475953,0.8338450345935489,-0.6454627412381871,-0.0011916584637731,0.7310782905330144,-0.7953094114876751,0.0951493416863524,-0.3008035601048539
2016-12-20,PRU,107.08,108.29,106.6,107.1,1922804,0.6665324681682832,0.6670332911793587,0.8020908803254925,0.9802185549300596,1.4517306851672986,-0.4523399223198608,0.0586562011091259,-0.3455588827509036,0.7861192355786015,-0.444883742881612,-0.0011865021314485,1.026481275397454,0.0489722938905093,-0.0122052723412512,-0.2762347108710309
2016-12-21,PRU,106.98,107.42,105.7,106.47,1854923,-0.3992197930433366,-0.3900699356201747,0.5618643544546161,0.5894522536507001,1.3941207753436005,-0.5111896017826015,0.0362733151982523,-0.3316476776687063,0.7375272982016164,-0.4843821904619123,-0.0012958548620106,0.806035552388111,0.6662553925612685,-0.3864905126403528,-0.2449702048159839
2016-12-22,PRU,105.6,106.06,104.94,105.65,2536123,-0.5124887710392477,-0.5034880595791915,0.2901359786756778,0.5698735291137672,1.299516730082594,-0.6534916131286168,-0.0136370671043437,-0.2992706447682251,0.5636400324700153,0.0614938999147791,-0.0013167908179494,0.5191061986299192,-0.399774894635684,0.0094560746948757,-0.7078240185376833
2016-12-23,PRU,105.69,106.27,105.44,106.2,1688861,0.2911111090942307,0.2967141807017018,0.3594070794299642,0.5062735349324338,1.2303095569782103,-0.7019621104716656,-0.0627382018283038,-0.2976246612911813,0.6208376935475889,-0.6620480010614522,-0.0011920229545291,0.7115588139555364,-0.5130734214492341,0.3382535166242569,-0.939978199950964
2016-12-27,PRU,106.28,107.1,106.21,106.52,963677,0.1545987968686773,0.1615061580022432,0.348747918529146,0.4094330675236428,1.1728402632583486,-0.7105254088734229,-0.2122560734701346,-0.3835361471806891,0.8845173417416964,-1.2326728508891611,-0.0012143058033477,0.7909340074534683,0.2907360961925274,0.1442934269259109,-0.8949911466121222
2016-12-28,PRU,106.49,106.88,104.7,104.96,1071409,-0.9447735355205544,-0.9382616290516178,-0.1075932533020914,-0.2970192160052023,1.0520768239030307,-0.8802940888761274,-0.4073507605842565,-0.2895111817243722,0.5965121452073149,-1.1034023281465168,-0.0012739671465765,0.0643576413979239,0.1541881715910983,-1.111810318302426,0.1396505007064194
2016-12-29,PRU,105.32,105.67,103.53,103.92,1368958,-0.6498820853394356,-0.6413417135408739,-0.4088395146108586,-0.7527445959740826,0.9033318850549829,-1.0881329308818304,-0.5724398474137471,-0.2585316683242781,0.317208382303932,-0.8160639585308588,-0.0012831030996216,-0.4811839390155499,-0.9454709573521586,-1.0306129734206573,0.1248947175130529
2016-12-30,PRU,104.53,104.73,103.58,104.06,1466053,0.0508773715922606,0.0585779724244883,-0.3935212634279079,-0.6186759042345247,0.7802696352842137,-1.188297204919088,-0.63274475218653,-0.3466792118183597,0.0604103708117848,-0.6848331273982644,-0.0011988105563652,-0.4195434866656227,-0.6505025779549481,-0.3660213152803205,-0.6702976820082159
2017-01-03,PRU,105.23,106.1,103.57,104.86,2128273,0.4456358039487129,0.4494070704882619,-0.2327457764182922,-0.1103587132370847,0.7044102772405169,-1.14692919342303,-0.7722057520274505,-0.3554698507257494,0.2843946711699112,-0.078623493308215,-0.0011799739149746,-0.3221278536008853,0.0504396881957246,-0.2919647548779202,0.4194750106950234
2017-01-04,PRU,105.32,106.515,105.155,106.14,2071654,0.7269723719605048,0.7264453270712536,0.0432417578496864,0.0925401154583533,0.6850731598689881,-0.9683475097446492,-0.8620602716392504,-0.3410285470205948,0.3229803071064064,-0.1228311002248922,-0.0011829927397561,0.3261615169582964,0.445301102367106,0.5619142109341038,-0.5234553428409147
2017-01-05,PRU,105.52,106.16,103.45,104.55,1720377,-0.9656348184685069,-0.959320435637016,-0.3635794190702142,-0.0748841690312343,0.5985767427235719,-0.9983490442984247,-0.8999929844927893,-0.2832269017226064,-0.0385232632820566,-0.447040223802553,-0.0012912546368726,-0.9525815464650964,0.726711063492268,-0.7208316343047099,0.5689221871236998
2017-01-06,PRU,105.18,105.97,104.75,105.15,1983879,0.3242954203547821,0.3295368750856305,-0.2103931918029394,-0.6640597073186724,0.5456549766581469,-0.9359296980362484,-0.8978593490059308,-0.3647772028097447,-0.2120365007308744,-0.1757346715972506,-0.0011857307663447,-0.6447072533210005,-0.9663376824454932,-0.0478658335586683,-0.6243638583173737
2017-01-09,PRU,104.47,105.5,103.93,104.74,1858410,-0.2757520618288521,-0.2666758308611168,-0.2897637711863671,-0.4631377250274363,0.480345029066185,-0.9178811870180346,-0.9077801647976476,-0.3976731608035236,-0.4196716163034976,-0.264429530952085,-0.0012950095468743,-0.9172901393912924,0.3239290643437761,0.1689450744285137,-0.3420862729295651
2017-01-10,PRU,105.0,106.59,104.89,105.57,1491576,0.4603605649664407,0.4639376459905289,-0.0775207445787202,-0.2741765757386312,0.4543183594490459,-0.802327896942786,-0.912993984310812,-0.3825267234506883,-0.2298137473289171,-0.5773846108521866,-0.0011999255163918,-0.3654760041758392,-0.2762749540242532,0.3838217114450922,-0.2492810777774048
2017-01-11,PRU,105.72,107.09,105.31,106.49,1990710,0.5095576606396217,0.5124612308742748,0.1268086502753753,-0.3454150791769462,0.4628674290414981,-0.6208879073651469,-0.9101083369139468,-0.4275669704773603,0.1093361248291368,-0.05717700957869,-0.0011864755980834,0.2461733987135805,0.4600297046773552,0.5239565722400076,-0.1982660591601421
2017-01-12,PRU,105.62,105.91,103.05,104.22,2302621,-1.3601229575204086,-1.3588980520601774,-0.4304137252211054,-0.6938975937947137,0.3742945724708876,-0.7257260817301667,-0.8922123988875676,-0.2863546359976173,-0.252937172990441,0.2191686746411756,-0.0013064610586347,-1.1390714114313414,0.509239634544277,-1.0277603988441686,0.6957117675269655
2017-01-13,PRU,105.13,106.46,104.54,105.23,1380332,0.5703489758848274,0.5723678309656646,-0.1944626067096337,-0.281896069291168,0.3382538132221342,-0.6743799070355666,-0.92644200131799,-0.279987136841278,0.0076487489383665,-0.5984463320306043,-0.0012035932609445,-0.4983417639471943,-1.3609287328000996,0.0455485544060099,-0.0707076333611035
2017-01-17,PRU,103.99,104.98,103.53,103.92,2760414,-0.808041459027541,-0.8004119507171772,-0.4815076714886163,-0.6661086216952,0.2535168517215133,-0.7586461535898074,-0.9305831139275093,-0.518058363902584,-0.600886517120004,0.8828012679690376,-0.0013198456228151,-1.329387148307818,0.570046808602019,-0.0771736040446386,-0.4284654899971578
2017-01-18,PRU,104.74,105.65,103.64,105.59,2524963,0.9674939744870468,0.9623132804495178,-0.0633073983532215,-0.3665778190657359,0.2475365156297581,-0.6233409527957848,-0.932341811410492,-0.4678265204455042,-0.1924706049393173,0.729102940811081,-0.0011701342622875,-0.2699628796954206,-0.8087032111527067,0.5868113600333174,-0.0048561752479781
2017-01-19,PRU,105.98,106.03,103.89,104.76,2078284,-0.5223811280391063,-0.5134033139508631,-0.255807712655755,-0.2290784818264381,0.2060604070560552,-0.6064622994830337,-0.9320841496395192,-0.4498173169215542,-0.3269475563231191,0.2161643340028055,-0.0013009222370002,-0.7965030850536764,0.9672954116098542,-0.8960389314525722,0.1111335144177741
2017-01-20,PRU,105.27,106.054,104.89,105.59,1673141,0.4602663769923946,0.4638447109735111,-0.0300642146878637,0.1505879190961503,0.2018327238151627,-0.4970825712434896,-0.9867378609500178,-0.4717771574912652,-0.3745422136969424,-0.2121716130291608,-0.0011948394731819,0.0508301907467184,-0.5229683590979003,0.2033459479708132,-0.6725933357818787
2017-01-23,PRU,105.1,105.51,104.1,104.49,1292112,-0.6815786858061004,-0.6731881326733635,-0.2798742765374646,-0.106987676559957,0.151745691247644,-0.527619964367536,-1.0079488361273088,-0.4499230746835677,-0.4405995950243603,-0.607485835972061,-0.0012790498948014,-0.6993715719367222,0.4599354921322102,-0.4648188243834907,-0.4667128213704559
2017-01-24,PRU,105.07,106.44,105.04,105.69,1294909,0.681997209874845,0.6822404607033101,0.0191978889168881,-0.0346998483811494,0.1557861680264945,-0.4127266015934666,-1.0071546310866824,-0.4216802786273641,-0.1619164955648959,-0.5534747814432007,-0.0012058058203632,0.2855711058240198,-0.6822074472087385,0.4195015399371774,-0.4873670164849129
2017-01-25,PRU,106.69,107.5,106.34,107.36,2176265,0.9507386775711228,0.9459112523338092,0.4213194872105342,0.0323522311587824,0.2204745449308462,-0.1647052604814373,-0.9419479705989652,-0.3548059652198826,-0.0070588947102819,0.42687511929932,-0.0011815023452297,1.3382977600036838,0.6817241686013311,0.4481393124645053,-0.6908451663502523
2017-01-26,PRU,107.33,108.06,106.85,107.34,2105178,-0.0445940381147693,-0.0363147617721738,0.4058948547051766,0.3713686690207943,0.2661888381405459,-0.015127152390298,-0.8977681476096537,-0.3565313425447753,-0.0544186451218135,0.2718877939256698,-0.0013006383891531,0.9651520641771998,0.9505357436894254,-0.019277346050674,-0.651856415385448
2017-01-27,PRU,106.8,107.157,106.26,106.59,995369,-0.468001894774578,-0.4589178273757767,0.1982677236705869,0.0972994465853046,0.2681142283445892,-0.0081765484448281,-0.8739061724506221,-0.4108464769946717,0.060601134461053,-0.9468521792497786,-0.0012706829510325,0.4675200974941922,-0.045056627423984,-0.1748734317881015,-0.8899752659383375
2017-01-30,PRU,106.07,106.2,104.01,105.57,2425651,-0.6287667368180039,-0.6201356471032772,-0.0765230637071528,-0.0305000814129182,0.2252052056983779,-0.1180190721578403,-0.904337295534414,-0.4131105402968027,0.0657101817850273,0.5550908620425369,-0.0013115741663328,-0.2092593771947049,-0.4685749397598723,-0.3824577083942884,0.1375430289638569
2017-01-31,PRU,105.46,106.28,104.16,105.11,1573609,-0.3042728948973546,-0.2951578223784884,-0.2041025728481909,-0.2789878376389556,0.1694464926780935,-0.2389679729486385,-0.9321076334492284,-0.4051739730349018,-0.0192847817880454,-0.3627488094141947,-0.0012885210732889,-0.5144736500936122,-0.629381721009287,-0.2770573512164795,0.0896067588702161
2017-02-01,PRU,106.13,107.06,104.6,105.56,1579457,0.2335448843040291,0.2397339626456997,-0.1008181650465918,-0.3768021293286176,0.1396612766588769,-0.2688717594242862,-0.9380521566880416,-0.4170114663783225,-0.0694358981885679,-0.3316533892088082,-0.0011959545001241,-0.2158944700838059,-0.3048032274079255,-0.4320879401080358,0.3508749787608655
2017-02-02,PRU,104.43,105.63,103.41,104.43,1553505,-0.6994566566685345,-0.6911578340140903,-0.360896355616273,-0.1429878784292574,0.0690918285953809,-0.3977726998019163,-0.9290701609141584,-0.4306154473964761,-0.4040889685216348,-0.3360502452627812,-0.0012879330139084,-0.9656599665528676,0.2331548539287987,-0.0263165508545973,0.1803576805779747
2017-02-03,PRU,106.17,106.88,105.34,106.33,2060512,1.0997270369760572,1.091606109063236,0.0898883722431846,0.0370233349720304,0.0852617465185125,-0.2776278172392539,-0.929655922163521,-0.3984709940405967,0.082566648016886,0.2006649650968178,-0.0011817314270098,0.2950076823774126,-0.7000900819509931,0.0875412773989106,-0.3842805134522142
2017-02-06,PRU,105.42,106.65,105.35,106.11,1191361,-0.1618098138566208,-0.1530193043680235,0.023144157529178,0.2980000544192387,0.0867224619959449,-0.2193731450710926,-0.9262659601000326,-0.4039815765036246,-0.0333914762216023,-0.7179289954359598,-0.0012772071417138,0.1490356388170645,1.099562970134041,0.4681885882150683,-0.5702785968990381
2017-02-07,PRU,106.75,106.99,105.73,106.59,1599156,0.2486348871086793,0.2546754257342484,0.1193015794881542,0.0553212170957605,0.1038772205444591,-0.1323732106385124,-0.9218491511895652,-0.4061599345744768,0.0919284026733235,-0.2511424384460476,-0.0011958190491628,0.4675200974941922,-0.162302981596427,-0.1395557604627936,-0.6061519068460087
2017-02-08,PRU,105.89,105.9,104.45,105.22,2305752,-0.8331978572280111,-0.8257509412622901,-0.2167723351358627,-0.0814239817583827,0.0611541893504103,-0.2168976631166928,-0.9193095062678832,-0.3690176030679539,-0.2161677930530162,0.4840409344399444,-0.0013091937655729,-0.4414876283134382,0.2482487933076896,-0.5043569329257568,-0.4428326818733475
2017-02-09,PRU,107.3,108.95,105.8,108.39,2421086,1.842673780845784,1.8130558019829683,0.5468047331135993,0.3632138430390534,0.1486436172688418,0.0506474030989024,-0.8224422852743739,-0.1374061508292547,0.0945612142917005,0.5798691344214225,-0.0011711848236621,1.1273632164356315,-0.833866171978143,0.7411712946711494,0.8307049441250187
2017-02-10,PRU,108.59,109.15,108.08,108.75,2707760,0.1737840427448561,0.1805259418022727,0.5784548003884812,0.6949313534410958,0.2278252785110306,0.2432994076617366,-0.7478476353374165,-0.2820120762744395,0.4708848744867274,0.8590414927591843,-0.0011647256330308,1.2112284708380057,1.842703528746679,0.0850038803607534,-0.7713264790198839
2017-02-13,PRU,108.83,110.58,108.77,109.8,2189307,0.5681160431414631,0.5701684198909449,0.780047053792363,0.6729119282284526,0.3264415726124933,0.447445421732048,-0.6038592055733207,-0.2821675575859586,0.4703405101257287,0.2538404453702699,-0.0011813802979471,1.0812523087890995,0.173378422379847,0.6470752676297898,-0.217490063451212
2017-02-14,PRU,109.29,110.99,109.29,110.45,2724738,0.3355624667304182,0.3406771863339491,0.8570196224164621,0.5097349751561023,0.4235977451875201,0.6070039053146812,-0.5012071963740061,-0.346524821763049,0.7553787888818495,0.8185230295655879,-0.0011680316268541,1.2060637086283843,0.5678132933468002,0.7755872901751858,-0.3085764056019099
2017-02-15,PRU,110.77,111.98,109.89,111.79,2652202,0.7223300796110049,0.7218840042789918,1.1073080533839297,0.7247034284465401,0.5453486770345406,0.7979571791575817,-0.3006824830542529,-0.3731304846337595,0.69488318868765,0.7331273920456411,-0.001171924292976,1.369180445061723,0.3351990499875559,0.6693846395731379,-0.0332024597910333
2017-02-16,PRU,111.4,112.28,111.18,112.11,2302048,0.1452182158224746,0.1522043520721804,1.09146609727063,0.9794122033147704,0.6452962561962019,0.894598343756115,-0.1578211405852514,-0.4110929877703096,0.8629367478797442,0.3525558044553236,-0.0011827975928081,1.3791683957819247,0.7220675600940548,0.4552073940640135,-0.7736007235326667
2017-02-17,PRU,110.28,111.11,109.91,111.11,2518715,-0.5883259645446846,-0.5795413936542445,0.7766528561849305,0.9853327965418464,0.6756650168198397,0.7928165942906601,-0.0883168714159339,-0.3740419783876553,0.6003017541533965,0.5222411264556293,-0.001306873661356,1.0044015933645074,0.1448051434046143,0.5423086004256893,-0.6912336181286093
2017-02-21,PRU,111.97,112.39,111.04,111.22,1905654,0.0286400304326275,0.0364884057386354,0.7186967329027903,1.139610763081537,0.6943612932997307,0.6813464214696151,-0.0724796235371831,-0.4284433001776007,0.7784554673455215,-0.1320187725617896,-0.001193012845964,1.0097726944191978,-0.5889303988305459,-0.5323792361305869,-0.5797238273431965
2017-02-22,PRU,110.22,110.98,110.05,110.5,2184768,-0.4360331496779969,-0.4269089820343796,0.4834518971190549,0.8642112802860212,0.6714064774990645,0.4849610886901536,-0.0641771705346735,-0.4258322180858782,0.500914602782329,0.1006731562521868,-0.0012986812671374,0.7432458896353904,0.028196545914281,0.1656132245485209,-0.889903092166147
2017-02-23,PRU,110.73,110.99,110.12,110.86,1552419,0.1698355723282882,0.1766120022052345,0.527353524016769,1.262764160927043,0.658100336850462,0.3526883462097659,-0.025126932723766,-0.4875497400051192,0.3113133196070955,-0.4966883593839417,-0.0012021181086483,0.8765092920272939,-0.4365978548809808,0.0623832781967957,-0.9372868467621014
2017-02-24,PRU,109.64,109.999,108.9,109.96,1388947,-0.5384284239710632,-0.529491131614346,0.2767710719773691,0.6985990822405906,0.6034823484954018,0.1405341673965976,-0.0150369294751269,-0.4582420734785717,0.1909985462630186,-0.6347499802742438,-0.0012785017414777,0.5433507860475321,0.1694289219139722,0.1941921252795681,-0.758370058162935
2017-02-27,PRU,110.06,111.0643,110.058,110.95,1398918,0.5275301221319377,0.5301781691955514,0.4626453809039591,0.923381458702365,0.5906544370511911,0.0783777629144943,-0.0011956708902185,-0.465056160471767,0.4332675469562757,-0.6388696592736086,-0.0012061879057911,0.9098251426252713,-0.539019841336024,0.5846328294181483,-0.8354346993269541
2017-02-28,PRU,110.14,110.78,109.75,110.54,1721678,-0.2630617967643369,-0.2540070587818394,0.3024516114190114,0.7238177142475953,0.5562442392576994,-0.0268997942034824,-0.039223504968215,-0.4994746852150103,0.5239330257171985,-0.2838232334892521,-0.0012870720574799,0.7580529343456043,0.5272167845664674,0.2480679966684501,-0.8147626083983186
2017-03-01,PRU,112.72,114.55,112.61,113.82,2602295,1.8143566165768144,1.7857115347246233,0.9842658980317848,1.5394613525617926,0.6488843036500043,0.2159033478469954,0.0002581938140952,-0.2982388400728082,1.0495323386968476,0.5491182198513486,-0.0011745650106192,1.225046389326366,-0.2635813784122711,0.7109702099377787,-0.1708242782723567
2017-03-02,PRU,113.89,113.99,111.65,111.8,2024011,-1.1379093776776703,-1.1335005091481922,0.4223655915268542,0.5546988693659538,0.6338016380162103,0.1328694088055506,-0.0534839546777907,-0.1712266275626314,0.7006934651643967,-0.0490449960783052,-0.0012944394486659,0.6222773852299726,1.8143789772942296,-1.4127704184933951,0.1530196650332801
2017-03-03,PRU,112.11,113.12,111.8,112.56,1433976,0.3902249631998177,0.3946963892258484,0.5047469704806594,0.6180408864949061,0.6426545348875344,0.1280519834190695,-0.1800816105815401,-0.2227327354784559,0.97588843939091,-0.6265435263613635,-0.0012053624309826,0.7879162512512475,-1.138657183435045,0.2769418857006763,-0.6139790678000129
2017-03-06,PRU,111.5,112.17,111.26,111.77,1770036,-0.4699527738963819,-0.4608716894159466,0.2503129377251469,0.2362413384367699,0.6098534210129315,0.0169813365076371,-0.2553250930579386,-0.2567593207503352,0.5839086364789103,-0.2817799903734161,-0.001288195399693,0.5279060121839613,0.389875806426176,0.1566339602963139,-0.9127859910104246
2017-03-07,PRU,111.56,111.75,110.93,111.24,1890258,-0.3282162262336524,-0.3190786666802239,0.0626001093404752,-0.0169541140088688,0.5549070549604448,-0.1288766789053859,-0.3769702002856477,-0.2477714852190939,0.5425597954486278,-0.1939288805321277,-0.0012920943012404,0.3534687631894536,-0.4705263278133575,-0.2430301690990485,-0.9769809948479382
2017-03-08,PRU,112.35,112.695,110.96,111.09,1748819,-0.1169470105524787,-0.1083261808397611,-0.0266806902293451,-0.3561295499269815,0.4980213001762783,-0.2505550444453172,-0.5003510333022034,-0.2454383620165682,0.4525575078584975,-0.338559875858099,-0.0012892267955945,0.304099730455162,-0.3287528049128022,-0.8736262909720124,-0.2897090757503032
2017-03-09,PRU,111.46,111.7212,110.541,110.99,1486851,-0.0890389249479884,-0.0805399166519979,-0.1187942178376339,-0.4612666881070232,0.4422097086610099,-0.345132859114426,-0.8079949767244998,-0.3098338060780038,0.6378964652350884,-0.5648318342077081,-0.0012829327501316,0.0904117495305676,-0.1174284747983799,-0.3449002492703595,-0.7051280065986378
2017-03-10,PRU,111.45,111.82,110.19,111.06,1872692,0.0062693198179358,0.0142584012454773,-0.1337938372136299,-0.2021566527528535,0.3944899402487884,-0.3999668974800914,-0.8984176020442328,-0.5631094113106729,0.1943007716079985,-0.1554283328841443,-0.0011913015828179,-0.350226899379647,-0.0895131087279863,-0.290696956530536,-0.3681508347872914
2017-03-13,PRU,111.19,111.86,110.94,111.61,1245016,0.2753230693579753,0.2810920762997723,-0.0377694429500297,-0.0901865208678704,0.3723291582918261,-0.3780457370249047,-0.9837520256940036,-0.5598637818124914,0.2187624215280819,-0.7409339896239218,-0.0012091534543149,-0.247967912180976,0.0058199993852895,0.2590665750326006,-0.9043461141556494
2017-03-14,PRU,111.24,111.24,110.25,111.07,1285943,-0.3342176204124459,-0.3250758732685227,-0.180093865867466,-0.0423141678238591,0.3280369924967237,-0.4174746096768705,-1.0198782144052114,-0.5744415810484194,0.0023947979036358,-0.6658437784373898,-0.0012769531681628,-0.6045817345858591,0.2749439377830456,-0.141776848205191,-0.8484819911853989
2017-03-15,PRU,111.34,112.03,110.88,111.39,2223034,0.1463734716646584,0.1533499819002952,-0.1157348179535372,-0.0521291781055371,0.3003703120759585,-0.406223994646233,-1.0340275995363466,-0.5827827018067371,-0.0424850389184841,0.3707401566827756,-0.0011827703423209,-0.4163095059165448,-0.3347557646932751,0.0076118599413725,-0.7309056554035326
2017-03-16,PRU,111.6,112.27,111.0225,111.62,1878703,0.0955554303720657,0.1029353222007017,-0.0595266066545011,0.2664126803372866,0.2825429446426504,-0.3718972803719959,-1.0360138236818814,-0.6332416495531121,-0.1898109099787083,0.0400078839198405,-0.0011931252204499,-0.2809888415604762,0.1459607006218507,-0.0127768044100617,-0.6598804129325699
2017-03-17,PRU,111.5,111.62,109.85,109.92,2539562,-0.9812012369917092,-0.975038911313732,-0.4346731237051788,-0.4540394153016671,0.1975368342696149,-0.5173528368232515,-1.0133627457056753,-0.5588624573611798,-0.4543696751179698,0.7549184703778485,-0.0013085576175062,-1.2811850563661855,0.0951294022745772,-1.0969158383303153,-0.249317705583603
2017-03-20,PRU,109.64,109.725,109.0,109.12,1797505,-0.4861113086890964,-0.4770573015093561,-0.6003538101820665,-0.5423612618335676,0.0958829562137699,-0.6765683494148923,-0.9446923680022676,-0.5671795306890389,-0.4305156819736704,-0.0232433740677145,-0.0012904494072449,-1.7518656280394582,-0.981908161826932,-0.3846431495726212,-1.0376020969351645
2017-03-21,PRU,109.98,110.0,105.55,105.84,2713149,-1.9043886658095532,-1.9144532444254865,-1.31418797309378,-2.174831003627966,-0.1141452865079845,-1.0828945085152653,-0.6345328628320285,-0.3097209094200706,-0.8779034594114111,0.9392291930982982,-0.0013160296042657,-1.7741902690431253,-0.4866890779314538,-2.87032810354005,1.912708821181808
2017-03-22,PRU,105.25,106.15,103.45,105.42,1693603,-0.2800517474111376,-0.2709688222299894,-1.356310258344012,-2.024742083960321,-0.2954143340022772,-1.333929762358557,-0.3961031510574361,-0.3139757807953884,-0.8426594977053559,-0.1566716759455501,-0.0012897191192814,-1.2913354313071117,-1.905336425315164,0.0957148361029326,0.5431887144994435
2017-03-23,PRU,105.45,107.03,104.98,105.5,1910126,0.0142496693357657,0.0221894721595478,-1.2765553447535607,-2.364895695603648,-0.4326319377013569,-1.421370307432969,-0.222137076281627,-0.3204285556978946,-0.877560888178547,0.063855645487839,-0.0011887747522792,-1.267377366172391,-0.2805757612783982,0.0095069603642104,0.0280956395209482
2017-03-24,PRU,106.01,106.8501,104.8201,105.44,1725039,-0.068403457742834,-0.06000254102358,-1.2393715053250374,-2.301196011849968,-0.5392195672465981,-1.4124817173037387,-0.0787982005472668,-0.3299811288049182,-0.7711801492663344,-0.1577245745377934,-0.0012904882353956,-1.2853459150234323,0.0138024307608069,-0.4325472606128135,0.0132089550617111
2017-03-27,PRU,102.64,104.79,102.01,104.5,2626428,-0.5880278644540506,-0.5792422610049475,-1.3902387407872756,-2.338211560750063,-0.6548329572590743,-1.4286029972680232,0.0852228793850326,-0.3572531046011848,-1.0212691479399645,0.7357108709993301,-0.0013167288750044,-1.2212380302071997,-0.0688722582866792,1.3428019253581291,0.6257822104704561
2017-03-28,PRU,104.13,106.35,104.03,105.8,3699815,0.7415058588444899,0.7407231526390303,-1.0248552374934417,-1.689135903596984,-0.6890483019173222,-1.2319828537337003,0.1626752292045129,-0.2909821651752157,-0.7972421452704428,1.678977455749746,-0.0011355804565517,-0.8766259091007217,-0.5886322209736482,1.185356177638489,0.2361883246847402
2017-03-29,PRU,105.48,105.9699,104.7,105.16,2085364,-0.4096042093947085,-0.4004593794339722,-1.0782208720499369,-1.760589028975584,-0.7345801693675102,-1.1038152737631102,0.1580119347810378,-0.637580572163685,-1.284903753691332,0.0816794294265468,-0.0013008464720381,-1.0072483743194045,0.7412483417705182,-0.2555218148985012,-0.5849093198269742
2017-03-30,PRU,105.3,107.54,105.25,107.3,1995590,1.2339514678550871,1.22257049272918,-0.510331048117196,-1.041183371584686,-0.6802975461169731,-0.7443604289910254,0.1376445641097818,-0.5220479831488248,-0.7586171360503674,-0.0083806479306333,-0.0011858835424811,-0.2985016751622301,-0.4101620200008606,1.4086651236082717,0.1873393581887507
2017-03-31,PRU,106.72,107.5,106.61,106.68,1890067,-0.3927349363333218,-0.3835828235113839,-0.5901529706309606,-1.3003757857196123,-0.6558149798705856,-0.5335013869055227,0.089867922130981,-0.5465186768771886,-0.9346847603724469,-0.1379756154628527,-0.0012954493676549,-0.4284316781034712,1.2338224165424854,-0.0546343114094905,-0.8960355151917575
2017-04-03,PRU,106.88,107.3,104.7,106.44,1854812,-0.1730591195389436,-0.1642311237094481,-0.5848908682400049,-1.2572663658970291,-0.6401743295821414,-0.3875730927026855,0.0585187111206831,-0.5535700161670737,-0.8678375915018541,-0.1774812366897509,-0.0012954682314901,-0.5030974309332542,-0.3932883462016708,-0.3373456065301836,0.4444355317513357
2017-04-04,PRU,105.84,106.73,105.84,106.19,1650383,-0.1792240529600471,-0.1703763748640794,-0.5853698156828522,-1.395394891314047,-0.6320284186882165,-0.2901217875228534,0.0352731821327626,-0.5555988704697006,-0.8342072182099882,-0.3732454536977145,-0.0012905630566677,-0.5808742567976083,-0.1735552219188256,0.2235240085384873,-0.8928271970155909
2017-04-05,PRU,107.26,107.67,105.3,105.48,1709360,-0.4492612904760358,-0.4401517087742669,-0.6911221549575225,-1.5615975122678187,-0.6477445668259154,-0.2735812725502218,0.0191693639752094,-0.5495963245863992,-0.9091417512061648,-0.3118200337870496,-0.0012931427777711,-0.757042557674027,-0.1797217636045805,-1.2801127245040174,0.2812380674313589
2017-04-06,PRU,105.4,106.65,104.84,106.29,2403627,0.4450946885926696,0.4488730262261677,-0.4374577615123809,-1.059248728427002,-0.6228381163356381,-0.1557869910061119,-0.0279998811811537,-0.51588008089528,-0.7893958859792017,0.3370699972684411,-0.0011704781514649,-0.4946071731390922,-0.4498294465437406,0.6116444433846663,-0.1721221383778231
2017-04-07,PRU,105.3,106.49,104.71,105.86,1943780,-0.2848631624833443,-0.275773099300989,-0.4797962014370764,-0.9948044328231992,-0.6146335230472274,-0.104541858692383,-0.0868513902471962,-0.5175329368426047,-0.8551237847153071,-0.1218545897914514,-0.0012996390490881,-0.633924722953936,0.4447598458486786,0.3754783179950076,-0.1899756148195799
2017-04-10,PRU,105.88,106.67,105.24,105.73,1108780,-0.1094512185175485,-0.1008618837358967,-0.4405721507722543,-0.2259473839594852,-0.607935790063415,-0.0674243853254153,-0.1950543221390773,-0.5359864297740101,-0.9412150660809556,-0.943991323678537,-0.0012758633270878,-0.676043982200282,-0.2853884315188696,-0.1333506250335723,-0.4641373986172765
2017-04-11,PRU,105.06,105.79,104.35,105.4,2133979,-0.2273131940450877,-0.218332931892753,-0.4528554926653899,-0.1957802476117043,-0.6102763997392542,-0.0609949450461926,-0.2978725733033516,-0.5376081673601404,-0.917208972482208,0.0301232489686346,-0.0013072901377748,-0.7829621018256249,-0.1099307273137243,0.2181876082407774,-0.4527011544494996
2017-04-12,PRU,105.71,105.71,103.57,103.84,1779717,-0.9544622527080772,-0.9480411924310927,-0.7457843263316348,-0.6703927254028561,-0.6675274323592566,-0.1971898762192866,-0.4161870986180171,-0.502073987445163,-1.162929403824286,-0.2955976089447002,-0.0012978521813493,-1.2883932127817947,-0.2278234498479291,-1.3628205547338734,0.1262169198355466
2017-04-13,PRU,103.14,104.44,102.62,102.92,1509173,-0.5845888252039735,-0.5757914141180295,-0.8685049129847996,-0.8627617211491645,-0.7422464528826294,-0.3511081213163461,-0.5842164248228661,-0.5044803390716003,-1.3121909867094856,-0.5479760294236713,-0.0012904174961406,-1.5665259695292482,-0.9551622020643612,-0.1874702519919187,-0.117554333115213
2017-04-17,PRU,103.0,104.48,102.7,104.3,1429221,0.8017891468825918,0.7999108595880704,-0.457915071249658,-0.2404120342232222,-0.7403133135091451,-0.2769413773569249,-0.7396797892413751,-0.4594775755598227,-0.918372221665868,-0.5875724209682158,-0.0011967373184753,-0.9285648977973816,-0.5851922845710986,0.9272496696173528,-0.1690158514415141
2017-04-18,PRU,103.45,104.58,103.14,103.57,2306797,-0.4687426142306298,-0.459659672140245,-0.5714986846611506,-0.7923422173614881,-0.7604411444520224,-0.274392540012586,-0.855630282497877,-0.4603111357551631,-0.9144559620551532,0.2770401447193639,-0.0013156988364492,-1.232276102094382,0.801547356090577,0.0613220592880384,-0.4325825909753308
2017-04-19,PRU,104.83,105.1,103.86,104.17,1855055,0.32767618345354,0.3328798208356829,-0.4014981704102028,-0.4578341180433968,-0.7458773471145879,-0.1830578161466259,-0.8394667672732579,-0.7313045676373944,-0.3992091652800347,-0.1367886263282595,-0.0011824270620208,-0.6127105377450532,-0.4693158524496277,-0.5019836137746583,-0.5992660564591671
2017-04-20,PRU,105.0,106.25,104.449,105.84,1963775,0.9650928752801252,0.9599630727308872,0.0094800591772473,-0.6034187295599918,-0.6626688356969149,0.0667002752963342,-0.8359042339715903,-0.6339536714250718,-0.1089648002374112,-0.0387814183550336,-0.0011802507503401,0.3680992091681933,0.3273107093923322,0.5780977304291656,-0.1731749250396965
2017-04-21,PRU,105.63,106.48,105.505,105.65,2134980,-0.1447593378809699,-0.1360295158207934,-0.0397416120521838,-0.4939964195323968,-0.5989943662208063,0.2162264607641319,-0.8349213049679328,-0.6326348269057638,-0.1465955996867953,0.1237406067675219,-0.0013091175165396,0.2565100762858491,0.9648936860209888,-0.0120115645513674,-0.8222056992423158
2017-04-24,PRU,108.25,108.84,107.69,107.87,1689191,1.275218280155526,1.2627794033986508,0.4824613400079821,0.1641826094290809,-0.4575837892800128,0.5359388115552874,-0.7564308229120117,-0.4876584237442209,0.1709934157041185,-0.3273903183397028,-0.0011888783040713,0.9707768354550798,-0.1452480576120258,-0.291532979131533,-0.7028285977349067
2017-04-25,PRU,108.9,109.34,107.85,107.89,2666550,-0.0214528823029187,-0.0133005133778197,0.4443452105012019,0.2391193934328767,-0.3424760644508638,0.7240056036463183,-0.7050187250037356,-0.5231388634581776,0.308957527484968,0.6632334028081897,-0.0011593490739633,0.7256074383102036,1.2750999942398826,-0.7270264040416968,-0.440356429963572
2017-04-26,PRU,107.99,108.5,107.13,107.2,1811261,-0.4311612657231121,-0.4220324397014032,0.2552437884581053,0.2448976802187206,-0.2769118208762403,0.7469349694419627,-0.6791273825052839,-0.5470970318189288,0.0268630250099723,-0.1135899117540256,-0.0012976799788358,0.3842852268763773,-0.0219094347094868,-0.5790150440185083,-0.5262401569893083
2017-04-27,PRU,107.51,107.51,106.21,107.08,1478517,-0.1026878760724969,-0.094127730869278,0.2013135648457249,0.0228069797128375,-0.2287337999781312,0.7205266242062636,-0.663904139267477,-0.5623047026630859,0.1006684960384956,-0.4426345944427802,-0.0012884880762269,0.3249248422791875,-0.4317246999831328,-0.3284955818191833,-0.5795278866000025
2017-04-28,PRU,107.12,107.68,106.91,107.03,1395004,-0.0620668487570463,-0.0536974202211609,0.1922977477580316,0.135919014236989,-0.1920030014572174,0.6699349946783328,-0.6718862632260962,-0.7097491711760998,-0.2044328525083216,-0.5083796942225698,-0.0012866267066735,0.3001913486970273,-0.1031656204952665,-0.089793592158206,-0.9917493713361368
2017-05-01,PRU,107.64,107.79,106.92,107.46,1413479,0.2171296798707366,0.2234762471314899,0.2891665705519143,0.278221107621484,-0.1459839850701959,0.6533694039502524,-0.6508199497814212,-0.7178112214744892,-0.0600949791063339,-0.4675727012491268,-0.0011974937556477,0.5128993935036121,-0.0625339962507211,-0.15265732871492,-0.9165933238596716
2017-05-02,PRU,107.51,107.71,107.0,107.56,1512418,0.0249399680208753,0.032812166613528,0.2998581655533222,0.4069116165906579,-0.1060516621384676,0.6244498871939497,-0.6242072395707134,-0.7207041124695561,-0.012939788302299,-0.3411198670347419,-0.0011951044194404,0.5623663806679392,0.2167353672119464,0.0088205457691891,-1.0411936447034056
2017-05-03,PRU,107.06,108.78,107.0,108.48,2082496,0.4995197109339084,0.5025637886772616,0.498879955458204,1.1726956492662222,-0.0394393360295084,0.6699881426811097,-0.5614016209148329,-0.7010920072030923,0.1492402402014314,0.2729405681799579,-0.0011782662084716,1.01746266257971,0.0244955182561622,0.97577138981295,-0.2238208627872455
2017-05-04,PRU,110.0,111.57,108.84,109.13,2464224,0.3400471388627138,0.345110855890729,0.6133895785933308,1.6838028439856816,0.0368120856527214,0.7312296131431151,-0.4810734065201943,-0.7188481841592442,0.3407322438967486,0.6418687250502775,-0.0011681841548649,0.5366214391918038,0.4991990662085507,-0.6238624880328636,0.493534027276799
2017-05-05,PRU,109.6,109.81,108.36,108.73,1679966,-0.2611937430373198,-0.2521423877545747,0.4836491726695994,1.2959451170881622,0.0788940532531215,0.6922712029200951,-0.4289180448338309,-0.7238543175175735,0.1696684150886219,-0.1765539752855326,-0.0012921867881619,0.3880546665686783,0.3396848920497065,-0.6260433126210957,-0.4799080443803725
2017-05-08,PRU,108.46,108.61,107.79,108.26,2122678,-0.3021147556823582,-0.2930021640070381,0.3374427303546656,1.431015428191701,0.0910020151322894,0.5839519000062031,-0.4021030526771058,-0.7226673254142277,0.165488465401592,0.3040690385120547,-0.0013063602250806,0.213488708736503,-0.2617128373604816,-0.1656338755097066,-0.960070392144604
2017-05-09,PRU,108.49,108.74,107.62,107.88,1456150,-0.2515260102552851,-0.2424930586934307,0.21685874033291,1.1264330998134366,0.0829897289207906,0.4455072854520431,-0.3912913208961088,-0.7163466150294503,0.1311713191269263,-0.4484753060165002,-0.0012873984263915,0.0723502747445273,-0.3026445251926863,-0.4511168914195037,-0.7260869470615904
2017-05-10,PRU,107.52,108.705,107.01,108.46,1574955,0.3017245886610863,0.3072138954904534,0.3214395132576434,0.8802041507025105,0.0966558716481244,0.3905514967114572,-0.3764119644100079,-0.7172148840950374,0.2589067459808812,-0.2917193110136863,-0.0011935819511419,0.287772095048063,-0.2520425825280318,0.6341994280408796,-0.2888828484135013
2017-05-11,PRU,108.04,108.475,106.55,107.79,1720100,-0.417588382384605,-0.4084486034782807,0.1075686549452142,0.6298807694950299,0.0785168823264062,0.2647210033378395,-0.4388022598212206,-0.8040934502994564,0.3911889843919525,-0.1270648843050575,-0.0012954298557909,0.0389227509043273,0.3013523445295951,-0.2011401929326935,-0.1029562031703138
2017-05-12,PRU,107.09,107.39,105.83,106.21,2247280,-0.9455825468809496,-0.93907816699944,-0.320565844768321,-0.881772960291191,0.0002605630777409,0.0093156363036884,-0.5789606848489494,-0.7386178015139301,0.3020017513689386,0.4105502900280668,-0.0013129217269078,-0.5658713087644742,-0.4181482758458853,-0.6471548265219274,-0.3672231517384844
2017-05-15,PRU,106.66,107.64,106.21,107.44,1884543,0.688003732141323,0.6881459347446905,-0.0575373140895947,-0.34931582907802,-0.0148753738498444,-0.0325378798222693,-0.6573580706586457,-0.7549496527598739,0.2746684528526993,-0.010701115408635,-0.001182300776804,-0.1856941718447765,-0.9462801797617711,0.5261904098163827,-0.4820775411375466
2017-05-16,PRU,107.5,107.89,107.08,107.8,1557865,0.1756124221334074,0.1823382475379671,-0.0213701854562683,0.0336592519760048,-0.0142347364486172,-0.0254120619883286,-0.814321126621541,-0.7860698681524066,0.4323502634046365,-0.3289102337483122,-0.0011938360519257,-0.1825641007459207,0.6877322578072682,0.1845256402908984,-0.965107794542716
2017-05-17,PRU,105.77,106.33,103.09,103.42,2040076,-2.56258977444106,-2.593035292398101,-1.0829167045993822,-1.0729139279167497,-0.1856606476796509,-0.4626077418411834,-0.748706633322908,-0.2155386290986734,-0.2732167225721911,0.1907731617167871,-0.0013056017546618,-1.751941947118002,0.1752072787432072,-1.7049276421574642,1.019625468761557
2017-05-18,PRU,103.42,104.29,102.75,103.45,3823275,-0.0149362758407358,-0.0068211876993299,-1.0474017785777248,-1.055012922057352,-0.3183625034082253,-0.7126892334798532,-0.6125470732517889,-0.2948954723899404,-0.4991176654047999,1.943381221630581,-0.001122109090202,-1.6174788537065516,-2.563709240841823,-0.0044005427825205,-0.3506769857106941
2017-05-19,PRU,103.35,104.61,103.08,103.99,2447656,0.2919854963318818,0.2975792627786257,-0.8955318170259865,-1.0208902737189396,-0.3993700895682035,-0.7796942668181841,-0.5372693053240082,-0.284230122846736,-0.3982357968538588,0.4882029428248513,-0.0011687163480572,-1.413957535087626,-0.0153911282406526,0.4415416252721649,-0.3651337404268323
2017-05-22,PRU,104.38,104.65,103.5,104.27,1222272,0.1346378688590766,0.1417111782568329,-0.7839816736560521,-0.9663517491019448,-0.449069158660334,-0.752710709520284,-0.4725140453976204,-0.4294731250314354,-0.6576185856267096,-0.7643255272506074,-0.0012067191419256,-1.3084279624704036,0.2916107115341969,-0.1059361749938162,-0.6721526307486579
2017-05-23,PRU,104.26,105.49,104.12,105.15,1526230,0.4924386265440586,0.4955808708709791,-0.5350052712804572,-0.9783349164844912,-0.450328111674014,-0.6064398387739934,-0.4532126282570647,-0.3994972887081741,-0.5404600406411577,-0.3973858762766224,-0.0011983444456803,-0.976763591387702,0.1342220363144057,0.6186200383725117,-0.505475328960848
2017-05-24,PRU,105.59,105.59,104.54,104.96,1420042,-0.1454927346801386,-0.1367602063124486,-0.5546217487910554,-1.2154344539410031,-0.4552516923822778,-0.498855830777664,-0.4259812439813172,-0.4081107041888315,-0.4743600739767034,-0.4957943962949004,-0.001283337034463,-1.048372944235107,0.4921161345550014,-0.4770943200666143,-0.7575976963133008
2017-05-25,PRU,105.31,106.2,105.06,106.02,1009234,0.5957531923569558,0.5973851700773309,-0.2810043719570357,-0.821197768166801,-0.4143563943346854,-0.2948516192173958,-0.4228322344041926,-0.3717997759330885,-0.3128611716912142,-0.9296347725619204,-0.001213405044929,-0.6488681336127654,-0.1459816457346147,0.483053570348833,-0.6951856274179306
2017-05-26,PRU,105.61,106.01,104.92,105.07,1668008,-0.590863762573014,-0.5820880406267371,-0.4909642332745502,-0.9059282879410476,-0.4162324955765388,-0.2417410954470316,-0.4035443831874523,-0.3507268913786288,-0.4364261887668504,-0.2157270568763824,-0.0012906344535691,-1.0069148978497702,0.5954576523482085,-0.4126243246132784,-0.7267427949991966
2017-05-30,PRU,104.62,105.0,104.28,104.86,1069137,-0.1574291626357945,-0.1486538000787234,-0.5111420071808308,-0.8766384729282803,-0.4228062936720377,-0.2113444672629802,-0.3875915458952595,-0.3581054793448523,-0.5228187396596897,-0.8611722674847966,-0.0012739673278535,-1.0860620773126843,-0.5914688589018501,0.1470004864089509,-1.0190807296527011
2017-05-31,PRU,105.0,105.02,103.395,104.85,1890834,-0.0389332962939833,-0.0306842733965026,-0.4806580136748506,-1.0488567501456432,-0.4252042817519695,-0.1762787016206322,-0.378717395133347,-0.359107412913991,-0.5375080876331271,0.0266252056466029,-0.0012986211601982,-1.0898309906204442,-0.1579211875819925,-0.1342476725124158,-0.2996796815067258
2017-06-01,PRU,105.59,106.72,104.56,106.7,2031543,1.0655005651731038,1.0581665593627096,-0.0018724445900812,-0.4260086742833438,-0.3519360283661201,0.0465375138609325,-0.4157171111290979,-0.2830118787257615,-0.4084619989629273,0.1838065418134352,-0.0011814005056234,-0.3925820286852235,-0.0393944088685199,0.7679109472808483,0.0958012726489374
2017-06-02,PRU,105.63,106.95,105.35,106.42,1899358,-0.1963723363938025,-0.1874731189146392,-0.0374702310682432,-0.1384814220561731,-0.3030922669501283,0.1619222643740031,-0.4889982560206788,-0.2963466988832796,-0.532184630412061,0.0712590953773953,-0.0012987891392709,-0.1532934024714271,1.065327569568847,0.538730408122699,-0.3383134241813038
2017-06-05,PRU,106.31,106.66,105.54,105.57,1329698,-0.5302647131681443,-0.5213062839136119,-0.2088001413051826,-0.653168579590982,-0.2961181935603882,0.1464582085754575,-0.5534242013773839,-0.2849317599072732,-0.5943094382436908,-0.5487894404474851,-0.0012827790933712,-0.316329173298386,-0.1968745205624108,-0.5522155351340493,-0.7071545102466676
2017-06-06,PRU,104.5,104.68,102.92,103.2,2070351,-1.430661562343453,-1.4306192749438569,-0.7347858180772577,-1.1654668268927342,-0.3811663260405634,-0.1027766098456719,-0.544307326503372,-0.1678268343262931,-0.8539164524174973,0.2875772626668071,-0.0013060125783247,-1.631572953555262,-0.5308540008414098,-0.9661952179226436,-0.1700069205439533
2017-06-07,PRU,103.25,103.86,102.03,103.55,1766112,0.1781504019531616,0.1848538275445636,-0.5950645665930883,-0.1501046736038999,-0.4315150162920138,-0.2128486976233853,-0.554503845095116,-0.1600812034200409,-0.756953770387826,-0.0721152335046014,-0.001187447037569,-1.124335603689671,-1.431485739240315,0.1932043745511246,-0.1184724039458312
2017-06-08,PRU,103.69,106.36,103.59,105.41,2339504,1.0853038096509122,1.0775166967678789,-0.0941815163053212,0.3054403268405625,-0.395353988322454,-0.0782318423761908,-0.6485324351644599,-0.0720150746840184,-0.5804769131181676,0.5141227721673218,-0.0011709347346494,-0.1379771690268574,0.1777459206533606,1.2269293790905125,0.5987356764730736
2017-06-09,PRU,106.13,107.92,106.02,107.75,2032756,1.3490721454187835,1.3346748585293151,0.4895216870886638,0.6328556783785781,-0.273151358593033,0.2509312435783777,-0.6506179218728946,0.0495201052283405,-0.1729270098365728,0.1600353663549263,-0.001181917684489,1.3469346331155976,1.0851359801783722,1.1269284501815078,-0.1217403031166335
2017-06-12,PRU,107.8,108.905,107.13,108.36,2088681,0.3194624522998794,0.3247576553449308,0.6140117695873806,0.6836236295801272,-0.1522391806876927,0.5109401115614802,-0.5673692945044471,-0.000800352146589,0.1298216235328883,0.2303566387994875,-0.0011815841079164,1.1793618157701713,1.3489731259822346,0.36616025517382,-0.2261520175609503
2017-06-13,PRU,108.79,109.05,107.8,108.05,5447749,-0.211105969450366,-0.2021662413275106,0.5290468301502235,0.456370157366619,-0.0695105197318981,0.6206634906343853,-0.5406448860372677,-0.0267744062741173,-0.0840927798861058,3.368758678574387,-0.0013987000840417,0.9693486186540692,0.3190948354980176,-0.5402270299312453,-0.6271769850184822
2017-06-14,PRU,107.11,108.305,105.76,108.1,2215899,-0.0041862154262655,0.0038658912001929,0.5376649994960289,0.5172471584954592,-0.0036339284081242,0.6650652567617827,-0.5267710321050524,-0.0290893723376644,-0.1266052905709219,0.1224832714264359,-0.0011754798167276,0.9930251253310086,-0.2116119972259712,0.6719960932389978,0.3707712588447041
2017-06-15,PRU,107.28,108.47,106.94,108.28,1699013,0.0706713644390008,0.0782338003828349,0.520510287741487,0.3559255616258845,0.0533466714013715,0.67768854064702,-0.504919186082262,-0.5392291772909314,0.5226857911412635,-0.369108448445415,-0.0011923809644298,1.078260549367999,-0.0046382634257153,0.6779320058239079,-0.4137147874536014
2017-06-16,PRU,108.59,108.67,107.625,107.71,2290338,-0.3607304480589983,-0.3515771548999221,0.3251952092379492,0.4679782429965062,0.0735277757477523,0.5930658999223077,-0.5244720707957419,-0.5213272273968172,0.4373050797518978,0.3016142746187253,-0.0013093443728417,0.8083483732508696,0.0702388447606807,-0.6385789225390469,-0.7827527547806042
2017-06-19,PRU,108.47,108.88,108.13,108.48,1170329,0.4120758061164874,0.4162769030265917,0.459142306584382,0.6711699921325199,0.1167829410849255,0.5847600231217553,-0.5094689521828563,-0.5159885235703324,0.4666475558871752,-0.8054418146743317,-0.0012078213504855,1.1729665760757635,-0.361275508820607,-0.0193513268147238,-1.015128798363364
2017-06-20,PRU,108.0,108.34,107.3268,107.43,1035164,-0.6356042599903728,-0.6270017512254182,0.1600168592152512,0.3766139739108894,0.1068121554671101,0.4411126401874397,-0.531974186968287,-0.4717463722961492,0.2776126875553369,-0.9431179443099428,-0.0012731839012132,0.6757599358600072,0.4117323496377016,-0.4250620836459624,-0.8053147895834097
2017-06-21,PRU,107.62,107.63,104.59,104.89,2096034,-1.504981663887493,-1.506275379816917,-0.4639612495132487,-0.5664152031681997,-0.0027178752106359,0.0699309509298244,-0.525818623266741,-0.3053747120894819,-0.2037917654500901,0.1523974845255399,-0.0013051008996476,-0.5270066033285914,-0.6362210279068108,-1.9428411140220716,0.8241228719117252
2017-06-22,PRU,104.59,104.59,103.15,103.31,1925509,-0.9708137496753404,-0.964549513160306,-0.8343054054519472,-0.7828559259311619,-0.1516511099657451,-0.3284375694604028,-0.4635870384749168,-0.2438055254387749,-0.3983535379870865,-0.0524144540662432,-0.0013013431033612,-1.2751842143199217,-1.5058252288919052,-0.950939220377513,-0.4296663898371234
2017-06-23,PRU,103.61,103.94,102.96,103.36,2599220,-0.0028643822741495,0.0051798527672102,-0.789919646415491,-0.6340742300267114,-0.2663399287831802,-0.558987848653456,-0.398312740883643,-0.278207730744029,-0.5359566867321663,0.5393681486547277,-0.0011618508024591,-1.251507707642982,-0.9715179646956268,-0.208615038356938,-0.8011338632472369
2017-06-26,PRU,103.94,104.64,102.49,103.67,2149314,0.1537298821085099,0.1606445988335491,-0.6962728828550152,-0.0788232572407202,-0.342776227249286,-0.6449667431259977,-0.3605593903387704,-0.2926583417572887,-0.3631671498240016,0.0671763763306275,-0.0011777396109829,-1.1047133662459476,-0.0033160854430247,-0.2225738338383054,0.1370724279831881
2017-06-27,PRU,104.01,106.04,103.7,104.6,1678031,0.5255066566075737,0.5281837254926497,-0.462825180183107,0.0462732939314664,-0.3642491107872624,-0.5722749748530664,-0.3553009712844956,-0.2684200024249267,-0.2038921974218982,-0.419832190582827,-0.0011931457608986,-0.6643303420548513,0.1533190301545342,0.4022533293941913,0.2730892027698429
2017-06-28,PRU,105.62,107.48,105.62,107.26,2271035,1.550238944961866,1.5300849072156273,0.1657152741592705,0.2017510987253771,-0.275105443913041,-0.2293964636950805,-0.3562038738913177,-0.0998921823759337,0.1700965776042545,0.1343803053111081,-0.0011768074539482,0.5952598131584071,0.5251927911745897,1.146803385361753,-0.1461066876226356
2017-06-29,PRU,109.0,109.75,107.29,108.38,2923584,0.6170972069800696,0.6183963283944107,0.4215435224825343,-0.0431752978092551,-0.1602292560687027,0.1111414112329413,-0.3212852562870105,-0.1493203783655683,0.0637639424221968,0.7022273996203128,-0.0011598394540356,0.8529657073358612,1.5501924045110016,-0.4560606499325036,0.3003398170162333
2017-06-30,PRU,109.12,109.37,108.06,108.14,2152801,-0.1708621530319404,-0.1620413186705892,0.3405974610630666,-0.2414354568573964,-0.0794150928337316,0.2958966461954959,-0.2953977017625085,-0.1500426988488085,0.069892578303906,-0.0336992835554394,-0.001301960960753,0.7496232761200345,0.6168072350483629,-0.7048424806315489,-0.5817388647794396
2017-07-03,PRU,109.04,111.38,109.04,110.18,1923259,1.1414666580496553,1.1323616421659424,0.7855015368816343,0.2564204053683024,0.0624996037882189,0.6009725552814507,-0.2013744737012729,-0.0950459415868345,0.4738510154244754,-0.2723709059794374,-0.0011886195977066,1.01624582760134,-0.1713576822825877,0.7635682169639637,0.17866711984023
2017-07-05,PRU,110.42,110.57,109.51,110.22,2026144,-0.0103937422716828,-0.0023050424787243,0.706141693710939,0.2546441290120107,0.1728535605712936,0.7637964815109414,-0.202849947815401,-0.2672408043361231,0.8315499651974981,-0.1757025030249439,-0.0011868154278809,1.030466925087722,1.1413134799476388,-0.1631609362204208,-0.7898240728807523
2017-07-06,PRU,110.39,112.72,110.0,110.8,3178459,0.2946183803666954,0.3001840548781502,0.7565887939045075,0.3237815153659662,0.2782326990163093,0.881250525731954,-0.1938683425299824,-0.2662586015479455,0.8607942623389706,0.7954677502180042,-0.0011567585809618,0.8189854431127698,-0.0108474096472582,0.2542906772982468,0.454588888969301
2017-07-07,PRU,111.26,111.67,110.26,111.36,1935848,0.2816655183129601,0.2873683385696822,0.8182408787918839,0.554228624874145,0.3777351432375925,0.9600872513419064,-0.1193741362205227,-0.3295463682610101,0.6615238057574427,-0.2991347894093193,-0.0011919331326947,1.0009543249278043,0.2942442824173565,0.0415890622682371,-0.536092114565069
2017-07-10,PRU,111.08,111.82,111.01,111.34,1205245,-0.0441774434645177,-0.0359003761288288,0.7680593499978088,0.4252018012805689,0.4489332715439426,0.9503018099127392,-0.0371873828098281,-0.4514239922890668,0.3218475307589825,-0.9373173524261712,-0.0012737533906945,0.9944554362915542,0.2812880413116911,0.1505241418148534,-0.985018024495983
2017-07-11,PRU,111.46,111.6,110.34,110.65,1064199,-0.4188236510454062,-0.4096847456992403,0.5712692952269781,0.5211461636070159,0.4710764997688503,0.8162069884210036,0.0077439781236582,-0.4386623079718849,0.1428977124964291,-1.043562573336132,-0.0012704304378596,0.7702437783408883,-0.0446399240954379,-0.5753650523796274,-0.6423001063974375
2017-07-12,PRU,110.56,111.28,110.17,111.21,1382200,0.2820920816586751,0.2877904276776628,0.6679771207724473,1.447327133702653,0.5031679738660912,0.7345377448477755,0.0669293654677311,-0.4396821101551459,0.2620417590141624,-0.6087886585846957,-0.0012063401928522,0.9522126601559184,-0.4193838667549228,0.4178645304976537,-0.7594890479011068
2017-07-13,PRU,111.28,112.1409,111.04,111.93,1193479,0.3700773046596384,0.3747913214136273,0.7948239646659006,2.225271438570895,0.5489130842162352,0.7043465746620711,0.1437228757774296,-0.4326614373262252,0.3528698093550677,-0.7713417097173418,-0.0012117120382117,1.1861726510609665,0.281714715936264,0.4149906054565633,-0.7716155815295366
2017-07-14,PRU,110.55,111.83,109.91,111.41,1363908,-0.3222319896188519,-0.3130991840254584,0.6295848704957269,1.969206243082259,0.5565893308329268,0.5822050386044432,0.1927204653964365,-0.4200650232525491,0.2570603608930177,-0.5765965565288025,-0.0012777406489393,1.0172015465184312,0.3697228919059517,0.5614223477252688,-0.1550574090527408
2017-07-17,PRU,111.28,111.62,110.45,111.28,985432,-0.1056425278808475,-0.0970695407485888,0.5537244557614628,1.8852150943738304,0.5495258480040787,0.446551999904293,0.2285493116211222,-0.4326038036736415,0.3193021959604683,-0.9456941292380344,-0.0012683431060981,0.9749587703827998,-0.3227670071722675,-0.0263165508545973,-0.7150765469549066
2017-07-18,PRU,110.45,111.23,110.02,110.6,1437038,-0.4134369623456789,-0.404294428459669,0.3631163756315833,1.485104623138919,0.5095957163140947,0.253431380562324,0.2473690629660456,-0.4255110138920837,0.1195389516411265,-0.4539530940021561,-0.0012804393549245,0.7539965567502567,-0.1061210430924863,0.0762888613144371,-0.6795477715367748
2017-07-19,PRU,110.36,111.71,110.21,111.3,1451696,0.3610421689646206,0.3658628958496965,0.4844439464408515,1.1951356384764524,0.49806224935067,0.1720274112572541,0.2690770739437708,-0.4574801440372797,0.3615833373203375,-0.4558455593713781,-0.0012040680688994,0.98145765901905,-0.4139957728135762,0.6172017352168205,-0.4681317262087792
2017-07-20,PRU,111.6,111.96,110.825,111.06,1339552,-0.1672451805149362,-0.1584363051281387,0.3507902635403971,0.8338552917861438,0.4723356117485729,0.0703712589192277,0.2060211637275935,-0.6900935463561426,0.6964377278365681,-0.5479080014208353,-0.0012778749075933,0.903470995384037,0.3606853991880163,-0.3918897048568665,-0.7396052310061858
2017-07-21,PRU,110.9,111.83,110.6,111.74,1357843,0.348198495927531,0.3531686976116068,0.4109227919312984,1.110894949054704,0.4715767123539428,0.0533128653848197,0.0446892818117517,-0.8284435719393003,1.0309318436237866,-0.5033031984624354,-0.0012066050472542,1.1244332090165756,-0.1677397661951268,0.5459422366548167,-0.6739330194475086
2017-07-24,PRU,111.58,112.38,111.43,112.13,1059865,0.1842997742424243,0.1909485026490746,0.3972300311860173,0.693573561366316,0.4791050109814491,0.060997255605347,-0.1630204213907413,-0.8338797682428449,1.078663136160251,-0.7871289370799471,-0.0012148898964996,1.2511615374234746,0.3478383755834623,0.3460932164716108,-0.8852343927140713
2017-07-25,PRU,113.66,114.1,113.2,113.52,1002566,0.7387748668120684,0.7380404532046634,0.6081787290907108,1.0480505763077377,0.531947469297744,0.1837826347548859,-0.3820224168048181,-0.8063385936442378,1.227936504089132,-0.8136833733742873,-0.00121665501548,1.2574917049124397,0.1838968971477958,-0.1193769936002058,-0.9305876993122058
2017-07-26,PRU,113.62,113.88,111.89,112.19,1019334,-0.7624110348867029,-0.7544767749574047,0.2008823241388742,0.2866774973319374,0.5138628785387238,0.0994459347365169,-0.6733597587158282,-0.7133539151774426,0.8982105344573394,-0.7675671340684194,-0.001268951980362,0.6941539011887399,0.7385166372960233,-0.9771971421190992,-0.1130432163897564
2017-07-27,PRU,112.4,113.31,112.04,112.74,1015352,0.2722176179182378,0.2780187997994638,0.2652856664960951,0.28380454382299,0.5135601652469138,0.0777468212142415,-0.7884605607946422,-0.9315493026871856,0.582870722863166,-0.7210736585900632,-0.0012163186007728,0.7790187094730922,-0.7630608832664161,0.202220877566746,-0.6525010211725382
2017-07-28,PRU,112.77,113.35,112.09,113.2,956086,0.2210282362577366,0.2273377869707706,0.316070356930285,0.4172388424313443,0.5236909300623045,0.0872431234360443,-0.840289806697702,-0.9625069530290784,0.4856801704052429,-0.7139231573719637,-0.0012180930656612,0.9475536886666908,0.2718376762148873,0.2617677589707342,-0.6636782924950552
2017-07-31,PRU,113.64,113.9,113.16,113.23,1248548,-0.0164965631492529,-0.0083724870414062,0.2622817851788261,0.7181369597596338,0.5251505546807365,0.0725207996168576,-0.9501023768343002,-0.9706467151603024,0.5237985916996788,-0.2511769620970807,-0.0012108458447648,0.8713297526721463,0.2206349406270309,-0.2988986690857876,-1.0466605064770336
2017-08-01,PRU,111.53,113.28,111.11,112.49,2088224,-0.4398753837648347,-0.4307551608858755,0.0609121479085713,0.2515932065585188,0.4898414243980023,-0.0338992015941246,-0.9734699965941024,-1.0949051437022994,0.1404367314213296,0.9372148505288768,-0.0012953954130238,0.2768804351378913,-0.0169518225859945,0.623999182616673,0.0163715798587958
2017-08-02,PRU,113.88,115.26,113.45,115.23,1984094,1.4834678448148224,1.4652929366170568,0.6440335360138777,0.7300209100653966,0.5615240722055124,0.1563597924190829,-0.8532992440131012,-0.8348859749113349,0.5000934829389675,0.7927579370605016,-0.0011916807037221,1.4242384818894698,-0.440441091302936,0.8693184154839627,-0.2822294344190603
2017-08-03,PRU,111.5,113.43,109.9,110.27,4092780,-2.71285255605135,-2.7489991864722128,-0.5124465257892235,-0.4126201843470085,0.4166303644769903,-0.2488968232414643,-0.8346450834508105,-0.1838348394264422,-0.2377284952428385,3.624544711010246,-0.0013460688952565,-1.6518350298664566,1.483403885587019,-0.859757768319875,1.0766114665565063
2017-08-04,PRU,111.53,113.28,111.11,112.49,2088224,1.2204078133629583,1.2093683453891384,-0.005271034413031,0.0193754369432535,0.3830587543691703,-0.2865609528612943,-0.8362678295242818,-0.0847715604171367,-0.0184485646937912,0.8330779138446311,-0.001187932226385,-0.2750284975675138,-2.714011221954133,0.623999182616673,0.0163715798587958
2017-08-07,PRU,112.18,112.515,111.57,111.69,1372979,-0.4757592219908315,-0.4666873805168685,-0.1968255211603983,-0.0025963020685437,0.3195883517906289,-0.3936512336805866,-0.8405752028076829,-0.0702836334312393,-0.1213094238334107,-0.1631935502370758,-0.0012780265862817,-0.7711749956932574,1.2202752288766328,-0.3563252398243872,-0.8861836711944222
2017-08-08,PRU,111.46,113.17,111.32,111.48,1337115,-0.1500538626837288,-0.1413046968837651,-0.2557005555747637,-0.1573094721597288,0.2563714874357051,-0.4786708553129915,-0.8608288938359988,-0.0800204567494539,-0.057311237103541,-0.2291189607799668,-0.0012775473893491,-0.9014134514512616,-0.4763342906533173,-0.0127597977305154,-0.2082902650779174
2017-08-09,PRU,110.49,110.69,109.28,109.94,2242410,-0.8930371064515097,-0.8860662240428874,-0.6017827612179018,-0.3719168891521652,0.1423271969534122,-0.6775154724961786,-0.8156313333415384,-0.0380756943695306,-0.3351949416946388,0.9143322001933072,-0.0013018776421742,-1.514419873090405,-0.1505439636133322,-0.4024001949695247,-0.5224625972722126
2017-08-10,PRU,109.0,109.3,105.96,106.06,2665030,-2.2302052980497367,-2.249429167136784,-1.4457229074192453,-0.9769198181631672,-0.101282192929992,-1.1700895016878523,-0.4946617597974986,0.2152172451513574,-0.937690884070582,1.310773426224131,-0.0013145608878887,-1.8455588977502235,-0.8937210316458624,-2.064135343256265,1.0332138110400957
2017-08-11,PRU,105.78,106.74,105.13,105.69,2239384,-0.2501888949701863,-0.2411586071394695,-1.4689130965991497,-1.083188869074499,-0.3070624873026517,-1.4667772844098594,-0.2463821733308815,0.2144359607061054,-0.9215121641900952,0.7001001617540098,-0.0013046896966278,-1.6975375669901998,-2.231238054316333,-0.0905977066916418,-0.3217734843950668
2017-08-14,PRU,106.98,107.585,106.71,106.74,2285942,0.5855197992560653,0.5873088356984049,-1.1702423070081664,-1.145727478777273,-0.4256113975625323,-1.4795954295358873,-0.1162086463170911,0.246696778404419,-0.7666586069133181,0.6508902826600509,-0.0011779940108515,-1.3529777827538123,-0.2507051184256627,-0.1958101799302517,-0.9081381026856444
2017-08-15,PRU,107.79,108.56,106.19,106.25,1572864,-0.3187974143680099,-0.3096675980510945,-1.2367480968278757,-1.0623280280283782,-0.5343826313645449,-1.4646823747530957,0.015729837738947,0.2444224362914454,-0.7451124868266231,-0.1971440794145955,-0.0012862217838754,-1.513772348730792,0.585221589631401,-1.105727898355519,0.2676675007238137
2017-08-16,PRU,106.35,106.8812,104.85,105.21,2300053,-0.6423923630377858,-0.6338189818954952,-1.4142481255365236,-1.269676054945617,-0.6556526575395852,-1.4849236073331336,0.1791618797925186,0.2405218706583753,-0.9710806026031984,0.5918538445738991,-0.0013073528646911,-1.7663454986521732,-0.3193315359334899,-0.8361805384703558,0.0176671965491092
2017-08-17,PRU,104.85,104.96,102.59,102.66,3119224,-1.541959027762038,-1.54395192904365,-1.926242593765307,-1.561897952836978,-0.8440829615481075,-1.6739859924022034,0.4579413640302182,0.3345299518546344,-1.2782910677937276,1.358973450078574,-0.0013324667573578,-1.8629371413963365,-0.6430109017870026,-1.6043652823894496,0.3326760641187901
2017-08-18,PRU,101.77,102.5208,101.21,101.95,3523224,-0.4635747165758594,-0.4544841086740982,-1.98702411911536,-1.6154072224106797,-1.011395237682184,-1.7708784602473604,0.7116250957325443,0.3141374118581452,-1.4542258291164247,1.5874871132876585,-0.0013474806721637,-1.7062213377259443,-1.5428122391621466,0.1073114468744497,-0.5197868879552394
2017-08-21,PRU,102.25,102.27,100.54,101.08,1680247,-0.5642809142999954,-0.5554176980146424,-2.072774658636736,-1.623840814929746,-1.1664804991047584,-1.8169203091394337,0.9501700385999394,0.3028257244720175,-1.6147825073483135,-0.3392153317422569,-0.0012946354690136,-1.759355908196692,-0.4641466066299133,-0.8908210852091214,-0.1649320667855895
2017-08-22,PRU,101.61,102.125,101.27,101.9,1613335,0.4720652029795094,0.4754854947751978,-1.7447169235138542,-2.014915477575659,-1.244465781908881,-1.6552997705356656,1.0574178788867823,0.2746254243360331,-1.670804164328059,-0.4318363265584686,-0.0011918993364213,-1.5741773171163342,-0.5648790758815614,0.1893120063399385,-0.8920458351359978
2017-08-23,PRU,101.12,102.08,101.01,101.1,1491073,-0.521773570027787,-0.5127943038867634,-1.812674199195338,-1.7462574956961778,-1.32418593333748,-1.5304688616269573,1.1928529978625435,0.2669282445548365,-1.619244791395693,-0.5712079454344032,-0.0012888235607311,-1.7548393571947332,0.471737396114409,-0.0412595463372929,-0.7092791966441363
2017-08-24,PRU,101.7,102.29,101.42,101.69,1724781,0.3303297939825386,0.3355036215456752,-1.5424851196582807,-2.213241609403296,-1.3502759052761817,-1.2925609757159011,1.2470474840976375,0.2711185857990067,-1.606951600925059,-0.3693692443608116,-0.0011884647771096,-1.621601102636915,-0.5223606425911024,-0.0337454382843425,-0.8783083852471882
2017-08-25,PRU,102.13,103.05,101.89,102.82,2069580,0.6588279551132404,0.6594557061033635,-1.14490722133264,-1.8173181455601617,-1.3130407567201885,-0.9392368969512956,1.2106681091889142,0.3084758361918797,-1.5141764550165295,-0.0869088721641417,-0.0011788686951115,-1.366415971026181,0.3299650121766596,0.4841185001659075,-0.6510846777533793
2017-08-28,PRU,102.89,103.13,102.41,102.68,1375690,-0.1177667612952366,-0.109142541839241,-1.0544656196203903,-1.8115443197731875,-1.2760283012424036,-0.6571508420893448,1.139683562552506,0.3056092750940366,-1.535869579038067,-0.7470189092087838,-0.001284190361285,-1.3980318280398971,0.6585488696068229,-0.1805188531550954,-1.0069314298377432
2017-08-29,PRU,101.3,101.68,100.9,101.32,1753994,-0.8576058112448028,-0.8503459708192899,-1.2580065639246358,-1.7964624185990736,-1.287078817392033,-0.555195259783183,1.099671076724876,0.3197158351371647,-1.625817763295083,-0.3772994840682641,-0.0012963999748179,-1.7051572961731745,-0.1182484393919699,-0.011400107585011,-0.949734180526742
2017-08-30,PRU,101.82,102.49,101.28,102.14,1744093,0.4708688478763967,0.4743052642355624,-0.897427102084023,-1.0955786110110797,-1.2508420254861574,-0.3519140770361996,0.820022413844345,0.1655178579426996,-1.8358526608564685,-0.3773028378306389,-0.0011882674805593,-1.4686813376229229,-0.8582804933710242,0.2111276767171074,-0.604027642085757
2017-08-31,PRU,102.52,102.61,101.97,102.08,2214351,-0.0695682209439544,-0.0611615860881143,-0.8129779128748403,-1.044706152577303,-1.2122080050527666,-0.1831187058761545,0.7563716315663023,-0.1923953501435024,-1.2582798929903567,0.1705178694087972,-0.0013104992767733,-1.4794786433609568,0.4705407289145564,-0.350573139526141,-1.06881067401845
2017-09-01,PRU,102.34,103.69,102.11,103.15,1199247,0.6195911446783156,0.6208509083925825,-0.4296205742857519,-1.038598323392396,-1.1281710272258862,0.0687840217882808,0.5101738358151202,-0.2980879328684113,-1.3868953202462506,-0.8177891168940365,-0.001205075631845,-1.194357906965767,-0.0700373253430654,0.571660251763938,-0.3147503891370785
2017-09-05,PRU,102.45,102.56,100.43,100.74,1939890,-1.487594883299633,-1.488567763079724,-0.90202291859135,-1.3187555531020925,-1.1449164420328175,0.0108940602105112,0.2969726548648849,-0.2004289894080329,-1.607334745628603,-0.0884056161886423,-0.0013027694216936,-1.80041610733696,0.619301823347608,-1.2873565959927566,0.1707967088137121
2017-09-06,PRU,101.05,101.83,100.5,100.58,2074156,-0.1318771826166464,-0.1231963027664072,-0.8083224262523339,-1.2002494602903089,-1.152890540000436,-0.0128406905021574,0.0018560835570727,-0.1998931185279115,-1.6034599937558485,0.0092127351402588,-0.0013083468990476,-1.832703639965364,-1.488433912562503,-0.3777202027637596,-0.489282312524523
2017-09-07,PRU,100.63,100.63,98.21,98.65,2746140,-1.2276471901212531,-1.2244253715557678,-1.1609797352634026,-1.107025420654678,-1.2227672766694198,-0.1911648174594983,-0.1850847381834185,-0.1666881989632862,-1.6756736393805425,0.6413515248360262,-0.0013317174324649,-1.749414608831687,-0.1323625417412641,-1.512876568918097,0.4531249520901024
2017-09-08,PRU,98.35,99.67,97.88,98.91,1839760,0.1310900162451088,0.1381921587887142,-1.0062978359821635,-0.9101734739431208,-1.2551402936742435,-0.237290190221929,-0.1742611362250926,-0.4324906493202232,-1.157565852750156,-0.2083843128419222,-0.0011811021683564,-1.5607122437172325,-1.228418406050611,0.403871549703241,-0.0830826904183433
2017-09-11,PRU,100.26,101.74,100.16,100.93,2545740,1.2384753526325436,1.2269796793440295,-0.4280979939325562,-0.2215602865259214,-1.1892845766487838,-0.0213514180077853,-0.2463109264739823,-0.2688459690507091,-0.8289205650719449,0.4770244776856118,-0.0011593128058128,-0.9319812787702412,0.1306732581614972,0.4785677106406655,-0.2866715900917816
2017-09-12,PRU,101.48,102.59,101.33,102.18,2101807,0.7380586173389037,0.7373368500528373,-0.0481182044999029,-0.1300631111925658,-1.0771780104137656,0.2704484894383582,-0.428290498241643,-0.2501714593119493,-0.7948955913058298,0.0467956390043827,-0.0011758642709752,-0.542915087590174,1.238347481479317,0.4948329329089939,-0.5636327399155916
2017-09-13,PRU,102.02,102.66,101.75,102.36,1618755,0.0766775403280561,0.0841968185633339,0.0486587573616968,0.0884732188048851,-0.9717432241979616,0.4867153684779417,-0.6194425365765299,-0.2482392525951051,-0.7051774450196421,-0.4355949734790761,-0.0011924377601021,-0.2268196843583526,0.7378002009727127,0.2254733624424039,-0.8504077016771809
2017-09-14,PRU,102.41,102.8458,101.85,101.97,2061075,-0.2702042750216675,-0.2611371212082642,-0.0100013608385003,-0.1263968665524202,-0.8949142180675662,0.5860980862072649,-0.77236538406534,-0.2658426476472093,-0.6197573454872567,0.0160639777755367,-0.0013055774708263,0.0390224249396316,0.0762465874988345,-0.3509214280209548,-0.7774489586627527
2017-09-15,PRU,101.91,102.83,101.55,102.78,2944469,0.4615514745892587,0.4651127012341382,0.1977826636215571,-0.1981558558296233,-0.7946841321679066,0.7258382368762246,-0.7686394388917431,-0.4100798802169241,-0.1503097381192515,0.9118979287148934,-0.0011508123678549,0.9222238125934614,-0.2707257199493032,0.6186648355609584,-0.5534147744818759
2017-09-18,PRU,103.15,103.86,103.0,103.38,2170450,0.3304484257082392,0.3356209180037726,0.3340516603502539,-0.0341499838155967,-0.685432588156515,0.8608514352900605,-0.7290835511206089,-0.417938398259484,0.0385236958116685,0.2105755679458823,-0.0011771405103255,1.1760548160770987,0.4612209249763345,0.1421459851309318,-0.8980259786481716
2017-09-19,PRU,103.35,104.64,103.086,104.31,1649190,0.5270733598664488,0.5297279637173856,0.5314922795263262,0.4944658360179219,-0.5575186280336804,1.0168987318256704,-0.6532857877444358,-0.4286607433784548,0.3018300837679325,-0.3295742834660875,-0.0011940374339954,1.280603617968623,0.3300836748501739,0.6754707133355512,-0.3497200718642388
2017-09-20,PRU,104.46,105.78,103.66,105.17,1984795,0.4803000191549664,0.4836087111661266,0.7097549566847562,0.5014664599282297,-0.4191643251048356,1.1686098317103435,-0.5378587758675683,-0.4281082482998952,0.3038186040160134,-0.0001777558420819,-0.0011851425269598,1.1862014436055548,0.5267599031440378,0.4871983588135468,0.0886477796997565
2017-09-21,PRU,105.02,105.9,104.78,104.78,2138810,-0.2638663922429696,-0.2548102145896929,0.5607553374912466,0.4109562064356497,-0.3228408702573146,1.181792032201633,-0.4753125815982725,-0.4481285013661119,0.3671076420526377,0.122674337981171,-0.001303481502012,0.9786538990837086,0.479974360531033,-0.1989734584770733,-0.7004882207295601
2017-09-22,PRU,104.29,105.34,104.18,105.0,1789601,0.0977232569071454,0.1050867794543877,0.5736366032999247,0.2502396784500596,-0.2368119189150669,1.1658399177880086,-0.4090742487494381,-0.4534967717022111,0.3105688650742947,-0.2340623037733876,-0.0011907201843437,1.069840923801582,-0.2643861837881369,0.488035424060862,-0.670605834878526
2017-09-25,PRU,104.86,105.84,104.51,105.36,1865938,0.1804600855148483,0.1871430373759772,0.6324811945042654,1.124947773230844,-0.154381850019629,1.1438147647923973,-0.3359281553772865,-0.4827650813848089,0.1953302451576283,-0.1471808631141328,-0.0011894993219953,1.2190560551581024,0.0972977943370599,0.3339341889912449,-0.5392800229857372
2017-09-26,PRU,105.29,106.06,104.97,105.94,1744510,0.309730435205462,0.3151327502925732,0.737969195207692,1.2760134604551312,-0.0671512230468064,1.1385511962473358,-0.2451201473819718,-0.4799167624719933,0.2988081245936124,-0.2869350766651405,-0.0011938978227312,1.3941132528660998,0.1800562067491178,0.440096787110118,-0.733842904106367
2017-09-27,PRU,107.32,107.5899,106.63,106.78,1972178,0.4606489588248943,0.4642222025563987,0.8803660871893126,2.2830730638869183,0.0329622983664157,1.167500689926804,-0.1433429272262211,-0.5489395605468814,0.6239616642837652,-0.0683424741093602,-0.0011884814613804,1.1656097146976834,0.3093602795831441,-0.4064690292989995,-0.8421303156091736
2017-09-28,PRU,106.81,106.98,105.46,106.0,1186185,-0.4877747398946578,-0.478723760400174,0.6306898986877415,1.857045775254356,0.0789988048137605,1.0514669792632172,-0.0873238476457474,-0.5287637855945833,0.3875463628071418,-0.8391486306565882,-0.0012746992763492,0.8985769338034258,0.4603181737699787,-0.5992680158857828,-0.3962474272727674
2017-09-29,PRU,106.0,106.62,105.72,106.32,1227301,0.1549527493968325,0.1618571107929929,0.6565976644381524,1.677183030529264,0.1249404936733515,0.9583959518937176,-0.0326447204926161,-0.5306948833835069,0.4425443077103592,-0.7656585507725304,-0.001209223484689,1.008128843913888,-0.4883529430812972,0.2017643100071941,-0.8858425843389462
2017-10-02,PRU,106.91,107.48,106.25,107.28,1303913,0.5291532797345658,0.5317780000099848,0.8461723331819294,1.6390725681808664,0.195184908552901,0.9464939284114128,0.0586711262345028,-0.5384030420941543,0.4205545530573294,-0.6895007050623702,-0.001207557346727,1.3367845742452835,0.15454221645591,0.2351572168881232,-0.6357939132370498
2017-10-03,PRU,107.27,107.895,106.76,107.84,1767137,0.2919899841593681,0.2975837028158254,0.8946891424284508,1.6884878100181775,0.2681065612680638,0.9438634737268184,0.1068067415554111,-0.7960733317767046,0.8676084342479926,-0.2000356577059095,-0.0011956653977395,1.424623137159505,0.5288403656070821,0.3751425480683865,-0.7141737203907366
2017-10-04,PRU,107.87,108.3,107.45,107.85,1116950,-0.027222857081878,-0.019038044783496,0.802102566586272,1.9186588048919613,0.3208958256922695,0.8899386890895379,0.1184639828427328,-0.8021713285897342,0.8940781805151581,-0.8490362307270317,-0.0012134698177407,1.2993200485605316,0.2916152005324361,-0.0403244835811216,-0.9344881973426284
2017-10-05,PRU,107.99,109.74,107.66,109.26,1427154,0.7809477017141424,0.7794545827359409,1.017854949516633,1.975717220547288,0.4117802509915554,0.9448551496786326,0.0491681682027353,-1.0314967100470738,1.4120901094821847,-0.4618505031238632,-0.0012057389402241,1.3083418940164642,-0.0276809147190533,0.8621987482823389,-0.0047507057588065
2017-10-06,PRU,109.68,110.68,108.871,109.65,1708887,0.1892319875582703,0.1958364115958668,0.9753962388234348,1.956651359706363,0.4917903163890827,0.9607979029607034,-0.0504804775259986,-1.033600162217193,1.4272408930429343,-0.1426485162403886,-0.0011990227044357,1.1174123088881551,0.7807004739518864,-0.0469816999685123,-0.216370736356212
2017-10-09,PRU,109.85,110.07,108.88,109.06,867749,-0.3679914112611044,-0.3588369350808397,0.7236657625036632,1.5033233210753023,0.524239797889243,0.8511319813716904,-0.103716854585724,-1.1223772782303671,1.015537491821933,-1.031867343408086,-0.0012645482206521,0.8669243039942927,0.1888303971449062,-0.5696566535106807,-0.6819563718323641
2017-10-10,PRU,109.21,110.16,109.08,110.0,1565198,0.5036127525531416,0.5065997284489002,0.856416494630012,1.5153385947897926,0.5785848329497266,0.8197580220412216,-0.0859247919401,-1.1538707461757096,0.9565083432350866,-0.1894610291835423,-0.0012030036152732,1.1952945851106391,-0.3685383662119372,0.5202076710735394,-0.773068189763442
2017-10-11,PRU,109.66,110.3,109.37,110.01,1484329,-0.0273362214609174,-0.0191507770638464,0.7610563346602409,1.74447396192602,0.6132815533803179,0.7440844309576805,-0.0968005505081135,-1.1480553136345475,0.93014032085478,-0.2783318965172091,-0.0012055861637877,1.1989355287442032,0.5032931755918137,0.2148208265497904,-0.8867788653285096
2017-10-12,PRU,110.15,110.15,109.14,109.35,1149072,-0.4065103122005276,-0.3973638020452034,0.505157528020332,1.3350132656568594,0.6061211115781543,0.5758059430586799,-0.1936196117786573,-1.1249440589855757,0.8954507294609316,-0.6394775233943344,-0.0012710674352067,0.9586332489290798,-0.0277943086717979,-0.5750358257377286,-0.8215546454174542
2017-10-13,PRU,109.38,109.795,108.82,109.11,1336950,-0.1696391980554333,-0.1608223837234472,0.366966471237811,1.1438233096845491,0.5825891932650494,0.399043254028986,-0.2869206875512392,-1.1201416494306662,0.7370361700681672,-0.3262702447987735,-0.0012760448245995,0.7633260160229985,-0.4070673156924495,-0.2128130035271756,-0.8465952965709902
2017-10-16,PRU,109.42,110.07,109.26,109.37,1543239,0.1153596507401721,0.1225872231501384,0.3559582112726853,1.0790365912768944,0.5659523562263895,0.2753809233094811,-0.3700173814573424,-1.1251620598216945,0.6834848573567712,-0.020848035509384,-0.0012037612685386,0.8694421161579019,-0.1701344082701519,-0.0608403057259489,-0.9740970903367248
2017-10-17,PRU,109.7,109.95,108.34,108.79,1605698,-0.3631566149560216,-0.3540028318117827,0.1589435444495718,0.5791386339747249,0.5222252500017405,0.1067211721977023,-0.4421257200553721,-1.114159995526596,0.4632942308274912,0.0640177415033132,-0.0012826718223832,0.5479067998045233,0.1149387890289837,-0.6530451242003356,-0.3579496612434463
2017-10-18,PRU,109.34,109.34,108.41,108.89,1518894,0.0242316777852968,0.0321084118963171,0.1375308279958607,1.0222635404350413,0.4842287391485964,-0.0134561748554612,-0.4879237456727977,-1.137955362610631,0.3520054521909668,-0.0193093916097702,-0.0012043538912573,0.5274502980356423,-0.3637023086390574,-0.3372576823911964,-0.8795321903761069
2017-10-19,PRU,108.28,109.6566,108.131,109.6,1281261,0.3729476306005226,0.3776274777046983,0.2508523086253797,1.1134643558110764,0.4748883709791405,-0.0358376345346503,-0.5547549124754337,-1.145706931134895,0.5081211480004428,-0.2863927490077863,-0.0012107956144862,0.8905532044332037,0.0237870432467879,0.8947063195907291,-0.4312434718026847
2017-10-20,PRU,110.65,111.32,110.13,110.78,1519219,0.6373003460753345,0.638277836522385,0.4656638115486647,1.1608033211287618,0.506392192244486,0.0513894382101711,-0.5922338485891478,-1.1037240953759813,0.6409826332967272,0.0593807891136035,-0.001205298821678,1.1792872646423835,0.3725939666373636,0.0624474082132811,-0.6960754559940588
2017-10-23,PRU,110.78,111.49,110.59,110.79,1048617,-0.0273760721635782,-0.0191904056151603,0.401023064008765,1.0369474950860174,0.5240160829575691,0.0854443941021694,-0.6387175402653921,-1.1003212649944338,0.5894323506344037,-0.5504209734026643,-0.0012172305911769,1.0859880963325017,0.6370156445970513,-0.0194965666371837,-0.9143063578561488
2017-10-24,PRU,111.5,112.51,111.25,112.17,1616383,0.7424899371634657,0.7416898008458405,0.6569395837844024,1.315557888385869,0.5838673147716941,0.2213808078824192,-0.6091073513947864,-1.050128084676068,0.696193085205584,0.2688346248863063,-0.0012037928626077,1.2825636142169348,-0.0278341697704309,0.4276717545939681,-0.6551601952076554
2017-10-25,PRU,112.17,112.43,110.73,111.24,1550075,-0.549176616054091,-0.5402688023977046,0.3781573593634347,0.542072550917667,0.5862451024903951,0.1821942831882251,-0.6148456220208467,-1.0033765092751057,0.44595263309101,0.2075976119170736,-0.0012795122495799,0.8440545603415395,0.7422326768089533,-0.652715411505731,-0.3176861729362277
2017-10-26,PRU,111.59,112.64,111.57,111.89,1205279,0.3307914827850173,0.3359601125274797,0.4620537459931857,0.6119742124064996,0.6050400118894331,0.193102452023624,-0.6596565632768481,-1.0479674489352362,0.6485964150326518,-0.2944952706764755,-0.0012137072609025,1.0825989612851017,-0.5497708373321216,0.1767978460281054,-0.7943382932367112
2017-10-27,PRU,111.45,112.16,111.087,112.02,1091432,0.0393387936165953,0.0471170558018366,0.4234751713560316,0.9320074344458052,0.6162514422403854,0.1823092425688444,-0.7127627131883673,-1.046749975620569,0.6198944973764884,-0.4519999923429081,-0.0012167182582313,1.1203447063064444,0.3304268214212794,0.3600855805179231,-0.7930312547727272
2017-10-30,PRU,111.49,112.06,111.23,111.6,1818842,-0.2664220004646868,-0.2573613191364181,0.270611680537014,0.4603550052719365,0.5999947114982197,0.1029721012051606,-0.7532911132067628,-1.0513956589833062,0.4239277288780191,0.5607644312545327,-0.0012856194910542,0.8549282761826451,0.0388981001166537,0.048225527965491,-0.9714949272315868
2017-10-31,PRU,111.63,111.95,110.42,110.46,1564566,-0.668965243305998,-0.6605131086071693,-0.0328454361444369,-0.0309598258530421,0.5343894676339773,-0.0875198351463459,-0.807404191014374,-0.9833461357824792,0.1893364751577863,0.2127839093956415,-0.0012802002142112,0.046594406985822,-0.2669424586990273,-0.8181788516496353,-0.4369556697548319
2017-11-01,PRU,110.98,112.13,110.37,110.58,1793470,0.0346389786740758,0.0424482652599326,-0.0368818783758155,0.2726753149002093,0.4798914848559502,-0.2113234853988585,-0.8734419527198202,-0.9840217142241564,0.2042827182061803,0.4820020536573892,-0.0011991436880204,0.0678157065841431,-0.6695907142021017,-0.2986243005769659,-0.2648642119788015
2017-11-02,PRU,111.65,113.34,110.41,112.94,2352439,1.2957159165851648,1.282741867568845,0.4802082909982572,0.9428788945743646,0.5218688103901611,-0.0620406227904824,-0.8028985122998553,-0.8583782191216457,0.3271825984062298,1.165843919536466,-0.0011864489325185,1.1876142839692316,0.0341970591193297,0.8466060004844601,0.5707862242306974
2017-11-03,PRU,112.71,112.98,111.55,111.84,1985137,-0.639369703831193,-0.6307832598129948,0.1924039943852352,0.4842399562024859,0.5043351483834713,-0.0957945901753059,-0.7894374388039397,-0.8061529417878748,0.1258522198736823,0.639604668162606,-0.0012892411557552,0.4856369963541959,1.2956029779493468,-0.6094950894901064,-0.5257174192327155
2017-11-06,PRU,111.68,112.745,111.4901,112.39,1416915,0.2731727751190579,0.2789640770582528,0.2828636167534886,0.7949671253917693,0.5045726525489682,-0.0770550882797443,-0.7814944616919549,-0.8196462096484948,0.2809570306289003,-0.1631622146112176,-0.0012089294206128,0.8366256401617136,-0.6399874540502468,0.4540001348897907,-0.6607745238464595
2017-11-07,PRU,112.72,113.97,111.41,111.94,1629039,-0.2822719294682869,-0.2731856642039718,0.1529284111438021,0.6184253207498059,0.4798235951518024,-0.126378466091545,-0.771959318806483,-0.8317130805614668,0.0915403781560429,0.1139238135549913,-0.0012810782310434,0.2871862498794302,0.272793082590428,-0.5491198903255584,0.3146310720251433
2017-11-08,PRU,111.93,113.02,111.32,112.44,1966410,0.2450905993396651,0.2511663504288585,0.2421966244711055,0.5772908554752797,0.4727419890354931,-0.1203614528824373,-0.7524402819437066,-0.8268315051170287,0.1569327887615143,0.5203519169120602,-0.0011957438308126,0.5718395755723997,-0.2827965225210923,0.3179290529320464,-0.3312788914436729
2017-11-09,PRU,111.9,113.11,111.2701,111.95,1555517,-0.3043090844453631,-0.2951939709653775,0.0952293163887565,0.1479880185928473,0.4410650432479744,-0.1788558232295346,-0.7719967694997635,-0.8360298684599023,0.181723130284251,-0.0417923604587455,-0.0012792419349104,0.2928793163932928,0.2447035809297066,0.0074420662859145,-0.2216155753391113
2017-11-10,PRU,112.02,112.28,110.65,110.72,1805408,-0.7170280763098691,-0.7088244945759807,-0.2144521666613122,-0.2070042668149833,0.3616879566330299,-0.3484306608574345,-0.8158916922907558,-0.7785068829974682,0.0492341191582524,0.2457306194783924,-0.0012856765322681,-0.407367864811414,-0.3048394263968098,-0.9031003457895272,-0.3643947036350078
2017-11-13,PRU,109.9,111.27,109.48,110.44,1614487,-0.1904405020437689,-0.1815585786892221,-0.2931378008227269,-0.6814828068431534,0.2828053236324495,-0.4828178158682101,-0.8487086373973514,-0.7755550857861168,-0.023793965488457,-0.0009994633386246,-0.0012817369609673,-0.5667737271994774,-0.7176660855012128,0.3449115108983892,-0.2405439464202842
2017-11-14,PRU,109.66,109.945,109.26,109.56,1794570,-0.5290760231200538,-0.5201146064292311,-0.5098379143679747,-0.6695705870244242,0.1818647504678791,-0.6471042981399876,-0.8891399131503624,-0.7598209533356732,-0.0635276609076308,0.2135547645293803,-0.0012867090008579,-1.0677635804191006,-0.1909411387569788,-0.0952129443987025,-1.0702533561102563
2017-11-15,PRU,108.29,112.63,108.04,110.22,2026746,0.3420523756144391,0.3470931850905367,-0.3696264730100184,-0.6662466412416433,0.1247096205594642,-0.6658305067656247,-0.9529522539491052,-0.7474033366021051,0.0119069318133751,0.4659805176314174,-0.0011922154607938,-0.6592596568137526,-0.529665000696185,1.3202061692461196,1.8793215680974809
2017-11-16,PRU,110.84,111.55,110.31,110.37,1857577,0.0517318250737455,0.0594265905769918,-0.3432516705225354,-0.6596180562343471,0.0826680276384965,-0.6419094896341697,-0.9842518293313344,-0.7619633109576892,-0.064295899264674,0.2165349255298322,-0.0011972570001419,-0.5751741204534839,0.3416906519135508,-0.3466822944978745,-0.6549945933067974
2017-11-17,PRU,109.81,110.955,109.61,110.25,1232693,-0.1006862170104695,-0.0921348511200546,-0.3653546669936898,-0.5855667491575814,0.0424417054301911,-0.6181002003637999,-0.9710340117539698,-0.8096558862866654,-0.2377411783165943,-0.5309241984506226,-0.0012723847293404,-0.642442549541699,0.0512943645810492,0.2764134871256107,-0.574603212628873
2017-11-20,PRU,110.42,110.6,109.92,110.02,1662250,-0.1628767562006652,-0.1540826041706663,-0.4106160954769125,-0.3311425891013957,-0.0001837611712545,-0.6052281253150996,-0.9506092839010464,-0.808273034623152,-0.2695497282048143,-0.0409182995340565,-0.0012831584350586,-0.7713737052941083,-0.1011634392544426,-0.3000053215862443,-1.0762195144836624
2017-11-21,PRU,110.46,110.58,109.935,110.06,1271648,-0.0103608721741969,-0.002272364529603,-0.3765346756035049,-0.3584749794034012,-0.0336982130109546,-0.5714788701220195,-0.9448249885838512,-0.8844586604380584,-0.4437417217882778,-0.4957476539586687,-0.0012113064996912,-0.7489508955980341,-0.1633702022769172,-0.2999062128515862,-1.1029098128942223
2017-11-22,PRU,110.23,110.64,109.48,109.7,1252646,-0.2366385425927492,-0.2276368713834207,-0.4435843919687979,-1.5450089746429885,-0.075255327667848,-0.5651811416076651,-0.9161578937523254,-0.9080181257903096,-0.3707966751555562,-0.5050953878522383,-0.0012732957798147,-0.9507561828626712,-0.0108145309748516,-0.3895792391885284,-0.7100531903239677
2017-11-24,PRU,109.49,109.53,108.86,108.92,575673,-0.475669418155538,-0.4665974295681061,-0.5934385290602823,-1.469276064411661,-0.1389810845115175,-0.6172046621602975,-0.8680504467543406,-0.912493476623758,-0.5573156490557183,-1.32309397506571,-0.0012569221743914,-1.3880009719360529,-0.2371512311272046,-0.4196357356337317,-1.0786689615083442
2017-11-27,PRU,109.06,109.87,109.06,109.51,1512857,0.3042445199685149,0.3097065543809889,-0.4244867053909724,-1.444266043231557,-0.1660464435853994,-0.5644602458376127,-0.8612902356782189,-0.8943235703731013,-0.4965542510075897,-0.1735346043704007,-0.0012051640747335,-1.0572645289190064,-0.4762444633906282,0.2854228891069993,-0.974886166703663
2017-11-28,PRU,109.93,112.995,109.7,112.83,2625970,1.854472539683032,1.8244456259809856,0.347129691152424,0.0833144068446374,-0.0578643577377264,-0.1741401177841107,-0.8191131051243374,-0.5286646647530348,-0.0056090652365386,1.1246204498389858,-0.0011784096872435,0.8038286758548677,0.3038729332190535,1.96677156854286,0.8424980533289284
2017-11-29,PRU,113.77,117.0776,113.27,115.87,2743151,1.6444340198365222,1.6213728554893672,1.0000737538572464,0.6414263127426453,0.1441539843750882,0.3796488929301171,-0.5810785834702535,-0.3644266000687134,0.5518262631625782,1.153511690595438,-0.0011770613612,0.9987031276226954,1.8545053655614936,1.3682404398897794,1.1473371457135395
2017-11-30,PRU,116.89,117.59,115.28,115.84,3784283,-0.0491153243579725,-0.0408122521352412,0.9283939439101307,0.7897901167590418,0.2979436583160024,0.6985403398649945,-0.417244900302641,-0.3627763834846308,0.5311236151855825,2.1276526413485493,-0.0013311792868341,0.8337355385254134,1.644412052337045,-0.7049834549395776,0.0706010379327972
2017-12-01,PRU,116.0,116.2,112.41,115.4,1664527,-0.2694733954288937,-0.2604074743979238,0.7947324532523876,1.0737553423034902,0.3962428251440824,0.8108218873521911,-0.3230228915595229,-0.4745600296021673,0.1524177892203469,-0.1741284674587566,-0.0012829041284371,0.6805795305175922,-0.0495790931486751,-0.4171016465121974,1.145780573532651
2017-12-04,PRU,117.14,117.99,116.73,116.76,1789297,0.7007208633440289,0.7006472662113007,1.0543279233816492,1.3627840152873916,0.5199791449556183,0.966121919230562,-0.1586340362162712,-0.4837574455604742,0.4786051642913775,-0.0229464815274484,-0.0011988655145561,1.0319497782175855,-0.2699946496897804,-0.2714051487799711,-0.6919621084623047
2017-12-05,PRU,117.16,117.38,115.34,115.51,1302141,-0.699513231071765,-0.6912147069748612,0.7229698792265833,1.2282384923470775,0.5606871396999942,0.8766484653110604,-0.0840928260375288,-0.4357485027899582,0.2402286690897103,-0.5685293160232302,-0.001274119060054,0.6143390323077242,0.7004527065660909,-1.090335375664899,-0.1194569373313036
2017-12-06,PRU,115.35,116.23,115.21,115.38,1247844,-0.1030639581656827,-0.0945021706177239,0.6509629985676313,1.0950855218565485,0.5794565329385227,0.748600119563992,-0.0234237031719294,-0.4432698053795523,0.2838517115618404,-0.6147859956876277,-0.0012731538800864,0.5709075147330953,-0.7001466711129577,-0.0066671919051896,-0.8545612323195046
2017-12-07,PRU,114.92,116.68,114.76,116.33,1035868,0.4796156368204544,0.482933644314052,0.8262215975300664,1.2002964075001363,0.6228433709213583,0.7095263219583435,0.0633788951344736,-0.4319298018574488,0.3406222821116074,-0.8254700546931555,-0.001217155225352,0.8882916816245912,-0.1035418006981146,0.9006588848942934,-0.2158021105150721
2017-12-08,PRU,116.86,117.2,116.19,117.15,1184239,0.4058554204472621,0.4101342390645555,0.9546302235759848,1.3350132656568643,0.6799650164830123,0.7136204421422756,0.1684309172778781,-0.4370303993307713,0.5147031083074092,-0.6356808700387044,-0.0012137616292825,1.1622443309414627,0.4792897996596509,0.1611729040190701,-0.8728068875258436
2017-12-11,PRU,117.02,117.25,115.75,116.26,1460071,-0.5059764389009093,-0.4969615202597167,0.6805102080221751,1.1242652074851425,0.6806653943022618,0.5716683663908884,0.2061167251191695,-0.4627380944307394,0.56738110964051,-0.2897748592210508,-0.0012780299217211,0.8649054798536413,0.4055103412378307,-0.5169964066224709,-0.5160504701236278
2017-12-12,PRU,116.68,117.0,115.57,116.39,1841905,0.0366198598797865,0.044416113201047,0.6395415190531614,1.13469698233813,0.6768383696273059,0.4464532497071856,0.2258926433083828,-0.4706146105357973,0.6237668897848261,0.1541824939049651,-0.0011975761966398,0.9083369974282652,-0.5065593904193,-0.2140952421173398,-0.5673748595130026
2017-12-13,PRU,116.08,116.37,113.93,113.95,1759715,-1.3381735625682467,-1.3365976007300235,0.0222078968385111,0.5854204264058369,0.5695165149654109,0.0798872455975212,0.1632555889971936,-0.3335613762375695,0.4210038132071242,0.058248292291651,-0.0012851375034002,0.0931608214122164,0.0361784570834551,-1.4126475500947842,0.1932456171995095
2017-12-14,PRU,114.4,115.74,113.93,114.47,1981848,0.2511125966960861,0.2571284011984048,0.093016577325145,0.8388257368074302,0.4974971229480412,-0.1224976265615142,0.1160598943654091,-0.3364521626391165,0.3988253135147364,0.3267954781940073,-0.0011941823559832,0.1612665931789132,-1.3389736118435172,0.0199126883170143,-0.2735379712267474
2017-12-15,PRU,115.51,116.75,115.19,115.73,2849764,0.6522937905135082,0.6530284617353372,0.32126351909194,0.9163562851431324,0.4827483679657524,-0.1369918904524261,0.0795184193006263,-0.3135430398485314,0.5457594860786013,1.267878645918349,-0.0011741301505354,0.6200254910077811,0.2507271492626196,0.1175791528533354,-0.4679182100266361
2017-12-18,PRU,116.55,116.9885,115.26,116.12,2007509,0.1768081099289099,0.1835233951128167,0.3423236251554145,0.5211687830512217,0.4791886412113461,-0.119786935521402,0.0303388772760717,-0.3172642057128555,0.6144735779302911,0.238129290794407,-0.0011955637240984,0.7620222927167161,0.6520130004199953,-0.3050575857666657,-0.3507565967227535
2017-12-19,PRU,116.74,117.46,116.6,116.86,1578182,0.3637568655682359,0.3685456656374967,0.432208710485206,0.0680082470564835,0.4980533104566425,-0.0483029623006973,-0.0328560736911886,-0.3209332862668881,0.745593389365921,-0.2457241949016457,-0.0012062652807473,1.0314521216003334,0.1764032784613672,0.0513450408813692,-0.9779990741514472
2017-12-20,PRU,117.82,118.17,116.98,117.11,2140255,0.1001933234949767,0.1075381034274373,0.4070808637943188,0.1344261007374612,0.5152074736228447,0.0044814030739818,-0.1157142134036988,-0.3229169207674128,0.7732842178711763,0.3365146163643759,-0.0011939264227456,1.064400510550668,0.3634008039826676,-0.4816023042405528,-0.7444651975370381
2017-12-21,PRU,117.7,118.09,116.68,116.74,1859126,-0.2296955040240685,-0.2207096396297171,0.2409188146599387,0.1543293905910838,0.506703585012089,-0.019334488206675,-0.2628187947485402,-0.3233411838569719,0.775032700324655,-0.010152034316099,-0.0012843515009811,0.932290180920836,0.0997685052985622,-0.6425418163945451,-0.5847228066153601
2017-12-22,PRU,116.99,117.46,115.85,116.16,1011243,-0.3423130016706459,-0.3331665261925103,0.0257694773458667,-0.3539022276630014,0.4700236466009166,-0.1109118683776163,-0.5446489357669353,-0.335208992490265,0.8087498085756422,-0.9507160074317552,-0.0012657047594683,0.7094424305398201,-0.2302063813072514,-0.5623280192124914,-0.4362035190098347
2017-12-26,PRU,116.34,116.71,115.46,115.65,670609,-0.3063396994245863,-0.2972223214096983,-0.1597437692029279,-0.1476588992301292,0.4144099598244221,-0.2329089148695151,-0.9185176782023092,-0.3204056274686711,0.6559676128166722,-1.3023457821760624,-0.0012580860605794,0.4538660633670215,-0.3428532578178373,-0.4744060451018397,-0.6905364016349691
2017-12-27,PRU,115.69,115.7,115.01,115.33,1341047,-0.2052621217334627,-0.196338044252475,-0.2604263299886042,-0.2034770728930035,0.3519882692490313,-0.3480302366442272,-1.0516146702334943,-0.5728764280166303,0.1579362719112652,-0.5065780915914092,-0.0012736307270609,-0.196127422518344,-0.3068705711086462,-0.261415890968429,-1.0927095490004162
2017-12-28,PRU,115.59,115.59,114.88,115.2,979946,-0.1031733158758973,-0.094611051189453,-0.2823159384457619,-0.5450813349979625,0.2923363861880222,-0.4329978572031491,-1.042559837487239,-0.8503726950061359,-0.2523996059421634,-0.8614602801494341,-0.0012655590386386,-0.2711523530508976,-0.2057666250070061,-0.2812278425976838,-1.0776779774133478
2017-12-29,PRU,115.62,115.76,114.94,114.98,1147261,-0.1518916007746778,-0.1431358258103937,-0.3224664548959188,-0.9197006701990718,0.232032731781358,-0.5026496018740098,-1.0287825013394043,-0.8492120823004135,-0.2765103801839764,-0.5411613557611895,-0.0012696825523105,-0.3981176201059921,-0.1036511869368027,-0.4445239760639113,-0.9969639697510614
2018-01-02,PRU,115.17,115.71,114.53,115.45,2207090,0.22149410849058,0.2277992196673997,-0.2165762189851108,-0.4754968250329177,0.1987515734205919,-0.4888155579704291,-1.029516043384055,-0.847150208097213,-0.161113626697994,0.7973854674038681,-0.0011903076600337,-0.689615064279659,-0.1523821811205228,0.1573640938005359,-0.739507407580711
2018-01-03,PRU,115.26,115.91,114.98,115.49,1449709,-0.0114254800379022,-0.003330757793587,-0.1931742192898565,-0.5108077826306414,0.1702910914607177,-0.4653399847777587,-1.040866172747228,-0.9139542843480568,-0.327222734984305,-0.1573274698829265,-0.0012089273807442,-0.6582548610962453,0.2211009343933595,0.1244461646313243,-0.9202095240350574
2018-01-04,PRU,116.04,117.51,115.8,116.51,1834087,0.516862804022077,0.5196631250316213,0.0265819860560977,0.9169920754884904,0.1840608193341471,-0.3378596930895128,-1.0354181223514312,-0.9310407091385268,-0.040331685074826,0.3027665394426648,-0.0012004844880178,0.1414303200809675,-0.0118794165659997,0.2796929202365853,-0.3681424617995717
2018-01-05,PRU,116.84,117.75,116.211,117.68,1698455,0.592202685583926,0.5938893410744319,0.2651785361169522,1.077136190039882,0.2365960439626875,-0.1360937384243721,-0.992314270586808,-0.8912827646485778,0.1252866478966219,0.0986355254764228,-0.0012041930004209,1.058716263195998,0.5165466836413724,0.5168493130173223,-0.5014056261586818
2018-01-08,PRU,117.78,117.83,117.17,117.61,1500968,-0.0700292060777123,-0.0616203141144154,0.2346592255810929,0.693054659936467,0.270659559219562,-0.022226836631558,-0.957356386303432,-0.9166387184957566,-0.005878192870476,-0.1776226521785301,-0.0012762802933544,1.0038359076250072,0.5919062193438397,-0.1353656549238794,-1.1236343554454309
2018-01-09,PRU,118.0,119.7,117.79,119.0,2536243,0.7028144502994029,0.7027050846891437,0.5275996476021865,0.9766209861849257,0.3466671639179729,0.1768300489738462,-0.8642144082843036,-0.8773450797894626,0.0644489282976261,0.9838880258031965,-0.001185287171214,1.0395984963506408,-0.0704984307353963,0.613952814912098,-0.2536680916993439
2018-01-10,PRU,119.2,122.94,118.95,121.51,2578863,1.2801776890611778,1.267609917479842,1.032907787630104,1.3249093680686144,0.4982467527232763,0.5305965436066805,-0.5993872824311787,-0.747411862840143,0.4957295269023664,0.9362782078390632,-0.0011855057866319,0.9152894515777088,0.7025468396817663,1.4378161984800166,1.145323520617814
2018-01-11,PRU,122.66,123.78,122.1,123.72,1879369,1.0993409075849427,1.091228958118073,1.4436585947980305,1.5799244423678869,0.6956356182733537,0.9315220290649224,-0.2529509652690541,-0.6538090031285828,0.7574513772003996,0.1255178204996643,-0.0012018634906692,1.4226299306450123,1.280060696921394,0.626584902513236,-0.4596342490673338
2018-01-12,PRU,124.24,125.0,123.6806,124.12,1365548,0.1682908547775219,0.1750807264427669,1.412596406669686,1.7806189447097722,0.8562435857726778,1.1575890190178857,-0.0375997332813965,-0.9104467578951628,1.1432927615773654,-0.4497412057701955,-0.0012134610862767,1.178625838647323,1.0991767400121957,-0.0992899428318645,-0.705407610677622
2018-01-16,PRU,122.68,124.11,121.54,122.09,1962190,-1.0512349741032143,-1.0458061609631963,0.8698022638557804,1.2099041649175,0.8916599862016947,1.016201672465945,0.0181575282727768,-0.7331499448355158,0.8101722800395036,0.2482316057679055,-0.0012842972953121,0.5189658320441138,0.1678838013881105,-0.3896647188092565,0.1630049409278575
2018-01-17,PRU,122.82,123.86,121.94,123.44,1288193,0.6554170179940826,0.6561006662696788,1.081021860575648,1.532878522936914,0.960094330395384,0.9880794140834616,0.1353846281195097,-0.7328351895468889,0.810949532499215,-0.4680698227542204,-0.0012149902664028,0.9475852279894192,-1.0519601688492557,0.3550717148960277,-0.295030560794592
2018-01-18,PRU,123.83,124.45,123.23,123.31,1805512,-0.0985626735994524,-0.090020691727984,0.968867605242633,1.6003802684744517,0.9960349980948208,0.8819434434474073,0.221924874130639,-0.7257260996087143,0.7418951742698017,0.1784822999974665,-0.001281174511057,0.9063107676391318,0.6551370426662796,-0.3435815777741171,-0.7667691320502341
2018-01-19,PRU,123.88,124.39,123.27,124.13,3248499,0.381014100074034,0.3855972248113106,1.066417656300776,1.71349827199639,1.0430698535236198,0.8255909151717686,0.3278967661426601,-0.7249565611923879,0.7461908151197081,1.761305047644098,-0.0011725281307156,1.166657363694798,-0.0990393418682938,0.1261531479677913,-0.839356103896041
2018-01-22,PRU,124.27,124.47,123.2,124.33,1507383,0.0673149816781495,0.0749012849489882,1.0273504467127674,1.8058618844609216,1.0741383039796617,0.7394116410068994,0.4189089298203141,-0.7244612505136464,0.7379699593676342,-0.2453731094873154,-0.0012109464530368,1.230156533464474,0.3806625404349333,0.0101613368868396,-0.7400177679899754
2018-01-23,PRU,124.33,124.551,123.08,124.2,1802816,-0.09809332347328,-0.0895534254185481,0.9132930530328476,1.724971371990228,1.07950405238511,0.6043099090589038,0.4752088722653971,-0.7332854339293093,0.7710330674776382,0.1107682363522094,-0.0012802664443635,1.1888820731141865,0.066881586410203,-0.1053138328529949,-0.6042514034839557
2018-01-24,PRU,124.98,125.96,124.39,124.83,2014745,0.282805596433838,0.2884964519397167,0.9525602991157752,1.7682959256453243,1.094240629343956,0.5203488748817443,0.5153725204443511,-0.760676064470899,0.9287040448120244,0.2946874182963696,-0.0012001602938396,1.1142413823494912,-0.0985698693013479,-0.1169932013112379,-0.5431371731078826
2018-01-25,PRU,125.32,125.4,124.27,124.4,1691771,-0.2474553567133865,-0.2384306039907678,0.7595078827208072,1.5368561849118154,1.0749095240458593,0.3654904198726889,0.5007091627545586,-0.7666260034008285,0.9436973545281924,-0.1362112726073372,-0.0012778970907883,0.9891846840905016,0.282428416848164,-0.5809578080173129,-0.8342887623636535
2018-01-26,PRU,124.75,126.02,124.48,126.02,1594105,0.7777597507400672,0.7763249518689592,0.9912611560830994,1.5763139865318605,1.1088671354667448,0.3787678953553491,0.4949327825612712,-0.7529630376513439,1.193827258654939,-0.2589665623537593,-0.0012091261396583,1.442878752192886,-0.2479708670625483,0.7428278752279411,-0.5728750557765016
2018-01-29,PRU,125.85,127.14,125.17,125.37,1623367,-0.3541174870611882,-0.344966011919697,0.7361718987743489,1.3878454234905548,1.095868992046005,0.2685265711043872,0.4253758064737938,-0.7283236549603187,1.1290699999531244,-0.258037811308097,-0.0012764990432385,0.9762807092687622,0.7775116913274895,-0.3144759221460146,-0.2817483017620646
2018-01-30,PRU,123.59,124.13,121.175,121.39,2421592,-2.009441677927205,-2.0222616512107114,-0.1932815058788396,0.2230576909604621,0.9166695249051464,-0.247465834460126,0.2615892803074482,-0.3141685666106651,0.6512809422036548,0.5309202122975443,-0.001293735293455,-0.0729058505267286,-0.3546608226798493,-1.3711982350768996,0.4374448530457951
2018-01-31,PRU,121.64,121.97,118.47,118.82,3053615,-1.3510877834862227,-1.349717397720787,-0.7827919347071715,-0.6511393734237005,0.6641565625742233,-0.8489674334673496,0.134262857907848,-0.161750428387188,0.2612252752919557,1.132277181961185,-0.0013082581354838,-0.8315612471098757,-2.010416842926821,-1.77784593389082,0.8635911574208989
2018-02-01,PRU,118.58,120.59,118.376,120.52,1994638,0.8577518423849542,0.8548059002144583,-0.4702005836409705,-0.7556083645961119,0.5232153519580612,-1.0429849444241122,-0.0445394259119727,-0.1211374420176851,0.4721744839805433,0.001986594180428,-0.0011988558632739,-0.4976928331571421,-1.3518912017329947,1.2097305330660617,-0.0603193998987276
2018-02-02,PRU,119.68,120.38,116.96,117.33,2017827,-1.6808813701381995,-1.6857063010751494,-1.1640671222311525,-1.2186421244671806,0.2810381927233852,-1.458778542195673,-0.0852060051978639,0.0585256110290553,-0.0641126839413572,0.0161671297068234,-0.0012863814835611,-1.5409460151518726,0.857524650748977,-1.509828375111827,0.8379417472521254
2018-02-05,PRU,115.94,116.89,110.62,110.79,2628290,-3.503272743304848,-3.575940514039976,-2.501508280949192,-1.579735625816474,-0.1680339235680639,-2.323957478259972,0.3590313999075605,0.6495081299719133,-1.0273539566925265,0.5779164402451911,-0.0013005034642888,-1.847095105990212,-1.6817708226259696,-3.382291137506488,3.1252316262024404
2018-02-06,PRU,107.72,111.7,106.51,110.99,4151703,0.0793932294432467,0.0868928054223966,-2.393308305901712,-1.7985915324407833,-0.5118515190228408,-2.745177302393896,0.6897463565401389,0.6524797395023018,-0.9941494929610132,1.843417452853877,-0.0011494735239236,-1.1594252628190531,-3.5046376084899467,2.267169686378384,2.3057754688017678
2018-02-07,PRU,110.22,112.51,109.7,111.17,2262204,0.0679720328987809,0.0755536779806009,-2.276822829393879,-1.7550772267944728,-0.7700647397308386,-2.8618089747492017,0.9804225831606768,0.6160540726130538,-1.133827224743172,0.0876288649640996,-0.0011935574562126,-1.1304212552213957,0.0789629850639807,0.6248737585488392,0.5152499448860434
