date,Name,open,high,low,close,volume,return,log_return,close_to_SMA,RSI_14,MACD,MACD_hist,BB_width,volatility_20,price_momentum_20,volume_ratio,OBV_change,close_position,return_lag_1,daily_return,price_range
2013-03-11,CCI,71.57,71.83,71.12,71.56,1192856,-0.232457648075703,-0.2234654024359575,0.6026480504285964,1.5587472673854148,0.0954244295633091,0.5393375024631706,0.0667898554755336,-0.1674456577232025,-0.0077277884030515,-1.1192651864970196,0.0020394623339776,0.8956673298754327,-0.2840041762967247,-0.0368728992073152,-0.7644372293079951
2013-03-12,CCI,71.5,71.64,70.499,70.63,1736687,-0.8421069272562607,-0.8347271629696927,0.2407092804511701,1.0299721652350746,0.0675865233325198,0.358784962778384,0.0766893912724859,-0.1523123867763356,-0.0416461670339597,-0.7006747417399868,0.0009466256380981,0.4200536637490417,-0.23296924592768,-0.9456179926673146,-0.2449849446690163
2013-03-13,CCI,70.63,71.19,70.29,70.96,1482506,0.2578881757580177,0.2638358457863395,0.3142807779556735,0.9121918004766528,0.0561685246631369,0.2566074904312241,0.0665375064892773,-0.3375656566221955,0.4022691522283093,-0.8574220807240556,-0.0022874498933286,0.5888198033422753,-0.842777566142182,0.3266791889578759,-0.5342949628809671
2013-03-14,CCI,71.19,71.43,70.82,71.11,839382,0.0986091658658136,0.1059659773875679,0.3120149045897351,0.3616490462998611,0.0507419615835258,0.19028736462131,0.0383298259348675,-0.3486835306112221,0.4951877625344102,-1.3254673273957327,-0.0021913386505065,0.6655316849755664,0.2575044958901604,-0.1112181214802116,-0.8764044196805468
2013-03-15,CCI,70.77,70.86,69.9,69.99,1951594,-1.0135754552076293,-1.0077421549527126,-0.1705023346313794,-0.0075408917905404,0.0006593250772473,0.0222872997102598,-0.1250532074988353,-0.4056894639229967,0.5661895653797444,-0.1710812301084746,0.0021083155736906,0.0124241052738641,0.0981839344054523,-0.8590195666122168,-0.448200240621891
2013-03-18,CCI,69.41,70.11,69.035,69.66,1191933,-0.3265401547038022,-0.3174038684258257,-0.3266855834950652,-0.2270367380561467,-0.0531028859385903,-0.1215839136637265,-0.2010133020312147,-0.481302066736647,0.2132053352986034,-0.8018557738588791,-0.0003155616628709,-0.1729672651891441,-1.01429082560215,0.2458048479368954,-0.3051995285818383
2013-03-19,CCI,70.01,70.2804,69.65,69.99,1580685,0.2619386737804944,0.2678452654484822,-0.2581775548890359,-0.361270062782445,-0.083456571727071,-0.1764277433964538,-0.3785954818863687,-0.5490215886784224,0.4787838062403535,-0.3545378784678298,-0.0021643516430294,0.0065711811866361,-0.3270762961411507,-0.0478996918803104,-0.8406726960071613
2013-03-20,CCI,70.23,70.76,69.96,70.65,1486243,0.554092180252517,0.5563533022981285,-0.0777453711966051,0.1820379693434517,-0.0822849799340566,-0.1391572853833916,-0.6005824685243087,-0.5323438091380582,0.6026206862853198,-0.4127502825800937,-0.0025401533147656,0.3656480739382045,0.2615560505781913,0.4255095885074636,-0.6476199018517868
2013-03-21,CCI,70.13,71.1,70.05,70.15,1672117,-0.4736049425462372,-0.46452960803969,-0.3035050582859817,-0.1847273092316556,-0.1015597226929322,-0.1619694321337243,-0.762489825235033,-0.5438947941646144,0.2968771894699539,-0.1358385999666949,0.0014985219167057,-0.3571147440641782,0.5537857720107274,-0.0047703409129151,-0.343884096187536
2013-03-22,CCI,70.35,71.4,70.22,70.74,1341130,0.490628221013312,0.4937954369593128,-0.0986261163824747,-0.290591590764142,-0.0942252429461777,-0.1117274688720259,-0.7759870917771722,-0.8241918257030248,-0.0058556387349939,-0.3986353676627908,-0.0023488041714715,-0.3047438085209714,-0.4741794492153902,0.3925206376682649,-0.2011314499091529
2013-03-25,CCI,71.0,71.24,69.95,70.41,1147633,-0.3234279397795903,-0.3142941379371555,-0.236685106581466,-0.7394193052430155,-0.1019212282022437,-0.110222056436255,-0.8105979508889182,-0.8295529112865263,0.0098509444283678,-0.5898755894343032,0.0003310079933855,-0.6098842556297384,0.4903052567383401,-0.6541412444416057,-0.0644142505589378
2013-03-26,CCI,70.79,70.83,70.24,70.48,1613587,0.0288994636220786,0.0367461603484401,-0.2241997285247627,-1.0115927294940097,-0.1057426619457049,-0.0990446975931075,-0.8382838995620989,-0.8312408580889722,-0.0137682594133924,0.0137847166428388,-0.0026547064383855,-0.545157494121811,-0.3239632693241073,-0.3571691204229811,-0.8936634706285514
2013-03-27,CCI,70.29,70.68,69.87,70.66,1290006,0.1260057553271857,0.1331488685975997,-0.1626217555762182,-0.8816900453857686,-0.1022051446414428,-0.0711609972032603,-0.8426548661999019,-0.8626371680107049,-0.1090479377046959,-0.3494031226690053,-0.0035407267141926,-0.3787172502443076,0.0284560467828455,0.3713809951601015,-0.6359588269743989
2013-03-28,CCI,70.67,70.7,69.43,69.64,2783558,-0.9317109913753576,-0.9250790487066962,-0.5379463791224555,-1.124704570083561,-0.1396309409500552,-0.1542929009632385,-0.8323544917625587,-0.8001981114935294,-0.2011423927348537,1.5813093921166914,0.0275914755696826,-1.321878632216862,0.1255876708971962,-1.127467516119692,-0.0714661855640224
2013-04-01,CCI,69.69,70.17,69.63,69.79,1935682,0.1011036930882661,0.1084415407532931,-0.475913779463853,-0.9685344232625834,-0.1632026507200795,-0.1851382437136644,-0.815642423782721,-0.8087722706131771,-0.2407631249540898,0.5045121378881029,-0.0030031919155095,-1.183178428985598,-0.9324050055419358,0.0820946776724172,-0.9464741492313898
2013-04-02,CCI,70.18,70.73,70.18,70.6,1442115,0.6895861374017676,0.6897016253340972,-0.1685852141788474,-0.2024452087093488,-0.1499726877321154,-0.1150876457615802,-0.8164421581163616,-0.8111219997846362,-0.2440448420869177,-0.1368368220641805,-0.0048296472948888,-0.434197331536813,0.1006791123826948,0.4258314937079058,-0.9420679127579044
2013-04-03,CCI,70.53,70.68,69.361,69.61,1661509,-0.9060195150572584,-0.8991596704172081,-0.4995464359412362,-0.7391506071624666,-0.1780931141003881,-0.1654823577718233,-0.8065921809569907,-0.7765525654755572,-0.5756645690075285,0.146986105140476,-0.0153734197199624,-1.3496186728631143,0.6893150758745138,-1.0118211921084266,-0.0121457168639262
2013-04-04,CCI,69.7,70.72,69.7,70.28,1478868,0.566240921810361,0.5683213882684898,-0.2163422405382736,-0.504542165415679,-0.1737042671850266,-0.1221198175825748,-0.8762607239505706,-0.7583516980156653,-0.5441595590145463,-0.0855198759614678,-0.0043166459588343,-0.7300910984301583,-0.906706827011439,0.6023783615280783,-0.3817667505199847
2013-04-05,CCI,69.69,71.02,69.5,70.83,2216956,0.4542253659439977,0.4578837704485961,0.0116661195358453,0.1557139208263784,-0.1485640632593091,-0.0340161497131468,-0.9584358698895908,-0.7263187296824741,-0.4221687768206065,0.8222275274130122,0.041579138595076,-0.2215236865822131,0.5659376828471787,1.2095714543532643,0.1971570544899628
2013-04-08,CCI,70.71,72.12,70.7,72.12,1005521,1.100886046079552,1.0927381545940245,0.4857732457019223,0.7014467537409435,-0.0786608930482766,0.1516858892235544,-0.9232090720947724,-0.6013585947105324,-0.0999666928379256,-0.7352675590790388,-6.056692595967415e-05,1.442878752192886,0.4538929051471625,1.4802315622307314,0.0496081591014063
2013-04-09,CCI,72.31,72.53,71.42,72.33,1258880,0.1482877599807656,0.1552482730040631,0.549259060728751,0.6706840989586343,-0.0165033440472395,0.2803104247162763,-0.8504170785180347,-0.6038975846610557,-0.0094467215250278,-0.4089288083136717,-0.0002048040423702,1.2526537715094792,1.1007222815917128,-0.0054199154900682,-0.3123476275191824
2013-04-10,CCI,72.49,73.35,72.4,73.2,1406613,0.7158563366491635,0.7155226134399151,0.8234580785614479,0.7239300305958121,0.0645560581507037,0.4318630978511598,-0.6669224333578035,-0.6349589863250661,0.3669196560089908,-0.1974318407151208,-0.0003986611076315,1.3273220359434434,0.1478754883240861,0.7136719643052087,-0.5097143871797132
2013-04-11,CCI,73.18,74.05,73.101,73.7,1007452,0.3922637759276641,0.3967102968482902,0.956200962677476,1.081938390530573,0.1451052113981047,0.5517918643441103,-0.4787334542335613,-0.6287636887618061,0.3996192408205715,-0.7007753180244525,-0.0007791596148444,1.210882034724321,0.7155921283074919,0.5105368009279132,-0.5181831200702179
2013-04-12,CCI,73.52,73.86,72.92,73.39,1477682,-0.2948683853116674,-0.2857646725609328,0.7975415609548344,0.793144980183201,0.1928218799058146,0.5632246270170982,-0.362698280656923,-0.6156050895833455,0.303417901950976,-0.114355810719975,-0.0018253099455512,1.005399227823587,0.3919151510252068,-0.1599092068782748,-0.5238704629076095
2013-04-15,CCI,73.44,74.41,73.16,73.21,1861624,-0.1856932327198344,-0.1768255568950473,0.6695393651328165,0.8686939238309673,0.2193292393398775,0.5177784407100167,-0.2987273853861315,-0.728359729744448,0.508200853531252,0.394165794899198,-0.0021717048484217,0.7007358973220019,-0.2953962644396471,-0.2629302571033503,-0.1683478849453088
2013-04-16,CCI,73.56,74.04,72.83,74.03,1547215,0.6643347962985933,0.6648719193836944,0.8885593799075105,1.0343714318304662,0.2678246738628004,0.5380184184268241,-0.2105009221961449,-0.721242064499675,0.7538584134101259,-0.0407195641515884,-8.21144895010844e-05,1.192692777895375,-0.1861926309986732,0.4564096457933205,-0.2291404648873609
2013-04-17,CCI,73.69,73.79,72.745,72.83,2217840,-1.0421767130273083,-1.0366484708574806,0.3934847040942213,0.479107678374594,0.2544021689475371,0.3948346903798835,-0.2088512826097348,-0.5897684366828077,0.4284624792353644,0.7702330902720188,-0.0024157839203278,0.4026318064295384,0.664057147378334,-0.9080445361715224,-0.395509016711995
2013-04-18,CCI,72.98,74.41,72.74,74.35,2262387,1.266361598000594,1.2541519684753408,0.8813892266053299,1.1891204762834289,0.2984488235215671,0.4282123351583028,-0.1071772027971927,-0.4883618947137329,0.6016700172773571,0.7584702693448575,0.0008300588863159,1.403375703619593,-1.0428995447176448,1.3919616852353345,0.2806227695175367
2013-04-19,CCI,74.58,75.11,74.31,75.01,1294402,0.5196644108697828,0.5224249123866933,1.0303022387453544,1.2647189157690943,0.3535590820345188,0.4833919770641372,-0.002180508813664,-0.5109222518499604,0.8500088757915424,-0.4219118837237069,-0.0005638285142708,1.385056843383662,1.2662410016157426,0.4092863938893372,-0.7024732469952732
2013-04-22,CCI,75.02,75.17,74.4,74.54,968577,-0.4230943982620979,-0.4139587032825333,0.7868554982682142,0.9446855370704268,0.372744308545671,0.4350652766517767,0.0594892424459234,-0.4915306888603087,0.6214527671332403,-0.8160917299713492,-0.0016508614965211,1.082363281614687,0.51934902135265,-0.5097190685435451,-0.7304108102744034
2013-04-23,CCI,74.8,75.1,74.11,74.88,1559505,0.2509821263810359,0.2569992357475568,0.8263565907527715,1.430150984704442,0.3950792853779248,0.404511319426664,0.1069148928359122,-0.5098391637122046,0.7649030580556555,-0.0920297693316124,-0.0004722306560667,1.2769271863711709,-0.4236557280942359,0.0544874974453688,-0.4894615775306911
2013-04-24,CCI,74.85,74.85,73.24,73.9,1446301,-0.847804760314068,-0.8404686255056689,0.4071395582889915,0.8883824364179639,0.3682700697009103,0.2535718481260835,0.0893238158771997,-0.4282100340064459,0.5451791137480305,-0.2243107219842578,-0.0018019898809262,0.7161253432495301,0.2505966449113874,-0.9852236437396432,0.2243565239862056
2013-04-25,CCI,75.26,79.0,75.26,78.36,5052120,3.724390252532327,3.603579829770236,1.8728365185513407,1.4175589141409526,0.514917892587514,0.5792957023521901,0.3934173822878741,0.3698615290400092,1.4329537223961253,3.646501235789388,0.001203999179748,1.2221633061960815,-0.8484768856107696,3.0857022373125127,2.3864047011192686
2013-04-26,CCI,78.35,78.6,77.37,77.38,1914851,-0.8116187682763947,-0.8040145927012619,1.372289361941355,0.9590168831254132,0.5841390992355869,0.6405800084045061,0.4564741573979284,0.3548441789212088,1.4648305355248523,0.1661783181388439,-0.0017355588594462,0.8841927795134736,3.724910889446737,-0.9616736868553104,-0.2665725832161426
2013-04-29,CCI,77.54,78.12,77.13,77.35,1583095,-0.057133302355882,-0.0487888343530751,1.2191245528754373,0.9214420601616178,0.6288713580418968,0.6265733230694759,0.4698079339821108,0.3595487800723333,1.4234431585928131,-0.1981956349377837,-0.0017381543908767,0.873846742982373,-0.8122814536249415,-0.2114447321866867,-0.5246470969785914
2013-04-30,CCI,77.49,77.91,76.65,77.0,2608739,-0.3147066199683367,-0.3055806122175268,0.9754274427980266,0.6857238259340228,0.6414570672634342,0.5326233095607302,0.4666837052745215,0.3685033171316988,1.1638816468505713,0.8987502641085936,-0.002236563585124,0.7531429834528724,-0.0575991628205264,-0.5040604497916208,-0.2275643848831854
2013-05-01,CCI,77.07,78.2,76.79,76.87,2552282,-0.1381070154518939,-0.1294021349352713,0.7958780359966232,0.5624259213843735,0.6372728758038492,0.4142978630879124,0.3386164298828479,0.3032733998663973,1.364262017434835,0.7652142945607809,-0.0027575241176496,0.697562260113676,-0.3152396743560259,-0.2223767173537949,-0.0626311521730779
2013-05-02,CCI,77.29,78.21,77.15,77.48,1880923,0.4610510868316425,0.4646189777709272,0.879369293956131,0.7576553742905296,0.6487888350067402,0.3600494234428188,0.2463981363655611,0.300600939911186,1.3371211796561016,0.0037876225232036,0.0012152643386909,0.9110097062020884,-0.1385939997716677,0.1594104407418463,-0.4511417775218333
2013-05-03,CCI,78.02,78.62,77.81,78.23,1476965,0.5696566172985029,0.5716858746967389,1.0074017818702832,0.9231118847441792,0.677921244710644,0.3619951120559331,0.192977412965826,0.3035086333330112,1.3669077239525182,-0.4033476235961202,-0.0002191523818061,1.1344908264301503,0.4607204066810648,0.1770399588057373,-0.7284056323013638
2013-05-06,CCI,78.11,78.26,77.32,77.94,1031041,-0.2637876942671973,-0.254731656969328,0.8005385592581059,0.7131589411763178,0.68006030486528,0.2940712458867366,0.1713982434686875,0.2782985515240518,1.0177104906190957,-0.8995636569746053,-0.0017647129651949,0.9780195926033016,0.5693542693980358,-0.1907488063568382,-0.5861865153261451
2013-05-07,CCI,77.94,78.61,77.8,78.4,729620,0.3344493925313901,0.3395767215513532,0.8511720051133257,1.175222929603848,0.690206702556161,0.2603429019264388,0.1537714685802839,0.2787113962476424,1.0650317683339523,-1.222253152371917,-0.0007877343582725,1.1406804306072074,-0.2643074652821878,0.4195882627689184,-0.7302767560897951
2013-05-08,CCI,78.24,79.27,78.155,79.26,1428467,0.6499365111418886,0.6507095913652744,1.039885354717142,1.0833804998432406,0.722073880154105,0.2892691403241113,0.2068374871556747,0.2753610559440573,1.0483767399202342,-0.4359263183948336,-0.0004774106231934,1.4377881219670985,0.3340856854175267,0.9586377035380436,-0.4189158996954226
2013-05-09,CCI,79.07,79.31,78.71,79.02,1120517,-0.2215139461511105,-0.2125477028377755,0.8614898719409357,0.8900132147781462,0.7277977574556025,0.2451177261260521,0.2351788504985581,0.2836503094472103,0.8926647522894519,-0.7866058653768135,-0.0017132652460892,1.2961492779374304,0.6496551060978437,-0.0740918038965006,-0.9585155517616624
2013-05-10,CCI,78.95,79.61,78.4701,78.71,914328,-0.2772379011200288,-0.2681593231804609,0.6603010548248516,0.949704236899058,0.710250263372553,0.1498964854314856,0.2022081703967042,0.2827178884953867,0.8971428000837111,-1.0017163126407858,-0.0017050718137318,1.0073964547113343,-0.2220226890867795,-0.2559863220833941,-0.3843585144885977
2013-05-13,CCI,78.49,79.3,78.47,78.69,916371,-0.0488156434833047,-0.04051413839486,0.5569277924459445,0.883197589230398,0.685953253461726,0.0563463553254509,0.1262457926217501,0.277967821198591,0.9318577226065632,-0.9707642790890304,-0.0017987397798824,0.9977190703228572,-0.2777611809307773,0.1661965977260399,-0.712267942890024
2013-05-14,CCI,79.15,81.16,78.81,79.77,1323442,0.8214795001998548,0.8192311109259449,0.8247026377625803,1.4472830428742072,0.6994428969842589,0.0787684466953914,0.1255885983178931,0.2873357389234182,0.9712613217348424,-0.4837898695066212,-0.0002384789823416,0.8941124413799328,-0.0492793340953597,0.5654978117416212,0.8638725280820586
2013-05-15,CCI,79.46,79.95,79.01,79.43,772500,-0.2983556111790127,-0.2892475199553008,0.593273039737246,0.2997928086414765,0.6871356109895207,0.030305267298104,-0.0288502205394498,0.2124867318040343,1.1634474883078247,-1.0933003793347662,-0.0016731345557944,0.7598818329796461,0.8212428460893013,-0.0548410103916363,-0.6050415411201795
2013-05-16,CCI,79.17,79.31,77.76,77.77,2090846,-1.3341208352919185,-1.3324809328220957,-0.0283714002865091,-0.0278272714057654,0.6033998934420842,-0.1923208294234034,-0.1411527353867124,0.2750347661463641,0.5080845748698384,0.5430656091846957,-0.0026215447571064,0.0200283213936369,-0.2988844000300521,-1.3623339719062395,0.0697064690257193
2013-05-17,CCI,77.55,78.62,77.22,77.87,2695570,0.047058010566122,0.054784552806754,-0.0430753058844633,0.0238049040367315,0.5331325373253255,-0.3357543763307051,-0.2252443003879814,0.2655546586504405,0.3924954755964692,1.1541780453824055,0.0022901280537815,0.0620003105027627,-1.3349198273200826,0.2854380752105345,-0.0929650591423768
2013-05-20,CCI,78.02,78.54,76.66,76.73,3060540,-0.944440280221081,-0.9379252764634304,-0.4649543435422932,-0.288557041507041,0.4259732385285371,-0.5454604392343438,-0.3505276358095502,0.3093679079814089,0.2640167911667321,1.3771280481883763,-0.0030074400978354,-0.4164803653412327,0.0466193308014325,-1.2755065387680269,0.450652058453605
2013-05-21,CCI,76.97,77.07,76.48,76.88,1707862,0.0887126188117913,0.0961436903207496,-0.4476553221877706,-0.1853128742512351,0.3413213865871022,-0.6552915088086126,-0.4686546244000745,0.3074384544582201,0.224792001097503,-0.1428225532677167,0.0014617561179173,-0.3535223816775527,-0.9451376151153768,-0.1146582510552283,-0.9517413417174564
2013-05-22,CCI,76.78,76.9,73.86,74.05,2159695,-2.3247526263110205,-2.346974608985644,-1.4041040182912332,-1.1768878846730515,0.159325010432604,-0.9937194940439218,-0.4876024829102734,0.5529680758155513,-0.1376666326932369,0.3138792782429442,-0.0029747885715084,-1.7947829918093248,0.0882848056095503,-2.7126459789359147,1.8300969212813991
2013-05-23,CCI,73.37,73.66,72.75,73.38,2965792,-0.5963030670091264,-0.5875466640142927,-1.5505922432452803,-1.5968812075310204,-0.0128250023866612,-1.239117512508635,-0.2157592833760974,-0.3211453071424219,-1.100848779745229,1.3874311854461876,-0.007570524986483,-1.6322856189489234,-2.3258100474224004,-0.016019183380098,-0.5577972990758598
2013-05-24,CCI,73.18,73.78,72.77,73.72,1729461,0.2554712879583435,0.2614433453098633,-1.3766941335302727,-1.4079957132721557,-0.1360025998340105,-1.3093817731543833,-0.0378502957916706,-0.3329430969912412,-0.8621366968972356,-0.0324263272685237,-0.0041253711119399,-1.4978954022152184,-0.5969095823056066,0.5311850067656981,-0.449513429507616
2013-05-28,CCI,74.51,74.98,73.22,73.33,2273601,-0.3623589652498207,-0.3532053327121452,-1.4441964070846989,-1.6636499868897312,-0.2478099697857261,-1.336326411831312,0.1383568196948797,-0.3318802779730337,-0.9307598076796272,0.5490140581514658,-0.09919045726847,-1.6520488861156435,0.255086977589725,-1.2228150945313545,0.4089476422440785
2013-05-29,CCI,72.81,73.12,69.87,71.74,4659243,-1.3829248528531437,-1.382073147647557,-1.9012416270887396,-2.2292301632063647,-0.3961234437429232,-1.45184820604443,0.415374083326704,-0.2316551424049003,-1.1707399427839214,2.9793785998090527,0.004610471819361,-1.330707614743192,-0.362904450847588,-1.1366092321031005,2.184223803034931
2013-05-30,CCI,71.94,72.995,71.9,72.0,2519816,0.1926394427251406,0.1992130334093966,-1.734651729793906,-2.0900749078156533,-0.4993701874883929,-1.428264653656359,0.6181014771867328,-0.2188854993035008,-1.0979244084655455,0.6749984168389135,-0.0022608768506726,-1.2541542755283943,-1.383736576531584,0.0366957803884992,-0.323848331925122
2013-05-31,CCI,71.67,72.63,71.25,71.25,3280147,-0.6815172669952231,-0.6731264077155917,-1.891853362220285,-2.1307059219447626,-0.6054278430397532,-1.4166330503454994,0.8363779559782887,-0.2437427073908005,-1.348390779078658,1.368031665351593,0.0008506844197615,-1.4749812155710755,0.1922387412248144,-0.4690645593295179,0.0228569524448937
2013-06-03,CCI,71.25,71.45,70.52,70.87,2798825,-0.3650389097107831,-0.3558848118864288,-1.9045701960331096,-2.1616725229995746,-0.6980835063472872,-1.3728312703713432,1.0220971164193102,-0.3013622801999147,-1.5492103570372453,0.7715326763539416,-0.0002245165207552,-1.5868668651926996,-0.6821460123753519,-0.4292594050437662,-0.497673566289357
2013-06-04,CCI,70.88,71.71,69.75,69.85,3315116,-0.9290479443999496,-0.922391874469154,-2.127689584810448,-2.704342003111292,-0.804083693600121,-1.372138421306374,1.242968151635036,-0.2769485808568637,-1.69190837906076,1.1115441495955465,-0.0003603953368685,-1.8521688541589651,-0.3655850944336909,-1.1242050767474336,0.7472313469347884
2013-06-05,CCI,69.75,70.06,69.24,69.76,3506645,-0.1132139868580179,-0.1046087296423814,-2.019868658522796,-2.694864032874053,-0.8831473788928352,-1.302250049710569,1.4026991897640884,-0.3100443772511982,-1.7859946517340652,1.0889550600420967,-0.0005345550512731,-1.7362881544215767,-0.9297412638494847,-0.0154847536989689,-0.6116865053876986
2013-06-06,CCI,69.76,70.76,69.72,70.64,3515992,0.7523691088798977,0.7513931553694989,-1.5706590307292112,-2.172739612085391,-0.9024660372462,-1.092556681579691,1.4234126048355054,-0.2931374589115466,-1.7647272253638289,0.9587360647446022,-0.0018084047466828,-1.4908787791741458,-0.1136944772588439,0.9267449591971988,-0.36433503182213
2013-06-07,CCI,70.09,70.825,70.09,70.28,4203487,-0.3502793598621248,-0.3411292636099184,-1.5520013028883006,-2.2501196567472053,-0.923000603453861,-0.927931712960561,1.4302852217981814,-0.2951448290730678,-1.7918814395925935,1.3263479055596747,-0.0003932526815716,-1.5912735235935496,0.7521144257345087,0.1784892585403111,-0.7197312473539998
2013-06-10,CCI,70.35,70.57,68.96,69.21,2708829,-0.980863147825166,-0.9746974772011118,-1.7726342865081215,-2.2443710825085463,-0.971877856514571,-0.8691853261165555,1.4652994089849265,-0.2720774752312123,-1.9400880591555656,0.0531878353811779,-0.0008235839220493,-1.813184311121688,-0.3508216942170445,-1.2506098711521938,0.3473956971522009
2013-06-11,CCI,68.71,69.66,68.54,69.35,2118422,0.0929413251003095,0.1003408566345828,-1.566089968426328,-2.249015268764376,-0.9953262813343416,-0.7567348504966684,1.4383291401345824,-0.2627001900985993,-1.9106764985920173,-0.4408765997087305,-0.0015274768738682,-1.6679440653345223,-0.981569984462055,0.6774113272228424,-0.2453720273159925
2013-06-12,CCI,69.64,69.64,67.97,68.0,2261899,-1.2449405365351984,-1.241962829409658,-1.852288722019024,-2.107804339303659,-1.0565562451294683,-0.7640235009286679,1.342336415670795,-0.3443451089996885,-2.334465640083527,-0.361847531786901,-0.000903887974654,-1.8729784575264627,0.0925146150533471,-1.8055372237892748,0.4554295538251647
2013-06-13,CCI,68.28,69.78,67.7,69.74,5231938,1.5600772694119118,1.5396258902689592,-1.0566222776484873,-1.224216001546475,-1.026466310504243,-0.5347985747771974,1.0874248553232515,-0.0515948667473695,-1.9591509372833016,1.552127632160175,-0.0019411562155041,-1.297208871693823,-1.2457162638316452,1.5891727041876669,0.8943226025458287
2013-06-14,CCI,69.74,70.96,69.61,70.34,3132197,0.5026337604921485,0.5056344182004996,-0.70708048182768,-1.1267372148884087,-0.9695264841199877,-0.2823074746788332,0.8802505948070506,-0.0589672290443462,-1.5706023569556318,0.0713329497684958,-0.0018014686883867,-1.0776545014723016,1.5600332955142218,0.6236844685931039,0.0081950076155387
2013-06-17,CCI,70.74,70.95,70.1,70.34,2731176,-0.0329960430517004,-0.0247793014886723,-0.5721089754302022,-1.0501606243606594,-0.9155435846454552,-0.0879256735634105,0.585968854456617,-0.0626305933794495,-1.587660818636767,-0.2006231140531784,-0.0012427088046935,-1.0717235178281888,0.5023139281382286,-0.4535248356183432,-0.5842194015323643
2013-06-18,CCI,70.34,71.68,70.34,71.33,1573863,0.8432544136385495,0.8405897233522054,-0.1100383993493658,-0.3144354833881756,-0.8259744935662995,0.1591780119166313,0.3125881969362594,-0.0052376457681794,-1.2010670370195125,-0.9547873072598784,-0.0015942514255787,-0.5934928619928043,-0.0334556067571959,1.0370366949353509,-0.0256888043351258
2013-06-19,CCI,71.26,71.38,69.46,69.54,2571593,-1.5953384953502434,-1.5983811886074586,-0.6364767759447345,-0.8384684963388268,-0.8177070441024751,0.1475919343592815,-0.0504831017858715,0.0905449555486769,-1.5696527231860609,-0.2900967598901324,-0.0005849988489258,-1.2164664777611085,0.8430234400149015,-1.8499072114777857,0.7097179411609782
2013-06-20,CCI,68.89,68.89,67.35,67.7,3611447,-1.6803182892033324,-1.685131085798768,-1.204634941628167,-1.0428485319752898,-0.8751770346145303,-0.0308839665397752,-0.0612093696477202,-0.0455553272997672,-1.4268907166468607,0.3602984944347249,-0.0004960058584346,-1.728817393623802,-1.5962056320119844,-1.3313916610441632,0.3044652163807373
2013-06-21,CCI,68.08,68.755,67.06,68.53,3084162,0.7302856574478568,0.7297006176781882,-0.8084051439026522,-0.731872909072127,-0.8796137428308329,-0.0371579315773038,-0.1197740704548673,0.012248293856703,-1.1381742127811614,0.0052325137844861,-0.0017451943127773,-1.2643145453455091,-1.681207594798492,0.4730709832554457,0.470003348484303
2013-06-24,CCI,67.7,67.97,66.95,67.33,1967395,-1.1231703462516716,-1.1185792681549256,-1.141407089055626,-0.7654625746371243,-0.921431078476905,-0.1383941951184341,-0.172794499393911,0.039902330226927,-1.4404971806162294,-0.7419656405422059,-0.0008513056068161,-1.723994069903639,0.7300252133263315,-0.4392288183490473,-0.3287711529800564
2013-06-25,CCI,67.91,68.68,67.58,68.32,1493679,0.8824273510310569,0.8789951976813526,-0.6786754887330326,-0.4968888688966711,-0.9068520577192384,-0.0742199554096924,-0.3141804614978969,0.1214560925726226,-1.1708809192599303,-1.0427378573140642,-0.0015031396234061,-1.1431944049746996,-1.1239143069937607,0.4298199815528899,-0.249477512616288
2013-06-26,CCI,68.67,70.19,68.39,70.13,2959187,1.6164045405611114,1.594222508803115,0.0322808821450096,-0.2911441417010618,-0.8163501508215907,0.172543638298339,-0.3800689020044118,0.2220777681535093,-0.4970747295362347,-0.0025613315912632,-0.0018120889031605,-0.132601827587556,0.8822065965689471,1.5799977979772912,0.5477541913529599
2013-06-27,CCI,70.54,73.29,70.48,72.47,4992949,2.0443432945595004,2.0074480559839563,0.9038874839092896,0.1976255657853077,-0.6467750813337084,0.5734874725579573,-0.3380612029029619,0.4552206675885602,-0.0716064181348167,1.2610858401123255,-0.0024513789222661,1.0129372915142003,1.6163752609274002,2.0408077099861544,1.6401900260814954
2013-06-28,CCI,72.33,72.74,71.91,72.39,5258420,-0.1017230059313224,-0.093167084658335,0.8515428703310514,0.4077972472332939,-0.5113358458500123,0.8063774908741247,-0.2593164272693817,0.4312031416702335,0.0675078425805764,1.3275820530081406,0.0010123153871903,0.9709917831553057,2.044425652590632,0.0363560208255958,-0.6357649381736126
2013-07-01,CCI,72.5,73.29,72.19,72.31,3484318,-0.1017989578173613,-0.0932427035079245,0.7934525280871917,0.3686410692007102,-0.4041846767283757,0.9198765096792968,-0.1799652423396064,0.4239648047696027,0.1309374894914503,0.1659559522984519,-0.0004183302936194,0.9290462747964104,-0.1022004986455275,-0.2243143326544475,-0.3235193750699671
2013-07-02,CCI,72.16,72.64,71.66,72.16,1983316,-0.1621442331331149,-0.1533525799722964,0.692391263948563,0.6598356253254961,-0.3231411178383608,0.943475185419705,-0.1076995784523099,0.3754394179779869,0.3182199634920888,-0.75930975995954,-0.0008809271886527,0.8503984466234779,-0.1022764703453624,-0.0263165508545973,-0.4594774184620101
2013-07-03,CCI,71.88,72.61,71.38,72.4,925799,0.1740706005134213,0.1808099838889999,0.7312824121888878,0.4166847107544293,-0.2483020306619404,0.9463839226288332,-0.0335899300079774,0.3738049544033794,0.3883213692151505,-1.4185550178525674,-0.0013921103682792,0.97623497170017,-0.1626374881138796,0.5202461687258868,-0.1754501862125196
2013-07-05,CCI,72.65,72.65,71.005,72.21,1177959,-0.1963803956032263,-0.1874811550119628,0.6299535662847913,0.2507361237942486,-0.1959069312328106,0.8909404742992232,0.0185775483501649,0.3525236758857669,0.1589370189138912,-1.2157546179897252,-0.0010417991764109,0.8766143893477865,0.1736650549035959,-0.4838910239531208,0.3072457357210321
2013-07-08,CCI,72.37,73.495,72.33,73.32,2272444,0.9240240597515416,0.9197508958607884,0.9857017640393676,0.4547255918489703,-0.1111139745451979,0.9299772425022226,0.1337798967562957,0.3811608652012873,0.4677978160206918,-0.390422353122923,-0.0016041270144828,1.353996892902974,-0.1968825818742648,0.9654506994210098,-0.2670999359960962
2013-07-09,CCI,73.9,73.9,72.45,72.69,2046661,-0.56794644709022,-0.5590946127101916,0.6837930803230355,0.112749373234897,-0.0696027947061724,0.8498001085354943,0.1726808761025728,0.3418627476995414,0.5709884790376696,-0.5367671730023501,-0.0008684629217374,0.8641363550266355,0.9238141567474578,-1.263362018299379,0.0711364917515977
2013-07-10,CCI,72.77,75.19,72.65,74.84,3507245,1.808450932074779,1.780007230495686,1.3758740812555774,0.955874303084332,0.0456869298086984,0.9755631052884776,0.3440977189380918,0.4814004622727898,0.9951641008378048,0.475259728739903,-0.001807826555152,1.3016817208694813,-0.5685455649103067,2.1228135203584517,1.2371873543923773
2013-07-11,CCI,75.9,77.46,75.9,76.72,3533445,1.53094183104406,1.5113667344820436,1.898695238771141,1.7537431715642833,0.2069615884110788,1.1945379314191655,0.5679722550370377,0.4416171084343504,1.7158570473449055,0.4379874046399556,-0.001957622486589,1.2088260083577358,1.808471752158585,0.7899214442914491,0.1033025388276428
2013-07-12,CCI,76.9,77.575,76.31,77.3,2178846,0.4376721236476681,0.4415469916081802,1.962065669803849,1.735059732557192,0.3518471681351491,1.327532585422633,0.8367778304184189,0.362335526733045,1.424583766642937,-0.427839623950754,-0.0018365138370275,1.356841112400255,1.5308902564972744,0.3666706281335349,-0.227466371406662
2013-07-15,CCI,77.62,78.0,76.154,77.36,1770421,0.015328436248617,0.0232614997518618,1.8457916531994225,2.2156043422738563,0.4620094744096272,1.3445512005139495,1.053109307484697,0.3636585638405986,1.2982548901897455,-0.6971645539973443,-0.0018565417983536,1.250346970838751,0.4373353445569222,-0.2793887505675914,0.3973941207510109
2013-07-16,CCI,77.27,77.37,75.905,76.35,1970454,-0.8458271944679947,-0.8384758567066102,1.3617014957329543,1.7329959330848717,0.5020808932819194,1.1777533550014354,1.1507234687895431,0.4227633141362003,1.0873732437080283,-0.5231842832455953,-0.0003655020934776,0.946507753389254,0.0148814790948147,-0.9258589650856388,0.0078163589820664
2013-07-17,CCI,75.52,76.55,73.87,76.44,4826419,0.0403926062590084,0.0481638637032588,1.296591044809621,1.5666120689736882,0.5295789915189281,1.0119515677210815,1.2482346803932625,0.4034878967626893,0.8846507390396826,1.4635243006827825,-0.002875305959381,0.9735825351421802,-0.8464988038711693,0.894070662435029,1.330621450005776
2013-07-18,CCI,76.61,77.06,76.02,76.43,1930180,-0.0411407366020075,-0.0328798552900605,1.1622151574387758,1.2235727390287303,0.5430221155491791,0.8431328762395778,1.2623049129176434,0.2259542886942256,1.2876614768238834,-0.6250414039564879,0.0003430301380046,0.9705742260585248,0.039952187670328,-0.2038302087175924,-0.45728630134804
2013-07-19,CCI,76.5,77.115,76.16,76.72,1287144,0.2032309734939929,0.2097075480013364,1.096698268278358,1.3172602019946509,0.5569724496471845,0.7093834730373478,1.135368561244315,-0.0131738624102493,1.7892834144737,-1.0560616706678412,-0.0019156547229647,1.0578151894846148,-0.0416024250381107,0.1909565567964264,-0.5539083545867396
2013-07-22,CCI,76.89,76.945,75.77,76.6,1372539,-0.1303756637481246,-0.1217006615757755,0.903677637170063,1.2963311289441397,0.5552092677300104,0.561937630754625,1.0105749826090575,-0.0085613386129784,1.5619912337543318,-0.9550954170674916,-0.0002954197496923,1.0217154804807131,0.2028330350380302,-0.3112693105962645,-0.3129229908470003
2013-07-23,CCI,76.94,77.22,76.415,76.85,1240863,0.1701959853379184,0.1769692735323925,0.8171728280214652,1.4159631009867706,0.5555506591048394,0.4493980923526424,0.7207995944093752,-0.1509751210378155,1.9091003771043165,-1.0453354643359505,-0.0018811867840258,1.0760065095768705,-0.1308606311670165,-0.1146926967402558,-0.7183324649623348
2013-07-24,CCI,76.96,77.058,76.1625,76.72,1642357,-0.1383121767513072,-0.1296065164226294,0.6184536455496218,1.3084776569711685,0.5427523315335403,0.3255450512589295,0.4336874010446522,-0.1527498922768478,1.6382463517224324,-0.7260367060519174,-0.0001451395904907,1.0001157586521578,0.169789428945624,-0.2619250284859958,-0.6185431449307841
2013-07-25,CCI,76.89,76.89,73.3357,73.69,3543781,-2.4918314656363263,-2.5197281813390258,-0.5089273018114501,0.1955488386307234,0.4069745156757954,-0.0900844674207779,0.2350349863741883,0.1930384213976687,0.5780544389266841,0.767449001962758,0.0004543921906243,-0.4623369959955666,-0.1387992145921238,-3.1706228652453423,2.428467328648805
2013-07-26,CCI,73.52,74.28,73.21,73.35,1725633,-0.3202498461391855,-0.3111187424929291,-0.6433574217804776,-0.1806287267772886,0.2810527630020228,-0.3972187453973343,0.1991054118040507,-0.0357261287949885,0.0108611705595112,-0.5812658008174727,-0.0007298975007435,-0.766905972482969,-2.4929324731050824,-0.2010146395009526,-0.3755813038397338
2013-07-29,CCI,73.39,73.92,72.38,72.49,2278798,-0.762947130287927,-0.7550162529857104,-0.9466351344522618,-0.2435544132056627,0.1440562935644644,-0.6714322980815763,0.1939390433972066,0.0004445834708568,-0.1471888581003001,0.016480672371667,-0.0006711274494133,-1.1755973409176426,-0.3207843466048932,-0.952827065153868,0.1791951121802226
2013-07-30,CCI,72.9,72.97,71.88,71.92,2001773,-0.5225405509036726,-0.5135631188253663,-1.139933959679869,-1.1221272636595403,0.011227333718272,-0.8800760422828678,0.2165834742266727,0.0153056077175083,-0.2466880451651288,-0.1719324973000442,-0.0008263609966278,-1.4464741781359696,-0.7635971185204536,-1.0419646915577654,-0.3282324566495598
2013-07-31,CCI,72.35,72.59,69.36,70.25,4505218,-1.478642909328481,-1.4794525740015994,-1.6941861365310646,-2.304780959895109,-0.1596206095783294,-1.144851246563082,0.3553538877120065,0.1350280847107785,-0.5562146101900081,1.9372445458920655,-0.0004279070716623,-1.5388813074343508,-0.5231278235515869,-2.219250190619445,2.2405761004242364
2013-08-01,CCI,70.54,70.73,69.47,69.62,3055809,-0.5913243508681315,-0.5825502461587396,-1.8698752203190891,-2.686609344785335,-0.3178451019772704,-1.3241788646845254,0.5453453394731178,0.1422707489506953,-0.7314079947541221,0.5361653813477613,-0.0008154755942913,-1.7812695445395308,-1.4794796032630813,-1.0116814834833552,-0.0830003917771529
2013-08-02,CCI,69.65,70.06,69.12,69.3,3321210,-0.3191576632692496,-0.310027524482366,-1.9348120529963804,-2.737065852285081,-0.4523150868517088,-1.406497265738318,0.7334536934075331,0.1438208778865953,-0.7593320819434586,0.6400878090514398,-0.0008403151470842,-1.813920727058209,-0.591929567352016,-0.4059737627162652,-0.4608706859122159
2013-08-05,CCI,69.96,70.845,69.17,70.56,2457172,1.0989682751042775,1.090864988069124,-1.4444271802910815,-1.971614794563135,-0.5051682982342675,-1.262271816614607,0.8436795376358261,0.1676767631368764,-0.7203257859188126,-0.065565926575072,-0.001502717558118,-1.3422463197183934,-0.3196918788139398,0.6216404402300608,0.3870765983414235
2013-08-06,CCI,70.35,70.47,69.51,69.79,1808219,-0.7123992300401527,-0.7041700698813862,-1.6681899495848538,-2.100563827242651,-0.5724559088654018,-1.1840453524988428,0.9787498138994246,0.1759463252338454,-0.7534033990619878,-0.5811919602407227,-0.001031590771964,-1.6304917908705,1.0988040103217789,-0.6277237959130527,-0.4449243453461728
2013-08-07,CCI,69.1,69.85,68.3,68.34,2396972,-1.3265073537400345,-1.3247480719487852,-2.0748685269093348,-2.228037241926304,-0.6767425620249753,-1.2166990797501522,1.210025252680617,-0.0039247838499057,-1.4430324263191383,-0.0607484799618578,-0.0009826351031125,-1.86759482014675,-0.7130360316905022,-0.8572768507381945,0.2989062985898564
2013-08-08,CCI,68.4,68.83,68.11,68.69,1676289,0.2858554805728507,0.2915142274959506,-1.8169865794235172,-2.20257960061421,-0.7387957771849705,-1.1341139191726708,1.3246379287651644,-0.2137895733790449,-1.7046640278186311,-0.6022870566837711,-0.0014090040941685,-1.6863558396766412,-1.3273043596164564,0.2940053452935856,-0.7177554222428272
2013-08-09,CCI,68.39,69.35,68.17,68.76,1605893,0.0304493292717983,0.038285975734902,-1.6482556649722495,-2.1633370145662427,-0.7779469545969475,-1.0090963397970554,1.3629083895300032,-0.2501607098410848,-1.790027181105205,-0.6457903384978587,-0.0014121749200773,-1.662827760038522,0.2854790966195893,0.3824297645332409,-0.1610997302261296
2013-08-12,CCI,68.37,68.77,67.13,67.44,2305569,-1.228176518591609,-1.2249620982937206,-1.956936762096828,-2.3601507883572865,-0.8527896880676653,-1.0009517271753563,1.4294099000574154,-0.2170294434953022,-2.0507573429643897,-0.0593846713094404,-0.0009835847387905,-1.780668383237188,0.0300063167506606,-1.0540064762493269,0.4353517981926183
2013-08-13,CCI,67.68,67.81,66.73,67.66,2366424,0.1700995715640595,0.1768737003892825,-1.7297007639180149,-2.264766073280085,-0.8948259974555371,-0.90999286623872,1.4799594931196958,-0.203827601809895,-1.8390698156510323,-0.0240323869377074,-0.0014859603761571,-1.5865946031884548,-1.2289478726084706,-0.0486427285025018,-0.2610234565688577
2013-08-14,CCI,67.54,67.83,67.32,67.77,1771199,0.068221576292721,0.0758014504262786,-1.5403499556118805,-1.9437941151450089,-0.9149600064345124,-0.7808496332765861,1.4707902286880454,-0.2020153956628064,-1.8332590575623195,-0.4278729504468985,-0.0014422665541222,-1.5517366461704687,0.169692990020015,0.2309666973969178,-0.9641461173840536
2013-08-15,CCI,67.07,68.26,66.89,68.25,2461213,0.4079639392312849,0.412216480863505,-1.2209840185733352,-1.6797338360018788,-0.9033090067230052,-0.595720981704272,1.3898068128588894,-0.1656813099747154,-1.7393201403451506,0.1752087110806134,-0.001541493363197,-1.39962919736471,0.0677884175308277,1.3029082365221014,0.0815988419364347
2013-08-16,CCI,67.97,68.48,67.76,67.91,2113255,-0.3431459734475532,-0.3339990714390737,-1.1905783551356757,-1.6005553368575816,-0.8987918466584884,-0.4659804408914699,1.2471593194465154,-0.1904765101429141,-1.8539798336620312,-0.1730536246836939,-0.0009552139855149,-1.5073719736021227,0.4076194100774657,-0.0930093139799229,-0.707721798176033
2013-08-19,CCI,67.7,69.06,67.7,68.5,1869035,0.507899879848634,0.510826764150353,-0.8257623585774514,-1.2408407761459377,-0.8637317208368303,-0.2835709401677501,1.022015657735749,-0.1389261155583301,-1.7204932825922143,-0.4071028982374979,-0.0014731114021444,-1.3204065677783778,-0.3436864468945876,0.8664667302144695,0.0633267357241019
2013-08-20,CCI,68.56,69.29,68.07,68.96,1589693,0.3850871284715995,0.389621025141018,-0.5093529035525297,-0.6430973033572271,-0.8101993939116388,-0.0900962119401142,0.6663067152481892,-0.1199375768606964,-1.6753087740421653,-0.6622308424800298,-0.0014564179271933,-1.1635525113827678,0.5075814212830477,0.4144756612834914,-0.1169061465575194
2013-08-21,CCI,68.71,68.9722,68.24,68.26,1112147,-0.664965681233316,-0.656494561561956,-0.6162103145731912,-0.6637680610622086,-0.7879368743929646,-0.0158043753246777,0.1925120990279102,-0.1181902864673624,-1.7869791515528124,-1.066232126255365,-0.0010807247182774,-1.380712455300098,0.3847366313756195,-0.5211252151277842,-0.6973570494777354
2013-08-22,CCI,68.18,68.31,67.81,68.13,839215,-0.1515654083434631,-0.1428108025309372,-0.5621484319700023,-0.6068456264678634,-0.7682501296749538,0.0369990939717362,-0.0148158690592859,-0.4670447147451623,-1.2755949483826092,-1.2601048079010428,-0.0011272180412732,-1.264898261750341,-0.6655901087516792,-0.0817226708021532,-0.97969275750561
2013-08-23,CCI,68.49,69.87,68.15,69.73,1149882,1.4291037661032335,1.4124901172294109,0.1129851302560817,-0.4736850364669707,-0.6834964518907257,0.246723035019092,-0.2711914983153416,-0.2514450513991317,-0.8922937084912271,-0.9553403301310798,-0.0013946307373947,-0.494300752937023,-0.1520559035945113,1.3415358889027913,0.4644093255715242
2013-08-26,CCI,69.68,70.03,68.933,68.99,800335,-0.6937008723783692,-0.685371947984852,-0.1015131528467272,-0.4643565958605473,-0.6397729535498781,0.3088912122884683,-0.4937150838850233,-0.2569857988961968,-0.8765805959287855,-1.2591536015191989,-0.0011308453585228,-0.6773524207271701,1.429025624755344,-0.7744613809453728,-0.2661329649257712
2013-08-27,CCI,68.44,70.2,68.44,69.95,2461051,0.8333282937889362,0.8308542885957626,0.3020497680630014,0.398830047538322,-0.5625517540656569,0.4448482601969756,-0.6787803600180977,-0.1973840952460454,-0.5697642488109071,0.3432852329099092,-0.0015733640950183,-0.0547047390781355,-0.6943327961321359,1.6405916255380115,0.5056012205561349
2013-08-28,CCI,69.92,70.25,69.7,69.82,1931115,-0.148700758917547,-0.13995649397792,0.2608047666710678,0.2351414448076808,-0.5023747059025788,0.5097425464316665,-0.7057178730691877,-0.3419617291991534,-0.2573732670493345,-0.0474558148452428,-0.0009481598461972,0.6148626948712386,0.8330947307086649,-0.1343711634982994,-0.9348146949438938
2013-08-29,CCI,69.56,70.46,69.5,69.91,888996,0.0472563685047679,0.0549815692040306,0.289510673182255,0.2415512950496555,-0.4476775465495968,0.5475528359564099,-0.6914956453925759,-0.3659558669385825,-0.1063005728051052,-1.07106494459706,-0.0013652950860941,0.6875665438068004,-0.149190506858917,0.3538318793662779,-0.446892131731647
2013-08-30,CCI,70.1,70.24,69.21,69.42,1303484,-0.4693633492211029,-0.4602813570028816,0.1003800257134406,0.6396861883986598,-0.4204632141422522,0.5070607441244255,-0.6882891687935091,-0.357104941306826,-0.1420456951356572,-0.5348565516614185,-0.0010546613644685,0.2917344773798727,0.0468177404863081,-0.7592012000574373,-0.3547770107211568
2013-09-03,CCI,69.32,70.13,68.99,69.23,1103417,-0.2033940137334918,-0.194475055018976,0.0534644466852139,0.47090340884677,-0.403419005959764,0.4484893459788331,-0.7670850500667115,-0.4638936218910442,-0.4443067521419068,-0.714973858092921,-0.0010936256376422,0.3407436969980515,-0.4699367493730975,-0.1244074433018202,-0.2189625024575268
2013-09-04,CCI,69.18,70.05,69.02,69.94,1263602,0.6055018137154604,0.6069826479243947,0.3214962478334139,0.6511804737228631,-0.359520659840798,0.4707543162272006,-0.7577616445578877,-0.4633517024511366,-0.1359110745480791,-0.4968882982135565,-0.0014047311031045,0.9794539802169911,-0.2038980296681045,0.8036828235593453,-0.3639706678688346
2013-09-05,CCI,69.79,70.2,68.69,69.22,1716747,-0.6739137868174455,-0.6654855026894293,0.0298833092512795,0.1750872526596469,-0.3507202136377383,0.3982249022391949,-0.7594911788047465,-0.5773463029797904,0.0216387010939706,0.1022420128679685,-0.0010089352962471,0.3377889113272864,0.6052088168587735,-0.6433751200116181,0.2267156465333793
2013-09-06,CCI,69.59,72.0,69.52,70.55,4950030,1.1632361134508862,1.1536072031435831,0.500741040880978,0.6909317034832703,-0.2897587887846861,0.4744628321626927,-0.6847863724855838,-0.4701944832851381,0.2302080423400234,3.5757502014375766,-0.0018643986746383,0.5282557485322352,-0.6745405486549207,1.015926785171423,1.3383051676326068
2013-09-09,CCI,72.2,72.49,71.31,72.45,4295817,1.6436910051027844,1.6206532986858002,1.1506163972997483,0.9576407097019882,-0.166448151426865,0.695938975771061,-0.425172658021725,-0.2797644894678377,0.6206755767949285,2.49038305060662,-0.0019379816009329,1.4197941581828732,1.1630886144119206,0.235289353440659,-0.2339434455567707
2013-09-10,CCI,72.62,73.51,72.56,73.21,2163239,0.6200903406462821,0.6213422146871153,1.3236612126032203,1.0093089433476314,-0.0400477973462323,0.8810727683139884,-0.2106793196048085,-0.4196418672976302,1.0890679898011344,0.2477795591665548,-0.0017098580458508,1.295791073544983,1.6436688437708276,0.5875026896394333,-0.5098621278585528
2013-09-11,CCI,73.12,73.22,72.85,73.03,1211348,-0.1860686663237107,-0.1771998505709331,1.1491223423868284,1.2263531223084791,0.0507601097845752,0.9375654566097608,-0.0816511458251532,-0.4065411205203544,0.9981566730108692,-0.7207006114174835,-0.0009281757496367,1.2018504836169936,0.6198011495423222,-0.1193097218672144,-1.1690848465675538
2013-09-12,CCI,73.06,73.06,70.79,70.83,3618687,-1.9084949133361369,-1.918663669768747,0.2617795558656595,0.4739506932713639,0.0340549394399415,0.706022796620856,-0.1241410805987506,-0.0935630353306644,0.4956607443423418,1.7215167494650794,-0.0003987464469272,0.0971375859774933,-0.1865681625430385,-2.3323729552872354,1.0796312082270385
2013-09-13,CCI,70.87,71.075,69.73,69.86,2947046,-0.8856050558093019,-0.8785718535803652,-0.1331189688277598,-0.155303235848717,-0.0188379772399222,0.4276420325209797,-0.1646278147923209,-0.0395933463559086,0.1789749876428533,0.9846960822282956,-0.0007156630589284,-0.6454624890575643,-1.9094437440508416,-1.103038760704677,0.0132202692654305
2013-09-16,CCI,70.85,71.04,70.22,70.5,2446716,0.5373610139063635,0.5398671459177633,0.0582416846687854,0.2057804333848221,-0.0368398639337051,0.2947463317895943,-0.228333347088363,-0.0361901903332509,0.3926491473641684,0.449322724048212,-0.0016104412862102,-0.2792875864821431,-0.8862870421823376,-0.3995434359098422,-0.6219692241090481
2013-09-17,CCI,70.59,70.78,70.2,70.45,1723874,-0.0771506795755115,-0.0687073507896734,0.0027874775877449,-0.0467900902174083,-0.0541462458456778,0.1902199885400178,-0.268051495361946,-0.0468915601113389,0.2506073066486473,-0.280902020043386,-0.0009440428245619,-0.3416818626446637,0.5370502409550831,-0.1761571787404997,-0.9051961715227468
2013-09-18,CCI,70.1,71.08,69.28,70.6,4906298,0.0995618792305734,0.1069114597316956,0.0280654476567828,0.0324151545507281,-0.0629290662178098,0.1285384146140743,-0.290391958005173,-0.0539570505595008,0.1817971397604223,2.585759794702175,-0.0020101494887404,-0.2542034011330242,-0.0776217620333224,0.5125692206180849,0.5335138698010435
2013-09-19,CCI,70.88,71.67,70.66,71.21,2391228,0.5049275104062716,0.5078960883490575,0.2002951930269182,0.1624152671605214,-0.047036512094315,0.1427071446479848,-0.3478307889075377,-0.0778657663254,0.4672332917038332,0.1469007123354326,-0.0017597074505713,0.1015423423476632,0.0991368963074019,0.3254341419071829,-0.4092670557733607
2013-09-20,CCI,71.0,71.47,70.46,70.62,2555794,-0.5488258720667331,-0.5399170668237486,-0.0663508960950846,0.13243512755451,-0.0586810712962173,0.0831620730163519,-0.4444827222799142,-0.0545873546421651,0.3692837768491116,0.2099756670025463,-0.0005636258581779,-0.3494504722863695,0.5046082764297638,-0.4306782179106295,-0.3993914746862301
2013-09-23,CCI,70.41,71.05,70.36,70.65,1341463,-0.006548278608796,0.0015178247901055,-0.0723403998791398,0.1969773935014333,-0.0676451677584788,0.0424254806597465,-0.4560867157323165,-0.1837640760336238,0.0262936735034394,-0.8659865203837427,-0.0015290703421832,-0.4323005766208253,-0.549420001845129,0.2312097726578795,-0.7773792011962081
2013-09-24,CCI,70.74,70.86,70.25,70.33,1160799,-0.31498573872821,-0.3058594625400158,-0.2162739822815862,-0.0790296190193966,-0.0880245282861621,-0.0195464864205549,-0.5044613776929241,-0.2121009034275273,0.1177814406998885,-1.0325921954803023,-0.0009664036101116,-0.6421108511734134,-0.0070009428067449,-0.4642050427374425,-0.8684755530180502
2013-09-25,CCI,70.28,71.44,70.06,71.43,1701667,0.9407540102461333,0.9361350353207614,0.1648988642958525,0.4122611091611961,-0.0618670990566765,0.0506608356372261,-0.5016724908231196,-0.199021948547618,0.1432606240847558,-0.5365409655427931,-0.0016110819702174,0.0083771758691575,-0.3155188659304463,1.209946296819577,0.0187892980571691
2013-09-26,CCI,71.56,73.065,71.53,73.0,2189801,1.3354082530811275,1.3213795889938176,0.6871495921785873,0.463104608475321,0.0187390402788468,0.2469767357827967,-0.4220473123095888,-0.0927764651944365,0.5014320658746794,-0.1149907213584826,-0.0017893035509449,1.0911500003058143,0.9405484716343572,1.4940100370587155,0.1611174547813168
2013-09-27,CCI,72.96,73.28,72.51,72.71,2116107,-0.2803224933885235,-0.2712391566427438,0.5265216203540963,-0.1080117641312338,0.0687185689987789,0.3251970874000395,-0.38168913543234,-0.0831833926102115,0.4207413116424905,-0.2284800037026853,-0.0005849657329954,0.8911473766837517,1.335305669104048,-0.2851973936467782,-0.70874293860804
2013-09-30,CCI,72.51,73.14,71.98,73.03,1823791,0.2410043970465755,0.2471204976893735,0.5763445559544152,-0.2477888021388619,0.117866674007143,0.3856332983728968,-0.3625802285647058,-0.1047421531983943,0.5962574749660275,-0.4964008391002008,-0.001700981493167,1.1118399268874075,-0.2808465778860984,0.5154973821676633,-0.267547414384156
2013-10-01,CCI,73.21,73.21,71.92,72.13,2169920,-0.800245580895341,-0.7925615921274082,0.19019946234784,-0.4612467207118294,0.1183365836778486,0.3086854303284537,-0.4201170073833203,-0.0558078548368181,0.4477331268895744,-0.2429804114336905,-0.0005896205682419,0.4911421294396358,0.2406163126567826,-1.1408627600242127,-0.1008246843870651
2013-10-02,CCI,71.65,72.03,71.31,71.57,1829481,-0.5163524966660611,-0.5073605394200993,-0.0460606430096055,0.0801868008701554,0.0938913763450845,0.1829960536301214,-0.4559931152699569,-0.0517181468010548,0.1748032292247182,-0.5430240105561188,-0.0007969750236664,0.1049301665832452,-0.8009052992864223,-0.1106730451021695,-0.7529081008447847
2013-10-03,CCI,71.35,71.57,70.89,71.1,2156561,-0.4418444100257345,-0.4327263013132466,-0.2532910206073972,0.2917385699735141,0.0537059980562004,0.0419296231913897,-0.5504855925985952,-0.0702641120333876,0.2314065101900457,-0.290294276328366,-0.0007899950026526,-0.4510402797779033,-0.5169381550177272,-0.2910389936032661,-0.7942523897185589
2013-10-04,CCI,71.21,71.65,70.4,70.66,1748083,-0.4182778503565445,-0.4091385559866153,-0.4168813238557701,-0.125285150972681,0.0028137440234363,-0.0984828350095963,-0.5544855365091295,-0.1462415237134357,-0.1445780064525255,-0.5246069226068251,-0.0009272095975814,-0.7968180283534797,-0.4424106312296156,-0.6098509117345063,-0.1169950851865592
2013-10-07,CCI,71.11,71.7,70.52,71.3,986309,0.5309035323670634,0.5335030530232614,-0.160771850512285,0.1244564576837743,-0.0138674151976824,-0.1227540324560444,-0.5747947004964893,-0.3306962878005562,-0.4005967833373239,-1.121119559745806,-0.0014025497836877,-0.2938685758799108,-0.4188379236814003,0.1755515293097836,-0.2120502124676078
2013-10-08,CCI,71.15,71.26,70.01,70.26,1150936,-0.941107669959426,-0.9345617932770576,-0.4895510839591801,-0.3018042368740224,-0.0689188953753509,-0.2409355360250496,-0.6243949435314634,-0.3204339970560811,-0.7592720744103739,-0.9411869894758038,-0.0010447893600262,-1.0668783085761937,0.5305910748332276,-0.9713775317796626,-0.1086015251985306
2013-10-09,CCI,70.47,70.75,69.87,70.44,2385101,0.1265036260309002,0.1336427454315592,-0.3760320299033008,-0.4574806100475975,-0.1059385229021179,-0.289067060568239,-0.6881664544270625,-0.3147334273437345,-0.6883336285092813,0.1797268182781891,-0.001625557246622,-0.9172901393912876,-0.9418041354656984,-0.0584799332132491,-0.5501547319864863
2013-10-10,CCI,70.8,71.11,69.995,70.81,1927153,0.2940265843542426,0.2995985826656603,-0.2391510469008985,-0.1209696988502244,-0.1210163991210342,-0.2710945900551896,-0.6878482206164009,-0.5797249217677486,-0.1716239353173708,-0.1743152063892723,-0.0016015509550338,-0.609803347177853,0.1260856714819329,-0.0156453947584803,-0.2790084349597622
2013-10-11,CCI,70.84,71.41,70.46,71.37,1573088,0.45937086839025,0.4629611081110114,-0.060452553266673,0.053179299249548,-0.1113392615665113,-0.1929976343399552,-0.7308422153213945,-0.6341966306807619,0.1499677936695233,-0.465804589928429,-0.0015791206827964,-0.1444179319359019,0.2936523320213051,0.5389353708711114,-0.4819808100026677
2013-10-14,CCI,71.05,71.94,70.96,71.93,1685040,0.4555075438784399,0.4591490017444755,0.1193535535619936,0.3348147220533878,-0.082377450970737,-0.0808816533378134,-0.7337624699108255,-0.6414777327867947,0.1304204376804175,-0.320888732882096,-0.0016527683144281,0.3209674833060491,0.4590397499160537,0.909440957114641,-0.4558582791587567
2013-10-15,CCI,71.72,72.466,71.65,72.01,1531472,0.0362468736713068,0.0440455858454408,0.1198275420923327,0.0251587259592371,-0.0573120391637123,-0.0012181319433352,-0.7417942346665741,-0.6426907839687325,0.1577326634682674,-0.4702849502496136,-0.0016800100944163,0.3874511140548975,0.4551754175672037,0.2791772820586317,-0.6469253273240079
2013-10-16,CCI,72.39,74.34,72.38,74.27,2036822,1.920943197981308,1.8885733464988053,0.8809855804958319,0.242604927165182,0.0492325434304775,0.2722386681458342,-0.5747625747221109,-0.3509256296340204,0.595973995503977,0.2138241923344894,-0.0019330930419164,1.3908222180494858,0.0358053735729458,1.935796394326828,0.6080578693723655
2013-10-17,CCI,74.17,76.9,74.07,76.81,3120321,2.096200338345757,2.057335346274205,1.7029419214009085,0.917261101890252,0.2292938972413672,0.6802350117660239,-0.1353064750184545,-0.0913531269378312,0.9874827090809314,1.3471904834268438,-0.0026505680516668,1.4003216628088413,1.9209933642595436,2.6628665801099567,1.4793001257435432
2013-10-18,CCI,76.93,77.22,75.56,75.96,3262231,-0.7219601346256115,-0.7137841918727784,1.2895232269651768,0.5649805722059091,0.3330066978443021,0.8101122250158685,0.0483039415474307,-0.0720311810159269,0.9430607793714944,1.4353337960433636,0.0017445883554992,0.8730190600598844,2.0962962244792624,-0.9789388257233992,0.2299744977426823
2013-10-21,CCI,74.03,75.36,72.81,74.66,6638217,-1.0984969481089917,-1.0936088933492638,0.740840903896061,0.4400732080976648,0.358212133661679,0.7119373901317971,0.089666903866462,0.0297826899706941,0.6661120604576185,4.1679509813809865,0.0016848502196907,0.2850685840496482,-0.7225994304577843,0.6166339374757523,1.2551694146127823
2013-10-22,CCI,75.52,75.9,74.43,74.87,5632094,0.1421203228028624,0.1491321671918987,0.731993533806873,0.6564999342811448,0.3803714801980632,0.62555694085252,0.1060784792592319,0.0158253604185971,0.7805812731403335,2.731972109876767,-0.0024514692635796,0.3800451994051517,-1.0992344722277867,-0.6765901254613887,0.0449932238728343
2013-10-23,CCI,74.05,74.5,73.35,74.0,29454831,-0.7564432531994728,-0.7484716554514299,0.369744183703697,0.5290411099523349,0.3578720574160997,0.4415016779872025,0.1114136463549744,0.0229675595566141,0.3609345337273496,13.742425841934171,0.0099567544663544,-0.0134293499247786,0.1417064422283689,-0.0773305853991387,-0.2961618978842537
2013-10-24,CCI,74.18,76.72,74.06,76.58,10423697,2.137622021087923,2.0971547994883792,1.2338517289612536,1.0533691194144086,0.434869583925528,0.5503609023692906,0.2715394987128399,0.1810163008481028,0.5527675335153306,2.9925661176235847,-0.0020298019161515,1.1534262101570767,-0.757091544746098,2.418065821552082,1.303513986827782
2013-10-25,CCI,76.05,76.48,75.59,76.11,3457198,-0.4150968216405185,-0.4059553558349974,1.0005823151515298,0.8327986434676803,0.4702763394722039,0.5303943533859562,0.3725291219743133,0.1883139792983638,0.5192823456021842,-0.4000480441225307,-0.000878309243509,0.9408594995995296,2.137728713019903,0.0332903802384778,-0.6167691134779102
2013-10-28,CCI,76.2,76.4,75.2,75.87,3209960,-0.2293162243637289,-0.2203312457775543,0.8613226009899382,1.0756876248276532,0.481642878023347,0.4525420094958737,0.4458804320527599,0.1936853079767842,0.4036554702801044,-0.5421281423458572,-0.0009436374671735,0.8323147963361038,-0.4156560651208828,-0.3535093212345841,-0.2731608432454898
2013-10-29,CCI,75.84,76.57,75.31,76.54,3639967,0.5167981460091595,0.5195993845545464,1.0191950530637903,1.1364581002109009,0.509450446831437,0.4325790632391788,0.5297908727697225,0.1526354947655881,0.7304529459738281,-0.3694096831713557,-0.00154885298725,1.1353354262798423,-0.2298270027030906,0.6710232383375077,-0.2193682864299284
2013-10-30,CCI,76.55,76.75,75.76,76.47,3726543,-0.0899344102440304,-0.0814312994607689,0.90307746550761,1.068676421722125,0.5210309906863279,0.3748406233462792,0.5708040876957827,0.1287886908824308,0.8380294445845755,-0.3658191234454301,-0.00089042196353,1.103676554494672,0.5164820087609253,-0.1052733478870921,-0.5123720141475278
2013-10-31,CCI,76.62,76.76,75.225,76.02,5070132,-0.3993634665427493,-0.3902136667846415,0.6523102176386044,0.8528947150833325,0.5049813707878236,0.2575303055733591,0.5495934605890856,0.1257434667564781,0.8488074895309417,0.1675200071212651,-0.0008173946330395,0.9001552358757425,-0.0904088276319604,-0.6179515168723823,0.0914992900531982
2013-11-01,CCI,75.94,76.28,74.01,75.18,3965655,-0.7209301590580828,-0.7127484115586915,0.2722521643574342,0.5240264795049115,0.4522933063583514,0.0693753258490374,0.457940800308355,0.1524186314411862,0.771996639629033,-0.3547211227132125,-0.0009542513100408,0.520248774453748,-0.3999186056156329,-0.7824313351837593,0.9250867188934075
2013-11-04,CCI,75.43,75.69,74.8,75.23,1891584,0.0084099409191508,0.016385903732616,0.2194443325348247,0.5190263503209108,0.4061276903165529,-0.0643599880619872,0.3856555594619642,0.145304875273221,0.642034124720202,-1.245964073811646,-0.0013673460567655,0.542862254300294,-0.7215691861974436,-0.2266394599371139,-0.6053692967881159
2013-11-05,CCI,75.01,76.23,75.01,76.14,2756860,0.7200920085727393,0.7196848489896351,0.4349294275483554,0.2682522364328742,0.3990584931621662,-0.0707147300044179,0.2361499933819726,0.0869909632156262,1.0616279630090455,-0.899995310982117,-0.0014329009220547,0.9544275875074588,0.0079611789167444,1.1118452573220563,-0.255943701703043
2013-11-06,CCI,76.23,76.64,76.005,76.3,2210769,0.0978325096114491,0.1051952052116311,0.3861265305708996,-0.3443861671917241,0.393520604101132,-0.0718569628869526,0.0591646569404469,0.0873785397630275,1.0543172038571889,-1.125004457146624,-0.0014064479797291,1.019591968186367,0.7198289052034922,0.043060662332237,-0.897726970280161
2013-11-07,CCI,76.5,76.85,75.225,75.38,2420169,-0.7836827337291896,-0.7758863006804617,-0.0168618988716245,-0.3644447888099608,0.347225863728397,-0.1776781828557843,-0.1552537824637182,0.1442547401673745,0.7803769028336024,-1.0430149207211372,-0.0010522220169707,0.5380719431848691,0.0974070755424438,-1.1324341898052743,0.2052918631079932
2013-11-08,CCI,75.62,75.62,72.59,74.54,3416676,-0.7267709369069009,-0.7186223364082707,-0.3653609510352208,-0.2270914010601916,0.272639263395288,-0.3351579193353681,-0.3574020459383498,0.1821235414676989,0.4848470235691695,-0.656940680850919,-0.0009910611858668,0.0197467201887564,-0.784338131320709,-1.1053423108824671,1.7964250029585027
2013-11-11,CCI,74.75,75.0,74.29,74.63,1282130,0.042174648856963,0.0499340207141472,-0.3805895929542086,-0.2661897711399199,0.2129202996324672,-0.4228726679277566,-0.54404958990867,0.1749379066244967,0.3838046254229416,-1.5215237122644223,-0.0013292904694513,-0.1028358226681698,-0.7274114877474778,-0.147603697600507,-0.7984522644154832
2013-11-12,CCI,74.49,74.92,74.01,74.31,1582610,-0.2999472958929764,-0.2908372713101059,-0.5314203338675894,-0.0829068820460081,0.1495784024175598,-0.5023698351399328,-0.7639524285258409,0.1832238743947897,0.3016115642738407,-1.3993553829893794,-0.0011323943365903,-0.5557510564760477,0.0417346951550741,-0.2088822822129549,-0.5707320284009497
2013-11-13,CCI,74.37,74.64,73.61,74.63,1470205,0.2351047778276478,0.2412786683327605,-0.4263569934644828,-1.0937939902949996,0.1090204348739145,-0.5073221261524282,-0.782550581135015,-0.0328428356061193,-0.0962886122064404,-1.4417159792374776,-0.001341270464225,-0.4166526046054032,-0.3004764999715757,0.237815009475126,-0.4411016694100159
2013-11-14,CCI,74.72,76.02,74.65,75.5,2052728,0.6927776756105504,0.692839164061424,-0.1011916813965837,-0.455259341960862,0.1081742468568319,-0.4090665220840579,-0.8270566418368436,-0.3165131093801654,-0.4179570938220496,-1.1937841854224291,-0.0013853896316493,0.2079776194928665,0.2347151543865143,0.7623664312809316,-0.0790460568436735
2013-11-15,CCI,75.26,76.365,75.14,76.09,1701213,0.4535237201822201,0.4571913874441907,0.1017706839392814,-0.0976941130831968,0.1275569222611288,-0.2783932926148317,-0.823183640817344,-0.3311675455510134,-0.1423419913481476,-1.327956310137326,-0.0013673653029639,0.849832280724278,0.6925074466694309,0.8069013827514353,-0.2495897352795537
2013-11-18,CCI,76.08,76.9,75.65,76.32,1830682,0.1551935827161047,0.1620959019196494,0.1526031527182094,-0.2863201065318092,0.1485609691045983,-0.1696813268663058,-0.8242623765401788,-0.426870067205041,0.1590656728486753,-1.2328121294442245,-0.0013831607836309,0.9955410975022396,0.4531910763449528,0.2120171562762179,-0.2263334116453984
2013-11-19,CCI,76.14,76.76,75.26,75.52,1564563,-0.6855960168313456,-0.6772256220500774,-0.1366473459296948,-0.5677583186518935,0.130521611547899,-0.1832088050763345,-0.8367884880252292,-0.3878982716944525,-0.0399725128633837,-1.318390459238539,-0.0011162752077876,0.3785236427565353,0.1547831126020918,-0.6415267793743212,0.0640162594097274
2013-11-20,CCI,75.41,76.37,74.31,74.81,2274727,-0.6183139273736087,-0.609640616248444,-0.3971528715194523,-0.6550245749160407,0.0855999108607285,-0.2632254760929964,-0.8903490486387453,-0.4032119452278363,-0.0067187725526572,-0.5104623468461296,-0.0010668957907258,-0.1690793483302738,-0.6862258262471641,-0.6274446651137354,0.7035854693457126
2013-11-21,CCI,74.93,75.085,74.01,74.43,1414466,-0.3492379124469631,-0.3400882313530091,-0.4922727264308767,-0.4963357380997638,0.0329678275305452,-0.3470852050981704,-0.8833175018336176,-0.8556350079599351,-0.579804991818275,-0.9218260235166866,-0.0011398981301685,-0.4621626393344809,-0.6189261847091758,-0.5304656577575071,-0.3876234602996367
2013-11-22,CCI,74.42,74.664,73.22,74.19,1855908,-0.2337474739217691,-0.2247522904719573,-0.5428670565151937,-0.60420336777355,-0.019658359397995,-0.4141578110659847,-0.8499428040426971,-0.8645223984253912,-0.5379693301518899,-0.5237371607763567,-0.0011126306090315,-0.6472678757581999,-0.3497799751163755,-0.259814408781343,0.0307842106122697
2013-11-25,CCI,74.2,74.47,73.73,73.87,1828070,-0.3015305086069595,-0.2924186014492443,-0.6201030679924041,-1.1740204449899945,-0.0747927686768637,-0.4742720169918986,-0.7980829283480904,-0.8619275766267039,-0.5546273258388882,-0.503386762742027,-0.0011203182105303,-0.8940748576564771,-0.2342594082544788,-0.3623285333742064,-0.7564486335342605
2013-11-26,CCI,73.6,75.0,73.1,74.59,3782519,0.5738238702957483,0.5757904035012377,-0.3354668173744124,-0.874482314703116,-0.0908005784357118,-0.4216521881174538,-0.8284252504613375,-0.8531536132385233,-0.5416443335744326,1.1345273458180796,-0.0014852548336101,-0.3387591483853423,-0.3020601257030028,0.9899370810593436,0.5315830911178817
2013-11-27,CCI,74.47,74.91,73.9604,74.55,1065195,-0.0663828442307257,-0.0579918987139697,-0.316174825450666,-0.5669695416239727,-0.1055406411083648,-0.3762931658418096,-0.8643937012223308,-0.8529740616655591,-0.5362251526056878,-1.096626484033823,-0.0011678644036104,-0.3696100211226324,0.5735226095190556,0.0548455656062254,-0.5297480448859783
2013-11-29,CCI,74.45,74.79,74.04,74.23,906890,-0.3002337626968334,-0.2911233944878659,-0.3970458276016607,-0.3425016618095193,-0.1300134740419105,-0.3650579311269372,-0.8695554915989133,-0.8585705481209471,-0.513292835503838,-1.1560765770664965,-0.0011806607995244,-0.6164170030209097,-0.0668511176510703,-0.2495723297035339,-0.7492702218959489
2013-12-02,CCI,74.1,75.35,73.79,75.0,2239891,0.6128168206678829,0.6141832655100485,-0.1245249980616348,-0.0245612334162046,-0.1194240287982478,-0.2658200429105333,-0.8702245318892445,-0.8529774517502007,-0.2026402765724273,0.2451043834973763,-0.0013926073351924,-0.0225377028281704,-0.3007630415068861,0.8913164672887696,0.1421659717578794
2013-12-03,CCI,74.77,75.3,74.43,75.16,2244771,0.0998211036119326,0.1071687141214745,-0.0673176748503035,0.1980948768925602,-0.1052181664424484,-0.1771211369459994,-0.8709292357847458,-0.8510538301183893,-0.1811424882783903,0.229783758868528,-0.0014015111363904,0.1008657881209682,0.612525732098975,0.3677612371965376,-0.6266279497891636
2013-12-04,CCI,74.74,74.74,73.81,74.51,2664288,-0.5714170698488724,-0.5625762134135706,-0.2663910329987596,-0.2409867366895249,-0.1198555970007054,-0.1804041516089634,-0.9043710440011808,-0.8941757086027723,-0.4818856142110962,0.6610417559955274,-0.0010427890446877,-0.4004608938599117,0.099396188313402,-0.2588146855469621,-0.5511011223770379
2013-12-05,CCI,74.48,74.86,73.95,74.55,1888815,0.0004266049142435,0.0084511208265454,-0.2218500944842748,-0.6578503093734973,-0.1300783187686251,-0.1716671789105197,-0.964087960845952,-0.8977301312021458,-0.504324415729854,-0.1107220501859096,-0.001374915883585,-0.3696100211226324,-0.572017093060716,0.0446907660255367,-0.5740176360264881
2013-12-06,CCI,74.69,75.43,74.61,75.4,1366532,0.6768541497557014,0.677183475057932,0.075877401267173,-0.5153190679058091,-0.1052109468794002,-0.0743563037407361,-0.9633543500282996,-0.8928978441791948,-0.1635802796363677,-0.6070127804154681,-0.0013431432557435,0.2859710245446868,-2.4239724944131045e-05,0.6918755426510171,-0.684964421689638
2013-12-09,CCI,75.38,75.71,74.88,75.34,1900226,-0.0825382479577353,-0.0740694059035632,0.0407236525833643,-0.6654732387589156,-0.0885402165286557,-0.017605617822927,-0.959421210810442,-0.9557638716819636,-0.0098536653732922,0.0363810120509533,-0.0010978061894539,0.0782147526112327,0.6765797667966859,-0.0664077077452607,-0.6731806393786188
2013-12-10,CCI,75.33,76.08,75.04,75.21,1576810,-0.1404229726351355,-0.1317093284114915,-0.0150450985245418,-0.3584507916351485,-0.0812048354933603,0.0037659024778005,-0.9586970269919144,-0.9535834042724028,-0.0533378806972265,-0.3314082440414113,-0.0011284348727557,-0.0355072473539133,-0.0830107358866511,-0.1466698525837458,-0.4388907972023611
2013-12-11,CCI,74.79,75.14,74.0,74.14,1554334,-0.9187306544528208,-0.9119822106721542,-0.3869778577987925,-0.5323119650667439,-0.1178397739672689,-0.0923157267661753,-0.9509680153109632,-0.8642806650527792,-0.2010755692542231,-0.3545389757263877,-0.0011345185389345,-0.9715267855285016,-0.1409105611255982,-0.6829372268046703,-0.3098485888834129
2013-12-12,CCI,74.0,74.41,73.8477,74.05,1488917,-0.1085722957475799,-0.0999867128588146,-0.4084636686046106,-0.3940527057103545,-0.1503779101555029,-0.1586359316029048,-0.9302643916777056,-0.8732353467612909,-0.2816160187285143,-0.426466759784622,-0.0011429604616662,-1.0502574008889844,-0.9194212824000176,0.0247319526322037,-0.9584735924237244
2013-12-13,CCI,74.0,74.48,73.59,73.91,1726754,-0.1507019883562394,-0.1419504854826997,-0.4299999804717681,-0.3429081649679887,-0.1812808526575517,-0.2074831350732777,-0.9168834080694332,-0.945442270803147,-0.4767698468540812,-0.1514633165542084,-0.001131040383075,-1.1727272470052867,-0.1090515752565395,-0.1182038571308482,-0.5877605825087172
2013-12-16,CCI,73.77,73.77,70.97,72.17,7999419,-1.4986838423687898,-1.499860760387864,-0.9740333250662432,-0.9277663556518754,-0.2728019035042939,-0.4025908652114047,-0.7910443998167271,-0.7735288512860393,-0.9240977160671188,5.445107353147036,-0.0007453999791096,-1.2086184943674836,-0.1511922583643287,-1.664961748858551,1.6420750972490152
2013-12-17,CCI,72.21,72.41,71.27,71.61,2535273,-0.5160845978418356,-0.5070920257910657,-1.091267051120448,-1.515320325114562,-0.3648623820438135,-0.5600655269170747,-0.6739921798365389,-0.7781342552064425,-1.0738402651135983,0.2912681972738026,-0.0011090468073886,-1.51386302981555,-1.499525764441634,-0.6540837727945171,-0.2645737316044423
2013-12-18,CCI,71.48,72.225,70.43,72.2,3814341,0.4799524574951656,0.4832658812678922,-0.8260206469786547,-1.154690127589044,-0.4115531635570846,-0.5692644371579259,-0.612931438410774,-0.753887033156989,-0.8131250482416095,1.2981718704078378,-0.0014345644201195,-0.8907638422743213,-0.5166701863059329,0.7346975134366498,0.4806545246152917
2013-12-19,CCI,72.21,73.07,71.92,73.0,2741437,0.6568437076250618,0.6575039979104254,-0.5115021025880068,-0.6627276044644413,-0.4139952994749272,-0.462728313311383,-0.5937258195257019,-0.711899376565958,-0.5228125282210416,0.3339545865417272,-0.0013908392254321,-0.3692414487492186,0.4796267082017806,0.8002436246996447,-0.278419952689755
2013-12-20,CCI,72.92,73.03,71.8,71.98,3787817,-0.9029028683743012,-0.8960161146631282,-0.8305366110688122,-1.3153399686092806,-0.4525528451189914,-0.47045985715656,-0.5126532523864886,-0.6559866597738453,-0.6509116711952595,1.0824249427625685,-0.0010264982294886,-0.9693591776326408,0.6565641044820572,-1.0002424703669626,-0.1671886280218286
2013-12-23,CCI,72.32,72.54,71.87,72.15,1509974,0.1140429452055705,0.1212808382867776,-0.7348929687417982,-1.3101910969485515,-0.4726670488342859,-0.4291722476030836,-0.4551222464354648,-0.6515108282564095,-0.5713125207792472,-0.7889522473606124,-0.0013226695147339,-0.869339556152069,-0.903589367279524,-0.2039133909718397,-0.8174032375844228
2013-12-24,CCI,71.99,72.75,71.88,72.44,685073,0.2172441631102859,0.2235896467921882,-0.6069458341852367,-0.9968146277258524,-0.473433263090961,-0.3463407681620106,-0.4199461022116518,-0.6452617864497628,-0.4517840542374011,-1.4610008091798472,-0.0012800631032023,-0.6987178489205118,0.1136217400014645,0.4459476986552198,-0.5904052416632289
2013-12-26,CCI,72.7,72.9349,72.42,72.56,1241200,0.0701370947151401,0.0777033418682957,-0.5287465967858748,-0.957451774328718,-0.4656462770229011,-0.2580597942133373,-0.4058231608053004,-0.6875027537200571,-0.567177921991075,-0.927793166430548,-0.0013113098346351,-0.628115763169518,0.2168498803170814,-0.1718082966931923,-0.9999208053013064
2013-12-27,CCI,72.67,72.815,72.32,72.57,1292852,-0.0244158284019528,-0.0162467330341003,-0.4904323844374516,-1.4170232328055072,-0.4555265908744334,-0.1814306852039632,-0.3978016428054861,-0.6869142687192461,-0.5575422487915331,-0.8871947852974316,-0.0013159756877781,-0.6222322560236075,0.0697044356602765,-0.1302821283425243,-1.0228558628538476
2013-12-30,CCI,72.64,73.6,72.6,73.22,1312645,0.5246410573214032,0.5273305215585896,-0.2407517419065567,-1.0353851437144854,-0.4187940494479255,-0.0516263666408527,-0.4018542263184984,-0.6533588453346975,-0.3673074092780601,-0.8799407376129492,-0.0013191144631592,-0.2398042915390689,-0.0248731537611467,0.576932835063251,-0.453098561397832
2013-12-31,CCI,73.43,73.69,73.09,73.43,1339691,0.1455642939423224,0.1525475487664941,-0.1378354126854443,-0.8920218057402719,-0.3787487234957157,0.060744138550481,-0.4382253650628074,-0.6963543020603656,-0.4749153862967971,-0.8320057464460456,-0.0013228963632964,-0.1162506414748295,0.5243269660769401,-0.0263165508545973,-0.9103417992034468
2014-01-02,CCI,73.14,73.2,71.23,71.63,3659722,-1.5591361424312709,-1.56146163833578,-0.7191503196478581,-1.0919810422659495,-0.4147676060207397,-0.0451474205007681,-0.4360980354402474,-0.5124085124628155,-0.8572523595018791,1.1656079785402822,-0.0010171376501889,-1.1752819277397033,0.1451513118068981,-1.586108669972866,0.7007533385086621
2014-01-03,CCI,71.71,72.21,70.91,71.24,3206123,-0.3719690239877006,-0.3628142606424231,-0.8017662375389604,-1.1641866623095862,-0.4551114243246488,-0.1409929779845125,-0.3946150233113989,-0.522811628225287,-0.8120215333254535,0.7350929751712507,-0.0010599501041389,-1.4047387064304249,-1.559993834876745,-0.5214962890420307,-0.0705053007530134
2014-01-06,CCI,71.56,71.96,71.21,71.27,2993534,-0.0067784528642002,0.0012890097065741,-0.7335276773676594,-1.1172155399794164,-0.4820429704761971,-0.1831464663384358,-0.3757882800611988,-0.5230228392848167,-0.8136457279845908,0.4907449385431688,-0.0014028065016464,-1.3870881849926766,-0.3725170165902822,-0.3324934331427023,-0.7142978789949225
2014-01-07,CCI,71.46,72.78,71.34,72.77,3655204,1.2773316719457364,1.2648379143066406,-0.1468183755420391,0.0281887227569912,-0.4409659280333975,-0.0418163207214096,-0.4826915645660897,-0.4081578829317188,-0.6797531464401338,0.9094363343223688,-0.0014501606461302,-0.5045621131052873,-0.0072311771083967,1.3586937844408955,0.0578562193605498
2014-01-08,CCI,72.58,72.85,71.93,72.02,5107974,-0.6746550800715416,-0.6662304031569133,-0.3577709731293493,-0.0439699656378455,-0.434614967733044,-0.0181365418663014,-0.6012035652476206,-0.3867684354207373,-0.8146676107281418,1.8346354386312944,-0.0009293837448984,-0.9458251490489816,1.2772139373569409,-0.6092457281742916,-0.5267086464227165
2014-01-09,CCI,72.36,72.56,71.33,71.77,2570851,-0.2491097527801729,-0.2400816357323187,-0.3865688743460886,-0.3475589699628761,-0.4360898608109829,-0.0193363306588846,-0.741431462105393,-0.3863737938670729,-0.8392191428134053,-0.1277793373390704,-0.0011010094492397,-0.9355696089920894,-0.6752820352924088,-0.6423413331193513,-0.1630215887783699
2014-01-10,CCI,71.56,72.0925,71.56,71.85,1739418,0.0364012399340341,0.0441989347418205,-0.3164756526003284,-0.6550669574720153,-0.4308399586076922,-0.0029866544038294,-0.806371834164097,-0.4314205892083621,-0.6211078965297016,-0.7519844406083775,-0.0013339242579104,-0.715787283232743,-0.2496256947165931,0.2798603314334925,-0.973661997855866
2014-01-13,CCI,71.82,72.19,71.51,71.6,2503177,-0.2496210865401435,-0.24059193856739,-0.3631114879935821,-0.3612428787547495,-0.4332205240878928,-0.0095476058615268,-0.8761831925149207,-0.4302915041157327,-0.6533924975850419,-0.2186074283191994,-0.0011069806823438,-0.920983674432897,0.0359597801056626,-0.2577478058713521,-0.7998185315297689
2014-01-14,CCI,71.86,73.24,71.76,72.91,2609787,1.1060825759865371,1.0978135362803056,0.1309582377114803,0.1041069705789144,-0.3808571193114191,0.1261136700166094,-0.9529290572202836,-0.3146323296092752,-0.3661855076663349,-0.1707048703654356,-0.001377619622157,0.5869517694981099,-0.2501371618697336,1.077626872725883,0.1004120984834999
2014-01-15,CCI,73.1,74.48,72.92,74.28,2660747,1.136850498891148,1.1278556365595234,0.5894542530579122,0.432728001313096,-0.2838654455069409,0.3495150869387216,-0.8263787296598044,-0.3869577227675086,0.2619067205614598,0.0659581893866423,-0.0013872818729981,1.2787216392327605,1.1059201671330237,1.19326082930074,0.1589687814720315
2014-01-16,CCI,74.48,74.7,73.26,73.72,1886650,-0.5023619692660772,-0.4933394622183965,0.3472758810952716,0.1841347182889354,-0.2281046891544528,0.422108548729369,-0.7935566209094371,-0.3882107846290369,0.265264559625188,-0.5286754011886565,-0.0011345630572761,0.6799518419601788,1.136696116557862,-0.7972531341247051,0.0366038982723488
2014-01-17,CCI,74.37,74.76,73.14,74.22,3598014,0.3892641136125624,0.3937472541809414,0.4910022244776232,0.3147988188486048,-0.1640412470702397,0.5015542883078068,-0.718683959157148,-0.3936800465319695,0.2434209730994227,0.8585487276574588,-0.0014412172653158,0.9766299131749736,-0.5029439778669456,-0.1787001433525258,0.2277571014053288
2014-01-21,CCI,74.495,74.73,73.635,74.38,1683780,0.1012169184111416,0.1085539029681322,0.5233183368840186,0.1841347182889354,-0.1074313448163366,0.5459255967571597,-0.6469485299019101,-0.4240377939812753,0.110159191866714,-0.6565064844264865,-0.0013427623181586,1.1147777173284248,0.3889147061792102,-0.14294793945054,-0.3644048235233707
2014-01-22,CCI,74.4,75.0,73.51,73.77,4641627,-0.5435822607733014,-0.534658869558309,0.2699661406422936,-0.0842026896678051,-0.0872647302548078,0.4876182483536463,-0.6298174723805476,-0.4696535969778732,0.1977484411989019,1.7158046099872757,-0.0009565787663383,0.4431860159937961,0.1007923672429995,-0.6660695703585874,0.091987476477289
2014-01-23,CCI,74.05,74.97,72.5504,73.2,7065182,-0.5140463531261109,-0.505049141610393,0.0450882609653869,0.3663342613279651,-0.0943240827077603,0.370893199220108,-0.6323313067095471,-0.4452566629626526,0.0462566191611072,3.105700776155664,-0.000847886250489,-0.0200862276106528,-0.5441750226351095,-0.8935551381118441,1.1634785978256938
2014-01-24,CCI,73.33,73.4,71.36,71.37,5264560,-1.5894469805161615,-1.5923714582075033,-0.5962187741862346,-0.1497862571155936,-0.1716568604984454,0.0966305728239335,-0.5945058261924455,-0.2596723807917214,-0.3844096938407587,1.5004665403773247,-0.000985151257304,-1.5074339570775854,-0.5146314098672027,-2.04570150809612,0.7908444162273072
2014-01-27,CCI,71.31,71.69,70.43,70.84,3496848,-0.4953297949677209,-0.486293131285291,-0.7572847862658778,-0.3123560180044388,-0.2525866067528692,-0.1320380631982415,-0.5274817647528025,-0.2493952552987293,-0.5156145623306433,0.2249814189320883,-0.0010861611062318,-1.5830720565075045,-1.5903125802407772,-0.5242739064207289,-0.1089766012135637
2014-01-28,CCI,70.8,71.83,70.8,71.0,2423309,0.1076206424335085,0.114908480022144,-0.671665741789119,-0.7729939277759721,-0.308566292403224,-0.2507519455268017,-0.4796603129804554,-0.2466593189563097,-0.4852099350207728,-0.4997013825138393,-0.0013454032931276,-1.4666893330959534,-0.4959099690642118,0.1871065710676374,-0.3822945329810586
2014-01-29,CCI,70.36,70.93,70.17,70.47,3394303,-0.4977391398720778,-0.4887072361933555,-0.815022180099583,-0.7133235080768355,-0.3712061866171643,-0.3628663135793911,-0.4166929573747036,-0.2670721016032772,-0.7190750264055267,0.0504192182116082,-0.0010933385533807,-1.674831882302871,0.1071977618240374,0.0918002252632488,-0.6925151430042761
2014-01-30,CCI,70.73,71.84,70.7,71.42,2676018,0.8062991978117845,0.8043366714333636,-0.4345797886146286,-0.2985814127205118,-0.3807677907175282,-0.3159352029914594,-0.4214936294045174,-0.2086773099480109,-0.5694919916829707,-0.4258569020672648,-0.0013544556949591,-1.0210073563048627,-0.4983199425015923,0.7107219301396648,-0.2610441526147886
2014-01-31,CCI,70.67,71.55,70.46,70.96,2692012,-0.4339859233281858,-0.4248597513888872,-0.5896482990182035,-0.4568466328981064,-0.40349393369287,-0.3122756109628355,-0.3980043596395167,-0.3621856823804087,-0.304849393902291,-0.3922659871387835,-0.0011255777436433,-1.3375960741565345,0.8060585835702675,0.2837162451909059,-0.3111444101047893
2014-02-03,CCI,70.96,71.136,68.83,68.96,3179905,-1.7877321619518811,-1.7949565524874245,-1.2765472353058789,-0.8630397480675076,-0.4961921719789417,-0.4894549061270561,-0.2406201339064426,-0.1562738356047006,-0.6375125042021514,-0.0920918643319315,-0.0011099522238154,-1.8112633039096555,-0.4345500944650984,-2.155735523810349,1.1955673592388265
2014-02-04,CCI,69.29,69.34,68.44,69.08,3155982,0.0753416092080082,0.0828705365110956,-1.194682793866033,-1.279304882664644,-0.5601723396787656,-0.5572785229399663,-0.1167745279213173,-0.1544366568593155,-0.6187684250203717,-0.1115464590410294,-0.0013684516868671,-1.556992391352779,-1.788649488925832,-0.2552943959072645,-0.5055281071151511
2014-02-05,CCI,68.87,69.27,68.56,69.12,3206900,0.0030537759978515,0.0110624262228187,-1.1161346540723878,-1.8745200477342168,-0.6040360464701026,-0.5597579923089842,-0.0154743296294865,-0.3014163491181253,-0.904125372716067,-0.0669353125112981,-0.0013765442251969,-1.5367229917342242,0.0749103078704329,0.2479385136163988,-0.7352473642997045
2014-02-06,CCI,69.27,70.68,69.06,70.53,2721542,1.2370246871710373,1.225565828121556,-0.5743261207397613,-1.1412753884758406,-0.5783363493634738,-0.3826865636780684,0.006715911124078,-0.1835954926588264,-0.4713225312503223,-0.3028026297626597,-0.0013620432861294,-0.8222266551802755,0.0026036167166552,1.3479471896130315,0.3229280766559318
2014-02-07,CCI,70.82,71.73,69.79,71.56,3013809,0.8762025763093648,0.8728939683945917,-0.1938534859776062,-0.9425920001243436,-0.5132129945827,-0.1395536045831852,0.0074876599841251,-0.1245818980913046,-0.2104499941444086,-0.1292188066873266,-0.001380796264278,-0.3002896150025663,1.2368964375783655,0.7631259938890984,0.6680565754304547
2014-02-10,CCI,71.55,72.41,71.55,72.39,2431226,0.6891136708082718,0.6892371391655504,0.0997427584413061,-0.7186528515109529,-0.4257257318719387,0.1125170767184386,0.0117049345018362,-0.0908287032998427,-0.0570978719132327,-0.5160182961750752,-0.001359936106266,0.1203004270823824,0.8759801979716242,0.860664574719059,-0.6012266625503501
2014-02-11,CCI,72.57,73.51,72.34,73.32,2496761,0.7668378410991143,0.7656016472122932,0.4076682968267105,-0.3053990098908908,-0.3178231813867488,0.3667222210497926,0.0373359081481376,-0.0588593842428551,0.1853284297779883,-0.4746679881559502,-0.0013684054217792,0.5915639682137075,0.6888424860272423,0.7544997488608849,-0.2614165713562399
2014-02-12,CCI,73.42,73.64,73.02,73.15,1366340,-0.1773477393795416,-0.1685059870652352,0.3411336152584545,-0.2023962408422992,-0.2379532526453739,0.4979308507170939,0.0440032076017036,-0.1363084408328604,-0.1191328009760467,-1.1683559647875807,-0.0011706587070197,0.5054190198348688,0.766586932455247,-0.3041561312594817,-0.8849488782330305
2014-02-13,CCI,72.91,74.69,72.71,74.55,2900690,1.1585453444808926,1.1490299363509413,0.8471509739585404,0.6982795452618471,-0.1198722035207859,0.7012525205275895,0.0606675643084408,-0.1328472975053704,-0.1140928844200338,-0.1918326631172481,-0.001391797981889,1.214848006484177,-0.17784496054453,1.6731064043390789,0.6221556599420573
2014-02-14,CCI,74.34,75.04,74.17,75.02,1711343,0.3595093576770991,0.3643480601950198,0.9939781114008536,0.983960026424996,-0.009382953869288,0.8443686952221592,0.1357694283130531,-0.1418829673736483,0.0915099517228663,-0.9483203193540004,-0.0013356615756181,1.4328054748066916,1.1583966217469726,0.6647678439411933,-0.6248276640970489
2014-02-18,CCI,75.14,75.28,74.29,74.4,1919468,-0.5475252785771331,-0.5386128138742764,0.7644756168555944,0.7250406404715237,0.0514903926941146,0.83115115454774,0.1454662848439531,-0.1313171036364554,-0.1318588021340332,-0.781460918427942,-0.0011348386821896,1.0152062736915153,0.3591521880314219,-0.7703719277343878,-0.4823527883722838
2014-02-19,CCI,74.01,75.2,73.67,74.51,2236888,0.0590521306693152,0.0666964268980229,0.8021333449668876,0.9403722384873024,0.1011993746724059,0.7918402397563689,0.1528168122856577,-0.1319022138155876,-0.1418080677905225,-0.5857680580427794,-0.0013637140279722,1.068665333504187,-0.5481190690658088,0.4840995088702374,0.1200103451757516
2014-02-20,CCI,74.58,76.54,74.58,76.29,2636623,1.4543117914331958,1.436979803031616,1.4025405368752746,1.0730149455696671,0.2065697758504773,0.9036630427535898,0.3166671885603167,-0.018675001871449,0.3342189264728143,-0.2676830894268286,-0.0013918401036047,1.3402805565928095,0.0586165798466709,1.7059649270805648,0.5498228298096242
2014-02-21,CCI,76.36,76.53,74.78,74.88,2107907,-1.1836558002019992,-1.1798353801868622,0.857619582130532,0.7485024225731524,0.2302349935177874,0.7828135493179653,0.3804234268063353,0.0579776615745795,0.1695913998883844,-0.4959902910297903,-0.0011167119645198,0.7616267334083713,1.4542402261783962,-1.4906518315970805,0.3564125263687047
2014-02-24,CCI,74.99,75.7004,74.688,74.72,1406291,-0.1660260377067819,-0.1572212405278596,0.736568326558352,1.4304089704945548,0.2382504060579026,0.64585162557744,0.427806233444312,-0.1181248335066922,0.5218875015473273,-0.9334446318640668,-0.0011623004682381,0.6959638882243236,-1.1844155399656722,-0.2983392471251216,-0.462117717593634
2014-02-25,CCI,74.49,74.86,74.03,74.26,1968222,-0.4162762524915491,-0.4071355726998949,0.5062170693602188,1.2215815034944089,0.2222410915413394,0.4744428527175622,0.4304241538980821,-0.1242814847764423,0.5415574849670324,-0.4417253134094743,-0.0011333393657587,0.5071832083201846,-0.1665203053455356,-0.2595949853680534,-0.6598276267429921
2014-02-26,CCI,74.26,74.51,73.38,73.7,1555431,-0.5024883807732725,-0.4934661355449327,0.2540302589365369,1.001004507679714,0.1837007141716668,0.279321266509335,0.4137335091230144,-0.0994259365983439,0.3910256376043007,-0.7552820518808864,-0.0011595541721517,0.2773632501760116,-0.4168358036535732,-0.5960579956413385,-0.3135061120201883
2014-02-27,CCI,73.79,75.525,73.745,75.46,1636172,1.4537630613919503,1.4364468129734245,0.7964532525101626,1.0535917234685024,0.2182115505221771,0.3112565641099659,0.4244054290997961,-0.0123137638877093,0.8724816439655578,-0.6376766433397049,-0.0013276353036004,0.9996545472005488,-0.5030704223514895,1.6835558060770195,0.3745749786184463
2014-02-28,CCI,75.64,75.91,74.6201,75.9,11710740,0.3300245837621799,0.3352018456188271,0.8711573360362447,0.9630280102235952,0.2582055419323119,0.3509183489235392,0.4729968971627885,-0.0364822171337181,0.7537739861897506,6.400402520090122,-0.0018697499420782,1.1802273714566889,1.4536913529883009,0.2333802252125972,-0.174968506755627
2014-03-03,CCI,75.08,75.44,74.03,74.75,2232848,-0.9762996415150156,-0.970089005235472,0.3891633191951948,0.4198987979934221,0.2401773386157943,0.233299646377753,0.4407427475415445,0.022628580200072,0.6169371240541865,-0.420820112626431,-0.001088256341007,0.7082756716963331,0.3296597223351964,-0.3583901936749888,-0.0192755853608933
2014-03-04,CCI,75.41,75.885,74.34,74.8,2912171,0.0086481291881457,0.0166226277655197,0.3008710252449278,0.2247359449585075,0.2235841604003126,0.1428984142477855,0.2468235554159503,-0.2364661824627434,1.0762795640213003,0.083332283822361,-0.0014335321218999,0.7287953108163475,-0.9770052876563412,-0.6374634670180596,0.1300882322870979
2014-03-05,CCI,74.91,74.91,73.83,74.51,3293353,-0.2743707873643654,-0.2652967700810971,0.0998857466240796,0.1869107738388882,0.1950759603253529,0.0399083673900322,8.525763976153627e-05,-0.2204769708357722,0.9869521742678578,0.3558553144884969,-0.0010109744960365,0.5972536242469885,0.0081994293226267,-0.4297435174036213,-0.3833232554888365
2014-03-06,CCI,74.53,75.08,74.37,74.9,2542139,0.2928747746163437,0.298459065035968,0.1347635623010777,-0.0821267192800963,0.1840143595825522,0.0024235762483117,-0.3245923929732252,-0.2232717881356973,1.0606517571159455,-0.1691301850924201,-0.0014077995485456,0.7140475060156549,-0.2748933192225586,0.3487560441993978,-0.8013104131580795
2014-03-07,CCI,74.92,74.975,73.12,74.63,3121683,-0.2574242156100033,-0.2483798572246221,-0.0335330737859341,-0.3105891108232871,0.1610690970689641,-0.0581525974904061,-0.5682673451738107,-0.2904170002272945,0.6862711436544305,0.2416539353825947,-0.0010271593224489,0.5022584949313752,0.2925002218073489,-0.3187620620203313,0.4801928333384204
2014-03-10,CCI,74.54,75.1,74.215,74.74,2257105,0.0587684501124931,0.0664147180522403,-0.050969283860581,-0.076935471491808,0.1438594684669939,-0.0918501135296069,-0.7503548772772766,-0.3328474005487801,0.4851673692966666,-0.3684695107386637,-0.0013873277408614,0.243775191592382,-0.2579423265652517,0.1763981933376906,-0.6044807035482248
2014-03-11,CCI,74.72,75.43,74.56,75.11,2100335,0.2752120633769057,0.2809822230575835,0.0311412970415739,0.0031658085619362,0.1414555459199851,-0.0806984938500304,-0.8751919361683195,-0.3577335411252587,0.3843591421490729,-0.4753260381444505,-0.0013846811742459,0.3110740858731753,0.0583328252852521,0.368024940213167,-0.6259857610344582
2014-03-12,CCI,74.91,75.8,74.82,75.74,2186208,0.4892055762280723,0.4923923791343176,0.2094888981347781,-0.3902987209328241,0.1607947853116963,-0.0158106735762709,-0.9064130282464335,-0.3818668757216357,0.3172673197140788,-0.4017546956739373,-0.0013984530119318,0.74853273915006,0.2748329028435132,0.8107944047346434,-0.5129763674119195
2014-03-13,CCI,75.85,75.928,74.96,75.18,2189987,-0.493314250065211,-0.4842736766901622,-0.0227425375666267,-0.0662242538101944,0.1506493867160869,-0.0397933679699277,-0.9992431770743988,-0.3618660310877198,0.2400923670640404,-0.4237236586604688,-0.0010774196426787,0.262490530020099,0.4888822408234932,-0.6936823525357311,-0.5182465947640201
2014-03-14,CCI,75.01,75.8599,74.88,74.94,1227753,-0.2317447661118157,-0.2227541556653519,-0.1136711662096317,-0.0999514607958119,0.1299693880076792,-0.086095402826108,-1.004103492235031,-0.4619309862606139,-0.0906459059549524,-1.1070369887791371,-0.00115525286692,-0.1122938969030251,-0.4938938983604648,-0.0968221495912119,-0.5015759946092859
2014-03-17,CCI,75.0,75.47,74.73,74.88,1926806,-0.0828423500961977,-0.0743720817872552,-0.132238308119296,0.0765281106405268,0.1082747387176924,-0.1257487238412178,-1.0043798888089337,-0.4741212672080279,-0.1948845334581074,-0.5793835047535925,-0.0011096505479418,-0.1706128712441236,-0.232256177992139,-0.147199407111354,-0.7677096380239116
2014-03-18,CCI,74.8,75.31,74.56,74.82,1287475,-0.082882291047356,-0.074411835523214,-0.1606040179847205,0.3282466216233968,0.0860323677389011,-0.15888120685147,-1.0142805401375037,-0.4973273256616869,-0.0845690088835335,-1.0536569905607684,-0.0011578680401995,-0.2289318455852222,-0.0833149173571494,-0.0061155387796094,-0.7559103136944098
2014-03-19,CCI,74.98,75.33,73.38,73.67,1469604,-0.9899158923348412,-0.983840436480041,-0.5489063231896905,-1.1030418515447369,0.0212055690942334,-0.2949987769970999,-0.9649289295981331,-0.4219573248346859,-0.3330480354115167,-0.8967702158954491,-0.0011487389501868,-1.3467121871228942,-0.0833548687278233,-1.34630639561608,0.6146578485916405
2014-03-20,CCI,73.51,74.52,73.15,74.17,1223792,0.3895507025610216,0.3940303506000883,-0.3368510073915957,-1.0633115664685535,-0.0120495604945311,-0.3226279004578446,-1.023268060376752,-0.6111028011564927,-0.5755970831364109,-1.061889556102565,-0.001318398072636,-0.8577278250400442,-0.9906250905883122,0.6520153523682292,-0.0519282258133455
2014-03-21,CCI,74.65,74.82,73.4,73.7,3586221,-0.4275123923078948,-0.4183803288581934,-0.4813681174595204,-0.789715411971075,-0.0579299954017659,-0.3772285177764092,-0.982499916925098,-0.7160784963055501,-0.398915630690992,0.7523336876521848,-0.0010146889851742,-1.1946840916183237,0.3892013698909869,-0.9877927183354648,0.0144294257394814
2014-03-24,CCI,74.045,74.71,72.81,74.13,1745806,0.3302462381475957,0.3354210060458468,-0.3200677052035198,-0.5459702922136446,-0.0781627773536755,-0.3548923944387315,-0.9704596219968348,-0.7009054380482483,-0.2834440832222517,-0.6916945589214135,-0.0013452833761875,-0.474016181842271,-0.4280748746753757,0.0604131640301278,0.5447563976681531
2014-03-25,CCI,74.28,74.77,73.16,73.69,1828510,-0.4025297878159589,-0.3933813436032427,-0.4647778173093556,-0.6143531213673602,-0.1119198772716068,-0.3718348573971992,-0.9431903483175396,-0.7018934316892225,-0.2802069958407223,-0.6238174547752784,-0.0011311518252685,-0.9431117163113832,0.3298814345442558,-0.626418236970343,0.2295308066354758
2014-03-26,CCI,74.07,74.44,73.41,73.42,1312304,-0.2611093572682258,-0.2520581561181549,-0.5548380564500953,-0.9732871554661316,-0.1492740438471413,-0.394647615418525,-0.9232857537863708,-0.7183242730278167,-0.2232738813972048,-1.0200274672866452,-0.00116573934485,-1.230965794281063,-0.4030857528965592,-0.6893199308236118,-0.4221454055107334
2014-03-27,CCI,73.51,75.325,73.32,75.18,2613976,1.4594330770449773,1.4419539665027932,0.068838600516172,0.0408703923713542,-0.1100392559283506,-0.2157591714165772,-0.935115105578521,-0.7165768080540101,-0.221972495235468,-0.04192798364744,-0.0013918868473918,0.6454163435954013,-0.2616284295774191,1.6900687194213528,0.6313207218740522
2014-03-28,CCI,75.18,75.54,74.44,74.61,1432716,-0.5050242603194578,-0.4960073220676421,-0.1088912680102612,-0.2399943690346564,-0.1018996175666564,-0.1526867958839494,-0.9909927221703988,-0.7124113290803838,-0.4170902419218217,-0.6813084915192197,-0.0011562998814406,0.0377244012149491,1.4593628477952985,-0.5991353529491503,-0.362601943098809
2014-03-31,CCI,75.08,75.16,73.71,73.78,2511140,-0.7255864615454676,-0.7174310939844811,-0.3840848042050466,-0.680675566661904,-0.1283308899366916,-0.1912138245563913,-0.9709434138653054,-0.7527898736193414,-0.3580582611883254,0.3290350403832447,-0.0010958317963886,-0.8471603569881517,-0.5056069634401693,-1.3344854468137193,0.0465758815072138
2014-04-01,CCI,74.13,74.9,74.0,74.76,1734678,0.7939608117681345,0.7922279915212302,-0.0382769350120551,-0.5360442471197724,-0.1111245113190218,-0.1097128850573643,-0.9716224074817305,-0.6796959505363203,-0.175330719508773,-0.3583806442894346,-0.0013390706404091,0.1976433334203353,-0.7262267033884082,0.6157666091494073,-0.588023025347122
2014-04-02,CCI,74.6,75.22,74.52,74.63,1535943,-0.141256407883371,-0.1325396309324649,-0.0861725628863819,-0.3943810009570566,-0.1031120919573376,-0.0681772263125786,-0.9713409711397047,-0.6844472672754637,-0.1438239374702106,-0.4856658590956675,-0.0011543176878783,0.0590469255089959,0.793716978774885,0.0040662045718662,-0.8096194705093935
2014-04-03,CCI,74.9,75.2,74.39,75.06,1302416,0.325719702953776,0.3309452476057244,0.0624047698361619,-0.145232740669562,-0.080606231999919,0.0023571672776667,-0.9665393985924604,-0.6822556201745913,-0.1361038132250941,-0.6801798540560282,-0.0013153473165761,0.5174811978310924,-0.1417442137945837,0.1350757805963365,-0.6919621084622958
2014-04-04,CCI,75.38,75.48,74.4,74.75,2841955,-0.2901235626967788,-0.2810261220335355,-0.0488606310856766,-0.2349736575012347,-0.0757928679969204,0.0132445021326965,-0.965393391399616,-0.6806318737345187,-0.1438619699165289,0.9539424500733872,-0.0010799469028046,0.1869820712733045,0.3253537184996388,-0.6577522718826657,-0.3872017859769007
2014-04-07,CCI,74.64,75.05,74.09,74.4,3359519,-0.3245052487306584,-0.3153705692135964,-0.1661068798211683,-0.3325518089258147,-0.0864522846065868,-0.0178723009223138,-0.965981884876582,-0.6731925205548441,-0.2342875843962481,1.400832366405092,-0.0010609641992332,-0.1861621038725759,-0.2906502040286677,-0.2692483359364895,-0.5159579734847566
2014-04-08,CCI,74.07,75.17,74.07,74.61,2701810,0.142732288597505,0.1497390666164124,-0.0833417973806012,0.1716368734558288,-0.0873247806467348,-0.0175743782984542,-0.9776072141050094,-0.6799557606891025,-0.265243888325176,0.6847347131674079,-0.0013798889165861,0.0377244012149491,-0.3250408593159891,0.5244862571196742,-0.362601943098809
2014-04-09,CCI,74.65,75.1775,74.04,74.45,1660545,-0.1665074490264013,-0.157701038608609,-0.1169798140798606,-0.0765942212114427,-0.0949151577729799,-0.0346277504692421,-1.0367029197992863,-0.7102611686078132,-0.4176175475298643,-0.3446702755375534,-0.0011540131134102,-0.1328557931374525,0.1423185676683617,-0.2287325861137296,-0.3179830347294902
2014-04-10,CCI,74.38,75.33,73.35,73.37,3138900,-0.9361348005864814,-0.9295431955180125,-0.4662618106636698,-0.3112950488411992,-0.1434768946605458,-0.1537300229253176,-1.0190756790525186,-0.6554895210187934,-0.5210637364672782,1.0930366267992948,-0.0010802411696026,-1.2709412452096696,-0.1670018422523682,-1.0522281267093172,0.6577547587193578
2014-04-11,CCI,73.06,73.22,72.0,72.1,2326141,-1.110653227503044,-1.10591023096977,-0.8658613908884615,-0.869447472515874,-0.2309776449576869,-0.3492401910862903,-0.8748022744308365,-0.5656394278963771,-0.7240528855560385,0.2192264412112178,-0.0011289676106243,-1.7873993519885265,-0.936829968805422,-1.01905832137269,-0.1811179598259499
2014-04-14,CCI,72.65,73.91,72.49,73.04,1852679,0.778689882727274,0.7772380844439577,-0.5013493177231435,-0.3951447556415911,-0.2620042451475339,-0.3602848354196594,-0.8524763356008461,-0.4929688283661857,-0.5283643844584156,-0.2382536281459427,-0.0013297326036054,-0.9047070793342948,-1.1113939228668643,0.3792608230281742,0.028939244921636
2014-04-15,CCI,73.2,73.5,72.9,73.5,2037629,0.3591000310083445,0.3639435275248093,-0.3152631893576654,-0.1641270779360298,-0.2671065608318123,-0.3023918888456043,-0.8576334470509375,-0.4752406987488511,-0.4265820735328301,-0.0932605840228794,-0.0013415183939227,-0.4727512863332993,0.7784420659610145,0.2833219129178179,-0.9109903535823805
2014-04-16,CCI,74.09,74.52,73.96,74.0,2745922,0.3905280215644796,0.3949957497275784,-0.1438947628662815,-0.6119550812366638,-0.2502833960222508,-0.1996417222339275,-0.8620291922559226,-0.5350346691555282,-0.101689501076351,0.5077545619322101,-0.0013807810874552,-0.0032341200278631,0.3587427545803929,-0.1180922380518245,-0.9606363148649107
2014-04-17,CCI,73.93,74.46,73.61,73.92,2176774,-0.1003020295366493,-0.0917523560365315,-0.1678210012794762,-0.4519954364695876,-0.239040002498051,-0.131803824179491,-0.8616890127710002,-0.5501740827051183,-0.2169799479545477,-0.0645724593787395,-0.0011275242963524,-0.0783568666367312,0.3901789438505814,-0.0365359185213779,-0.6329942134110907
2014-04-21,CCI,74.18,74.75,73.95,74.75,1915367,0.6660593022380712,0.666567947147031,0.1075660036982602,0.1807391834213152,-0.1968908631887029,0.002017351884507,-0.8534924603713726,-0.5243836825927213,0.0417615441033767,-0.2342652673531141,-0.0013400220444333,0.7010416294302912,-0.1007791515564851,0.5542242625919841,-0.6993815925601826
2014-04-22,CCI,74.62,75.27,74.51,75.01,1697935,0.1835536525955385,0.1902090495528366,0.1838824055665127,-0.0839125139759493,-0.1531852185407602,0.1130807106826073,-0.8322113115427902,-0.5307729608385554,0.006867628408535,-0.4379341091048186,-0.0013321098473351,0.9451905559091228,0.6657821031948429,0.3685534064300898,-0.7469157794997087
2014-04-23,CCI,74.84,74.975,74.08,74.85,3159032,-0.1657954831233321,-0.1569914598636389,0.1065459190607447,-0.0969160121671075,-0.1250991556647255,0.1617268631252871,-0.827048563461247,-0.5432824490290475,0.0637131363405254,0.8540513411347789,-0.0010708404621034,0.794945062691373,0.1831505808579206,-0.0162214432703641,-0.5947965907960432
2014-04-24,CCI,74.81,75.04,73.12,73.84,4182631,-0.8730844581961704,-0.8659483182566134,-0.2580437629138049,-0.6607260298573737,-0.1426417892547519,0.0831963058562439,-0.840861628332182,-0.4822497997478533,-0.0834623651622989,1.5584470861136284,-0.0010284215822919,-0.1534796132455994,-0.1662896906166208,-1.0059346715023163,0.5757190258785743
2014-04-25,CCI,73.51,73.57,72.64,72.78,1935227,-0.9267327677062698,-0.9200558169883828,-0.5911566418856179,-0.8824710172806287,-0.1976788421703338,-0.0761381298509678,-0.8148469788009598,-0.627731664757317,-0.6363213078402613,-0.3528726369846447,-0.00115066868333,-1.1488560058131263,-0.8737631782833954,-0.7765927468434891,-0.5263747497438589
2014-04-28,CCI,73.13,73.14,71.29,71.73,2529951,-0.9311952650015104,-0.924558640735174,-0.9135472275027372,-1.0563464693814228,-0.2810755904277043,-0.276603046025257,-0.6904400681942857,-0.5817071739059442,-0.7343883907103308,0.1156635163091086,-0.0011262457896415,-1.532224055780708,-0.9274254831887248,-1.4726791821229883,0.5581336422444604
2014-04-29,CCI,72.02,72.49,71.55,71.8,2174189,0.0277604413327969,0.0356144997531022,-0.8545646660575833,-1.1161367222164658,-0.342165093619759,-0.3795565141772068,-0.5936180618450032,-0.6119020052817614,-0.5616131390096201,-0.174756089489527,-0.0013387638893031,-1.4766888033652064,-0.9318891446290042,-0.2571051197979926,-0.5002318701452112
2014-04-30,CCI,71.83,72.78,71.54,72.73,2586032,0.773410292236297,0.7720548068345631,-0.4885765498186634,-0.7114472810411756,-0.3516210991923594,-0.3290155546770868,-0.5864819009983978,-0.6153895928648607,-0.5662690246490826,0.1398124858504521,-0.0013610550710431,-0.7388633069877496,0.0273167273534068,0.9203158679735174,-0.1704155338517195
2014-05-01,CCI,72.86,73.59,72.63,73.54,1842016,0.6603768481052944,0.6609791563418268,-0.1810399490218907,-0.1358746916508999,-0.3251846050129973,-0.196196110591013,-0.6012065129835695,-0.5626314693501305,-0.3819796828629576,-0.4984337333471626,-0.0013307609840325,-0.0962411004654515,0.7731610981674487,0.6788057921198764,-0.5033823045386538
2014-05-02,CCI,73.4,75.65,73.3525,74.57,3503280,0.8389889803849956,0.8364064184940269,0.1945240746429477,0.6029161928045875,-0.2623689077319444,0.0036988872076137,-0.6237010849586749,-0.5038381664324262,-0.2633523728941529,0.7672135255207617,-0.0014156601129971,0.619457637413543,0.6600981666632321,1.1779830218667788,0.976406071185442
2014-05-05,CCI,74.25,76.5,74.21,76.46,2591115,1.544953412122145,1.5249585106462815,0.8361286969171936,0.804767894590544,-0.1383066995604611,0.3212623501433622,-0.4986283546830253,-0.315372546204111,0.1684962901046834,0.0455934243277173,-0.0013791295095185,1.4173572048804637,0.8387568940249958,2.2224301859082085,0.9047599021673888
2014-05-06,CCI,76.22,76.82,76.14,76.7,2502914,0.1624254714612444,0.1692660374629263,0.8790413950197746,0.7614631651051005,-0.031869917571243,0.5299455769137406,-0.3641225240637498,-0.3254316126451919,0.2865427262573293,0.0095601289916005,-0.0013812982177118,1.3707446139482085,1.5449054928184935,0.4494753263039689,-0.8524479626161543
2014-05-07,CCI,77.02,77.82,77.0,77.7,3237323,0.7787123989115076,0.7772601889477192,1.1766571215695991,0.8572383258498291,0.0891142363601409,0.7343368432817674,-0.1661347611163363,-0.2888061477903663,0.4407717838573212,0.5836181856222095,-0.0014313852791201,1.3817911894833812,0.1620168879517148,0.6407207629485726,-0.7117935953499706
2014-05-08,CCI,77.58,77.95,77.07,77.2,1911278,-0.4336269149859211,-0.4245003985562907,0.948700961229525,0.7025420034838415,0.1617564671707102,0.7734185784508194,-0.0455797724189432,-0.2731876759425687,0.3750080895811016,-0.5005507683557634,-0.0011231910409892,1.0685339844628754,0.7784645880191126,-0.3963820105217575,-0.6413244671685707
2014-05-09,CCI,77.21,77.5,76.83,77.24,2207086,-0.0007379925343077,0.0072935212396841,0.8917522754094116,0.5410144757109331,0.2167059921826868,0.759143246433606,0.0466612957531792,-0.3554768880835773,0.6071849916252448,-0.2278164617621206,-0.0013750260548382,1.0884990387418054,-0.4341909924672519,0.003039148599025,-0.8684034467616887
2014-05-12,CCI,77.42,77.61,76.9,77.34,1661604,0.0476073198413438,0.0553301454384302,0.8312335693625359,0.5051576014652018,0.2595019332422023,0.7164398649454723,0.06739311934523,-0.4867320565171578,0.8998950263773382,-0.6579867648845935,-0.0013473109183735,1.1384116744391442,-0.0011891409855209,-0.1043860782743529,-0.826234552035489
2014-05-13,CCI,77.32,77.6,77.02,77.23,2123450,-0.1215451007817728,-0.112905396694282,0.7165336789967216,0.5236563702201151,0.2841176345669854,0.6354815356435961,0.1003822925235454,-0.5119886046926293,0.6750291083627931,-0.2825240025646104,-0.0011037966549133,1.0835077751720763,0.0471687833766106,-0.1142583597583931,-0.9654311317623454
2014-05-14,CCI,77.33,77.51,76.95,77.28,1820263,0.0073108567920023,0.0152935643801496,0.6658070180960843,0.952410320846066,0.3004341788374032,0.5493529848109547,0.1338324731904275,-0.5149409144187099,0.587831311230352,-0.5272929914754525,-0.0013561108787446,1.108464093020742,-0.1220277645452478,-0.075166793425699,-0.987404628395942
2014-05-15,CCI,76.94,77.09,76.15,76.82,1639913,-0.4035795995908631,-0.3944316405913506,0.4545089258563408,1.24862846652338,0.2902199530237243,0.4121603986653758,0.1493861921028054,-0.4993022514211698,0.3921996670671295,-0.6456992632194434,-0.0011361899963311,0.8788659688129984,0.0068618080682269,-0.1441514120354753,-0.5715320781018879
2014-05-16,CCI,76.77,77.42,76.41,76.8,1579853,-0.0492048526061311,-0.0409013124878753,0.3962635120238222,1.8714628682757957,0.2764550514190881,0.2932669513865067,0.1532306354556012,-0.5007428257378637,0.4047262782744182,-0.6797344415157133,-0.0011438841398338,0.8688834416735335,-0.4041358385390062,0.00320739801624,-0.4953047868010374
2014-05-19,CCI,76.74,76.88,76.18,76.37,1485092,-0.381576200921339,-0.3724217978921967,0.2178383202226757,1.58040269782686,0.2441132216387593,0.1503355002338495,0.1583794402449366,-0.5151892029989905,0.1508134880090243,-0.7496761027007136,-0.0011530059455742,0.6542591081749976,-0.049668644752336,-0.3905876025795542,-0.8274296800450847
2014-05-20,CCI,76.27,76.6599,75.61,75.94,1104981,-0.3835388756350307,-0.3743847296174931,0.0518706094745364,1.141243910408368,0.1975853863621723,-0.0005241946290183,0.1583927007854832,-0.5030546952498337,0.0146119857898155,-1.068541611139563,-0.0011780552299361,0.4396347746764547,-0.3821266997769499,-0.3532090263096255,-0.4391041453460526
2014-05-21,CCI,76.12,76.79,76.05,76.56,1711388,0.4752997595440131,0.4786763431113595,0.2374015033776276,1.0968692016110846,0.1813258810236989,-0.0433017903162621,0.164325057850407,-0.4886420248123875,0.1680474280608414,-0.4837425524214503,-0.0013405642185146,0.7490931159999324,-0.3840898864994743,0.4103989703041867,-0.7857826781913553
2014-05-22,CCI,76.63,76.82,76.28,76.39,1599246,-0.1712388117920157,-0.1624167441326064,0.1335996259748172,0.6959037655870577,0.1582295373971366,-0.0951217709260576,0.1356184915087234,-0.560467903495498,0.3397102289405443,-0.4957564531495282,-0.0011479234638955,0.6642416353144625,0.4749727964873744,-0.2629396545804544,-1.0021883570573793
2014-05-23,CCI,76.43,76.6,75.54,76.0,1722271,-0.3508470003032455,-0.3416966851393475,-0.0576690772862675,-0.4862167365889219,0.1214803334049243,-0.1717199829663386,0.0368552921118857,-0.638831056028526,0.4822989426896618,-0.3680870465104086,-0.0011440030571534,0.4695823560948567,-0.1717344393027622,-0.4513756587834557,-0.4289382309829943
2014-05-27,CCI,76.17,76.7,75.76,76.42,1173581,0.3110615325983329,0.3164492857565651,0.0061521876730608,-0.3630407523504146,0.1059680162635831,-0.1783351714292577,-0.1795286179026127,-0.7504519950405962,0.7927895669610001,-0.8635217888036701,-0.0013076583699268,0.6494313649406207,-0.3513894827402278,0.2216543863925801,-0.5661942512556072
2014-05-28,CCI,76.09,76.71,76.0,76.61,839310,0.1217936340580854,0.1289703788950866,-0.0116172895608801,-1.0061886395194446,0.0983224235696675,-0.1633785088945542,-0.4604053750037583,-0.7523273541516619,0.8163991391898809,-1.1708026078541918,-0.0012902719010582,0.7479640470176979,0.3106917242233797,0.490005282283057,-0.8189441823463454
2014-05-29,CCI,76.68,76.895,76.03,76.63,1217476,-0.0167428026134901,-0.0086173116050461,-0.0719396819184269,-0.6757892632639063,0.0903131355756126,-0.1523493243084751,-0.7146622212593001,-0.7909691984855785,0.6200597355824358,-0.7309950480258776,-0.001312905331826,0.6180818293688052,0.1213744507994011,-0.0755808865095838,-0.6505716707589853
2014-05-30,CCI,76.51,76.85,76.415,76.73,2073636,0.0482489491166178,0.0559674273427327,-0.0924128486727533,-0.6171019679085201,0.0852227457227985,-0.1360127830717664,-0.9524138905085132,-0.8234007804335406,0.4695925765790266,0.1787634317685025,-0.0013653718815857,0.5607685889128771,-0.0171981262874584,0.190928158795165,-1.1188454180100305
2014-06-02,CCI,76.84,77.11,76.18,76.29,2014545,-0.3900081178513121,-0.3808552596264286,-0.2723478849148338,-0.9925573242186622,0.0614674000354935,-0.1709868250903457,-1.113635928362508,-0.8671234324060907,0.1712767739232532,0.2041922847079686,-0.0011180306018934,-0.0325601120195511,0.047810580035636,-0.5670958564019466,-0.5753716236088914
2014-06-03,CCI,76.31,76.43,75.4,75.61,1786770,-0.587924152883049,-0.5791381905368119,-0.4905928699725992,-1.2688967758500844,0.0140215176497675,-0.2599450923434707,-1.064712486707889,-1.1559169475794382,-0.3307462027940818,-0.0047297080489903,-0.0011368816018957,-1.6075466586367044,-0.3905608163663542,-0.7193613629674167,-0.4560099855470395
2014-06-04,CCI,75.65,76.13,75.41,75.47,1878518,-0.1482734567509633,-0.1395307455730688,-0.5177755552813398,-1.3714746424697883,-0.0304347807369756,-0.3234165683971269,-1.0111908482948508,-1.164346851397526,-0.4029978872299362,0.1384817805988133,-0.0011355343098156,-1.790050743045313,-0.5885284823470983,-0.2060828605556565,-0.7962342119529379
2014-06-05,CCI,75.65,75.85,74.99,75.76,2907706,0.2062358487541622,0.2126845753623217,-0.3855691709173922,-0.9086210868688896,-0.0553121206547317,-0.3237978471851164,-1.0312277517364443,-1.2875546117985557,-0.5341681474680892,1.366646425080021,-0.0014024330906302,-1.0165663717932742,-0.148763093220737,0.0835406384071562,-0.6452687385849046
2014-06-06,CCI,76.03,76.17,75.58,75.9,1567702,0.082053128672174,0.0895332933576071,-0.3154362997656002,-0.7835580859007704,-0.0704023882925286,-0.2989111146475766,-1.0354848786831106,-1.303917681423033,-0.4147893120683447,-0.1867195523958157,-0.0013340836706707,-0.726720648198959,0.2058386941890111,-0.1554988745539366,-0.943483227036821
2014-06-09,CCI,75.65,76.04,75.56,75.77,1375238,-0.1396303628779984,-0.1309197082557064,-0.335034530781967,-0.6139540952565415,-0.0881576789375689,-0.2858614519608435,-1.0430757330173952,-1.3049880032852854,-0.4469853364549806,-0.3740364776470985,-0.0011598228927355,-0.8916609534919191,0.0816235781887887,0.0935276556127611,-1.063362799579728
2014-06-10,CCI,75.41,75.7,74.99,75.38,1494862,-0.3534478659954176,-0.3442966143011923,-0.435754169458433,-0.589474037059991,-0.1179144657353097,-0.3063133663073695,-1.044453042029504,-1.2966076680476648,-0.5396729292311985,-0.2196150764317784,-0.001155225867897,-1.3845860037926827,-0.1401177445979791,-0.0563729565675557,-0.8063410110923216
2014-06-11,CCI,75.11,75.34,74.63,74.84,959850,-0.4789941891014725,-0.4699277341791309,-0.5811218180560248,-1.44340295552804,-0.1625710954480843,-0.3610268369528243,-1.007888358359218,-1.2709650941804542,-0.6219745976325104,-0.8299796560530566,-0.0011882526379556,-1.6389145481444178,-0.3539910269280251,-0.2979046482228122,-0.8006770511987431
2014-06-12,CCI,74.6,74.85,73.925,74.35,2125795,-0.4406181485341139,-0.4314987157993206,-0.7005823438100385,-1.5675862314159588,-0.21644712713616,-0.4285281954451553,-0.9497856116132882,-1.2578754355622817,-0.7243039436147563,0.6195156876444152,-0.0011244248172876,-1.4770747012973764,-0.4795701016795204,-0.2795061794084514,-0.5544672104932608
2014-06-13,CCI,74.09,74.38,73.02,73.8,2095199,-0.4935464213195916,-0.4845062949467191,-0.8397417017915797,-1.6230840671003792,-0.2792667931370663,-0.5055500429990221,-0.8359362938081116,-1.2478085218315964,-0.7448445563958727,0.5446378595418635,-0.0011308928943886,-1.2920160581575293,-0.4411840498394859,-0.3220382096012135,-0.0555031877702352
2014-06-16,CCI,73.59,73.81,72.75,73.26,2425748,-0.4885426588949504,-0.4794930922566358,-0.9672705898395784,-2.1955972818824985,-0.3479886150756652,-0.5823595688223928,-0.7045190617406832,-1.231282643207106,-0.8444350915738761,0.8775194686665356,-0.0011182660444868,-1.4924650366038077,-0.4941261301820561,-0.3651137937266586,-0.3854638012107106
2014-06-17,CCI,73.23,73.58,72.81,73.26,1667828,-0.0329960430517004,-0.0247793014886723,-0.9149943446134872,-2.4070743181549608,-0.3995416266124176,-0.5996149670612021,-0.5982838516034811,-1.2360482522937353,-0.7655543230536966,-0.0462539216636557,-0.0012427088046935,-1.4924650366038077,-0.4891210624109201,0.0046346106204017,-0.7153689217797803
2014-06-18,CCI,72.43,73.7,72.43,73.59,1770804,0.2474455673022534,0.2534979439785252,-0.7605304921211874,-2.0707313626327197,-0.4242164382714442,-0.5442352618648525,-0.5326317338086108,-1.2180957126890315,-0.6219593222187972,0.0360559577673515,-0.0013296538450315,-1.057360352892068,-0.0334556067571959,1.1836802845194878,-0.1530457202902526
2014-06-19,CCI,73.89,74.03,73.53,73.99,1355667,0.3054088353207822,0.3108582348239344,-0.5774245315281364,-1.784477476605583,-0.4248281374567993,-0.4379934604377659,-0.5224254766700493,-1.2510866506805347,-0.6604815508379379,-0.4349966778445154,-0.0013114236766874,-0.7732422727687833,0.2470591632398426,0.0759324478738716,-1.0281338776289837
2014-06-20,CCI,74.06,74.56,73.56,74.03,1690205,0.0006614985072101,0.0086846003623315,-0.5229880379183414,-1.6179363286787172,-0.4205865678020024,-0.3405077888487005,-0.518046298933524,-1.2478990911344645,-0.6212046217024446,-0.0432317026308979,-0.0013305554945543,-0.7448304647564498,0.305037552309755,-0.0569208386592718,-0.4655524655165091
2014-06-23,CCI,73.98,74.14,73.63,74.06,993839,-0.0077665263023154,0.0003067612054726,-0.4791183844349801,-1.3278774826262936,-0.4129799878494027,-0.2538577729982618,-0.5093764703735085,-1.2554580336189187,-0.5423704505757717,-0.8419943722572028,-0.0012960510308811,-0.7235216087472022,0.0002107151454177,0.055383135720659,-1.0174130392624177
2014-06-24,CCI,73.78,75.2,73.78,74.21,1251617,0.0931004412149198,0.1004987804212084,-0.3884609988845457,-1.112492553618796,-0.3981548324928414,-0.1659572714931118,-0.5306787426650414,-1.2827577220661996,-0.5921992008975427,-0.5336915701501149,-0.0013112032181741,-0.6169773287009743,-0.0082195083081898,0.4140096570472942,0.00339406400065
2014-06-25,CCI,74.12,74.92,73.73,74.49,1271818,0.2019082892431638,0.208397076450615,-0.2535325036894359,-1.1221432021690352,-0.3727851184261576,-0.0684953576896579,-0.5795891899277062,-1.273740908356542,-0.5738923651792835,-0.5288802997912304,-0.0013140699142487,-0.4180946726146701,0.0926737726770549,0.350830784673913,-0.2599287795657045
2014-06-26,CCI,74.49,74.76,74.11,74.31,698779,-0.1834383406721043,-0.1745775589739056,-0.2762091473797806,-1.345729557755931,-0.3573403928324303,-0.0160725761214267,-0.6396760321506723,-1.2753027101714676,-0.6121173631612574,-1.1987181173212034,-0.0012024658745315,-0.5459478086701456,0.2015100057345979,-0.2088822822129549,-0.8623297051674802
2014-06-27,CCI,74.12,74.91,73.885,74.24,1740896,-0.0916430976190643,-0.0831321944309032,-0.2573037589529569,-1.318817218932697,-0.345567878964135,0.0164134393676082,-0.7253271960478704,-1.2814015080448216,-0.6440768233042677,0.0834165263688321,-0.0011438830073262,-0.5956684726917267,-0.183937150710499,0.0960015039113993,-0.4406722193373147
2014-06-30,CCI,74.06,74.47,73.97,74.26,1864361,-0.0162239424324675,-0.0081014339420053,-0.2147046795501906,-1.1005873807556783,-0.333304971759476,0.0436645157647036,-0.7933393766628563,-1.293068880525503,-0.5582712284155997,0.2447037476250126,-0.0013449042626229,-0.3604897318696683,-0.092117960757389,0.1777120345098939,-1.030181565553207
2014-07-01,CCI,74.53,74.86,74.12,74.67,1822198,0.310739418494444,0.3161306980814799,-0.0537308107829397,-0.3325126329068038,-0.3056238194936821,0.1051516742505846,-0.8242557469517163,-1.309668864304024,-0.3500633344138375,0.1905341930660381,-0.0013464117828551,0.1096508628442902,-0.0166791307498259,0.1156028094361023,-0.7653933263270778
2014-07-02,CCI,74.36,74.5,73.69,74.09,1405094,-0.5165859954981366,-0.507594575061733,-0.2338980374885387,-0.4029762840502231,-0.3046963622949508,0.0854778504912376,-0.8488309621965905,-1.272060300939659,-0.436026550021732,-0.2958929481892822,-0.0011596395879754,-0.4058639210371649,0.3103695260886195,-0.300643904180668,-0.6801874973816789
2014-07-03,CCI,75.55,75.55,73.54,74.16,823251,0.025825155826689,0.033691674896932,-0.1810590131924218,0.153172315605628,-0.2994507099659451,0.0808537514130183,-0.9031372171820684,-1.2871577665344909,-0.4776469501002114,-0.9496344320716648,-0.0012899649775832,-0.3436466195342366,-0.5171717147633426,-1.4163493949717838,0.6675100666249981
2014-07-07,CCI,74.05,74.47,73.89,73.92,1342624,-0.2344783650535698,-0.2254815287405414,-0.2309907998753119,0.5055193590098981,-0.3029428471615376,0.0546635523318121,-0.9842170321128336,-1.2910624268131,-0.5506043284521888,-0.2457615084614602,-0.0011643046065129,-0.5092721783827657,0.0253809369835709,-0.1589530406704078,-0.9374048188130198
2014-07-08,CCI,74.0,74.395,73.58,73.95,953086,-0.0077289823785793,0.0003440840832998,-0.1882951907563859,0.5293910709111218,-0.3027361084237951,0.0432322360445253,-1.080117052933396,-1.2890509267989894,-0.520248760764469,-0.7494400490692475,-0.0012968362987545,-0.3361174834414783,-0.2349904900560388,-0.0773650543413985,-0.6728276137934089
2014-07-09,CCI,73.98,74.43,73.82,74.17,1724725,0.1522205661394743,0.159148031121776,-0.088977849369141,0.4392870603035653,-0.2922413906357524,0.0605682639865676,-1.1580962938607573,-1.290116644228681,-0.4032254893413125,0.2808852506824043,-0.0013426074492947,-0.0274323124451396,-0.0081819545902579,0.1677202047616386,-0.905899547102066
2014-07-10,CCI,73.68,74.9175,73.57,74.49,2965755,0.2356108330376131,0.2417797880788579,0.0306243314358066,0.3690406828877578,-0.2699151749941397,0.1048911581406072,-1.1814734633111732,-1.306786480782833,-0.2361607061455187,1.7032196143463745,-0.0014209040394969,0.313509383702802,0.1518093204457199,0.8042608918704275,-0.0837147198941718
2014-07-11,CCI,74.5,74.88,74.44,74.6,1397134,0.0589409166052118,0.0665859859758346,0.065142713922104,0.4307330733857684,-0.2467441951034232,0.1425238820987404,-1.1698710188609276,-1.3403002951281344,-0.1180937973310942,-0.2376976079629345,-0.0013324143929962,0.4307080917536592,0.2352213416126183,0.0750952413071016,-1.099769232275142
2014-07-14,CCI,74.79,75.23,74.75,74.85,984866,0.1756434928014479,0.1823690445991048,0.134935382185876,0.6054329290720097,-0.2177284209693215,0.1876744610318363,-1.1447875656159343,-1.387891278540219,0.041478023109045,-0.7238736396483775,-0.0013080561830251,0.6970687918692442,0.0585053367698214,0.0342945884638583,-1.05687349818088
2014-07-15,CCI,74.99,74.99,73.72,74.15,1886012,-0.6152355386963795,-0.606550132285913,-0.1286454832549693,-0.2397914390009739,-0.2214258328162254,0.1395917466081153,-1.189638100052658,-1.3545800474274134,0.0109427755304123,0.5303303648009269,-0.0011145513811233,-0.0487411684543822,0.1752383575167459,-0.8726093836962301,-0.1639079695013706
2014-07-16,CCI,74.5,74.72,73.97,74.68,2505012,0.4120040901141334,0.4162060865648563,0.0336163915999616,-0.0389061203665076,-0.2028553239699552,0.1584428195996812,-1.2342458489041912,-1.320619991392768,0.1171927242707953,1.2812922357070389,-0.0014054147792791,0.5159435157906596,-0.6158469929634697,0.1562246750364781,-0.7543441928899842
2014-07-17,CCI,74.41,74.69,73.84,73.91,1393709,-0.6749174259374252,-0.6664940277732497,-0.2442028456392133,-0.4618069170770056,-0.2176293415359317,0.0876954410210037,-1.258195482353916,-1.2404947671248148,-0.1036137095189761,-0.1708119992842444,-0.0011465467040059,-1.255961703948551,0.4116606149265793,-0.5339888070061232,-0.6328645517031117
2014-07-18,CCI,74.27,75.38,74.1225,75.0,2162633,0.8851647047963654,0.8816780318496047,0.1230093946250737,0.2303477932340746,-0.1859923552421265,0.1505586631455651,-1.2276150364446954,-1.1216682356851573,0.0330016962328511,0.786798830846382,-0.001386927457492,0.5332768389623533,-0.6755444495972446,0.7162821184216036,-0.1939754931937966
2014-07-21,CCI,74.63,75.27,74.46,75.08,1701516,0.0334125302801092,0.0412298549686526,0.1325433703144921,0.2584263456984149,-0.1576502114292778,0.1923683730186778,-1.1981981839813638,-1.1216060328809314,0.0408288316495156,0.1823511812953096,-0.0013623967551653,0.6655825717958834,0.8849446644359333,0.4292415802215347,-0.6922016827267127
2014-07-22,CCI,75.44,76.22,75.21,75.54,1908132,0.3484463816865288,0.3534137231056381,0.2683871102128935,0.2813528701876574,-0.1174277736495361,0.2563958130732607,-1.1331158055519102,-1.1049980181233177,0.1260160733379523,0.3809423324291667,-0.0013829799087042,0.5994297053791258,0.0329702907780961,0.0738316267176142,-0.4770232925072022
2014-07-23,CCI,75.46,76.81,75.46,76.6,2461349,0.840627464341629,0.8380133878435578,0.5988319605372052,1.0581395885935918,-0.0450115086239675,0.3904841222433359,-0.9589104867186252,-1.0138891290655934,0.3055166272825968,0.9694285410002134,-0.0014332801817725,1.2293992039167545,0.3480863260091608,1.1150700789219188,-0.1225228558755435
2014-07-24,CCI,76.5,76.5,73.45,73.83,5461413,-2.284363717608644,-2.305286156835807,-0.3647332891616912,-0.3016581359918029,-0.0972117367040461,0.1769940615504433,-0.9419737841831638,-0.4681180409490007,-0.2976034456466158,3.889631352109161,-0.0007886787050643,-1.505353682800759,0.8403958054178478,-2.663221993710221,1.851580344968639
2014-07-25,CCI,73.25,74.31,73.01,73.21,5582307,-0.5558185169663564,-0.5469298578033793,-0.5640358714780678,-0.4211722250410246,-0.1628007583595737,-0.0282605111841464,-0.8908867088195345,-0.4491412215027319,-0.3848797820392694,3.3171964837161942,-0.0008438763251628,-1.7063458622263286,-2.285410602344407,-0.0675734983825055,-0.1114288444597709
2014-07-28,CCI,73.29,75.02,73.17,74.95,2529785,1.446705981911098,1.4295917525019486,0.0366030026511265,0.0858602801374598,-0.1463112877192225,0.0188044568481081,-0.8866352723376779,-0.2758741588321572,-0.02702099392055,0.3407521218717699,-0.0014007407974109,-0.1842206319237037,-0.5564144709369769,1.6849123121059704,0.4657887019290888
2014-07-29,CCI,75.19,75.69,74.29,74.39,2034306,-0.4981661697922493,-0.4891351195917973,-0.1629485786193789,-0.1303827938835892,-0.1551896268119846,-0.0088398742820371,-0.8881070418881297,-0.2582918716045667,-0.1417665883152923,-0.1339375131409703,-0.0011079554581964,-0.6741000163889158,1.4466324325059818,-0.8301658410311611,-0.0228711116220769
2014-07-30,CCI,74.74,75.25,73.93,74.5,1822747,0.0590645043988067,0.0667087145952004,-0.1212095422578236,-0.1862757030882745,-0.1577740735443001,-0.0147549685972994,-0.8888202744915095,-0.2662615522346778,-0.2009135831415295,-0.3326212490912247,-0.0013578573754168,-0.5778737087261072,-0.4987470838223384,-0.2689233000988097,-0.1146804879001307
2014-07-31,CCI,74.3,74.72,73.76,74.18,2825852,-0.300413116871094,-0.291302534194114,-0.2355140253950506,-0.3008802290959154,-0.1721280229640623,-0.0497815413595365,-0.8908473279727946,-0.2784193104611191,-0.1496366277173149,0.5245356979274312,-0.0010564635370823,-0.857804785563364,0.0586289568041343,-0.1483382765511744,-0.5127686973565307
2014-08-01,CCI,74.24,75.02,73.41,73.47,1708047,-0.6288872081095495,-0.6202566153774306,-0.4736214701099707,-0.5419465083422565,-0.2107132969398185,-0.1401738118435255,-0.8633129814977923,-0.2531815148470625,-0.304123648305845,-0.5218665762385226,-0.0011372149725927,-1.478901862296048,-0.3009424424698075,-0.8099220812096841,0.2349832094504786
2014-08-04,CCI,73.65,73.65,72.53,73.07,1710357,-0.3719536447861751,-0.3627988820591832,-0.5998824259568558,-0.4726028297016551,-0.255782297361006,-0.2291766284864008,-0.8180136881933521,-0.2482965961506346,-0.3363563746396776,-0.532069184560896,-0.001140940697952,-1.4618967034227577,-0.6295022237285393,-0.6212932703803756,-0.3138945530520702
2014-08-05,CCI,72.61,73.2,72.61,72.85,1616098,-0.2204432614681113,-0.2114796654887699,-0.6584614221301591,-0.6832101789098207,-0.2984142496020175,-0.2941059617377745,-0.7609310126674638,-0.2469170329506769,-0.3859381325414671,-0.635829880312096,-0.0011499506006834,-1.6327658478707352,-0.3725016333767382,0.2234070194320356,-0.9163601790801512
2014-08-06,CCI,73.92,76.85,73.92,75.96,4619999,2.6248282070591937,2.5636034050611087,0.4067588673225371,0.2668681878292886,-0.2090902454997038,-0.0063970682821733,-0.707112519811728,0.1994894180576179,0.1869645176975277,1.7454494937213076,-0.0014993039418881,0.758035796562371,-0.2209517250910594,2.0587164811713534,1.623377486555741
2014-08-07,CCI,76.16,76.8,75.83,76.6,3341114,0.4915582486688072,0.4947126428168011,0.5941312916895242,0.1793098130450548,-0.1135005017429407,0.2398979524905631,-0.6147955186054459,0.2085528432696277,0.2485335145601639,0.6756914856315449,-0.0014471793335969,1.2505071354427415,2.6250619979285577,0.4101696029086202,-0.5359631489564047
2014-08-08,CCI,76.69,77.45,76.355,77.43,2739393,0.6416014912018365,0.6425096839512742,0.8346379209899862,0.3220095013465438,-0.0066986891830521,0.4657936411965462,-0.4703537579632915,0.2267750597595544,0.3896669529265883,0.127146102126693,-0.001423688817273,1.4293658191138543,0.4912355270129362,0.7027005441871099,-0.4127336776414055
2014-08-11,CCI,77.45,78.56,77.28,77.77,2105678,0.2403829153560992,0.2465051297101204,0.9007922915409562,0.3002485957887267,0.088605897775442,0.6169165313836592,-0.3276041788143709,0.2276267597776316,0.4054652626258614,-0.4110620893459009,-0.0013915265719206,1.0073723816158398,0.6413179117761685,0.2858405989368797,-0.219634304425619
2014-08-12,CCI,77.58,77.9,77.22,77.52,2017351,-0.2331311770962497,-0.2241373940363792,0.7521036470314989,0.0258023813899092,0.1508613860905406,0.6527470325527666,-0.2420967055395772,0.2046408505739424,0.5000034532110277,-0.4835018594750443,-0.0010920550744342,0.8695539099142438,0.2399946688385158,-0.0847479392230992,-0.8602637297248014
2014-08-13,CCI,77.54,77.72,76.99,77.65,2200596,0.0714098505862791,0.0789670110622006,0.7439222288586432,0.938792442686514,0.2012989523534912,0.650992305566805,-0.1584072232055234,0.1992654161044316,0.4166024834616209,-0.331756435295768,-0.0013985854697423,0.9412195151990788,-0.2336429506537601,0.0808629225481839,-0.807823225768722
2014-08-14,CCI,77.9,78.2,77.56,78.1,1115281,0.3278039166953657,0.3330061217100377,0.8252515504065,1.2797079016578312,0.2543529584544644,0.6563231950801004,-0.0844716406415572,0.1650429983141909,0.6651119081121404,-1.171655306679236,-0.0013264095776307,1.1892927642619453,0.0709775235590528,0.1676546562326061,-0.9083770365138658
2014-08-15,CCI,78.17,78.71,77.82,78.46,2420359,0.253980826339955,0.2599678769337562,0.8880423734685123,1.0378052603236614,0.3053506357520878,0.6552949517498239,0.0164389610653748,0.1323541946030528,0.510062534733236,-0.1599891299885824,-0.0014300031060812,1.3084053890277367,0.3274384759563115,0.2539702304750139,-0.6459585570348044
2014-08-18,CCI,78.9,78.97,78.36,78.53,1804110,0.0225489814818386,0.0304364586198534,0.8502236897598802,1.3472974333376275,0.3428729904600419,0.6197871087122874,0.1025775206042399,0.1324652900761111,0.5073844759434247,-0.6425059439940183,-0.0013924194428206,1.2157607589514745,0.2535961271501487,-0.3806151631407097,-0.9439544326989298
2014-08-19,CCI,78.59,78.73,78.18,78.34,1040053,-0.1836267208147207,-0.1747653600369946,0.7342790045632411,1.22175806446918,0.35929429640396,0.5370670980100655,0.1674202438015893,0.1336076311282967,0.3769013750336653,-1.222435454108689,-0.0011514807572593,1.1176870800517749,0.0221039079733038,-0.2666517880363954,-1.0062144703106584
2014-08-20,CCI,78.25,78.67,77.42,78.55,902400,0.1338942795765998,0.1409736486377456,0.7720489571712946,1.438797140813954,0.3745591575666463,0.4679144204891493,0.2310853839347632,0.0982438326112503,0.2063973526469707,-1.308789270972609,-0.0013193435402851,1.2260843040988094,-0.1841255799964076,0.2633388555114192,-0.2650848920085777
2014-08-21,CCI,78.5,80.52,78.39,80.0,4409351,1.1162611736629828,1.1077536319596006,1.1612098990932334,2.035291889499498,0.4369888590116677,0.5339937654345679,0.3188756115366775,-0.224323032651058,1.059883344587016,1.6271864024797067,-0.0016277987942345,1.2265365244744777,0.133478253049565,1.4173481337403715,0.6276264758926519
2014-08-22,CCI,79.85,80.25,79.2,79.48,2151233,-0.4376732867924568,-0.4285507738272339,0.8703479051026107,1.964541258087868,0.4590125684543106,0.4828529135503871,0.3010515158812191,-0.2366783067258522,1.0903384509153895,-0.1167920119922373,-0.0010245618025429,1.010194296756069,1.1161014201307398,-0.3763999636206988,-0.4903185871583777
2014-08-25,CCI,79.7,79.85,78.96,79.56,1428057,0.029669319302171,0.0375110286067116,0.815958915671075,2.1019013040930257,0.4724724591934939,0.4198971101231812,0.3428019138261878,-0.3533335016338059,0.7358585176593722,-0.7327059576325718,-0.0013769684628349,1.0434777164050542,-0.4382384198629235,-0.1590298497563018,-0.6590292191018474
2014-08-26,CCI,79.67,79.89,79.27,79.57,1478469,-0.0251707492484741,-0.0169974146070008,0.728030346262789,1.7344329037512725,0.4763459169650185,0.3448571539494183,0.3394877514787243,-0.385552151383648,0.8551917759895545,-0.6690403909013973,-0.0013887741646678,1.047638143861174,0.0292261032974957,-0.1211474598046118,-0.9419418105067792
2014-08-27,CCI,79.69,80.18,79.55,79.72,1630161,0.0843686122805511,0.0918317874578937,0.687501004912831,1.6349760665440811,0.4781114933499074,0.2793995386075744,0.3237914409656714,-0.3859954310082204,0.8615671910352793,-0.5211955463509725,-0.0014127077494611,1.1100445557030254,-0.0256282715461309,0.00212558184479,-0.932709481382304
2014-08-28,CCI,79.62,79.93,79.25,79.75,907240,-0.0095672783131542,-0.0014834150060642,0.6005784379674465,1.4231946611702722,0.473536619189035,0.2107132357777263,0.2642344204889567,-0.4020959421699513,0.9353011686095374,-1.1572752133643545,-0.0013434924551901,1.1225258380713958,0.0839396658443119,0.0970410486287078,-0.8807059137149036
2014-08-29,CCI,79.95,79.95,79.42,79.51,991244,-0.2203556543326844,-0.2113922757827886,0.4152295959903049,1.0493544412495626,0.4535413648956242,0.1160724005086057,0.106235384630723,-0.4444120832495434,1.0399105430158129,-1.0580523893796323,-0.0011284438029485,1.0226755791244393,-0.0100207300866007,-0.4421112409184705,-1.0357880486140525
2014-09-02,CCI,79.77,79.8,79.22,79.53,1180038,-0.0173356135463354,-0.0092067201961644,0.3113851944349819,1.325658762007396,0.4318083370008119,0.0358867329584055,-0.1557956089719171,-0.469449978496863,1.1309370353491184,-0.8546969689588328,-0.0013733577864691,1.0268307468745483,-0.2208640951012965,-0.2536254193328778,-0.9835318907242396
2014-09-03,CCI,79.59,80.29,79.52,79.97,1147926,0.3114467646859381,0.3168302982621014,0.337479869627073,1.4308353528688935,0.4253024713927649,0.0109326525146387,-0.5718410016258143,-0.487808278533379,1.2679140258613808,-0.8733971098825948,-0.0013760810937872,1.1658636240726796,-0.0177910918686678,0.334403116955156,-0.7888672071904222
2014-09-04,CCI,79.94,80.65,79.8,80.24,1145935,0.1772036583940401,0.1839154517477693,0.3548859374333748,1.3717302070302453,0.4241866469446361,0.0048432613177704,-0.6700754810582037,-1.1499295578355042,0.6600432179871979,-0.7631231794211778,-0.0013825711532898,1.160116422244451,0.3110770568076338,0.2572152923795883,-0.7084758136205944
2014-09-05,CCI,80.17,80.76,79.93,80.64,1267584,0.2773630671107083,0.2831108550437917,0.4194380494908891,1.3853153767164734,0.4323644324946976,0.0238933405096967,-0.7199372936474353,-1.1677449055000244,0.607113912612136,-0.5409103875771958,-0.001405628988376,1.3523221609345175,0.1767989301144105,0.4166089702308564,-0.7335248763061691
2014-09-08,CCI,80.71,81.0,80.19,80.53,790990,-0.1179214414252586,-0.109296583560095,0.3305340677114362,1.2413042478413434,0.4278877042977916,0.0065609033211291,-0.7360946519180757,-1.2077924342855542,0.4205161215367133,-1.049257072483639,-0.0011347040455326,1.0532614647619718,0.2769844677161042,-0.1948126644574229,-0.7530512551624055
2014-09-09,CCI,80.33,80.33,79.1845,79.7,1320049,-0.6746720783654966,-0.6662474842715155,0.0232232970303677,0.6528397991230548,0.3855343518962278,-0.1047988251010013,-0.7773433959120376,-1.1209264542653026,0.1969957334605528,-0.342150971323047,-0.0010692160853902,0.3652139146180164,-0.1184031598738609,-0.6188426886747864,-0.3934951132078851
2014-09-10,CCI,79.45,80.0,79.07,79.92,1643741,0.1388580127787508,0.1458967649414131,0.0560665945840968,0.6572519117350113,0.3548407309247612,-0.1638746598554263,-0.846263494829497,-1.1328177062415008,0.2872149858394671,0.1007830856608388,-0.0014460335075601,0.5475879640537632,-0.6752990380207597,0.4206228956579367,-0.6215166029971906
2014-09-11,CCI,79.83,80.53,79.55,80.45,1896346,0.3798763277471856,0.3844731572770984,0.1844627583506312,0.1553941571825361,0.3456932233487703,-0.1556760026870643,-0.9058573313071407,-1.1176810451530954,0.3621088667887805,0.4549700441682987,-0.0014958236749137,0.9321804713008852,0.1384432811556676,0.5604566772487695,-0.576108957402656
2014-09-12,CCI,80.25,80.3,78.42,78.79,3436478,-1.3176242872734554,-1.3157269396785556,-0.3746381385961032,-0.5964105404565694,0.2683241970142063,-0.3247180918297442,-0.948462009809427,-0.8802044545623059,-0.037723823366454,2.166070772402676,-0.0007379930625305,-0.6091997946640677,0.3795244712940093,-1.400841240378408,0.3972636783494253
2014-09-15,CCI,78.85,79.04,78.02,78.39,1151481,-0.3490668007548545,-0.3399171895463082,-0.5054495265572373,-0.8382000063805407,0.1874099490873527,-0.4690771024928157,-0.9438484512602124,-0.8760983730213979,-0.1805799125765429,-0.5770290590707325,-0.0010996140489658,-0.9806167262218938,-1.318418975797715,-0.4670752214166235,-0.5069039932630854
2014-09-16,CCI,78.2,79.26,78.09,79.22,1553504,0.626197363298857,0.6273524017428335,-0.2429711040170838,-0.3572201748058632,0.1524959795494562,-0.4661603863271916,-0.9726293193423792,-0.8279116836721271,-0.0384343014554546,-0.0490158791653264,-0.001426297149095,-0.2099265932394171,-0.3496088187858472,0.9591415164558778,-0.3604629387103528
2014-09-17,CCI,79.14,80.04,78.92,79.72,3432712,0.359947894707568,0.3647814581850698,-0.100868013416432,-0.1889912872378273,0.1411806401673622,-0.4030845456149951,-1.0257460794782485,-0.8182669110990837,0.0912342876538593,2.053017204132271,-0.0016771125012814,0.2543445712078586,0.6259097653521929,0.5273861960884466,-0.4204538247255682
2014-09-18,CCI,80.1,80.65,79.54,80.18,3052675,0.3262450162727664,0.3314646847777441,0.0236850036323303,-0.0056402329725386,0.146926920439991,-0.3087075577631993,-1.0649706414092288,-0.8095573104051412,0.1372853127300976,1.381867457667706,-0.0017007081896407,0.5281710808161012,0.3595908394643598,0.0491409124767203,-0.4375654339058443
2014-09-19,CCI,80.49,80.73,79.68,79.74,2889966,-0.3746465356854617,-0.3654917229194456,-0.1168494333881517,-0.0936784849142722,0.1309586618912281,-0.2890988166005938,-1.0674549516353238,-0.9427234339261316,-0.215208235647479,1.342115707214773,-0.0007234246567988,0.0373523303212236,0.3258791688586885,-0.7303026220479448,-0.493908521702905
2014-09-22,CCI,79.42,79.63,78.52,78.58,1702521,-0.93868106309623,-0.9321128215540768,-0.4840854168608853,-0.5282747250741817,0.0701464265051219,-0.3888394480780234,-1.024192581910543,-0.8649575178233367,-0.3337816120997176,-0.0229919345677695,-0.000985009181809,-1.256624375528869,-0.3751952267785415,-0.8254036767019293,-0.4140732788907666
2014-09-23,CCI,78.59,79.868,78.44,79.38,2296804,0.6008348299294975,0.602388207101343,-0.217643228617166,-0.3908938648609655,0.0511510194326512,-0.3609961570412797,-1.0215928604096989,-0.8166615821831531,-0.2007044373109281,0.6146966969171235,-0.0015608226914966,-0.3642266473563919,-0.9393768955663,0.733142798639877,-0.0920703475157994
2014-09-24,CCI,79.34,79.98,79.16,79.75,2328160,0.2571963715927235,0.2631510316336909,-0.0987328008504715,-0.3547479247933829,0.0484044892410508,-0.2968971948386884,-1.0218984959270494,-0.8073670795383876,-0.1342536379961252,0.5869652737498874,-0.0016069119504307,0.0485073019233854,0.6005406155827682,0.3641073452355521,-0.7344022112565943
2014-09-25,CCI,79.37,79.62,78.39,78.95,3847086,-0.6575280806549896,-0.6490223498565266,-0.3496523301548866,-0.7355808455061676,0.0128985141197075,-0.3299402723845334,-1.0048985249130298,-0.7677602492832556,-0.3093314796817889,2.0498250141675527,-0.0005499877530357,-0.8438904262490918,0.256812511251841,-0.4261118106177012,-0.2929165928775878
2014-09-26,CCI,79.25,79.93,78.88,79.8,1872547,0.6372931510431811,0.6382707571703239,-0.0703853326215263,-0.4073545791821981,0.0163277036620768,-0.2561562908306924,-1.004504335734164,-0.7189558117341541,-0.1582690816762944,-0.1008608964707154,-0.001512536780719,0.1042821599341623,-0.6581505679042072,0.4980176048332047,-0.4947336460452819
2014-09-29,CCI,79.32,79.94,79.08,79.81,1251679,-0.0251942839666546,-0.0170208173117754,-0.0720419103016366,-0.1530992641759296,0.0175405807868811,-0.2028338555974662,-1.0045374289894924,-0.7229354609968448,-0.1120629784450791,-0.7538387280245161,-0.0014424960858429,0.115437131536324,0.6370084476879083,0.4404052687196715,-0.6932768001300829
2014-09-30,CCI,79.87,80.79,79.76,80.53,2462755,0.5286602280794466,0.5312920384899471,0.1485197539924208,-0.0003963901359941,0.0446272734871526,-0.0935771515274133,-0.9833530826206254,-0.6938609363286095,0.0171898366361867,0.4142609396149113,-0.0016662956778172,0.9185950868915552,-0.0256518124038838,0.5980001914254826,-0.5253722659985612
2014-10-01,CCI,80.77,80.84,79.505,79.98,2787464,-0.4582030544042114,-0.4491049369419133,-0.032728178026198,-0.3339977937366375,0.0422647345640385,-0.0819736035127735,-0.983195533351606,-0.6842183658150299,-0.1656404423328091,0.6301191799897484,-0.0006769171316356,0.3050716487729781,0.5283471853281004,-0.7652779260777093,-0.2002255366140785
2014-10-02,CCI,80.05,80.55,79.36,80.5,2273447,0.3717823952986389,0.3764761295521123,0.134154715309526,0.4101001576931872,0.0584869919762151,-0.0248538192641418,-0.9729736841108274,-0.6726136122570661,-0.1198884293393835,0.0801089879857161,-0.0016260215659617,0.8851301720850859,-0.4587735431366613,0.3983967948319952,-0.3593285889605367
2014-10-03,CCI,80.73,81.46,80.41,81.21,3001198,0.5161121137680604,0.5189230834792781,0.3583237532767315,0.7638611006500002,0.0964774735550635,0.0768730424081728,-0.9338795288398828,-0.6533310716287608,-0.0636657738019833,0.6520711597844945,-0.0018298121203455,1.2012957916229374,0.3714284273570556,0.4228951037598563,-0.5137730778143441
2014-10-06,CCI,81.48,81.67,81.0,81.25,1995137,-0.0023308355656314,0.005710214278309,0.3594236365765846,0.5652596419669695,0.1250221123440703,0.1339410950115215,-0.8907117168689256,-0.6545589634587496,-0.0361679263277328,-0.2985038859642444,-0.0017377220229315,1.0603701917200503,0.5157957975525402,-0.2395825128932376,-0.9040823514483576
2014-10-07,CCI,81.1,81.44,80.66,80.69,2280469,-0.4620975938111368,-0.4530048743121896,0.1587742488500691,0.1687079040256492,0.1224965870422633,0.0996214695853666,-0.8719189433314403,-0.6784651114214779,0.0149532136893499,-0.0894810052801245,-0.0005540736264504,0.5503587777562691,-0.0027823995465782,-0.4082676225659718,-0.7856990354954754
2014-10-08,CCI,81.0,81.67,80.49,81.5,3698213,0.5919762010163201,0.5936663376700456,0.3985523082059667,0.2773467965735922,0.1489598941262692,0.146782524773929,-0.809753991106122,-0.6476535472671551,0.122872752977044,0.9934223424141828,-0.0021374484495844,1.288053858668166,-0.4626690985237497,0.440052493345835,-0.3846709680882893
2014-10-09,CCI,81.58,81.755,79.98,80.52,4145567,-0.7816202976358372,-0.7738101772133725,0.0755714961660889,0.0698148913393351,0.1281899046151804,0.0629336765920331,-0.8079860300615264,-0.6028760951063411,-0.1546980999144423,1.2120404606311406,0.0002374640555136,0.3437183241496522,0.5916796756925261,-1.0079896603189076,0.2458597202174403
2014-10-10,CCI,80.55,80.96,79.25,79.33,2346308,-0.9531036513888638,-0.9466697590787012,-0.3239935573917932,0.0590229217068758,0.0624799680917268,-0.1198200519394133,-0.8301907744561255,-0.6814966422310171,-0.0668203087698094,-0.1613567468408762,-0.0006963539058648,-0.7153917239243937,-0.782275157193474,-1.170614228021244,0.2051322862638072
2014-10-13,CCI,79.37,79.73,78.44,78.47,2057437,-0.7079224548603125,-0.699668889409483,-0.6075904847171377,-0.4879023251485729,-0.0248511434513111,-0.3216755670647715,-0.8359919090669494,-0.6455219933416593,-0.1524887629356385,-0.4223421167532865,-0.0008424218665851,-1.5366400337548916,-0.9538032463227512,-0.8830206789183931,-0.2212498788371271
2014-10-14,CCI,79.76,82.03,79.75,80.8,4050905,1.815624160487076,1.7869357876540797,0.1310499819696145,0.0940580487526779,-0.0040129404550632,-0.2047340256340681,-0.8355117766976884,-0.3911168815200588,0.1254383272244905,1.0008069359370886,-0.0019314920499532,0.3195976282768751,-0.7085580886409085,0.9588120420100998,0.7603736115790217
2014-10-15,CCI,80.18,80.78,77.88,79.54,5851052,-1.003851578301803,-0.9979176373512888,-0.2792020873612572,-0.0363678286482554,-0.038340779956982,-0.2531772362175898,-0.8320334743264344,-0.3226075347554947,-0.2006377489263831,2.164676454266865,8.057586626081126e-05,-0.5516301702726034,1.8156468518724689,-0.629373952983568,1.4472540678255867
2014-10-16,CCI,78.76,79.63,78.285,79.25,2425654,-0.2599866248292715,-0.2509374852817488,-0.3591998071711893,-0.3386242365678997,-0.077758758072803,-0.3050337338518135,-0.8191627298252635,-0.3301626818806163,-0.3378248051887597,-0.2796641583316243,-0.0008712390421836,-0.7839223740938909,-1.0045644119994228,0.443723758041161,-0.1768954370061104
2014-10-17,CCI,79.79,81.13,79.74,80.84,2202726,1.216092658812522,1.205161407306598,0.1443325953398668,0.0555535206856999,-0.0475701181905822,-0.1673526954833808,-0.8053422084337156,-0.2242879333546348,0.0351215512925792,-0.4217679583919158,-0.0015402175890756,0.4896797089262463,-0.2605054042478898,0.9679104753202784,-0.1583229802145672
2014-10-20,CCI,80.58,82.51,80.45,82.46,1966682,1.2146291517490988,1.2037345375055395,0.6101866607021558,0.2382490574930305,0.0379768051776878,0.0852834039329051,-0.741875054799294,-0.2026999286095236,0.5576924589300525,-0.6025703495541832,-0.0015402307174237,1.4069804634515986,1.215958948618901,1.7363709162797205,0.4906815565008662
2014-10-21,CCI,83.11,84.92,82.94,84.52,7060110,1.5223223809971935,1.5030040516933385,1.195794499150486,0.7136197763434377,0.18303984801158,0.440585750423347,-0.4611748809741062,-0.086347512169671,0.7835039588821142,2.71960146602829,-0.0024390197665809,1.254004801201833,1.2144950597660056,1.255454801284285,0.361053066667706
2014-10-22,CCI,84.53,84.9,83.52,83.57,3538254,-0.7327728488213362,-0.7246588903531681,0.8214921775935131,0.4041546159062787,0.2559687178433759,0.5391555080703394,-0.3475719859815537,-0.0367563980588886,0.5360041682816165,0.2959467679040466,-0.0001889185937996,0.8054291675980864,1.5222685578686506,-0.8843517307203473,-0.2151077246664233
2014-10-23,CCI,83.95,84.65,83.39,84.29,4482371,0.5033900643908851,0.5063801537666681,0.965269335582509,0.4056967278978403,0.3365260243504825,0.637646778869581,-0.2414318677993402,-0.070888594249137,0.8258881475377704,0.8898787203609629,-0.0022102883229246,1.1454022793819834,-0.7334149653986557,0.2796704289495726,-0.3455120280667374
2014-10-24,CCI,84.31,84.9383,84.09,84.75,1587267,0.3067678346247268,0.3122024594549467,1.030652977564505,0.4686892489816084,0.412026139616836,0.703422672312877,-0.1080591679671845,-0.0842048716881158,0.7435308211616307,-1.0003993882398874,-0.0017687366389562,1.3541968622901597,0.5030704293362291,0.3679757688062571,-0.7571286079197633
2014-10-27,CCI,84.82,84.82,83.97,84.41,2052553,-0.2827628011580912,-0.2736758081317049,0.8436672300767076,0.519976419386922,0.4515779611976521,0.6635130979569853,-0.0337466874686826,-0.0736899305234182,0.6790100542260591,-0.7117767046642457,-0.0004034003942898,1.1940702421790197,0.3063969061399195,-0.3915161725923062,-0.7520900359644271
2014-10-28,CCI,84.91,84.97,83.2,83.54,3509761,-0.6746794054940971,-0.6662548471014776,0.5135453727054496,0.1982944058431452,0.4418936515587708,0.5048524842938267,-0.0034840746973588,-0.0436694125992138,0.3814677174944405,0.1965171620599194,-0.0001407816306626,0.7724161854026548,-0.283287522266065,-1.24532427279363,0.1744568135901461
2014-10-29,CCI,83.54,84.28,82.44,82.5,3540915,-0.8080542067879003,-0.8004247883787169,0.1379886398922563,0.1854560445003561,0.3871301752787981,0.2618909944496397,-0.0258098492140208,-0.0115505619759719,0.2952650456136848,0.189820600966847,-0.0004469546879252,0.2848070459188448,-0.6753063670608103,-0.9668702564673496,0.2674298084341053
2014-10-30,CCI,79.21,80.63,78.88,80.51,4824778,-1.5347353718052867,-1.5365898826833584,-0.5014608408503208,0.0232652687249595,0.2607105721586283,-0.1169198343797228,-0.0260610487526728,0.1302391412443213,-0.1656525336236353,0.8832580173989375,-0.0004000461905633,-0.6482142882857451,-0.8087159622386124,1.213644574112098,0.2202088738530193
2014-10-31,CCI,81.49,82.39,76.16,78.12,27304794,-1.8811727865817256,-1.89065374921946,-1.221698456614673,-0.2465704653948377,0.0640279548383278,-0.6008242864435938,0.0949419817412744,0.2937314186032181,-0.7262928345998535,10.094684965081012,0.0024154337715258,-1.141757289972955,-1.5355866987486242,-3.1507430570612898,5.055034936271645
2014-11-03,CCI,78.71,79.82,78.28,78.99,5068443,0.6603538369247764,0.6609565234267327,-0.9064012954403444,-0.5131858119853152,-0.0586253806671796,-0.7973977510890168,0.1543674569033512,0.3268728298677992,-0.575988973238404,0.135378728928462,-0.0015356372237515,-0.8134896466613842,-1.882114489691368,0.2424485342036125,0.0335010552082315
2014-11-04,CCI,78.95,79.17,77.69,78.16,4831079,-0.6871822833836408,-0.6788199207502891,-1.134719390270826,-0.4428017833129255,-0.188022934407799,-0.9720160244434116,0.2441976416948174,0.3379749995489519,-0.6279673485405002,-0.0215821570690987,-0.0009305507878752,-1.1266645247632303,0.6600751494797185,-0.7823128811493639,-0.0132216524981701
2014-11-05,CCI,79.15,79.41,78.27,79.34,8780717,0.9069282692349344,0.9030039983970448,-0.7197410902091048,-0.1733096318739191,-0.2430264658789952,-0.920221710469902,0.2772994577252647,0.3671638954959593,-0.5567155627142873,1.4481735233566029,-0.0017527073993737,-0.6814279510762651,-0.6878125066135671,0.1550459151023089,-0.3938373915383437
2014-11-06,CCI,79.43,80.04,79.35,79.86,4319705,0.375047560417682,0.379702326727281,-0.5411627355961087,-0.3712817308121847,-0.2647959695749304,-0.7932424439085741,0.2891089516442323,0.3518374491214711,-0.2878585031418916,-0.3290674603239722,-0.0015500901734631,-0.4852220033498083,0.90671390640076,0.3826884550499923,-0.8712488562065247
2014-11-07,CCI,79.8,80.0,79.06,79.8,2793089,-0.0797714280994708,-0.0713156305434207,-0.5680341880381323,-0.7378321425613402,-0.2828454691248532,-0.6820838040261163,0.275739715954601,0.3057038317681456,-0.0804647440703648,-0.9400638334393312,-0.0010192036174233,-0.5078611511644007,0.3746944442695056,-0.0263165508545973,-0.6096145294874294
2014-11-10,CCI,79.21,80.01,78.95,79.91,3299342,0.0528233068836786,0.06051060139967,-0.5553636567698322,-1.2906088523986354,-0.2911605305479616,-0.5681006159563364,0.2235827708138374,0.2772269370289015,0.1020353646290472,-0.7555837260097247,-0.0014870471797665,-0.4663560468376499,-0.0802431942398008,0.6413548241274661,-0.4858138154461793
2014-11-11,CCI,80.089,80.09,79.4,79.61,2158616,-0.2667266305823375,-0.2576654194246993,-0.6334180942193606,-1.1879449564982525,-0.307706061552257,-0.4980991525181208,0.2460866063082529,0.0851953765132585,-0.3837763795003107,-1.1854209854786046,-0.001067415902292,-0.5795517859106055,0.052386131129112,-0.478180166230805,-0.8689875980703842
2014-11-12,CCI,79.21,80.63,78.88,80.51,4824778,0.6708380701089712,0.671267556589095,-0.3580505644138213,-1.1280659307921643,-0.2838228531371372,-0.3380351024671679,0.2247944050802084,0.0573500308537834,0.011627312705915,-0.105098849296543,-0.0016112336587013,-0.2399645686917334,-0.2672471682864495,1.213644574112098,0.2202088738530193
2014-11-13,CCI,80.57,81.2399,80.14,80.21,3152881,-0.2649847556286991,-0.2559265941814083,-0.4702584649787233,-1.3322986344407652,-0.2752254397087523,-0.2493292355831816,0.1976531687559776,0.0575186694070253,0.0104295176386324,-0.7861489074379201,-0.0009650114185412,-0.3531603077646943,0.6705621177172344,-0.363894342312574,-0.4484911966610124
2014-11-14,CCI,80.17,80.45,79.92,80.39,1615621,0.1067177925017821,0.1140125987280283,-0.4049621533858259,-1.2153832616830211,-0.2600266287198532,-0.1613726583957483,0.203469599390583,-0.0376730173617198,-0.2492303797382708,-1.395796196725312,-0.0013720649301927,-0.2852428643209178,-0.2655048389246733,0.181010288802423,-1.0418692968620114
2014-11-17,CCI,80.05,80.3,79.86,80.12,1537768,-0.2420975497641783,-0.233083994640475,-0.4548525016200684,-1.110080693429756,-0.2573371984145651,-0.1232063271812405,0.2027454938782242,-0.1482337686201878,-0.5842429680601492,-1.4244028736296432,-0.0011135667334481,-0.3871190294865774,0.1062946763631444,0.0397499695855458,-1.1336357044386969
2014-11-18,CCI,80.19,80.73,79.34,80.52,1640470,0.277827908513835,0.2835708521975603,-0.2611632223022205,-0.7553883191291766,-0.2384114344068762,-0.0508812187618928,0.0989136158524383,-0.3388834179219584,-0.8625337182098167,-1.3452307125723275,-0.0013743501575575,-0.2361913773893049,-0.2426116624061895,0.2845961452790226,-0.1526279939577591
2014-11-19,CCI,80.42,81.0,80.27,80.77,1960987,0.1603038746661887,0.1671626430762633,-0.1347529936485854,-0.0994975619354472,-0.2128166443486135,0.0241448262230449,0.0314238995134968,-0.3568374159420883,-0.65954753307237,-1.1945321375987197,-0.0014079062890922,-0.1418615948285078,0.2774494303838004,0.3024962420596539,-0.8380884491747288
2014-11-20,CCI,80.97,81.33,80.6,80.98,3473754,0.1288733128316999,0.1359933688426392,-0.0125872226224805,1.1318126586042383,-0.1838447977316474,0.0928581476583682,-0.0972211162549369,-0.3841524930052966,-0.7442058488196102,-0.5225981699276979,-0.0015538663157596,-0.0626245774774351,0.159894737689347,-0.0169857141051212,-0.8400417641174419
2014-11-21,CCI,81.76,81.85,81.21,81.7,2810846,0.5205454116158212,0.523293365929569,0.2720851240790245,1.092672894805982,-0.1327146345914283,0.2048639300905866,-0.2851803269753445,-0.3650711031476866,-0.6960194397534416,-0.8290883138945421,-0.0015262803736405,0.2090451962976604,0.1284559764700277,-0.0817606201993671,-0.9384701662329832
2014-11-24,CCI,81.91,82.36,81.73,82.17,5980926,0.3251591298287435,0.3303909402370077,0.4626503742343631,1.823802460134388,-0.0745334303001109,0.3126178145783277,-0.4587726910936774,-0.350835618420954,-0.5572159725902855,0.4370982951614252,-0.0019147618433692,0.3863851875119587,0.5202302519279925,0.2135011043977845,-0.9523468833352058
2014-11-25,CCI,82.17,82.56,81.77,82.38,2859953,0.126115407291504,0.1332576412829265,0.5506343918318575,1.63898478600293,-0.0216067943443969,0.3852957537280498,-0.552432658168777,-0.373741195552385,-0.3714079700776679,-0.8497432107819602,-0.0016667562062436,0.6650530229883599,0.3247929991362157,0.1667694280147982,-0.7921095407794595
2014-11-26,CCI,82.56,82.84,82.14,82.51,2255818,0.0652504351567916,0.0728513303722962,0.5929413419840049,1.5422688737371462,0.0234872913570408,0.4232772555276594,-0.5517238724017957,-0.4188467356095971,-0.1656967618924653,-1.0893865577060236,-0.0016375028778196,1.2786602031874943,0.1256973514667509,-0.0720722346969337,-0.8842750380940092
2014-11-28,CCI,82.46,83.58,82.46,83.09,1355033,0.4046437793840651,0.4089376661487655,0.7389158329868163,1.738182660962074,0.0794390808829793,0.481609999700418,-0.4410053817479427,-0.6178553312727714,0.303163936603344,-1.4490445642498608,-0.0015191848337143,1.2233573299089502,0.0648165013044088,0.5509042186226869,-0.4679424773173046
2014-12-01,CCI,82.81,83.19,82.15,82.25,3145147,-0.6623949057163516,-0.6539117208746951,0.3962195571087433,1.0079872886815449,0.0880118618989249,0.4063234427453059,-0.4899232586957583,-0.988516880152262,0.6089624961492147,-0.1709588735426027,-0.0005299820154433,0.6922571147058724,0.4042983840901996,-0.5372331030809396,-0.537530663745408
2014-12-02,CCI,80.71,81.21,79.59,80.06,5064198,-1.690687254260049,-1.6957243580274777,-0.3336016154200329,-0.0156731223988219,0.0068420116336322,0.1150982091481781,-0.5293714384439143,-0.6748038303251234,0.0314673215192399,0.9722284168733548,-0.0003296001226934,-0.5437288898780077,-0.6630186625888038,-0.6347747388648178,0.0950637085602384
2014-12-03,CCI,80.12,80.41,79.64,79.9,1951128,-0.1574188009804113,-0.1486434746155966,-0.4135977401855273,-0.4490939456141618,-0.0647325238431595,-0.0931838026435753,-0.6311595383041749,-0.722709401696267,0.1594754065040237,-0.8305435394164015,-0.0009780003000159,-0.8608854771457858,-1.6915792648381878,-0.2337727757086079,-0.7881641788012941
2014-12-04,CCI,79.98,80.14,79.73,79.95,1821207,0.0059639303516598,0.0139548773739575,-0.4071557006744256,-0.3040162554943397,-0.1198032003328251,-0.2173287631516977,-0.6572364949773629,-0.8079261061327191,-0.0545604485005231,-0.7754751521000429,-0.001468276230754,-1.12452103098078,-0.1579108232235332,-0.0546555550408212,-1.1639348761662551
2014-12-05,CCI,79.93,80.08,79.05,79.27,3137970,-0.562520314459254,-0.5536517089297235,-0.6185417251562034,-0.6498820496030033,-0.1897181242261675,-0.354853568837252,-0.630319980844602,-0.7948176339651526,-0.2759801329813521,0.1873043893875142,-0.0008196688721086,-1.6054664449086349,0.0055145302511485,-0.65016464551131,-0.5084289197746752
2014-12-08,CCI,79.54,80.06,78.97,79.15,2230187,-0.1272431037282324,-0.1185804802308132,-0.6471736014712225,-0.5966969274939161,-0.2486784105653588,-0.4366763649011814,-0.6002544757125063,-0.794313352499158,-0.2871042327569968,-0.4423917716853856,-0.0009818179400136,-1.6903391650135426,-0.5631180167478649,-0.3967615623278607,-0.4436102344681301
2014-12-09,CCI,78.61,79.27,78.21,78.97,2613681,-0.1745809672430427,-0.1657480560413884,-0.6907212394661495,-0.8615882892271869,-0.3007185195672333,-0.4843221844142615,-0.5585580370258137,-0.7943762718989624,-0.3402382630308548,-0.143792022513755,-0.0009632287338932,-1.4108413386096992,-0.127727253946807,0.3196781401232575,-0.4726546477022335
2014-12-10,CCI,78.21,78.43,77.24,77.46,2967117,-1.2234435120000802,-1.2201631050504376,-1.14806831008929,-1.4004960245658729,-0.3984902748250974,-0.640151310234948,-0.4172983695537015,-0.6645263182776698,-0.5641115617519632,0.0822679094535127,-0.0009544631857202,-1.765952637262645,-0.1750774666318947,-0.7508254227424959,-0.3109776241180886
2014-12-11,CCI,77.49,77.56,76.6,76.82,3434470,-0.5473924282710398,-0.5384795913157985,-1.2990554344211152,-1.6343993789140554,-0.497128253452674,-0.7670442549334349,-0.2340162029183217,-0.7153789482185081,-0.840602868513971,0.4794247409427414,-0.0009404540502093,-1.7765291551296445,-1.2242136313033325,-0.6795582085848215,-0.549834379825665
2014-12-12,CCI,76.57,76.79,75.8,75.85,4770109,-0.8191233064417159,-0.8115729554912313,-1.54830295331745,-2.163388938238858,-0.6081601715748228,-0.9004603975943534,-0.0055850988370673,-0.6760529975286506,-0.9657983049050468,1.3607500468719806,-0.0008641392873003,-1.8599391506902097,-0.5479861841026582,-0.7367421132881661,-0.5035526315842885
2014-12-15,CCI,76.14,76.38,75.3,75.72,3566120,-0.1397006557717373,-0.1309897356085989,-1.5185103041860435,-2.45410890041981,-0.6949551281744599,-0.9448077899941104,0.1859418232124139,-0.6855786568189584,-1.0206450831952698,0.4165619703148537,-0.0009936629982403,-1.7126848811764372,-0.8197879495216174,-0.4430718669486025,-0.4026270164018046
2014-12-16,CCI,75.59,76.8,74.88,75.47,2600861,-0.23854952132223,-0.2295436355185635,-1.5283467553122123,-2.604137766910166,-0.7664407520379563,-0.9408797449953626,0.3610236944197367,-0.685595566530506,-1.019854074778813,-0.2815030610934336,-0.0010760306344388,-1.655869784434541,-0.1401880558292358,-0.1462558843544882,0.5289152632652349
2014-12-17,CCI,75.0,75.85,74.45,75.11,4307564,-0.3299735639141405,-0.3208347180005713,-1.5626944398049714,-2.7067078157305264,-0.8293970181206062,-0.9157828888980786,0.5252947862373388,-0.7108625672935419,-1.1542408952446876,0.7502407787024022,-0.0009822951924197,-1.641000505434489,-0.2390627083794318,0.0844927340474247,-0.037906206889451
2014-12-18,CCI,75.62,76.95,75.51,76.53,5420953,1.14402982897574,1.134863507586359,-1.0261976103835937,-2.2235641022742247,-0.8156985913291194,-0.6983975441432682,0.5780539734903164,-0.5465543439547543,-0.9384435209368832,1.2875205872550854,-0.0015423189588937,-1.123986509468624,-0.330510601035236,0.8828625617614763,-0.0231697474215081
2014-12-19,CCI,76.93,77.5,76.5,77.3,5889540,0.5934078361316997,0.5950759544430269,-0.7117016546239694,-1.735621570504237,-0.7673888130554414,-0.4354002454453591,0.5848341128383155,-0.5017444154403541,-0.8348825094497577,1.4472656268812036,-0.0016076107987817,-0.8436338496843183,1.1438773195358023,0.3370548323427663,-0.5131756554418023
2014-12-22,CCI,77.5,78.67,77.26,78.29,3305083,0.764357865403586,0.7631665088716153,-0.3270123304959313,-0.8226660843223507,-0.6839528485192965,-0.1345882077312236,0.5365112269674978,-0.4678771999910828,-0.7804651242237756,-0.0989774374354263,-0.0014784843461626,-0.4831804299616347,0.5931116842828473,0.7438242269102002,-0.090358112165073
2014-12-23,CCI,78.69,79.48,78.42,79.18,2431241,0.6747527546713161,0.6751171301507344,0.0189756426791382,-0.4257562802768237,-0.5778379182135813,0.1644366899212886,0.4518508715314377,-0.4297239973002372,-0.7018907632681588,-0.5352972073425655,-0.0014322493552917,-0.1591364465745786,0.7641063098010291,0.4441418902259848,-0.4756215653881407
2014-12-24,CCI,79.28,79.64,79.01,79.05,753983,-0.13521307860128,-0.1265192697263575,0.031458252751171,-0.4823284467551697,-0.4948491303567726,0.3441303154874576,0.3406239963804697,-0.4360571674852281,-0.7611430081745575,-1.5606367152180345,-0.0011796192209017,-0.2064687138108935,0.6744778235150692,-0.2455005895391132,-0.9271272972138176
2014-12-26,CCI,79.11,79.36,78.98,79.05,735858,-0.0329960430517004,-0.0247793014886723,0.0896887235921941,-0.2665283609815917,-0.4258669289167139,0.4518325036216744,0.200837872320432,-0.4389286922648057,-0.7833472846232833,-1.5605974933465947,-0.0012427088046935,-0.2064687138108935,-0.1356993079710775,-0.0836178668655742,-1.19069737652732
2014-12-29,CCI,78.91,79.68,78.74,79.06,1233519,-0.0251202634819811,-0.0169472120603963,0.161192024490803,-0.2211339287170622,-0.3682555993640391,0.5087258256361062,-0.0223886246081264,-0.4650582209531372,-0.8797984632393137,-1.231913185008772,-0.0013436294067216,-0.127930143646644,-0.0334556067571959,0.1172998193655386,-0.6004257496743441
2014-12-30,CCI,79.14,79.17,78.44,78.92,1369530,-0.1432430105422301,-0.1345188112257448,0.1707021213179644,-0.2069353116121448,-0.3260456819356537,0.5145975135691151,-0.2124550398041827,-0.4855192024761989,-0.7620813253490261,-1.1154781223956196,-0.0011264321462522,0.3167876692426947,-0.0255777726092647,-0.2363417307295446,-0.8204315107734129
2014-12-31,CCI,79.19,79.4497,78.56,78.7,1548852,-0.2065486057694786,-0.1976210358125577,0.119802664603047,0.3389779201041132,-0.2994959933022103,0.478985704582155,-0.259421750856657,-0.7148928038053901,-0.4169611783531794,-0.9280399500514892,-0.0011164952357456,0.489128680208549,-0.1437313347044303,-0.4938045509635751,-0.6491591915879822
2015-01-02,CCI,78.86,79.93,78.72,79.51,2135754,0.6077791840620105,0.6092244953695631,0.3990859936274349,0.9288986532540892,-0.2454439279459106,0.5212869016343848,-0.2771234173607715,-0.6702138487251897,-0.239163486786123,-0.5101358287313782,-0.0014091775039725,1.0748235028802753,-0.2070534446519667,0.5964156372547859,-0.3230250732188501
2015-01-05,CCI,79.09,79.32,78.75,79.0,2962859,-0.4323369954385079,-0.4232092584615604,0.2436223908511359,1.210886198000282,-0.221817810351355,0.476811993508424,-0.3162300485504173,-0.6567399415709387,-0.3419887951465609,0.0416486372279665,-0.0009970363722423,0.8052027201435273,0.6074867813097486,-0.112290260102828,-0.9900037746156208
2015-01-06,CCI,79.26,79.92,78.57,78.85,4014364,-0.1512075066566036,-0.1424541856124036,0.2002587009407764,1.1978146602935054,-0.2082923615338612,0.4152331194546251,-0.3294547389160476,-0.6810490164097107,-0.2452913914651481,0.7394265074557129,-0.0009369174661277,0.7258984205876375,-0.4329007364146618,-0.4171345159794212,-0.1644353776601809
2015-01-07,CCI,79.35,80.67,79.07,80.5,4292615,1.2698037270517255,1.257505143936262,0.7326838487289853,1.652056697281824,-0.1328018383244216,0.5254670549915395,-0.2606115691023825,-0.5282740498316997,0.0830201046113165,0.8306554853062497,-0.0015372428531777,1.3520249159605342,-0.1516979085407665,1.0686368572681626,0.0651403827458227
2015-01-08,CCI,80.92,82.3225,80.7,81.77,5096563,0.9492115050625108,0.9444160626575306,1.110855215080332,2.001084898372885,-0.0244081814253533,0.6983463031233884,-0.1003152188091215,-0.4629811022750048,0.3532567295495483,1.2342113610986487,-0.0016339236960029,1.2095843349890745,1.2696840286253923,0.7672946378057971,0.0623454664426764
2015-01-09,CCI,81.95,82.12,81.45,81.62,1933818,-0.1472030336935781,-0.138464227654309,0.9876114562693242,1.7612324843511198,0.0532808992811374,0.7576166510766386,0.0196165127252906,-0.6147406279430124,0.6212662209080502,-0.7794731329716575,-0.0010699094439123,1.1462464841645148,0.9490081727827456,-0.3305519273397101,-0.9071977566417552
2015-01-12,CCI,81.92,82.11,81.3,81.52,2512460,-0.1092739620649142,-0.1006853829491717,0.8723668610514023,1.5822117249487968,0.1079736991149118,0.7458408983449943,0.0874692327407188,-0.6544306960432046,0.7310752858533907,-0.3761448961368401,-0.0010313631244224,1.104021250281469,-0.1476923909188819,-0.3952217518334603,-0.7632314553035023
2015-01-13,CCI,82.1,82.22,79.99,81.33,4030682,-0.1781018713727228,-0.1692577305646296,0.7144235035665396,1.2510541723891315,0.1405245480074814,0.679427295602184,0.0711474428795278,-0.7411703063106367,0.8935947887249115,0.6647406737152375,-0.0009276447721981,1.02379330590369,-0.1097534246196682,-0.7349021120429243,0.6938121627466408
2015-01-14,CCI,80.94,81.8,80.48,81.65,4040079,0.2119636520121787,0.2183588993483019,0.7190918918925644,1.0990847732205349,0.1751994026780662,0.6317635677166046,0.0301695160562882,-0.7529927623824397,0.9826978871038105,0.6498254183373181,-0.0015263114076765,1.158914054329428,-0.1785992892703835,0.636418406693393,-0.2439885145463466
2015-01-15,CCI,81.86,82.21,81.55,81.63,2610493,-0.0482460216184112,-0.0399474992354383,0.6074582129545967,1.1831629925164473,0.1979147840778559,0.5628491070868454,-0.0715022375534746,-0.7673072190440599,1.0312661936948042,-0.3037445835307252,-0.0010386018591799,1.1504690075528152,0.2115679916762238,-0.2385925169785701,-0.917491151866478
2015-01-16,CCI,81.72,82.75,81.68,82.63,4539157,0.7296897035926442,0.7291151078663642,0.8092458270414077,1.4238746932058648,0.2506866190101302,0.58508233256537,-0.2081282998865638,-0.7765470831314053,1.302937807016196,0.970628743288663,-0.001573299335117,1.3877818206330637,-0.0487095636315037,0.8149967689695277,-0.5121187752823877
2015-01-20,CCI,82.88,83.07,81.7,82.01,3330770,-0.5001385245852575,-0.4911114547783091,0.5130625004690511,1.02665989691267,0.2633760130398992,0.4996974000689398,-0.3050639575445589,-0.8113822004400839,0.8841667372139017,0.2467155999555859,-0.0009673221839327,0.9065572256039962,0.7294291040028513,-0.8193915157388664,-0.1990915237375094
2015-01-21,CCI,81.65,81.85,81.155,81.36,3801681,-0.526444700216394,-0.5174767520164373,0.2326023858991475,0.7495514643968816,0.2433499628019115,0.3471804637103754,-0.4017369892047238,-0.780985452050404,0.6038993898015179,0.6669349544052935,-0.000956761505853,0.4645051843741846,-0.5007199531494506,-0.2946572452396162,-0.8794028417758817
2015-01-22,CCI,83.76,85.46,83.35,85.25,6469175,2.943697244429496,2.8669953497752587,1.3840196732398589,1.514360668174625,0.3745587565246814,0.6144427995288626,-0.1735454144847351,-0.1627886029854433,1.138160866708762,2.3253262810185737,-0.0016838428073796,1.343719927922587,-0.5270329913514362,1.3176681660639793,0.4714234654562313
2015-01-23,CCI,85.46,87.81,85.46,86.83,5424039,1.1208772619072902,1.1122610314402277,1.7648704534800224,1.5934642857014822,0.5328856532710934,0.8980541985387971,0.161590954223961,-0.1229355911873479,1.2514685392402023,1.444904210059458,-0.0016824762377899,1.0952055497709376,2.944014219619957,1.1848459306553991,0.6642446717919508
2015-01-26,CCI,86.94,88.22,86.28,88.05,4765248,0.8417569887145683,0.8391211626545557,2.002535986136748,1.8925855793102424,0.6966480639217888,1.1389342369660895,0.4957484905804304,-0.1137874735066655,1.504615974576365,0.8371824500980878,-0.0017018118822505,1.385096455529775,1.120718712587817,0.9382852610630668,0.2449199031787717
2015-01-27,CCI,87.59,88.35,87.3,87.8,2777056,-0.209765030838692,-0.2008288454369075,1.7708831463591086,1.8536391372590355,0.8056093438345251,1.190581100568798,0.7019245361631119,-0.1036321477190843,1.4581689489016638,-0.4147763672289829,-0.0009221230364913,1.2583883540502665,0.8415256244531942,0.1548214201888806,-0.5946507532014281
2015-01-28,CCI,88.45,88.79,87.13,87.16,3545242,-0.4868131728818883,-0.4777604377265995,1.428348412658546,1.4600072525161265,0.8552197589313741,1.079130487117174,0.7982046651502983,-0.0701288527571625,1.3372163351158377,-0.0315785857785435,-0.0008758235479199,0.919360307165708,-0.2102707087996242,-1.1282023943481738,-0.0040610922304229
2015-01-29,CCI,87.15,87.18,85.65,86.76,3046629,-0.3187144345091475,-0.3095846927665508,1.1696526869718666,1.143971534456893,0.8671025598534494,0.8928597669363695,0.8210371754811426,-0.0584991030927337,1.2915011068480675,-0.3544455193108277,-0.000964236614642,0.7832415556133882,-0.4873911252216603,-0.3644140403851007,-0.1216199506711821
2015-01-30,CCI,86.58,87.57,86.166,86.51,3608490,-0.2123933387483871,-0.2034502366133069,0.961272037367481,1.1055225531095598,0.8551273421619091,0.68243306158689,0.7820146515723134,-0.0581329796825485,1.2899811409890216,-0.0978234955961725,-0.000942957654763,0.7012805227047372,-0.3192485344274232,-0.0874002302405108,-0.2387569551486106
2015-02-02,CCI,86.59,86.71,85.02,86.36,4002986,-0.1409454780856507,-0.1322298685596125,0.8019022200628129,1.086555993885006,0.8284871276924208,0.4763442480531454,0.7446114515563882,-0.0566036821910733,1.0978087275683794,0.062472699568601,-0.0009426013431376,0.6524911655015679,-0.2128997023638781,-0.2269968902345305,0.0395937944792751
2015-02-03,CCI,86.29,87.84,85.65,87.24,3468635,0.6014073033905012,0.6029518004576698,0.9438723933042412,1.2780075351189335,0.8307351828719526,0.3858311060022804,0.6790243017496262,-0.0800090054028916,1.364385936757069,-0.2306893516655956,-0.0014773792377804,0.9387220610934832,-0.1414332028836757,0.8054622868142598,0.5007953301382521
2015-02-04,CCI,86.78,87.5,85.92,86.27,3071917,-0.7252277758992551,-0.7170703636413248,0.5212551769238633,0.8982618011372028,0.7836126822759,0.1863416316903565,0.5234475407344632,-0.0269784558212475,1.214567405722594,-0.4182881276994591,-0.0010156815239281,0.5810539091522372,0.6011132383866387,-0.4703291163286711,-0.0649699229942557
2015-02-05,CCI,86.53,87.18,86.21,86.73,4424217,0.2989698460099301,0.3044888517277583,0.5650023403429602,0.9704751395786626,0.7539837559893366,0.0717782113682918,0.449944481280203,-0.0979010399848102,0.9691342738804338,0.2934443942249014,-0.0015449521322074,0.6647180741097571,-0.7258679241707967,0.1483090938015245,-0.659228505563458
2015-02-06,CCI,87.22,88.86,86.21,86.66,6463123,-0.0832446608875257,-0.0747725079936875,0.4656537827859041,0.7980434154321808,0.7177774924719776,-0.0368024776950987,0.4139970393275128,-0.1334460869815534,0.7108063711222152,1.3108298993475669,-0.0007472142719047,0.6183917868745669,0.2985968832404704,-0.5114002436987088,0.9571791788354248
2015-02-09,CCI,86.24,86.95,85.73,86.19,3888638,-0.3706521430324515,-0.3614974464686319,0.2483970857547744,0.8477081061510298,0.6612677981851751,-0.1759277102306093,0.3430827165609048,-0.1210591269763796,0.6548402678663459,-0.0750417401843885,-0.0009897497144965,0.4422513897383811,-0.0837173331004989,-0.0701197658131234,-0.4116528438724013
2015-02-10,CCI,86.58,87.35,86.32,87.17,5152527,0.674892073302947,0.6752541271544746,0.4618368931727046,1.2130263328398516,0.6459101859777707,-0.1813031454039065,0.2687780993730773,-0.1081798005681431,0.850420557385064,0.4814484424230173,-0.0015498865636778,0.8095228561074517,-0.3711997920963529,0.4885316039695835,-0.6065689945795668
2015-02-11,CCI,87.32,87.45,86.26,87.18,2239980,-0.0258539026939382,-0.0176767396348662,0.3732041477652915,0.4936700559035582,0.6252293297394625,-0.1993054320404932,0.1534222622985121,-0.1140834774714485,0.8889144763573584,-0.9218566359109372,-0.001392869815986,0.7764557232068038,0.674617178491169,-0.1474485930266631,-0.453727862397835
2015-02-12,CCI,87.3,87.735,86.82,87.59,1873103,0.2597981227479858,0.2657264552869542,0.4060360854338779,0.123756015795685,0.616176373307798,-0.1837772474172831,0.0364910894825445,-0.1137859804532152,0.9009627825460674,-1.0797778918970884,-0.0013754581740055,0.8949604455670644,-0.026311603207881,0.2246573059213108,-0.720712114263643
2015-02-13,CCI,87.59,88.01,87.03,88.0,2788994,0.2584275826409258,0.264369797228716,0.4319552857119965,-0.2121913565469838,0.6163367623819904,-0.1476397069908373,-0.1116474930404251,-0.1176800881448016,0.9785884727032608,-0.6114487644347174,-0.0014502981788232,1.071847457942329,0.2594149411337219,0.3273337735636291,-0.6632097846139391
2015-02-17,CCI,88.45,89.435,87.5668,87.6,4077370,-0.3159871225906983,-0.3068598936748862,0.2334588215924573,-0.279650019615154,0.5921989787740313,-0.1812727528498448,-0.2358877740638992,-0.1214469756300239,0.7158844336364228,0.0627898456432123,-0.000914687762999,0.7061790998731997,0.2580440434897581,-0.7523653624588957,0.1860436021314131
2015-02-18,CCI,87.88,88.235,87.4,88.2,4116304,0.3934288713221259,0.3978611306149006,0.3200901175408039,0.2853531639005013,0.5882063730465104,-0.1563258484642889,-0.4526167366680552,-0.1495964746665518,0.9410432492692948,0.0617596530735055,-0.0015388589916815,0.947061819977732,-0.3165205110269429,0.248792361882669,-0.8023259681620071
2015-02-19,CCI,87.99,88.3,87.57,87.79,2801056,-0.3224041538727514,-0.3132712034423027,0.0979631612375499,0.2800660645907595,0.5607463214869367,-0.1967731265444972,-0.9585187698905464,-0.1674017232720328,0.9932225758885214,-0.5927656373114769,-0.0010171115571559,0.544229840263078,0.3930805503615948,-0.1980446680507918,-0.8983198291077731
2015-02-20,CCI,87.72,89.01,87.66,88.71,3217621,0.6194403904679696,0.6207025360502044,0.3222587254716046,0.7188657666807612,0.5669595167707874,-0.1424565913056785,-0.990012457526772,-0.8211789404866323,0.4285988430549639,-0.304384619139639,-0.0014823743108869,0.8970052267917914,-0.3229392163391718,0.8263540751014556,-0.3230321627071572
2015-02-23,CCI,88.92,89.04,87.27,87.9,3377284,-0.6014664564644788,-0.5927288377224332,0.0623712524743147,0.3927355788500127,0.5321747392498378,-0.2045314393498508,-0.9848576762741952,-0.9061982976191584,0.0135043699303889,-0.1666424722066525,-0.0009673736113012,0.2871327363436878,0.6191510298095595,-0.8929699568788794,0.086870876177889
2015-02-24,CCI,87.71,87.91,85.79,86.81,3752802,-0.8050240393366912,-0.7973733261200855,-0.2467931653104054,-0.3471630456614351,0.4547714532610553,-0.3638906249201651,-0.9953537328379756,-0.9277772812009588,-0.374306267177291,0.0715880155619255,-0.0009643728889253,-0.53355987425933,-0.6020743187498356,-0.8015600424111178,0.443955693370366
2015-02-25,CCI,86.81,87.95,86.44,86.58,3061341,-0.1979464937448582,-0.1890427817113144,-0.2977644647790451,-0.0633534978703503,0.3783198213292569,-0.4889284322160978,-0.994299399640386,-0.9281586355070566,-0.3715497334529099,-0.3250720231395146,-0.0010363524816714,-0.706733544386575,-0.8056850042985421,-0.2264883120216105,-0.1378161908100592
2015-02-26,CCI,86.54,86.54,85.22,86.09,2773138,-0.3853457586246148,-0.3761919042364943,-0.429375868447256,-0.4473065794910285,0.2933691763154291,-0.6108349914187476,-0.9654939500178304,-0.9374670475651348,-0.3477730486645024,-0.4700317912290561,-0.0010687166165435,-1.075668754657651,-0.1984490885686109,-0.419178849470402,-0.3134759009845538
2015-02-27,CCI,86.32,86.46,85.71,86.31,2590734,0.1261022058702139,0.1332445457315306,-0.3563801356377278,-0.3274131772770302,0.2303519235318643,-0.6519040647550788,-0.9526798480992588,-0.9417041657983476,-0.2436519990818568,-0.5640985387812862,-0.0013956671208437,-0.9100243745359426,-0.3858972408560372,-0.035069074622021,-0.8671245654977298
2015-03-02,CCI,86.6,87.51,86.15,86.39,3098180,0.0247103988424794,0.0325840683516317,-0.3304791444304932,-0.1055236157856142,0.1797900990786972,-0.6526992653171065,-0.9489004924196652,-0.9448537542633392,-0.1878489985187995,-0.2613264522274586,-0.0014362964801305,-0.8497900544916859,0.1256841466015665,-0.2095252677564246,-0.2793251895095367
2015-03-03,CCI,86.15,86.56,85.99,86.3,2192703,-0.0978556723475957,-0.0893168307591243,-0.3567059412488902,-0.604449254493726,0.1329487915614534,-0.6437588792209297,-0.946685821587842,-0.9457861504978065,-0.1776806663768406,-0.749017637671886,-0.0010954256331959,-1.029555202702067,0.024265889189367,0.1052303762965327,-1.0408686285439732
2015-03-04,CCI,86.2,86.26,85.58,85.82,1896935,-0.3792748147703297,-0.3701201896391239,-0.4802616783505259,-0.7924726081832836,0.0743824410518049,-0.6667866291643342,-0.911685387992499,-0.989261843675044,-0.4065289936840252,-0.8973843426206825,-0.0011217134468189,-1.4081096838343112,-0.0983321561789024,-0.3593754645550538,-0.9309675212545148
2015-03-05,CCI,86.23,86.46,85.91,86.26,1181683,0.2862015390897094,0.2918566334853404,-0.3473993790552011,-0.7765060858899838,0.0430917887335511,-0.6150016515150579,-0.9113420097583274,-1.0343816360680964,-0.1691793433048876,-1.309023346982631,-0.0013149332540064,-1.0611014094630806,-0.3798247132564406,-3.157399255184448e-05,-1.0599365507656036
2015-03-06,CCI,85.7,85.9,84.91,85.04,2772398,-0.9135293811952842,-0.9067350322897836,-0.6904448333504537,-1.3549498507002176,-0.0310582672261402,-0.6838930365605531,-0.8326468793302001,-0.9542906280156698,-0.4536555348160118,-0.2743325762727479,-0.0010687322843959,-1.7858014372125792,0.2858252454137702,-0.6081622708768841,-0.6211045827830288
2015-03-09,CCI,85.27,85.7,84.86,85.5,1412606,0.3037713281776729,0.3092384914473144,-0.53432936588792,-1.0096091234118916,-0.0725786292021294,-0.655017873990528,-0.7951489115516377,-0.9351687675772872,-0.3640658885690317,-1.0642523557717838,-0.0013261250079035,-1.416280668536341,-0.9142186522707432,0.1774703681897138,-0.7725365096417217
2015-03-10,CCI,85.21,85.42,84.56,84.57,1689382,-0.7101887316327362,-0.701947479970034,-0.7914523583111855,-1.5480083078496445,-0.1421421648919349,-0.7041003903214251,-0.7104265770317877,-0.8965799228310124,-0.4435206928351783,-0.8262705181450973,-0.0011398572331164,-1.8744839513266556,0.3033996179852514,-0.5937750944844634,-0.7438231425860351
2015-03-11,CCI,84.47,85.27,84.21,84.92,1688948,0.2246640388272499,0.2309388508048386,-0.652283063791892,-1.2717305013857192,-0.1830829706056207,-0.6696919891568947,-0.6585364117497816,-0.9588864029862064,-0.5465607677267076,-0.7464084629429788,-0.0013418594491501,-1.4295958203531116,-0.7108249566237436,0.3761731297682478,-0.5510352651518396
2015-03-12,CCI,85.38,86.0,84.97,85.95,1225799,0.7221355940601271,0.7216929035564863,-0.3219300480623115,-1.2157701122688935,-0.1746751479918581,-0.5151427484280678,-0.6547333636931356,-0.8767061558672592,-0.3746856662483019,-1.0837834174934815,-0.0013173361851698,-0.7743026177567927,0.2242716916792533,0.478069927729011,-0.5925910890408208
2015-03-13,CCI,85.66,85.66,84.38,84.91,1410583,-0.786321918543521,-0.7785431020074415,-0.5971916915976642,-1.2699437189883278,-0.2082374517143431,-0.4995337385349309,-0.6283320002604399,-0.8372155607248428,-0.6168427758248988,-0.929001844499068,-0.0011544586170875,-1.4359578902812342,0.7218730238071487,-0.6878136191519654,-0.3349783592080909
2015-03-16,CCI,85.17,85.96,84.92,85.8,1448620,0.6195731875893875,0.6208332350385292,-0.2939375417189292,-0.5633149212360298,-0.1992090893811089,-0.3774188893749297,-0.659941111421225,-0.792024764261812,-0.5346406876713832,-0.8680944211166799,-0.0013305456107192,-0.8697336666785902,-0.7869780046270898,0.5325377951721231,-0.5811316658240959
2015-03-17,CCI,85.41,85.77,85.13,85.52,1462296,-0.2361691257976425,-0.2271684988535615,-0.3476914261249066,-0.5793904535376838,-0.2024362048751302,-0.3112723990009485,-0.6751008922411378,-0.794979914312422,-0.5161986734360235,-0.7911718237856094,-0.001151144788153,-0.9797131757155162,0.6192838615741603,0.0709870010439117,-0.9676317804969014
2015-03-18,CCI,84.8,86.99,84.47,86.44,3416232,0.6367583360256127,0.6377445385209034,-0.0409487602368393,-0.0666611471675954,-0.1685398542537423,-0.1628000439868866,-0.7401625962135668,-0.7625132015085123,-0.4605418834121836,0.927276479430974,-0.0014497895260595,-0.3465357400121843,-0.2366816918739323,1.434826464041286,0.8383263213208555
2015-03-19,CCI,85.85,86.39,85.48,85.85,2232764,-0.4579410005269579,-0.4488425286694322,-0.191166554249661,-0.3430081109924899,-0.1646942214170237,-0.1213721902418308,-0.7886156057198566,-0.7540465142418707,-0.4920230946676566,-0.0780824958399954,-0.0010964529868323,-0.7525951824741053,0.636473493151544,-0.0263165508545973,-0.7079204985768441
2015-03-20,CCI,86.29,87.31,86.01,86.8,2907497,0.6559397242593064,0.6566148183963899,0.1278625638673907,-0.0640659915886187,-0.1245194378304047,0.0052807013921043,-0.9274283500476854,-0.7483495282466854,-0.4836905623837122,0.5334949724558088,-0.0014236282463774,-0.098770656476099,-0.4585114208966279,0.4202173514728917,-0.3431313071920415
2015-03-23,CCI,86.83,86.83,86.25,86.25,1720083,-0.4274882161417665,-0.4183561319603478,-0.014727106944721,-0.2035342724414939,-0.1147001766423643,0.0284684226039505,-1.0244115043777495,-0.7638989631312332,-0.4431630328216521,-0.4617181700984457,-0.001128212418386,-0.0681128557355192,0.6556598852914529,-0.5309812450049199,-1.030886815741474
2015-03-24,CCI,86.26,86.77,85.81,85.84,1865389,-0.3289472937695789,-0.3198091930294451,-0.1251732668167737,-0.183133615662749,-0.1233286338984217,-0.0004655101313052,-1.0497869517472485,-0.8149203147019662,-0.3315819264758049,-0.2509975956496419,-0.0011234599024406,-0.4325284788241308,-0.4280506922023385,-0.3941782453525982,-0.6592732829672066
2015-03-25,CCI,85.83,86.11,84.6,84.64,1451057,-0.9033320751846736,-0.8964490177612294,-0.4627325486218652,-0.6301356735286022,-0.1770487371275912,-0.1396777768189637,-1.0262605247435788,-0.7434083013250365,-0.4965587938521703,-0.593753245614027,-0.0011537685431913,-1.448151857643459,-0.3294840631645071,-1.0738130478947838,-0.1045009149337463
2015-03-26,CCI,84.25,85.09,83.91,84.61,2320349,-0.0550629277983603,-0.0467290504544853,-0.4495515176549902,-0.3205547124686831,-0.2199635121411887,-0.2232348613517763,-0.9946903633498798,-0.7522728636246777,-0.4199579961426997,0.301455358125201,-0.0011049029525811,-1.234934152969122,-0.9040186860583628,0.2965160029468171,-0.4290237704659772
2015-03-27,CCI,84.61,85.07,83.86,84.81,2903620,0.1141686833366208,0.1214055920409442,-0.3655349440924956,-0.4059626931675502,-0.2449748762406938,-0.2439974574854828,-0.9870444765365852,-0.7527920874345004,-0.4227176434622707,0.8683034266531295,-0.0014069975040474,-1.0161048508467658,-0.0555282481581912,0.1522717605990632,-0.4022844030913372
2015-03-30,CCI,84.85,85.14,84.27,84.39,1548128,-0.3413131725105284,-0.3321672237861524,-0.4640375449872227,-0.2488506082770292,-0.2797967443046563,-0.2858596027129103,-0.9683146403468952,-0.7478559033179395,-0.5074827262689648,-0.4292266489399216,-0.0011496031400594,-1.3706314186280066,0.1137475109341977,-0.435907843415773,-0.732139782868067
2015-03-31,CCI,84.01,84.46,82.54,82.54,3336109,-1.397818526430887,-1.3972152717428474,-0.9760260263989564,-0.8658689850550182,-0.3775452748657742,-0.4813214649042464,-0.7985774072183123,-0.5908778150141488,-0.8073544258306001,1.3362326150015065,-0.0010485850147855,-1.881302785249608,-0.3418531678292914,-1.348315410346216,0.3473052455323885
2015-04-01,CCI,82.88,83.92,82.85,83.72,2067943,0.8570510159296727,0.8541187449534879,-0.5813284078667136,-0.8141569988502596,-0.4055927643535071,-0.458281674811027,-0.7573588400763732,-0.5072378280883194,-0.526854180993632,0.0422625046974522,-0.0013551731080353,-1.0589685684399388,-1.3986341354665746,0.7394110014474672,-0.526169582529908
2015-04-02,CCI,83.76,84.3657,83.55,84.15,1164660,0.286771708075734,0.2924207804057207,-0.4167733501955771,-0.4151802457953935,-0.4078918965442507,-0.3735740143020654,-0.7595952350517349,-0.5071987743531851,-0.5267236397627016,-0.8686224759459801,-0.0013087235504003,-0.7593044046872561,0.8568236414669985,0.3254646837750988,-0.7834672274381668
2015-04-06,CCI,83.99,85.06,83.88,84.94,1295709,0.5514822650157507,0.5537818954174207,-0.1716299770602171,-0.4475536923343826,-0.3759850454029664,-0.2177622736410986,-0.7591018460819167,-0.5357560872487365,-0.1847471161267249,-0.6862653498244912,-0.0013179411373455,-0.2087586154672254,0.2863955631414863,0.8282398951800112,-0.4335394172964915
2015-04-07,CCI,85.84,86.18,85.42,85.67,1951157,0.5020683244307894,0.5050768774819073,0.0508479610668622,-0.1458731096437321,-0.3199766735084359,-0.031075981591876,-0.7561615322021822,-0.5206233058586963,-0.1382756231851757,-0.0274870547934144,-0.0013591548166134,0.2999735695082536,0.5511751759175539,-0.1759414748676453,-0.851986288819723
2015-04-08,CCI,85.6,85.86,84.79,85.37,1952724,-0.2510118157792983,-0.2419798851653534,-0.0540212120671779,-0.5163700430448336,-0.2857979631047753,0.0620838791592264,-0.7614837955317286,-0.5589825560864705,-0.0285477831683213,-0.0393681092816904,-0.0011210653310364,0.0909055482854571,0.5017483445698702,-0.2293178427577205,-0.546756493845536
2015-04-09,CCI,85.26,85.43,84.58,85.14,2270922,-0.2007288370621637,-0.1918172781756068,-0.1282969981688242,-0.4146601383280934,-0.2663882654827736,0.0985965831029909,-0.7626665867765495,-0.5607804851227338,-0.1294288939658751,0.2533618024987137,-0.0011071836267084,-0.0693799346520244,-0.2515282539125916,-0.13265263130565,-0.7592857221121366
2015-04-10,CCI,85.25,85.7,84.45,84.69,1022252,-0.3620554378644863,-0.352901865334755,-0.2476504975110867,-0.8978764152623526,-0.2673304941828895,0.0754212382554533,-0.7709451303824335,-0.6065919952220055,-0.382777152075979,-1.004675082456273,-0.0011845427717615,-0.3829819664862243,-0.2012321577241533,-0.5226098023485962,-0.3612368283784217
2015-04-13,CCI,84.66,87.14,84.39,85.0,2511243,0.1948938096411764,0.2014468998163851,-0.1534352596830702,-0.6207627998789578,-0.2546378053445392,0.0919770054015758,-0.7715026518064553,-0.6523587120736299,-0.1519100028673806,0.4407057956762026,-0.0013826649889599,-0.1669450112226642,-0.3626008442801552,0.2771042730830364,1.104998014293289
2015-04-14,CCI,84.92,85.58,84.6101,85.39,2251914,0.2526584819417715,0.2586588051732809,-0.0268249859751522,-0.3447943378862869,-0.2282945641675721,0.140357905849067,-0.7791507736100155,-0.6865863578062267,-0.2376574310942174,0.1411186787946368,-0.0013748772947759,0.1048434163669742,0.1944936962443017,0.3918339322521011,-0.6446990086817628
2015-04-15,CCI,85.82,86.1,85.59,85.85,1737137,0.3023909723991244,0.3078730769285863,0.1099275851576431,0.2698445751480545,-0.1888331543477089,0.2128285664696482,-0.7718271912558096,-0.6795795527221222,-0.1108052782786778,-0.3694920446178892,-0.0013497624537155,0.4254143822419278,0.2522734377880203,9.400093769097738e-05,-1.0962296847337716
2015-04-16,CCI,85.43,86.13,84.79,86.0,1799912,0.0757832886289914,0.083309028945179,0.163043698106746,0.3300845347071247,-0.1516048910723785,0.2650570142032445,-0.7908392961298749,-0.7238303880721748,-0.2422349528140951,-0.2393940441860758,-0.0013580814311668,0.5299483928533311,0.3020189021091554,0.4777747231880973,-0.2927570230633212
2015-04-17,CCI,85.6,86.09,84.66,85.84,3756565,-0.1488249500257966,-0.1400802340499103,0.1138442685119269,0.1976075747151627,-0.1286117090719545,0.2701989182399597,-0.791134745205109,-0.7408571527268153,-0.1691876718466316,1.5854037241059622,-0.000991472341956,0.418445448201174,0.0753521025136499,0.1855108841747659,-0.2029568364725895
2015-04-20,CCI,86.18,86.528,85.78,86.43,1884363,0.3949191727470151,0.3993331584712298,0.3016404264002116,0.5604693058565233,-0.0878530491134508,0.3200404759075611,-0.8137750589502816,-0.7721262545816577,-0.2300809050329837,-0.1778924527141843,-0.0013582721665295,0.929798558370244,-0.1493147303652731,0.192852006700723,-0.8700585657053869
2015-04-21,CCI,86.54,86.55,85.5799,85.79,2419179,-0.4940066180729927,-0.4849673803055546,0.1113350923884723,1.2171509458539471,-0.0814958275083988,0.271365011927383,-0.8319319377004497,-0.766188726165782,-0.2458052138106866,0.3114541767956951,-0.001087900233792,0.4673037357695485,0.3945712405658816,-0.6810870485476009,-0.6489184023587006
2015-04-22,CCI,86.07,86.09,85.27,86.02,2796024,0.1339155856308016,0.1409947811867452,0.1795087125276829,0.9674490276435828,-0.0683145407666713,0.2499896669313875,-0.8253829297573623,-0.7723181120176282,-0.1366803640499948,0.6187067165769029,-0.00141217925974,0.633512812641666,-0.494586446988363,-0.0702062831425407,-0.7968632548526978
2015-04-23,CCI,85.6,86.94,85.22,86.64,3877593,0.4157366150408295,0.4198916864898751,0.3394346555287102,1.023662914024163,-0.0347631963514236,0.2853215687235265,-0.7829355950115359,-0.8466392125257061,0.1795587194350588,1.4490665833867789,-0.0014930194977823,1.081554672036093,0.133499564661941,0.8916023342726146,0.0631806922023856
2015-04-24,CCI,87.28,87.46,85.925,85.98,1878421,-0.507260871641978,-0.4982487006341125,0.114703026202938,0.3286210699164993,-0.0354358871715281,0.2254950126150403,-0.7776242610311339,-0.8145682760891484,0.0703267713617815,-0.3351385678085662,-0.0011094301095607,0.4429217043443355,0.4153941135682354,-1.151629574555455,-0.1034404510945814
2015-04-27,CCI,86.0,86.13,84.76,85.0,1844200,-0.7426131254965391,-0.7345572370920425,-0.1900339001819607,-0.5089416758142075,-0.0753648974758955,0.0765886771581946,-0.7800260855258947,-0.7562477747486606,-0.1345746456392407,-0.3252828805142821,-0.0011178541240731,-0.2192120165283609,-0.5078441582341859,-0.9048256806275048,-0.2480653448705153
2015-04-28,CCI,84.81,85.84,84.76,85.69,1986093,0.4723927319367615,0.475808605350091,0.0023379282315058,-0.0452640285908511,-0.080620339372899,0.0467127769811331,-0.7916653554373577,-0.7443526970848446,0.0587644814263935,-0.2115358096435252,-0.0013713811057072,0.24698417469833,-0.7432578091363159,0.7576189631321176,-0.5409314614992474
2015-04-29,CCI,85.0,85.46,84.35,84.59,1526000,-0.8322006322503888,-0.8247462807276807,-0.3673854254256138,-0.4070969186301134,-0.1282937576318161,-0.0863710841069387,-0.9536056489286892,-0.8901142453793993,0.1972846993372594,-0.5753961032481518,-0.001139037822573,-0.6266225520283562,0.4720650105151215,-0.3907428086874499,-0.4977152722155139
2015-04-30,CCI,84.17,84.17,83.23,83.53,2754319,-0.8131535054998974,-0.8055602624343116,-0.6903097087856502,-0.61409504477827,-0.2071010610044679,-0.2729762573022959,-0.9367590076071468,-0.8976575840877803,-0.2008076282662001,0.5642716642300845,-0.001062328347372,-1.6455452294026245,-0.832868686851453,-0.6007865817765515,-0.6534523834457032
2015-05-01,CCI,83.59,84.15,83.02,83.17,1789352,-0.3013175263449884,-0.2922058700902434,-0.7862855055254886,-0.8554842548696481,-0.2821679271701569,-0.4126325748780465,-0.8595768669301865,-0.9042425280226636,-0.338514603045892,-0.3740534545033357,-0.0011326757053905,-1.7689993549306005,-0.8138165912199419,-0.405928343741277,-0.4590024980314034
2015-05-04,CCI,83.44,83.52,82.95,83.12,1731643,-0.070424224787048,-0.0620134014096208,-0.7743737481770928,-1.0520039299652058,-0.3413875771785122,-0.4835671673533991,-0.7662523646093633,-0.9548958581729758,-0.4821640243935819,-0.4440273604860535,-0.0011402852567108,-1.7560010421531045,-0.3018470878797109,-0.316064528459462,-1.0198093437273756
2015-05-05,CCI,83.11,83.44,81.5,81.62,2439858,-1.156516931500538,-1.1523432335690975,-1.1763563767026592,-1.6068876733098163,-0.4439317925743887,-0.6518315268254369,-0.5626929669759114,-0.8780436410080315,-0.8617751351836171,0.185517627150823,-0.001103532023007,-1.8143729556366692,-0.0708935524944461,-1.3808125187176703,0.3895786588230815
2015-05-06,CCI,82.0,82.34,81.62,82.06,2193063,0.3026268006063961,0.3081063546147108,-0.9911870915670592,-1.4674990714797356,-0.5037713221268613,-0.6765218881868815,-0.4457143351935554,-0.852764971444353,-0.7369097587290001,-0.0508559440098021,-0.0013618337115119,-1.568963580389238,-1.157269591466226,0.0289652431652608,-0.8600855527403207
2015-05-07,CCI,82.26,83.025,81.98,82.61,1568671,0.3842830286545824,0.3888266646762155,-0.7829919560741166,-1.193943814303272,-0.5251910478560847,-0.5973822636171346,-0.3831131771344247,-0.8217457764622093,-0.6038989638237638,-0.5955160233186206,-0.0013317388657711,-1.2622018613299486,0.3022547918376381,0.2951413242507282,-0.5370786757125594
2015-05-08,CCI,83.16,83.91,83.15,83.67,1426506,0.7658602666988464,0.7646417585537779,-0.4391344749717849,-1.007108821870233,-0.4964230502611059,-0.4048882280871884,-0.3686264529823691,-0.7482241791169354,-0.3443606491898726,-0.7388661553187059,-0.0013263535696129,-0.6709883664156775,0.3839323217906741,0.4370241229289537,-0.834313583949076
2015-05-11,CCI,83.2,83.56,82.44,82.7,1645635,-0.7547636583692703,-0.7467816571465243,-0.704860614734826,-1.0754959804211697,-0.5076435078463998,-0.3538225949113822,-0.3229157263826218,-0.7111962428777934,-0.5648777013856122,-0.5082469137338885,-0.0011432165547741,-1.2120044891202444,0.7656091030322166,-0.4803537212901145,-0.4626447898480307
2015-05-12,CCI,82.25,83.12,81.29,82.95,1294121,0.1552084233889898,0.1621106167180607,-0.5901133232328476,-1.0680461971452735,-0.5025993805924522,-0.2711053269831006,-0.3008373556191328,-0.717638698834023,-0.5871417913190395,-0.8090197260692787,-0.0013182413314241,-0.9869524850624865,-0.7554115117549601,0.6166773654047248,0.2472990337713832
2015-05-13,CCI,83.24,83.52,82.01,82.34,1907573,-0.4908309179658958,-0.4817856180656278,-0.726386167631091,-1.4214385488848336,-0.5183299625605018,-0.2584052565492695,-0.2755088957498163,-0.7252495801347589,-0.7679404186630747,-0.2307925371843298,-0.0011282566604292,-1.3155992821192002,0.1547979571465076,-0.8431907296679372,-0.0629695467172775
2015-05-14,CCI,82.9,83.25,82.41,82.78,2691702,0.2996920368532612,0.3052032682291672,-0.5400501022472386,-1.12621873924994,-0.5093052702537224,-0.1845255503713168,-0.286851646380217,-0.7094748256826285,-0.7173686874925947,0.4620732722985718,-0.0013978113751398,-1.078542576045506,-0.4914099184268648,-0.135679810435499,-0.745632647672133
2015-05-15,CCI,82.84,83.83,82.76,83.8,2449314,0.7341360933163771,0.7334834415220803,-0.1900998689799333,-0.5390596597839368,-0.4584221282202081,-0.0176788564094463,-0.3213943031033753,-0.6360612038971589,-0.5165049205588016,0.3071899193343326,-0.0013921989405563,-0.5290020301473962,0.2993192624838904,0.8492232095757596,-0.5271864362908327
2015-05-18,CCI,83.58,83.89,83.36,83.59,1593487,-0.1890126048023105,-0.1801349288144522,-0.2114945433083104,-0.8321782399147977,-0.423179543320557,0.0755399739436595,-0.3941489268721366,-0.6613124867911471,-0.6500617076914311,-0.5037884230445527,-0.0011399158414449,-0.6421427307734747,0.7338766536695925,-0.0172770934293151,-1.0629035679555616
2015-05-19,CCI,83.39,84.78,83.32,83.98,2741368,0.2574769157286067,0.2634287420551299,-0.0610912782200072,-0.3907095105128526,-0.3772483010929803,0.1776274581871013,-0.4430075094132075,-0.6617015780740135,-0.4773342131258127,0.5856150100352081,-0.0014132334822475,-0.432024286753608,-0.1895128690156891,0.5082265987398095,-0.1424354205985138
2015-05-20,CCI,83.82,84.04,82.87,82.89,2049070,-0.8410605926283936,-0.8336728742014209,-0.3539188917571879,-0.3999198815832825,-0.3810487449386985,0.1312889417410352,-0.5058574046816029,-0.6180371676775729,-0.701874764086337,-0.0430423736428293,-0.0011069035706231,-1.0192783995270824,0.2570931285741134,-0.8645790204231562,-0.4149599795745186
2015-05-21,CCI,82.82,83.09,81.96,82.08,3049593,-0.6413807743081671,-0.6328030048624382,-0.5376926632544198,-0.5310131822822112,-0.4128754532681737,0.022079006264352,-0.6208158110671921,-0.6299453015072101,-0.9404532401518438,0.9948996736527056,-0.0010500213143499,-1.4556782447991137,-0.8417309585538657,-0.7013747616581165,-0.4439655788675736
2015-05-22,CCI,82.08,82.48,81.725,82.06,1604573,-0.0481661301614909,-0.0398680265280401,-0.4831653119842948,-0.5226657883488179,-0.4355607282821644,-0.041759050129195,-0.7159125053011034,-0.6379370471388989,-0.8370660880228804,-0.4342915765006341,-0.0011479065119537,-1.3524557224746674,-0.6419990491612013,-0.0447258552309265,-0.824539244334722
2015-05-26,CCI,82.05,82.18,81.3,81.92,2192528,-0.1392125340314826,-0.1305034594483297,-0.4794148581869197,-0.0785009571529628,-0.4554942460109185,-0.0857465193622762,-0.7526534227941016,-0.6709478981384283,-0.6996483910833254,0.1367709731776592,-0.0011174474818065,-1.421031495449881,-0.0486296513330597,-0.1460207808468065,-0.6960607624468917
2015-05-27,CCI,82.04,82.23,81.59,81.95,2060581,-0.0101964687724358,-0.0021089224378359,-0.4115014522597826,-0.2316928640822193,-0.4664304532880646,-0.0977775725315403,-0.8893004241558884,-0.7085962931525198,-0.8084816783695791,0.0017672426720009,-0.0013553479438685,-1.355173333280293,-0.1396998067512003,-0.1091988115133316,-0.9404617883527236
2015-05-28,CCI,81.68,82.47,81.61,82.27,1641457,0.2101103876932016,0.216522995468551,-0.2736341524369099,-0.3251025634293299,-0.4589097879094619,-0.0598947425790156,-0.9621037595377524,-0.7448117739197871,-0.5702762744858937,-0.4189993682092729,-0.0013362328576668,-0.9478649896353916,-0.0106500846846825,0.5194174506718046,-0.7201297946421314
2015-05-29,CCI,82.36,82.45,81.45,81.55,3115992,-0.5778579246485944,-0.5690379601458573,-0.4710021593728018,-1.0787899568671366,-0.4774777339893822,-0.0967401154058253,-0.9437799009299804,-0.7741245179809287,-0.5156077775150287,1.0138650299357104,-0.001058979823675,-1.6336560231478832,0.2097142438906315,-0.7693586341472262,-0.5693636386052439
2015-06-01,CCI,81.6,82.605,81.57,82.26,1659824,0.5090420516630833,0.5119528777460519,-0.2311720891947347,-0.3807693749590919,-0.460636674223811,-0.0350742421733898,-0.94748430679575,-0.7414752150816101,-0.3281690269244829,-0.4101062676383642,-0.0013345006178386,-0.9573898651008343,-0.5784596281055262,0.5847640644139204,-0.5427244666596612
2015-06-02,CCI,81.93,82.75,81.58,82.35,1458770,0.03511997171697,0.0429260993448218,-0.1903802704894853,-0.456846632898111,-0.440367859417926,0.0230814388788419,-0.9532326754771798,-0.7404839348188033,-0.3035289604097228,-0.5984378261867107,-0.0013261414129398,-0.871665985911783,0.5087238910592802,0.3609866319526341,-0.4072461178203589
2015-06-03,CCI,82.21,82.5,81.39,81.97,2251606,-0.320282676317752,-0.3111515439662978,-0.3166837702556099,-0.3601327718276791,-0.4359308178429729,0.0288552719620935,-0.9684885759881804,-0.8706051882999292,-0.1044986070098688,0.1976919894993473,-0.0011099394822749,-1.2336112535989274,0.03467817764032,-0.2468788722085984,-0.4627603545974218
2015-06-04,CCI,82.21,85.79,82.02,83.67,4943050,1.2581917542837064,1.2461925277368535,0.1976548779556325,0.1546920461847346,-0.3630213145110308,0.2097212762640999,-0.9482149209391642,-0.7084049008780848,0.1206700734961005,2.5653021598499874,-0.00152087568649,-0.1231801054466922,-0.3208171853479666,1.3154375707156116,2.163845682545236
2015-06-05,CCI,83.29,83.41,82.58,82.78,2092160,-0.6952364323636993,-0.686915485798919,-0.0875977085487533,-0.5897028843456048,-0.3380656483419031,0.2309817283554774,-0.948076575144421,-0.6740444852849232,-0.1372540539603239,-0.116512420738672,-0.0011118587805617,-0.7806293428519859,1.258069026607248,-0.4889340371295417,-0.7557004006413252
2015-06-08,CCI,82.86,83.15,82.49,82.59,1448026,-0.1758932057085,-0.1670560859848353,-0.130776616250162,-0.5828962073264742,-0.3237300540588762,0.2206542078142075,-0.9762592756598124,-0.7397998769335028,-0.357048761351543,-0.7106714139419171,-0.0011562225528778,-0.9209836744328896,-0.6958687567035998,-0.2725026719422949,-0.9253235702634692
2015-06-09,CCI,82.37,82.87,81.86,81.98,1731315,-0.4928265658042497,-0.4837850563305547,-0.3131905057043976,-0.9542922748386272,-0.3342193935002627,0.1484932393262343,-0.9652852148162848,-0.7709231487842797,-0.2953405005375999,-0.4528835405529228,-0.001142427614018,-1.3715949495084272,-0.1763900474249318,-0.3840341205108237,-0.5645580069921197
2015-06-10,CCI,82.24,82.66,81.67,82.26,2226629,0.1796442411591005,0.1863344345782058,-0.2132857776087617,-0.4584016711893112,-0.3294115820700516,0.1301390675447811,-0.9663815740164996,-0.7697391346479328,-0.2896435460679639,-0.040110983773156,-0.0013671818954664,-1.1705646391594489,-0.4934060868758492,-0.0079430622455242,-0.5883157462433368
2015-06-11,CCI,82.71,83.5,82.63,82.93,2201903,0.4740898446707302,0.4774827969433505,-0.0096981697679991,0.1820379693434533,-0.2974998312616346,0.1852208034952324,-0.964379173580334,-0.7646753470631311,-0.0622417758505809,-0.075270556114402,-0.0013715795876981,-0.6745286413673615,0.1792401495616087,0.1746433419673637,-0.7170136667851655
2015-06-12,CCI,82.85,83.2,82.54,82.7,1168528,-0.2056639391649712,-0.1967387679971542,-0.0815202984101331,0.0819428554990072,-0.2797328869617488,0.1928777038000358,-0.965059828363672,-0.7720997183921,-0.1816702809700246,-0.9628844884007032,-0.0011709879971392,-0.844809655534797,0.4737625659799735,-0.1631031262809083,-0.9262094231770291
2015-06-15,CCI,82.51,83.02,82.13,82.64,1802382,-0.0781651149974655,-0.069716946784803,-0.0821293574376746,0.11935381997575,-0.2666363156615405,0.1869817643413831,-1.0098358882588572,-0.8412384898625812,-0.3707752485347675,-0.3512484016570826,-0.0011348707297577,-0.8892307896654333,-0.2061685472618318,0.0927203182626097,-0.6937759229762972
2015-06-16,CCI,82.63,83.2,82.4,82.93,1930008,0.1854796451693564,0.192117810315938,0.0206551077902537,0.2154177640531839,-0.243730620526273,0.2075135286656106,-1.041011215774004,-0.8357870660706095,-0.2834372641297226,-0.24543588526017,-0.0013538637536345,-0.6745286413673615,-0.0786364620940842,0.2479849806489954,-0.7873604669241462
2015-06-17,CCI,82.15,82.88,81.8201,82.6,2081092,-0.2807369374750889,-0.2716529730134704,-0.0623393841632204,-0.0530031886718406,-0.2375231706194787,0.1809579443607694,-1.12352444816134,-0.8429147949974898,-0.4088134385829585,-0.0746376954892435,-0.0011178517350997,-0.9188448790858608,0.1850770758711914,0.387539849902684,-0.5219174014693447
2015-06-18,CCI,83.22,83.775,82.94,83.5,4143955,0.6453602977318414,0.6462076938310181,0.21441840667249,0.5948418866247894,-0.1966133576835217,0.2490367619661334,-1.0882852204811413,-0.8609734821631521,-0.0593964188142393,1.6943237819218462,-0.0014806256580249,-0.2525278671263381,-0.2812611300899343,0.2278831588898354,-0.7579153062945365
2015-06-19,CCI,83.49,83.58,82.66,82.79,3288259,-0.5623757630994873,-0.5535067173318061,-0.0229308284114931,0.024050549760731,-0.1916217769963083,0.2110469045607072,-1.0901287330403675,-0.8720664630985939,-0.0404368649416509,0.9066217173091244,-0.0010362182022069,-0.7781779543388425,0.6450776988772942,-0.6597606712561805,-0.6652025013522866
2015-06-22,CCI,82.99,83.49,82.57,82.66,2142051,-0.1307559763143613,-0.1220794819964654,-0.0738568589321417,-0.0650582168576973,-0.1922620082561746,0.1661588316340591,-1.096462942399857,-0.870444008827404,-0.0600929659082854,-0.144640567795426,-0.0011175109988688,-0.8744237449552246,-0.5629734276785519,-0.3267393620722741,-0.6637459833091569
2015-06-23,CCI,82.48,82.9,82.05,82.82,1767230,0.0875131028444076,0.094953069189953,-0.0373242090463656,0.1612810878563802,-0.1860242630532134,0.14795216630634,-1.1080301670642871,-0.871674371198217,-0.0061256976803221,-0.4622738415215341,-0.0013415407361563,-0.8009437855808044,-0.1312410429465318,0.2851238826390859,-0.7359782050156097
2015-06-24,CCI,82.67,82.83,82.06,82.21,1544154,-0.4915495672503584,-0.4825056248749875,-0.2353538834677865,-0.8988521537896577,-0.2044273679106573,0.0699617101714352,-1.117882837762736,-0.8444806513810909,-0.1208814295814685,-0.6459710054465835,-0.0011531635097621,-1.2617962259989672,0.0870849767208426,-0.4467087266598087,-0.8107319801543249
2015-06-25,CCI,82.37,82.5,81.92,81.92,1133103,-0.2526144699412175,-0.243579371242586,-0.3220091253213523,-0.6530776553598475,-0.229475977425211,-0.0095360693240833,-1.1051348609839864,-0.8457261801549378,-0.2299577122194853,-1.0063649777797818,-0.0011790541392241,-1.4808900091485795,-0.4921287551875193,-0.4390675927656298,-1.0012641038004044
2015-06-26,CCI,82.01,82.18,81.33,81.54,1901670,-0.3217906505890444,-0.3126582184648713,-0.442658355455554,-0.7365539850035282,-0.2629473666653347,-0.094814382939203,-1.1043668522725651,-0.8703834513164991,-0.1692778754661921,-0.2531120049360573,-0.0011382734771009,-1.7247830267601576,-0.2531313261637035,-0.4593044672723615,-0.7225511448506928
2015-06-29,CCI,81.43,81.77,80.37,80.46,1567305,-0.8576058112448028,-0.8503459708192899,-0.7580879431773756,-0.9207790943358468,-0.3298713528285272,-0.2491434424376927,-0.9702618468588972,-0.8358903225838319,-0.4888456481448306,-0.5648493012889239,-0.0011597575276562,-1.826104198834518,-0.3223255530090251,-0.9262948341120816,-0.1411970923299179
2015-06-30,CCI,81.09,81.155,80.11,80.3,1511045,-0.1568002438940096,-0.1480270812086311,-0.7772047972580696,-1.1514848293104305,-0.3864474094280296,-0.3459712974751722,-0.8562694336865887,-0.8378234175632682,-0.5330801860528577,-0.6196920461591406,-0.0011650561300365,-1.7701065718492444,-0.8582804933710242,-0.7623618126226552,-0.5067510734539337
2015-07-01,CCI,80.22,81.12,80.22,81.07,1356775,0.563998837071648,0.5661128180961859,-0.5177173905904644,-1.0874044630098505,-0.3980877384481574,-0.3077697922671069,-0.8226584385378749,-0.7962001586878982,-0.3287297808279921,-0.7378655063095024,-0.0013105357346389,-1.319469285963557,-0.1572921047722912,0.7742196918080693,-0.6661139159436272
2015-07-02,CCI,81.26,81.7,80.7,81.11,1082705,-0.0022778797367463,0.0057628537206569,-0.4646899148700197,-0.9816799497756072,-0.4027915670856661,-0.2593541555249785,-0.837184082626836,-1.0209755963506124,-0.6168323550786131,-0.8961832328495519,-0.0012981905758416,-0.9742955444740312,0.5636950132091028,-0.1657796049288151,-0.5638197782460949
2015-07-06,CCI,80.84,81.27,80.35,80.76,1435292,-0.3016474192630471,-0.2925353746898821,-0.5447242547877921,-1.0824184724401744,-0.4171809927545448,-0.2455522061561954,-0.8035723644327457,-1.0636244001199942,-0.5258585639560173,-0.4956336224100376,-0.0011676588317185,-1.291748078745478,-0.0027294299029474,-0.1010832853033538,-0.6419233231287224
2015-07-07,CCI,81.16,81.91,81.0,81.65,1580253,0.6531066485497677,0.6538280551019091,-0.2452185792531826,-0.743609414722641,-0.3907500217919724,-0.1294396484392364,-0.8054059251853017,-0.987883958427244,-0.3346322535903389,-0.3452259954788851,-0.0013231629801733,-0.4845116344552143,-0.3021770668579234,0.4298240939042864,-0.6624790500314752
2015-07-08,CCI,81.26,81.76,80.5,80.52,1108390,-0.8946198320706135,-0.887662338424339,-0.58376861018257,-0.9953768541729832,-0.4112308755141747,-0.1572998314352668,-0.7587633126095173,-0.9238399765216004,-0.429032966994857,-0.8324696484173232,-0.0011845934833565,-1.509429816531625,0.652826070508966,-0.7143342842873874,-0.2871822870558769
2015-07-09,CCI,81.28,81.46,80.44,80.44,1314638,-0.0948520167214244,-0.0863266056546518,-0.5807580960987143,-1.5187864103831086,-0.4273801178254977,-0.1684384846275115,-0.7168804938288488,-0.9332600694014188,-0.4924164114607415,-0.5706385965407421,-0.0011751932442083,-1.5819903957936692,-0.8953041701553401,-0.807117480170482,-0.5345402538651953
2015-07-10,CCI,81.02,81.62,80.64,81.34,1212011,0.6635757340333476,0.6641253774088948,-0.2669282753109457,-0.8019457726440625,-0.4018226199070701,-0.0699969757954158,-0.7344843675741187,-0.9019605465546078,-0.4490591724810055,-0.6473282460384162,-0.0013034754771202,-0.7656838790956451,-0.0953277169800891,0.2720859578019192,-0.5872171611931188
2015-07-13,CCI,81.85,82.02,80.75,80.89,1552007,-0.3774282642757069,-0.368273522800005,-0.3825662406111715,-0.904374494371658,-0.3964047845068596,-0.0430829133550883,-0.7366640917748015,-0.8937839115253492,-0.4889117094250387,-0.2748143866176865,-0.0011631538234318,-1.1738371374446572,0.6632978870942411,-0.9124462240867388,-0.2828445914806738
2015-07-14,CCI,80.75,81.8,80.73,81.53,1554375,0.4595882566032619,0.4631756073181894,-0.1591909249782376,-0.6781634049880638,-0.3644188533912647,0.0468341576090272,-0.7541519032182642,-0.8582644690064174,-0.3647430431949371,-0.2596312208178511,-0.0013201648510055,-0.5933525033482876,-0.3779776810466581,0.7034715906335355,-0.497558176312909
2015-07-15,CCI,81.48,81.48,80.67,81.24,1635137,-0.254446194831265,-0.2454075258286406,-0.225353616916021,-0.5726176682036221,-0.3481656086764527,0.0782721504168479,-0.786710553325975,-0.8634056915593628,-0.4667687462400099,-0.1510510710925711,-0.0011588889616898,-0.8563846031732104,0.45925719483978,-0.248854946025357,-0.7603773700782624
2015-07-16,CCI,81.78,82.08,81.51,81.69,2030792,0.3118601469330463,0.3172391499807275,-0.0658904315337153,-0.2780417503811281,-0.3156324862837846,0.1453266695540752,-0.809926325620283,-0.8501094311943593,-0.3292779189827237,0.3104345188076352,-0.0013437586494393,-0.4482313448241983,-0.2549635289013109,-0.1094623158881332,-1.009804865684779
2015-07-17,CCI,81.69,81.69,80.84,81.09,1847030,-0.4902713827401151,-0.481225031677818,-0.2204098208122495,-0.3583251264483498,-0.3115677117737684,0.125693247485567,-0.903999389951527,-0.8963761949663642,-0.5913641873080873,0.248424021736568,-0.0011473299401865,-0.9424849447038852,0.3114905468950073,-0.5812323434397559,-0.7177299864032427
2015-07-20,CCI,81.17,82.08,80.87,81.99,1698095,0.6579921644796853,0.6586336289397936,0.082762768538787,0.4002904732147875,-0.2714928206882225,0.2026759299958715,-0.9466090084673509,-0.855771342984201,-0.3093931185094949,0.1717670048649072,-0.0013274833423917,-0.0323497407549682,-0.4908502372334535,0.7369268128460916,-0.3613880575240867
2015-07-21,CCI,81.52,81.81,80.57,80.79,2051127,-0.9442003972204204,-0.937683165111094,-0.2743455938484129,-0.0228531614485372,-0.2853665491564164,0.1253992579775183,-0.9902415185681318,-0.7726477909660293,-0.4997277070234993,0.6403503327807388,-0.0011370832751885,-1.071108001930284,0.6577128609380611,-0.7028720362218983,-0.3121722043264032
2015-07-22,CCI,80.84,81.34,80.41,80.61,2657428,-0.1717068581246594,-0.1628832611076653,-0.297031199097736,-0.3563182068725179,-0.3016643334606039,0.0573384423701763,-1.0617459295785368,-0.7763750588751905,-0.5593783555995209,1.3364486573643224,-0.0011108783728741,-1.2702400026315022,-0.944897669535719,-0.2412709123947806,-0.6298178935680847
2015-07-23,CCI,81.38,84.32,81.38,83.26,4500240,2.013695426632374,1.9779454171447133,0.5425389912514673,0.4024913388000464,-0.2095683898282768,0.2818933796365696,-0.9595274591021096,-0.3993551270567377,0.0201021403522986,3.1935013219900665,-0.0014558341789736,0.6059114292263758,-0.1722026077360549,1.7190429490432206,1.351531323815179
2015-07-24,CCI,83.0,83.23,82.32,82.43,2819384,-0.6536322564052915,-0.645108756105351,0.2659387465306319,0.2507319209640791,-0.1689949355929843,0.3289193286815488,-0.9327855307926488,-0.3702936331800478,-0.0760445735610934,1.0852396824007369,-0.0010980798948282,-0.0494497764926904,2.0137697894623794,-0.5451661597879397,-0.671268313414948
2015-07-27,CCI,82.56,82.93,82.19,82.56,2202663,0.0651908412721473,0.0727921566815894,0.2912036800965958,0.0680779371206951,-0.131899631681068,0.3575873888601814,-0.8912304870344269,-0.3781635546467892,0.0162400052626889,0.3806472919631684,-0.0013501044035165,0.0531971593428223,-0.6542537273391654,-0.0263165508545973,-0.8443249179364486
2015-07-28,CCI,82.74,83.0,81.96,82.26,1918156,-0.2592243769854851,-0.2501766486656042,0.1649672582039961,0.3450453081723578,-0.114682180145005,0.3293565871772217,-0.8893223023803388,-0.4347421606795979,0.1610812050598478,0.0474509595844384,-0.0011454201685112,-0.1836803848929827,0.0647568918733292,-0.4646155220538343,-0.5376587689281481
2015-07-29,CCI,82.31,82.5,81.41,82.12,1682459,-0.1389542882474354,-0.1302461916319365,0.0902307420539294,0.3234276348948835,-0.1070096135184526,0.282203576385295,-0.9095719163845624,-0.4352963540849218,0.1653937865683225,-0.218013067084847,-0.001160264795853,-0.3408284142396649,-0.2597429575542248,-0.2007162493175926,-0.4851191187590294
2015-07-30,CCI,81.96,82.01,81.05,81.47,1882202,-0.5257837241778088,-0.5168141529532829,-0.1256129599815865,-0.1482863834871164,-0.1267453077155542,0.173932776214333,-0.9140121174970536,-0.4363903527910616,-0.0950134020708782,-0.029628461238583,-0.0011531378115934,-0.9434984220416458,-0.1394414935978017,-0.4780048711160657,-0.6092786691990602
2015-07-31,CCI,81.96,82.61,81.454,81.91,1351596,0.3032447388235166,0.308717605558917,0.0031577068815082,0.1307254125822071,-0.1253210270394502,0.1417815471403685,-0.9141902406023972,-0.4284669732552291,-0.0226213263042617,-0.6077860016541752,-0.0013050181016712,-0.5750752793528069,-0.5263718428820516,-0.0724071957792348,-0.4151301100585317
2015-08-03,CCI,82.08,82.26,81.45,81.88,1295815,-0.0557984008219037,-0.0474607534399582,-0.024592909543328,-0.0716712552933377,-0.1256210022422398,0.1116223589313264,-0.9284427749048476,-0.4360149437998959,0.0361998142859061,-0.6619996713444725,-0.0011815990361829,-0.6315465550602303,0.3028728912581526,-0.2104095946179285,-0.7668723111784526
2015-08-04,CCI,81.97,82.71,81.71,82.0,1292350,0.058246806237871,0.0658966964983095,0.0083536884064176,0.0707848948642557,-0.121432401654453,0.099048525179931,-0.9242474903216092,-0.4716275077933388,-0.104521746633641,-0.6551419813104187,-0.001302342084666,-0.529525638310073,-0.0562639130467856,0.0013344623796857,-0.5749719570968946
2015-08-05,CCI,82.18,82.89,82.01,82.25,1699162,0.156815046882983,0.163703592595585,0.060748584320294,0.0069693931977225,-0.1087169166431445,0.1109375118979249,-0.949006328388486,-0.5409339020484925,0.1480686373056204,-0.2461263987915787,-0.0013228354300825,-0.3169820617472536,0.0578110453278296,0.0380376102701578,-0.6996526996436259
2015-08-06,CCI,82.43,82.68,81.89,82.04,1777454,-0.1919527345374272,-0.1830663486478892,-0.0325109467113755,0.159587587251579,-0.1073630113087734,0.0912041907691059,-0.9943105627666828,-0.5378664779602085,0.1246473569671989,-0.1857935980750133,-0.0011563982851135,-0.4955186660600165,0.1564049997651851,-0.3837737413505741,-0.7887973408630348
2015-08-07,CCI,81.77,82.49,81.77,82.34,1615131,0.1946662101122892,0.2012213736641959,0.0476302809910018,-0.0501967945336411,-0.0950834196496465,0.1035400623844859,-0.9917724673550048,-0.5725121532750113,0.0130805806330902,-0.3729392661944078,-0.001318771630766,-0.2404663741846356,-0.1924537657512583,0.5003376932626643,-0.8625721538626936
2015-08-10,CCI,82.84,83.64,82.56,83.55,1536718,0.8818961766869439,0.8784745892152322,0.3922762573432509,0.9040313329565356,-0.0389782643984095,0.2262150059226658,-0.9419573207674352,-0.5243923200585858,0.3154779485290064,-0.4534560355926266,-0.0013171182104147,0.7882445363794054,0.1942660373408435,0.6212180636303527,-0.5140273344836755
2015-08-11,CCI,83.26,84.735,83.18,84.18,2002059,0.4364541499357917,0.4403447748299252,0.5505205902141653,1.1441746727215132,0.028257646320345,0.3530053337149269,-0.8339079420891568,-0.5259340866500878,0.3098854472404261,0.0047612490139533,-0.0013423212348307,1.016307479758075,0.8816752836557915,0.8085098045097142,-0.0518247777237222
2015-08-12,CCI,83.95,85.0,83.68,84.95,2108071,0.5364823232337033,0.5390012013921202,0.7354760477295589,0.6395329849459658,0.1088950118572642,0.4889327099498032,-0.6970423543474287,-0.5187568506147521,0.5032160428159718,0.0877290860959681,-0.0013515006933455,1.4066676243340377,0.4361170531085946,0.8736451544517762,-0.2963276171051895
2015-08-13,CCI,84.86,85.49,84.65,84.85,1856002,-0.1062839035562116,-0.0977081472494935,0.6516868270288928,1.1614460804660744,0.1652639423977635,0.5352080770286906,-0.5973311411097997,-0.5190499086323693,0.4006402797883635,-0.1589512333064761,-0.0011430176006377,1.024084227790682,0.5361713210557547,-0.035219660112258,-0.7662641254126564
2015-08-14,CCI,84.67,86.56,84.37,86.07,2348367,0.8621696110233277,0.8591373148086224,0.9576064097183196,1.4345400936010038,0.2533341768002328,0.6538269811067622,-0.4460170359442509,-0.5039795228613011,0.7344717073513216,0.3115009720245492,-0.0013644724684441,1.178025263843805,-0.1067625860854443,1.222915753676611,0.5292347340635436
2015-08-17,CCI,85.91,86.5,85.53,86.34,1881207,0.1623062704677205,0.1691478610583458,0.9714013575842988,1.707120371000864,0.3282761890508474,0.7149302865476387,-0.2935932908741513,-0.5271286197303114,0.6117216160241844,-0.1656603653250297,-0.0013447259871871,1.323964941097383,0.8619435718638906,0.3518381182060782,-0.6550182067136576
2015-08-18,CCI,86.24,86.44,85.16,85.33,1699549,-0.7612867295650713,-0.7533453908178178,0.577835493393936,1.1227940463633403,0.3422773865125242,0.6069523227062938,-0.2910204385744686,-0.5594615478047619,0.6578347821012839,-0.3321931838881171,-0.0011470256370336,0.7780424447043857,0.1618976558618706,-0.8235350630998142,-0.3411621764576845
2015-08-19,CCI,85.11,85.89,84.67,85.43,1192919,0.0399654447000699,0.0477395436397884,0.5314257597313158,1.5629274600537275,0.3515602915217606,0.5084251480842259,-0.3201643683069503,-0.5675897761050641,0.7106916233971778,-0.7970250213510156,-0.0013076308246462,0.7611500521366249,-0.7619362846438867,0.257746088686596,-0.4011582869200347
2015-08-20,CCI,85.04,85.55,84.28,84.39,2206108,-0.7909073037156588,-0.7831593656629835,0.1859971670331748,0.817495466152311,0.3126866085989957,0.3056491800467329,-0.3089965911022111,-0.8744846305360039,0.0318480677712116,0.4077679488507865,-0.0011197702884722,0.1337183281910329,0.0395249146764738,-0.6037937422269629,-0.3371126039182975
2015-08-21,CCI,84.39,84.5,82.62,82.67,3142889,-1.3019120816528946,-1.299773743538471,-0.3589006606808147,0.0710827858110929,0.2100695595045688,-0.0206459215915959,-0.3142424004062459,-0.7344257770710599,-0.1247161601410935,1.4181608368606389,-0.0010749961024901,-0.9039572152574392,-0.791564586002395,-1.5661799289326683,0.3039321216458924
2015-08-24,CCI,80.7,81.93,78.31,79.93,4838055,-2.096465533146105,-2.1117103967241877,-1.1811570983599704,-0.716136163701486,0.018995275749732,-0.509369402160893,-0.1839674264343447,-0.3688394154460013,-0.6353260925572922,2.928479763165606,-0.0009992500565656,-1.2285544106245343,-1.302702671287001,-0.747194798358459,2.1831526432104784
2015-08-25,CCI,81.33,81.89,79.5,79.53,3750568,-0.3445588479989272,-0.3354112481141666,-1.266058056616521,-0.8727994734285727,-0.1481629325916988,-0.8387886202082601,-0.0487102255279735,-0.366547111642698,-0.6548861423346751,1.6391007459533782,-0.0010691954232928,-1.389726848803567,-2.097463400319552,-1.6984327845794946,0.9131983360186549
2015-08-26,CCI,80.71,81.85,79.75,81.64,3470282,1.6187637849628882,1.5965082154390935,-0.5927158056375085,-0.2755231169665532,-0.1970216335744113,-0.7978230991853165,-0.0362036884842655,-0.1513880391964764,-0.2533213696934301,1.22196497941682,-0.0013938083684979,-0.5395422374091838,-0.3450996900267788,0.8442467027600435,0.552426765162012
2015-08-27,CCI,82.25,84.7097,82.07,84.02,2994817,1.7819736929431034,1.754426387478064,0.1180010760294675,0.1262932215393658,-0.1421338150395846,-0.4980089270852334,-0.0615660086216501,0.0353246928863802,0.2922100672475827,0.703282591331258,-0.0013806143708793,0.419433769756043,1.6187351207923322,1.5995394945439645,1.0270391796913378
2015-08-28,CCI,83.8,84.0,83.2,83.75,2037156,-0.2330635284672704,-0.2240698994949716,0.0037611543558184,-0.1490670487247768,-0.1096925163000766,-0.3159345449501149,-0.0809772400858089,0.0367094124447654,0.1624369938074126,-0.2039315052053932,-0.0011439966203394,0.3106423739851993,1.7819876058302129,-0.0713951816185984,-0.7952321088672023
2015-08-31,CCI,83.56,84.21,83.07,83.39,2433722,-0.3006126818515595,-0.2915018611480973,-0.1333457990519228,-0.3496305525095903,-0.0987088656508762,-0.2255066560413158,-0.1056916365843259,0.0432470322174728,0.1033668433097738,0.0997878074655814,-0.0011288311024321,0.1655871796240724,-0.2335752843770803,-0.1800241080264503,-0.4519956880662158
2015-09-01,CCI,82.0,82.56,81.01,81.46,2032552,-1.4739123684175313,-1.4746363262959308,-0.7321695106260853,-0.8460498635891455,-0.165746131743712,-0.3539888415082144,-0.0865704135753621,0.1721836145432952,-0.2641932514190175,-0.2820558425852686,-0.0011513511409993,-0.6120698345897501,-0.3011420595113873,-0.5238526970333084,-0.0055353926357617
2015-09-02,CCI,82.26,82.75,81.45,82.27,1585377,0.5860686558661587,0.5878493102579672,-0.4775961838005487,-0.6536449981081643,-0.186541394011241,-0.3377484680736979,-0.0870534362475363,0.1924460819230054,-0.1639057522616042,-0.666382741381632,-0.0013116962247288,-0.2856956472772132,-1.4747478282817517,-0.0171320401373105,-0.2744025794393996
2015-09-03,CCI,82.5,82.8,81.98,82.32,2024011,0.0048415876147503,0.0128393781378482,-0.4662100385229447,-0.9163798987247602,-0.2004396043663918,-0.3070032764337181,-0.0943316673239107,0.1907775745273464,-0.1173522073294592,-0.2944436980590428,-0.0013330284567733,-0.2655490925048356,0.5857705894233626,-0.1911568093865382,-0.7611549898350345
2015-09-04,CCI,81.31,81.69,80.7,81.04,1843596,-1.0010510478886734,-0.9950884109735036,-0.8490349286513645,-1.1529398460029063,-0.2605222446995837,-0.4012850508380196,-0.0487901604683375,0.2396411984084604,-0.3993510616128298,-0.4581649290741983,-0.0011576725654087,-0.7813008946777266,0.0043918947253268,-0.2771956800309177,-0.5732161664799432
2015-09-08,CCI,82.26,82.49,81.67,82.37,1498338,0.9887609889461934,0.9831256455060224,-0.4119010163326764,-0.7169192566505804,-0.2545569471206602,-0.3067042151655149,-0.0392261936169629,0.251752061287797,-0.3748991930598681,-0.7541397788760797,-0.0013097653016279,-0.2454025377324523,-1.001763151003534,0.0747130670356489,-0.7616589165724686
2015-09-09,CCI,83.21,83.36,80.67,80.8,2042418,-1.2196552499567423,-1.2163222957800746,-0.8548232544379892,-0.9472943864306048,-0.3097433568156051,-0.3884429884473359,0.0111793198561673,0.30324550058564,-0.7571720954956095,-0.2871905094949818,-0.0011490393527754,-0.8780043575851482,0.9885679740587776,-2.2145127080079754,1.1832665846280412
2015-09-10,CCI,80.5,80.85,79.04,79.29,3224993,-1.1964816448196782,-1.1928324331254758,-1.2460497125816823,-1.0030045533018408,-0.4098773153258829,-0.5695282239687,0.1076652281423731,0.3285771347790319,-1.1460039688277273,0.6657276075515679,-0.0010996330439609,-1.4864303117109827,-1.220424381004726,-1.161939656993334,0.3111474729862987
2015-09-11,CCI,79.11,79.19,77.84,78.63,3486718,-0.5512241266569746,-0.5423221413869755,-1.3612735050761209,-0.873099997648336,-0.5110143988201156,-0.7169784388260804,0.2175906686469259,0.3323580032195553,-1.244086708158101,0.7895867301198587,-0.001095605399458,-1.580144136788651,-1.1972447304998626,-0.4847270789423982,-0.1604430658927636
2015-09-14,CCI,78.76,79.18,78.37,78.71,1775105,0.03034673959978,0.0381840524996551,-1.223732775239888,-0.4328595870180844,-0.5829935684471526,-0.7598866423600917,0.2201153448254487,0.2658840395978212,-1.4233501279978238,-0.584695616392678,-0.0013138300915239,-1.5473492127813702,-0.5518188820752306,-0.0742798476807066,-0.73366799752936
2015-09-15,CCI,78.93,78.966,77.75,78.37,4208467,-0.3019292503889667,-0.2928168754600809,-1.2103349013067748,-0.421813781149623,-0.64764893921227,-0.7753618729930996,0.1740458506110526,0.2531899831451791,-1.523184613150137,1.2596639044159568,-0.0010696578138629,-1.6441344822329955,0.0299037003157672,-0.5623484739492813,-0.2981953448319865
2015-09-16,CCI,77.55,78.54,77.4,78.35,2188151,-0.0488842751554694,-0.0405824110417061,-1.108954704820246,-0.9589424357243672,-0.6933791949271823,-0.7390291371488522,0.1499221178981567,0.2454487209096109,-1.368837733001474,-0.3425502339746962,-0.0011580137463068,-1.5093390089751282,-0.3024589715059733,0.7530700143082115,-0.3787064197388536
2015-09-17,CCI,78.37,79.05,77.37,77.99,2306242,-0.319057223645038,-0.3099271745544268,-1.1096081127953537,-1.869865939806072,-0.7369893641083335,-0.7045058822320271,0.0908511440619692,0.2389802669401023,-1.4465115794267096,-0.2883245971443631,-0.001156086397972,-1.629347705394557,-0.0493479836716743,-0.3926516071386264,0.2039401528276983
2015-09-18,CCI,76.65,78.26,76.65,77.41,2977477,-0.4959997839053389,-0.4869644344335889,-1.1890168719413274,-1.9059243576742155,-0.78700108417301,-0.6933647600725259,0.0938583415848683,0.2275571655570077,-1.3822194030606203,0.1902672511537257,-0.0011342597435632,-1.5678447200044665,-0.3195914129877426,0.7227944305146988,0.1420281648858848
2015-09-21,CCI,77.77,78.2,77.3772,77.65,1442884,0.1600271968353899,0.1668883337579745,-1.0321648291140515,-1.7607744215305805,-0.8095544808917559,-0.6137746107369709,0.1381948376832371,0.1748590602819061,-1.059293552858742,-0.9261012553694123,-0.0012932867500659,-1.468857962558627,-0.4965801327838512,-0.1428938199719392,-0.7082220445385303
2015-09-22,CCI,77.02,77.47,76.41,76.58,1594169,-0.8908981695614143,-0.8839092586017687,-1.3291208791012468,-1.641362494818007,-0.8613062720743995,-0.6252586559794735,0.2698308843419707,-0.0168798960638166,-0.7830148064179965,-0.7269449961929503,-0.0011857905079141,-1.8132146782860756,0.1596179876807735,-0.457928930374289,-0.4377418831942414
2015-09-23,CCI,76.43,76.98,76.375,76.83,1866121,0.1702490519423524,0.1770218773866778,-1.2050782440827577,-1.9051009108257408,-0.8839871182744635,-0.5596177802334484,0.3664517855492565,-0.0129006535033733,-0.6660772728553248,-0.4404444150274066,-0.0013079978776833,-1.6998322344755756,-0.8915815367648923,0.3690872704745583,-0.935053953796677
2015-09-24,CCI,76.59,76.84,75.78,76.78,2730415,-0.0735127926928403,-0.0650869540368849,-1.1449826795331162,-1.936647043612281,-0.8953052518869055,-0.4778576530408147,0.4368663691587242,-0.2314318389402254,-1.0417619896336772,0.3398517350610871,-0.0011448796475981,-1.5090415068816343,0.1698425093937021,0.1611079063916376,-0.4407467855487337
2015-09-25,CCI,77.46,78.79,76.94,78.75,3188963,1.5644034603632464,1.543820866412896,-0.4122979116587764,-0.8617007744943027,-0.8189995845016268,-0.1869073959285956,0.3000238376624821,-0.2924361539232623,-1.0886637619201345,0.728606966200936,-0.001353076974233,-0.7101498592467357,-0.0739829261242012,1.2319045033282952,0.3665248558814957
2015-09-28,CCI,78.26,78.75,77.07,77.57,3599188,-0.9658783827129456,-0.9595663483582092,-0.7016030077821978,-1.6204449563534906,-0.7974698411365906,-0.0951394757204675,0.1743459652487448,-0.2541578226671313,-1.251212782827429,0.9835631202104558,-0.0011129840622582,-1.1754564089717856,1.564360615051951,-0.6924388580450552,0.2136605460333711
2015-09-29,CCI,77.78,78.33,77.25,77.53,1965609,-0.0651002263692535,-0.0567156441142462,-0.6197450008167701,-1.3428543750701902,-0.7747469289947756,-0.0186539436624777,0.031305194764746,-0.2514598593725448,-1.1995333135151869,-0.3744053040306135,-0.0011750264568473,-1.1138466255498234,-0.9665813102292662,-0.2691546363536654,-0.4303780979706745
2015-09-30,CCI,78.11,78.93,77.79,78.87,2400338,1.043048974981261,1.0362213546303165,-0.1317845033245792,-0.3402738907770073,-0.6976563046189982,0.1824760373548851,-0.0323957636411038,-0.2601327583409409,-0.6344320596134563,-0.0207357052311502,-0.0013233926155654,-0.5261944804082729,-0.0655681651892339,0.708792356096595,-0.386701361899617
2015-10-01,CCI,78.9,79.67,78.28,79.59,2303877,0.5353542422148896,0.53788946638215,0.1527335622727191,0.1542796411811737,-0.6029708425864065,0.3886688314090545,-0.1584184186908722,-0.2653132716493353,-0.6459010740492315,-0.1307260626949572,-0.0013224690314884,-0.2104410889889335,1.042870122363407,0.6344024828681424,-0.1358169977282422
2015-10-02,CCI,78.88,79.97,78.39,79.94,2488734,0.2407860039956948,0.2469042537367234,0.3096453473417357,0.2368703845346276,-0.5099749272618098,0.5492742025109075,-0.3029784184919682,-0.2566542704552306,-0.5920880752431225,0.0032567850666159,-0.0013314182432331,-0.0569498570489791,0.535042945751066,0.9889584525695714,0.0558934827598979
2015-10-05,CCI,80.44,81.45,80.12,81.42,1985489,1.1196421293012626,1.1110550129775414,0.796940480494302,0.7422570906795153,-0.3753974527469442,0.7847887169375992,-0.2771682313965982,-0.217735870762334,-0.0986110956041694,-0.4154673840034824,-0.0013158172184029,0.5920987808685548,0.2403978626330525,0.8941303593550117,-0.229946562584011
2015-10-06,CCI,81.32,81.5846,80.49,80.75,2345235,-0.5453134727255851,-0.5363948477858291,0.601188845004024,0.4975505696001715,-0.2934258166009821,0.8377938061066621,-0.4088614797973793,-0.2792988325829817,-0.4563225272254556,-0.1528641962847662,-0.0011540176922993,0.2982727082977792,1.119483257769046,-0.5558851384279794,-0.461603719402153
2015-10-07,CCI,80.91,81.33,80.52,81.25,1802589,0.3525026411500278,0.3574230410994002,0.7603980165354073,0.7310559058060065,-0.2080823846222166,0.8888768218713808,-0.377220217568273,-0.3717463109991327,-0.0856830476924114,-0.5835027413062099,-0.0013087672960614,1.251259839187986,-0.5459066862138419,0.2911671588791818,-0.7604796404200477
2015-10-08,CCI,81.06,81.76,80.61,81.64,2838047,0.2658425369414706,0.2717092916683608,0.8499237238413039,1.0269413209156164,-0.1253495916482992,0.9230234946258224,-0.2633720410819536,-0.4899374776206533,0.2678035568844286,0.2735590177888238,-0.001349249073477,1.3761727681639373,0.3521436436412184,0.5142711051171828,-0.4173652010920541
2015-10-09,CCI,81.56,81.62,80.953,81.19,1743261,-0.376162589773409,-0.3670078003648152,0.6559821957394866,0.8081680970844718,-0.0782869869397673,0.8585263822828405,-0.1930362391527378,-0.5059635642418869,0.3106810913268296,-0.5685531562606152,-0.0011746542542817,1.1260253280553871,0.2654609321516462,-0.3690600588165182,-0.9066539499764849
2015-10-12,CCI,81.07,81.61,81.04,81.5,1008465,0.2047178579774778,0.2111806705656314,0.711256754171442,1.3054758578275676,-0.0301380155988392,0.8097249814188592,-0.1170077740264814,-0.504653733543145,0.3531109445339845,-1.1766303301107848,-0.0012811356249812,1.2983491201301662,-0.3767116763640608,0.3744145163589543,-1.0084491771453208
2015-10-13,CCI,81.13,81.96,80.98,81.14,1691026,-0.3080008712662809,-0.2988816901330718,0.5444763909936551,1.1055063618706185,-0.0077543878482608,0.7043643098665907,-0.076026318296391,-0.5042490967640971,0.3516214574046863,-0.5070491395575031,-0.0011773687944721,1.001806121011199,0.2043203074095249,-0.0170041158539183,-0.5847421630765677
2015-10-14,CCI,81.18,81.4752,80.33,80.48,1415990,-0.5394084752560563,-0.5304737931237884,0.2897182868865164,0.8572383258498291,-0.0174845069213342,0.537415541126492,-0.0672222241833105,-0.4738786442797757,0.2317872554443129,-0.734315988204436,-0.0011892544879096,0.6467964422552062,-0.3085321763052161,-0.6777855039505476,-0.405414953033265
2015-10-15,CCI,80.82,81.35,80.62,81.32,1480707,0.6168144875000547,0.6181180644681625,0.5114550302086105,0.6261078109124513,0.0060966155542099,0.4895990884403479,-0.0461290659719047,-0.4625298803897602,0.4596061365299005,-0.648068895348552,-0.0012975499340053,1.098626942490103,-0.540000148289932,0.441091177185925,-0.8431828846930661
2015-10-16,CCI,81.68,81.75,81.14,81.66,1176976,0.2273056385704925,0.2335550796931218,0.5517968722960712,1.2371403105439478,0.0360539917088923,0.4677582934967806,-0.0482011661818148,-0.4937441400236212,0.6388508561642381,-0.8858024990445368,-0.0012871793734612,1.281510716394708,0.6165244418144703,-0.0448160085334682,-0.968767883880962
2015-10-19,CCI,81.52,82.605,81.11,82.56,1173945,0.6531689550957541,0.6538893444689305,0.7648076312211521,1.4028923083994729,0.0924536082598275,0.5183475291288866,-0.0148226366069424,-0.4720222025355159,0.7611896070810955,-0.8811693059144051,-0.0012877871769002,1.4209610717262318,0.226913980544535,0.937543318709796,-0.0821840675901393
2015-10-20,CCI,82.57,83.25,82.46,83.17,2620308,0.4270015692803406,0.4310136886064381,0.8529689566360389,1.2876471567867895,0.1576442804914136,0.5814469436219256,-0.0428180854177512,-0.5708916300363563,1.0963564444613745,0.4880906375032864,-0.0013449874313623,1.4072784144424986,0.6528883933090478,0.5226851579534767,-0.7997009720825791
2015-10-21,CCI,83.57,84.26,83.01,83.13,3714715,-0.062938588439984,-0.0545647899248388,0.7334393974919443,1.1312982266876477,0.203689981669647,0.5826476492983378,-0.0995122647973044,-0.5637627180774873,1.0368086414044662,1.3937939212230883,-0.0010921640474343,0.9999158822270786,0.4266620065301084,-0.4241002707374101,-0.3381532745809905
2015-10-22,CCI,83.76,86.8,83.5,86.79,5345130,2.708065153204742,2.642943736049333,1.7517381888454244,1.611445848846209,0.3781677175362284,0.914190060219212,0.1003101228015773,-0.1179148295702106,1.747245122162463,2.623324206664154,-0.001448182839171,1.4395073713232722,-0.0634059633470016,2.7067530412684246,1.5775300602898994
2015-10-23,CCI,87.25,87.25,84.805,85.32,3954311,-1.0874875181399686,-1.0824701988658958,1.163879012836137,0.8369903492644885,0.4516868982954025,0.9195584060721276,0.1973368889134773,-0.1000030636223695,1.0578008958172476,1.3526481861367283,-0.0010785455691729,0.812655729868325,2.708320658345622,-1.6975480162953736,0.7969602150584706
2015-10-26,CCI,85.42,86.5,85.125,86.37,2021993,0.7331893692022632,0.7325533629091622,1.352733933788377,1.2409584078155775,0.5433156464938346,0.970466797593874,0.2507597808273348,-0.1891835891556743,1.4986521692944288,-0.2470330705920327,-0.0013219637743918,1.1503507768979482,-1.088222170195784,0.8139339279846295,-0.2645474558018204
2015-10-27,CCI,86.19,86.33,85.375,85.78,1604447,-0.4582854042206402,-0.4491873983558623,1.025233351660383,0.9547303815069612,0.5842809013553202,0.8807865511145161,0.1948823493643106,-0.1583873837748038,1.3953249789122923,-0.6067416750655138,-0.0011779714286104,0.9263304583196867,0.7329296825807228,-0.3857112824451817,-0.663479173134463
2015-10-28,CCI,86.13,86.3,84.53,85.99,1516780,0.1194192970590658,0.1266148754406729,0.9738761611309276,0.9264898520001456,0.616211402211813,0.7857870526519926,0.194839007488023,-0.1995138138550602,1.1583533098355496,-0.6581403522384368,-0.0013025138934263,0.9759368639902596,-0.4588559144359334,-0.1491221925876271,0.1241467456618843
2015-10-29,CCI,85.6,85.92,85.11,85.67,1200487,-0.2646807970875702,-0.2556231728211514,0.7721996311508423,0.9729727474574678,0.6200787310937528,0.6375533323161825,0.1811553048137479,-0.1897574995211,0.954450692849135,-0.9191135989496888,-0.001194332354253,0.8500788843419681,0.1189994943999751,0.035466451028971,-0.803345656697087
2015-10-30,CCI,85.87,85.95,85.19,85.46,1629447,-0.1856070839610231,-0.1767396700286363,0.6157995250307767,0.8472235313200525,0.6061949568653732,0.4732753222199826,0.1476220539749867,-0.179952241898993,0.8466555664397336,-0.486040894693059,-0.0011781713635572,0.6083366831855804,-0.2652008010889692,-0.3870505897016166,-0.850169521937726
2015-11-02,CCI,85.57,87.96,85.48,87.75,2014485,1.6352804122694384,1.6125076559599203,1.233711126675784,1.2875638441464683,0.6758296761257228,0.5568280786442797,0.2791098094234057,-0.0961248744129994,0.9743292213887628,-0.1191621957547117,-0.0013206831872171,1.3513875172174077,-0.1861064597659771,1.898457220909166,0.7640644848619624
2015-11-03,CCI,87.49,88.0,87.12,87.64,1382162,-0.1110403065826811,-0.1024442197986592,1.0857845711238288,1.4800187621453638,0.7167284345265581,0.5497044152098378,0.3345019136647492,-0.1281188920247623,1.0856540246693676,-0.6926438722598357,-0.0011876630945165,1.2868545861590797,1.6352560568409311,0.103215598809032,-0.754491902681083
2015-11-04,CCI,87.8,88.179,87.14,87.34,1343617,-0.2461111873873142,-0.2370892005385363,0.8927594707507218,1.2769079681029711,0.7272548254347558,0.4658275333848558,0.3607281656463514,-0.1151520426505936,0.9333364234156636,-0.7155833367416412,-0.0011902388816941,1.0875483521528495,-0.1115202299290214,-0.4221459491896288,-0.5998978313292271
2015-11-05,CCI,85.76,87.08,85.17,86.54,2107323,-0.6032551453972779,-0.5945241350057782,0.5646296138608601,0.9557917505841294,0.6944116764036359,0.2870935787110103,0.345882825814088,-0.0750465198022899,0.7140038518533762,0.0775421109065981,-0.001161942192463,0.7487350982410157,-0.2466263470789969,0.6608382115657235,0.2480687634286973
2015-11-06,CCI,86.71,86.71,83.97,84.72,2269916,-1.3423284702231022,-1.340818345299073,-0.0567827712145478,0.2831335653503188,0.588278548021642,-0.0445407302184189,0.2613836538482134,0.0473888450323,0.4710686815193225,0.2116556769647155,-0.001158170782163,-0.0220650544084122,-0.6038634743032754,-1.7602348125237826,1.1040721590571685
2015-11-09,CCI,84.37,84.58,83.54,83.94,1501973,-0.6061932721462587,-0.5974732297142178,-0.3365724853630332,-0.0227836112127322,0.4663974086219439,-0.3503832866255827,0.1855029335725322,0.0759702423567506,0.2722185205294691,-0.5694347579638431,-0.0011884246777881,-0.3524079769724522,-1.3431296034015807,-0.4113736519450636,-0.5587471346096199
2015-11-10,CCI,83.83,84.42,83.58,84.33,1345284,0.2562657466128918,0.2622297977722639,-0.2648244296779238,0.0635580386704361,0.3790883887694995,-0.5060692911824191,0.074422701189177,0.0686997977295759,0.4099212874513638,-0.712100040516752,-0.0012903971210654,-0.1872365156904323,-0.6068023675301837,0.4243084351913888,-0.7611765992503157
2015-11-11,CCI,84.43,85.08,84.21,84.63,936284,0.1884839907390361,0.1950951585954632,-0.2359116257824204,-0.7871344275468741,0.3163591199537316,-0.5673502387904398,-0.1114880435779808,0.0428889854056957,0.5898438815633801,-1.1060752954387074,-0.0012764789592397,-0.1178462479901324,0.2558816434970827,0.1526525008106063,-0.7345763205900543
2015-11-12,CCI,84.2,84.84,83.93,84.15,1000684,-0.3861079182651805,-0.3769542027061449,-0.4272872121160401,-0.546224271553657,0.2432547903253902,-0.6430802248057409,-0.2526433834609033,0.0415701454707239,0.3436265320493488,-1.0294718427472622,-0.001206171257643,-0.4517495423828377,0.1880822051935008,-0.0711810313536863,-0.6900739652736725
2015-11-13,CCI,84.32,85.3,83.58,83.66,2216451,-0.395520563245447,-0.3863693359781247,-0.6085722244194826,-1.0674035924229708,0.1624658782388167,-0.7234441965783405,-0.3718989472658247,0.0530233656097215,0.1922230139986263,0.1462680164378843,-0.0011628320803357,-0.6821709532396565,-0.3866595993234717,-0.6176848882112148,0.1221147547899178
2015-11-16,CCI,83.66,84.625,83.24,84.58,1360430,0.6516488828231727,0.6523940706613123,-0.3561438221564574,-0.564329988163061,0.1314360112094709,-0.6596564486019323,-0.4619386177897374,0.0529098321531409,0.1918596542969123,-0.7058312811304113,-0.0012903645416702,-0.6490480450191319,-0.3960746998086342,0.804518284761379,-0.2266148662926628
2015-11-17,CCI,84.41,85.6,84.18,84.85,1293970,0.1657468054303967,0.1725587322991059,-0.2987711021828666,-0.5433062697884501,0.1144551310629809,-0.5724643998322386,-0.526335051824254,0.0446711979948913,0.1291853466777956,-0.7287488486048234,-0.0012888283952735,-0.697999626245128,0.6513679244906585,0.3675086531568545,-0.1965799973539776
2015-11-18,CCI,85.01,85.94,84.74,85.87,1563541,0.7154211431421819,0.7150949492914409,-0.027655324515319,-0.1311050632247998,0.1378551562021467,-0.3987710057529535,-0.6085583313666428,0.0707306113200881,0.3165979411839532,-0.3637776267212778,-0.0012993781556403,-0.1111878948924953,0.1653390883672102,0.7379998264892939,-0.426667662138974
2015-11-19,CCI,85.95,86.17,85.33,86.15,1233928,0.1700114158932378,0.176786313217778,0.0681101553309113,0.0093523296950065,0.1638346971504147,-0.2531766612022685,-0.6264893829667537,-0.4404531525441307,-0.2757773494333224,-0.5552709403812425,-0.0012883638268645,0.0772654014192886,0.7151568212702762,0.1494874867497566,-0.7787142438476112
2015-11-20,CCI,86.42,87.35,86.2,87.05,2358117,0.617407134530654,0.618701370165287,0.3172741394469832,-0.4217775357236245,0.21566158577108,-0.0701705576051154,-0.5951008130764156,-0.5056574683075361,0.130316424252542,0.9436413370786498,-0.0013314178480711,0.6830081395643001,0.1696048113517594,0.5244543893339676,-0.4903246099986219
2015-11-23,CCI,87.17,87.78,86.955,87.4,2102580,0.2173234644095604,0.2236681973863771,0.4084525162672117,-0.2666987721326761,0.265749702230405,0.0717587556616108,-0.5579189711792987,-0.5471495363257689,0.007666572388444,0.6131484496307835,-0.0013244166085715,0.9185747599540348,0.6171172434506759,0.1730285287244827,-0.8046395865561842
2015-11-24,CCI,87.0,87.165,86.22,86.73,1652383,-0.510260174905792,-0.5012545241514077,0.1884856200614437,-0.3787810833709288,0.2742194520937888,0.0781772471012073,-0.5432250625242093,-0.5425912038860078,-0.0048257251567573,0.0410349417583247,-0.0011765481359556,0.4676329437794095,0.2169292023039234,-0.2607876082491561,-0.6832515826645039
2015-11-25,CCI,86.68,86.96,86.18,86.35,864757,-0.305774254160432,-0.2966575000528189,0.0665923866100465,-0.2508495935836856,0.2612687668732008,0.0281762090912898,-0.5389281526543563,-0.5360078358559801,-0.1059912208304125,-0.9302508859382996,-0.0012088905268241,0.2118748987848403,-0.5108442439352282,-0.3139502507041136,-0.8385054827055658
2015-11-27,CCI,86.41,86.68,85.86,86.07,741058,-0.2348750297291996,-0.2258772999800767,-0.0252602168133167,0.3406561006523354,0.2355739889794297,-0.044627696472765,-0.5377929665476917,-0.5372465165319543,-0.0989042894194659,-1.0754142914080531,-0.0012140769497697,0.0234216024730564,-0.3063049783350918,-0.32359240960428,-0.7973247749190572
2015-11-30,CCI,86.18,86.27,85.57,85.91,2258198,-0.1487307473595036,-0.139986373485449,-0.0811209431822433,0.6534507070231649,0.2048561970718412,-0.1157999725263214,-0.5391499754966477,-0.538248764132034,-0.0901431411093914,0.8491615224933299,-0.001156350966672,-0.0842659954193888,-0.2353872582107709,-0.2630185930143524,-0.9122574164034658
2015-12-01,CCI,86.18,87.33,86.11,87.28,1544962,0.959827974793174,0.9548094499479036,0.3453479189736762,0.9154440325431202,0.2300809695838733,-0.0287425955827861,-0.5624544557314626,-0.7089055462728687,-0.2461399499820458,-0.0347882799828543,-0.0013000081562293,0.8378090615346959,-0.1492205031240484,0.9380251023888074,-0.4263852160997212
2015-12-02,CCI,87.07,87.45,85.665,85.83,1432947,-1.067301203144952,-1.0620520751644644,-0.0706530939339347,0.2029921454357522,0.1891298088760759,-0.1294324069425694,-0.616992585868444,-0.6118543559308915,-0.4707934105549102,-0.1835201277162965,-0.0011884434732289,-0.1381097943656114,0.959627412063674,-1.1022808738014502,0.1419096279760318
2015-12-03,CCI,85.7,86.28,84.36,84.76,2338275,-0.8091360887639027,-0.8015143098225447,-0.3592955598906612,-0.0019663788735745,0.1115827975906978,-0.3041813454336011,-0.6521298210879978,-0.5682108263057317,-0.6013136540558792,0.8980489968957235,-0.0011558571523356,-0.7683609489252428,-1.0680305891362971,-0.8550059096742202,0.296529446846607
2015-12-04,CCI,85.06,85.8,84.68,85.11,2562172,0.2240864619565849,0.2303668064580021,-0.2300632929616605,0.2621483920949561,0.0614956795160116,-0.3732992038136022,-0.666440155434819,-0.5813776604066638,-0.4101597069491428,1.1347677852437998,-0.0013349888938252,-0.512091447140033,-0.8097981264484073,0.0180943268555282,-0.4946048021666711
2015-12-07,CCI,85.08,86.68,84.85,86.44,2911272,0.9399000898716856,0.9352988706209312,0.1516657391770328,0.3656970095444912,0.0716225067935783,-0.2736038317408064,-0.6633889726102669,-0.6576637166805381,0.1306919026424813,1.498172326314621,-0.0013511685614312,0.4617326596437789,0.2236939641343796,1.181375360502234,0.1730649519957754
2015-12-08,CCI,86.11,86.7,85.43,85.97,2344058,-0.3715115176506326,-0.3623567743316668,-0.0237658466679348,0.1383874685691818,0.0587772566985602,-0.2529772657841291,-0.7088599903952463,-0.6820841470047725,0.1877016960130166,0.7374789635129588,-0.0011518290337425,0.1175993286750636,0.939694328495143,-0.149150715556326,-0.3601631313488146
2015-12-09,CCI,85.48,86.64,85.31,85.4,2684175,-0.4457805187314635,-0.4366668243762068,-0.2147493404059376,-0.3327931706296902,0.0241896115722037,-0.2924405635424875,-0.7402757319089315,-0.6652457497905009,0.0188696408791426,1.0206238592254933,-0.0011419423138339,-0.2997538599465654,-0.3720593909021654,-0.0970248196056207,-0.2933924851988742
2015-12-10,CCI,85.32,85.85,85.01,85.42,2168039,-0.0184157064009836,-0.0102806284584581,-0.2206740750939513,-0.4185407456852187,-0.0040833036894514,-0.3077571957830777,-0.7609599522020306,-0.6685667099935122,-0.0303816629411688,0.3480486089950032,-0.0013212474366275,-0.2851098884159846,-0.4463477667598151,0.0622345334872644,-0.7717696752821551
2015-12-11,CCI,84.47,85.163,84.16,84.82,2750088,-0.4703037285954534,-0.4612231872727736,-0.4144552337573857,-0.9134115329982092,-0.0512090052059644,-0.3685372488520924,-0.7937676622090071,-0.661535280166527,-0.0505430438627482,0.8519860803078512,-0.0011401836775991,-0.7244290343335005,-0.0188714664903749,0.2867309785187196,-0.6058147995105516
2015-12-14,CCI,84.8,85.94,84.5,85.2,3679747,0.2459246625538219,0.2519921451269579,-0.3215708749010659,-0.9013098987739556,-0.0744393725362209,-0.3556551124608641,-0.8830686541090981,-0.6722809333485733,0.1028707225109457,1.6887232485869963,-0.0013750049346051,-0.4461935752524041,-0.4708773740670327,0.3300597942419645,-0.1827459971582734
2015-12-15,CCI,85.78,86.16,85.39,85.8,2492933,0.4054408407411045,0.40972481773543,-0.156784580509898,-0.4924420276702391,-0.0701240213360783,-0.2744471980395807,-0.92268043126021,-0.6973149511874707,0.0443649799676125,0.4148552113204539,-0.0013368223289463,-0.3753199892811866,0.2455378617284328,-0.008701306004876,-0.8433931104780656
2015-12-16,CCI,85.16,86.23,85.0,85.97,2692180,0.0903590429011996,0.0977778683130259,-0.1219607984634364,-0.315934070101768,-0.0610065118404777,-0.1971201937173522,-0.9524218360134764,-0.6990834112027027,0.0263820421615128,0.5237723388018304,-0.0013479119002367,-0.2192120165283609,0.4050956533790232,0.6922948392344224,-0.3989398483798315
2015-12-17,CCI,86.22,86.4199,85.2704,85.66,1964606,-0.2574928631582452,-0.2484483753071435,-0.2133980177584343,-0.3254915820319347,-0.0669059548393014,-0.1739119674691585,-0.9501932921501074,-0.7479661681653751,-0.2033937471840666,-0.1878116685232937,-0.0011629124792096,-0.503879496254101,0.0899316592065435,-0.5170263593661192,-0.4729452196237682
2015-12-18,CCI,85.43,86.13,84.78,84.82,4156918,-0.6435114703083658,-0.6349429633116251,-0.4498017443660978,-0.5259887263214328,-0.1051243669897945,-0.2385338567083809,-0.9208495380972692,-0.7178033279960325,-0.3942106799437828,1.6325315485426966,-0.0010785863545274,-1.275236538091588,-0.2580109920217853,-0.5657826511459209,-0.2648659890839066
2015-12-21,CCI,85.33,86.0,85.03,85.93,2972780,0.7817460180591591,0.7802382699828272,-0.0935305715449644,-0.6180799477615738,-0.0923594614171946,-0.1590011859387165,-0.954298652750622,-0.6919117679725476,-0.3564365759109314,0.5502749864649333,-0.0013535259879206,-0.2559433042349005,-0.6441303010024492,0.5049276902831347,-0.6505507874997419
2015-12-22,CCI,86.27,87.27,86.05,87.04,2588396,0.7712215948328763,0.7699059094904528,0.2514157296979619,0.2102421562939016,-0.0397958300566831,0.0070661857353474,-0.9799333306087212,-0.6319842597105655,-0.2279707463559207,0.1913523694427613,-0.0013432102165106,1.0286190469189016,0.7814989985560797,0.6480183810285918,-0.4231730690014193
2015-12-23,CCI,87.23,87.56,86.83,87.3,3048422,0.1529769549909247,0.1598980357466481,0.3220613049006601,0.7326686090365793,0.0102790601227063,0.1335141061171124,-0.9458151980282536,-0.6514428555633344,-0.0709551784058952,0.5124094199668981,-0.0013655192950569,1.1886766346237496,0.7709718297919791,0.0343119595344016,-0.894430115553268
2015-12-24,CCI,87.15,87.44,86.83,86.94,675782,-0.2897302183035691,-0.2806333138718258,0.202881376010539,0.4742225022014609,0.0337110051886487,0.166093960348561,-0.9237639614123144,-0.652342429156002,-0.067128782766481,-1.4752349221767789,-0.0012142233363862,0.836704471835722,0.1525659066185962,-0.2083690452171827,-1.006576668671751
2015-12-28,CCI,86.65,87.26,86.42,87.08,1401192,0.067258445673869,0.0748451494376223,0.2300260586828211,0.0827236455357128,0.0554553838959863,0.1878140769774765,-0.8929435234216085,-0.6571812446546534,0.0048643424159068,-0.8804591214043681,-0.0013011715930691,0.973582535142178,-0.2902567570225277,0.3486086380548263,-0.7873927805668314
2015-12-29,CCI,87.52,88.15,87.28,88.0,1067785,0.6247599801303397,0.6259378628408032,0.4783622947390932,0.6203740535732729,0.1059773600167773,0.279263210627571,-0.8085780439457279,-0.6254144864007232,0.1898142677627609,-1.1351357035855518,-0.0012882193520951,1.3179095214619607,0.0668250356572057,0.3880442452722984,-0.7673858584626004
2015-12-30,CCI,88.03,88.03,86.94,87.02,790960,-0.7263241879222379,-0.7181730323963676,0.18343301219846,0.4229551563091131,0.1045465845271946,0.2186970292491746,-0.8200270851763717,-0.6627160893919011,-0.2112269826501831,-1.35995198383828,-0.0012084348998391,0.5014438806866098,0.624472007209222,-0.8931494829467834,-0.5474082869248713
2015-12-31,CCI,86.88,87.22,86.42,86.45,1093055,-0.4407997821253555,-0.431680543968942,3.212274766226838e-05,0.1744579422628871,0.0783803160537853,0.1065753510180828,-0.8178130424762972,-0.756087724440507,-0.0613874623381646,-1.0916738510017656,-0.0011959223078671,0.0265608039091175,-0.7269646222180687,-0.4002491891948548,-0.8200955886611285
2016-01-04,CCI,85.64,85.93,84.83,85.39,2487890,-0.7963681627566515,-0.78865744777287,-0.3327731359325646,0.0016390211946325,0.0140680836106784,-0.0813090461566991,-0.8436186576786501,-0.7582473056156562,-0.0583154797204884,0.116898342735856,-0.0011379840709386,-0.856555093256056,-0.4413657308140265,-0.2468670680208457,-0.5177210748936166
2016-01-05,CCI,85.53,87.175,85.53,87.14,2055172,1.242932820076437,1.2313238254810406,0.1694573778586837,0.3725050856885334,0.0299313596738936,-0.0252461851917832,-0.8455362124871889,-0.6123296113494923,0.1828190850918657,-0.2393201235543329,-0.0013260730649078,0.6014192652713503,-0.7970268696340462,1.3958554836170118,-0.0180428185339358
2016-01-06,CCI,86.5,87.1733,86.16,86.41,2143114,-0.5545517852362598,-0.5456594176585245,-0.0523748512914276,-0.0146644812843384,0.0119397364146127,-0.067537824476889,-0.845819327225616,-0.6661431914063782,-0.1725740862879544,-0.1301412543614141,-0.0011530852186709,-0.0067643242857998,1.242806111756097,-0.1049253446631819,-0.6140146446283444
2016-01-07,CCI,85.43,85.78,83.66,84.26,2851345,-1.582061899109364,-1.5848390160143002,-0.6815977909534485,-0.5989472719302465,-0.0876194771617397,-0.3113247092264318,-0.775686906870533,-0.4647521694605258,-0.4596021058878412,0.4741748001834043,-0.0011271977275599,-1.4370914439432558,-0.5551474087507787,-1.0610302186264582,0.5055503166276577
2016-01-08,CCI,84.78,86.61,82.86,83.08,2603052,-0.9048745648689644,-0.8980048162033191,-1.007115875687585,-0.766630702879068,-0.2122104252320533,-0.5707854707018436,-0.6317352122313024,-0.4210929606208192,-0.5664558125061965,0.2589568354278014,-0.0011414700383861,-1.7430570502330969,-1.5829255722656677,-1.541273318639444,2.170450555804765
2016-01-11,CCI,83.62,84.22,83.23,83.69,1440824,0.4241224316008305,0.4281712771954999,-0.7952052498150083,-0.4464887309004155,-0.2853495226212125,-0.6459179019526947,-0.5586489075861089,-0.3990079249885527,-0.4649217011379369,-0.7487624470205405,-0.00129677359948,-1.3597393304145868,-0.9055615781365588,0.0369293826688705,-0.6054540143243728
2016-01-12,CCI,84.21,84.61,83.55,84.06,1915966,0.2422515835999264,0.2483553968240637,-0.6707913193071068,-0.6409834496850763,-0.3266815589919362,-0.6241530194382405,-0.5270893772460896,-0.4034859652011863,-0.2990706497121477,-0.2889886494663736,-0.0013160309769113,-1.1272351397049958,0.423782117761326,-0.1608940092807922,-0.5403922931858448
2016-01-13,CCI,84.47,85.79,82.02,82.78,3300725,-0.981012792970573,-0.974848602655472,-1.0263384440705157,-1.2045011171440336,-0.4068192829028372,-0.7066262851301133,-0.4098657501679024,-0.3489653665458614,-0.5846301167831052,1.0058061807973897,-0.0011129654617651,-1.4691693483073065,0.2418638245674262,-1.5378889069714936,2.204218972299644
2016-01-14,CCI,83.03,84.67,82.3,83.96,1856975,0.8544705460800035,0.8515885472279333,-0.6375346928201274,-0.9300308504576068,-0.4207355249234603,-0.6021519432753679,-0.3717905021146215,-0.2981096687515054,-0.4824332563998943,-0.3029754405203769,-0.0013124419117158,-0.8292779593705834,-0.9817196686458394,0.8199216786917906,0.7611991617187227
2016-01-15,CCI,82.78,83.07,78.41,79.12,6702085,-3.621953897900663,-3.701064500339003,-2.023309019607015,-1.4863402080541124,-0.6168311923656995,-0.987499174678096,0.0451709686163621,0.4224301708934466,-1.3376859086593893,3.705360655281481,-0.0009845454423546,-1.6389856505900395,0.8542424984424287,-3.3667313090971698,3.317275740274739
2016-01-19,CCI,79.92,81.39,79.245,79.5,4571527,0.2660187983216567,0.2718837487011632,-1.8177695246018557,-1.4297567717463886,-0.7503300835732571,-1.134653935351627,0.3113165674410953,0.4372248138159874,-1.2236191985218512,1.67198350879833,-0.0014038167485456,-1.50929478978633,-3.623349723794125,-0.4233604668630752,0.6573068290080257
2016-01-20,CCI,79.17,79.5,75.714,78.22,4752389,-1.0353896027772418,-1.0297877486440603,-2.118865194774872,-1.7584835577243687,-0.8978504028739177,-1.288468658428609,0.6268853632305085,0.4603179705526259,-1.310264344443442,1.7732900894386536,-0.0010649053345659,-1.211441179200164,0.2656372395136666,-0.9328998008539248,2.4425356333793014
2016-01-21,CCI,78.45,80.06,78.03,79.13,2475310,0.6913048278726949,0.6913912560424447,-1.737890568424911,-1.460022749777777,-0.9694684063628548,-1.2161491826199815,0.8044829545962412,0.4509297192052043,-1.3296849879383497,-0.035997123314524,-0.001329742812408,-0.9681953446012046,-1.0361106638937931,0.6285618928562895,0.5467014274482828
2016-01-22,CCI,80.39,81.95,79.85,81.62,2183286,1.9260904395902916,1.893536390079004,-0.8810383692061773,-0.8931552909454299,-0.9193293533016604,-0.844893034413924,0.8027966333654084,0.6332812516788775,-1.0820116278999723,-0.2583967091654329,-0.001321960358702,-0.3026105883908609,0.6910342147053734,1.129656776019124,0.5529520654958283
2016-01-25,CCI,81.58,82.18,81.13,81.19,2472218,-0.3609910948084866,-0.3518377444534228,-0.9228289629178402,-0.8210095185710713,-0.8879768094295934,-0.5962442670993643,0.7854473298560088,0.6268733862197509,-1.1953671851889331,0.0017936047059308,-0.0011503312990068,-0.4175509278167449,1.9261419486448663,-0.3874981666009,-0.5135076385190299
2016-01-26,CCI,82.54,84.39,82.2,83.61,2952670,1.82270602304708,1.7937753348715813,-0.1122837555168399,-0.7026121796817119,-0.7608150045983192,-0.150713864858282,0.7223226539737791,0.8136218059474192,-0.7300052438936134,0.2905729715945335,-0.0013494848746078,0.2293226103475232,-0.3615362235657938,0.953092343277974,0.5916264842444139
2016-01-27,CCI,83.38,84.53,82.56,83.19,1922029,-0.3457382479243577,-0.33659009015115,-0.1832365173311189,-0.6647905020466086,-0.6705343599289568,0.1107789855728048,0.6434296065027465,0.8131376482265378,-0.8235481213521041,-0.5397277300881805,-0.0011704221908864,0.1170553020710796,1.822730561899176,-0.1984782104910706,0.3822485561616334
2016-01-28,CCI,83.5,85.97,83.5,84.81,2813008,1.1793855021784565,1.1693632389702118,0.377770361426484,-0.1055021145822539,-0.5308074984312817,0.4472469768361529,0.5108485569548311,0.8644003501441112,-0.6998643697527133,0.0857151510411214,-0.001345819056559,0.5737764015461806,-0.3462793976258012,1.158986904956372,0.8358889542892955
2016-01-29,CCI,85.5,86.3,84.97,86.2,3165052,0.9873868377763196,0.9817810825334752,0.8294739829763935,0.2795507852933042,-0.3628816930296708,0.7890049660215922,0.4714917314306699,0.8974554959724564,-0.305870084682293,0.2502344836614565,-0.0013631997633507,1.1481920523674618,1.1792422160789109,0.5922360761901893,-0.3054382523625398
2016-02-01,CCI,85.62,87.25,85.55,86.82,2411759,0.4147995862884214,0.4189664586116103,1.0189846220379557,0.2808130709426826,-0.2047348749947137,1.037240412229682,0.4895511872258614,0.8985574258886749,-0.1046195370837696,-0.3362499817697911,-0.0013386895832827,1.318971153276425,0.9871934644099716,1.0325732201400677,0.0405519429781311
2016-02-02,CCI,86.23,86.85,85.67,86.21,2053412,-0.4704229363266658,-0.4613425799507579,0.8131900755975106,0.1298199319300432,-0.1039076736511228,1.0882890625677248,0.5188579271912958,0.8806900770624277,-0.0264420439271916,-0.5788722801536543,-0.0011580617183813,1.1431952571391228,0.4144568403703293,-0.043839868762636,-0.4505952842415223
2016-02-03,CCI,86.31,86.925,84.42,86.77,2454353,0.3714176096475691,0.3761156869769264,0.9958153676124704,0.4249079880117635,-0.0036166858749181,1.1277477783464172,0.4996091515272052,0.8181444598832924,-0.2298366389690801,-0.3050098772374767,-0.0013408892085448,1.3045632929373028,-0.4709966128963231,0.3763461901234555,0.8146787765673976
2016-02-04,CCI,86.5,86.85,85.65,86.22,1776810,-0.4276246085031018,-0.4184926414056363,0.8254879121103138,0.1705596789130673,0.0519243563510387,1.0441291614761286,0.4913663846738187,0.8129608735226442,-0.1997700223721074,-0.7769965013063443,-0.0011690251728427,1.1460768292069488,0.3710635465432601,-0.2708772427035187,-0.4313954478294389
2016-02-05,CCI,85.72,86.13,83.47,84.06,2246221,-1.5926963561684813,-1.5956859617222527,0.1474851276060158,0.729901356902297,0.0091314689593045,0.7241244259247253,0.4888739564212728,0.8144330549049624,-0.202337024524978,-0.4249202684863751,-0.0011519680388634,0.5236572625568295,-0.4281871201447578,-1.4894052508823628,1.0459195617545136
2016-02-08,CCI,83.3,83.42,80.05,81.7,3126088,-1.78090192571462,-1.787967164976617,-0.5754808055904826,0.1747628858810713,-0.1179974294100157,0.2510411970392769,0.5062100116582178,0.9131362018173984,-0.4114278203834269,0.1885504516227998,-0.0011204222647581,-0.156393745449783,-1.5935628035674585,-1.477491295833609,1.8463590294276964
2016-02-09,CCI,80.75,82.72,80.3,82.2,2383727,0.3480200983104735,0.3529923578607128,-0.3943772934940193,0.4991957452156376,-0.1984783864354243,-0.0073543880762155,0.5114448594402459,0.9101390863585592,-0.4289533361667759,-0.3695754840079479,-0.0013320203076135,-0.0123151420585515,-1.7818174708643806,1.3303408916553938,0.8622634383298994
2016-02-10,CCI,82.45,83.21,81.665,81.83,1473301,-0.3132329515002934,-0.3041083818417618,-0.4765283960618548,0.2931483349506756,-0.2753438551386543,-0.2047646514665621,0.5163066329129947,0.9075654417160504,-0.5570915752886425,-1.001156741578126,-0.0011856729139699,-0.1189333085680641,0.347659931427284,-0.5944439832316959,-0.0177979618895959
2016-02-11,CCI,80.04,82.03,79.9901,81.51,2494658,-0.2764589783999212,-0.2673816263827379,-0.5580132380814534,-0.2116085215887649,-0.3465553598735954,-0.3481396562552783,0.5320496382577651,0.8745592302132479,-0.3927960834201955,-0.2527612004646947,-0.0011480779213013,-0.21114361473845,-0.3137656214476743,1.3612537163354437,0.4943958727003387
2016-02-12,CCI,82.85,83.23,82.14,83.13,2029988,1.2043738593859918,1.193735052294957,-0.0319135837008121,0.1793098130450569,-0.3370457550323437,-0.2550649136199748,0.5250705109474052,0.9074344646055168,-0.3126631824453927,-0.590917688845116,-0.0013171740754219,0.2556710602491369,-0.276982055010766,0.2290183899411986,-0.4985591142613517
2016-02-16,CCI,84.18,84.37,83.46,84.0,1551617,0.6185676839272927,0.6198436110050568,0.1655457210476917,-0.1067364960508119,-0.2935818371648948,-0.0932073022927356,0.4178687648214604,0.2676819273773503,0.7383668527327992,-0.8218871437931042,-0.0013011954646003,0.5063678301498814,1.2042370920740553,-0.1878670536923869,-0.688464590395426
2016-02-17,CCI,84.17,84.99,83.75,84.68,2031610,0.4709975938415569,0.4744322760332344,0.2972154034242966,0.1195223540391941,-0.2314032079276644,0.0844501316683174,0.3214324755179225,0.2722875483488734,0.7894579748783697,-0.3604032159338979,-0.0013209369108073,0.702314730761958,0.6182780956033126,0.4314642550363389,-0.3709334240338619
2016-02-18,CCI,84.72,86.88,84.42,86.02,2890742,0.9521925522257492,0.9473346456495892,0.5929983421508467,0.0665753543921591,-0.1295919359251917,0.3285898190541971,0.1284375066529707,0.2134455890064172,1.297047292719442,0.4467426969019554,-0.0013572467228095,0.9994141870026172,0.4706695084660622,1.1330002658192797,0.7920580296095558
2016-02-19,CCI,85.6,85.9,84.74,85.46,2136283,-0.4383029600384943,-0.4291810938942617,0.3166569353421454,-0.3551759300483996,-0.0718132437717829,0.4105624664353308,-0.0660611433574056,0.2283851231516016,1.0073727716455907,-0.1899777466169944,-0.0011544205915078,0.6387861911088213,0.9519899976206888,-0.1498825546217218,-0.4600882718608217
2016-02-22,CCI,86.12,87.5,85.75,86.76,2448291,0.9140604599690396,0.9099911851612326,0.6399744320869718,-0.2018017602911422,0.0231758096943978,0.5719194137972597,-0.0703976519579849,0.0820510872400277,0.7574049974112419,0.0688143378437831,-0.0013407720538335,1.115325211172709,-0.4388682573737072,0.5351458562831276,0.0897100285515512
2016-02-23,CCI,86.28,86.68,85.84,86.35,2372130,-0.3272076079942735,-0.3180708092382791,0.4303661335246476,-0.1586606083910015,0.0797045858603944,0.6020088799950049,-0.1450365397286168,0.0799554022213019,0.7659211967908442,0.0074668497441744,-0.0011442158946147,0.933842843850713,0.91384795773083,0.0349795196279291,-0.7805963739072204
2016-02-24,CCI,85.91,86.92,85.62,86.3,1913986,-0.0690458621012523,-0.0606417889625236,0.3723302079133028,-0.2947828943473494,0.1194630315474647,0.5829139109952316,-0.1300269146696364,-0.1036864102586743,0.3050361253300153,-0.3511601248809954,-0.0011659621190889,0.9117108478358372,-0.3277439235521615,0.3166609396888011,-0.3358996004139894
2016-02-25,CCI,86.95,88.26,86.03,86.74,3588757,0.2844261643570425,0.2900999771545222,0.4524589665902139,-0.0709533383027895,0.1646937370414964,0.5817234383356845,-0.1210091142906943,-0.1136703031158364,0.4592480267279112,1.018587305577535,-0.0013827378633404,0.8318972485577005,-0.0695148302310471,-0.2087877973606274,0.551287536464846
2016-02-26,CCI,85.29,86.4,84.57,85.79,2797287,-0.7148629513252633,-0.7066473618281477,0.1434421395045888,0.2440832435960833,0.1596154606494155,0.4512766068829599,-0.1141901862913206,-0.1596819213768036,0.0022296712984903,0.3439020390657995,-0.0011277622584601,0.4500338087857169,0.2840494075337778,0.416594606141944,0.1864330922440764
2016-02-29,CCI,85.83,87.23,85.71,86.5,2169118,0.4822528976638879,0.4855349675694122,0.3581096426356095,1.2085148640331969,0.1797650286360539,0.4118551788639687,-0.1060281403277129,-0.2124115434820463,-0.1163636683265348,-0.1525942502550708,-0.0013282976234434,0.7354264848258321,-0.7155003956939657,0.5634503844537454,-0.1268371248298091
2016-03-01,CCI,87.0,87.76,86.51,87.74,1936525,0.859489118777624,0.8565092542461857,0.7265268667193381,1.3140570336219723,0.240071157706662,0.4836803333991651,-0.0652750444767516,-0.1718807056692927,-0.0118489198018674,-0.3379379777874138,-0.001321551474424,1.233858764107162,0.4819277484932218,0.6163078286712355,-0.4039968643888106
2016-03-02,CCI,87.6,88.46,87.26,88.41,1575386,0.4424186494949972,0.4462318888909883,0.8981226502464187,1.5482282395445253,0.3089746646176595,0.5632699595879331,0.0255034060867321,-0.1772005529526975,0.2073103016541291,-0.6415243847782199,-0.0013087236553586,1.423255252875053,0.8592623803501441,0.6722787228894771,-0.4601279815232195
2016-03-03,CCI,88.45,88.45,87.12,87.89,2354721,-0.3991783697032166,-0.3900284957162746,0.7199461367341397,1.4657699943148508,0.3375292950879875,0.5230843471710479,0.068278497326096,-0.1723380569444209,0.0220924344123047,0.0569970111291839,-0.0011416324909214,1.219170859969578,0.4420831086446695,-0.5046545914409558,-0.3301640088715738
2016-03-04,CCI,87.64,87.9,87.05,87.25,2319112,-0.4863484608363165,-0.4772948825663733,0.5064663938785948,0.9804888924658228,0.3294772930860506,0.396711015423023,0.0950239865613693,-0.1685000257786048,0.0079712758019817,0.0007389832898093,-0.0011466591488098,0.9679900687012984,-0.399733460489333,-0.3625237189580133,-0.7794072183779279
2016-03-07,CCI,86.8,87.12,85.86,86.27,1841848,-0.7322840287090913,-0.7241672268381271,0.1702316312607222,0.4486014659687668,0.2796082164112066,0.1879759196813925,0.0889226867311458,-0.3184335813702766,0.2186433742882276,-0.4056523557756549,-0.0011689775447596,0.5833694820717444,-0.486926291945265,-0.4876350547146114,-0.3741049050883422
2016-03-08,CCI,85.91,86.5,85.37,85.48,3321724,-0.60311137426622,-0.5943798307852055,-0.1308718003857788,0.0333791884046684,0.2049371382879176,-0.0428520816832974,-0.038730736731783,-0.5679565392096758,0.5120231381613869,0.8982298420484721,-0.0011131776982123,0.2733181928499654,-0.7329260177664436,-0.4044712199152605,-0.4896021989183047
2016-03-09,CCI,85.72,86.0,84.67,85.22,3124108,-0.2223630265522969,-0.2133946969335741,-0.2567690688949728,-0.4365886655792612,0.1323060257556324,-0.2222636464610283,-0.1515747027683764,-0.5644541087868196,0.3721018768733591,0.6789916597083704,-0.0011263161649499,0.1712759963972252,-0.6037196656662117,-0.4670059183328408,-0.2906510201186196
2016-03-10,CCI,86.52,86.76,84.5,85.0,2293800,-0.1937185054981585,-0.1848269553599372,-0.3722618653791398,-0.3366326869154956,0.0636571671812435,-0.3555426451485578,-0.3125395214760839,-0.5718316086887637,0.4014630719557006,-0.0795340195892795,-0.0011606901309877,0.0849325993987546,-0.222871990990114,-1.3536248430866151,0.6245624737206421
2016-03-11,CCI,85.74,85.86,84.67,85.78,2977206,0.5383130069352571,0.5408053158191145,-0.1988298255294359,-0.5224186112814567,0.0378177646236764,-0.351975041259596,-0.5650179185317206,-0.568521378216648,0.6018957216564554,0.4800083302389898,-0.0013461080265507,0.0332574673280335,-0.1942199973539503,0.0089303748092616,-0.4351613614819989
2016-03-14,CCI,85.32,85.64,84.39,85.0,2925077,-0.599110163463116,-0.5903639187964571,-0.4649087263415876,-0.6294842975429376,-0.0148821276668594,-0.4182593963280924,-0.682900494004181,-0.6424889174164692,0.1628953298408,0.3901056717689816,-0.0011371886583495,-0.8574548717173155,0.5380024823332504,-0.309680020748525,-0.3657230282760533
2016-03-15,CCI,83.725,84.925,83.445,84.415,2970158,-0.4614778305419151,-0.4523842355947332,-0.649359493599243,-0.7696479095343134,-0.0804391036283916,-0.5043807924222852,-0.7101875064823895,-0.6564794050946787,-0.0949184014972585,0.3574779167347061,-0.0011394870252646,-1.2383404539795655,-0.5997174110552581,0.5963258111725778,-0.1301561965944015
2016-03-16,CCI,84.33,85.115,84.06,85.01,2984094,0.4058303777461974,0.4101095080322561,-0.4730593839124701,-0.7134035534842375,-0.109411787950129,-0.4791105724013126,-0.7253870910965353,-0.6622880517822527,-0.1102431124307226,0.3236288762889937,-0.001342696054482,-0.8439460342829993,-0.4620491735750272,0.5828997886345542,-0.5570384444515613
2016-03-17,CCI,85.26,86.8,85.2,85.98,3877795,0.6773944565791827,0.6777147586998354,-0.177010272459452,-0.1315151401710939,-0.094801217687327,-0.3467118493528891,-0.725133867056567,-0.7084758878373721,-0.1743063147527858,0.9742854121095244,-0.0013774971776651,-0.2009837030129663,0.4054852920038015,0.6116999318516935,-0.0404356146194682
2016-03-18,CCI,85.96,86.79,85.89,86.42,3649214,0.2856075449847473,0.2912689076175659,-0.0576473963696201,-0.2138817523044631,-0.0668315057680309,-0.2064066702628183,-0.7340405320596568,-0.7177141498642967,-0.0024981580254516,0.7159369607447951,-0.0013760268336723,0.0906693132332329,0.677120214571627,0.3779856963978086,-0.7233908587705206
2016-03-21,CCI,86.14,86.2375,85.525,85.92,2055259,-0.3932022308472235,-0.3840502578249609,-0.1971075583053322,-0.8032483342159236,-0.0652866783330029,-0.1621797247590481,-0.7380165480965502,-0.7982056389545482,-0.3096703752016459,-0.4781688931214606,-0.0011638343606533,-0.2407545688647224,0.2852310963517863,-0.2192744419075731,-0.9002116753224735
2016-03-22,CCI,85.87,86.27,85.7,86.0,2088987,0.0249723345075024,0.032844325651073,-0.1674221548532226,-1.061330994050359,-0.061896575528126,-0.1220484613197466,-0.7379948516504525,-0.8059058850953581,-0.2270055233251367,-0.4439272568437083,-0.0013206621665499,-0.1877267477290508,-0.3937557626200923,0.0880625346334748,-1.0389484357467549
2016-03-23,CCI,86.1,86.21,85.6,85.66,1837214,-0.2791324703716652,-0.2700509514032235,-0.2612995646935287,-1.0144299341029868,-0.0734403737943982,-0.1283830548440819,-0.7340839067973233,-0.8000719029330133,-0.2763922647967411,-0.6347510364179039,-0.0011721693499962,-0.4130949875556627,0.0245278931863317,-0.4124116201996224,-0.9978389094799756
2016-03-24,CCI,85.63,85.72,85.0,85.58,2122819,-0.0911403694570977,-0.0826317540906024,-0.2681035908231859,-0.8539240845053064,-0.0864371139874748,-0.1371905771713085,-0.736264224946095,-0.8134734798721917,-0.363884575275182,-0.3690305892052829,-0.0011632238737495,-0.4661228086913346,-0.2796562444243704,-0.0704318055319685,-0.8901621941529074
2016-03-28,CCI,85.7,86.29,85.535,85.69,1544872,0.0470271413937704,0.0547538923535002,-0.2330414942471139,-0.4506937535950375,-0.0930317326681674,-0.127757644470272,-0.7350708966603573,-0.8623972110908775,-0.1845961355367922,-0.7945548168000975,-0.0012989430426059,-0.3932095546297847,-0.0916151014472207,-0.0351323950973638,-0.8570217777631184
2016-03-29,CCI,85.75,86.74,85.7,86.45,2174736,0.5191816731219531,0.5219490446187326,-0.0005040177446711,0.2507035647922002,-0.0692456551847615,-0.0420119093750488,-0.735787662270866,-0.8577704155869078,-0.1759662846945697,-0.2852449708958285,-0.0013235076449164,0.1105547461591108,0.0465884535761474,0.5904327157614873,-0.5887270961343197
2016-03-30,CCI,86.78,87.59,86.7532,86.93,2535518,0.31268189794677,0.3180518868659981,0.1583646333256937,0.5607645240523332,-0.0328221017064298,0.0591133243627816,-0.7737992935982346,-0.942147809292092,-0.3030605502355022,-0.0177246735542432,-0.0013397367668432,0.4287216729731508,0.5188661576715777,0.1042753801671926,-0.7890734556108391
2016-03-31,CCI,86.97,87.35,86.48,86.5,3056484,-0.3409559662587511,-0.3318102096365748,0.0564995690686349,0.4487595357628371,-0.0223179663576378,0.0732973752804216,-0.888859138619,-0.9686099795995784,-0.484763564123348,0.3291488056900948,-0.0011215073954574,0.1477430882542527,0.3123125122813799,-0.4346106640593903,-0.7530979155963499
2016-04-01,CCI,86.13,87.39,85.98,87.11,4645640,0.4060490768804723,0.4103254850143955,0.254909509612553,0.3907015688287234,0.0082226459533675,0.1362181627950288,-0.947284162697304,-0.9512808859401612,-0.2978161080278744,1.4110701973476534,-0.0014192179418098,0.8534054829269865,-0.341495868392049,0.8333229412766108,-0.2423328363412122
2016-04-04,CCI,87.35,87.5,86.95,87.02,1883442,-0.0973195808185741,-0.0887831257182387,0.2309674581425587,0.7915269632681681,0.0268783182727364,0.1559631618629118,-0.9617744597599992,-0.9758580282527948,-0.2061922091881527,-0.6320550760133401,-0.0011662878165752,0.985753667429981,0.4057040481907749,-0.311744016257631,-1.0645774882880337
2016-04-05,CCI,86.63,86.99,85.98,86.15,1895936,-0.6554333290062252,-0.6469180129522565,-0.0330941092024295,0.6154177248670394,0.0056622636902657,0.0691300224483209,-0.9638323071917196,-0.9892811602436968,-0.1879056728170877,-0.6241120923303116,-0.0011678424109564,0.2880364327918795,-0.0977959247980775,-0.4449343146434102,-0.6142575283117209
2016-04-06,CCI,86.03,87.16,85.77,86.99,1691201,0.5740469226918294,0.5760100909106908,0.2002976781746777,0.6949313534410916,0.0199806529819705,0.0911285577369963,-0.9392575505569228,-0.9918004450913992,0.0919602259152744,-0.7379973390458421,-0.0013077364650599,0.9616944524424592,-0.6560552697913045,0.8167581179127021,-0.2596329657157281
2016-04-07,CCI,86.73,87.04,86.29,86.77,1897478,-0.1904482588200348,-0.1815663124818823,0.1092384406148233,0.2088998159737638,0.0207346847001556,0.073812963078894,-0.9386185089887652,-0.993778119060082,0.0996452252862792,-0.5435003869988568,-0.0011679991535389,0.7852602092006394,0.5737457201034835,0.0085280404796376,-0.8709638151523293
2016-04-08,CCI,87.22,88.21,86.82,88.05,1887640,0.885412254726114,0.8819206456209504,0.4522372342837609,0.5288930696663279,0.0692134777407993,0.1828032014330161,-0.8791228656291958,-0.911889724107218,0.3595110035922867,-0.5393214433748357,-0.0013150828214308,1.331258805500171,-0.1909488975567783,0.6926467796107777,-0.2756646793699042
2016-04-11,CCI,88.31,88.82,87.33,87.51,1717905,-0.4148170566715939,-0.4056754077219296,0.2610406761075395,0.5071142098793057,0.0837200180612187,0.1825513984337166,-0.8479597804746428,-0.9135761643650502,0.1287194907945783,-0.6397572489974227,-0.0011750789441666,0.6327061356255136,0.8851922789447737,-0.7107399245198202,-0.1723102983225042
2016-04-12,CCI,87.6,88.03,87.085,87.68,1024549,0.0879486075569025,0.09538534712768,0.2713862813660121,0.5368102945513206,0.0990688690111945,0.1845180490947015,-0.8472582373708416,-0.9665967388698008,0.2955813174536303,-1.173124185469519,-0.0012820833741907,0.7378430400655565,-0.4153762271688327,0.042680513218902,-0.693090413625936
2016-04-13,CCI,88.02,88.17,87.6421,87.9,1477359,0.1232170984821379,0.1303825092525788,0.2844691092092609,0.7960767302352062,0.1168480909263855,0.1923471026500522,-0.8966676108872859,-1.0054929136268065,0.4388444987431663,-0.7474105171351856,-0.0013003024860121,0.8003898836115713,0.0875205950447565,-0.1293183029479361,-1.0908046762901291
2016-04-14,CCI,87.89,87.89,87.0,87.16,1320883,-0.5571251414470216,-0.548240334799175,0.027338839353669,0.4435258197697344,0.0989779894516913,0.1068496007781546,-0.9511856175538844,-0.9679038815819858,0.2039626628554371,-0.8413163459490213,-0.0011901239585977,-0.0016608687899772,0.1227982865668825,-0.6538373514820116,-0.7403215499033977
2016-04-15,CCI,87.13,87.49,86.79,87.28,1275519,0.0527194743855392,0.0604074804322381,0.0438703299391113,0.4466654285828367,0.0868412889239675,0.0532092746198469,-0.9564600040362352,-1.0243943838731815,0.054580672685855,-0.8102829266244933,-0.0012925434488423,0.1027636821244508,-0.557721436280685,0.1037507941938467,-0.9229164571749288
2016-04-18,CCI,87.19,87.74,87.05,87.58,1059894,0.1809981280020795,0.1876762983381837,0.1169362088226043,0.2928382274593164,0.0863381631671159,0.0402416348859122,-0.943629241395206,-1.0308742849055108,0.0296579431507588,-0.9511399378873796,-0.0012848761416236,0.3638250594105084,0.0522822715438777,0.31162583029672,-0.9347220157814738
2016-04-19,CCI,87.7,88.21,87.39,88.09,1503608,0.3295479067573322,0.3347305293475894,0.2378934381843249,0.3034920284142128,0.103125893138893,0.0743738880888257,-0.928394931924969,-1.04309042756339,0.2034473107014544,-0.4713917914319114,-0.0013034519990054,0.8076294007968153,0.1805943895971047,0.3096606009422482,-0.8155320427902576
2016-04-20,CCI,88.05,88.36,87.1,87.6,2248079,-0.3793059349157502,-0.3701513122172488,0.0655826046646642,0.2740158102606539,0.0943621433850152,0.0359106216962135,-0.939882067216431,-1.0188622235154694,0.105761180860904,0.2977135760201929,-0.0011498580111681,0.3812291512295755,0.3291829209781903,-0.4124415176031691,-0.3925855130718355
2016-04-21,CCI,87.32,87.405,85.86,85.89,3036020,-1.2483070490170964,-1.2453774410023473,-0.4537881720832252,-0.6327713784428827,0.0182125971971153,-0.1683098714184901,-0.9534754322717012,-0.8331017135907428,-0.1280430670463004,1.023762896579376,-0.0011213736744506,-1.1068206993009622,-0.3798558415202666,-1.2635938387550971,-0.0921781609452186
2016-04-22,CCI,86.06,87.85,86.0,87.75,2758566,1.315239487829144,1.3017497156903683,0.0743661679180792,0.0289295258981462,0.029034178339107,-0.1078240813376069,-0.9967781337954434,-0.6556000761170174,0.2049209523062797,0.6997744397049961,-0.0013483373645851,0.3601164249285177,-1.2490836545457404,1.457328777070039,0.1657198555773454
2016-04-25,CCI,87.64,87.64,86.65,87.18,2181974,-0.4374072268031428,-0.4282844424608397,-0.1198260743470552,0.1281248116473318,0.0133278748184915,-0.1277177677271233,-1.0567587305519648,-0.6339834714049606,0.0878965919177443,0.0927223093697701,-0.0011558528174739,-0.3044474405653388,1.3151316423658486,-0.4228685952842614,-0.6449204732694354
2016-04-26,CCI,87.39,87.96,87.14,87.56,1336836,0.2383741593967939,0.2445160926841221,-0.0221978789699692,-0.0046385959875555,0.0139783819292043,-0.1015305678498994,-1.0708076765490568,-0.6536658766687778,0.0210952881744368,-0.7078459106288632,-0.0012943082329695,0.0696103137740283,-0.437972290465743,0.1206545382549121,-0.8108361807210983
2016-04-27,CCI,87.37,87.95,86.91,87.74,1508492,0.0949898723176922,0.1023740223852241,0.0197069062946849,0.1261152770615307,0.0196552142175021,-0.0676431334672706,-1.0669940557430726,-0.6621823379655504,-0.0306300026306721,-0.496947727823771,-0.001302036897209,0.2657915192624298,0.2379853888490252,0.2936349257320249,-0.6034678058815693
2016-04-28,CCI,87.07,87.99,86.92,87.14,1424220,-0.4587405438397893,-0.4496431567447845,-0.1703284000831582,-0.5085660202604009,-0.0011422066591096,-0.1086774578635622,-1.0862045241778508,-0.6530785678022064,-0.0588134619471152,-0.5202638400970067,-0.0011854715011493,-0.3881458323655961,0.0945636966813797,0.0344233706020864,-0.5679738946228116
2016-04-29,CCI,86.93,87.3,86.13,86.88,1800199,-0.2187556224599053,-0.2097962366770065,-0.2450459043992994,-0.4178738452434705,-0.0292161308078527,-0.1602345115408574,-1.0816156707107023,-0.6673769836514071,-0.2062544309345259,0.0389641028148861,-0.0011718233950267,-0.671518684737749,-0.4593111727887186,-0.0697720812586507,-0.4689849799297461
2016-05-02,CCI,87.07,87.73,86.97,87.53,1379582,0.4327926813276295,0.4367305340926005,-0.0573099280211724,-0.240441964809361,-0.0272655969938659,-0.1241977165461189,-1.0828361793732788,-0.6473503273363661,-0.0814031706465203,-0.4244084887375265,-0.001295678874831,0.0369134461926256,-0.2192636458234092,0.3728315044321469,-0.8676971074118773
2016-05-03,CCI,86.92,87.04,85.59,86.29,2212131,-0.9149789803102054,-0.9081973805051656,-0.4320826955515831,-0.6826144060352831,-0.0753483377014362,-0.224153067865245,-1.0929062211231486,-0.6093604989084666,-0.1436102412675111,0.5294797752862883,-0.0011561197312569,-1.1608919257419414,0.4324546293221469,-0.5739192274663759,-0.1908806746426768
2016-05-04,CCI,85.98,88.2,85.93,87.91,1681784,1.135830249075962,1.1268596883063515,0.0408754226941702,0.0216671113987133,-0.0508085846583656,-0.1171883001746851,-1.0872075901572444,-0.520905624657965,-0.0121530555080975,-0.0870228405153693,-0.0013065468436603,0.5063446348329271,-0.9156686295469286,1.669600468914031,0.5606923707943253
2016-05-05,CCI,87.88,88.53,87.845,87.94,1635361,-0.0117499831613838,-0.0036533702427295,0.0322127752292387,-0.0020076517095943,-0.0315128636824098,-0.0451145342889963,-1.0911815809629275,-0.5243176410957268,0.030555353346462,-0.1265764860475456,-0.001306246203431,0.5372193859546851,1.13567560058705,0.0252663702836408,-0.942148453951398
2016-05-06,CCI,87.86,88.51,87.14,88.34,2171289,0.2501881165961509,0.2562131612308599,0.1478863085819982,0.0242725879735973,-0.0021499697729909,0.0384572082477801,-1.0772126013188672,-0.5899591727548266,-0.1191055770800636,0.4810814748234356,-0.0013290447697926,0.9488827342447846,-0.0122040043435834,0.3864407548251877,-0.2988518918978113
2016-05-09,CCI,88.54,89.6875,88.25,89.47,2472874,0.7633768613335474,0.7622032146795702,0.4569702953399786,0.1766601648415824,0.0631678977750759,0.1978620854720435,-0.9693474925443256,-0.5544720747128351,0.1614641662275618,0.770690087366655,-0.0013441936325172,1.2664273832133264,0.249802427990791,0.7672587845783887,-0.2522998116254614
2016-05-10,CCI,90.0,91.0,89.35,90.58,3191388,0.7394016502915645,0.7386561634421797,0.744835793606141,0.5589046438306565,0.1551331106355511,0.3939757953617964,-0.7851072969451741,-0.5130111460737172,0.3182779955789532,1.3796559774704331,-0.0013786519697477,1.1848092058479964,0.7631250498135198,0.4605727312906526,-0.0731916661251945
2016-05-11,CCI,90.4,91.18,90.01,90.12,2525677,-0.3491662489398163,-0.3400165970571548,0.5730611913609652,0.9991220810722642,0.2058436373434461,0.4446779113004065,-0.6898298277339917,-0.4988209251400277,0.2034461439243974,0.592092924061148,-0.001129581478801,0.8125330581519116,0.7391435842864036,-0.2603265048914525,-0.5093353804133155
2016-05-12,CCI,90.44,90.69,90.01,90.46,1555826,0.2018878090290414,0.20837678511777,0.6239735101494619,0.7011723531337395,0.2547799253976773,0.4806727442995996,-0.5984937051675122,-0.5313194559038369,0.3885764395772096,-0.4300382612540004,-0.0013096662906291,1.0147194128442925,-0.3497082929141549,-0.0096089468828028,-0.964839437945309
2016-05-13,CCI,90.24,90.67,89.69,89.85,2381745,-0.4528214119897165,-0.4437162396071918,0.402874003558006,0.6841398450643257,0.264806685298899,0.4093161550456648,-0.5611522184239828,-0.5070536141097991,0.2649752989367028,0.3586355300961127,-0.0011376724162289,0.6519733058961855,0.2014895201777407,-0.3528368989550336,-0.6823195353993515
2016-05-16,CCI,89.79,90.62,89.6,90.35,1420375,0.313459368737832,0.318820819435458,0.5095825183517455,0.7113899349214254,0.2874214250414776,0.3846321270569396,-0.5034702894434265,-0.5028317097100501,0.2970325520661087,-0.6240365636965465,-0.0013030639333629,0.9493061804438144,-0.4533904967969866,0.4448829111106807,-0.6504531028336024
2016-05-17,CCI,90.19,90.59,89.61,90.12,3032000,-0.1914835762522813,-0.1825985709007199,0.4103667893962893,0.5748924763118644,0.2912386170099711,0.3165003402880172,-0.4624651321848296,-0.504176718906638,0.1709689070498835,0.8769390196944539,-0.0011110077271992,0.8125330581519116,0.3130901858935763,-0.0849552575984979,-0.6850429173085263
2016-05-18,CCI,90.06,91.1,89.4,90.49,3797047,0.2226128548008732,0.2289072908242943,0.4763898048844409,0.9138544655645552,0.3036291647270765,0.2840625809827854,-0.4195306646902769,-0.5183188499047163,0.3170450606524703,1.4837656943059896,-0.001400168984925,1.032559385317151,-0.1919844850753851,0.3344126032537921,-0.0256319926283292
2016-05-19,CCI,89.62,89.93,89.13,89.53,1883154,-0.6934857767088443,-0.6851557378825317,0.1371141800369938,0.6201261558706915,0.2708490389409998,0.1418438375371745,-0.4985716077791026,-0.6253754964173074,0.4549359068101147,-0.2468807181082845,-0.0011599188564597,0.4616802661857072,0.2222199725543544,-0.1021886850260163,-0.8466272896545469
2016-05-20,CCI,89.84,90.07,89.32,89.92,1611653,0.2382050585281723,0.2443486488766141,0.2200268890753119,0.560946629419126,0.2555769769873266,0.0731342976907096,-0.4932167223579729,-0.779418775812806,0.1957117962107637,-0.4631939618598302,-0.0013115102073561,0.693599908332858,-0.6941176443499593,0.0409601946133175,-0.8961988491612735
2016-05-23,CCI,90.14,90.66,89.69,90.36,2092208,0.2716473788719533,0.2774544523042453,0.3023495545713593,1.2070370975364175,0.2561414563190734,0.0589296504622437,-0.5013987877703402,-0.8020921243761313,0.3682333905982388,0.0127124098322477,-0.0013342955860349,0.9552528379347704,0.2378162438665534,0.1580787535086523,-0.6966732407473907
2016-05-24,CCI,90.63,91.33,90.53,91.29,1721370,0.6077739312032558,0.6092193245393996,0.5204331223024382,1.071624124363346,0.2881715447472924,0.128557868825436,-0.4660885230016274,-0.775133020088782,0.458160666817621,-0.3675562331654772,-0.0013206336728165,1.419713724057403,0.2712672884086344,0.5238785082418502,-0.8609844594330193
2016-05-25,CCI,91.49,91.97,90.87,91.08,1561587,-0.1762120346685485,-0.1673738965909179,0.4084130588061412,0.9560240146317384,0.3001350286973034,0.1326093490279579,-0.4509621210804179,-0.7673646775853892,0.3915961684915638,-0.5251337866962971,-0.0011699749368724,0.9791606380355468,0.607481527080665,-0.3648916073175164,-0.5847917826040201
2016-05-26,CCI,91.41,91.41,90.57,90.81,1069083,-0.2175554427510424,-0.2085990789357243,0.2742927357674214,0.7264338374904521,0.2939060499844648,0.0890234474720459,-0.4887695859338146,-0.789852528335025,0.4510637518284348,-0.9952707139185886,-0.0011941859157321,0.8384821090215249,-0.1767089595588463,-0.522225872551147,-0.8204140674802599
2016-05-27,CCI,90.91,91.25,90.725,90.8,1220567,-0.039851900060687,-0.031597932946767,0.2131318068338697,0.3847603536128169,0.2836105575045508,0.0436875897943343,-0.5638008109518591,-0.7989637795920081,0.4951758370262465,-0.8295479235155906,-0.0011882623892251,0.8332717931321142,-0.2180631530200699,-0.1177332967313069,-1.1094521898543406
2016-05-31,CCI,90.83,90.975,90.09,90.81,2031855,-0.0261394309923831,-0.0179606700305783,0.1675279957155553,-0.0707235691714183,0.2710245201806431,0.0015230806545734,-0.6170650360769873,-0.8100093249256405,0.3828701589373818,-0.054132373698379,-0.0013316008204349,0.8384821090215249,-0.0403132522741403,-0.0429524167932641,-0.7791153266086512
2016-06-01,CCI,90.45,91.17,90.33,90.8,1977334,-0.039851900060687,-0.031597932946767,0.0981720890200597,0.1904704524475655,0.256009184399229,-0.0384614990674186,-0.8190451519674,-0.930747100926564,0.6001246069879685,-0.0964510925447747,-0.0011533395537814,0.7989561696088252,-0.0265972059929486,0.266034193271042,-0.820329165516647
2016-06-02,CCI,90.66,91.8,90.52,91.8,1212745,0.652665162879778,0.653393775121858,0.3319571817292907,0.4756867927339794,0.2785578716787457,0.0262399858636194,-0.8635223383675904,-1.030773034329987,0.4823999428629942,-0.8357980915751777,-0.0012958110585975,1.3258785738563996,-0.0403132522741403,0.9237058965636236,-0.4292727029549744
2016-06-03,CCI,91.44,92.89,91.44,92.76,2055274,0.618068401377889,0.6193522076035174,0.539295957520008,1.1741326578473186,0.3287238109271333,0.1490875049559565,-0.8682853335075656,-0.9987212657538956,0.6374942656430665,-0.017249450206516,-0.0013344582611979,1.3677233435202758,0.6523844696672869,1.0643260170787034,-0.2885614384330424
2016-06-06,CCI,92.8,93.41,92.64,93.04,1990858,0.1549324875606605,0.1618370207289721,0.5506064447410209,1.1167483631884818,0.3734986560381834,0.2334889367259306,-0.8544356668636253,-1.0005390853063152,0.6138993547494362,-0.0720965799231589,-0.0013346212436244,1.2045168977638765,0.6177786828045745,0.1690759969742118,-0.9015940874237428
2016-06-07,CCI,93.06,94.5,93.01,94.02,2047879,0.6227743433262636,0.6239837305156591,0.7660781095640035,1.495905241915538,0.4407744481128309,0.3589271322810651,-0.714948009163566,-1.0224630907530432,0.5794080431165585,0.0057392134467022,-0.0013404921541495,1.1457452069466274,0.1545219493339721,0.7530700143082092,-0.2705636330165723
2016-06-08,CCI,94.09,94.75,93.73,93.99,1431153,-0.0528614028151276,-0.0445388621773971,0.7066701033274425,1.4024332201573468,0.4856163069100109,0.4015331306605013,-0.5941827765837192,-1.0772481391367137,0.3854169988137456,-0.546318505611349,-0.0011718776175951,0.993345305848347,0.6224858524061239,-0.106613909936834,-0.6868906992914388
2016-06-09,CCI,93.91,94.6,93.52,94.42,1695183,0.2518316633467314,0.2578402714601151,0.7665049223338176,2.2325110729413926,0.5302679852414727,0.435128408119175,-0.4839189367749276,-1.1039758731939282,0.533279407686861,-0.2309796407058277,-0.0013245194858522,1.2476865978590754,-0.0533261488565404,0.3839849125874228,-0.6380499317667065
2016-06-10,CCI,94.11,94.45,93.63,94.13,1847024,-0.2242143323398633,-0.2152414939860282,0.6289390210968949,1.9314157311429327,0.5462486747706363,0.3882059984690396,-0.4133049452087055,-1.0891876701115228,0.4283625012301925,-0.0836711833841401,-0.0011508627076857,1.076154098596025,0.2514464034983363,-0.0102604919532149,-0.8653119514265271
2016-06-13,CCI,94.11,94.73,94.0365,94.5,2153533,0.2117237473920892,0.2181212451001822,0.6663730285456415,1.92141224933121,0.5652629307445564,0.3584764185560551,-0.3621953426026437,-1.1366173416250214,0.5925948951428125,0.2554601822194702,-0.0013463660678383,1.2950059080006049,-0.2247237797333677,0.2867765977224227,-0.9797166402453455
2016-06-14,CCI,94.29,94.64,93.48,93.66,2866586,-0.5864008208168453,-0.5776096070858457,0.3778524386199549,1.0382475284675168,0.5393595945916919,0.219075645730391,-0.3524499036509493,-1.070389715903613,0.3705693027022585,0.904253395799406,-0.0010993762558,0.7981531515145363,0.2113280244714973,-0.5311168971383694,-0.559128760082367
2016-06-15,CCI,92.9,94.15,92.68,93.96,2273432,0.1664211174177977,0.173227208458957,0.4075881372646901,1.2791155208102,0.5229137394343196,0.1318984207453598,-0.3526432013850623,-1.0812033115348378,0.4583147741045631,0.3401796672033702,-0.00135080047304,0.9756005645452724,-0.5870047528846946,0.8357382636782051,-0.2874598821197461
2016-06-16,CCI,93.71,94.7,93.6,94.65,2084860,0.4241989960502497,0.4282468666780068,0.5434306710067949,1.635881261260581,0.5292387907503767,0.1207685620275483,-0.325064417042032,-1.0680298968693078,0.5076920854987141,0.2440641425281244,-0.0013458519181791,1.383729614515977,0.1660135762643996,0.7315393668792918,-0.6227560683799501
2016-06-17,CCI,94.36,94.59,93.82,94.41,2495262,-0.1908611143634733,-0.1819779461135829,0.4044447890092908,1.4652133435817083,0.5171485815279264,0.064464111438806,-0.3746773486681205,-1.15606141507777,0.6330408839685929,0.6497350454795199,-0.0011144971328683,1.234734788522452,0.4238587021843425,0.0137172479799012,-0.911602877162469
2016-06-20,CCI,95.01,95.4199,94.29,94.41,1470653,-0.0329960430517004,-0.0247793014886723,0.3396734864564882,1.4632005644984625,0.5001059537818472,0.0066731109419705,-0.4256913990273441,-1.1539227106787815,0.5658705518145826,-0.4504626144619064,-0.0012427088046935,0.8569887829677374,-0.1913618608030792,-0.5034354972421637,-0.5938995069420985
2016-06-21,CCI,94.6,95.52,94.6,95.37,1682270,0.6000694796538951,0.6016347207866684,0.538585805182977,1.6380220406240704,0.5167282920032946,0.0470933534154791,-0.4334659783272818,-1.1213772379747242,0.6468171304872801,-0.2008707201063903,-0.0013253303607339,1.351050532926524,-0.0334556067571959,0.5886398399864462,-0.7873646818944163
2016-06-22,CCI,95.47,95.64,95.01,95.24,2052621,-0.1178607266504834,-0.1092361193268813,0.4449987062930483,1.370338909652154,0.5171281121562876,0.0376730651504913,-0.4245676559019307,-1.1509605843762658,0.4679910160823377,0.1849262025044297,-0.0011388048807287,1.203298100845676,0.5997750656479464,-0.2083309070597761,-1.040035140051865
2016-06-23,CCI,95.86,96.41,95.53,96.08,2080374,0.5161088655875897,0.5189198813557224,0.6091300529427142,1.3442496568865152,0.5425533452040868,0.0945518165268775,-0.4039328874161693,-1.1390895100106435,0.6387675341661633,0.184007837343279,-0.0013442172151443,1.2693059820416173,-0.1183424292602404,0.1470758206799668,-0.8280021236715
2016-06-24,CCI,94.25,97.335,93.9486,96.44,9755646,0.2002772031961014,0.2067810124687545,0.628913804000624,1.3617501876374587,0.568620212995663,0.1417063744129737,-0.4070431171792742,-1.160082293176857,0.7430535401919484,6.449688276799702,-0.0017367908946517,1.0322310674432624,0.5157925485247069,1.7292103404072514,1.3351120753849093
2016-06-27,CCI,96.17,97.19,95.8,97.18,4232299,0.4447201302057518,0.4485033597310099,0.7438157859298878,1.3078980721112468,0.6096774384033845,0.2180149431725693,-0.4019925551426365,-1.1544886143977904,0.8644634239326376,1.4162055868738297,-0.0015034820757172,1.37176099673346,0.1998784941812318,0.7671460987458513,-0.3992700370332941
2016-06-28,CCI,97.87,99.0,97.1,99.0,3221686,1.1329807860017338,1.124078012384487,1.1318370214796978,1.6538936190465547,0.7040310613470919,0.4162458079608958,-0.3075332048818714,-1.0330252320205686,1.157078061356487,0.5279956478885364,-0.0014617994613946,1.442878752192886,0.4443851897495922,0.8459989414446855,0.0081471357441041
2016-06-29,CCI,99.41,100.56,99.13,100.33,3860104,0.8033998142524285,0.8014914791030437,1.3614253126354028,1.765360679246421,0.8200013708261825,0.6304714788106919,-0.1731384810053005,-1.004226568982665,1.3739637651526,0.9272087801210518,-0.0015277143861123,1.3667271831080468,1.132825394164853,0.6728851627318887,-0.4034695316610377
2016-06-30,CCI,100.27,101.44,99.9,101.43,2818337,0.6495898360316936,0.6503685575792808,1.524015865875068,2.02384659923546,0.9426375910967214,0.8190099551166267,0.0286534172390001,-1.0045383258736085,1.3731708919169632,0.0609066979304658,-0.0014746120261673,1.439554570655447,0.8031584436400359,0.8477242468530528,-0.3259692388806383
2016-07-01,CCI,101.55,102.18,100.43,101.18,2727390,-0.1864467911010432,-0.1775768295361267,1.3331079296351307,1.861218171003553,1.0165741973249998,0.8444887679617148,0.1719485353898669,-0.9950000575701926,1.1656488258846576,-0.0320173684201885,-0.0009978266551165,1.094432050154889,0.6493083405494742,-0.3015913958508868,-0.1498680422891516
2016-07-05,CCI,101.13,102.64,101.0,102.56,2131563,0.8161450100026402,0.813997483739686,1.5721797781823752,2.3971071683974063,1.114931880162508,0.9277312490305047,0.3601368486569043,-0.9549077994702236,1.3352740328172366,-0.4756343624737982,-0.0014185759335461,1.4161784988800954,-0.1869463859629145,1.0420019775689435,-0.2586502534660123
2016-07-06,CCI,102.38,102.82,101.23,101.92,2439552,-0.4215017372705966,-0.4123648105748467,1.2844866072576595,2.0489299022673246,1.1527095905841502,0.8383934277480151,0.4778691917210961,-0.9164074143055908,1.0665556092627688,-0.2616993311564222,-0.0010278129378152,1.1478330536033183,0.8159069642676471,-0.3657756363577792,-0.2911672454404237
2016-07-07,CCI,101.8,102.12,101.1475,101.51,1909978,-0.2834453697237633,-0.2743573711760995,1.0666415515640388,1.7926130640881166,1.1515424850954343,0.6666798849887831,0.5352989982645904,-0.89476992167057,1.0075720169635891,-0.6606236871083107,-0.0010865535928925,1.0134233464680702,-0.4220626516204902,-0.2415426578932586,-0.7928903885205468
2016-07-08,CCI,102.22,102.39,101.15,102.2,2450683,0.3901942423784865,0.3946660431735835,1.1429249813171232,1.9661753390184475,1.1626742064292426,0.5609660193030035,0.6059277493407121,-0.891122822928441,1.042662377259051,-0.2926485149923828,-0.0014323976569018,1.239625048720074,-0.2839702688954437,-0.0410987432162594,-0.5801432194138578
2016-07-11,CCI,101.69,101.81,99.85,100.54,3075756,-1.0442322685667704,-1.0387264706320651,0.6074613710235526,1.278229342971161,1.091883140259558,0.2655270819896561,0.5777479684354279,-0.7385323859055013,0.8326375983861669,0.1073634768764552,-0.0009871720112113,0.6954296490993108,0.389845077590612,-0.8807226176708027,0.0333835208065758
2016-07-12,CCI,100.27,100.54,99.03,100.15,4042242,-0.2744982772315867,-0.2654240543414061,0.4254687908734377,1.0106538639391305,1.007126349057075,-0.0067716036808616,0.5350343322093546,-0.7189656248680147,0.7106077569392331,0.6939504541253468,-0.0009351904341014,0.5675765130438299,-1.0449556364960386,-0.116734564410553,-0.3347617681853482
2016-07-13,CCI,100.27,100.71,99.19,99.8,2437643,-0.2505728091475876,-0.2415417535597326,0.2485639341186138,0.9343886574377258,0.9139499251832416,-0.2462825417725945,0.4306910716295721,-0.7595781733753538,0.7953184169603148,-0.3810346873285075,-0.001075761032509,0.4528365191478831,-0.2750208423484436,-0.3804537706154515,-0.322004199689326
2016-07-14,CCI,100.2,100.2,99.0,99.47,1552155,-0.2388592932974985,-0.2298527298338316,0.0865160812288958,0.6833515808557813,0.8160169052600014,-0.4501346885941831,0.3141844374135932,-0.7430002287111058,0.6937713245107986,-0.9721466550271988,-0.0011424376125581,0.2350687575689883,-0.2510891327559057,-0.5767437281713982,-0.5859048672787162
2016-07-15,CCI,99.73,100.4,99.51,100.11,1654912,0.3675784417084368,0.3723221002633982,0.1832726328577854,0.7328604011087617,0.7532131726348166,-0.5227942252834247,0.217694774984564,-0.7459854735990578,0.6797344646573218,-0.8927118214161742,-0.0013458902786848,0.4419307559185373,-0.2393725611658435,0.2615574926727091,-0.8504052617802004
2016-07-18,CCI,99.94,100.33,99.34,99.39,1289317,-0.4807613711805192,-0.4716979304219146,-0.0738164014661752,0.3670773253156637,0.6657343966596916,-0.644434991446186,0.078914433201204,-0.7174704427483126,0.607218703304134,-1.1280802576365203,-0.0011592175790002,0.1576314774191483,0.3672233770688856,-0.4421008398105541,-0.7611855482747061
2016-07-19,CCI,98.57,99.66,97.25,99.66,1797500,0.1361323413392383,0.1431934453996389,-0.0719594804024804,0.0024092845627254,0.5984382928610944,-0.6897977536309492,-0.089457300215584,-0.7203306725911941,0.6492202748532504,-0.7742784051393392,-0.0013557085477023,0.2588025456957969,-0.4813377447686504,0.8091450076815965,0.4240430543532432
2016-07-20,CCI,99.68,99.78,98.4,98.49,1972328,-0.7639001557683072,-0.7559753034226308,-0.4213259149328424,-0.7311305068542344,0.4916954591687933,-0.8276231670648752,-0.2142170104035782,-0.6692327917362071,0.3129889672130185,-0.65778997019004,-0.0011134557860061,-0.1796054168363543,0.1357168986620806,-0.9282690422366224,-0.4235872179395376
2016-07-21,CCI,97.65,98.56,97.51,98.27,2501376,-0.1720636463585048,-0.1632388858846366,-0.5185793160214215,-1.2098960915307386,0.3922252870540703,-0.919163792107401,-0.3650205186159455,-0.6669519291013679,0.2997662783485691,-0.2995144005010176,-0.0010860802070332,-0.2620411020988095,-0.764550392619446,0.4533773231801255,-0.700839496627182
2016-07-22,CCI,98.19,99.55,98.0,98.87,2461020,0.347128333656826,0.3521108724306268,-0.3970724700182023,-0.9077034660369516,0.3314904816898524,-0.892692124940057,-0.4910670865508555,-0.6792942975175392,0.2589955019541766,-0.3388643290192924,-0.0013885780207873,-0.0372165059284725,-0.1725594890463159,0.4969059148661496,-0.2847765968679963
2016-07-25,CCI,98.85,98.87,96.86,97.32,2227871,-1.0090247486529669,-1.0031441551912004,-0.8154305235978336,-1.7905661963517805,0.2181456960723324,-1.0069319747176126,-0.5467584377803371,-0.5792847179124729,-0.0334644696616524,-0.2716738764855798,-0.0011033331678856,-1.161536982270608,0.3467679341363196,-1.1957068522761378,0.1299577176782712
2016-07-26,CCI,97.34,97.58,96.23,96.74,1907214,-0.4040365460230892,-0.394888803785115,-0.9621101086222557,-1.7821434371044995,0.1026138627292526,-1.1039532777360632,-0.5191469568610146,-0.5860768075490458,-0.2339729549410046,-0.4540196496474853,-0.0011290989912248,-1.624044426509753,-1.0097389318910346,-0.4920148362078199,-0.4283079806423023
2016-07-27,CCI,96.63,96.71,95.86,96.07,1759133,-0.464181541542991,-0.4550918113595655,-1.10101516188757,-1.8179002185702595,-0.0168165094519791,-1.19160509200838,-0.3860921138532089,-0.71612664217787,-0.6021394758617359,-0.5318608624153061,-0.0011420409163386,-1.7810042043785013,-0.4045929041762171,-0.4641619372756199,-0.8539477107916608
2016-07-28,CCI,96.16,96.76,95.85,96.57,2109496,0.2910283011690692,0.2966322533854815,-0.9215965156139468,-1.907984194672138,-0.0924189165574666,-1.1489141158028242,-0.3015884302265327,-0.7904921855384522,-0.7178748983718987,-0.1605068332063704,-0.0013592009955196,-1.537915309358849,-0.4647535899012922,0.2958156446091345,-0.8059849537077729
2016-07-29,CCI,96.65,97.5,96.595,97.03,1920843,0.2635629012306441,0.2694529477755845,-0.7438119114603997,-1.4128841743317166,-0.1343778938262453,-1.0281637255973914,-0.2788934575174175,-0.8439690129774284,-0.8045746316678953,-0.2942717079739368,-0.0013534305863166,-1.3185288664286372,0.2906532666650144,0.2707313369982559,-0.8140026823416846
2016-08-01,CCI,96.91,97.75,96.83,97.74,1802757,0.4225662224743206,0.4266348647385904,-0.5115910886888215,-0.998665769957784,-0.139773110236148,-0.8374489224133735,-0.2856075390792135,-0.8064459146808742,-0.6668022150132399,-0.366896489247919,-0.0013509418662021,-0.979910661036363,0.2631807017454221,0.6207578654408317,-0.8068590888925637
2016-08-02,CCI,97.47,97.71,96.72,96.86,1509402,-0.5935349523902376,-0.5847686576586937,-0.6705590142397169,-1.120436650533894,-0.1783223634636447,-0.7702149999006587,-0.3442475686450861,-0.9000210547063919,-0.983714588700202,-0.6194367763875204,-0.0011484105215822,-1.3996064649028452,0.4222255026618789,-0.4991450000993567,-0.7395021906194603
2016-08-03,CCI,96.75,96.96,95.84,96.11,1664989,-0.5150683961792426,-0.506073502618772,-0.7944341765567846,-1.2075029719707402,-0.2373497666037729,-0.7691382672421282,-0.3643071075506719,-0.8941782552183445,-1.004690967585302,-0.443619035191988,-0.0011421085708012,-1.7442754546985453,-0.594140745560364,-0.526090633569852,-0.6201267046127104
2016-08-04,CCI,96.18,97.01,96.0,96.87,1365075,0.4593159796193978,0.4629069486733365,-0.5314722095319119,-1.159150283104934,-0.2529988560451703,-0.6566218483957513,-0.4188438305817569,-0.8444442028336681,-0.8387959307502052,-0.7147063146945847,-0.0013223027761678,-1.358568894628879,-0.5156537195437677,0.5156956321431585,-0.7223833822730703
2016-08-05,CCI,97.13,97.16,95.98,96.22,1396632,-0.4507489528697684,-0.4416411887243207,-0.6266180801773334,-1.144990867910696,-0.2893428079305332,-0.6198769329953224,-0.5304138353209203,-0.8774607229312134,-1.026826911744927,-0.6485234383920756,-0.0011588703773202,-1.6697133406552809,0.4589848468262034,-0.7341526930972361,-0.5692680488907801
2016-08-08,CCI,96.23,96.6,95.75,95.9,912343,-0.2400483398667555,-0.2310391895629321,-0.6514145529002638,-1.3171478143772477,-0.3286471533034161,-0.598101002549821,-0.550607477083337,-0.9664339163209636,-0.8452727500420911,-1.080969233338076,-0.0011895477038419,-1.7807731016575932,-0.4513174970284189,-0.2854050794107128,-0.8526405788660125
2016-08-09,CCI,96.01,96.23,95.52,95.82,1739674,-0.0849318407564636,-0.0764518126393007,-0.615911444132858,-1.090126625387012,-0.3604852705229446,-0.5614623154549306,-0.5689829608986461,-0.9667292502495394,-0.8024520811598449,-0.0899275059765755,-0.0011432453872624,-1.6891535634321244,-0.2405619179252414,-0.1758305512763264,-0.9737909191456154
2016-08-10,CCI,95.8,96.36,95.8,96.17,1292865,0.194412776865884,0.2009702481667951,-0.4737407131760927,-0.88735003269521,-0.3693808839236571,-0.4730977558957619,-0.601646936585776,-0.951736684550015,-0.7016670774841719,-0.5441336696163137,-0.0013140690657589,-1.4385327034181252,-0.0854049531091039,0.2654805317067206,-1.1060282634745982
2016-08-11,CCI,96.26,96.55,95.78,96.27,1050257,0.0317414400496573,0.0395696784174796,-0.4042082335300343,-1.1053385223914152,-0.3699270099839853,-0.38091467156749,-0.6360595968448776,-0.94920103184586,-0.639950644884174,-0.807815430579992,-0.0013022081001896,-1.3704142292902093,0.194012537980548,-0.0184678301855343,-0.9247355363195784
2016-08-12,CCI,96.33,96.9896,96.18,96.52,1118187,0.1286795503277941,0.1358011684476087,-0.2886963699136414,-0.5228619730466723,-0.3580892212544824,-0.2752922206201758,-0.7359841423529218,-0.9732698867597652,-0.6941447428488442,-0.7069405268866531,-0.0013074443433778,-1.190204752517281,0.0312987646053293,0.1227007768780833,-0.8922691984690402
2016-08-15,CCI,96.6,97.0,96.19,96.21,1262138,-0.2329545140894041,-0.2239611335808804,-0.3298351861737999,-0.4189760685632215,-0.3584718334072146,-0.2222493613636981,-0.8032338303599391,-0.9876121032722562,-0.6373756062006748,-0.5335686144196543,-0.0011678943663611,-1.342879015100474,0.128262163418717,-0.331339285974508,-0.8896702659235327
2016-08-16,CCI,95.84,95.94,94.46,94.8,1583475,-0.9454150522294898,-0.938909113187866,-0.6469582249792909,-0.685928761191889,-0.411222320095851,-0.3146090815211214,-0.8587545097491138,-0.919321665087546,-0.8836783410347118,-0.136870860292655,-0.0011513106628808,-1.6688550930070407,-0.2334662415603066,-0.8461606302253123,-0.290221877708144
2016-08-17,CCI,95.03,95.08,94.14,94.58,1707746,-0.1774767207910135,-0.1686345593185732,-0.6546853948504492,-0.997729703307274,-0.4581011345380206,-0.3733832743632333,-0.8431744704431453,-0.9638968359807814,-0.7505250623812764,0.0291661231198613,-0.0011472804732168,-1.6109442128882971,-0.9461126414154798,-0.3840804498571412,-0.763026080059167
2016-08-18,CCI,94.56,94.85,93.91,94.3,1307863,-0.2173082707912034,-0.2083525322117591,-0.6779876017630837,-1.3267134980126785,-0.5021798324611153,-0.4131951769197525,-0.8208424330476288,-0.9634720193213072,-0.7607974095461029,-0.3972949886829071,-0.001172055240999,-1.6514391682987968,-0.1779739756037691,-0.2340520007459108,-0.7605666591814689
2016-08-19,CCI,94.15,94.15,92.695,93.37,1967926,-0.6469936557100008,-0.6384404455026598,-0.8585174342119348,-1.9552198833818049,-0.5688520222033961,-0.5031999579692841,-0.8030597382779797,-0.9725201459397764,-0.9844691854858308,0.4725545332783581,-0.0011390365241885,-1.5179307143550789,-0.2178159165797412,-0.6522368102828153,-0.2926096423998575
2016-08-22,CCI,93.5,93.92,92.98,93.71,1651929,0.1937120296645407,0.2002758766287012,-0.7174500085364565,-1.5639820616272642,-0.6030538093218536,-0.4916255254206764,-0.75059388429316,-1.0479279639281882,-0.7122616163919617,0.1076383176472197,-0.0013266002422141,-1.213836067048989,-0.6476133948122224,0.1433719505753302,-0.7553361952996804
2016-08-23,CCI,93.88,94.29,93.65,93.71,1215316,-0.0329960430517004,-0.0247793014886723,-0.6768652291501699,-1.3675548081430604,-0.6246544836719384,-0.449930932039307,-0.6986421262918954,-1.0563250944752791,-0.6274753478994699,-0.4250055216677022,-0.0012427088046935,-1.213836067048989,0.1933116079731829,-0.1631274102205969,-1.0221407809754737
2016-08-24,CCI,93.83,95.03,93.83,94.77,2261868,0.6712353063079513,0.6716581966673579,-0.3686413805592866,-1.1711275546588564,-0.5948947684914148,-0.2843744988317703,-0.6878741096085884,-0.991062893249627,-0.3662123965104421,0.9202400992385068,-0.0013611557573661,-0.5167772283370116,-0.0334556067571959,0.7305701383795674,-0.5360423639539924
2016-08-25,CCI,94.88,95.39,94.32,94.49,1855350,-0.2169387517105788,-0.2079839496820816,-0.4172436058449713,-1.0485675482690475,-0.5773701325625042,-0.1834222356372113,-0.6816957130844506,-1.0081326470265286,-0.4838073110895729,0.4076510666543899,-0.0011412183993578,-0.7009059781854586,0.6709594575444118,-0.3368687874964963,-0.6475762072282446
2016-08-26,CCI,94.61,94.93,92.97,93.26,2113652,-0.8434245129771007,-0.836054790393506,-0.7044042200916759,-1.3262017021463846,-0.606592872524284,-0.2229873658861107,-0.6469069270228321,-0.9600632829025044,-0.7381075967719605,0.7315044875888422,-0.0011311678756712,-1.5097572721625565,-0.217446301101567,-1.1043728870414078,0.160210349052793
2016-08-29,CCI,93.56,94.0,93.52,93.73,1510514,0.2807641716634118,0.286476436712522,-0.5207557469727734,-1.0407194195656022,-0.605965900145555,-0.177806824372074,-0.6934838039429924,-0.9790461379903804,-0.7700251752965125,-0.0415454870124264,-0.0013193412213182,-1.195255349306833,-0.8440954955855565,0.1109622379149626,-1.1645276487334018
2016-08-30,CCI,93.85,94.32,93.26,94.19,1542658,0.2725485771269632,0.2783463372707526,-0.3574407645066178,-0.9837991112815504,-0.5823486173217118,-0.0824857278444696,-0.7230092986474914,-0.9837091966924888,-0.5723198901833351,-0.001156679085625,-0.0013231943757933,-0.7682789558035744,0.2803864595251418,0.2473926335306991,-0.6534184864917993
2016-08-31,CCI,94.01,95.0,93.96,94.77,2347382,0.3503743970074944,0.3553194586489522,-0.1788318846951647,-0.7541592160606699,-0.5363192698374315,0.0514594179985088,-0.7389296602288111,-0.9803439497546952,-0.3722420766983693,0.9966178034410668,-0.0013688373200492,-0.3364703798312026,0.272168721761933,0.5844626930764371,-0.6767465683713019
2016-09-01,CCI,94.7,94.91,94.35,94.75,1623553,-0.046134807955904,-0.0378473857272667,-0.1551079238439749,-0.8760984782794159,-0.4965994433839973,0.1423749361554705,-0.7950186430850507,-1.020798797794851,-0.4888920935022988,0.041676030845848,-0.00115131937732,-0.3513603307267988,0.3500148442972594,0.0135735152280138,-1.0987552312875255
2016-09-02,CCI,95.25,96.1624,95.23,96.06,2186387,0.8277747128653208,0.8254067265045248,0.2095110888487531,-0.2404419648093572,-0.4105291341661207,0.3344126954109873,-0.8014304067389502,-0.9337668890208876,-0.1918985660393565,0.6960058566553007,-0.0013618565259517,0.717041203947606,-0.0465977992103633,0.6161710709824726,-0.7823813923451973
2016-09-06,CCI,97.0,98.06,96.75,98.03,3204813,1.2437927751056923,1.23216188297307,0.7240969537937666,0.8511071205555916,-0.2634464943949288,0.6450875913558382,-0.674673325393714,-0.7615135050840995,0.1587206568988602,1.705852368114565,-0.0014251901464473,1.4242905982090506,0.8275397010057556,0.7759343637359618,-0.4776186497779352
2016-09-07,CCI,97.75,99.0,97.6,98.85,6552085,0.4877791354531866,0.4909855456608112,0.9071902334145184,1.101384670266108,-0.1149815298786826,0.8971855882093001,-0.5069162664348322,-0.7433546108383453,0.2969380475796725,4.685133293289654,-0.0016420400080264,1.3637943381379467,1.2436662911243972,0.8238825660407134,-0.4109778909077977
2016-09-08,CCI,98.6,98.74,97.62,97.66,3438088,-0.7824858217396912,-0.7746814368977768,0.5577868956078421,0.7397079224811192,-0.0453287937653982,0.8960026665050351,-0.4511171549538907,-0.6763538969442989,0.0600675941399655,1.3043572459342947,-0.0009979488880885,0.7363913199687863,0.4874554279287289,-0.7465871193215515,-0.6355409545444147
2016-09-09,CCI,97.06,97.06,93.29,93.31,5777777,-2.8061115777518384,-2.8459944937577943,-0.6013760500465214,-0.2015470065656532,-0.1611638346580972,0.4176139842289366,-0.428605965920378,-0.0749837027232493,-0.6190421992640062,3.0076622901576857,-0.0008647205750223,-1.5570566876243643,-0.7831409070891939,-2.9453274137410874,1.775893322159152
2016-09-12,CCI,93.02,94.21,92.54,93.93,2685323,0.3806786247129427,0.3852657924682039,-0.3948053128760983,-0.143851319515131,-0.2276355470061202,0.1619633963113458,-0.4399259782253621,-0.0625783406415691,-0.5615731292870705,0.2267415236078655,-0.0013973267958093,-1.166037717595572,-2.807294572415013,0.7127946563699626,-0.1095903224877452
2016-09-13,CCI,94.12,94.26,90.97,91.87,4138062,-1.398391095187028,-1.39779746579379,-0.9061693004904152,-0.5191613357252837,-0.358945891706957,-0.2094505975267602,-0.3689487030555143,0.0380497567084712,-0.8299821457382068,1.2566983453752252,-0.0009903861586627,-1.5087295120617794,0.3803269775573795,-1.8324312619793064,1.3932350053835416
2016-09-14,CCI,91.49,91.93,91.01,91.39,2293616,-0.3582802272175664,-0.3491275253452656,-0.993510910795894,-0.8177073069126503,-0.4780860498872976,-0.4752559419985664,-0.2682561852235461,0.0013805419115123,-0.6957589524295473,-0.2399004036389931,-0.0011145088274315,-1.707435257761955,-1.399206853590442,-0.10889583291872,-0.7523525615699399
2016-09-15,CCI,91.38,92.1,91.05,91.46,2762475,0.0146903846198198,0.0226274364300275,-0.932108721549168,-0.7601761030316299,-0.564934515731722,-0.6047819573924224,-0.1870443492390437,0.0027157160060942,-0.6519560626037814,0.0852268108393611,-0.0013902976733244,-1.678457336514016,-0.3588246487827234,0.0398263996032432,-0.6345351147431909
2016-09-16,CCI,91.13,91.27,89.82,90.37,3927171,-0.774973529094232,-0.7671197709929197,-1.1827858097801869,-0.7387086170338448,-0.6706257711479313,-0.7569037856939087,-0.0591357891529771,0.0274033876715806,-0.7795462986744617,0.8390099368100208,-0.001021109955073,-1.6821415820259251,0.0142432610155776,-0.6563983759611106,-0.2541075015493927
2016-09-19,CCI,90.51,92.05,90.37,91.8,2511319,0.9521648911406898,0.9473075648008356,-0.7629631244327153,-0.5346793716370837,-0.6918294612132304,-0.6611317095427861,-0.0201047877579354,0.0811213334928185,-0.414428676646518,-0.2184953995163516,-0.0013739370297665,-1.1643224536443633,-0.7756266546894458,1.0504904633648895,-0.0661317047897124
2016-09-20,CCI,92.37,92.47,91.56,91.57,2263346,-0.1889802328629552,-0.1801026535468547,-0.7980378652303263,-0.664921685630508,-0.7111833936098382,-0.579752804225543,0.0270062861150249,0.0768645555224383,-0.5028650189610685,-0.4166701079688175,-0.001118568407516,-1.2476080477197211,0.9519623293195992,-0.6806570091026963,-0.7631030631663386
2016-09-21,CCI,91.53,93.5,91.08,93.44,2882289,1.2384086759866573,1.2269146954914807,-0.2721678574402699,-0.4127904709619783,-0.647162548098253,-0.3000444369007836,0.0288900644796469,0.1781995442811812,-0.2097922668610075,-0.0312874229452896,-0.0013940284650444,-0.570459956759212,-0.189480488631369,1.5502584481238528,0.5671187288901478
2016-09-22,CCI,93.98,95.3,93.85,94.83,3964659,0.8931455678539512,0.8894992774023135,0.1151444092027324,-0.176506504177391,-0.5372245894131878,0.0419121158221246,0.0295637265634773,0.1990103074659164,-0.1581787227306991,0.645488162050199,-0.0014628560030367,-0.0671252795211874,1.2382807874392945,0.6570098737719094,-0.3169988347148849
2016-09-23,CCI,94.2,95.595,93.97,95.18,2603339,0.1967868645145031,0.203322677587267,0.2031263761634983,-0.3336810052061026,-0.4330279573742455,0.3006992820480608,0.0374480825242782,0.1991654441100755,-0.0602304774125727,-0.2999606548786673,-0.0013997202466792,0.059613667984793,0.8929276094851752,0.759678666313778,-0.1684525375202719
2016-09-26,CCI,94.85,95.84,94.65,95.61,2611896,0.2482705688876648,0.2543147361815145,0.2898450465014476,-0.6242971053987953,-0.331404371069492,0.5011060396029996,0.0477025374703665,0.1583592533580926,0.2026001612468128,-0.3085619672583977,-0.0014096828702885,0.2153215177778481,0.1963872449645247,0.5790535780010445,-0.5540304936330929
2016-09-27,CCI,95.99,96.1,94.97,94.98,1910815,-0.4432309936228105,-0.4341144113564054,0.0966389966423503,-0.8932903647398704,-0.2741963686355708,0.5471064973606161,0.0500235601521364,0.1680781963779984,0.0283854945197719,-0.7827484536420644,-0.0011127337512555,-0.0128085877329093,0.2478843800458892,-0.8212670979123541,-0.5997975677598774
2016-09-28,CCI,95.09,95.36,94.36,94.37,2649750,-0.4328423567401894,-0.4237150947382451,-0.0758218824903354,-0.809983276952465,-0.2516607009549987,0.4946608707824909,0.0500674186336439,0.1744829690510639,-0.1394104998423834,-0.3259880782771837,-0.0010705342997764,-0.2336964676718982,-0.4437975765489087,-0.5983776016016616,-0.7081951583010749
2016-09-29,CCI,94.42,94.5,93.2,94.01,2473874,-0.2704962390831497,-0.2614285952143069,-0.1655425875380186,-0.0114967810774004,-0.2468200013103261,0.4071578264076526,0.0485058242474114,0.1690324561990829,-0.2852544914870465,-0.4432842174141825,-0.0010913522392413,-0.3640565279637605,-0.4334062295514602,-0.3543850947625879,-0.4388601506461407
2016-09-30,CCI,94.46,94.87,93.73,94.21,2712541,0.0994537761134379,0.1068041778350143,-0.1022746412428097,-0.1153310671812538,-0.2341100506300585,0.3574107076072741,0.0464295208501502,0.1702881268729212,-0.2511786567303277,-0.31891366699095,-0.0014000846425982,-0.2916342722460632,-0.2710177601763248,-0.2262736362888289,-0.5828473091422234
2016-10-03,CCI,93.78,94.13,93.04,93.42,2308146,-0.5550621679203575,-0.5461712913755515,-0.2859386410698505,0.2709214663883336,-0.2538976370415994,0.2339649115252543,0.0229525421654952,0.1353920608585658,-0.5711047940645138,-0.5789369214550225,-0.0011007448689471,-0.5777021823309806,0.0990287649890823,-0.3163425975358639,-0.6189246635574829
2016-10-04,CCI,93.59,93.59,90.545,90.86,3191356,-1.739060868531909,-1.7451683815962202,-0.9035024207156436,-0.3190159887531841,-0.3677863831724058,-0.1070064905424917,-0.0378811748649436,0.1566096181409949,-1.2416640357732722,-0.0178163872747697,-0.0010559744995666,-1.5047070555175588,-0.5556579245799363,-2.2301457365377213,1.2016864033271248
2016-10-05,CCI,91.23,91.51,88.4,89.06,3829011,-1.266371208112684,-1.2637029089745555,-1.2767912982640577,-0.703647846585089,-0.5245338103815538,-0.4901011194966346,-0.1162069048123618,0.1737352022275664,-1.6220173623031895,0.4957253654613701,-0.0010327881464371,-1.669120984987322,-1.7399654984797288,-1.8233939793125624,1.3189621093777646
2016-10-06,CCI,88.9,89.79,88.22,88.84,2303082,-0.1867886351209454,-0.1779176396590835,-1.2197405535515662,-0.5392636623320395,-0.6516004102425154,-0.7201788840097406,-0.1552921857380985,0.1633140832648822,-1.4938681718279931,-0.4874945968775842,-0.001125324156029,-1.648158831266083,-1.2671525260926306,-0.0773076319527793,-0.1185059237168893
2016-10-07,CCI,89.14,89.98,87.96,88.3,1617969,-0.4114217549971358,-0.4022779842541081,-1.3048825800803572,-1.0497951944098445,-0.7664150308793961,-0.8727047120105494,-0.0038102395326551,-0.2580308666086621,-0.9560270846060858,-0.8688225424237808,-0.0011635897932055,-1.7424549077642937,-0.1872883191606903,-0.7382696531071787,0.3152280320151221
2016-10-10,CCI,88.31,88.995,88.1,88.7,1029223,0.249033571890902,0.2550701371438878,-1.119970159983526,-0.8849742718053174,-0.8337493884649724,-0.8725119946715997,0.0824709653979291,-0.2681179185028047,-0.9852205245124098,-1.2735909590577228,-0.0012916429814707,-1.5791044636639229,-0.4119800397518546,0.3073398438072004,-0.750398656095759
2016-10-11,CCI,88.61,89.38,88.43,89.0,2321178,0.1775722912163248,0.1842808281114412,-0.995105414511923,-1.425480425427626,-0.8670074799806688,-0.7846460985463786,0.1561524855382993,-0.3752440088845816,-0.6262817512545849,-0.245700697871893,-0.0013550494972459,-1.4565916305886482,0.2486475820960059,0.3062102092467835,-0.7017304574772995
2016-10-12,CCI,88.83,91.82,88.83,91.45,3352186,1.6808488094372545,1.656627739611172,-0.2975620998187314,-1.0445636026716068,-0.7895382960489712,-0.429343280772054,0.1555426699012604,-0.1525767168381635,-0.1578348338238197,0.5015013799345026,-0.0014117927062351,-0.4560701604738913,0.177167659103044,2.202048608668445,1.1335439940697805
2016-10-13,CCI,91.35,92.1,91.16,91.82,1888927,0.2188954153897818,0.2252252469399747,-0.1972097677052088,-1.0380421942364548,-0.7071266502061747,-0.1323792146760061,0.1529556199954584,-0.1486915737040013,-0.1096685326277792,-0.5857960248929547,-0.0013441674330277,-0.3049709996810547,1.6808363415730374,0.362400898794235,-0.7381284327602331
2016-10-14,CCI,91.94,92.98,91.82,92.03,2141435,0.1093932825277138,0.1166674003034849,-0.1609786714250724,-1.111031804029944,-0.6280070105288741,0.096718471001465,0.1292912291714766,-0.1906165651187413,0.1022992171615908,-0.3324466948087055,-0.0013620947195564,-0.2192120165283579,0.2185015633637066,0.0476410374034248,-0.5408469164084175
2016-10-17,CCI,92.28,92.79,91.83,91.99,1347277,-0.0600559311310595,-0.0516966295477055,-0.1750674558602563,-1.0009509479536456,-0.5620950096023241,0.2460003847634296,0.1283463684674926,-0.2552899703424847,-0.1370799517990936,-0.9418902694412304,-0.0011642211943742,-0.2355470609383973,0.1089708643521748,-0.2637463048266042,-0.7215856134032984
2016-10-18,CCI,92.49,92.8,91.6,91.82,2325199,-0.1480505747916585,-0.1393086752218003,-0.2270120189193566,-0.910734077417546,-0.5123399350369121,0.323838265454703,0.1263407863455782,-0.2561779837148945,-0.1273804401618692,-0.1441367131493945,-0.001110976417081,-0.3049709996810547,-0.0605225540306286,-0.5736156757060956,-0.5021381979473157
2016-10-19,CCI,92.15,92.36,90.64,91.71,2302999,-0.107580927879007,-0.0989995917271811,-0.2338085319040592,-0.855993279876125,-0.473476002409469,0.3580749581462076,0.1172571215407861,-0.3838833110204954,-0.4393918755126256,-0.1399766912246059,-0.0011181466397594,-0.3498923718086557,-0.1485401531175477,-0.3870630019735092,-0.0282852141075167
2016-10-20,CCI,91.72,91.81,90.8,91.54,2425503,-0.1484018480321541,-0.1396586696885386,-0.235582141920263,-0.9655866971136784,-0.4459223375620713,0.3563518777354831,0.0635813515478931,-0.467036470688584,-0.6770071396879853,0.0265146225357161,-0.0011171559195241,-0.4193163105513069,-0.1080599487668607,-0.1745865173709956,-0.6717885281771407
2016-10-21,CCI,90.59,95.09,90.57,94.92,4441601,2.2658041180275497,2.2202167011785274,0.7330560165982529,0.1584625809535729,-0.2894236722796164,0.6868756247881692,0.0515213902305189,-0.0630586475380525,-0.2075957023370417,1.6060073471543792,-0.0014626712587497,0.960994942096803,-0.1488915179957459,3.584890312428714,2.377288440008046
2016-10-24,CCI,95.54,95.84,94.2,95.14,3932867,0.111301978963551,0.118561268017232,0.8028077796444303,1.0259055984737304,-0.1566297235650073,0.8902790900522587,0.0269623247737822,-0.0670136361456707,-0.2396731454415606,1.103377530440581,-0.0014542427788654,1.050837686352005,2.265944249207186,-0.3426313306765405,-0.1547145961647272
2016-10-25,CCI,94.93,95.37,93.6,93.94,3137062,-0.8182561334268771,-0.8106995157211104,0.4753226891439255,1.2812004259568344,-0.0991692968779237,0.8590946734022769,-0.0143221399668647,-0.038626820904891,-0.3282898734765492,0.4069540327552375,-0.0010600562690522,0.6413628992562427,0.1108800587153697,-0.8142262454597384,-0.0210309380705761
2016-10-26,CCI,93.42,94.27,92.11,92.53,2419314,-0.9674630738479012,-0.9611663431322404,0.0989619545325587,0.8020979087832061,-0.1095561780542394,0.6595093376072023,-0.0618081779338433,0.004268328430079,-0.4538312054482382,-0.1454088984418965,-0.0011105447247708,0.0465537662874737,-0.8189205502847561,-0.7460884283200051,0.354166815230948
2016-10-27,CCI,92.7,92.7,90.71,90.78,1803868,-1.210468923441978,-1.207009534400223,-0.3557755614907827,0.4109343145365933,-0.1862098382221402,0.3292715206039068,-0.0978062512422315,0.0778074409239576,-0.672078108570862,-0.609785288189382,-0.0011486452412368,-0.6916845193120639,-0.9681664147673456,-1.5911431690649818,0.2356017425622315
2016-10-28,CCI,90.97,91.71,90.83,91.22,1588505,0.2687613539451495,0.2745981660858526,-0.1869863964628046,0.4186151106102043,-0.2287017470615467,0.1530130268394095,-0.1573113567899677,0.0843135110645873,-0.6335928934538535,-0.7524778786431839,-0.0013228267017338,-0.5060703217898955,-1.211235658025442,0.1813117473768801,-0.7873340265570078
2016-10-31,CCI,91.7,91.93,90.6,90.99,2559296,-0.189972020081664,-0.1810914866469622,-0.2182542776061852,0.2935892490999101,-0.2700122920492772,0.0150470420453014,-0.1912258224461228,0.0729597653379786,-0.5494970238893592,0.0264931163600851,-0.0011097909380932,-0.6030959250401221,0.2683805105958615,-0.611286752206117,-0.3731313201525588
2016-11-01,CCI,91.33,91.59,89.5,89.94,2975836,-0.7514369637408631,-0.7434344929998734,-0.506960264775068,-0.6028589422533869,-0.3418303409343676,-0.1738515356468475,-0.1753258698443603,-0.0728906399375986,-0.3161851332575907,0.3739468348891496,-0.0010952214686826,-1.0460388963998437,-0.1904725345805809,-1.176179480593494,0.3453271533382507
2016-11-02,CCI,87.94,88.55,87.51,87.9,6492668,-1.4451196420854968,-1.44533001713048,-1.0774063434443586,-1.1189367385157043,-0.4752499030032744,-0.4835316322893617,-0.1173109580274317,-0.04259138641243,-0.3587681852987117,2.9635735059701824,-0.0009371593322702,-1.725668835717486,-0.7520839492817586,-0.0606817021670627,-0.605265951212554
2016-11-03,CCI,88.14,88.38,87.53,87.67,1992219,-0.1959010330934925,-0.1870031690260258,-1.1273910507383258,-1.221655465522958,-0.5849903967498262,-0.6703261953676818,-0.0577841800857211,-0.0424456222634109,-0.3608950376964184,-0.4984580820901293,-0.001158251999106,-1.817452959800534,-1.445947590704937,-0.4291908306982648,-0.7832968614149721
2016-11-04,CCI,88.02,88.185,87.46,87.81,2655392,0.0664236586683975,0.0740162700192742,-1.0802938727420774,-1.1711275546588524,-0.6605326706512716,-0.7317362166582313,-0.0322599362728675,-0.0496601038900462,-0.2489764883763671,-0.0241281025189069,-0.0013519551664136,-1.7424646542108373,-0.1964030943117969,-0.2065696170179493,-0.9032231929245796
2016-11-07,CCI,89.09,89.53,88.35,89.04,5054068,0.8390844275467688,0.8365000309687287,-0.7308951131301904,-0.7912719100533657,-0.6660118115520686,-0.6005229354568794,-0.0453144799632499,-0.0059410997721397,-0.1111812694847327,1.5299279945375264,-0.0014591602881456,-1.254547793703167,0.0659900308783471,-0.0687184956073562,-0.4868515957233573
2016-11-08,CCI,89.23,89.93,89.23,89.8,3664041,0.4984067927402972,0.5014663512651226,-0.523431878777895,-0.5839134495060708,-0.6348220967324602,-0.4011673071117174,-0.0697087005096529,0.0081345502456546,-0.0354630214581264,0.4874437932264795,-0.0014129032420611,-0.9530707091618468,0.8388523660863559,0.4563072028321381,-0.9416735479162348
2016-11-09,CCI,88.5,88.74,85.27,85.73,5479382,-2.854713332797952,-2.896603698767795,-1.6170529305705184,-1.1321667771082675,-0.763180113644876,-0.6523559193610027,0.1557139381700551,0.2633118630389557,-1.0860889042771955,1.608918589273744,-0.0009715639465323,-1.7366364174895723,0.4980858576846361,-2.391044741752922,1.781973443449054
2016-11-10,CCI,85.47,85.47,82.08,82.9,6994518,-2.088172132180086,-2.103180330066304,-2.316030730612756,-2.201254571510679,-0.9668322999591782,-1.0471127050407285,0.5538402951563869,0.4247660595366498,-1.594225171272409,2.2568655860052016,-0.0009273942639302,-1.6832047575822482,-2.855909006346574,-2.298085450613665,1.81670399528734
2016-11-11,CCI,83.03,84.0,81.69,82.25,9705530,-0.521147121146708,-0.5121663640764857,-2.374925006275589,-2.295436626182423,-1.142337271401227,-1.2904676870468037,0.8979618483615055,0.414854245809657,-1.7282120827061314,3.3080304702952303,-0.0008498193940053,-1.7497450706935795,-2.0891678358291768,-0.7360647433773809,0.7493129961967339
2016-11-14,CCI,82.63,82.66,79.38,81.99,6627941,-0.2297995658435618,-0.2208134588169624,-2.317131722234716,-2.249236178229271,-1.2786157429759797,-1.3841833372623469,1.1792987313427916,0.410744827372029,-1.764014564490615,1.3652163606519072,-0.0010076761437484,-1.3541998804668072,-0.521734030286427,-0.6114931513955738,1.7427170564335237
2016-11-15,CCI,82.17,83.1,81.9,82.79,4978859,0.5744735263941266,0.5764302566637363,-1.959340278593603,-1.930376101196706,-1.341366609518401,-1.269897067830991,1.352449187929723,0.4538132254276647,-1.611819600013615,0.4332534854554491,-0.0014054789229868,-1.1926357717211185,-0.2303104702736634,0.5437468153312585,-0.3833394678687846
2016-11-16,CCI,82.9,85.26,82.9,85.09,4909867,1.696602776210647,1.6718736830890428,-1.187708420220407,-1.173434392632829,-1.287434568557017,-0.8781282570224708,1.390083824532214,0.6480519713159304,-1.2276116985015937,0.3229557546891513,-0.0014132241191116,-0.7281389590772713,0.5741724350951666,1.9695629364967808,0.720163086419197
2016-11-17,CCI,85.01,85.83,84.51,85.11,3437115,-0.0183625872993034,-0.010227813080304,-1.0901774052104702,-1.2728298051082296,-1.2314071693040107,-0.559319792203806,1.4125575859490949,0.6501218171386532,-1.1990971529347338,-0.4068558806994126,-0.0013698909011663,-0.7240998563586301,1.6965944181309405,0.0625574465109663,-0.2987621066457439
2016-11-18,CCI,85.1,85.83,84.73,85.0,2357483,-0.1134611367521322,-0.10485484163905,-0.9803758427541216,-1.2592756247487915,-1.1794345237815225,-0.3147098866502023,1.2643827965806278,0.3169841519721798,-1.7023544383552809,-0.8928911012004227,-0.0011512862794066,-0.746314921311162,-0.0188183335313555,-0.1150965569185994,-0.5127951325329931
2016-11-21,CCI,85.21,85.41,84.1,84.55,2532639,-0.3625974180441786,-0.3534437394071572,-0.9617050590621082,-1.188433920604597,-1.1444593857983678,-0.1627732540080115,1.0498749296268273,0.3038632606535817,-1.8022316207158724,-0.786063663010815,-0.0011476259661765,-0.8065048772710156,-0.1139416916276915,-0.6115081739728931,-0.3000580733890106
2016-11-22,CCI,85.1,85.89,84.38,85.42,2218677,0.6076248040655483,0.6090725259894713,-0.5745304214486368,-0.6853971180538894,-1.071842544463433,0.0556651485457833,0.8287749166913866,0.3425760065534391,-1.49949102142099,-0.9294510326975646,-0.0013232453442201,-0.5328772321164524,-0.3631429658478407,0.257779468550232,-0.1180776174165028
2016-11-23,CCI,84.91,85.27,83.76,84.16,2116198,-0.9513421826935776,-0.9448916984775682,-0.8320316806428469,-0.8456195345993126,-1.0534340763893677,0.0908844509916306,0.679251717290196,0.3414659710435097,-1.495980348270201,-0.9769202290313808,-0.0011635964088528,-0.6883907920833078,0.6073323610397142,-0.6936565446168461,-0.0960209359481133
2016-11-25,CCI,84.23,85.09,84.12,84.77,860687,0.41825636752497,0.4223796368128606,-0.5573147546564899,-0.7412158716323869,-1.0049499998630431,0.1964739913643938,0.5795798800499076,0.3207252816757054,-1.1397854163930454,-1.6049696207833304,-0.0012739931185849,-0.4536264117982112,-0.9520413181078492,0.4580472623551049,-0.6376771670312087
2016-11-28,CCI,84.7,85.33,83.82,84.35,3068301,-0.3414586565871855,-0.3323126302127738,-0.5824477232183077,-1.085724400970069,-0.9735292848312912,0.2370248249147788,0.4257166543231122,0.3063238012776053,-1.273556704054014,-0.5070182542369099,-0.0011299104604148,-0.5648739214178011,0.4179145233877555,-0.3385140101953903,-0.0993891346750203
2016-11-29,CCI,84.45,85.54,83.905,85.23,2427529,0.6165246801107175,0.6178328230374104,-0.2257859227642441,-1.0560285200995274,-0.9052560978485208,0.3643231201558825,0.2269794430795516,0.3466314444370672,-1.0971892832181025,-0.8260535868419435,-0.001328465307037,-0.288635955271016,-0.3419986898588155,0.6714974506275426,0.0074359831701796
2016-11-30,CCI,85.01,85.07,83.45,83.46,3883508,-1.3259295919486196,-1.3241612902811914,-0.6713525954708455,-0.6945353523275619,-0.911991836799504,0.2730900722450839,0.0958205233301911,0.3952354329265847,-1.2256139396933718,-0.1171348193752566,-0.0011011430291653,-0.5957425319069202,0.616234558822211,-1.4038635100209242,0.026363518538793
2016-12-01,CCI,83.19,83.33,80.82,81.53,3122691,-1.472703835673984,-1.473405957727295,-1.1713959793832975,-0.5163700430448361,-0.9836436335346566,0.0330108186849523,0.1427311050178871,0.3987160209787468,-1.231792312987374,-0.4277970326022718,-0.0011344018210953,-1.2038629458655914,-1.326726447102592,-1.5339011567733385,0.9744255974349056
2016-12-02,CCI,82.1,83.13,81.33,81.88,2660452,0.2342713815098354,0.2404533911371203,-0.9767018927585954,-0.2796123393440074,-1.0166307808805373,-0.0595304422322305,0.1495595649713932,0.4107056723423795,-1.137422446589698,-0.6787557211459591,-0.0013315177390253,-1.0935820417798234,-1.4735389802646468,-0.2287695683369765,0.2407907382614556
2016-12-05,CCI,81.78,83.28,81.47,83.26,2153533,1.0162967237782818,1.0100623286462458,-0.4792288552949872,0.0955668252240832,-0.9788748425446656,0.0485280337638514,0.0745014216701129,0.484278535115358,-0.928481394633143,-0.9318423812915756,-0.0013169726396312,-0.6587601913844994,0.2338815406581076,1.3409693630301662,0.2204339089798461
2016-12-06,CCI,84.05,84.66,83.26,83.44,3265090,0.1015997622538959,0.1089338269109993,-0.3369315703238782,-0.0361448609432562,-0.9328122367953569,0.1563560334868212,-0.1310147569967812,0.4331853762473315,-1.091159309356927,-0.3182199302338236,-0.0013584000768711,-0.6020442978546772,1.016110892220508,-0.574640036254796,-0.1929873353568436
2016-12-07,CCI,83.72,84.85,83.39,84.74,2670127,0.9369877626548188,0.9324470148601904,0.1483195970509471,-0.2784312768988941,-0.837190498967448,0.3701827860941222,-0.5274149833505916,0.4750783306932232,-0.9950263991872904,-0.6141433076882163,-0.0013414343731625,0.0222883515764355,0.1011753109593741,0.8941662592705718,-0.155429936082701
2016-12-08,CCI,84.95,85.37,84.42,85.0,2137439,0.1580246053980368,0.1649028493589527,0.241246248683823,-0.2165278181000993,-0.7442935063544976,0.5342307409021005,-0.5596953286715525,0.0665728791438895,-0.2925344692321591,-0.8464022019671975,-0.0013246537459942,0.9884207539864625,0.93678124153075,0.0181518335835813,-0.6598672367899189
2016-12-09,CCI,85.16,85.65,84.806,85.57,1871292,0.3844990319387627,0.389040052704161,0.377087206922274,-0.0516688818993212,-0.6425287294962986,0.6882946287402594,-0.5354382948196589,-0.2151051621409635,0.305539783869384,-0.9153693722004074,-0.0013166329608148,1.2794781236242807,0.1576148738213925,0.3374250169682357,-0.7693105154942964
2016-12-12,CCI,85.51,87.4,85.04,86.85,2789340,0.8982916512124207,0.8945419150781809,0.7029798162036967,0.3299015339876747,-0.5073519063408651,0.8975477710043459,-0.4782673216607723,-0.1983404997445986,0.6538984640788142,-0.1678814090459067,-0.0013559152764351,1.214911190398197,0.3841483814242782,1.1576314331826971,0.673321208572734
2016-12-13,CCI,87.23,88.1,87.04,87.96,2669936,0.7627025363774488,0.7615410544907748,0.9520972818028332,0.3737063336454949,-0.3541522433137543,1.1113407643890587,-0.3850014797834635,-0.184255165233734,0.9019059094710856,-0.1215577254324422,-0.0013556773077649,1.3789521841651458,0.898075035317828,0.6059522003450171,-0.5869888513395891
2016-12-14,CCI,87.1,87.45,86.05,86.21,3017986,-1.271645038305363,-1.269054051324402,0.354539795650799,0.2490172729245577,-0.2998523880486779,1.027808756439491,-0.3952912324432407,-0.0603545878736186,0.4392146718926863,0.2077501255279011,-0.0011095954448362,0.5798700838183922,0.7624505489442496,-0.7983152740786892,-0.2379170682878561
2016-12-15,CCI,86.1,86.605,85.33,85.89,2248017,-0.2640895588798495,-0.2550329837578429,0.2427904450305537,0.0554515170980732,-0.2680197383023493,0.9031529498388796,-0.3799202306084673,-0.2410271889952187,-0.0293968038123839,-0.2801025025840602,-0.0011480943007588,0.4337522140407033,-1.2724277320851924,-0.2105891975874457,-0.3541647944451674
2016-12-16,CCI,86.39,86.5,85.32,85.7,5407323,-0.1707190273889882,-0.16189866226239,0.1746883810416027,0.1107564055319678,-0.2490944379122746,0.7702050095104451,-0.3704813658276291,-0.2389971723438602,-0.0656667721095246,2.042822712891605,-0.0010226284183444,0.3469947288601996,-0.2646094086431658,-0.6297513437788266,-0.4438068175839872
2016-12-19,CCI,85.94,87.46,85.71,87.26,1422179,1.1002891202829812,1.0921551184622993,0.6218130531717005,0.239769276819094,-0.1724099228311794,0.8125178815597267,-0.300401204271873,-0.1578942188456001,0.2230124845394775,-0.9501587902722864,-0.0012963392096425,1.0593193440264497,-0.1712145193020203,1.1341251109073416,0.0800777003047292
2016-12-20,CCI,87.26,87.76,87.0,87.57,1245117,0.1881819494369433,0.1947958379339044,0.6695824339699392,0.7805635708327303,-0.0999802760030227,0.8354162215620081,-0.2264726558480358,-0.1697649981540728,0.3571047125625652,-1.0623098346054944,-0.0012905874171814,1.200871030373583,1.100125200073321,0.2420888284686299,-0.8680276438009017
2016-12-21,CCI,87.61,88.25,87.11,87.13,1528108,-0.3458147766291157,-0.3366665834311694,0.5067182170437476,1.3109986484597402,-0.0608899744704798,0.7679199926969252,-0.183216233082252,-0.1795832609457563,0.1265291340656583,-0.8226808631907774,-0.0011829167914764,0.9417908219189148,0.1877800850969886,-0.4402516824266317,-0.5009006289789428
2016-12-22,CCI,87.02,87.5,86.29,87.13,1272257,-0.0329960430517004,-0.0247793014886723,0.4599069917244875,1.2634637561312971,-0.0312465774826067,0.6896068399317058,-0.1564050779444199,-0.2519712546512092,0.3508102659414927,-1.0099418614897475,-0.0012427088046935,0.9417908219189148,-0.3463559462948318,0.0691867399710939,-0.433944814270754
2016-12-23,CCI,87.4,87.8108,86.97,87.24,562519,0.0456035681596325,0.0533399279851161,0.4549177994418185,1.0611906992234783,-0.0050626332609137,0.6180517458525311,-0.1235764244361679,-0.2608445797861873,0.2604548340585221,-1.584167044442616,-0.0012642549236119,0.9910048150708224,-0.0334556067571959,-0.1646264550385336,-0.7881029627238664
2016-12-27,CCI,87.44,87.96,87.2,87.53,790309,0.1739598358408672,0.1807001917705923,0.4940475420678261,1.0808519162664934,0.02511580496212,0.5710894293849653,-0.0954179671387473,-0.2728770014546425,0.3862068377005584,-1.3666355580457146,-0.0012732167960959,1.1207507970167638,0.0451645089701949,0.0514471804404913,-0.8676971074118908
2016-12-28,CCI,87.69,87.875,86.68,86.77,1115575,-0.5735662304036905,-0.5647322701442905,0.2368855837238433,0.4793003181916755,0.0172274287088922,0.4355362510545802,-0.0837792452455171,-0.2666163334010331,0.0978907172851849,-1.0603814943229717,-0.0011991660419533,0.7807268443308539,0.1735542613355298,-0.8189684193416834,-0.4435501665396404
2016-12-29,CCI,86.99,87.29,86.54,87.01,1681355,0.1392055127816484,0.146241406783925,0.255268944249112,0.4741981520173572,0.0185116544876415,0.3507038281177666,-0.1184268637750328,-0.4162095654315654,0.4572205196150563,-0.4865678749499039,-0.001307321175532,0.8881028293895656,-0.5741668142734868,-0.008946327803555,-0.8729507869907797
2016-12-30,CCI,87.13,87.139,86.4,86.77,1633082,-0.2047226147062134,-0.195800009761264,0.1010079855929636,0.2221355223802763,0.0082923327930913,0.2532279566011864,-0.3178971601527017,-0.6333326778602502,0.7764396389796817,-0.4778098755093665,-0.0011784556041689,0.7319266314681893,0.138790871811932,-0.338478178970851,-0.8815290963540009
2017-01-03,CCI,87.25,87.62,86.5,86.8,2472076,-0.0114708485725387,-0.0033758618934059,0.0346822205357182,-0.2090348845321327,-0.0003183542726949,0.1793878572303342,-0.5486680989744547,-0.6311543145982692,0.7150074619900476,0.337582550069372,-0.0013377711371734,0.7319549720613779,-0.2052269772369423,-0.4159819184444168,-0.5159579734847451
2017-01-04,CCI,87.07,87.51,87.029,87.32,1939480,0.3399783751425485,0.3450428765924218,0.1305076012487268,-0.4679412330142132,0.0114939077438011,0.1728840970982368,-0.6874225945300281,-0.7036100171074754,0.5486819626635667,-0.1659829096293551,-0.0013199357155444,0.82334191254929,-0.0119247969360618,0.1906117400621077,-1.1322428936829478
2017-01-05,CCI,87.24,87.51,86.78,87.24,2400327,-0.0900350146491109,-0.0815314437686829,0.0482111534109736,0.4072368200963509,0.0158281631393454,0.1484328286812357,-0.8653548983523223,-0.6994457348248178,0.5013735796458751,0.3294938422004123,-0.0011443960062967,0.7520509018190308,0.3396161103909434,-0.0263165508545973,-0.893950821343137
2017-01-06,CCI,87.24,87.33,85.45,85.5,2568834,-1.2747313164071137,-1.2721857875044758,-0.4899485762071607,-0.365504256958657,-0.0503316530673648,-0.0525787128282483,-0.9188404027159792,-0.6040203399265666,-0.0357590168129563,0.502444230475377,-0.001141093927318,-0.9439356676418038,-0.0905094582820134,-1.5331953470400344,0.2412002557627917
2017-01-09,CCI,85.61,86.0,84.59,85.73,2141555,0.1344817186403832,0.1415563012673985,-0.4312575817442576,-0.1754962850900572,-0.0943208566276252,-0.15632117074244,-0.9676061697974288,-0.6046789356387614,-0.041345406790651,0.0786371654024487,-0.0013244297407786,-0.845901978505223,-1.2755148153135576,0.0795847950075302,-0.2206180613053462
2017-01-10,CCI,85.53,85.69,83.96,84.36,2220656,-1.02790460916686,-1.0222224553091148,-0.8278857760853677,-1.532479577577908,-0.1826900338935428,-0.3535484254079828,-0.8685804833532488,-0.5319013786629596,-0.375151659508266,0.1383480772723308,-0.0011553984677203,-1.5713557887514693,0.1340658453603369,-1.0598204516817935,0.1177762239041675
2017-01-11,CCI,84.45,85.61,84.22,85.2,1645233,0.5869275166781046,0.5886950452173418,-0.5490354657774169,-1.2024874935315035,-0.2188380250793743,-0.3769137951379021,-0.8250408113706765,-0.5782243272790284,-0.4464960251908403,-0.3809354759843379,-0.0013054220708996,-0.9204670961053848,-1.0286237176507034,0.6446584505705363,-0.2316549520167973
2017-01-12,CCI,85.11,85.429,84.63,85.18,1379707,-0.0476106058447893,-0.0393154168019699,-0.5136092480402539,-1.0770124873016504,-0.2471201733077378,-0.3753595465567747,-0.8265858097381742,-0.6497657747055489,-0.6316493878777911,-0.6028628008231625,-0.0011889010053428,-0.9359644459302884,0.5866296742889016,0.0358221515450438,-0.8095752893817355
2017-01-13,CCI,85.2,85.98,85.16,85.68,1270463,0.3324538131268469,0.3376037000191897,-0.3538909597458863,-0.8019457726440545,-0.2486856110614853,-0.305347794848103,-0.8154557452084814,-0.7742976191859668,-0.2577666057240104,-0.6542081377211523,-0.001291313786046,-0.5485307003076207,-0.0480739820950652,0.3993273092043923,-0.7937106332565426
2017-01-17,CCI,85.63,87.5,85.59,87.36,1816740,1.1877497902537535,1.1775222210986491,0.1336071632160578,-0.1475897584004056,-0.1833908961007842,-0.0772415113659794,-0.8080987235013802,-0.6339264402728941,0.0838820884983351,-0.0330458083389431,-0.0013134520451314,0.7532466849845371,0.3320895854202056,1.500071260982533,0.2308034019174761
2017-01-18,CCI,87.39,88.27,87.06,87.2,1318809,-0.147021752756056,-0.1382836098885239,0.0621667623857978,-0.3046054257332859,-0.1380460952012424,0.0538927800563901,-0.8152249261841772,-0.6347536857491266,0.0895805097680017,-0.4001776205247537,-0.0011900115528119,0.6176179064705093,1.1876086861710975,-0.1905783563299279,-0.4348739029840215
2017-01-19,CCI,87.06,87.25,85.669,85.8,1782009,-1.0325516909646606,-1.0269192826466138,-0.3401889863470301,-0.5047942196350843,-0.1570931640139831,-0.0069433509638669,-0.8127941390409933,-0.6610448913439888,-0.4132065199257654,0.1528731851308294,-0.0011728297745306,-0.4621626393344809,-0.1475110626900585,-1.1197607192693992,-0.0556374378322345
2017-01-20,CCI,86.11,86.89,86.09,86.82,1842928,0.7071344726656585,0.7069510842615272,-0.0193814774007373,-0.24594120304963,-0.1322173801936588,0.0574444107824278,-0.8330403145108006,-0.6094570952606181,-0.2932610326037624,0.1872912124803447,-0.0013132017448945,0.3245346154662913,-1.0332720117466552,0.5966281415613041,-0.8233823252899743
2017-01-23,CCI,86.9,87.36,86.8301,87.06,1424919,0.1391063411876349,0.1461430510641427,0.0545167214822024,-0.1020677315250795,-0.1035601536860262,0.1186879885605143,-0.8347380685495684,-0.6147988311459802,-0.1792760828046163,-0.3135072518912502,-0.0012986331794726,0.5096398518900104,0.7068679890251992,0.1127891525478761,-1.084060846016477
2017-01-24,CCI,87.13,87.69,86.8,87.66,1885350,0.3960738225484185,0.4004736262894002,0.2284480805763267,0.0546540560262342,-0.0582602684972362,0.2105207677313166,-0.8159470825235049,-0.5983999424626343,-0.0781406563039363,0.2043120965566923,-0.0013182256305303,0.9724029429492856,0.1386916743467277,0.4332547349832221,-0.7451755445827295
2017-01-25,CCI,88.03,88.14,86.8,87.18,1797360,-0.3739024769932617,-0.3647476663439573,0.0837458964708827,-0.2288076224035408,-0.0424572052336826,0.2080626792088407,-0.8175804151405767,-0.5873130262292923,-0.1775777403031997,0.0240161087523381,-0.0011687026350435,0.6021924701018698,0.395726191584238,-0.7558294144965275,-0.3103334042441314
2017-01-26,CCI,88.06,90.14,87.79,88.01,2120112,0.5597336096647543,0.5619111295920186,0.3281492444951709,0.0152152634140717,0.0010240650992212,0.277339436917682,-0.7944904379589421,-0.5598193154810395,-0.0869383484469781,0.3064216092095954,-0.0013277368934326,0.2971656980258167,-0.3744509739815213,-0.0692144529443462,0.634002984355584
2017-01-27,CCI,88.16,88.54,86.68,86.85,1497628,-0.8535769258871927,-0.8462855326507808,-0.0248964242128099,0.1887534310010261,-0.0117301679232739,0.1880116255205116,-0.7936820641217032,-0.5251137723603528,-0.1539362794182162,-0.4009710555309059,-0.0011807473801217,-0.3267907070604819,0.5594286731195569,-1.148966716011312,0.1935235166963414
2017-01-30,CCI,86.94,87.09,86.22,86.76,1390126,-0.0975121440864858,-0.0889748312337667,-0.0483907521872708,0.1030973620721801,-0.0267675759777046,0.1106725231745528,-0.796970328266015,-0.5273624250748655,-0.2096748278830262,-0.5067720992258987,-0.0011864510827846,-0.3752011177999298,-0.8542505569860205,-0.1827384663006987,-0.7556098883393831
2017-01-31,CCI,87.35,87.86,86.84,87.83,3073156,0.7348243825301188,0.7341596203201816,0.2598630448600976,0.8242930084859482,0.0017098447253741,0.1608076614285808,-0.7676229156159156,-0.4815755007833128,0.0119369316913127,1.2257825144414023,-0.0013646069376069,0.2003448765469055,-0.0979885383005459,0.3888506715498208,-0.6234578346847989
2017-02-01,CCI,88.28,88.79,86.63,86.65,2286486,-0.8694355767909913,-0.8622699219504663,-0.0955713791295391,0.220624509816965,-0.0235854989594872,0.0625056021746947,-0.7683963585010037,-0.4202797264211347,-0.1928569315994036,0.4006661887016872,-0.0011478477381568,-0.4343693975925952,0.7345651224394036,-1.4213030688832091,0.486186265760805
2017-02-02,CCI,86.71,87.88,86.5,87.77,1777499,0.7717241184994433,0.7703993016823227,0.2370653724573141,0.4728646362540515,-0.0012358287321331,0.1065014003910456,-0.7528161561561477,-0.379842561685706,-0.0917904256261414,-0.1354041814648695,-0.0013140158454218,0.1680712693872685,-0.8701133449835922,0.897278101089797,-0.2809628907158064
2017-02-03,CCI,88.34,89.13,88.12,88.74,2090737,0.6550556417337701,0.6557452014705287,0.5077886781801506,0.5623429573392562,0.0523517890068148,0.222103978109721,-0.6834834647881107,-0.3472971764865767,0.0850428150453889,0.2195964385786686,-0.0013287936874775,0.6898279184680471,0.7714744845534006,0.3157789219118433,-0.6427745656693925
2017-02-06,CCI,88.72,88.72,86.94,87.04,1711667,-1.2256787537524252,-1.22242946375433,-0.0304186748452482,-0.2674314550185401,0.0259208511264167,0.1086196556091129,-0.7064832293852611,-0.357086573585215,0.0970527141262461,-0.1472991958630155,-0.0011699758501905,-0.224590951054962,0.6547755721326595,-1.456963519628145,0.1130273111019886
2017-02-07,CCI,87.29,87.545,86.72,87.42,1093616,0.2388106463952197,0.2449483003458738,0.0588138037113568,-0.1360329590925758,0.0180253572280814,0.0655421113379192,-0.7193584516137778,-0.3545089128413313,0.1220397735578071,-0.7963921437384055,-0.0012879924807318,-0.0201914390439374,-1.22644945616989,0.0862018598552291,-0.8048195646642893
2017-02-08,CCI,87.5,88.27,87.37,87.66,1116509,0.1379251305888621,0.1449715461469819,0.0811016532358747,0.3056224647666266,0.019294913301754,0.0546707567761035,-0.8300790299612375,-0.4499047584817069,0.4070324553431193,-0.7292861827440371,-0.001289707280846,0.0503162162372447,0.238421989715122,0.111835284867402,-0.7356682597231752
2017-02-09,CCI,87.73,88.0,87.36,87.78,1052566,0.0522305654336898,0.0599219195078894,0.0780927071081577,0.088862588024706,0.0230617402110741,0.0524016052680509,-0.892119827589669,-0.4717844106793498,0.2772565920396932,-0.7828109619790641,-0.0012877789019434,0.019091378624052,0.1375101556020071,0.0167427134566221,-0.9836894722659428
2017-02-10,CCI,87.53,87.71,86.93,87.56,1229103,-0.1890312247523946,-0.1801534931677259,-0.02416059275141,-0.0439908540555884,0.0155137662196423,0.0214621813230178,-0.9845056055589274,-0.4675163712825443,0.2428774510108922,-0.5646387092831292,-0.0011892107253247,-0.2792875864821383,0.0517932350488854,-0.0004219598022246,-0.8489087522509943
2017-02-13,CCI,87.94,90.23,87.92,90.22,2225252,1.858351372962673,1.828189564659984,0.7056232221741087,0.4282596566077956,0.1112394804365115,0.2625353377983498,-0.8618369970883154,-0.2291190159580498,0.610731906651105,0.5604567657756405,-0.0013377336248605,1.435714567844946,-0.1895314938232155,1.9324970739563168,0.5425420358836529
2017-02-14,CCI,90.03,90.34,89.17,90.25,2041517,-0.0122939689555185,-0.0041941903467818,0.6699619906142279,0.579528255918303,0.1844609765190764,0.3974683929023728,-0.7268015220312318,-0.3157091211490438,0.3183761650765511,0.3299389488733449,-0.0013329783985442,1.3788290115870554,1.858385210723993,0.1583040504483386,-0.5108939234290182
2017-02-15,CCI,89.62,90.17,89.04,90.04,1717781,-0.1778623906938161,-0.1690190073821424,0.5634094140389617,0.3474400911114166,0.229878817670961,0.4338487078232425,-0.6427967328252244,-0.3146058650334966,0.3108464520312467,-0.0692180905073687,-0.0011642002311933,1.229379616840127,-0.012748132048922,0.3277534086120122,-0.5453979668396156
2017-02-16,CCI,90.1,90.97,90.1,90.5,1559224,0.2850703413257572,0.2907373680993497,0.6286963744786789,0.840137146088518,0.2790633655698724,0.4726483980843776,-0.6063360899710611,-0.4138588510552253,0.6370310075855006,-0.2400853531618726,-0.0013120103370176,1.122721923791663,-0.1783597461174347,0.3090964798245197,-0.7901465777615295
2017-02-17,CCI,90.55,91.35,88.54,89.23,3408985,-0.9066723703798116,-0.8998181826989722,0.2134868088618299,0.4367722331052358,0.2633291887068215,0.3365884703068644,-0.6093092597952856,-0.3630967423733593,0.2402008242931259,1.7309893056411847,-0.0010873120788391,0.0691429121581761,0.2846937525508682,-1.1276788524760215,1.033217333576148
2017-02-21,CCI,89.21,90.11,88.83,90.0,2552571,0.5042525154365305,0.5072305422547476,0.3981941788189362,0.3753253147843179,0.2762826218946062,0.301581942509535,-0.5817473567043123,-0.3484134127781443,0.3284850946694054,0.6978531547980519,-0.0013528966120422,0.5680941370764432,-0.907359852646316,0.6427329982628986,-0.4060316790723972
2017-02-22,CCI,90.35,90.65,89.78,90.58,1865059,0.3682224208280288,0.3729584498469538,0.5261847310842788,0.8901686934605803,0.304172130043338,0.3120219201023654,-0.5207769229627973,-0.3497548044735156,0.3217396210554851,-0.0396206380959674,-0.0013265471732197,0.9439275272746191,0.5039331053720626,0.1660122879601056,-0.7908541753056428
2017-02-23,CCI,90.9,92.11,90.64,91.26,2489998,0.434386000435088,0.4383033275198555,0.665687052486924,0.8103252064354666,0.3473365754016954,0.359691327602039,-0.4495321518411775,-0.3577275876000458,0.5198495246485528,0.5836775152669438,-0.0013581261431006,0.9631581568064512,0.3678675241852399,0.2728984398799369,-0.248884023688856
2017-02-24,CCI,91.0,92.66,90.54,92.59,2147779,0.8743367410060423,0.8710650479041169,0.9889345051579124,0.8761424112328672,0.4272662982933564,0.4924600450723941,-0.2896885956959651,-0.3285747132184263,0.5968043455262986,0.2208686126477241,-0.00134658336633,1.4067463441772103,0.4340483640835346,1.2937640909602115,0.3169018427080342
2017-02-27,CCI,92.66,93.11,91.88,92.57,1558322,-0.0464441556985578,-0.0381551025544466,0.8952632743433963,1.6274680969890165,0.482565215813758,0.5352757500328942,-0.2091977218666245,-0.4049948693050828,0.7997891786107603,-0.4033844998618796,-0.0011644120464847,1.182347833438319,0.8741138759222561,-0.0996994632703384,-0.4839537267577772
2017-02-28,CCI,92.51,93.7,92.22,93.53,2294025,0.612652828058113,0.6140218465318162,1.0737522601445175,1.6960932972467158,0.5560652973404818,0.6163777968275321,-0.1062697094488863,-0.3969255567956377,0.978534348571648,0.3157097421928071,-0.0013548078711679,1.3643911325588265,-0.0469072276534894,0.8067049696694448,-0.2725548236655146
2017-03-01,CCI,93.43,93.43,91.91,93.01,1942714,-0.379132892183105,-0.3699782561559673,0.8424295407526201,1.414598447462831,0.5854053850428249,0.5675923703565896,-0.0354724642236951,-0.3970464828462452,0.6987000570616222,0.0135066039003301,-0.0011437808987799,1.1243113548546482,0.6123616967079618,-0.3659478231161573,-0.2293401770540187
2017-03-02,CCI,93.15,93.6524,92.56,92.69,1416349,-0.2471942152863552,-0.2381699976353807,0.657860977885879,1.2533683557443942,0.587594253672021,0.4586772586833452,-0.0610137348840835,-0.4714505976309846,0.8562594506423084,-0.50901730229926,-0.0011730671819103,0.9765699531905344,-0.3796827536454453,-0.3994117862149497,-0.6091083996426658
2017-03-03,CCI,92.45,92.77,90.85,91.75,2546492,-0.6643754286236468,-0.6559015292481337,0.3248099047815913,0.9594229342954076,0.5443634326461354,0.254635670055052,-0.0889933412150836,-0.4494782294800664,0.4984962425281574,0.6601998008422384,-0.0011205633137997,0.5142033943113864,-0.2477096575107706,-0.5983690074509116,0.1527027997177371
2017-03-06,CCI,91.59,92.19,91.29,91.96,2135343,0.1095019174355041,0.1167751927780007,0.338246315750749,0.4286895942004539,0.5107832469094897,0.1162429682549475,-0.0887752709668297,-0.4759122250226312,0.3654359356720323,0.2208962987806711,-0.0013408152035155,0.6142145866986216,-0.6649997021610434,0.2788931937613343,-0.7756782558155071
2017-03-07,CCI,91.9,92.7686,91.24,91.5,1408466,-0.3444216329749869,-0.3352740994541903,0.1392757037741808,0.2328885527196577,0.4590790010837672,-0.0411222118556989,-0.1900720414704999,-0.6162098073303796,0.5850737264337109,-0.5381748894366495,-0.0011756267591843,0.3951424509932453,0.109079527599879,-0.3551600118359733,-0.1990305944821727
2017-03-08,CCI,92.23,92.385,90.6,90.61,2164531,-0.6385660252783084,-0.6299761330899415,-0.1646515634122776,-0.0105159400231687,0.3770341479345467,-0.2451105568930178,-0.2953866813840126,-0.5668338624173875,0.368442667806071,0.2065117324164115,-0.0011420501387497,-0.0743621563296135,-0.3449624392071441,-1.3533673148138496,0.0504753905873882
2017-03-09,CCI,90.73,90.88,90.02,90.51,2210670,-0.1017059398606351,-0.0931500934322501,-0.2345925157295159,-0.1857355869038328,0.3028897830818962,-0.3879655120513685,-0.4024230430650306,-0.5643304803980423,0.310011826550767,0.1915568922017322,-0.0011435026779058,-0.123463803854611,-0.6391835658393304,-0.2095127674897051,-0.7994430131165505
2017-03-10,CCI,91.05,91.39,89.88,90.28,2127092,-0.1912034082563546,-0.1823192290081936,-0.3367847011830891,0.197242076354709,0.2307222821847284,-0.4971610623875886,-0.5167812467510885,-0.5584628558172926,0.2508002637281302,0.0507060437057554,-0.0011505477429284,-0.2363975931621126,-0.1021834281227632,-0.6652498245894862,-0.1973861787720993
2017-03-13,CCI,90.41,90.785,90.065,90.6,2523015,0.1876793224727184,0.1942977351803726,-0.2880681788918382,0.0448506811957479,0.1823249513029249,-0.5233334942313486,-0.684141920832958,-0.5630692713047547,0.3424260943227023,0.3646969452342993,-0.0013485106790044,-0.3399867782693558,-0.1917042439911938,0.1324583543604135,-0.9290124342049304
2017-03-14,CCI,90.34,90.57,89.64,89.65,1838538,-0.6858121095378906,-0.6774428065386691,-0.5534372052485459,-0.5345348163809093,0.1036904502373238,-0.6221013952382005,-0.6632782933626368,-0.861840074124816,-0.2602649482215608,-0.2726454866668032,-0.0011625545565475,-1.1662172219625595,0.1872773270109617,-0.6033669356312651,-0.7267728770793351
2017-03-15,CCI,88.86,90.3306,88.7139,89.92,2882962,0.1545072489127844,0.1614153855888264,-0.4710122280769037,-0.7140162599815162,0.0497286808712335,-0.6376085293807245,-0.653050515820129,-0.8572337123770503,-0.2211784604170523,0.6791152215409618,-0.0013648683811304,-0.992277490352199,-0.6864419753264608,0.8749313927656867,-0.0929123437819493
2017-03-16,CCI,89.92,90.2,89.04,89.62,2528811,-0.240707467090549,-0.2316968926116665,-0.5514553238127503,-1.5373478577650004,-0.0064647177398918,-0.6557584119548253,-0.6374118083390172,-0.854812420387883,-0.2359837333390715,0.3001377018479558,-0.0011306219259544,-1.1855438588081564,0.1540965997528159,-0.2783798910252024,-0.5125982049218455
2017-03-17,CCI,89.6,90.32,89.53,89.8,2597675,0.0920479956644699,0.0994542138354385,-0.4896694748666618,-1.4162923973534287,-0.045090739226028,-0.6250601917100219,-0.6186046939532364,-0.8656313823864751,-0.2810745702967205,0.3079565575035171,-0.0013533783402782,-1.0695840377345855,-0.2412212170975285,0.1423258267357399,-0.8581470744518388
2017-03-20,CCI,89.8,91.07,89.78,90.89,2404398,0.7226972851604457,0.7222448173714499,-0.1994328250372881,-1.336265511127881,-0.0341074722692234,-0.4728081610668633,-0.6693464311046586,-0.8957487363862016,0.1057458699715969,0.1830691931078246,-0.0013493985483932,-0.4305193184862823,0.0916210525719812,0.8907374115609107,-0.4084687071639544
2017-03-21,CCI,91.18,92.06,90.62,90.7,3294076,-0.1631426722158502,-0.1543476151911752,-0.2641515714788781,-1.244216765257634,-0.0341828252445326,-0.3794712338877098,-0.6868292211245055,-0.9222277695698802,-0.0532482312368882,0.9562280600013264,-0.0010906978788401,-0.5571903624112068,0.7224348614375075,-0.4240447464789221,-0.2681614155661082
2017-03-22,CCI,90.97,91.81,90.44,91.72,3937308,0.6671494723678141,0.6676400904393694,0.0128921301513424,-0.5887138799924005,0.0041561508840943,-0.2059238703187508,-0.690028379598518,-0.8843727205363774,0.0173614964221255,1.3821240684996792,-0.001414967654387,0.1228331365541822,-0.1636361876624098,0.5965683438398354,-0.3464811480854342
2017-03-23,CCI,91.66,93.27,91.44,93.0,2405388,0.8358470445865548,0.83332479802721,0.3555392208103012,0.3027324781598856,0.0822707668539032,0.0352958327652822,-0.6489361302464071,-0.8265479053268119,0.1125427320963808,0.0528258214384401,-0.0013549097059912,0.9761959587852626,0.6668725577205337,1.0781935093137436,0.0486091364047705
2017-03-24,CCI,93.09,93.95,92.785,93.68,2232259,0.4222240160776906,0.426297006465238,0.5348676361140845,0.4476699112411359,0.1673141583762486,0.2461061442285322,-0.5967309376712946,-0.8934878009299324,0.0054179522742875,-0.1016502401362905,-0.0013512209855115,1.2714670115635132,0.83561413858035,0.4525270762232583,-0.5549009591360027
2017-03-27,CCI,93.48,94.06,93.3,93.96,2740499,0.1530869042113383,0.1600070561950822,0.5947690962082254,0.7426495422695224,0.2412540689731774,0.3861742246392621,-0.5321090692483256,-0.8913992786248222,0.0530513405592813,0.2814436282804833,-0.0013813477105581,1.380699190691179,0.421883206992841,0.3616258633198233,-0.9172173315241664
2017-03-28,CCI,93.99,94.77,93.92,94.58,3497651,0.3778168906341088,0.3824384747720646,0.7570991587612356,1.3685643645577064,0.3188804764118344,0.5077176683768294,-0.4682500676114667,-0.9193881341964246,-0.002600685474046,0.850827935608827,-0.0014289551207669,1.3385881209097064,0.1526758845217923,0.4479419154149801,-0.8423311901998302
2017-03-29,CCI,94.63,95.45,94.4,94.54,1883938,-0.0593263613001939,-0.0509707498033438,0.7229862389659173,1.4048379037850265,0.3728318254483753,0.5440132305968581,-0.3933260173195294,-0.9379086635713192,0.0741145002716573,-0.4829863119842127,-0.0011351745405112,0.9938050746832506,0.3774644969294028,-0.0981717834916204,-0.6657061476351859
2017-03-30,CCI,94.54,95.0,94.09,94.62,1384773,0.0196868742307909,0.0275925205321915,0.717376376065249,1.5627092883542044,0.4122883653623407,0.5357402912139339,-0.3138576723794774,-0.9474162569967974,0.138327781869795,-0.895906805914627,-0.001318802561235,1.0332840792994815,-0.0597927938746954,0.0376155711343752,-0.7898000991359896
2017-03-31,CCI,94.25,94.75,93.92,94.45,2118026,-0.1448525889696733,-0.1361224223251547,0.6289749034295044,1.3975365293653788,0.4302121428385291,0.473696979870977,-0.2452519351689473,-1.0094169703876763,0.2647157881565483,-0.2722821462502803,-0.0011230414600884,0.9493911944899884,0.0192410540757628,0.1340055396716012,-0.8589478988253816
2017-04-03,CCI,94.44,95.47,93.78,94.23,2128436,-0.1780121176910547,-0.1691682606731536,0.5328521122672076,1.912963901915589,0.429115906155862,0.3751051417739433,-0.1959811500300191,-1.002680276828019,0.1950553187368132,-0.2633185226297094,-0.0011274242474955,0.8327656534482445,-0.1453413330274201,-0.1943160731300975,-0.0966189003376803
2017-04-04,CCI,94.22,94.28,93.69,93.83,1900634,-0.2972772167695395,-0.288170458626006,0.38477658975144,1.5698573260215072,0.4061271577096568,0.2398807228881362,-0.1698773859962608,-1.0073963861045772,0.2065084096066185,-0.4699641027241711,-0.0011438686990385,0.6359549764338404,-0.1785095121744036,-0.3390441693282056,-1.067279275357646
2017-04-05,CCI,94.01,94.499,93.64,93.69,1609716,-0.1258887772497313,-0.1172315542139263,0.3002569268939501,1.6876728481629113,0.3763639911551795,0.1142639521877997,-0.1713435343004722,-1.0717758510427549,0.3317457907847404,-0.6955940529961473,-0.0011618763270891,0.5670712394787996,-0.2978057242965984,-0.2834867588255683,-0.8272103529617346
2017-04-06,CCI,93.6,94.49,93.38,94.38,1982385,0.4255165610044328,0.4295476393846984,0.4403922259354991,1.7667409322353456,0.3739253340920673,0.0841033526773862,-0.1649190211903059,-1.0599408161980333,0.4604862216049653,-0.3754727426110901,-0.0013394376840857,0.9065696573286406,-0.1263725741610999,0.6032816588159874,-0.6111548615083819
2017-04-07,CCI,94.42,94.87,93.93,94.5,1324626,0.0461623008752966,0.0538948932041241,0.4133287903223662,1.6046909684400328,0.3707454934920345,0.0580670794042114,-0.1770175528884274,-1.0722795058080468,0.5190232603823525,-0.9102172611368834,-0.001309676948922,0.9656128604329636,0.4251766108556425,0.037696823566473,-0.7623248755579819
2017-04-10,CCI,94.54,95.03,94.51,94.98,1231749,0.2832352585283764,0.2889215995369228,0.4858562604025405,1.838441136184353,0.3810277590283379,0.0718892902356232,-0.1753060058217412,-1.0688212690987562,0.5425350468691527,-0.9600792201690216,-0.0013065212402987,1.201785672850247,0.0457233874441365,0.3253101200847579,-1.1350462942090969
2017-04-11,CCI,95.15,96.1,95.12,95.82,1860673,0.5176119954701466,0.5204016802203271,0.6336088010394824,1.811054422907637,0.4157466498907252,0.1458465118229892,-0.2075690407335591,-1.1546947333845752,0.8432984047562916,-0.4073081254201652,-0.0013413720804535,1.316862203475173,0.2828581910299402,0.5056823567388233,-0.7389544345775773
2017-04-12,CCI,95.5,96.48,95.36,96.45,1857595,0.3763398327999517,0.3809791301220921,0.7161940327411277,1.6969290036355702,0.461044890056519,0.232243352080423,-0.2264975707790666,-1.1485490411091448,0.8990618442680383,-0.3727131362099355,-0.0013448396896991,1.4294747943806176,0.5172960705332595,0.7252457099040076,-0.6235503131709168
2017-04-13,CCI,96.4,96.49,95.88,96.0,2056962,-0.3234690018320075,-0.3143351661936114,0.4981626233986982,1.1357506548649472,0.4720958709785779,0.2132089685463872,-0.3285463028806021,-1.1360438518815368,0.8780506772343728,-0.1736687972053837,-0.0011252958767992,1.208848730160299,0.3759870537707432,-0.3398094353378801,-1.0617621883531416
2017-04-17,CCI,96.43,96.75,95.9,96.3,2387556,0.1615603241313598,0.1684083213614023,0.4890565408487982,1.142011916873292,0.4853693665051268,0.2037021760513824,-0.4525331954400777,-1.1373242893235862,0.8955806434854928,0.137279058945806,-0.0013734606188187,1.2282615797611598,-0.3240043420885052,-0.1281700411673821,-0.8557088377163461
2017-04-18,CCI,96.21,97.07,95.935,96.79,2008324,0.283789402164332,0.2894699164266768,0.5413615816203945,1.1004272183070047,0.5076252388239106,0.2192172252904305,-0.5110859205697091,-1.1852343051542067,0.7858803190538677,-0.192647311307396,-0.001358130247252,1.302490994955502,0.1611515149282543,0.4291458272045813,-0.6140341455125595
2017-04-19,CCI,96.87,97.3,96.275,96.52,1976126,-0.2066676013182218,-0.1977397096620074,0.3838562507214707,0.9159120136108138,0.507095536352968,0.1729795874178165,-0.6483503455934043,-1.180049282197844,0.774923471419889,-0.1658670220805257,-0.001124209561258,1.0649105890434474,0.2834124792270063,-0.2992919282280377,-0.7062805842377762
2017-04-20,CCI,96.58,96.58,95.68,96.04,4264105,-0.3426091594971744,-0.333462531086362,0.1902621426591834,0.5476109133279391,0.4805494263235765,0.0690236919267241,-0.7633945278867584,-1.1889942823177913,0.524257611116074,1.9780079882619133,-0.0009974806784999,0.7281229949953585,-0.2071724712434352,-0.4487431814888201,-0.8103287578602261
2017-04-21,CCI,95.83,96.21,95.14,95.53,2207034,-0.3636041139000489,-0.3544502507601977,0.0140879637485867,0.339600325128303,0.4327553967724271,-0.0688328035403948,-0.82155039033778,-1.256513927690789,0.2320603651409056,0.0472998987827811,-0.001126087396689,0.1397112391755661,-0.3431494929039453,-0.2628347137278187,-0.6578504414735183
2017-04-24,CCI,95.95,96.16,94.22,94.71,3261355,-0.5673997984043085,-0.5585462527627599,-0.2265077959150903,0.0246456047691573,0.356797586808382,-0.25161108586824,-0.8522569575407457,-1.2200014511427502,-0.0060001563323139,0.9736302104316428,-0.0010773258718228,-0.7095287933011316,-0.3641499243234749,-1.002702310093613,0.1157953787383855
2017-04-25,CCI,96.73,97.0,93.51,94.27,2857364,-0.322231989618845,-0.3130991840254515,-0.3521822801854293,0.0056663513501217,0.2744244636426358,-0.4143466174745461,-0.8630113761189191,-1.2073099826529197,-0.1190219651376722,0.5927468735928578,-0.001105961180215,-1.1265778953710823,-0.5679987736185148,-1.947720370711487,1.4940648605852307
2017-04-26,CCI,94.2,94.7,93.75,94.5,5034034,0.1189011525001533,0.126100828958899,-0.2876187667517389,0.1645777690337411,0.2140316023029622,-0.4879582272010306,-0.8613904324180329,-1.2332638692901627,-0.1798994910690486,2.4440884616493666,-0.0014723140061486,-0.9315366316946062,-0.3227670071722606,0.2142942299112285,-0.7535057370311067
2017-04-27,CCI,94.85,95.59,94.69,95.02,2593892,0.309587866993384,0.3149917400873935,-0.150737728174151,0.0975895081190661,0.1828310502122583,-0.4717070135097422,-0.8672698108668605,-1.2130258705588297,-0.0929101656129859,0.232813101945218,-0.001371688478008,-0.490573774686932,0.1184812146711392,0.1090951884946913,-0.8019451013457104
2017-04-28,CCI,94.87,95.01,94.09,94.6,1821318,-0.3081841692293792,-0.29906479185976,-0.2663349003855746,-0.1461655779026104,0.1382848220246864,-0.4930575830893705,-0.866895880010686,-1.1991282307008184,-0.1705812721644347,-0.4604046936034293,-0.0011477308536889,-0.8467360822700577,0.3092176741788694,-0.2413369154938688,-0.7808208278172932
2017-05-01,CCI,94.88,95.21,94.14,94.69,2033757,0.0262346480146072,0.0340985354836825,-0.2447999323973037,-0.3206489995115266,0.1036328671094624,-0.4846703496761573,-0.8717846996522475,-1.2009743958122616,-0.1301580308732555,-0.272455035639061,-0.001345255574074,-0.7704155877879566,-0.3087155220858031,-0.1776112302442384,-0.6495695490591907
2017-05-02,CCI,94.76,94.93,94.06,94.35,1960518,-0.2565437539981269,-0.2475010628404752,-0.3402310664806049,-0.9120665692623162,0.0603976624512332,-0.5000537000267402,-0.8754805721956564,-1.195717496389132,-0.1487739258117705,-0.3300557736882446,-0.001140062122652,-1.058737455831441,0.0257905359969429,-0.3532079809495059,-0.8228390279935474
2017-05-03,CCI,94.64,94.78,93.87,94.07,1579576,-0.2177575745790148,-0.2088007001891524,-0.4207370354572703,-1.4323340087601877,0.0132648263589905,-0.5223928165221315,-0.8859733914625064,-1.2021683429775458,-0.1299114388485232,-0.6534725049520971,-0.0011629567796746,-1.2961789942201916,-0.2570616352647168,-0.4813516051811875,-0.7851138220139388
2017-05-04,CCI,93.78,95.0,93.22,94.78,1672655,0.4369009126620348,0.440785760494789,-0.2398811416155147,-0.7982487005871369,0.0021334787320122,-0.4475968981606264,-0.92529777929914,-1.1700586890928573,0.0033880196007286,-0.5735363217645119,-0.0013248012914884,-0.6102921974039461,-0.2182653375787779,0.7793113565933666,-0.0261547774331272
2017-05-05,CCI,94.87,96.03,94.7034,95.92,1527010,0.7158345409151625,0.715501194867962,0.0529870957158675,-0.3551092909262469,0.0360653457711336,-0.2717682246667845,-0.9319719793873186,-1.117345218551502,0.0721637184185583,-0.6881629255972709,-0.0013199375727878,0.3185232321755752,0.4365639323831685,0.809873756075869,-0.4386968781711231
2017-05-08,CCI,96.06,96.06,94.89,95.36,1663957,-0.3964708241109599,-0.3873199276199754,-0.113094207157041,-0.8076938697982085,0.0387743356689728,-0.211472434143554,-0.945311096005864,-1.0924470383225848,-0.0338215784348528,-0.5774816484106382,-0.0011561450841174,-0.1377369788459456,0.7155703268875725,-0.5768708878557347,-0.5687902863209658
2017-05-09,CCI,95.37,95.48,94.63,94.95,1261112,-0.300674266357249,-0.2915633723298671,-0.225554149598846,-0.854582915950489,0.0228261557518033,-0.211259035652802,-0.9448578344455344,-1.0941540785795685,-0.1721157840522087,-0.933293159553865,-0.0011790866473312,-0.4717846333438407,-0.397025208571546,-0.3590391026779962,-0.8452498558295921
2017-05-10,CCI,94.87,95.08,94.13,94.71,1446586,-0.1903623305678582,-0.1814806388921151,-0.276438086614877,-0.7730037622020455,-0.000943506602101,-0.231220678008545,-0.9427278071201728,-1.1417158751131942,-0.3376091764438034,-0.7583012066580092,-0.0011713651436893,-0.6673247237816419,-0.3012036600828113,-0.1537360261963916,-0.7553634269647046
2017-05-11,CCI,94.53,94.85,94.14,94.42,1044252,-0.2236288260164024,-0.2146574076693824,-0.3285845964028379,-0.6929225307681811,-0.0325155883581407,-0.267273285118588,-0.9593102176535516,-1.1734024468729944,-0.4765873231937539,-1.099044948956837,-0.0011924984577673,-0.9036023330606364,-0.1908629468882411,-0.1142325179301465,-0.9646345309957284
2017-05-12,CCI,94.07,94.36,93.8,94.06,1383536,-0.2703704711335507,-0.2613030381952977,-0.4013947418208671,-0.5065975428714871,-0.0725643802959521,-0.3179342768911981,-0.9509561652684444,-1.1770006891681055,-0.4642676378960006,-0.7727758887446646,-0.0011773669640934,-1.1969124687173267,-0.224138120667118,-0.034347993945955,-1.0951418740751135
2017-05-15,CCI,94.15,95.82,93.9101,95.73,1930613,1.072372047769329,1.0648815045118536,0.0675076709771092,0.4035372046773379,-0.0398165922912865,-0.1710859267024658,-0.9733627815192234,-0.9886583915436532,-0.254406682064418,-0.2513936561595399,-0.0013317907166962,0.1637206605789901,-0.270891959417264,1.2415732054230717,0.0714015469237524
2017-05-16,CCI,95.95,96.53,95.62,95.93,1578119,0.0970740238000227,0.1044424565552818,0.134719619599441,0.3937700664601259,-0.0076011269018359,-0.0549774357993145,-1.0244495994291591,-1.00102049841616,-0.2979701058836821,-0.5641028310887451,-0.0013179408370139,0.3266707359438207,1.072200844749324,-0.042064708261675,-0.8007455403463688
2017-05-17,CCI,96.42,98.981,96.185,98.12,4158658,1.3883018003954604,1.372830323891824,0.7168880755873368,0.8372859360223449,0.101255344070911,0.2351819859491879,-0.8766104748027005,-0.7673609281962672,0.0759801496379887,1.66819060711693,-0.001446484110688,0.9460691177999064,0.0966483918625514,1.3057518454615125,0.7835338483776975
2017-05-18,CCI,98.1,98.82,96.78,98.65,2280092,0.3032938048309578,0.3087661403197561,0.8258563075155487,1.1354211044564526,0.2043318160734775,0.4524319054992034,-0.6988093692582777,-0.775168361041977,0.231647313540655,0.0844753118208876,-0.0013632873762685,1.2518868950685276,1.3882130149165357,0.3972663425017674,0.1320957939553434
2017-05-19,CCI,98.83,99.53,98.06,99.44,2195171,0.4655731371193732,0.4690806592479608,0.9874460960076712,1.2523518446622337,0.3118209928634524,0.63759006729899,-0.4932591491390778,-0.7791772049220262,0.4336369267312943,0.0057544195345974,-0.0013640692618946,1.3954657033228648,0.3029219700655902,0.4400053043299284,-0.3593140132742436
2017-05-22,CCI,99.44,99.935,98.84,99.91,1887190,0.2612645927521146,0.2671780386601346,1.0420438526672209,1.4758494587563489,0.409092186453528,0.759415683880928,-0.3124592225245037,-0.8284623171815183,0.6388799027353435,-0.2240704205009088,-0.001351813511827,1.4305027971018838,0.465243636649602,0.3307765608250168,-0.6779194261457182
2017-05-23,CCI,100.01,101.22,99.85,100.78,2043259,0.5091368027471489,0.5120462957693515,1.1869647649571389,1.7065411253398557,0.5128121873408806,0.8734752961159331,-0.1295425827686969,-0.8403940954049575,0.8467315722389319,-0.0345053956711494,-0.0013656703614591,1.26004876763355,0.2608817937002742,0.5553740258233512,-0.4583910042664774
2017-05-24,CCI,100.98,102.13,100.71,101.17,1883539,0.2079310716977085,0.214364024551309,1.197833265095855,1.6732789646376471,0.6017272542806192,0.9266153407840202,0.0312985562646012,-0.8407182185061775,0.8691292438038571,-0.0377835554198937,-0.00136131343665,1.0847177784617108,0.508818666861345,0.1158387193027519,-0.421569820854918
2017-05-25,CCI,100.69,103.19,100.69,102.78,1569560,0.9577664396280618,0.952791370034696,1.524137396745997,1.7214401289743366,0.7254964395094221,1.0588412769943052,0.264257148599697,-0.7776426669316124,1.031929746375552,-0.3258626036921572,-0.0013459548043988,1.3061772045147106,0.2075343593704456,1.5418950986178692,0.4358423579981179
2017-05-26,CCI,102.87,102.87,101.95,102.81,1821836,-0.0148238196137069,-0.0067093807730509,1.4143763996914396,1.9951625015044527,0.8136892367087567,1.0730490156085135,0.424689687330101,-0.802260174014668,1.1071168298386656,-0.0496970658505414,-0.0013671801500836,1.3161797567838458,0.9575653390997072,-0.0703829172357422,-0.845544397496102
2017-05-30,CCI,102.75,103.93,102.6192,103.52,3048731,0.3969544153082801,0.4013433890516436,1.4796552126478533,2.25069213647179,0.8994605999472659,1.07818247716877,0.578416906394633,-0.8044184188162969,1.202068221339471,1.2041966960296293,-0.0014607846660799,1.3156225028603503,-0.0152786426768308,0.5398622771119392,-0.5360379805395892
2017-05-31,CCI,103.71,104.34,101.54,101.65,4980720,-1.1576340851917766,-1.1534746888413316,0.8747608964299151,1.5178598886975494,0.8819769729627454,0.8165126790778262,0.5885597447271609,-0.6317291744023817,0.9688432567936008,2.8713846300709043,-0.000856055299652,0.6387377148079673,0.396607014066971,-1.5270076841162636,0.7043416751837663
2017-06-01,CCI,102.01,103.58,101.67,103.45,1982905,1.069458137936402,1.0620340646266844,1.2249999987884748,1.7832897716528768,0.9265839844480834,0.766997075160035,0.6325614625817813,-0.585355398953556,1.2969626642132883,-0.1063272818049244,-0.0013778183120104,1.1768246543220389,-1.158387036592695,1.0401923270110698,-0.0525994810301425
2017-06-02,CCI,103.97,104.68,103.53,104.59,1848010,0.6530760956469871,0.6537980009651614,1.3906929595898558,1.9851982494005904,0.993650457564203,0.7851948596324431,0.7172459585067924,-0.5744973093996807,1.3526227630421392,-0.24578566535149,-0.001375070739942,1.41538092697507,1.0692861747560087,0.4242182841890861,-0.6749648958335347
2017-06-05,CCI,104.32,104.64,103.4,103.46,1303532,-0.7056376184737704,-0.6973717232754771,0.986548806826611,1.4698390144004505,0.9892298920892962,0.6157466804989321,0.7501937424371189,-0.5143136182466558,0.9869911838180598,-0.768797076958202,-0.0011446687484531,1.070130454795838,0.6527955096357582,-0.6491552705440549,-0.5924580043922473
2017-06-06,CCI,103.52,104.01,103.03,103.16,1219841,-0.2135238919747,-0.2045778487797055,0.8005165617900173,1.3513222080884215,0.9611442605015372,0.41927466440265,0.7267500433429679,-0.5309280027278105,1.033813803674876,-0.8377133080203836,-0.0011540936679323,0.9784710374031232,-0.7062726562022531,-0.2890545981668962,-0.7996018934259175
2017-06-07,CCI,103.36,103.81,102.6,103.21,924615,-0.0028205692737951,0.0052234043814374,0.7015211612959332,1.09391896113848,0.9284551835335272,0.2502478623633993,0.6581502529793982,-0.550837569577074,1.110152318549289,-1.1221214982519228,-0.0013077989649952,0.9937476069685748,-0.2140305505209982,-0.1359602019195251,-0.6142631521414372
2017-06-08,CCI,103.39,103.56,100.36,101.18,2383511,-1.2575267680019309,-1.254729851059292,0.0836578131883432,0.3761652153948949,0.811605106413942,-0.1016025448589191,0.5100684127911591,-0.3833897843426367,0.8358170570832745,0.2791090431734192,-0.001070886856321,0.3735188826112023,-0.0032722610130417,-1.641264275050732,1.044481094540734
2017-06-09,CCI,101.03,102.82,100.9,102.06,1482470,0.5084852081713591,0.5114038656828505,0.2125721875315745,0.3923032204375706,0.7433683064833195,-0.2579531320112467,0.3176633323538846,-0.3895635436365864,1.0208860911695816,-0.61429536266155,-0.0013433461307523,0.642386506963167,-1.2583057787062883,0.7439332632133453,-0.0234770478623668
2017-06-12,CCI,100.46,102.47,99.59,102.21,3039002,0.0585060696740144,0.0661541601381463,0.1444464083721671,0.3339053366205898,0.6855942520244569,-0.3561026750009364,0.0397564862102251,-0.4069434482269544,1.1050658801241973,0.7756759106671915,-0.0014567735583512,0.6805013487366794,0.508166902302126,1.289785619470135,0.7569949968337456
2017-06-13,CCI,102.18,102.95,101.57,102.13,1928321,-0.0817255509265304,-0.0732605277242099,0.0401937404159514,0.1378494591101714,0.6277272583947902,-0.4348615332184263,-0.1752976402006035,-0.4631354612895151,0.8143878462484667,-0.2548358742385282,-0.0010955269857277,0.5072647433100609,0.0580703763988023,-0.0632864985745461,-0.465206345640351
2017-06-14,CCI,101.98,102.99,101.62,101.91,2473282,-0.1671071587834866,-0.1582987439022618,-0.0940688601610933,-0.0072960777649384,0.5649999034319837,-0.5103791061946693,-0.4457472154001043,-0.4542240682445927,0.7480402620006268,0.2046469076850724,-0.0010634392766057,0.3589490454576609,-0.0821978268447369,-0.0781759836966592,-0.4709532078665637
2017-06-15,CCI,101.56,102.26,101.15,101.3,1642901,-0.4056523365865124,-0.3965053879021434,-0.2920394570866121,-0.5854171988150434,0.4840056327297188,-0.617811891231103,-0.5831775863921927,-0.5725931784794286,0.3085037623572725,-0.460780968273893,-0.001130852667866,0.0206339931352083,-0.1676017084575345,-0.2197338819073996,-0.6781121144815524
2017-06-16,CCI,101.14,101.95,100.77,101.18,3079377,-0.1067469265643244,-0.0981691752244115,-0.3551934179472606,-0.6220522744054398,0.408687182856978,-0.6891486541521274,-0.7050475636770835,-0.5755408062030012,0.2091775893788818,0.868204484569174,-0.0010411736279818,-0.3146190395063165,-0.4062091162557655,0.0035635302846084,-0.6193708064222725
2017-06-19,CCI,101.36,101.47,100.81,101.09,1796895,-0.0883748073813307,-0.0798788498951009,-0.3993118496639574,-0.872828287190003,0.3398411450676721,-0.729558187206269,-0.7845713437917466,-0.5912366563425636,0.0762157967197692,-0.3287627801239322,-0.0011330696465583,-0.600582158666456,-0.1072257298837565,-0.2275693329513477,-1.0472051218133551
2017-06-20,CCI,101.28,101.51,99.95,100.62,1637616,-0.3224537305018135,-0.3133207384525341,-0.5290124667954331,-0.5235889792258074,0.2620659449826622,-0.7848693236866306,-0.8228068898252899,-0.5872315305080013,-0.063108516542801,-0.4715534560979613,-0.0011465855968538,-1.2086295075353113,-0.0888488179109894,-0.5186563830614495,-0.2992175547748538
2017-06-21,CCI,99.76,100.1,98.84,99.5,2825163,-0.7259895035805028,-0.7178364360787901,-0.8005885813780006,-1.576156337170984,0.152891652892104,-0.9099389551699132,-0.751615090675248,-0.5714756714840091,-0.3540098271039795,0.6194174306648339,-0.0010824313834635,-1.5056247347852187,-0.3229888059014375,-0.2232237695968046,-0.5359522142752929
2017-06-22,CCI,99.71,100.4,99.44,99.74,2063075,0.117174097648381,0.1243874028030914,-0.720975041119673,-2.096879496980951,0.0732747853603179,-0.9339143583619516,-0.6922464230897515,-0.5753727266159653,-0.3750658180654166,-0.1072128527105307,-0.0013533610232741,-1.369014534616352,-0.7266298505662268,-0.0035850940818144,-0.7891660394963822
2017-06-23,CCI,99.82,100.2,99.48,99.84,2688040,0.0294242873058109,0.0372675850471358,-0.6582436165609469,-1.8400748575462416,0.0122757602595979,-0.9051726749970126,-0.6436690223003929,-0.6801388139972833,-0.5875825693268133,0.4156568010762891,-0.0013928676967737,-1.312093617879318,0.1167537092773936,-0.0111789461339985,-0.9903080864184832
2017-06-26,CCI,100.1,100.1,99.34,99.75,1961888,-0.0891180720468121,-0.0806187006371899,-0.6428070038744776,-1.7965519297525665,-0.0408338458981025,-0.8618720997590407,-0.6035473216472604,-0.6811861092071305,-0.6046021469322265,-0.254535577045162,-0.00112684522249,-1.363322442942646,0.0289810073789046,-0.2904836318352576,-0.9563459231491458
2017-06-27,CCI,101.67,103.98,101.67,101.91,5558200,1.3151479268423316,1.301660586941897,-0.0650069182977497,-0.6471649048146216,0.0003840042394471,-0.5844343908755572,-0.6376112343815786,-0.5170927538239037,-0.3958902488292553,2.7543608683986838,-0.0015578056758389,-0.1338306414228224,-0.0895922764741508,0.152029356871501,0.2977682869248662
2017-06-28,CCI,102.08,102.23,100.76,101.18,2316228,-0.4789617713802406,-0.4698952616378828,-0.24736536616869,-0.1889912872378273,0.0025937977670071,-0.4628902899741975,-0.6345562505005673,-0.6103407228601744,-0.2353832780318087,0.0761221237639252,-0.0010945830800944,-0.5493533336031281,1.315040057493247,-0.69242750936187,-0.3805009790563023
2017-06-29,CCI,101.24,101.24,99.11,100.03,2744992,-0.740613587263651,-0.7325457709501706,-0.5007181863717942,-1.0049817195153248,-0.0421244552391045,-0.4864469931825148,-0.6448960966468603,-0.7002072022204362,-0.6530061846352924,0.4259920073667038,-0.0010760577678077,-1.2039438760789645,-0.4795376755013804,-0.92929620360221,0.1833040129243512
2017-06-30,CCI,99.97,100.64,99.72,100.18,1394779,0.0603630054816066,0.0679981738786607,-0.4055390346671778,-1.004981719515318,-0.0725208132560136,-0.4684280445928735,-0.749920972469087,-0.7627128893912324,-0.7867300654589403,-0.7762712072489596,-0.0013225903952594,-1.1133022231508225,-0.7412577492778984,0.1323898098906193,-0.8259656384232756
2017-07-03,CCI,100.53,101.06,98.82,99.31,859360,-0.5736677601984735,-0.5648341275827014,-0.5781520466812315,-1.2122514870385472,-0.1310351921016127,-0.526388187293298,-0.7712603983724501,-0.7762922913931016,-0.7565855955770976,-1.2551236418295515,-0.0011920330469295,-1.5674590562810438,0.0599277966308019,-0.9431889063283204,0.2884820070225213
2017-07-05,CCI,99.0,99.39,98.36,99.01,2074319,-0.2210678510224303,-0.2121027084679441,-0.6031628314975458,-1.2310139124284227,-0.1887354628351716,-0.5706608011878042,-0.7827592968111694,-0.7761961595112351,-0.7582987847372293,-0.1757613940333652,-0.0011225813915871,-1.4968333903496724,-0.5742683705546515,-0.0186850574040409,-0.724329807079825
2017-07-06,CCI,98.79,98.93,97.67,98.37,1273097,-0.435431595006959,-0.4263068313868204,-0.7081324268374993,-1.2379557818466709,-0.2583687719578449,-0.6367943276943249,-0.7869814709084906,-0.7715527658247265,-0.8561980006649851,-0.90630805901593,-0.0011720404087033,-1.512534627371675,-0.2215764775839267,-0.3475206177378603,-0.5238289043070624
2017-07-07,CCI,98.57,99.6,98.57,99.47,1306384,0.6631902052804737,0.6637462042816114,-0.3991640024174542,-0.7360443873322765,-0.2688593737509681,-0.5374688383522309,-0.7741992878345779,-0.8420974549888082,-0.4156880554290429,-0.8480648040144446,-0.0013134242691695,-0.9330418078492152,-0.4359961432805737,0.663514093808317,-0.7283392298344429
2017-07-10,CCI,99.65,99.74,98.9,99.17,868528,-0.2207653327830121,-0.2118009385250475,-0.4402167312172877,-0.7895332087181994,-0.2873635321881522,-0.4786352037300743,-0.7850127427039497,-0.8843187424483435,-0.5833512208083439,-1.237762704735896,-0.0011944655272728,-1.091085304082613,0.6629122577673263,-0.3902388476636885,-0.8854015251336541
2017-07-11,CCI,99.24,99.3,98.07,98.29,1231469,-0.5854521587998962,-0.576657693812908,-0.6200045631000324,-0.8873770969298882,-0.334501381910503,-0.5052709244823894,-0.7784921572023469,-0.8649269320102071,-0.7307415433132467,-0.851219951951248,-0.001175474346107,-1.554679559700581,-0.221273880425669,-0.7495551230275689,-0.5483972853523961
2017-07-12,CCI,98.84,100.53,98.78,100.05,1124333,1.0818085759074725,1.074101874979421,-0.1317757804144252,-0.0342133654379532,-0.3008210199550175,-0.31855481547991,-0.834651137737056,-0.706397563302243,-0.4665861536504815,-0.9336091144380374,-0.001302642013443,-0.6274910484646447,-0.586055843387443,0.8985889534368665,-0.1335877312854732
2017-07-13,CCI,100.11,100.56,99.64,100.31,685576,0.1287939594433624,0.1359146552716407,-0.0425645381959285,-0.0288909042740546,-0.2625660680285896,-0.1574070124425274,-0.887433395221182,-0.7022971579638821,-0.3980576506190113,-1.3360766370771957,-0.0012800604435128,-0.4905200183956962,1.0816398346228342,0.124620988173414,-0.8269575292978233
2017-07-14,CCI,100.5,101.61,100.48,101.1,1967959,0.4573224658095975,0.4609398915225477,0.1673952067876571,0.1430726743767928,-0.2005422088583683,0.03269198806031,-0.8952748689879269,-0.6876447871945937,-0.1964730988112733,-0.0282126750701713,-0.0013513901024176,-0.0743388116477495,0.128376602380534,0.4247388829392494,-0.6598187461521883
2017-07-17,CCI,100.87,100.87,96.81,96.81,3650438,-2.674805942843005,-2.709471890041414,-0.9028397448577294,-0.7522189776574276,-0.3182510482456988,-0.2778576835953044,-0.7741929127562243,-0.1464245384908624,-0.8017942198764199,1.642000857188803,-0.0010328955825303,-1.881302785249608,0.456990812962483,-3.0672627960366,1.90380974469339
2017-07-18,CCI,96.32,97.48,95.64,96.64,2950757,-0.1423222115751834,-0.1336014446914022,-0.8907501153946868,-1.3486308979866266,-0.4151373039701528,-0.4727004490243184,-0.6780826887410253,-0.1468052875525006,-0.8139815036412043,0.851973572424827,-0.0010850310994005,-1.4827198670910358,-2.675954683411814,0.2246860576519534,-0.0045360172697826
2017-07-19,CCI,94.98,98.78,93.14,98.66,6700986,1.2683412473780122,1.25608048073779,-0.332649492693378,-0.6947780843565594,-0.4093988308384687,-0.3644203759370527,-0.6833604125348276,-0.0195895128860016,-0.4535596077922526,3.812747991090309,-0.0015815347100785,-0.1885461351866423,-0.1428102955257984,2.9009372856428675,3.172941714158425
2017-07-20,CCI,98.7,99.23,96.07,97.27,6212843,-0.9101364456771216,-0.9033123912132782,-0.6706145102913675,-0.7340374195599532,-0.4559950881290422,-0.4125050126518824,-0.6273561256023213,-0.002508717076682,-0.4966327831389944,3.0154460244667107,-0.0008848788208619,-0.6148018858365563,1.268221167430225,-1.1209371463913014,1.1161616039896454
2017-07-21,CCI,96.39,99.75,96.11,99.17,23616078,1.1831062623590032,1.1729928038495476,-0.1611971130218069,-0.3675079573209541,-0.4150588592957774,-0.2256656095790574,-0.6286366543594835,0.0929326644435816,-0.2514085040085792,11.365393093945642,-0.0024475377376677,-0.0321501403438664,-0.9108248316273272,2.15268503381297,1.467673048033667
2017-07-24,CCI,99.36,99.8,98.04,99.14,6329465,-0.0518297742703907,-0.0435125726393816,-0.1598900071853371,-0.2206330747542348,-0.3811003243212318,-0.0941545509948254,-0.6313097544987817,0.092587319552582,-0.2704475493005949,1.3748547898090837,-0.0006720633633455,-0.041349904746383,1.1829639469053137,-0.1936010993177951,-0.11180087934211
2017-07-25,CCI,99.28,99.54,98.51,99.5,5560200,0.1930771211553664,0.1996467380333342,-0.0614207507922736,-0.0981328660226665,-0.337821853373076,0.035043650629521,-0.6332005263601098,0.0957733697390097,-0.2042853444956802,0.8215021401183303,-0.0016585049479456,0.0690472680838101,-0.0522942511877743,0.1411027957943079,-0.7285994262165282
2017-07-26,CCI,99.58,99.81,98.88,99.56,5984847,0.0045464921233199,0.012546078658642,-0.0143717766990336,0.0400241585291913,-0.2994067802249362,0.1258839097132788,-0.7206182101067783,-0.0230618077480124,-0.5061423541687641,1.0236756531450222,-0.0017691292393072,0.4664689936701729,0.1926765338335236,-0.041490639057139,-0.8128285280259347
2017-07-27,CCI,99.77,100.2,99.01,100.19,4721523,0.3609630130361339,0.3657846691086339,0.1656165943007495,-0.0460388386105083,-0.2430627741074544,0.2447048818036886,-0.761639377966275,-0.0209297581599991,-0.3111781161801299,0.3044378764464124,-0.0017552231962561,0.8855779513465643,0.0040967222514514,0.2917324595432933,-0.6014484374179458
2017-07-28,CCI,100.17,101.07,99.48,100.58,4786813,0.2093498460035504,0.2157695623932612,0.2615028958410385,0.0892696914085848,-0.1826516921133493,0.3502302427692981,-0.7440429666708569,-0.0494475271639168,-0.0867251529010415,0.2785496709935325,-0.0018799993254028,1.0386394389029483,0.3606062226098854,0.2829200660545816,-0.2738456117836115
2017-07-31,CCI,100.63,101.24,99.0,100.58,5191162,-0.0329960430517004,-0.0247793014886723,0.2561323712864624,0.2912418912093202,-0.1349163820271825,0.402023312859289,-0.7309683026178115,-0.0497675910817874,-0.1088363048003547,0.3649594232330006,-0.0012427088046935,1.0386394389029483,0.2089535037961911,-0.0638559452501383,0.2647461400686909
2017-08-01,CCI,100.55,102.06,100.55,102.02,2373704,0.8583498905131461,0.85539227604002,0.6004218100625882,0.2337636538006474,-0.0416299524498514,0.5607055663565422,-0.6346372697598368,-0.0271911316675159,0.2332938608268776,-0.9614325914448764,-0.0016529304232209,1.4279721085272226,-0.0334556067571959,1.078219741396928,-0.3577942243806056
2017-08-02,CCI,100.88,101.83,100.17,101.81,2940070,-0.1611492274733897,-0.1523609823793987,0.5070265073309959,0.1340798533611943,0.0220848129952957,0.611534414742924,-0.5695527517468678,-0.0291196326630227,0.2478582553305904,-0.7160542018164504,-0.0006464779545683,1.3497122292825023,0.8581228548917759,0.6701858301846341,-0.2324610538363921
2017-08-03,CCI,101.97,101.98,100.61,100.92,2273437,-0.5772417298578566,-0.5684197374570261,0.2380026971498711,-0.2274784849451809,0.0354479508769695,0.5225932708875445,-0.5626083057788841,-0.0188450248444062,0.2132356788503917,-1.0285600951718123,-0.0008631997926273,1.018039407721536,-0.161642222884047,-0.8042843297944164,-0.4599626511649557
2017-08-04,CCI,100.55,102.06,100.55,102.02,2373704,0.6455992923469848,0.646442815370406,0.4935754932871946,1.2605639403155833,0.0866347167045179,0.5487977230167197,-0.5041245605830713,-0.020206316143672,0.2090255261267586,-0.9961294277569844,-0.0015912886888899,1.4279721085272226,-0.5778432725662072,1.078219741396928,-0.3577942243806056
2017-08-07,CCI,101.63,101.98,100.75,101.15,2432892,-0.5639163785130075,-0.5550520422387522,0.2381106883909838,0.9880063831081872,0.0902250014981879,0.4472487618939652,-0.488361619579004,-0.0010945862249083,0.1257505187384155,-0.988044014765392,-0.0008341174612489,1.1037526087990903,0.6453167558396787,-0.3831487547021311,-0.5778858677503389
2017-08-08,CCI,100.9,101.49,99.7,100.03,2160488,-0.7223583959771396,-0.7141847023949333,-0.0793770443137871,0.1995149744657755,0.0467568977710845,0.2448821110353437,-0.5127749307702331,0.0108013389964129,0.0925148720585435,-1.1155679295550764,-0.0009264303589869,0.6863665861605696,-0.5645144449970305,-0.6777541434176231,-0.0999699257624053
2017-08-09,CCI,100.07,100.78,99.385,100.77,2539854,0.4275752630459405,0.4315800487462533,0.1055389920917714,0.8697798429388436,0.0392823171766981,0.1756354992774076,-0.5055809412338179,-0.0517203110804041,-0.0617866383365085,-0.9686917891513857,-0.0015764854326706,0.9621394939753034,-0.7229977957049443,0.502176000482759,-0.4376025671730894
2017-08-10,CCI,100.37,101.02,100.34,100.71,1954311,-0.0700654312616349,-0.061656362074104,0.0844832155901938,0.3853719476337073,0.0289672640823895,0.1129268825539004,-0.5010320464244198,-0.0527431025268708,-0.1089123020472754,-1.227503703429662,-0.0009507710883228,0.9397795284768105,0.4272358499569196,0.2296125809034877,-1.0286013851816305
2017-08-11,CCI,101.07,101.22,100.53,100.85,1985288,0.0535507273762712,0.061233032297422,0.1245653414878935,0.4400173334700194,0.0243257466938736,0.0773635724140707,-0.5062013570590058,-0.0676196341818182,-0.2037938377404193,-1.2147067571179198,-0.0015110468991869,0.9919527813066256,-0.0705346653694912,-0.1907708175539476,-1.0211187134996926
2017-08-14,CCI,101.25,102.46,100.63,102.37,1776502,0.9053501839967828,0.901457890538343,0.4492127435014216,0.7331671928597792,0.0778740458800796,0.1986925104502371,-0.5628879206949123,-0.584911247084468,0.6760021879998958,-1.2872818114369569,-0.0015085283791659,1.4107782867025656,0.0531137413860679,0.8094167763525809,-0.1014951180036329
2017-08-15,CCI,102.1,103.08,101.79,103.06,2104637,0.3866390636594308,0.3911541342906574,0.5437411922865637,0.8632975707132725,0.1441094995286194,0.3284121780607348,-0.6379754815276356,-0.5883283748876796,0.8081816586040363,-1.1393970842268388,-0.0015909858266815,1.436190258153768,0.9051354094827846,0.6840626240136872,-0.5481479974931316
2017-08-16,CCI,102.84,105.05,102.84,103.79,2726552,0.4079933551043428,0.4122455296519782,0.6653683098585705,0.8824300954032942,0.2210864968071111,0.4598364605410883,-0.5743504715894633,-0.7031817826224562,0.596175989969744,-0.8202823007856217,-0.0017586471174173,0.9764568438212256,0.3862889714214327,0.6716044516973938,0.1832526378851701
2017-08-17,CCI,103.84,104.89,103.76,104.14,2740400,0.1769501282991228,0.1836641600562416,0.6643875602049042,0.874823655567098,0.290817292003637,0.5463242871069719,-0.613452913276214,-0.8244812749153885,0.8698068499272966,-0.7647235485667624,-0.0018796841848027,1.1045112802608217,0.4076488336243307,0.1919570965658648,-0.687010753630892
2017-08-18,CCI,104.31,104.62,103.97,104.12,3524965,-0.0449526471420756,-0.0366714714844413,0.5932119503362544,0.8667057937349788,0.339680571088131,0.56180192111357,-0.5725172090628262,-0.9479590740409964,0.5655917214153473,0.0989753681989676,-0.0001792994610241,1.001867506854584,0.1765453338803377,-0.1639336458645594,-1.0710438509706557
2017-08-21,CCI,104.36,104.98,104.19,104.83,1666364,0.3915449348967314,0.3960002442921711,0.7010769618497996,0.7158621263533492,0.4000400174631079,0.6037749650224545,-0.5196994013641486,-0.9435923822251922,0.6754367759211531,-0.95464108742976,-0.0016061545715984,1.3310561316672982,-0.0454153300027016,0.3139415846898721,-0.9632662926542406
2017-08-22,CCI,105.04,106.45,105.01,105.74,2423077,0.5074486209157402,0.5103818439902565,0.85249149173308,0.9865809556955611,0.4765000022347296,0.6787959088179522,-0.4270708896316135,-0.9276844467125333,0.7535689698292836,-0.3751460669603718,-0.0018508384521175,1.1310995062768765,0.3911961224680608,0.4771702124006213,-0.4563623208245407
2017-08-23,CCI,105.09,106.6,105.09,106.1,2214844,0.1789662559788264,0.1856624592627556,0.8578498220925374,1.4486050213161143,0.5433041067668449,0.713958594340124,-0.3509111258789699,-0.9307868012559446,0.7972682677434009,-0.413836246632309,-0.0019545606664015,1.2241825984137744,0.5071300446288841,0.6997972850201202,-0.4052287301735404
2017-08-24,CCI,106.25,107.18,105.96,106.74,1990604,0.3425472557144643,0.3475824019834089,0.9346544497333852,1.3806531311235417,0.6126757599513358,0.7486975687897138,-0.2492990051263015,-0.9316464910814776,0.7926677687733066,-0.5022134294180518,-0.002103204129508,1.2640719213280038,0.1785619875133094,0.3221105054148608,-0.6387677037514893
2017-08-25,CCI,107.1,107.89,106.735,106.99,2158352,0.112820983130097,0.1200684295989236,0.9133957789163568,1.8992401939777472,0.6680946831896163,0.7405746616587177,-0.1588323547300497,-0.9315866393242048,0.7685021953712657,-0.2835783426411771,-0.0025950067633251,1.1063474379411131,0.3421856611144305,-0.1039140893013916,-0.6916258670234258
2017-08-28,CCI,107.09,107.31,106.75,107.05,3116488,0.0019182690327498,0.0099337901845319,0.8431856224082476,2.691759380155876,0.7045580703934029,0.6852851125133935,-0.0994876566163931,-0.9331499003294852,0.7772633106138617,0.6091025502368927,-0.0050509298191031,1.1145645262726385,0.1123994591490834,-0.0545364724758437,-1.1553511639292318
2017-08-29,CCI,107.0,107.28,106.68,107.02,1821407,-0.0504434146066508,-0.0421334146193206,0.7698647697691734,2.6572305078385585,0.7222530749780303,0.592743979425904,-0.0290270893224832,-0.9957234756573722,0.5523108133894856,-0.4752577579690339,-0.0072226670085682,1.1028390182040575,0.0014678135284496,-0.0121947218526431,-1.1240793124514596
2017-08-30,CCI,106.79,107.36,106.63,107.27,1967276,0.1124394771748427,0.1196899014216519,0.7617077035088892,2.7131771426188966,0.7359358511363442,0.5083836660555503,0.0275605230464961,-1.0067816748306917,0.6201525598651556,-0.3137301651592838,-0.0068361674100789,1.2005515854422262,-0.0509075298602355,0.3132738309885044,-1.0241678690460012
2017-08-31,CCI,107.63,108.88,107.32,108.44,2253365,0.6460559181055359,0.6468920387049538,0.9585909931026688,2.719102706153167,0.782113777050156,0.5245373714384178,0.0852482600297997,-1.0504880727319144,0.926883458312499,-0.0612082010072829,0.0050666711527987,1.2888355845810175,0.1120178536692276,0.5422697724751518,-0.3923960091907174
2017-09-01,CCI,108.47,108.61,106.68,107.01,2590892,-0.8539937710392232,-0.846705630037435,0.5338373288740222,1.6098688236175285,0.7520660751213093,0.341256881872565,0.0947749225323289,-0.945275929663912,0.5508712378632814,0.225093747569979,-0.0034588793363263,0.7881952898424452,0.6457735007195595,-1.0432392606756151,-0.0882133651491306
2017-09-05,CCI,107.19,107.94,106.99,107.03,2005572,-0.0213601141668184,-0.013208271200351,0.4633194164912492,1.4989225576372718,0.7190552069397538,0.1870053512951771,0.0586091965886632,-1.0059920286451574,0.6862740257477511,-0.2711608388212485,0.007272565973598,0.7951972520066197,-0.8546675108816947,-0.1390909293010471,-0.8515890925899288
2017-09-06,CCI,107.32,107.54,105.49,106.01,2682220,-0.6263175253328351,-0.6176763830802058,0.1319736041536546,0.7169682059788002,0.6436355433521643,-0.0455553824907682,-0.0793671449495297,-1.0278273828679154,0.710515313804835,0.3002900272466657,-0.0040419929165423,0.4380971816336512,-0.021816642372685,-0.9485383041178742,0.020304827676148
2017-09-07,CCI,106.16,107.19,106.011,106.99,1825039,0.542542837701112,0.5449735567167898,0.2979527111672754,0.8807240103990882,0.613663365508333,-0.1146229235760723,-0.188600505226179,-1.0171603455025948,0.7390462020592606,-0.4239221036561902,-0.2215081702631227,0.7071992316113498,-0.6269318705909804,0.5643765697481721,-0.6729308430221698
2017-09-08,CCI,106.97,107.17,105.91,106.49,2079941,-0.323948643755404,-0.3148144153631318,0.1007184418621106,0.6493026937181732,0.5620571981571448,-0.2255624730154465,-0.3489361187884187,-0.9931901708544016,0.6754210367433684,-0.202696572514006,-0.0044459769338389,0.4914064318949739,0.5422334165477296,-0.3653354989430888,-0.605226775856949
2017-09-11,CCI,106.84,107.35,106.52,106.93,1864218,0.2242444161404811,0.230523248147062,0.1337880624464602,0.5786834627314644,0.5306621337025761,-0.2622910816374078,-0.5449078931002314,-0.9935424521581786,0.7179392235296679,-0.3893039661727759,-0.0198601720990494,0.6571631160701193,-0.3244841091375273,0.0373268473524651,-0.9444248693506369
2017-09-12,CCI,106.94,107.01,105.2201,106.21,1692976,-0.4522028792901478,-0.4430969261064741,-0.0922713167705378,-0.0130304057812017,0.470327482806222,-0.3661639658522859,-0.6788652444892179,-1.0346366021867397,0.3834300557616559,-0.5385587492731982,-0.0042045883715266,0.1910360575565703,0.2238519595242571,-0.5420525071585384,-0.1868252277930374
2017-09-13,CCI,106.08,106.14,104.43,104.95,2103883,-0.7715811786152806,-0.7637054275138936,-0.427058559082472,-0.5753504802369734,0.3669970891347545,-0.5599325749721612,-0.7729055963259331,-0.957466875306116,0.1018572108699301,-0.1730825022148367,0.053502741461342,-0.720040691871517,-0.4527718027389395,-0.8311196921755892,-0.2334118530155323
2017-09-14,CCI,104.02,104.98,103.14,104.81,1769760,-0.1160463074614321,-0.1074292146475611,-0.4740938464145471,-0.8766054333524244,0.2747341158490836,-0.6864601127164043,-0.8230326224529371,-0.9758455753341512,-0.0231443501492588,-0.4363953423843815,0.0009791888865926,-0.914162860592992,-0.7722334192378617,0.5474760878376908,-0.1282270484507848
2017-09-15,CCI,104.99,105.57,104.535,105.48,2987845,0.3649896942257324,0.3697639569492773,-0.3250055679650798,-0.7009679605884852,0.2237084062912775,-0.6815381359599039,-0.8775086774594019,-0.962650325610125,0.0214992011856898,0.6552253823916065,-0.0033260007907154,-0.5261486393235705,-0.1165275367382194,0.3262920283303822,-0.7735594948588514
2017-09-18,CCI,105.38,106.18,104.38,104.49,1558263,-0.6173291595059397,-0.608651962352623,-0.5738991420868529,-0.9730668105011824,0.1409867425264794,-0.7591853950498445,-0.8994052214053769,-0.9153971135401976,-0.1152869447014826,-0.5716368024217484,0.00311480204957,-1.099483085676899,0.3646339542518695,-0.6643986232859733,-0.1556501834071818
2017-09-19,CCI,104.58,105.25,100.43,102.16,4935645,-1.4212746091507324,-1.4210701507908634,-1.117316029340112,-1.3902955472209262,-0.0177607953960778,-1.0169924936476962,-0.7089249553439682,-0.731233224753859,-0.5415405499605965,2.288862499898001,0.0041274790310861,-1.200730707169669,-0.6179411599421629,-1.7745984411618998,2.3407722340872565
2017-09-20,CCI,102.25,102.83,100.81,101.84,2093242,-0.228009472961101,-0.2190275640032288,-1.150100264122102,-1.523353238554631,-0.1560603379494918,-1.170605384450176,-0.52531999647649,-0.7731809605100219,-0.7091597861184677,-0.1932735931750866,-0.000466718415632,-1.326616871901216,-1.4220963372449924,-0.3292625842608807,0.0617449888100836
2017-09-21,CCI,101.71,102.29,101.48,101.6,1616463,-0.1797156915165403,-0.1708664700675832,-1.1560133301485518,-2.0111826260696017,-0.2736507374833499,-1.2401907194597517,-0.3674293577142747,-0.7853610177033956,-0.7903749028941353,-0.595907633352846,-0.0007744068994529,-1.4210314954498822,-0.2285199104043092,-0.1080262781936168,-0.9268938197813482
2017-09-22,CCI,101.05,101.45,100.05,100.6,2720047,-0.6457720026833764,-0.6372134034151906,-1.3314786585818068,-1.965706284651404,-0.403245384741635,-1.3267577144615816,-0.187912587188523,-0.7937721923450758,-1.0122906469454966,0.3541038808773403,-0.0005684624205439,-1.6742473100974715,-0.180213530416297,-0.362766855874011,-0.4315107488681164
2017-09-25,CCI,100.48,101.28,99.57,100.13,1733770,-0.323863613870111,-0.3147294548338818,-1.3671379412675693,-2.0238487543511128,-0.520147426663476,-1.3633407628253558,-0.0289454844835231,-0.8054169906980556,-1.1091512154929966,-0.5012298297830529,-0.000896943665153,-1.6813520160801338,-0.646391423089313,-0.2894845923172283,-0.1680454687909199
2017-09-26,CCI,100.29,100.67,99.16,99.57,2275325,-0.381188402975836,-0.3720339565272785,-1.4181927376959915,-1.97570246299811,-0.6292745446702742,-1.372594681201379,0.1195788135242834,-0.810278524978112,-1.193683305595045,0.018946936351343,-0.0008392120823219,-1.7410852512628372,-0.3243990570702333,-0.568716444318945,-0.327442233840052
2017-09-27,CCI,99.56,100.58,99.21,99.99,2574613,0.2296169503137975,0.2358441021098348,-1.2286148086619155,-2.239176338514314,-0.6929375935543675,-1.2629740846268125,0.2077704002369058,-0.7892896686875979,-1.1322166536367493,0.2515386225456812,-0.0016413254424915,-1.5974477774227287,-0.3817388006654351,0.2999918824419229,-0.4494399393067243
2017-09-28,CCI,99.78,100.6,99.47,100.54,1545299,0.3094574085356459,0.3148627070179518,-1.008620161458735,-1.923030097669596,-0.7151972131026576,-1.0687058930009083,0.2367626113809061,-0.7701103298967674,-1.088894664436756,-0.6533466748794627,-0.0015220885888996,-1.4093510854892504,0.2292258952466592,0.5491430274372209,-0.6546303347286582
2017-09-29,CCI,100.02,100.6644,99.45,99.98,2217086,-0.3797684818740976,-0.3706138971777903,-1.0469401625169965,-2.190705967172169,-0.7479514955012314,-0.940304421215232,0.2112135944455725,-0.8601498204361278,-1.313255342604426,-0.0470762767768329,-0.0007970069057004,-1.592855286762532,0.3090871816880426,-0.0565312219845534,-0.5790300456590369
2017-10-02,CCI,100.31,100.98,99.41,99.69,1509013,-0.2135804686827057,-0.2046342788466831,-1.0309112773373412,-2.1492551026210096,-0.7780498979315881,-0.8307470544684519,0.2257963035828112,-0.9009172095013676,-1.1721077550044543,-0.6513253134378346,-0.0009813280743732,-1.680640346201257,-0.3803185091446248,-0.4932900011535883,-0.2788035966131818
2017-10-03,CCI,99.61,100.0,99.33,99.65,1386403,-0.0579766980817223,-0.0496279354702709,-0.9502686198628876,-2.009034020570489,-0.7959976976603127,-0.7118257188849774,0.211739068443231,-0.902821039269972,-1.1801531661508102,-0.7461469983075917,-0.0010232360158692,-1.6869294017953298,-0.2140871419883391,0.0040224854511879,-1.03097893388381
2017-10-04,CCI,99.95,102.12,99.6,101.89,2051464,1.366482170664457,1.3516110630892713,-0.3268479142288454,-0.994563731302262,-0.7155129971576559,-0.3633250893002415,0.1621380387528659,-0.6547145986713245,-0.7382588006284722,-0.0949745619628883,-0.0015436634034865,-0.7732422727687747,-0.0584427785655365,1.440121300184039,0.4699084601534066
2017-10-05,CCI,101.95,102.21,101.34,101.57,2614633,-0.2285262422817106,-0.2195431161241088,-0.3399505414249948,-1.304234115587162,-0.6584282822353409,-0.1447557456945041,0.05661386136419,-0.7054043241568604,-0.9114819818598504,0.3948633143133833,-0.0008124817576793,-0.9031248236822818,1.3663876930333536,-0.3079220276665577,-0.8774659922037777
2017-10-06,CCI,101.46,101.61,100.09,101.52,1565825,-0.0636438905945641,-0.0552665653340583,-0.2895000515999336,-1.1209225058449952,-0.6098225014190168,0.0082750987628531,-0.0470255396389448,-0.7058283740287549,-0.8529136208195681,-0.5659900339790556,-0.0010196392091827,-0.9234189722625156,-0.2290368145360797,0.0183622103284143,-0.3435096161542448
2017-10-09,CCI,101.36,102.77,101.08,102.12,1596156,0.3349592613134241,0.3400808167330116,-0.0735051237133933,-0.2043772339859346,-0.5431240355298784,0.1772700342475509,-0.2098229821462641,-0.6955933280193225,-0.8281175854859721,-0.527861953410719,-0.0014531821449327,-0.6278534411948566,-0.0641114494958678,0.5401727617140454,-0.2121028645398659
2017-10-10,CCI,102.13,102.71,101.15,101.59,2527584,-0.3561135506334349,-0.3469614523617875,-0.1505548648135705,-0.2825875007785856,-0.5069755461373527,0.2338308690391193,-0.3594850337355187,-0.7001164324102868,-0.8063231861758483,0.3108089913175501,-0.0008820641839888,-0.7306245607502815,0.3345956872105574,-0.425787460348901,-0.31155482371905
2017-10-11,CCI,101.61,102.75,101.4,102.21,2466068,0.3469624494093522,0.3519468989190787,0.0450070054656206,0.0288643938991994,-0.4504309688148426,0.3315787160933477,-0.4522845008006989,-0.716390975705344,-0.5509085426643052,0.2344683218991775,-0.0015541099454339,-0.43703587795622,-0.3566574069711802,0.4198114985133939,-0.4905494155599738
2017-10-12,CCI,102.25,103.48,101.63,103.1,2182210,0.5091197320557761,0.5120294652573435,0.2974202314979401,0.7159254210739259,-0.3680460071774255,0.4762896981310269,-0.5315402930205037,-0.679239735324836,-0.4070914872222911,-0.0466564732325225,-0.0015530925996754,-0.0155940591066735,0.3466020066141252,0.6017422988901372,-0.0958768622048849
2017-10-13,CCI,103.52,104.0,102.44,102.5,2084226,-0.3953124591442965,-0.3861611613860068,0.1812292656191598,0.6553846331205156,-0.3243262187760051,0.4925349934577959,-0.7000280255828107,-0.692266024587946,-0.5823984283311371,-0.0964918880165625,-0.0009089326033124,-0.2997121392299605,0.5088015917166897,-0.7707410182394424,-0.3229166759801307
2017-10-16,CCI,101.17,102.33,101.03,101.85,2293869,-0.4278031101158563,-0.4186712967050827,0.0472901043608116,0.6145747497430105,-0.3133432451408615,0.4212672320624852,-0.8333759044181706,-0.7079121409725085,-0.5385410776525673,0.0635749519655907,-0.0009147966639085,-0.4129861455582619,-0.3958665414187434,0.4814942024232426,-0.5275721366262246
2017-10-17,CCI,101.95,102.2,100.87,101.38,2503375,-0.3202938105954582,-0.31116266851265,-0.0644589652984482,0.2979894779400172,-0.3211306512014911,0.315938388734181,-0.8467426156042491,-0.9006728112855387,-0.2796099628716972,0.3907220619719534,-0.0009226623465154,-0.3565748899763998,-0.4283656683237628,-0.4487247660725326,-0.4979786359378929
2017-10-18,CCI,100.99,101.48,99.54,100.96,2990072,-0.290920443815195,-0.281821924432587,-0.1620222532779714,-0.0395357682824583,-0.3415900931670521,0.1990577117964669,-0.8533037782766505,-0.8975667129883198,-0.294383504859569,0.8026773501704235,-0.0008999653295834,-0.6450369242172782,-0.3208283225303053,-0.0487598972731951,0.0101149560572355
2017-10-19,CCI,102.18,104.45,101.55,103.22,3784241,1.3606565396225003,1.3459444945907162,0.4030987620692337,0.7675582637974775,-0.2674734951069157,0.3489902691822994,-0.7948990613252709,-0.6906371501495115,0.0666983477252355,1.3837786909518268,-0.0016288035193031,0.6699594155096583,-0.2914472930318487,0.7426583617201555,0.7501650714193169
2017-10-20,CCI,103.52,105.37,103.25,104.99,3305316,1.034594795666418,1.0279558392334318,0.8031928470262109,1.1736585078751125,-0.1391679889039604,0.6084176318093767,-0.6341630924787968,-0.6462880558942823,0.4734172091888656,0.911173796276332,-0.0016344370534264,1.239466677437946,1.360560542241574,1.046530475670624,0.0915280054528859
2017-10-23,CCI,104.99,105.13,103.25,103.95,1900784,-0.6497058153968884,-0.6411646562237016,0.4835079102488295,0.8278271597710981,-0.0791980010290744,0.6400650741042442,-0.5919804360875929,-0.610121841771699,0.392820854741944,-0.3509245033224523,-0.0009804157739483,0.6827599465297071,1.0344137375814777,-0.7747102699410652,-0.0840529488550085
2017-10-24,CCI,104.06,104.65,103.5,104.06,1742942,0.0328854781108115,0.0407062497163052,0.4526690232045568,0.4299542210788113,-0.0287074522828345,0.6409831148079006,-0.5854317841177983,-0.6314106234897462,0.4947969012196282,-0.4731026789783983,-0.0014624528276799,0.7359505356263817,-0.650326262028333,-0.0263165508545973,-0.6702976820082159
2017-10-25,CCI,103.53,104.36,103.0,104.18,1461713,0.0387987339983657,0.0465805791255202,0.4284751453895516,0.5701525403936303,0.0141698659293085,0.622121223034895,-0.5747782480273633,-0.6325773241515086,0.4479510179023577,-0.6930746330314911,-0.0014428428518134,0.7879489459749134,0.03244310111512,0.4480257688044962,-0.5033648997010018
2017-10-26,CCI,105.0,105.18,103.16,103.18,2072633,-0.6305967101526646,-0.621973195135135,0.1370068016419039,0.2524381903575463,0.0070177826781536,0.478256891486859,-0.5899974508011115,-0.5910146106033493,0.2181654884054786,-0.1511916425468411,-0.0009368745214463,0.2375877642791366,0.0383578996114535,-1.335880826969407,0.0402765617205635
2017-10-27,CCI,103.25,104.0,102.91,103.19,1651173,-0.0269621181148344,-0.0187787604273659,0.0980077260093104,0.1115480281503017,4.65847765143226e-05,0.3636310220242116,-0.6383522776563882,-0.6083173648880741,0.3040555963350663,-0.5165971057495278,-0.0014621688280813,0.2430913760960895,-0.631212171734574,-0.0702207359357438,-0.7109911478248664
2017-10-30,CCI,103.34,110.655,103.2,106.11,5454815,1.728739294634602,1.702962249943562,0.7617611941474624,0.844996894922817,0.1065163079268796,0.5639253044001438,-0.5858599136573914,-0.3926289743894092,0.7783315356692719,2.584420083252171,-0.0020299708976317,0.108803247762322,-0.0274201077322542,1.9988280678264725,4.263978189745099
2017-10-31,CCI,105.95,107.54,105.29,107.08,2476262,0.5361331283140566,0.5386570684755924,0.9110369476539284,0.895590033020767,0.2247820054583967,0.7545233652948138,-0.5124034301118842,-0.3870100126734132,0.9275663309822566,0.0099895328339806,-0.0017416186568856,0.3736975559394511,1.7287393201047363,0.7794740789833527,0.1598615056766314
2017-11-01,CCI,107.68,107.74,104.78,105.14,2467176,-1.160943304419296,-1.156826393380013,0.3746901314673737,0.2319242559426133,0.2377220481128787,0.6358953914976863,-0.4893316991559533,-0.3753131432806429,0.300982034825421,-0.0148619017386863,-0.0006366854597178,-0.2065014708386355,0.5358220350405831,-1.8084630433099689,0.7549662196522321
2017-11-02,CCI,105.26,107.11,105.07,106.37,1451154,0.6953412797869063,0.6953592779947704,0.6247422374092686,0.5757707560055069,0.2913301384879307,0.645671867207937,-0.4348062626314807,-0.3546556215730644,0.526580721725884,-0.8216404526632943,-0.001535275948587,0.1613566750052044,-1.1616971191061485,0.7704009251868401,0.0070154140096696
2017-11-03,CCI,105.84,107.27,105.27,106.51,1613547,0.0489455311684799,0.056659282264156,0.5952328209336357,0.7644993390500868,0.3337809657046945,0.6247744444746961,-0.3982017824534114,-0.3568620940662784,0.5544092017500832,-0.6861762721780295,-0.0016063506728849,0.2032267078654788,0.6950717196208888,0.4519496628407451,-0.0263842842976327
2017-11-06,CCI,110.9,114.84,109.44,111.81,6501991,3.0650003774014545,2.9820215182010346,1.805168449019878,1.40908691388562,0.5677673851573731,1.1010658234918207,0.0128168145243552,0.1918821332729399,1.2261057454763102,2.9210081397135843,-0.0029290022734876,0.7845604477189803,0.0485073438069448,0.5936304689472737,2.433724300986273
2017-11-07,CCI,111.81,112.46,110.44,111.76,2602817,-0.0608370400549078,-0.0524737971387601,1.655786362025761,1.4982417490528015,0.7409976277294694,1.3257135733091108,0.261122007498705,0.1757099910985341,1.3027682378205712,-0.0594115010034078,0.0004776276475886,0.7736971093613254,3.065348997303634,-0.060102341553312,-0.0849841034238795
2017-11-08,CCI,111.63,114.97,111.63,114.03,2104248,1.2315507100063894,1.220230475942929,2.064421463200066,1.4989090388068933,0.9549172924624432,1.610165645352294,0.5992124970029032,0.2260645009581628,1.5309382279290862,-0.4285742087948419,-0.0021012963098516,1.240368665012333,-0.061303866724702,1.5980163738531743,0.8497746675362127
2017-11-09,CCI,113.7,114.56,112.77,113.5,1459589,-0.3223651553401062,-0.3132322376761841,1.7931872047605886,1.2332400744898413,1.0893383299178907,1.6330992049127693,0.8218165343258899,0.2450229952511683,1.3139984624184675,-0.907950047139454,-0.0003803813759851,1.1261874456445733,1.231421032400895,-0.1592132705739837,-0.2769614499359606
2017-11-10,CCI,112.86,113.75,111.91,113.28,1285998,-0.1536724152956374,-0.1449102875499764,1.5961414015101278,1.446344472733291,1.1720034657308978,1.5182272526914422,0.9562058501284472,0.2298838916445439,1.3771182093867422,-1.0274577498228517,-0.0006630491232131,1.0787914677938055,-0.3229002076328625,0.2548437341657601,-0.2376235024402088
2017-11-13,CCI,113.38,113.88,111.78,112.9,2060088,-0.2418418609318151,-0.2328288517292858,1.358286711135983,1.3359650249404869,1.2069519117969116,1.3035077529300747,1.003672091541742,0.2166533426171435,1.4259091295965274,-0.4079435683975397,-0.0004745680434106,0.9969256878697532,-0.1541634602079017,-0.3461688782229591,-0.0411396272366176
2017-11-14,CCI,112.8,113.58,112.08,113.16,1519029,0.1103794197439512,0.1176458834219848,1.2698388333787165,1.347521549250118,1.229017779402518,1.0985726179325237,0.9977950223151756,0.196348928089121,1.5390485319013585,-0.8138974230588765,-0.0016863229354637,1.0529391162388406,-0.2423559068715146,0.2148061677426471,-0.4865935275328125
2017-11-15,CCI,113.49,113.59,111.96,112.55,1551474,-0.3686040571391262,-0.3594495200836831,0.9734515857615678,1.4514038688646695,1.2068897899037658,0.8208702825281108,0.9031928155815968,0.2021110729774161,1.5185086774421022,-0.7503200565187453,-0.0007034166097765,0.8434361798671902,0.1099572588249822,-0.6520869099244863,-0.3843438855453603
2017-11-16,CCI,112.62,113.43,110.79,111.12,2923909,-0.8240133120251955,-0.8164985300845663,0.5277854107668888,1.0912838799921032,1.1184853050977952,0.4281138562081673,0.8335323836220342,0.1997106129519097,0.9565662705437622,0.4383394363184332,-0.000391721760421,0.3816765200905991,-0.3691511719127246,-1.0326003169770008,0.3886965129987176
2017-11-17,CCI,110.52,111.45,109.79,110.02,2652801,-0.6493013098662844,-0.6407583457342508,0.1999556827451737,0.5121930351510118,0.9920016037111024,0.0158934671924955,0.7890327170299005,0.1937781168759432,0.5361457198485413,0.2394541346489402,-0.0006518128811662,0.0784758823470857,-0.8246792307755036,-0.368117967613872,-0.3338631983833975
2017-11-20,CCI,110.22,111.1,110.02,110.48,1321526,0.2273084220396168,0.2335578363705254,0.23113569180979,0.4402668740495138,0.897820295934047,-0.2307370389421131,0.7019269310067557,0.1577670801005443,0.7551124524493543,-0.892373031666845,-0.0014853989720151,0.2052688763125563,-0.6499216509731593,0.1519039548768724,-0.7766232471449934
2017-11-21,CCI,110.68,112.31,110.63,112.11,2274257,0.8855466897748924,0.8820523996295886,0.5242596743686118,1.1266057244068646,0.8755417685191069,-0.2429649249764142,0.6231996744705115,0.1850056244350038,0.9686630043774686,-0.084416982310101,-0.0017003845248679,0.6545570940597576,0.2269167647397913,0.949822343069071,-0.3424375956602192
2017-11-22,CCI,111.72,112.28,110.89,111.84,1000659,-0.1829351218548022,-0.1740758898416635,0.3659370565098631,0.9111354123102294,0.8359276613599709,-0.2973687176400805,0.5173887350984595,0.1920009924398593,0.9123749346266176,-1.1733632162166203,-0.0010015673975351,0.5801351193408971,0.885326749064026,0.0548346684369954,-0.5555245934383457
2017-11-24,CCI,111.91,113.28,111.85,112.72,535547,0.4568740660215185,0.4604974340047223,0.4597410553924153,0.9999105101665722,0.8279261933932893,-0.2595213626890565,0.3381911305445009,0.1528082605254816,1.1904381734211449,-1.5621932761475046,-0.0013614491032305,0.8226956295357045,-0.1834338006169964,0.5205241781238756,-0.5340365613593033
2017-11-27,CCI,113.48,114.53,113.1261,113.29,1095068,0.2818290223687208,0.287530127965813,0.4724967252821595,0.2200786027574232,0.8327224361819996,-0.1963023915515252,0.1104983279459815,0.1480814390840162,1.270008757576972,-1.0462217425429483,-0.0014963571833248,0.9683991444695752,0.4565422961990078,-0.1528131950252806,-0.5585563795544044
2017-11-28,CCI,114.0,114.0,112.6,113.52,2705711,0.0933994783947875,0.1007955756923261,0.4373492317808545,0.2893924297347738,0.8342622920711379,-0.1541090984635511,0.0161595084757829,0.0110530502242168,0.858131682187071,0.5846062809563521,-0.0019324679811195,0.969859789553865,0.2814515880212447,-0.3444293304776318,-0.563512033883507
2017-11-29,CCI,113.54,113.64,111.19,112.86,1368107,-0.3949613773457614,-0.3858099622521868,0.2124214046955564,-0.5624797269613171,0.7986059508283492,-0.2160968350925284,-0.0721609337425366,0.0215621599698129,0.6252785248482778,-0.678617507323156,-0.0007785911007378,0.7545546065595531,0.0929728878676476,-0.478802141035328,0.2178654059763886
2017-11-30,CCI,113.08,113.35,111.96,113.0,1731153,0.0442334913254147,0.0519790684320063,0.1518830845395436,-0.3556433688137935,0.7653393366084443,-0.2595359081770395,-0.3265646454812306,-0.0917106860170449,0.930452280020399,-0.2842449625600621,-0.0017458457192406,0.781400203833118,-0.3955153680324477,-0.0797666995355089,-0.5661575774403703
2017-12-01,CCI,113.45,113.45,112.0,112.55,1777149,-0.2809262808778986,-0.2718420305577115,-0.0264861335836018,-0.426133340782707,0.711368913706366,-0.3475784137844617,-0.567407338345852,-0.096221690845971,0.6857981844729344,-0.2521766081675639,-0.0006118306215118,0.6135468634701192,0.0437940747199287,-0.6256696283726536,-0.5176300217888774
2017-12-04,CCI,112.45,113.485,109.565,109.63,1875502,-1.6482201167598216,-1.6523500323662834,-0.745457577276937,-1.0188583659114103,0.5456919863732842,-0.7055430376913077,-0.8266365615882422,0.0990549548910785,0.2627364997024132,-0.1652778902152926,-0.0007002317770023,-1.7670903996955274,-0.2814505228873247,-1.920990042651184,1.3886648613709949
2017-12-05,CCI,109.37,110.44,108.78,108.81,2082631,-0.4986677638291705,-0.4896377199102034,-0.903078238313562,-1.2421448032480464,0.3760887540490357,-1.002020978274217,-0.7004749715035963,-0.5813064109171974,-0.5615351605618236,0.2988842504109452,-0.0007388155812006,-1.865192050819353,-1.649101048808571,-0.4131593751196006,-0.3198798563612716
2017-12-06,CCI,109.11,109.5,108.0001,109.18,2812670,0.1787076043563913,0.1854060984843534,-0.7870764446816829,-1.0212962045577387,0.2516416458440313,-1.1229722446029136,-0.6197847463356728,-0.573933236185452,-0.5065186261384109,1.1018550431398433,-0.0018186624742656,-1.3185684854707855,-0.4992488087115988,0.0221540289385788,-0.4463985029412674
2017-12-07,CCI,109.48,110.17,108.02,109.71,1540196,0.2692274399510933,0.2750594582842924,-0.6132579222320399,-0.5656401005824303,0.1702166093537939,-1.1089951856804727,-0.6142173825132421,-0.7388354598177742,-0.7238734586949898,-0.2941410436623738,-0.0016406891884165,-1.0148234165286076,0.1783032684156507,0.1324056868774755,0.0419168924494645
2017-12-08,CCI,109.85,110.34,108.71,109.5,1667949,-0.152166473046242,-0.1434097141985787,-0.6164933360726379,-0.340089174533369,0.0946349662069303,-1.082772744668444,-0.5974054858221156,-0.7420704142264539,-0.6850645979363246,-0.1600147461480834,-0.0007395660954086,-1.1177474646459251,0.268846718191058,-0.267036849499696,-0.3507248075983981
2017-12-11,CCI,109.57,111.14,108.91,110.91,2869368,0.768682795971094,0.7674131836258432,-0.2572140695708955,-0.0747482047334894,0.0875223654546521,-0.8855566554033799,-0.6197677930858584,-0.6621813657612523,-0.4747432134705246,1.059820865082096,-0.0019754264597639,-0.3999576106215287,-0.15265712509884,0.8976534419813079,0.08436013272423
2017-12-12,CCI,111.06,111.8,110.65,110.89,1198381,-0.0442228102500718,-0.0359455022209404,-0.2383711913860398,-0.5681704790902493,0.0784974559929133,-0.7327060336898215,-0.6358560052577469,-0.6641882980219617,-0.4289469632812001,-0.7172300682732161,-0.0008269164536126,-0.410139026990667,0.7684323686261316,-0.1419639799675096,-0.7270260529070138
2017-12-13,CCI,111.19,112.46,110.91,111.37,1838021,0.2364949660502665,0.2426552885712482,-0.104177959592166,-0.3319027564910417,0.0875307135891299,-0.5639441251761954,-0.6665476935243696,-0.6578409751427503,-0.3997933480676723,-0.02657225564321,-0.0017973374769169,-0.1657850341312954,-0.0446853027159613,0.095990503097063,-0.4314214855516456
2017-12-14,CCI,110.66,111.25,110.24,110.61,2397019,-0.457851107242412,-0.4487525140715933,-0.2606363329330148,-0.8386174703909205,0.0623643193675712,-0.5169639134104002,-0.6782327835337311,-0.6520787379269172,-0.4206258263506364,0.5279922098009624,-0.000338748121765,-0.5526788561586334,0.2361057052716996,-0.0604534499872857,-0.8303233757049476
2017-12-15,CCI,111.01,111.6885,110.1107,110.65,3284895,-0.0104816094566978,-0.0023923961041818,-0.2456764979409084,-1.0494469551553645,0.0418158293008446,-0.4674933381986696,-0.6751894136761558,-0.7093185768277299,-0.2295960846446569,1.4473032127400811,-0.002177142253817,-0.5323160234203492,-0.4584215041613514,-0.2713272945512839,-0.4029352169687398
2017-12-18,CCI,110.26,110.975,109.03,109.63,1649879,-0.6069065559170436,-0.5981891973469676,-0.4819141536805715,-1.3549658793846595,-0.016122035163864,-0.5241564840859964,-0.6647422318484346,-0.7143956454203934,-0.2195379778182415,-0.243061475429035,-0.0005351414961348,-1.051568258246515,-0.010935299754449,-0.4580018823537526,-0.1127325360648008
2017-12-19,CCI,109.67,110.07,108.3501,108.55,1242438,-0.6463197728561759,-0.6377635869516189,-0.7146323183363574,-1.4279202567747895,-0.1050277364631556,-0.6491976797086778,-0.6058738520997189,-0.6885428908162893,-0.4240395906469509,-0.6849597572677584,-0.0008181254772549,-1.6013647421800958,-0.6075158373774429,-0.7978857984129707,-0.2708453753901463
2017-12-20,CCI,108.43,108.56,107.33,107.89,1924250,-0.4115340877229245,-0.4023903841971609,-0.822066029504018,-1.5869624088315426,-0.20084182161673,-0.7670126973225769,-0.5330465527534798,-0.7847644375356062,-0.720302201406715,0.081098912954804,-0.0006723801438393,-1.622755332337413,-0.6469393361605585,-0.4025774010496938,-0.6411963906691245
2017-12-21,CCI,108.42,108.9,108.01,108.18,1514203,0.1343487606797717,0.1414244271239178,-0.71105786983432,-1.40254514830188,-0.264014783179374,-0.7772470211950253,-0.4858631229421305,-0.7766202915024739,-0.6480990101306658,-0.3949401566713528,-0.0016149973012175,-1.4888646870793096,-0.412092401782218,-0.1935590193891152,-0.9056762304148868
2017-12-22,CCI,107.98,108.72,107.56,108.55,1003291,0.1799404874943615,0.1866280526072274,-0.5747268211317779,-0.5837954443648892,-0.2977817244090097,-0.7097438901691465,-0.488483799765047,-0.8045529539207014,-0.7107958948111656,-0.9650338864510816,-0.0015275985837242,-1.318038691405186,0.1339328527145839,0.372502837379033,-0.7007168355310258
2017-12-26,CCI,108.55,109.43,108.22,108.97,721350,0.2078918035572635,0.2143251223094597,-0.4242134980574405,-0.1274475002453888,-0.3061795957071453,-0.5904418360635407,-0.5425398666882422,-0.8110626917929055,-0.7275077902039202,-1.260510646874554,-0.0014709716850255,-1.063962797032863,0.1795364731795388,0.266007260913229,-0.6659092005113393
2017-12-27,CCI,109.12,109.68,108.82,109.43,1059068,0.2298166324493259,0.2360418546228929,-0.2662960030944357,-0.0939458420035348,-0.2930494274955315,-0.4395873896778783,-0.6399129512459781,-0.8016438142961411,-0.6966170794698504,-0.8403088747917468,-0.0016078728146707,-0.7749983116158102,0.207495080986003,0.1883192024421941,-0.9363559832770176
2017-12-28,CCI,109.64,110.21,109.01,109.82,1779287,0.1888867553074794,0.195494293006141,-0.1370528956190937,-0.1464019352997278,-0.2659256925400666,-0.2828846326645433,-0.7236084526503235,-0.7980895531897719,-0.5630742431361849,-0.0447060821927802,-0.0019491546228145,-0.5365079796879846,0.2294256294738644,0.0977195794708682,-0.6806607128303843
2017-12-29,CCI,110.0,111.425,109.61,111.01,1266797,0.6416266543013239,0.6425344407856727,0.1711811438527042,0.3289455336489304,-0.1970217326669682,-0.0499808473463836,-0.8218026504276287,-0.7410070481642322,-0.4261161845933801,-0.6020115214296278,-0.0019174243366142,0.1061851201587427,0.1884850748323437,0.6673862038006312,-0.2287109862806979
2018-01-02,CCI,110.53,110.96,108.47,108.93,2036131,-1.1995280491506397,-1.1959199039932942,-0.2830355798791449,-0.819000944741158,-0.2233955345539442,-0.1089011376922767,-0.9211662924207504,-0.6252207174915537,-0.6398475339544742,0.2570692282639038,0.0001901055101661,-1.0171776089851046,0.641343081440029,-1.1199821281345363,0.3137411823849373
2018-01-03,CCI,108.75,109.5,108.08,108.47,2078871,-0.295905225548224,-0.2868001905018591,-0.3794279482723069,-0.9240747203797472,-0.2610870433867469,-0.1851689528175781,-0.9031803524822448,-0.8752202333995757,-0.3228759959709655,0.292089748174121,-0.000277917521432,-1.142595776929053,-1.2002919295554486,-0.2208406873597164,-0.5002939358772386
2018-01-04,CCI,108.29,108.76,107.1,107.21,2240434,-0.7561925697245978,-0.7482194163049096,-0.6625135046949193,-1.3585581400445428,-0.3383418753139295,-0.3480185174953684,-0.838363743100056,-0.8416863289325578,-0.3834357699439608,0.4626617297291457,-0.0004711569253533,-1.8130826417573185,-0.2964333751598226,-0.7798111299783262,-0.3009048496906503
2018-01-05,CCI,107.43,108.41,107.26,108.03,1769361,0.4431870625245949,0.4469902915613093,-0.4523141632831356,-0.9102184893098108,-0.3647863785850823,-0.3475132579572383,-0.8138937193313431,-0.8187091425635667,-0.3221713254785032,-0.0055574457936594,-0.0017194863784021,-1.304532481178425,-0.7568407958746739,0.3956425955317155,-0.7041445215328981
2018-01-08,CCI,108.01,108.73,107.72,108.35,1776476,0.1514209892499264,0.1583551931053038,-0.359394047311454,-0.8153073912309039,-0.3705744245944243,-0.2939396849277974,-0.8018298281557111,-0.8260919894810203,-0.3495360814688012,-0.0110533965319612,-0.0018206988705432,-1.1060738819281306,0.4428517221324763,0.211509640743949,-0.814450176089661
2018-01-09,CCI,108.3,108.67,107.63,107.68,1031933,-0.4179788314600693,-0.4088393260049288,-0.4986793351710231,-0.7377493736191991,-0.3986307378979353,-0.308398963179782,-0.7706175055488602,-0.8135985916894503,-0.4115821563190768,-0.8415229142098334,-0.0008186444747199,-1.5215965741084347,0.1510095349681534,-0.458838312622748,-0.7863973235131931
2018-01-10,CCI,105.95,106.53,103.34,104.92,4849650,-1.6287629774506276,-1.6324873926548047,-1.0923999168549663,-1.0692763861855594,-0.5251298779025488,-0.5733565270546216,-0.6186234472813531,-0.6692248077323306,-0.9606645037193569,3.3026744804457917,0.0004860586408953,-1.3054029136312812,-0.4185388267789697,-0.7607982753971574,0.9425813684688163
2018-01-11,CCI,104.95,105.19,102.6,103.69,4380675,-0.7628605695790689,-0.7549291457823529,-1.305881822076822,-1.1618621181737474,-0.6677870890904307,-0.8269131752252472,-0.429348892555577,-0.643608890022321,-1.1210629947309194,2.39986020680937,-0.0002804954208266,-1.513822270461339,-1.6296388336571526,-0.9333699029479052,0.4903891419211516
2018-01-12,CCI,104.05,104.07,103.07,103.57,2430421,-0.1050470074632151,-0.0964765974198287,-1.244668301717444,-1.271297628148808,-0.778291116587864,-0.9469967524472196,-0.3153930852090225,-0.6644711941865088,-1.196076089903728,0.3852535856694991,-0.0008463044074119,-1.526518597394713,-0.763510535230244,-0.3748495338149619,-0.7866424345084845
2018-01-16,CCI,103.98,106.77,103.98,105.32,2844785,1.0189646175885656,1.012671558683443,-0.7576154585810553,-0.8721858623497967,-0.7895882588697781,-0.7877067994884103,-0.304143839157237,-0.5271018806661817,-0.8698713711216156,0.7683131935631905,-0.0016487062975019,-0.8864440316771186,-0.1055253673196584,0.9473263815846126,0.6164333838714628
2018-01-17,CCI,105.4,106.99,105.05,106.03,2616728,0.386707779811872,0.3912220159914218,-0.5296960192129417,-0.7981644151318794,-0.7634938853037242,-0.5640297190092526,-0.3362452070904348,-0.5020383061157593,-0.7806885066467439,0.5858238022326214,-0.0016801526335142,-0.5892979497337129,1.0187794820122429,0.4252738158540912,-0.0664604941495478
2018-01-18,CCI,105.71,106.32,105.21,106.11,2062459,0.0139778605594083,0.0219193585114812,-0.4678867614469095,-0.8957887744859069,-0.7329130303224559,-0.3735399286962156,-0.3473257815795487,-0.5182435724213035,-0.6390326762891586,0.0076818906208394,-0.0016520086753649,-0.5591637261648298,0.3863577055000625,0.2595666585313496,-0.7195082946183632
2018-01-19,CCI,106.25,107.65,105.67,107.35,2868067,0.6945505265292666,0.6945819504044641,-0.1506234602571187,-0.6844051566448921,-0.6540333509402904,-0.0968277538835558,-0.354737981424203,-0.4898337084725032,-0.3298340148626504,0.6993917660021594,-0.0019103469469947,-0.0920832608471328,0.0135305510768797,0.7558666366890886,-0.0541566779289196
2018-01-22,CCI,107.5,108.37,106.89,108.3,2837797,0.5179600410065163,0.520744781562688,0.0763212300983466,-0.7415703774892424,-0.5494946946525594,0.1905877508120821,-0.3511783068650135,-0.4748428738280703,-0.111665611289296,0.6129855944603705,-0.0021125558461707,0.265760644033363,0.6942807600770777,0.5359292922000615,-0.4524091100402942
2018-01-23,CCI,108.92,110.44,108.4762,110.33,2996389,1.133982868509832,1.125056270149932,0.545037505021821,0.0974651240933029,-0.384024471082199,0.5773569598405934,-0.2983237122447761,-0.371978040017168,0.1244077005407048,0.6683480150594808,-0.0025804512254102,1.03041656709379,0.517644206865311,0.9517225335767516,-0.1079125034538115
2018-01-24,CCI,110.48,110.91,109.35,109.59,2405721,-0.4505701185429339,-0.4414621340112873,0.3516347675108109,0.0358028448149418,-0.2804742998981804,0.7273911781508365,-0.2775392592373532,-0.3568930619343776,-0.0267674932497285,0.0673051010331299,0.0008308022814002,0.7516749990816165,1.133827738089217,-0.6349433502103032,-0.4049771486293259
2018-01-25,CCI,109.38,110.22,107.16,108.61,4370710,-0.5897336719284854,-0.5809539965789756,0.1171486280833999,0.0974651240933059,-0.2359547611938931,0.6954747209858289,-0.283169217720214,-0.3355620633229006,-0.2159963387796104,1.5103259619238243,0.0009134800455739,0.3825307603627887,-0.4511386160485378,-0.5581768047726962,0.7567382406707341
2018-01-26,CCI,110.35,110.87,108.75,110.63,3328827,1.1249197634774204,1.116208080228038,0.5946581841896152,0.3020768464726839,-0.1214702387835806,0.8500302188928561,-0.2442494982022694,-0.2421952926996569,-0.006425506580197,0.5447640154147805,-0.0021668895544597,1.1434199054771028,-0.5903384734471893,0.1653871178806242,0.0057349589889328
2018-01-29,CCI,110.52,111.15,108.84,109.83,3214495,-0.4832033105095525,-0.474144118091312,0.3995781441681731,0.082195592572456,-0.0631926287834881,0.8289989922549434,-0.2439629619303653,-0.2289235268124732,-0.1661396204906592,0.3886576079128067,9.528812903365922e-05,0.8420776697882661,1.124762268737443,-0.4980025059823947,0.1615431198726132
2018-01-30,CCI,109.02,110.41,108.66,110.03,2954592,0.0803755994841862,0.0878680194815377,0.46052196203773,0.2545744197011994,-0.0107087725259059,0.7972609885486333,-0.2823511421645583,-0.262016854821318,-0.2971303010143185,0.1234461571778178,-0.0020724812660621,1.007430410446032,-0.4837803211337124,0.6736220201605847,-0.2658080978642942
2018-01-31,CCI,110.09,113.3899,110.07,112.77,2814801,1.5173722451070226,1.4982008661672646,1.0795963501496475,1.2946077568779586,0.1354618299433848,1.0130186575512323,-0.1260365395495774,-0.2039738044356925,0.3502532453704601,-0.0078935064854254,-0.0023703805962161,1.2518982857325294,0.0799456113787359,1.8128948600824464,0.8621949293428534
2018-02-01,CCI,112.91,114.47,112.33,113.07,3168653,0.1326278928317185,0.1397175617194437,1.094043057519406,1.6962279873343165,0.2584345621925188,1.125913874149039,0.0241357355082596,-0.2145209062511515,0.4553508163456341,0.2042411191427958,-0.0033809759912484,1.050810163109524,1.5173171306216997,0.0807446981550115,-0.0139873937769583
2018-02-02,CCI,112.66,113.19,111.25,112.1,1809706,-0.5670925883211879,-0.5582380831025008,0.7970240703461763,1.4314385698417371,0.3124188669436343,1.038655022656621,0.0987728805993059,-0.2354838263525599,0.5023973823894041,-0.7502803316440199,0.0040777742051447,0.779162640673196,0.1322115359385795,-0.4018624383911091,-0.1490289228365339
2018-02-05,CCI,111.55,112.92,109.89,110.51,2853197,-0.916049384913782,-0.9092772213938428,0.3811407982350921,0.8072212003025905,0.2876147810102576,0.7660479801526353,0.1203333842012407,-0.1747613158375939,0.169676089308553,-0.0425558740941449,0.0016328640747682,0.3338847430713823,-0.5676914833925795,-0.7306989494820133,0.69374354485948
2018-02-06,CCI,109.06,110.29,106.93,108.55,4553823,-1.1372015764623795,-1.1327838756220947,-0.0956551043144508,0.2582948682864461,0.1869689272805868,0.3527469414286387,0.1201965381832987,-0.0861474077877885,-0.1403674905188866,1.003606278962547,0.0010113332284187,-0.2150112816453247,-0.916739313390161,-0.3796212494777417,0.9883655225863844
2018-02-07,CCI,108.3,109.91,107.82,108.75,2978747,0.0817124553335198,0.0891951124571132,-0.0602308569332133,0.276231155224764,0.1120892543360441,0.0884278162354721,0.1164714645563403,-0.0967520232084639,-0.0215389112226758,-0.1128377553727755,-0.0020563205875155,-0.1590014832048438,-1.1379491975735303,0.2876105342997123,0.0103533026859336
