date,Name,open,high,low,close,volume,return,log_return,close_to_SMA,RSI_14,MACD,MACD_hist,BB_width,volatility_20,price_momentum_20,volume_ratio,OBV_change,close_position,return_lag_1,daily_return,price_range
2013-03-11,HAL,41.9,42.27,41.6,42.0,9047012,-0.151357331071809,-0.1426034719493424,0.3329397877280424,-0.4415406131460916,-0.1274973339505896,0.1548896561241995,-0.1250920403911394,0.9693354602869256,0.0959269922059828,-0.4371184538239187,-0.0033792762637896,-0.0130756195137707,0.9741214734012196,0.1539979722014196,-0.2618387641580568
2013-03-12,HAL,42.05,42.55,41.71,41.96,7073090,-0.0922894120979639,-0.0837755735964355,0.2723508951933768,-0.0682950230487358,-0.1033353125887566,0.1850736041718706,-0.1176084538221182,0.9512511986585174,0.2242122838323,-0.7780384203945543,-0.0085007446255977,-0.0427889740383956,-0.1518477720411159,-0.1880207283680819,0.0770822427231295
2013-03-13,HAL,41.99,42.378,41.643,41.84,8237954,-0.2110457213126427,-0.2021061517438204,0.1599201501518376,0.2274760071375353,-0.0895730100429785,0.1824520654046401,-0.1286089587846217,0.949543220805768,0.2401821255935572,-0.5865427607486673,0.0039907933063748,-0.1319290376122706,-0.092764443842283,-0.2962086150144069,-0.1272815590577138
2013-03-14,HAL,41.96,42.64,41.64,42.54,8683120,1.008605922746686,1.0025400236548931,0.5484379005705834,0.3423283328423999,-0.0522116213931166,0.2410984757735801,-0.0959100188828381,0.9849703627821296,0.4438632604041398,-0.5255461167022372,-0.003154276730508,0.3880546665686746,-0.2115517333711357,1.0180122240041372,0.3677936177005855
2013-03-15,HAL,42.35,42.64,41.88,41.9,14429722,-0.969647288916536,-0.96337171931701,0.1889781840947345,0.6372929869946355,-0.0489222497047503,0.2003148189465051,-0.2377769704012848,0.3676239772760276,-0.6488920077932838,0.6146763684701174,0.0089645189177058,-0.0873590058253359,1.0084180848666056,-0.8291100177309075,-0.0796519901629274
2013-03-18,HAL,41.16,41.8,40.48,40.73,13678569,-1.7714663025585469,-1.7783129800947697,-0.4909709986034478,-0.0987950994134495,-0.092985744567479,0.0458024301437055,-0.300755611993336,0.4731764508437962,-0.8450531218705014,0.5436935588957383,0.0008257143901775,-0.956474625670637,-0.9703511996387094,-0.8156087670597019,1.1096320072664396
2013-03-19,HAL,40.77,40.93,38.83,39.62,27651760,-1.729691884530267,-1.7355889975471148,-1.0985678190648185,-0.7840432485271905,-0.1713124875633963,-0.1660004917647277,-0.2901353897657389,0.5809415643595025,-1.2618495954383122,2.902490846707356,0.0011530945198315,-1.243899043846801,-1.772379386209026,-2.157406885280425,2.8260361247675454
2013-03-20,HAL,40.0,40.12,38.8665,39.44,13585221,-0.315844269950846,-0.3067171759580935,-1.146565374123447,-0.9410339778277864,-0.239407409307748,-0.3091062975268107,-0.170816122925587,0.463867277326283,-0.9367387937777965,0.4089598332960701,-0.0006109944268985,-1.3490847438218077,-1.7305940703631606,-1.0840415431011825,1.0574531530033222
2013-03-21,HAL,39.5,40.07,39.36,39.47,10858353,0.014360476343775,0.0222995877844535,-1.0873524206927196,-0.6597673493074111,-0.2905394383829042,-0.3799287484156388,-0.0686356101156585,0.3974016426217667,-0.6357750702388135,-0.0119392055626921,-0.0016540039267813,-1.3229100860466692,-0.3163776211206945,-0.0836976535081211,-0.0921597231279242
2013-03-22,HAL,39.53,39.9,39.0,39.16,14656637,-0.5219748022247277,-0.5129960163616061,-1.2260762935922194,-0.5306039019929683,-0.3410271759708597,-0.4349283139298767,0.0588804799668689,0.383349434785852,-0.8641145454502571,0.6299664317442153,-0.0005909515164215,-1.5933815497230943,0.0139132666753724,-0.7334797309551352,0.3240686762316963
2013-03-25,HAL,39.6,39.85,39.175,39.65,9896599,0.7460243444432854,0.745161481851915,-0.90528762226026,-0.815393158585095,-0.3593090613061653,-0.3960306570543017,0.0764691276480584,0.2399111978131119,-0.2411861066430624,-0.2394721337368122,-0.0015990989428628,-1.165862139395843,-0.5225619272840891,0.0690771172773038,-0.1725324751852836
2013-03-26,HAL,39.81,40.18,39.71,40.13,11004033,0.72069520535481,0.720277565029376,-0.5857176764412204,-0.4867430063202171,-0.3525391720747229,-0.3004296950756926,0.0922236898637822,0.2150258837122122,-0.2980562983570444,-0.0478916526211929,-0.0016973640159585,-0.7470676149936358,0.7457680061201891,0.5809824004478501,-0.6152410720876581
2013-03-27,HAL,39.97,40.89,39.63,40.66,8292448,0.7892506520453949,0.787604897142103,-0.2257305932674007,-0.5263663409320724,-0.3242736172068487,-0.1686194521842434,0.0876464613750607,0.169755551506345,-0.3845546140256355,-0.5338154246169243,-0.0016524548363235,-0.2846486609662077,0.7204322593433147,1.2779299280226648,0.991299871717216
2013-03-28,HAL,40.58,40.71,40.12,40.41,7118907,-0.4157926336725683,-0.4066516288594057,-0.3514042574086287,-0.9916834079196128,-0.3098364074244928,-0.098765180071568,0.0761577578331767,0.1656242257772194,-0.5566652048363251,-0.7320583502764878,-0.0008300199058935,-0.5027708090923555,0.7890055902986671,-0.342822304360759,-0.3745184811826103
2013-04-01,HAL,40.35,40.44,39.46,39.93,6884331,-0.7725124498648028,-0.7646427175536853,-0.6383174177202251,-1.122998365443734,-0.3153465384089711,-0.0942258741294623,0.1025228126315181,0.0989017560889985,-0.4205063531792356,-0.7596196974267319,-0.0008952814161139,-0.9215653334945564,-0.4163520586715021,-0.8127291844951811,0.4541066538139964
2013-04-02,HAL,39.93,40.39,39.58,39.89,6905871,-0.0953632231153896,-0.0868355160470657,-0.6618809960062368,-1.122998365443734,-0.3193029956604056,-0.0865952999328187,0.1069024307962298,0.0372300169687158,-0.1932041385588136,-0.7419369415188247,-0.0009329694555434,-0.9564648771947396,-0.7731649334309048,-0.1020007834220589,0.1009823414203729
2013-04-03,HAL,39.94,40.06,38.45,38.75,12978800,-1.8122430410055557,-1.8200450572714857,-1.3272926450106488,-1.3948725056474849,-0.3647949459674273,-0.1874024846830528,0.2412671171046148,0.0351950068554945,-0.9734461305974096,0.3594107213701042,-0.0007190342643253,-1.6432945606117226,-0.0958390567339979,-2.27735872263625,1.8713543769052263
2013-04-04,HAL,38.75,38.8433,38.19,38.54,10367999,-0.3703944398181911,-0.3612397595994024,-1.3935113572128697,-1.8583447162820612,-0.4061268884827516,-0.2573404440403447,0.381325081927091,0.0358278613681287,-0.9809966044052584,-0.1566045204385763,-0.0008907818929564,-1.6198503047766015,-1.8131667622059588,-0.4357584833371464,-0.1785947005019833
2013-04-05,HAL,37.98,38.73,37.8,38.6,14112823,0.0639287688298535,0.071538969777281,-1.2675791494353803,-1.6894772513532792,-0.4332236203546055,-0.2766496243835598,0.4647021382561168,-0.0390656876212795,-1.1640769049540354,0.474726314156654,-0.0016678387649896,-1.3318512914574576,-0.370942021654283,1.2070195944716735,0.4166294434188636
2013-04-08,HAL,38.54,38.6586,38.141,38.41,10548350,-0.3394475229669934,-0.3303026002726913,-1.2770655947075793,-1.4318400911015223,-0.4585853980750552,-0.2876312265389853,0.4801042905070559,-0.1437049902580874,-1.448361853047223,-0.1577197408326311,-0.0008674737450778,-1.462346021233096,0.0634944901904164,-0.2811617005915278,-0.4682510343071139
2013-04-09,HAL,38.47,39.27,38.18,39.11,8488957,1.1016206257586314,1.093455634051412,-0.7276496236645096,-0.4842110297042635,-0.4476715094852572,-0.203043567652387,0.4048083514583514,-0.0179835214912532,-1.1780514284748709,-0.5222716943046131,-0.0015087191704143,-0.9815759641649652,-0.3399870315881705,1.230588635074721,0.7313950084654667
2013-04-10,HAL,39.15,40.68,39.14,40.39,10962560,2.004597615812532,1.9691848606710411,0.1634387554910435,0.2632039247411582,-0.3858947522952122,-0.0044532923507859,0.2833630790787715,0.2700086840563991,-0.7169975108137894,-0.1121201100552912,-0.0016226493077791,-0.1024535740975282,1.101457052902794,2.3666390966290045,1.5863171769827913
2013-04-11,HAL,40.52,41.24,40.11,41.17,10107720,1.1693131733110411,1.1595367137330532,0.6984432968204806,0.5327515029418881,-0.3044257445589747,0.2051064418018778,0.2097662251180459,0.3585120288536773,-0.4026583115027413,-0.2771884202729101,-0.0016485876409305,0.4332616323498159,2.004669605269372,1.1856444647995343,0.6961468524714305
2013-04-12,HAL,40.79,40.93,40.08,40.86,9618439,-0.5017837920086936,-0.4927600907627073,0.5512910314754043,0.5327515029418881,-0.2508655324379943,0.3009174696495154,-0.0278848042649048,0.2986747459079464,-0.7474817261776561,-0.3694996358195199,-0.0007903158220889,0.2203491785053573,1.169167259612888,0.1033383881312551,0.142394414641323
2013-04-15,HAL,40.09,40.21,38.55,38.66,13482251,-3.3851174942722726,-3.4516216563961195,-0.7939848567388317,-0.5262103293465495,-0.2933160405570241,0.1304363508174486,-0.1745890952034995,0.7691915522445552,-1.3031433086489836,0.312873573590165,-0.0006974645820313,-1.166603754699472,-0.5023656497787287,-2.7212293166184462,1.987202385146454
2013-04-16,HAL,39.1,39.77,38.56,39.69,9736628,1.6257152508835222,1.6032425132730266,-0.0782511414871491,-0.3299064908243234,-0.2848348158967126,0.1251488591556355,-0.2297056063632965,0.8037014844194552,-0.5424833700191345,-0.3124469010710593,-0.0015718161207015,-0.0549356033407977,-3.386451535943568,1.1137231740732043,0.949427916609904
2013-04-17,HAL,39.22,39.24,37.45,37.69,17464857,-3.17021133650488,-3.226142755025084,-1.3419317490436873,-1.0091256961151758,-0.3544350780328678,-0.0800615370451663,-0.0585054187739717,1.0857031935080128,-0.8828994779914452,1.2078918968198211,-0.0005729574957893,-1.670800524303386,1.6256884001627074,-2.973645242734232,2.366758823831087
2013-04-18,HAL,37.77,38.365,37.07,37.71,15808444,4.085665569368571e-05,0.0080676928586761,-1.2737483324465615,-0.950993563685172,-0.4058247195602662,-0.1973560300476955,0.0787454107115283,1.0858931801829366,-0.811689187713098,0.869609137958296,-0.0017310815985774,-1.3711166500066352,-3.171489314962948,-0.146335272316826,1.2706865114871957
2013-04-19,HAL,38.07,38.49,36.77,37.21,20003984,-0.8584804967586543,-0.8512275417436834,-1.535305684885099,-0.955170249202984,-0.4625928532154687,-0.3050357705980139,0.265776573111538,1.1029276096628344,-1.0084093518271209,1.4953217595741766,-0.000492750852125,-1.5540902849196998,-0.0004100886147979,-1.7330287977157537,2.26103508210881
2013-04-22,HAL,38.96,39.41,38.05,39.29,26096316,3.447163000136773,3.34301788936539,-0.1516677931732331,-0.3304189097464552,-0.4225475709858405,-0.14198349715642,0.2644484305622978,1.56491242158352,-0.1187218057551506,2.3531061868649834,-0.0020129347981815,-0.0072675560873988,-0.8591554070667063,0.6136241345395245,1.2934704105604458
2013-04-23,HAL,39.45,39.98,38.99,39.69,14161295,0.6008348299294975,0.602388207101343,0.1138591668843649,0.0465209809702743,-0.3724716623357639,0.0142769813297144,0.2653285868792092,1.5580556781655484,-0.1526607585216061,0.3003247665240037,-0.0018212340808308,0.2901983533034273,3.447611315947289,0.4333140813003436,0.4874730413928477
2013-04-24,HAL,40.32,41.8,40.27,40.92,16266267,1.8963913624220143,1.8648946414481515,0.9070689558866548,0.3597139513682846,-0.2828147457767184,0.2411661971044857,0.3295602778426299,1.661892801448963,0.1216427642041239,0.5920045840262834,-0.0020822311790962,0.8613122009107025,0.6005406155827682,1.0979659664143049,1.524793267890782
2013-04-25,HAL,41.04,41.6,40.66,40.75,10031421,-0.2916438039206719,-0.2825443141988089,0.7906641474074504,0.3024578147688133,-0.2176387859018129,0.3596640086495767,0.337714352609523,1.6452929100681055,-0.1349686010495489,-0.4297180510558796,-0.0005004381534557,0.7489641171402791,1.8964351237893515,-0.5601863777682488,0.33114009148534
2013-04-26,HAL,40.54,40.85,40.16,40.57,6921221,-0.3080008712662809,-0.2988816901330718,0.6652207416614675,0.3051269591044272,-0.1727748800597455,0.4021793804693194,0.3496519731218837,1.6426640660976222,-0.1093267907686843,-0.9294125221431896,-0.0008386457183772,0.630007322559832,-0.2921708418424436,0.0295925156183722,-0.1738924757266365
2013-04-29,HAL,40.87,41.98,40.46,41.57,11177789,1.5015870848402977,1.48288181715039,1.2739534584355174,0.3609454087839595,-0.0984258289503336,0.5120859342678267,0.490109109072388,1.6898100476072135,0.4357271877797003,-0.2740836144898103,-0.0018123375368635,1.1812828922405998,-0.3085321763052161,1.2676949395376036,1.456020481072821
2013-04-30,HAL,41.6,42.82,41.56,42.77,21270145,1.7642049431954514,1.7372532767790996,1.968452715195588,0.3463104646237083,0.0059582634750883,0.6773208566123624,0.788668593485322,1.7727992528889165,0.8928705712904025,1.1447047404443491,-0.0026065888200366,1.4154061775032802,1.501527852432924,2.0985774067836256,0.8638896273363359
2013-05-01,HAL,42.0,42.33,41.69,42.08,12828496,-1.0373927200219957,-1.0318125123210669,1.3946835158694717,0.0170987980857223,0.0591500391786891,0.6777406525020593,0.9069827582034222,1.6880687973819375,1.0946187895406432,-0.1198390596351383,0.0003747652506647,1.0362846467866955,1.7642142206955795,0.1175916113558186,-0.3237823141343409
2013-05-02,HAL,42.21,42.6,41.835,42.4,12119261,0.4404491090287477,0.4442879638301302,1.4707478857162062,0.1595086786212451,0.1109239049841736,0.6744268135448387,1.0110827848652202,1.6755003110886375,1.303464439513757,-0.2379699558870368,-0.0022081102697213,1.212109124800183,-1.0381143036977438,0.3137649270058418,-0.0876503783248519
2013-05-03,HAL,42.79,43.24,42.45,42.55,11348318,0.1872564480989228,0.1938786640499773,1.4318968623072608,0.8558154803832614,0.1543826444951695,0.6503727504387485,1.0943979260638197,1.6741424854166354,1.3354212522934708,-0.3354534012703749,-0.002628890721163,1.0883678927129268,0.4401130543784978,-0.450070428828726,-0.0439847978510733
2013-05-06,HAL,42.46,43.31,42.45,43.06,7955939,0.7132225027597083,0.7129343028080021,1.6032103401757505,0.7611903073675853,0.2048379956160802,0.6491386577938203,1.1754721528870602,1.664797044117018,1.61050938874803,-0.8345794555084218,-0.0031842795089025,1.3158075925047177,0.1868543423206613,1.0413017038859147,0.0731707338469376
2013-05-07,HAL,43.25,43.79,42.88,43.42,8226533,0.4875077539638149,0.4907178908568419,1.6874272372833294,1.7273449712147717,0.2543639627480027,0.6457591652892098,1.3041762699900517,1.6454846740889333,1.4510100976930975,-0.7922015217993097,-0.0079256673191371,1.2676726027835252,0.7129576073218992,0.2706500035333803,0.1553408141512021
2013-05-08,HAL,43.4,43.79,43.06,43.7,6773893,0.3684837012965774,0.3732166329327812,1.753769371529137,1.756872960342745,0.2994848108809662,0.6317168708146297,1.4768630797550868,1.5426526061082553,1.036100146244222,-0.9967642785159868,0.0026655175227573,1.4002610401743942,0.4871839756432551,0.4959308120058021,-0.1991310566349096
2013-05-09,HAL,43.63,43.75,43.26,43.56,6691913,-0.2324497100952031,-0.2234574826184446,1.5818064968860326,1.9590794239413336,0.3242991612683318,0.5682144596063423,1.6101730043992035,1.5160099718159643,0.6851063232731307,-0.9957400405192094,-0.0028459342837602,1.3339668214789595,0.3681288728148071,-0.147531883452189,-0.6538348945889908
2013-05-10,HAL,43.2,43.4,42.76,43.39,8941826,-0.2759681820498273,-0.2668916074983316,1.3869190673574592,1.5875199023619628,0.3317538638059373,0.4727290959140885,1.7100511004493573,1.5071436929992177,0.7418957933463891,-0.6395399835876197,-0.0063152822919722,1.25346669877736,-0.2329613058763753,0.3059713931382067,-0.3620510275167756
2013-05-13,HAL,43.13,43.63,43.13,43.56,8863841,0.2109280494755669,0.2173330045209806,1.3302900818616743,1.546564582588363,0.3387511740913829,0.3951634851770576,1.6827116959222566,0.9992613709368195,1.6939843187782937,-0.6263410843965924,-0.0073172896626602,1.3339668214789595,-0.2764911306251579,0.7269240616889245,-0.6347024659666508
2013-05-14,HAL,43.56,44.57,43.39,44.2,11698585,0.8817225978824219,0.8783044622122306,1.5845190687467725,1.427099159488403,0.3635967398481424,0.379052098919744,1.755301573838969,0.941921321740981,1.501365033852652,-0.1873046570725904,0.0055012384935862,1.2851932177244612,0.2105321189788757,1.0837188601348626,0.6336130647518323
2013-05-15,HAL,43.96,44.265,43.155,44.13,9650094,-0.1315947449725255,-0.1229149679623525,1.325424710111451,1.5046926841310797,0.3745187765486651,0.3303240658113353,1.554111725331178,0.3548289450952068,2.3419785795551764,-0.4639674579432918,-0.0028645864808179,1.2553608193115158,0.8815016595692468,0.2658536829324827,0.5049451620054787
2013-05-16,HAL,44.11,44.44,43.73,43.85,8220080,-0.4280164486624436,-0.4188848196085614,0.9492457368749372,1.427099159488403,0.3662370997648698,0.2419116114005127,1.2458092633108868,0.3853712426277648,2.223809553671123,-0.6554460233471322,-0.0045669105155893,1.1360312256597331,-0.1320800304167888,-0.4716455951013003,-0.2419051982003736
2013-05-17,HAL,44.63,45.25,44.41,45.25,13356925,1.9547178109508063,1.9211320520408983,1.554927925074648,1.5105046990204931,0.4083681405445524,0.3009431150447099,0.8328340379371373,0.3945503256820023,3.00585973739966,0.2769122444358065,-0.0285525659385236,1.442878752192886,-0.4285790625246158,1.0232489163085494,-0.0442228666683473
2013-05-20,HAL,45.02,45.63,44.9,45.55,8296068,0.3797644265521276,0.3843626028616667,1.5347303876725045,1.305719747486865,0.446718352260798,0.3384365290362987,0.7346108485192216,-0.1147020229669258,2.172502688485432,-0.4830834258438031,0.0006760236965234,1.4028283722236967,1.9547767881135143,0.8631202802215615,-0.2556745638759616
2013-05-21,HAL,45.58,45.75,43.9,44.83,17699422,-1.017096745553928,-1.0113002746442044,0.9300063913477872,1.2815394216956473,0.4419840605460386,0.2575324900813132,0.5355058788183625,0.0125677821582404,1.7344848674770998,1.2324560901748518,-0.0036629805418167,0.8957862630252479,0.3794125409069512,-1.2694898477030516,1.8479040595527776
2013-05-22,HAL,44.8,45.06,43.72,44.02,13182626,-1.1578903186227043,-1.1537342054370945,0.3407974330864246,0.6065390893732052,0.4000464137951154,0.0970484634956818,0.4085390624568371,-0.023425802546144,0.9451404380401937,0.4312256492450082,-0.015334605337315,0.4141070062580917,-1.017813034558011,-1.3417270960592,0.9456309226745816
2013-05-23,HAL,42.45,43.64,41.91,43.52,11128302,-0.740152307233648,-0.7320817485078613,-0.046802497223786,0.2610900573598415,0.3414999725333879,-0.0740895089296262,0.2081936109364636,0.0168640677786426,0.8308480114111311,0.0348670457806399,0.0016746355630085,0.1167741317104628,-1.1586433368680056,1.878051178749713,1.7216284514122129
2013-05-24,HAL,43.36,43.36,42.58,43.02,8454298,-0.7482768047541167,-0.7402550567828983,-0.4224023960330619,-0.2075806172205593,0.2706081388915322,-0.2427767143351428,-0.0714185098244958,0.055056461537558,0.7194357029845445,-0.4758294852888132,-0.0001621931437723,-0.2726251414211025,-0.7407963489123921,-0.6187429105077232,-0.0802622959316994
2013-05-28,HAL,43.8,43.95,43.2575,43.37,9243719,0.4735198361789335,0.4769204920136821,-0.2653108117239779,-0.2122646585037302,0.2239229367335574,-0.3154190259278939,-0.2282635985955132,-0.0570701688050813,0.4684573570711762,-0.3140217903340663,-0.0020930501307509,-0.445319829934357,-0.7489229658948697,-0.7680349896445998,-0.2605988587587562
2013-05-29,HAL,42.99,43.76,42.96,43.57,6382111,0.2541058130634876,0.2600916077086859,-0.1689781907646108,-0.2502765903249009,0.1908989992431611,-0.3383690151211631,-0.2603199142068665,-0.2543481632047031,0.1072305465385284,-0.7611922965925908,-0.002089157094276,-0.3420266053501267,0.4731924087883539,0.9929910879700712,-0.0610809027495884
2013-05-30,HAL,42.68,43.06,42.03,42.63,15691349,-1.376180694157132,-1.375217703384778,-0.7502871152683988,-0.5776664909406162,0.1246005409945621,-0.4423770500993195,-0.3237268931080111,-0.1943047854002308,0.0244812783072651,1.0660161549583913,0.001751681795294,-1.2062774155773757,0.2537211464793423,-0.1148261398429593,0.4223069931647508
2013-05-31,HAL,42.41,42.68,41.85,41.85,9362387,-1.1721297340883208,-1.1681577831754055,-1.2031222151263332,-0.7813502370400647,0.0392129808393002,-0.5747184977780502,-0.249645364007424,-0.1187611180898658,-0.3579864363894572,-0.1630404155963142,-0.0003833174275839,-1.881302785249608,-1.376990658466688,-1.0239350297478509,0.0615533558554985
2013-06-03,HAL,41.93,42.43,41.55,42.39,8136953,0.7703334730589905,0.7690339163698213,-0.8737772678613984,-0.6182936905563587,-0.0087999348201939,-0.5843899643790537,-0.2336857369858372,-0.0770975069890785,-0.2227025178194385,-0.3827440315195954,-0.0018130149732356,-1.216466477761107,-1.1728864670125951,0.8025368041135945,0.1388000941749037
2013-06-04,HAL,42.29,42.87,41.77,41.99,10579589,-0.6204745757110829,-0.6118098461155707,-1.083328293176273,-1.0248787651584197,-0.0635562711716003,-0.6094845864354458,-0.1385722999448531,-0.098264925661285,-0.5324237213019162,0.087760997089795,-0.0003094153902181,-1.5330551956127716,0.7700834763311053,-0.5622715177058815,0.5919327113186823
2013-06-05,HAL,41.9,42.12,41.68,41.76,9560406,-0.374014109845539,-0.3648592983085464,-1.173842903711399,-1.0673546660256903,-0.1163576978384174,-0.6245283802054447,-0.0178829879065281,-0.1196913129067533,-0.7289618000225269,-0.1303512013828436,-0.0006115685468866,-1.7150937083774829,-0.621087396701455,-0.2787568831330186,-0.7132113972100658
2013-06-06,HAL,41.83,42.38,41.38,42.35,7737192,0.8466074560900907,0.8438780065464762,-0.7782316020569521,-0.7240534183994031,-0.1351219251403827,-0.5489522499936066,0.0269724486633212,-0.0719863935009254,-0.6211804245357471,-0.5026908056048467,-0.0016588509100257,-1.1434409794557368,-0.3745626359557953,0.9128880459286842,0.3765830469286618
2013-06-07,HAL,42.57,43.25,42.25,43.16,7279234,1.1577716163071674,1.1482748975068091,-0.276833740312065,-0.991858874816686,-0.118445424327925,-0.3972675217561103,0.0295985103470601,0.0269677429251449,-0.3023396633799114,-0.5981195204617353,-0.0017032805520221,-0.5272883375041565,0.8463773571846727,1.020795341197953,0.3396505950136916
2013-06-10,HAL,43.32,43.34,42.59,42.82,6137297,-0.5234439751535668,-0.5144687156566543,-0.4653494541927207,-1.2322722250041307,-0.1189352201802734,-0.3201054912701315,0.0424183669813292,0.0374227262997065,-0.3604092665013955,-0.8079383683322617,-0.0007771236459578,-0.785920310669016,1.1576226917284609,-0.8983362318387853,-0.1315937637536879
2013-06-11,HAL,42.22,42.62,41.83,42.04,6636040,-1.1670751941234236,-1.1630374867853872,-0.8925212997958925,-1.2469681930697432,-0.1499879506954587,-0.3370443345743295,0.1019934105422339,0.1009118664276024,-0.679955261647618,-0.6924644631233479,-0.0008116098690702,-1.379252484400172,-0.5240314834804717,-0.3484226931777757,-0.0252135575892108
2013-06-12,HAL,42.37,42.59,41.6,41.61,6972980,-0.6697932867336365,-0.6613451151498158,-1.0774621019471622,-1.149863440614556,-0.1910146264642109,-0.3762681726027391,0.165304484359479,0.047452469503438,-1.0280688785025067,-0.5891781834244726,-0.0008506254096628,-1.7063458622263212,-1.1678306084547143,-1.381505522342846,0.3915516253420269
2013-06-13,HAL,41.66,43.2,41.66,43.08,7249557,2.1664587784553917,2.124861012095707,-0.1522257254326836,-0.344065434725359,-0.1654645530654554,-0.2362798367614236,0.1369029427816209,0.3573203702018737,-0.5169189844796418,-0.5124826168284614,-0.0015998833649322,-0.5881429194252993,-0.6704189736439099,2.5489003221139006,1.38789901335144
2013-06-14,HAL,43.38,43.5,42.68,42.93,7506206,-0.2497719396344909,-0.2407424883228938,-0.2156090192977051,-0.2220970041171887,-0.1510739338291226,-0.1530134109967374,0.1216352803240554,0.3526719537553567,-0.4756098016370047,-0.4523153995323265,-0.0008182642429972,-0.7022452605274433,2.1665729931186597,-0.8100487620627979,0.0005583401563694
2013-06-17,HAL,43.36,43.94,43.24,43.62,6744630,0.967657250077094,0.962473092161168,0.2550392634028521,-0.1007754548347409,-0.1129084803725491,-0.0252042563767126,-0.0335632833951249,0.1793061316580707,-0.6965172970033687,-0.5624212457844133,-0.0015734992445839,-0.1773744914575772,-0.2502880543175798,0.4267153712330885,-0.2538960805948376
2013-06-18,HAL,43.63,44.47,43.63,44.07,9805712,0.6092808224769712,0.6107026665071532,0.5760225749434177,-0.0176884498969509,-0.0658886659833937,0.0998340399353562,-0.248511559752332,0.195993387122448,-0.6446688989366652,0.0925702109704603,-0.00178870856968,0.1649325318488602,0.9674587297940936,0.7356083969016862,-0.0027983326113995
2013-06-19,HAL,43.99,44.35,43.05,43.05,9389408,-1.473958109050114,-1.4746828938525536,0.0071378876258756,-0.0464231193863897,-0.0696609985207407,0.0691265651634611,-0.421305723074002,0.2533698022858711,-0.7506145393324574,0.0978161888279202,-0.0005918399915801,-0.3727747505950026,0.6089888114616215,-1.640744331051056,0.9253570971695546
2013-06-20,HAL,42.46,42.59,41.62,41.8,11032978,-1.840720709096368,-1.8492066053343983,-0.6920957334909518,-0.2050918817857143,-0.1221333992807424,-0.0807925519062307,-0.4466202593962309,0.3528915978204046,-0.9081434633593036,0.5036832271010726,-0.0006231981914538,-1.4294722850147112,-1.47479358084683,-1.2006966310691645,0.3426625456568795
2013-06-21,HAL,42.1,42.25,41.19,41.79,10240454,-0.0478903103958542,-0.039593653250363,-0.6461752711158872,-0.3940777467921021,-0.1639183027746394,-0.1732184115801841,-0.4385147079280028,0.3360901366071794,-0.7512942904005788,0.3327181065034054,-0.0007726316121271,-1.2732207966930529,-1.841651859351364,-0.5826361090433358,0.5226103126233964
2013-06-24,HAL,41.21,41.43,40.12,40.95,11160285,-1.284413882219097,-1.2820119968872674,-1.101827619558988,-0.5272103991973849,-0.2291465503792819,-0.3075018634922565,-0.3121485819670452,0.3848378592401369,-0.8741519265367855,0.5065862425061378,-0.0008046124071005,-1.2470336643123006,-0.0483537596134944,-0.5029839651162344,1.074769519116349
2013-06-25,HAL,41.45,41.75,40.96,41.15,10536968,0.2710725161599145,0.276885523707096,-0.912027669221058,-0.3880288696719884,-0.2715353298907126,-0.3561402273226434,-0.2631028474073054,0.3729441783069502,-0.919244068244479,0.3466360369997005,-0.0015999449395696,-1.0941977315563272,-1.285199907045493,-0.5731328487590929,0.0086585736902599
2013-06-26,HAL,41.49,41.8,41.2,41.47,8239800,0.4511490845192628,0.454848043023671,-0.6504573973076444,-0.4849775596112882,-0.2908780202329601,-0.3357306815950331,-0.2872378944288171,0.3841147756864113,-0.8753436926211805,-0.1938925869132569,-0.0015633349211978,-0.8496602391467641,0.2706922757304376,-0.0627358254559383,-0.3855241515483391
2013-06-27,HAL,41.67,42.1,41.61,41.84,6786924,0.5224771634704721,0.525197563159138,-0.396791844463969,-0.6564503760584095,-0.2899988716226326,-0.2673523796601945,-0.2809704417836043,0.3238991068122586,-0.4396414845355073,-0.4408327877871134,-0.0015412963168828,-0.566913763548204,0.4508158212036758,0.2819100744700975,-0.615295671733084
2013-06-28,HAL,41.7,42.18,41.5,41.72,9600479,-0.2115563800457164,-0.2026154684323385,-0.4672903672204803,-0.5891208776686154,-0.2923509160014471,-0.2209667732426306,-0.2748545944041018,0.256939425344401,-0.2130982504866892,0.2207112078644911,-0.0007694200655901,-0.6586153232017933,0.5221625077245372,0.009919317327875,-0.2329398085490359
2013-07-01,HAL,42.03,42.62,41.86,42.45,8624055,1.056370384895623,1.049243244527696,-0.0160071108099401,-0.0389257457561039,-0.264136654607288,-0.1051811432361393,-0.2741785628591986,0.2868510380339146,-0.1466891938482682,-0.0154140756931771,-0.0016059203607974,-0.1007641686424754,-0.212062525321283,0.7286620303349708,-0.0992378452584871
2013-07-02,HAL,42.44,43.34,42.41,42.79,9190731,0.4656549051112312,0.4691613326880259,0.1699326384169397,0.2477879070675027,-0.2274697448820547,0.00920433206415,-0.2689542698978254,0.2767790606372931,0.112333472165487,0.1355160878639168,-0.0016880729437313,0.1590569170426823,1.0561950074738835,0.5967542504216663,0.2200105021544158
2013-07-03,HAL,42.77,43.304,42.56,42.65,3772123,-0.2366914216401779,-0.2276896330180874,0.0553349289257988,-0.3800856741116011,-0.2032736703894861,0.0686129970961328,-0.2815692128617638,0.2715608813906443,0.145526620002718,-1.1181503884165414,-0.0010249792229148,0.0520717641134981,0.465325425972521,-0.2382925672038316,-0.1374997668441328
2013-07-05,HAL,43.01,43.8299,42.659,43.71,6014193,1.5143315008754612,1.4952502051048893,0.6685888239402645,0.1158096233411116,-0.1424353720790511,0.2104563824471222,-0.2076968940969489,0.3533546812402287,0.3041572260827132,-0.5520943186005602,-0.0015645989752825,0.8621022077201762,-0.2372041239693489,1.2033102711014418,0.641204400685978
2013-07-08,HAL,44.0,44.2,43.65,43.92,7505370,0.2661160108192978,0.271979965846417,0.7741671513923853,-0.063789780059508,-0.0866531560026211,0.3109168220960951,-0.1397918748988829,0.2894024713419916,0.0911369899057287,-0.1847113180949638,-0.0016971132732377,1.0225799371139526,1.5142755931420804,-0.16368343296454,-0.5476655980535216
2013-07-09,HAL,44.31,44.57,44.05,44.31,8332135,0.5198417216214706,0.5225996988596471,0.9672168594586752,-0.0879715568745214,-0.028464668691449,0.3974788745504662,-0.0198187744810827,0.2828219841737424,0.3435683277819271,-0.0072770623365814,-0.0018459369156187,1.248656909555798,0.2657344773714232,-0.0263165508545973,-0.6132772547673514
2013-07-10,HAL,44.23,44.78,43.89,44.13,7712661,-0.2859061479883779,-0.2768145866435061,0.789490066215464,0.3275868793927138,0.0087688912136658,0.4127908941017846,0.0502055694078957,0.2004100577906432,0.562658361736501,-0.1709174968191869,-0.0005292549522458,0.979205361777089,0.5195263783599249,-0.1971322532296048,0.0894684115553458
2013-07-11,HAL,44.75,44.87,43.665,44.18,7294411,0.0375433150930657,0.0453334711404493,0.7385995082501379,1.2248097106222782,0.0381090995382287,0.4047231586555091,0.0777002841629377,0.162734377467685,0.7396230806196217,-0.2759207036415988,-0.001779482242939,0.9599976446486098,-0.2864316891106567,-0.9886521383734342,0.6817801135569439
2013-07-12,HAL,44.07,44.67,43.9701,44.64,5130797,0.6152315995319626,0.6165600991235491,0.9709627622816348,1.3631834052667495,0.07688262135458,0.4225501568354896,0.1832094690052121,-0.0823082452195775,0.3643479632075374,-0.7844143244937677,-0.0017108036373257,1.2819183830114624,0.0371021532012625,0.9508678725960028,-0.2846422826272381
2013-07-15,HAL,44.67,44.69,43.8,44.11,7297397,-0.772170771417439,-0.7642988291964261,0.6092722021431918,1.636626715733014,0.0840869903836973,0.3555532995559531,0.2283431152195336,-0.0423745722485003,0.2362064519093464,-0.2501527187827945,-0.0004418772654527,0.9110097062020884,0.6149411409136516,-0.97346227930464,0.0902305028310833
2013-07-16,HAL,44.19,44.32,43.43,43.63,5608569,-0.7104809217485388,-0.7022412638000823,0.315427256277893,1.1692045918722884,0.0684209482927397,0.2430877692145789,0.2287666639151949,-0.0672946328220455,-0.1641100195160934,-0.6557592810596391,-0.0007650462412773,0.5750924139973754,-0.7728231658488607,-0.9837503523903036,0.1087302991171056
2013-07-17,HAL,43.64,44.23,43.64,44.14,8307187,0.6947508999754547,0.6947789227679013,0.6251025234397751,1.2233806161809166,0.0735330852947669,0.2065980202384637,0.2338209836142203,-0.0596836673123665,-0.1441490970629081,0.031365557926545,-0.0018463149629721,0.9320045369648842,-0.7111172229640571,0.839308851992218,-0.4773432252087131
2013-07-18,HAL,44.22,44.93,44.16,44.74,9196682,0.8132844847948532,0.8111908622990602,0.9382332382616247,1.284213113893708,0.0983678064665635,0.22817181319386,0.3259723118264791,-0.1728601162790205,0.4090681997876035,0.2563511525776335,-0.0020966791922245,1.3115701259737456,0.694481185795287,0.8621259702545087,-0.1569818879024373
2013-07-19,HAL,45.1,45.99,44.93,45.83,15152532,1.483795661763906,1.4656112025806292,1.4729952835097735,1.5997443371789,0.1574361732756869,0.3335476621096175,0.4782708269666439,-0.3462204247550963,1.248475073227609,1.6519914848371349,-0.003275093513026,1.352270737543685,0.8130456928260791,1.1965837410997906,0.3362630683027064
2013-07-22,HAL,46.09,46.66,44.81,45.08,17306257,-1.0518380269909071,-1.046415881419991,0.9135702545130996,0.9522539483957344,0.1710635033637959,0.3008838949722963,0.4963613405764345,-0.2282539892770168,0.9887505668063964,2.004707111755595,0.0074289204140089,0.6397890229636604,1.4837317880546923,-1.681931717096193,1.8288311449751435
2013-07-23,HAL,45.62,46.24,45.52,45.58,10816744,0.6575323231703282,0.6581813279514566,1.0696953446758628,0.9938116707929616,0.1975675010241335,0.3078972019264782,0.4305498359197368,-0.3970563746939884,1.493053557488991,0.4914765907370378,-0.0025567631383273,0.8130338293090458,-1.052563379057162,-0.0925609920299314,-0.2748381898256316
2013-07-24,HAL,45.64,45.78,44.62,44.82,8235418,-1.0710853036686268,-1.065879117486611,0.4991890904558596,0.6556199546262262,0.1848350280786237,0.2125138475911173,0.2757599198036973,-0.2582717015627682,1.142356263708989,-0.0875300923129692,0.0006574555101502,0.3226417505639148,0.657252899668524,-1.3837324980847785,0.5656461281628907
2013-07-25,HAL,44.64,45.14,43.78,44.34,12299591,-0.6997487873470458,-0.6914515069021993,0.1246701854191258,0.0765648709060558,0.1524008273158603,0.0854952558788822,0.1019866423190617,-0.2026552775965012,0.8489300220169852,0.809986876827014,0.0004418277816467,-0.0517144971998598,-1.0718156768296123,-0.5340570425244182,0.96491354872906
2013-07-26,HAL,46.45,46.5,45.54,45.98,23512096,2.269736963210547,2.223988585405844,0.975622125249378,0.5318640729357988,0.1873835430385217,0.1574103649862988,0.0611567064206573,0.067473038904557,1.285733255973778,2.9339320071583264,-0.0032465867119013,1.0048083170260458,-0.7003822888385097,-0.790780254308233,0.1487201376219531
2013-07-29,HAL,45.73,45.85,45.3265,45.53,11513201,-0.6423069798581387,-0.6337332276767778,0.5916924565412328,0.2349024319556815,0.1934712081948057,0.1405670895315549,-0.1052514952774362,0.1033077623574004,1.1737443749486152,0.36925399908794,0.0022874947851671,0.6603110152533018,2.2698781203632894,-0.356742027174162,-0.6330779114080333
2013-07-30,HAL,45.59,45.59,44.94,45.23,8185985,-0.4432181218914487,-0.4341015253118563,0.330361260754471,0.1878749549120992,0.1826869958638993,0.083664546958611,-0.2273471494384583,0.0855369272741354,0.7943277066118953,-0.3243140264738038,-0.0001379601060111,0.3243894348887059,-0.6429254963331897,-0.6229088442910902,-0.3936330193189792
2013-07-31,HAL,45.19,45.62,44.96,45.19,8360982,-0.088055107830456,-0.0795606214901329,0.2349681959944407,0.1574432750771558,0.1689228277652925,0.0304721580529872,-0.3375016345170739,0.0834193856708486,0.6562603450760307,-0.2799369830885591,-0.0004356188238097,0.25103805462204,-0.4437847014596598,-0.0263165508545973,-0.3741305580244643
2013-08-01,HAL,45.72,46.485,45.67,46.41,9101265,1.647791869058625,1.6246245888114716,0.838394954368822,0.3687780796076956,0.2020037810645551,0.1084967829858626,-0.3924354476684231,0.1982167686019522,1.127280991411633,-0.1757094839398374,-0.001923326115184,1.235169333457414,-0.0885290349591351,1.11390067925748,-0.1277858632694177
2013-08-02,HAL,46.28,46.485,46.05,46.3,5322671,-0.1805587261985136,-0.1717068673223401,0.6956506522892412,0.5335882510551337,0.2196632743398797,0.1312219103050477,-0.357734556837908,0.1041544881036844,0.702762429205036,-0.9476150408274226,-0.0007153292582347,1.072381738731803,1.6477707775313342,0.0063333130868265,-0.8083158258239145
2013-08-05,HAL,46.16,46.25,45.76,46.05,4540304,-0.3691625522232885,-0.3600079649542435,0.4858504192985109,0.6305844945410969,0.2195921806916426,0.1037637866443799,-0.3553851520935608,0.1185431556644129,0.5447805747421638,-1.094449514425695,-0.0008646827544369,0.8150921460504957,-0.1810567850232534,-0.2063576333427183,-0.704526482346041
2013-08-06,HAL,45.88,46.09,45.54,45.85,6140511,-0.3033892569434564,-0.2942751911184183,0.3235766368285086,0.411528266024374,0.2075757684111334,0.0510502431904415,-0.3532770407032614,0.1177986948307755,0.342956050924555,-0.7449684923522513,-0.000792740322283,0.6092604719054536,-0.3697098126931727,-0.0757183284224741,-0.591597125144656
2013-08-07,HAL,45.57,45.8,45.34,45.53,5354333,-0.4675123352991395,-0.4584275290351831,0.096225543167709,0.0980201743882928,0.1816685714313269,-0.0268752322641862,-0.3907987502527244,0.1276034693493697,0.2984457633094873,-0.8971538218355283,-0.0009050899395995,0.2799297932733793,-0.3039193589367469,-0.0926336762971854,-0.7493121427173329
2013-08-08,HAL,45.83,46.5,45.83,46.14,8820856,0.8011221839224385,0.7992563273619996,0.3926815336003943,-0.0692813621131141,0.1813571537095093,-0.0233325174393169,-0.4013511453017487,0.1573215683250182,0.4840766278323389,-0.1696763371345631,-0.0017385857858993,0.9077163994157698,-0.4680852525715867,0.4847254172829956,-0.3811293677625806
2013-08-09,HAL,46.18,46.49,45.72,46.03,5217295,-0.1814222269451433,-0.1725676784394955,0.2879576282147584,0.2114505385346956,0.173089822137608,-0.0409767308715409,-0.3975620626023342,0.1453542139396721,0.2898327239092886,-0.9359858933491636,-0.0008856053025953,0.794508978635995,0.800880219137798,-0.2717207902238135,-0.1971796109492331
2013-08-12,HAL,45.73,46.19,45.6175,46.02,5256032,-0.046521578028581,-0.0382321169446648,0.2261395658490302,0.0104579239922911,0.1625741526638028,-0.0608792846725492,-0.4531512832371619,0.1023394246996012,0.4684629636861387,-0.9156505044979312,-0.0009239672455838,0.7842173949287448,-0.1819205110339098,0.4528003898087918,-0.5545433272731712
2013-08-13,HAL,46.19,46.99,46.15,46.58,8431966,0.7245985027806188,0.7241129042315826,0.4625998259616906,0.6341324416483674,0.1725938675623882,-0.0239436018475631,-0.5690482927841036,0.0789306343666848,0.8255398066269019,-0.2604659665015348,-0.0017013711610247,1.0360386237297714,-0.0469846701809078,0.611596335323869,-0.088397284239249
2013-08-14,HAL,46.67,46.99,46.53,46.82,6822659,0.2877838839482818,0.2934222531200889,0.5217637208788143,1.0167997737543244,0.186138091379133,0.014676969694703,-0.6159730342515799,0.0627690465599012,0.7242301800821539,-0.589609320690617,-0.0016873095561674,1.2668317548828456,0.724336575034017,0.2165111280412757,-0.772511526808153
2013-08-15,HAL,46.5,46.78,46.27,46.68,6940017,-0.2191584789722704,-0.2101980840140361,0.3845921813248681,0.2633083096008057,0.1875046217979728,0.0142282537566148,-0.6265019009633372,0.0415843611102854,0.4693559976626428,-0.5467637548662745,-0.0007041896030049,1.1218518747451665,0.2874080030633865,0.2661419723472217,-0.6807875189721456
2013-08-16,HAL,46.58,46.98,46.54,46.95,7932250,0.3271082869529391,0.3323182894602465,0.5064585020609704,0.7662371372401581,0.1952665759987713,0.0303309917261462,-0.5611045244188455,-0.0816597752967068,0.1914350175692885,-0.2640540858015316,-0.0017581959139708,1.4014559292964073,-0.2196666074301596,0.5738157056798437,-0.8102807023079335
2013-08-19,HAL,46.83,47.19,46.55,46.65,12593021,-0.4308109791448582,-0.4216818329873197,0.2891243700417225,0.7662371372401581,0.1857736685568309,-0.0012005347308342,-0.5674441654008491,-0.1493455242258036,0.3440111324476115,0.857870653764508,-0.0002376549930269,0.9164687726565386,0.3267426647428698,-0.3167141876020795,-0.447955198037432
2013-08-20,HAL,46.6,47.665,46.4802,47.35,15040222,0.9012081637865604,0.8973996180963992,0.6370586042291763,1.073755342303493,0.2017773094544947,0.0392019206164527,-0.4852939246020161,-0.1261195868632801,0.4028432049045649,1.3403366298912835,-0.0021239413307125,1.1733505194272802,-0.4313743220245697,1.1896456566636973,0.4940456876408748
2013-08-21,HAL,47.22,47.5,46.91,46.98,18657549,-0.5194896834841016,-0.5105050124764462,0.3633347277833481,0.2118328219005857,0.1959438682307142,0.0153156114306516,-0.5237959931626555,-0.1951365682049405,0.5403085692432948,1.924104394702922,0.000359084254017,0.85676180157561,0.9009923087313406,-0.4103154589128981,-0.5446847558201384
2013-08-22,HAL,47.19,47.97,47.01,47.82,22194651,1.0801744869356529,1.072505315532779,0.7390062521723827,0.7212813508597081,0.2201457112417223,0.0735168686564946,-0.5746334504093993,-0.1882522607137686,0.9851886417130372,2.4427935078349616,-0.0024508660495662,1.2783153097452395,-0.5200761602430919,0.982321394707944,0.0817673767717092
2013-08-23,HAL,47.31,48.77,47.1499,48.71,39570524,1.1257169091384935,1.116986373742887,1.1623087645169992,1.2206215570103338,0.2695490242868706,0.1849460244714354,-0.3402872884065945,-0.4547933355824592,0.7045169647079553,5.360862628819152,-0.0050573181494395,1.390802801214673,1.0800053193613288,2.209415836054258,1.1806023150650748
2013-08-26,HAL,48.73,49.37,48.38,48.44,11125727,-0.378092945630565,-0.3689382396895117,0.9242247711758586,1.1664614299666716,0.2930018034623615,0.2072931216713459,-0.2391763652292623,-0.484664379749559,0.7711977504490161,0.0415437438235584,-0.0041066457075918,0.7450257432038299,1.1255596223522928,-0.4759372710790228,0.1119678140668566
2013-08-27,HAL,47.98,48.72,47.68,48.13,13077094,-0.4314269188683586,-0.4222983369575958,0.6654480041871274,1.174115987830497,0.2942994143118619,0.1681437775528734,-0.2386207162672076,-0.4858789654220898,0.7741766784805265,0.352990883231175,0.1041397629588177,0.5081882518689228,-0.3786425357989326,0.2098811934986943,0.2095174376779835
2013-08-28,HAL,48.07,49.28,48.05,48.9,9910743,0.9630290737965308,0.9579429423900566,0.9893111885619468,1.2179444038082052,0.3202439036778154,0.200264943272915,-0.1856361977009593,-0.4420153500139372,1.0382565911820876,-0.2401265633172079,-0.0032920456299329,1.0551950493149778,-0.4319904224301111,1.2781973181528918,0.5049799202389322
2013-08-29,HAL,49.0,49.05,48.23,48.54,10600179,-0.4913374234093301,-0.482293079424308,0.7264303410383838,1.037457484516783,0.3212379011713475,0.1617397392824532,-0.1164055466855093,-0.5981116269503803,0.5065663701333953,-0.1275633036921425,0.0071368678001598,0.7582458300893458,0.9628293461473182,-0.735578207463093,-0.1834231050623691
2013-08-30,HAL,48.25,48.4,47.915,48.0,9777097,-0.7256070906255013,-0.717451840725039,0.3767001428731152,0.7003211256403543,0.295669180895811,0.0625475978194681,-0.1095948732963565,-0.5434739941907326,0.3717700088439077,-0.31092608705267,0.0006802158241545,0.3128220012508972,-0.4919165560038916,-0.4177765775927842,-0.7492339668071569
2013-09-03,HAL,48.35,48.54,47.98,48.3,6959046,0.3561166913144062,0.3609950486131976,0.4797288801226607,0.615425084173677,0.2822625879066667,0.0144989909179111,-0.1113903011526568,-0.5574255623693697,0.550106902974774,-0.8234656547177486,-0.0020512036875331,0.560279683938922,-0.7262473378500119,-0.1044466285800126,-0.6250530671832039
2013-09-04,HAL,48.85,49.41,48.4801,49.08,9141997,0.9724132581675838,0.9671280209335898,0.8202738805516121,0.784529749767221,0.297212932793662,0.0490503753360741,-0.0825518909566788,-0.5156554159057539,0.8671480218081676,-0.4611516416069512,-0.0027414207924611,1.1733505194272795,0.3557586366136907,0.3294032155099445,-0.0122964957493612
2013-09-05,HAL,49.28,50.14,49.24,49.77,9242053,0.8422697653024033,0.8396240589292622,1.0796720542649425,1.042998320203701,0.3307082355022037,0.1244258850589508,-0.0466156539252956,-0.522040719375402,1.200214022344314,-0.4700438291346586,-0.0045365859570956,1.1709169680350722,0.9722159785986628,0.7249085856841704,-0.0842559209730021
2013-09-06,HAL,49.84,50.275,49.3799,49.54,7976015,-0.320706483571555,-0.3115749822226106,0.8556130698878615,0.8492670526072527,0.3425567880798053,0.1290079306406872,-0.0190992750955698,-0.5260691400081108,0.9147568682836076,-0.6808322730118539,-0.0164554352837078,0.9182897172985798,0.842038534810594,-0.4810825128959565,-0.085502278966163
2013-09-09,HAL,49.24,50.485,49.235,50.26,7856278,0.871844227416133,0.8686217634178552,1.1294875968069902,1.1799322360787337,0.3742723865360597,0.1838110011941779,0.0413496726982061,-0.5026395143343781,1.182166857860019,-0.7161215322730425,-0.0045863107771124,1.289218588674742,-0.3212411031616377,1.5387285519821037,0.4814193151855951
2013-09-10,HAL,50.34,50.5,50.0,50.32,6717097,0.0413271214909726,0.0490921523635917,1.0394986305317109,1.0383346794832546,0.3955131950263379,0.2006915285840269,0.0552399720748621,-0.5064447971226095,1.204799515494951,-0.9155970024913186,0.0127176563696031,1.3053264127125073,0.8716207121028591,-0.056333152030792,-0.7632152019434431
2013-09-11,HAL,49.4,50.34,49.33,50.19,10282587,-0.1938375548723567,-0.1849456583587276,0.866701531441125,1.1837187643245033,0.4009128434181837,0.173421077102017,0.069985429599922,-0.5127717236750873,0.970746402824894,-0.3297000105038439,-0.0047866182555556,1.1992626111509994,0.0408869466920805,1.1819002563674932,0.0857884294696405
2013-09-12,HAL,49.44,49.715,48.96,49.2,9579340,-1.261038623717016,-1.2582926212983354,0.2640377827758548,0.3885718018421513,0.3603796573959665,0.0333743908506832,0.0108077405354866,-0.346625527146969,0.5790840894509557,-0.4649194032928741,0.0106782056223831,0.4212626768559509,-0.1943390777849155,-0.393072789497648,-0.3124143726002633
2013-09-13,HAL,49.28,49.74,48.98,49.69,6619083,0.5870535174016099,0.5888191193172876,0.4460342364712603,0.2458702528552156,0.3419036818814879,-0.021888078009857,-0.0595574450221992,-0.3418183499569401,0.7795349194003427,-0.9515350838090172,-0.0027982246000355,0.7730476547929087,-1.2618185505696955,0.6022595838002821,-0.3166397976677232
2013-09-16,HAL,49.98,50.38,49.62,49.82,5518069,0.1298847151454274,0.1369966075690938,0.4371065181056839,0.4365539661657192,0.3269129810894606,-0.0571270159603631,-0.1198898559668411,-0.3438927018141022,0.7302950868715179,-1.1242218756390003,-0.0041931947343661,0.8805514111657462,0.5867557078825931,-0.268179008351095,-0.3199659504763161
2013-09-17,HAL,49.72,49.99,49.29,49.67,7998630,-0.2204449716905364,-0.2114813714678741,0.2739538236493177,0.5266979170973675,0.30392974551358,-0.1058908132659954,-0.2591235934034142,-0.3599134655531075,0.7832921723747666,-0.6848871583212385,-0.0689904074047727,0.756508615350937,0.1294676426313069,-0.1022938086587665,-0.4168000123395097
2013-09-18,HAL,49.72,50.25,48.98,49.75,9290587,0.0672786297867582,0.0748651905750033,0.2515896818195269,0.2542737538106009,0.2838951103600889,-0.1373122043822923,-0.3362256471769298,-0.4049920184385506,0.57693105121674,-0.4262094070922231,-0.0046039584115541,0.748411857184009,-0.2209534357596352,0.0192698038279083,0.5361714000064246
2013-09-19,HAL,49.98,50.03,49.41,49.54,9058401,-0.2957937892768568,-0.2866888955159526,0.0702590285822591,0.3467194040827318,0.2551158785054757,-0.1849577586491502,-0.5086856427511722,-0.4246264392978189,0.6328118277871622,-0.3985842931926604,-0.0167646420292162,0.5284907075095636,0.066845225035585,-0.6914383089699766,-0.5483014378804351
2013-09-20,HAL,49.7,49.885,49.315,49.34,10457551,-0.2843405626260955,-0.2752512567032938,-0.0770864422116827,0.57616138621809,0.220202506686484,-0.2388633727340875,-0.5953670798610409,-0.4925712752175905,0.2993477108450016,-0.0385988850817278,0.0026588301207782,0.2918532355118065,-0.2963219098177415,-0.5735729423590074,-0.6285292137642241
2013-09-23,HAL,49.2,49.34,48.35,48.39,8823179,-1.2317219373291584,-1.228557190252562,-0.5748665723512907,-0.1433498427965732,0.1517007079591792,-0.3684438966521891,-0.5747590940049742,-0.4677007210443698,-0.2639601327526779,-0.0630132767078969,0.0001255515836245,-1.044363461992809,-0.2848656953294303,-1.270156916301364,0.1137277765706409
2013-09-24,HAL,48.4,49.11,48.1,48.75,7451438,0.4301759656172025,0.4341474411185105,-0.3911730132690186,-0.3693836628865857,0.1086321820494093,-0.4066435093783418,-0.5934344819960975,-0.4600614976045195,-0.0734878838440517,-0.3361689687789316,-0.0020166701493066,-0.6199998614682359,-1.232494216250028,0.5200290029917792,0.1353277474232079
2013-09-25,HAL,49.2001,49.2727,48.62,48.88,6331815,0.1330253902778513,0.1401118289675911,-0.3417199832933846,-0.7319113356879596,0.0770321782392119,-0.4076834211011599,-0.6486597895543503,-0.4747298616728568,0.0613805640780161,-0.535086853674281,-0.0021547146557151,-0.6403607412913809,0.429837230981253,-0.5178628369366622,-0.4784642669525485
2013-09-26,HAL,48.87,49.25,48.5103,48.71,5833970,-0.2495235875434829,-0.2404946358186882,-0.4272289258909764,-0.7016787727469155,0.0431054577790685,-0.4145042790828432,-0.6395573708438864,-0.552928560793184,-0.2245412525448681,-0.6194956133994745,8.88447988011148e-06,-0.8589722930767695,0.1326091370810619,-0.2736725079995728,-0.3257268233682976
2013-09-27,HAL,48.24,48.5,47.96,48.39,7766794,-0.4419997794414608,-0.4328818402220967,-0.5937071697375812,-1.4498115298538328,0.0019063704662875,-0.4386799125558818,-0.627704392375012,-0.5567175183552496,-0.2128618369759754,-0.1144391741192338,-9.434385293684972e-05,-1.2704763905551442,-0.2500396374382178,0.2086081542463644,-0.6612957114541257
2013-09-30,HAL,47.94,48.49,47.46,48.15,6375327,-0.3417773821643023,-0.3326311868682197,-0.7254287579670632,-1.5942016390863725,-0.0414083642313579,-0.463466059282898,-0.6452016787836835,-0.5921072299938026,-0.1215814824680566,-0.4263411010116397,-0.0005759665722146,-1.1268010547116756,-0.4425660411770268,0.3046362001612302,0.1914608350303333
2013-10-01,HAL,48.11,48.74,47.99,48.6,6485322,0.5488547746920298,0.5511930648872096,-0.4936776562704759,-1.150960485512628,-0.0590411202324473,-0.417190005604958,-0.6703440141588768,-0.5754679664755638,-0.0762561452511274,-0.3935178286149165,-0.0017895740770895,-0.6347347087086718,-0.3423174985828285,0.7431778313659488,-0.3051995285818417
2013-10-02,HAL,48.43,49.1,48.2,49.09,5823880,0.5947084502467301,0.5963565374796405,-0.2330972105068577,-0.2631571838622978,-0.0547954394326129,-0.3238544429658997,-0.6705689822576147,-0.6323394797292037,-0.1644845802103554,-0.5302411987042569,-0.0018543148839381,-0.0989291319498461,0.5485470001525605,1.0032968748301128,-0.0633798520433755
2013-10-03,HAL,49.06,49.29,48.11,48.4,6842231,-0.9080835532170982,-0.9012416172973192,-0.5645594239720454,-1.0206909272639435,-0.0793673343427044,-0.323361936648524,-0.6447268380256536,-0.6460255092838273,-0.5717480535932505,-0.2376253461617514,-0.0003210464270548,-0.8534308624877863,0.5944126376929785,-1.042708279470792,0.4405400226090677
2013-10-04,HAL,48.4,49.4,48.07,49.06,5639811,0.8159771955652796,0.813832835112143,-0.1999765360816394,-0.6280639714966356,-0.073712450407178,-0.2451647231883713,-0.6479549912072524,-0.5740400580718478,-0.3097769854174206,-0.5320317995492478,-0.0018130083392921,-0.1317335550167142,-0.9087714036230972,1.00393506497,0.6680185932336491
2013-10-07,HAL,48.74,49.52,48.6,49.02,6683156,-0.0837567748075756,-0.0752822267133035,-0.1883293300152996,-0.5727920330235965,-0.0716750536671712,-0.1919183021878664,-0.7046383738569175,-0.6605714371288512,-0.5298191980762241,-0.2382269118319681,-0.0003921156126991,-0.1754727857725355,0.8157391060520314,0.4077109387829016,-0.0271951669203303
2013-10-08,HAL,49.05,49.635,48.49,48.66,6479366,-0.4902154126863118,-0.4811689567559967,-0.3366147656677412,-0.7984003184459387,-0.0849453713951701,-0.1887229589116939,-0.7732092389460435,-0.6498916212734238,-0.651969640500733,-0.2905101823490811,-0.0006115084807992,-0.5152007835609174,-0.0842295806172413,-0.6270341087054304,0.3697382411277075
2013-10-09,HAL,48.92,49.08,48.08,48.56,7398042,-0.1609410440763105,-0.1521535140554401,-0.3468874961978431,-0.7485805558846865,-0.0999418293584888,-0.1906097395416293,-0.8413166128783618,-0.6501692808376982,-0.6444459816892585,-0.0024216417770448,-0.0006555540611435,-0.6290426170349688,-0.4907942525785746,-0.5822986166307458,0.1249211416091059
2013-10-10,HAL,49.01,50.11,48.9601,50.0,7196766,1.813206057400373,1.7846002501392486,0.4028042688684283,0.1148571204955492,-0.0562027913033336,-0.0409350084029911,-0.7835818788721676,-0.4654503974058944,0.071328733512175,-0.025125218506509,-0.0017141486170244,1.0102797849914629,-0.1614339851775414,1.4998264262697754,0.3253491800133835
2013-10-11,HAL,49.7,51.04,49.54,50.67,8186921,0.8012616594292549,0.7993932039219224,0.7344100141834019,0.9086904234091976,0.0030971422936641,0.1188582537577923,-0.6647120983241129,-0.4414649846373291,0.1221752645751879,0.2279433753833104,-0.0018887552671054,1.0993180905019042,1.813228117967969,1.4482353929211742,0.8758418542166171
2013-10-14,HAL,50.35,51.42,50.14,51.35,5788472,0.802517386966719,0.8006255189643975,1.0553460586803014,1.0005526391416717,0.0743019493308633,0.2773358027836815,-0.4653291785863206,-0.3954684678147769,0.2835551812197047,-0.4406914771547822,-0.0018380834506707,1.3841179674401145,0.8010197310300077,1.474215428499326,0.4861113438320273
2013-10-15,HAL,51.24,51.505,50.5,51.16,7407137,-0.2633568439227846,-0.2543015767997231,0.912539335213086,0.8445182618636756,0.1201732796481632,0.3389099090334267,-0.3294331384864942,-0.3933572829006472,0.2730899675878571,0.0160669394163634,-0.0002727669300085,1.159357706354152,0.8022757861528766,-0.1442740608631456,0.0458450508114754
2013-10-16,HAL,51.35,52.12,51.03,51.97,7707204,0.9527156530751236,0.9478467713768076,1.2820751432786173,1.15628780175063,0.1845808275436503,0.4358810989856231,-0.1066800762742979,-0.3340192002578022,0.4878826468844304,0.1231458825267625,-0.0019905711448504,1.3358772005584718,-0.263876502540555,0.8858958503039468,0.1566371649910649
2013-10-17,HAL,51.91,52.01,51.49,51.72,6323304,-0.3324863138741858,-0.3233457151659018,1.088421965275586,1.1987797610699529,0.221535502578406,0.4427948287945012,0.0412090169899149,-0.3316365630106116,0.4788023791119629,-0.2315333006473034,-0.000402799999381,1.1575412811677803,0.9525132349329488,-0.3028497656588574,-0.7534034268393885
2013-10-18,HAL,52.39,52.93,52.1,52.47,12041972,0.8698177257791868,0.8666352157192742,1.3986533911703127,1.4902285050809658,0.2754675139446297,0.4920251841004896,0.2502931484543561,-0.3036160661035941,0.7641991749812019,1.369471512609641,-0.0024706051549054,1.1633314931026577,-0.3330240065038914,0.0890517028739285,-0.2729912682385697
2013-10-21,HAL,51.07,51.84,50.4,50.66,14530267,-2.18064322949018,-2.198356803268419,0.3797103772617876,0.4899351258116026,0.2424839861238798,0.3076903666955766,0.2324311101016634,-0.057299436164992,0.52147670613819,1.9163380297382413,0.0014146231416802,0.0633737997258891,0.8695936818063595,-0.6328611350682845,0.7776227486654456
2013-10-22,HAL,50.91,52.08,50.9,51.78,10409463,1.3434153663128527,1.3291710336090423,0.887940253788553,0.6392051263554476,0.2557780193777137,0.2793401583272162,0.2929642080229364,0.030254381322419,0.7453485895809066,0.7376260017331411,-0.0022152300172973,0.7440106044673169,-2.1816630563514656,1.2647864365665242,0.3079077312115778
2013-10-23,HAL,51.48,51.52,50.56,50.74,8746722,-1.283447163146746,-1.2810308661890968,0.2908451823337906,0.5060285310379379,0.2211384941638983,0.1332798372945656,0.2811892310176495,0.1507159221112984,0.3913811129735697,0.256536023548697,1.5303243349872804e-05,0.1119907143502798,1.343314871175391,-1.1123367726639883,-0.0145161573169428
2013-10-24,HAL,50.945,51.19,50.17,51.1,6222160,0.4087243649003724,0.4129674127021642,0.4159094228898168,0.4358188953626571,0.2038089257224823,0.0609871112163548,0.2648511639162984,0.1486094130500164,0.5531318236156786,-0.4116564822379945,-0.0018584923166616,0.3307668301600233,-1.284232935782241,0.2035495145075175,0.0722314113409685
2013-10-25,HAL,51.26,51.81,51.23,51.69,6718950,0.6858345268927373,0.6860132871926212,0.6361579517778323,0.5845496667486412,0.2091874178442841,0.0616030873329834,0.2411951250941445,0.1446841001006752,0.8340856336829446,-0.2692355303985567,-0.0020972683881835,0.6893165755148787,0.4083800341210757,0.6074576906397863,-0.656177867565953
2013-10-28,HAL,51.76,52.18,51.54,52.03,6784004,0.3765170687594172,0.3811542424471634,0.7092226084128732,0.7892744924298148,0.222569048823919,0.0826958098753923,0.1901615962211848,0.1293415595157994,1.0159874766871495,-0.2568238750670438,-0.0024894298905711,0.8372586340353473,0.6855624866716103,0.367790520113856,-0.5661816750866281
2013-10-29,HAL,52.13,53.29,52.09,53.25,7821295,1.4268310902995478,1.4102817285594675,1.2169187835078172,1.037153990722581,0.2763067253775487,0.2034457545029845,0.2606608088286404,0.2062561168178165,1.2377176029678525,-0.0013155198788465,-0.0038523800313106,1.417406096733557,0.3761643359662845,1.5968946400091328,0.2867799694835778
2013-10-30,HAL,53.4,53.9447,52.76,53.26,8665441,-0.0213043928172237,-0.0131528658348249,1.109043253808581,0.7871563444062382,0.3139723598847848,0.2586765506516613,0.3256890112490949,0.2032415203339269,1.08008694296343,0.1783628316414485,-0.049694260056003,1.0554432918822532,1.4267523560719124,-0.2243923920992762,0.2624860118686137
2013-10-31,HAL,53.19,53.673,52.84,53.03,6521158,-0.3018535087796949,-0.2927412225075584,0.8664885194866363,0.5507453907771568,0.3292789886649778,0.2453094917308749,0.2624638666924894,0.1433297775878005,1.2374553699134998,-0.3682076025246616,-0.0034581428024223,0.9252984753619604,-0.0217609064868949,-0.2535826840690164,-0.2821982019537602
2013-11-01,HAL,53.17,53.35,52.6,53.23,5705726,0.2018070401034097,0.2082967610285985,0.8581334138148513,0.4320007024768099,0.3436235107195123,0.2321393984446975,0.2430125679910973,0.1239838714073076,1.0808498234522266,-0.5783983088287722,0.008366327182376,1.0377783131576153,-0.302383210137761,0.0589403065768082,-0.4170679453799675
2013-11-04,HAL,53.33,54.06,53.0,54.04,7673694,0.9143834492242504,0.9103075890874048,1.137870543993526,0.7004906153321576,0.3807841264311138,0.2803315561187727,0.2533858780575905,0.1431978236144251,1.3365311812962897,-0.0851511103691612,0.0016533597281049,1.43176108818806,0.2014087301816774,0.9795294544694942,0.0434153816664453
2013-11-05,HAL,53.71,53.77,52.85,53.13,7257160,-1.0813826848671364,-1.076294550727794,0.5580475828173763,0.1655558300469422,0.3684768469160611,0.1915557715154081,0.0891346795389782,0.2152082373035424,1.181657377187704,-0.2005484586937142,-0.0025829777788833,0.925907375968552,0.9141710312452151,-0.8421801776107414,-0.1481921381413356
2013-11-06,HAL,53.39,54.5,52.72,54.4,14478199,1.4551972116668097,1.4378398158571395,1.0470640327766323,0.5517568919427582,0.4023704739285184,0.2394554819036973,-0.0497626095494099,0.2802463278594442,1.5987802411254377,1.4772498075084746,0.0039284820993625,1.3828743922325522,-1.082115744336806,1.40292680955137,1.1356380360134852
2013-11-07,HAL,54.83,55.365,53.28,53.9,14590124,-0.6052206524136321,-0.596496963661351,0.6938043058500692,0.2157507480394256,0.4032095142747561,0.1926933131574711,-0.1015942056902969,0.1886209876412481,0.9780739127176864,1.35332121630696,-0.003062694947562,0.6068399620893218,1.4551258773942393,-1.3077894707750266,1.632529371553784
2013-11-08,HAL,53.83,55.32,53.77,55.32,10028909,1.6071971526436852,1.585301308301481,1.283715178617959,1.181294642756779,0.4528432206627124,0.2808802085704716,0.0306151895081547,0.27758305272041,1.180311786428496,0.2666451906822865,0.0023916765029146,1.414249437516347,-0.6058294940673336,2.0649366516180114,0.743786941172494
2013-11-11,HAL,55.29,56.15,55.19,55.3,7364729,-0.0555043718653627,-0.0471682306397429,1.1701561157863336,0.97371711903639,0.4841144680178781,0.3041650714531364,0.1527098537388305,0.2636381619645259,0.9622576286210102,-0.362350884835587,-0.002398304698983,0.9703780319878482,1.607165471051103,-0.0126519125546417,-0.1445386400174319
2013-11-12,HAL,54.96,55.08,54.2,54.46,7469880,-0.978687751890864,-0.9725006036268816,0.6672735802844882,1.0679629265716508,0.4687389565964928,0.2027250076744307,0.1502325602946123,0.327238641650841,0.7798571669900908,-0.3389421380462698,-0.0032510556355384,0.5034361437852254,-0.0559698073860299,-0.7136508408879857,-0.2446482454228491
2013-11-13,HAL,54.19,55.54,53.72,55.54,6868400,1.2016473741070262,1.1910763044699568,1.1106009496003728,1.1968196324706537,0.4916937547402678,0.2202345136306573,0.2624396051950213,0.3513973272882127,0.8413932019222169,-0.4687894765505933,0.0054396177945695,1.1037900000457423,-0.9793940210256982,1.8558556205171444,1.1396873294853282
2013-11-14,HAL,55.63,56.46,55.282,56.26,8049705,0.7740941081722111,0.772726172725713,1.3482082482375888,1.2180189767477807,0.5304112610713263,0.2748150579207498,0.3989615552011985,0.3526534519083527,1.1217135919202623,-0.2157410512807334,0.0010554405684768,1.3371814060102931,1.2015098955287065,0.8292941744931609,0.1537086659268118
2013-11-15,HAL,56.47,56.52,55.8,56.23,8752169,-0.0661944277825438,-0.0578044153799698,1.2360373607946709,1.1473928347389464,0.551856892428853,0.2740219844996351,0.5232180358425951,0.3337959228146507,0.8849611327906562,-0.0187304073880269,-0.002609554724385,1.291065737097084,0.7738450924924747,-0.3474149825619281,-0.5241814724558879
2013-11-18,HAL,55.99,56.13,54.06,54.33,9193530,-2.1366821758509005,-2.1530913612950093,0.2121806271835777,0.1311416610965911,0.486769694074327,0.0506535117132896,0.3772613965257836,0.3226065859949908,0.8964716632423109,0.1504727001960756,-0.0040718564165081,0.2964287416418505,-0.0666626520501251,-2.266287320034461,1.584004251147044
2013-11-19,HAL,54.1,54.6,53.565,53.76,7989372,-0.6861725822416425,-0.6778051021821624,-0.1150937500343332,-0.048686106177681,0.4063743409113122,-0.1674441934688417,0.3046167696731797,0.281220847214336,0.3941176436883274,-0.1093314076908738,0.1254379459489382,-0.0019623569947199,-2.137690534460418,-0.5011336849499777,0.0131736688888593
2013-11-20,HAL,54.33,54.33,53.3,53.58,5676910,-0.2414492936049772,-0.2324371246191467,-0.2719200704635757,-0.0339171397502977,0.3300753875149674,-0.3313782951330836,0.1096309121903991,0.1772497268798257,0.6545530193862008,-0.6436107094742747,0.0006870158679437,-0.0961911249852157,-0.6868025420678069,-1.0692732758748908,0.0107866824476541
2013-11-21,HAL,53.63,54.36,53.42,54.2,6543957,0.6874217107579097,0.687573729399714,-0.0456795454914573,0.0739357171959538,0.2889810745196708,-0.3719094381065189,-0.079991558068924,0.1900749404446503,0.7234878938655139,-0.4328564124987076,-0.0025548207151845,-0.0149853625266938,-0.241963237134462,0.7766765041793006,-0.1459289241282401
2013-11-22,HAL,54.54,54.54,53.88,54.5,5717986,0.3116056405197689,0.316987433190373,0.0313804525326074,-0.058166185979042,0.2634867733469698,-0.3641801906021075,-0.2293126663352858,0.1748809637528014,0.6309212732806803,-0.6276037222243066,-0.0034173386327773,0.0945159598969338,0.6871500845901928,-0.0817267343239545,-0.5820584476876346
2013-11-25,HAL,54.37,54.53,52.6,52.7,11316990,-2.089224804472638,-2.1042629769633527,-0.8562064848982194,-0.3016095792354382,0.1688002570706021,-0.5360963631580549,-0.2979857409434642,0.4272822912931553,0.0216444836388133,0.68374926401534,0.0186436497442892,-1.423571241719152,0.3112359740878793,-2.3469249970194785,1.460817621366516
2013-11-26,HAL,52.61,53.32,52.31,53.18,8794129,0.5340600859676051,0.5366140380041677,-0.6222039599605664,-0.5326450863545527,0.1096906284037585,-0.5820550049383301,-0.2939317137459545,0.3340972385755912,-0.1867832119905016,0.0633825132551615,-0.0031351980454198,-1.1943579069657693,-2.0902207827355035,0.7922448926251204,-0.0085057761790148
2013-11-27,HAL,52.92,53.58,52.16,52.42,6461378,-0.9227310655962536,-0.9160182309854268,-0.9704283064373372,-0.5957716069532512,0.0308833983371801,-0.669523205278838,-0.2302436547789931,0.3746731006291754,-0.3991085981433243,-0.4751824398545354,0.003128614375469,-1.6830717761360612,0.533748451893364,-0.7401467205491368,0.6662880810176471
2013-11-29,HAL,52.64,53.34,52.04,52.68,4336524,0.2758000223742806,0.2815640741914395,-0.8362248392656502,-1.0026439271933216,-0.0227730613581433,-0.6747601155764692,-0.2054085075187996,0.3775145376710516,-0.2644087304298083,-0.9771655564569096,-0.002382006414643,-1.4064197084721088,-0.9234227371426904,0.0310936202399834,0.4653032252132109
2013-12-02,HAL,52.83,52.98,51.71,52.01,7671537,-0.8248123893699902,-0.8173034570205383,-1.1324905580579063,-1.1384217435988002,-0.0922966658770192,-0.719791401443605,-0.1103369224484425,0.4035496458211903,-0.5040839460002158,-0.1788618683822194,0.0021763407650305,-1.673973375429912,0.2754210152235132,-1.198992375794697,0.443724959486821
2013-12-03,HAL,51.91,52.33,51.3,52.02,9242454,-0.0210256455322668,-0.0128757000115353,-1.0804317795907492,-0.9554345151186264,-0.1470026516829473,-0.7176761346497909,-0.0100482522217337,0.3473877238425192,-0.7164560397766707,0.1821032430426794,-0.0030882480477577,-1.4227949869816745,-0.8254785165779994,0.133781626137354,0.0588315210495209
2013-12-04,HAL,51.62,51.72,49.96,50.62,17674814,-1.7085295397454705,-1.713956861283472,-1.7035963722263427,-1.6834584323032222,-0.2443350199773894,-0.8257034959434005,0.2150896778896722,0.429105356867081,-0.8613079169824858,1.9644314730047008,0.0092922796668178,-1.5468576915435053,-0.0214820864842985,-1.489931141332514,1.3063432696272552
2013-12-05,HAL,50.49,50.9,50.21,50.48,9211727,-0.2051834245175438,-0.1962595615422946,-1.6819967665144298,-2.0563424799001693,-0.3249319379492882,-0.8690486239424005,0.4200898233229398,0.2796931940616528,-1.2257724297109354,0.1086145907881424,-9.78789568021371e-05,-1.617800590208437,-1.7094262048940787,-0.0412802635027472,-0.4521560530968913
2013-12-06,HAL,51.06,51.1,50.35,50.56,8582778,0.0656696265181654,0.0732675644353021,-1.565718957347526,-2.0108165771867474,-0.3829389831456702,-0.8455787826933884,0.5840254405019524,0.2775332412368533,-1.0775525599402755,0.033802317807819,-0.0019978646444375,-1.5772617909713305,-0.2056879072611087,-0.7661499347213232,-0.355057197930416
2013-12-09,HAL,50.7,50.75,49.73,49.91,9755982,-0.8333861612098576,-0.8259406511151143,-1.7601545845508482,-1.833325492541207,-0.4509885684333689,-0.8526522350107638,0.7279320615352814,0.0874608785295642,-1.6037429094782722,0.3217219497421158,-6.345274295978697e-05,-1.7931801524455362,0.0652358020214889,-1.2035534399427987,0.1118954229023014
2013-12-10,HAL,49.56,50.04,49.14,49.43,13570312,-0.6317509618919634,-0.623132252645784,-1.8616994967908,-1.818359117863509,-0.5195165341763376,-0.859542339921394,0.8715286330522849,0.0862881594384528,-1.7264289510267683,1.128615331021839,-9.154140428767278e-05,-1.750677765485608,-0.8340545250834134,-0.2244951640681022,-0.0738896836297351
2013-12-11,HAL,49.56,49.96,48.82,48.99,13104783,-0.5871845216957303,-0.5783960049046456,-1.9537102387795795,-1.8606867634291109,-0.5860820686106468,-0.8600031594439084,1.0558942674593217,0.0662914707516959,-1.6426041231488309,0.9230548655785616,-0.000456956328605,-1.8079117642930849,-0.6323667245869823,-0.8952535472522558,0.3480224868716532
2013-12-12,HAL,49.06,49.85,48.85,49.59,13261501,0.7295028852836167,0.7289315623932889,-1.5143645438275573,-1.8721318793608457,-0.6098880854142635,-0.750309552769162,1.0629817367268712,-0.0125912799038596,-1.7408469467262984,0.8547212360125421,-0.0018624061966708,-1.5488846315053573,-0.5877886582099758,0.7898768069735562,0.0892741887989884
2013-12-13,HAL,49.26,49.7,49.01,49.39,9402877,-0.2840871400413317,-0.274998202917359,-1.451183815458236,-2.078094045025064,-0.6310474686443641,-0.6557422781719127,0.954408455217247,-0.1028649086652528,-1.960875371166817,-0.0037022787242953,-0.0006770043111961,-1.6352270091012675,0.7292422369579719,0.1730689966659324,-0.4270154790951427
2013-12-16,HAL,49.73,50.35,49.62,50.13,9297897,0.8998030609966519,0.8960228647440942,-0.928789306294662,-1.2848336348233678,-0.6133194406850773,-0.4799929315244521,0.7158872811855073,0.0012150697990382,-1.7607181387912418,-0.0323785840458128,-0.0017073803685532,-1.2855876260088863,-0.2846122066335577,0.5813792879587638,-0.3777027694632762
2013-12-17,HAL,50.32,50.46,49.09,49.35,11957818,-1.0017027904861944,-0.9957468201862202,-1.2034402129245765,-1.75414325848159,-0.6244649392053382,-0.41371341431819,0.6856973194932623,-0.1829184880594517,-1.5136764085999583,0.5054378752683335,-0.0005249251202941,-1.57649029133187,0.8995868393880576,-1.4827003268016536,0.722292656880357
2013-12-18,HAL,49.07,49.98,48.8,49.91,15076762,0.673478141329318,0.673863743095912,-0.8223934410910807,-1.243982170787087,-0.6059695736523284,-0.2843947266846524,0.6322826779418873,-0.1289361457199049,-1.2192480740731917,1.0546101050095482,-0.0019617440879277,-1.238473254489823,-1.002415063623099,1.2670093006798342,0.3790670809393364
2013-12-19,HAL,49.86,49.9,48.71,49.42,12961567,-0.644225022701129,-0.6356596341538892,-0.9701634807465074,-1.515689173339705,-0.605314572260887,-0.2268605668146946,0.5926141038062662,-0.1193895748602348,-1.3077540306441198,0.5247001390098557,-0.000408391335689,-1.4764710714272795,0.6732028776608701,-0.6930390833577392,0.415467327196327
2013-12-20,HAL,49.59,50.8999,49.5,50.54,16973678,1.3779509824118297,1.3627652161342143,-0.3012490593684441,-0.7522189776574251,-0.5560040439446788,-0.0555947502005541,0.4048224861392461,-0.0019510697000461,-1.159225496523317,1.1562125402305743,-0.0020827450375227,-0.8378632975103695,-0.6448440395417628,1.421035655284669,0.7171222569445243
2013-12-23,HAL,50.97,51.25,50.3,50.3,7881136,-0.3286416504846064,-0.3195037749542787,-0.3175356057081128,-0.828867946315163,-0.52204873318473,0.0418938374351087,0.1139459113713672,-0.0225855282401058,-1.299284435529935,-0.5730597646239137,-0.0006833613889106,-0.9731500971854236,1.377859496684007,-1.019443803307316,-0.0172917673625032
2013-12-24,HAL,50.28,50.89,50.25,50.68,2438810,0.4373430076333894,0.4412221356714771,-0.068347836529861,-0.1633703411311912,-0.4763883959909248,0.1500132440868586,0.0103018367275994,-0.2338781557035765,-0.7304149008902494,-1.5695125571563795,-0.0013867644941107,-0.5366133337584964,-0.3291783401454551,0.5747318593321152,-0.5388742165290858
2013-12-26,HAL,50.89,51.345,50.87,51.21,4574002,0.6180844595972074,0.6193680124697438,0.2585065764884335,0.1060537642919466,-0.4162417297688771,0.2737963309503743,-0.1675160911044378,-0.2250677073412549,-0.7115255121636186,-1.1354276098559266,-0.0015276778477412,-0.1748440904639324,0.4370061426851628,0.4487585375979559,-0.8182930815694549
2013-12-27,HAL,51.22,51.43,51.005,51.08,4384907,-0.1910422229934159,-0.1821585195872437,0.2262126891801787,0.019746121096885,-0.3711095156350949,0.3341758592340073,-0.2729938754216146,-0.2710922037143122,-0.5429057241229484,-1.164014319574212,-0.0009382595967296,-0.1797238989129562,0.6177947452130487,-0.2328227969003968,-0.897904454864873
2013-12-30,HAL,51.1,51.19,50.34,50.4,6476510,-0.8618031201666857,-0.8545764348153988,-0.0683218413662354,0.0069029207823776,-0.3596540116576215,0.295796209650183,-0.4581277624201372,-0.2450420359953646,-0.8031134892310245,-0.7578233507008095,-0.0008374897477783,-0.565643113521783,-0.1915430166793727,-1.061272511956931,-0.1857736943638084
2013-12-31,HAL,50.45,50.82,50.19,50.75,5390318,0.3993514395773146,0.4037108715510474,0.1475022042432999,0.3481992678709095,-0.334639594307019,0.2999928995940813,-0.56957077467985,-0.2589295100458522,-0.5232749192016034,-0.96143157291823,-0.0015369983626479,-0.0080071122157158,-0.8624788972574605,0.4229507543612757,-0.556747715414366
2014-01-02,HAL,50.47,50.67,49.63,50.01,7420119,-0.9407979691393452,-0.934249232702193,-0.1867186058310823,0.2095945189038598,-0.3416959365632649,0.2208006684069594,-0.7233423796246827,-0.211729784787305,-0.7349503163384848,-0.5400669409990876,-0.0007895473643189,-0.445609762433915,0.399004663654908,-0.714920100959933,0.1418193431098525
2014-01-03,HAL,50.02,50.42,49.94,50.13,5323624,0.1163933690624764,0.1236128196127607,-0.1110733140114575,0.0363714256831437,-0.3403383935322143,0.1791040793449652,-0.7356972091046273,-0.4033930500291728,-0.3096422848370664,-0.8937950548897989,-0.0015221969978926,-0.1458844826141855,-0.941494353853037,0.1398309175110895,-0.7933264433059322
2014-01-06,HAL,50.81,50.93,49.875,50.32,8439586,0.2029709851695125,0.2094499624092289,-0.0073582527409785,0.1996839164649611,-0.3296807463783016,0.1696851160099024,-0.7404775381228432,-0.4002049524312098,-0.214027027425518,-0.2128771413164276,-0.0017354008944142,0.0863193747806918,0.1159727770204837,-0.75492065887724,0.1559854496623954
2014-01-07,HAL,50.68,50.69,49.88,50.2,7748041,-0.1814651308861449,-0.1726104490555198,-0.060765219963408,-0.156915297166534,-0.3239193588525257,0.1495470573462539,-0.75108782852507,-0.3997053827412926,-0.272048900397258,-0.3553710514592659,-0.0006927559457936,-0.0603356930476503,0.2025729788896167,-0.7418819983097156,-0.2465809517863801
2014-01-08,HAL,50.17,50.18,49.11,49.5,9145346,-0.9011360081713256,-0.8942340703051496,-0.4169410293444689,-0.1193910793103538,-0.3446258663283686,0.065308704315797,-0.7346180292632555,-0.3908262558358351,-0.288123820130013,-0.044211694328067,-0.0007009342798682,-0.9158235887130018,-0.1819634261673912,-1.035279996290417,0.2101855819960499
2014-01-09,HAL,50.17,50.18,49.19,49.61,7941738,0.1053551513895788,0.112660450600534,-0.3639520573990213,-0.3388086839630666,-0.354318579007351,0.0262673401003108,-0.7452323017811866,-0.4178932131059072,-0.1139956850294547,-0.2528798991092974,-0.0016363389320335,-0.7813897765370194,-0.901822046150434,-0.8696292813681195,0.0717974592584365
2014-01-10,HAL,49.52,50.54,49.43,50.52,8841730,1.1090078699437929,1.100670448995879,0.0726034593339381,0.323833029611758,-0.3241460852726514,0.0976466037725489,-0.8071675734890916,-0.3536892960184476,0.2911966727215206,-0.0012764005990315,-0.0017533769539591,0.3307444878279377,0.1049316797746718,1.4993657019820352,0.2397994912299296
2014-01-13,HAL,50.47,50.49,49.48,49.58,6789351,-1.1913997494781454,-1.1876823747561192,-0.419054317820712,-0.6496675820542027,-0.3350622104016847,0.0489886170798559,-0.8065052904735482,-0.2803454390589399,-0.1704385446953978,-0.4152268796429342,-0.0007621543357196,-0.818053543494107,1.108846224220478,-1.3586147238844843,0.1064225262666881
2014-01-14,HAL,49.76,50.52,49.76,50.4,5998515,0.996685093471786,0.9908785587627992,-0.0164633540482766,-0.145145918156531,-0.3095693184881088,0.1037784108261573,-0.8408879197541117,-0.2140382391653987,0.1328554052886226,-0.5752915781866444,-0.0016046205888905,0.1840894199995869,-1.1921615094290667,0.9454105894729928,-0.3345966570047359
2014-01-15,HAL,50.49,50.94,50.15,50.64,6329627,0.2634708021796242,0.269361788003978,0.0955665098872934,-0.2069025869476331,-0.2784074980237163,0.1622019703245766,-0.8307578937831698,-0.266249240886262,-0.0180626218781678,-0.465823619270738,-0.0016818661805148,0.4773995556562799,0.9964941457692584,0.1981391388675337,-0.2911801634275558
2014-01-16,HAL,50.51,50.91,50.3,50.9,6682803,0.2866542284654841,0.2923045420233577,0.1904490261496342,-0.3337435421826068,-0.2423811871165863,0.221461932582587,-0.8584353713327032,-0.3430081017218054,0.2938027210759363,-0.3216964366509313,-0.0017935313790716,0.7951522026176925,0.2630885786682468,0.5570371654903514,-0.5925434641143515
2014-01-17,HAL,51.28,51.36,50.48,50.66,9615885,-0.3265506402945081,-0.3174143459100358,0.045547298168202,-0.3817470032737296,-0.2224077886495437,0.2275499821129218,-0.8625269414128657,-0.3635441964025155,0.0532185449526347,0.5237470818617079,-0.0002538715345096,0.5018420669609996,0.2862780528839785,-0.9397741717495228,-0.1436342802370543
2014-01-21,HAL,51.19,51.5,49.06,49.78,20961938,-1.11446215040955,-1.1097651078306512,-0.4225034609236091,-0.4649389394135213,-0.240139640723725,0.1353677559254602,-0.8975184505623494,-0.2993094774420712,-0.0604927767747384,3.2727315690668566,0.0003466095001079,-0.9003967578075611,-0.3270867844672639,-2.107348335895866,2.4936840609834072
2014-01-22,HAL,50.15,50.84,49.73,50.54,9494011,0.9175083462395742,0.9133686900423278,-0.0264303943803209,-0.2770063439199395,-0.2234028725023918,0.1503436102521084,-0.8975184505623494,-0.3826610294070877,-0.1674769497128712,0.4825074087878175,-0.0017004205151607,0.1350040489368203,-1.1152038394185002,0.561224749496018,0.2390748678075777
2014-01-23,HAL,50.61,50.98,49.86,50.11,8907541,-0.5626944230356479,-0.5538263482129675,-0.2455971499575225,-0.145145918156531,-0.2261509960210923,0.1121705177994951,-0.8936291139743339,-0.3673965282413343,-0.2229529816906969,0.3105108031273675,-0.0007284589008263,-0.4508148285632912,0.9172967434617856,-0.7727281805766884,0.2714133243969178
2014-01-24,HAL,49.44,49.44,48.4325,48.61,12454212,-1.89663715755714,-1.9065058563436168,-0.975276854248206,-0.7418976303785532,-0.2857643753485205,-0.0647381457007606,-0.7348024098631839,-0.1504322172748275,-0.7673419359592164,1.0456922206457844,-0.0006361041405634,-1.6889499823495104,-0.5632921707444846,-1.294681876161839,0.1360144185306727
2014-01-27,HAL,48.71,48.97,47.97,48.49,9203450,-0.1866879685779119,-0.1778172773841042,-0.9692182814893776,-0.8604642770437329,-0.335559106815585,-0.1809920459326343,-0.6442826981012989,-0.194765504168499,-0.9475475353384538,0.1760791883913017,-0.0008748439342338,-1.3916216522552434,-1.8975828949035696,-0.3675481816347929,0.127398707142381
2014-01-28,HAL,48.66,48.73,47.94,48.33,7845471,-0.2384257398917247,-0.2294201253049223,-0.983371446486534,-0.8717402909840429,-0.3786499894624244,-0.2567395746590521,-0.5589063908590401,-0.1946600756621502,-0.9581584527558676,-0.1898302584160199,-0.0009658239576255,-1.5171368303050647,-0.1871876263564742,-0.5386899397357111,-0.2290379737990432
2014-01-29,HAL,47.96,48.56,47.6,48.2,10184280,-0.2004602448893769,-0.1915494380733567,-0.9958028536669616,-0.6997021462967592,-0.4148302907137444,-0.2995498800911193,-0.446768519364572,-0.2275738056491524,-0.8085564921801132,0.3118985300349163,-0.0009158882245257,-1.3698902410276843,-0.2389388946576939,0.3517574366039714,0.0685770306292793
2014-01-30,HAL,48.78,49.69,48.46,49.44,9484728,1.5686630129283188,1.5479509476684867,-0.308916920615724,-0.2470317850807851,-0.3918812350421118,-0.1816001776062228,-0.472233296482111,-0.0475786835941174,-0.5465780308759457,0.0998132275995121,-0.0015150133986512,-0.3129709829690492,-0.2009634954829217,0.995909324625312,0.4820833979623364
2014-01-31,HAL,48.67,49.43,48.44,49.01,9216456,-0.5744797834317336,-0.5656487773000746,-0.509579570744102,-0.7348903413994543,-0.387842200444024,-0.1359144843328724,-0.4506624848354852,-0.0793050754508899,-0.4611492056284967,0.0184482766546244,-0.00094931957196,-0.6794833063280933,1.5686212788192624,0.5014748392123748,0.0921580553368975
2014-02-03,HAL,49.07,49.18,47.95,48.33,9669817,-0.8968088465414609,-0.8898699382497439,-0.8221101299155793,-0.6557860911451591,-0.40839152163202,-0.1626559342284872,-0.3848195437748392,-0.0427519927849172,-0.6948216361882938,0.069057604586119,-0.0009643177464836,-1.259084189779605,-0.5750806056228454,-1.1656750391111286,0.5297035530937507
2014-02-04,HAL,48.585,49.5,48.33,49.36,10595404,1.2938357099699436,1.2809110193035451,-0.2524979570224494,-0.5672956272814818,-0.3814398458881372,-0.0617823457537094,-0.3982363632525958,0.0758077337301715,-0.4476654937829602,0.2446604291598235,-0.0015199381370438,-0.3811593221986373,-0.8974937556809508,1.1788421092125878,0.3841381191711763
2014-02-05,HAL,49.37,49.7,48.99,49.27,9686332,-0.1465135344388937,-0.1377772535721755,-0.2756565670316875,-0.6967372066215273,-0.3611554202599228,0.0017551380025276,-0.4074264409427707,0.075472909688514,-0.4395584447737607,0.0268225922752647,-0.0009611387429578,-0.4578712038319226,1.293722280838993,-0.179348321485478,-0.3903494715502493
2014-02-06,HAL,49.5,50.9,49.45,50.76,13021391,1.849782034335787,1.819917940417652,0.4792121352933086,-0.2339256262701623,-0.2848525145673343,0.1967757283566351,-0.3596856631692919,0.2339551067939846,0.2063624925721579,0.68396120307529,-0.0015863595211506,0.8121366143191804,-0.1470027117924612,1.896819798684637,0.7893744020581485
2014-02-07,HAL,51.09,52.13,50.98,51.97,13091191,1.4510903512209523,1.4338507022472244,1.0539267241013257,0.1912841345320881,-0.1764240324247215,0.4354828813928452,-0.1901038533203748,0.3367459345124721,0.5311776937719793,0.6272788418077251,-0.0016370283935841,1.325468366764451,1.8498136365880664,1.275025608887295,0.252855205105295
2014-02-10,HAL,51.94,52.035,51.33,51.87,8103423,-0.1527921513806946,-0.1440331574849569,0.964083243950692,0.4682119568101794,-0.0950299359477686,0.5568625605049526,-0.0789162726859812,0.2830791248017236,0.2249783521430189,-0.3843831902077261,-0.0009582023054983,1.25208687587168,1.4510179455793937,-0.1281383637393283,-0.4585823190879818
2014-02-11,HAL,52.18,53.96,52.12,53.84,12049423,2.331537095028117,2.2832292466637227,1.881257679059953,0.7300209100654025,0.0447935719241991,0.8043626028855703,0.2946059058358277,0.4426851835719302,1.0944169782445807,0.3598054226683447,-0.0016264210816702,1.3801583458260482,-0.1532829666558741,2.377209002353156,1.2568778247815096
2014-02-12,HAL,53.74,54.0,53.035,53.12,11091266,-0.8655700957815788,-0.8583734123771846,1.4279587236731517,0.6268956028092608,0.1241414897939694,0.846699509188422,0.4804879447008155,0.4657697017433447,0.6251304846102654,0.1143774131928577,-0.0008328402981574,0.985803790794542,2.331694374166397,-0.8979597737703356,-0.0773192093736134
2014-02-13,HAL,52.7,54.03,52.63,53.46,8142689,0.3654929017810694,0.3702612238613644,1.5274479806865078,1.2826959105969733,0.1964455589299941,0.862438288847188,0.6699701692496636,0.4675566102691016,0.6503759263084595,-0.4731954285985006,-0.0015048942064371,1.1482001400090256,-0.866246855574568,1.063234810093355,0.5911901827983357
2014-02-14,HAL,53.42,53.92,53.26,53.57,6770550,0.0951069147643004,0.1024901840052935,1.510858718447021,1.354076415390668,0.253458324505235,0.8356697604426508,0.8377115445940859,0.4665703465360554,0.6029176910330819,-0.7384797852334377,-0.0014834566939516,1.2050679423602966,0.3651372930804691,0.185828109835601,-0.5645371322510271
2014-02-18,HAL,53.66,54.3,53.5,54.13,8523457,0.6178253308367422,0.6191129715324168,1.7057008615021505,1.5030058467350285,0.3153492159027444,0.826811149610481,1.0374634225588644,0.4652691897541744,0.838490812400068,-0.3918065848526374,-0.0015745751703584,1.358533847511512,0.0946807696612016,0.6354303560671578,-0.3596097411048385
2014-02-19,HAL,53.92,54.98,53.87,54.53,7915968,0.4270670457979449,0.4310783283883829,1.7810497497403706,1.609539833140692,0.3741315501186669,0.8117228882719566,1.224605852345662,0.374730878892454,1.2339113631058771,-0.4071441906512911,-0.0015927838798262,1.24018475600737,0.6175355488528874,0.8284050542619956,0.1051432508642924
2014-02-20,HAL,54.53,55.54,54.45,55.38,8772048,0.9374666724038584,0.9329159895689458,2.084385140093449,1.5646828896602347,0.4473167308967958,0.8367249583127939,1.4706940793236225,0.3761423470290003,1.2389911877775914,-0.2233742777963871,-0.0016866407523917,1.3758927262494618,0.426727500128768,1.151365777889207,0.0490072043252031
2014-02-21,HAL,55.55,55.96,55.25,55.3,8785997,-0.1229318140861249,-0.1142864842502576,1.899719267869049,1.7355062585809369,0.4947685400440167,0.7904893587575985,1.6466535860529663,0.3473142111634723,1.3536404320509867,-0.2193397811912282,-0.0007134038270538,1.1804433676579509,0.9372602762144108,-0.3663335857802052,-0.5213056340451415
2014-02-24,HAL,55.85,57.01,55.8,56.37,9512777,1.1716350622553302,1.16180207796099,2.230542985730432,2.175193021164875,0.5662613176313372,0.8153819180222366,1.7935877006934884,0.0952481636896684,2.177053481521896,-0.0380619616352423,-0.0017240048168751,1.2167920163838322,-0.1234148396056541,0.6771199448203199,0.1976141814243155
2014-02-25,HAL,56.03,56.06,54.8,55.58,11066697,-0.9055142198102044,-0.8986500016197149,1.6379066454513358,1.6849006094979897,0.5834076113519698,0.6954090515149022,1.7904722145197012,0.1774427200885197,1.97992738283062,0.2671769948132134,-0.0005653181362982,0.9377162018695316,1.171489754275302,-0.6331040454505591,0.2980154775014702
2014-02-26,HAL,55.59,55.95,55.11,55.16,6182498,-0.5034598024868026,-0.4944395778829201,1.2452852223895972,1.5275614175425345,0.5721749910092859,0.526383922042145,1.6899768572846312,0.2008578856580358,1.9080275652936556,-0.7417511843756642,-0.0009385243648861,0.7893467814948395,-0.9062013999465,-0.6107250347366379,-0.3221737588260252
2014-02-27,HAL,55.12,55.74,54.85,55.69,6898434,0.5652048248642964,0.5673007886367852,1.3128871610714998,1.3985273351836929,0.575797962443485,0.4294018559643395,1.551383964282135,0.1810743302288632,2.1147275293819425,-0.5656013023366633,-0.001548591720318,0.958560912300602,-0.5040420974827122,0.7549700518570854,-0.2594265262767418
2014-02-28,HAL,55.94,57.42,55.66,57.0,10225154,1.4315043901165072,1.414822749300264,1.7626193967455015,1.4132180398306289,0.6213662068362968,0.4597826136258288,1.5688693362921646,0.1638484278568883,2.0782818358586086,0.1388840848523745,-0.0017522629433599,1.2954493703844538,0.5649013156113997,1.4053046910134477,0.9820078920199536
2014-03-03,HAL,56.29,57.13,56.05,56.38,8840020,-0.7101887316327223,-0.7019474799700202,1.2652246746692717,1.17112168084881,0.6241874933171863,0.3740572859621656,1.432440827897541,0.1805660747215653,2.041049268409334,-0.1530874039636572,-0.0007031075216118,1.0778155210481986,1.4314268750265962,0.0944804053444177,0.0051310125515673
2014-03-04,HAL,57.02,57.25,56.74,56.9,6721752,0.5412178537070866,0.5436678957785176,1.298715233896505,0.8946638732098859,0.6378395540088194,0.3333552502020778,1.1670601001718257,0.0734287566899037,2.4367798136262087,-0.583455110585687,-0.0015862202232744,1.2527165520311585,-0.7108249566237298,-0.1853171509818641,-0.8443320143025762
2014-03-05,HAL,56.86,57.35,56.0624,56.19,7547339,-0.8098538044575109,-0.8022371040832713,0.7817855517771384,0.8995135290013582,0.6119659110095421,0.1990551407133858,0.8986661673331987,0.1215001008939964,1.8647178073832669,-0.3767114989289148,-0.0008025220286974,0.9578558232422002,0.5409080869011601,-0.916567976417648,0.3184410103735361
2014-03-06,HAL,56.29,57.225,56.22,56.92,5802910,0.7758376884656921,0.7744379751983105,0.9421943213411486,0.9827988800989802,0.6114459646297071,0.1568750317667442,0.5558579254223062,0.1119138295290936,2.1128580171088167,-0.7343221184579506,-0.00153482246477,1.2343353684135576,-0.8105160293746586,0.8192621425384801,-0.1198277028757526
2014-03-07,HAL,57.12,57.12,55.85,56.2,8821637,-0.8205186537153729,-0.8129784123146279,0.4633798735776678,0.6433454635625903,0.5743806075989982,0.0290636867092654,0.2907370640573509,0.0609875122244802,1.4064952602905223,-0.0050711910471419,-0.0007463952841055,0.8131424982053341,0.7755891276389706,-1.2431870401338698,0.2920015660876916
2014-03-10,HAL,55.98,56.5,55.75,56.47,6015870,0.2661084075642442,0.271972440445983,0.4823966637179873,0.5753764064756514,0.5476232655267803,-0.0466527362820734,0.1332234441979417,-0.0282294615895646,1.1042081153733736,-0.594997304620231,-0.0015298218749863,0.9243282660565352,-0.821183660803698,0.634997752979459,-0.4844415824176964
2014-03-11,HAL,56.6,57.02,55.43,55.72,10062137,-0.8598692168419187,-0.8526272194352683,0.0337652028192057,0.1852057751627118,0.4895616545568437,-0.1878025239269277,-0.1235536803543139,0.0364066134150936,0.9226178188549088,0.3517833149965446,-0.0007070701141383,0.3766318439566136,0.2657268721328857,-1.2009732812647358,0.7868520888368008
2014-03-12,HAL,55.25,55.495,54.58,55.39,8437982,-0.4017173706635205,-0.3925685631875973,-0.1592454496293202,-0.1856620117550448,0.4239765737534846,-0.320087635880402,-0.1868918370595915,-0.2740756982596166,0.2553341898381622,0.0087139007334089,-0.0008661968778097,0.0340920045919952,-0.8605444894295393,0.1651268866560967,-0.2145973028029155
2014-03-13,HAL,55.5,55.79,54.57,55.25,8788207,-0.1903552279190244,-0.1814735572984455,-0.2755704876923749,-0.2055255678341399,0.3606368001836453,-0.4201363432762016,-0.3392206969737979,-0.3360382912537062,0.4214227203561275,0.1239793837677565,-0.0008974142008172,-0.0630657021391013,-0.4022731238064241,-0.3666399074332913,0.2489629459260032
2014-03-14,HAL,55.22,55.54,55.02,55.19,7917371,-0.1006065815116989,-0.0920555662307431,-0.3444002840166659,-0.6290877918796537,0.3028905619033574,-0.4857776456480938,-0.4739319078914513,-0.3396936941270222,0.3077892430804122,-0.0881812547623574,-0.0009660510543567,-0.3390743315803755,-0.1908558423865179,-0.0673624319631484,-0.806086594655084
2014-03-17,HAL,55.46,56.69,55.46,56.62,6130699,1.5801402791618788,1.559077985415199,0.256880861348047,0.1698219626864811,0.3081564284767304,-0.3760986143814255,-0.6096273210779023,-0.1796863513011244,0.6686995675717743,-0.5236453418926096,-0.001437515129027,0.7644743567964555,-0.1010837829809209,1.5539227348674545,0.2191539670469084
2014-03-18,HAL,56.77,57.09,56.46,56.9,5547488,0.2748854564114157,0.2806590066037441,0.3223153376730465,0.4213362503738101,0.3179875400954035,-0.2766045272104261,-0.6898707673823342,-0.1947231456659062,0.584079343762151,-0.6427046041921183,-0.0014322906461346,0.9559563861449693,1.58010153916165,0.1466926453909683,-0.6685692183540365
2014-03-19,HAL,56.75,57.17,56.35,56.78,6058619,-0.1642959463878887,-0.1554969775409778,0.2125980573262622,0.2129593503675248,0.3157205218716521,-0.2281496354233761,-0.7580477941717588,-0.1963065733066565,0.4385149156138487,-0.4955939312607891,-0.0010204786825479,0.7265568047305297,0.2745062106750856,0.0136227188337583,-0.3877398103504442
2014-03-20,HAL,56.57,57.465,56.35,57.36,5458022,0.6029613671134184,0.6044817319601997,0.4367641028435737,-0.0428883714231296,0.3312357401682875,-0.1436145513046208,-0.7176844771851258,-0.2289596789851344,0.3576109528930161,-0.6192484784400623,-0.0014280665661484,1.3223125824410813,-0.1647897626925367,1.028764062134112,0.0287084926129263
2014-03-21,HAL,57.89,58.96,57.59,58.06,11963068,0.7267777757942712,0.7262541317440537,0.6973563174570285,0.4853911089204789,0.365174954546472,-0.0285634352577129,-0.6259272965361545,-0.2045738141216067,0.5655226284176847,1.0162833989297009,-0.0016780583396551,0.7613836761796197,0.6026677075228153,0.1955491163984694,0.3752103250679536
2014-03-24,HAL,58.27,58.7,57.48,57.78,6163418,-0.3332414874127426,-0.3241003818268101,0.5331651742750061,0.1761974093806955,0.3750331613791056,0.0014933587028449,-0.5551234971873595,-0.2777438854331708,0.1998821920444477,-0.4332911489002006,-0.0009766847983276,0.5493629858643799,0.7265164165611495,-0.6616413273884993,0.1683827155207714
2014-03-25,HAL,58.34,59.38,58.18,59.14,7407262,1.4324060164510086,1.41569881652151,1.079636757691461,0.9325449665268284,0.4297198363368328,0.1409264991204509,-0.3658227457757675,-0.2239699890587843,0.7732232353409627,-0.0612643580617773,-0.0015344541668575,1.2770152243371264,-0.3337793770468317,1.0097038147329211,0.0997317487517298
2014-03-26,HAL,59.19,59.69,58.31,58.37,6265337,-0.8435927436588284,-0.8362243052594827,0.6456495508388395,0.3594416733888019,0.4360331265754772,0.1279607519168234,-0.3462918752524066,-0.1836977503560214,0.687197161126014,-0.3678834670123097,-0.0009669514059436,0.5858631995709924,1.4323287365710606,-1.0729876748888172,0.3790441948970111
2014-03-27,HAL,58.51,59.1,57.36,58.09,10475667,-0.3316468996492914,-0.322506875155991,0.4593223393916121,0.5686566904869642,0.4234395903126953,0.0689223082129936,-0.3339962211688669,-0.1825681680072108,0.4654503055217698,0.6937929692656495,-0.0008233132960683,0.40407202174211,-0.844263770154126,-0.5686469177559308,0.9050282254387522
2014-03-28,HAL,58.38,59.5,58.0,59.46,6106730,1.4353033436422564,1.4185139269789944,1.0326634771177186,0.8535841351014152,0.4603732993756053,0.1491738301257877,-0.1739398753419141,-0.1818567160309162,0.4663636084470851,-0.4044458974467209,-0.0014550972941097,1.2935502846905884,-0.3321843732984934,1.371352650469615,0.5111195711030785
2014-03-31,HAL,59.91,59.99,58.78,58.89,7407352,-0.6298188041379744,-0.6211920625176413,0.7103617581296181,0.9404060408364112,0.4602096701971809,0.1178871376392338,-0.1071927220006903,-0.1906537634296805,0.4863584403374034,-0.0360900457801239,-0.0009637360747474,0.7682293626750359,1.4352268195967333,-1.3126263633012534,0.121062577453513
2014-04-01,HAL,58.69,59.65,58.69,59.63,7968767,0.7493260447212362,0.7484044099367608,0.9851881759544154,1.2502683120243203,0.4819513842215449,0.1492417599619121,0.0171441988043994,-0.1750421023891751,0.5371676932584744,0.0981914071723518,-0.0015154129954069,1.2220844065324996,-0.6304340627852113,1.1837478221364095,-0.2495961641344457
2014-04-02,HAL,59.55,60.1,59.356,59.93,6821775,0.2802256783900738,0.2859435799290454,1.0332490482189618,1.3708721963132129,0.503488496700122,0.1737988169633364,0.1202429008570023,-0.2389010484446906,0.8100581134405971,-0.2012857522952879,-0.0015016001571403,1.3406887230129172,0.7490705677225833,0.4557939170039889,-0.5566901718256464
2014-04-03,HAL,59.82,60.3,59.5,59.8,7054370,-0.1680460159336537,-0.1592344746135542,0.9054108480220912,1.3354693837422826,0.5078898043229874,0.1493371958521617,0.2082125129716884,-0.2603637058113994,0.5756232367386491,-0.1542570306183205,-0.0009474469198863,1.1528105552083752,0.2798478257734503,-0.0515762583639527,-0.4763960164292686
2014-04-04,HAL,60.22,60.52,59.2649,59.31,8606702,-0.5431371529898822,-0.5342125441948288,0.6090724989631715,0.80546789445448,0.4848088984702972,0.0590291545728731,0.2173500938019004,-0.2940391013943133,0.6452484773696702,0.2649254991797112,-0.000917113763306,0.766868725250799,-0.1685408105301791,-1.1679991230237683,0.17230976047753
2014-04-07,HAL,59.15,59.26,57.36,57.36,11207551,-2.0799219092163943,-2.094695839406141,-0.2978947470145987,-0.048395016590419,0.3836549595276354,-0.2141759216269183,0.1905609331651483,0.0233608300557957,0.0639916012225453,0.8625570844791306,-0.0008632414927396,-0.3225689214740532,-0.5437297987350893,-2.3126681220674685,1.1692694127133323
2014-04-08,HAL,57.51,58.66,57.39,58.51,8219576,1.2152038021952472,1.204294806141361,0.1606516260973315,0.2887301024449388,0.3430975544952473,-0.2767655474477242,0.1153807925823583,0.0502776409805093,0.5679048370094874,0.1131029831161576,-0.0014875335960724,0.3199199471072682,-2.080915460605103,1.2873990666114092,0.217647065661675
2014-04-09,HAL,58.73,58.92,57.86,58.79,5946308,0.264940215700685,0.2708161995842923,0.2095532571580077,0.2173119516470518,0.3166290530208768,-0.2905726528810859,-0.0042819419839217,0.0328098747896493,0.7340263606745204,-0.457879057426261,-0.001436958992123,0.4763520194575038,1.2150698601229373,0.0508689950270367,-0.0886651009677414
2014-04-10,HAL,58.94,59.21,57.71,57.91,8232543,-0.964907473545816,-0.9585860833772376,-0.2480597142277274,-0.2308833555164508,0.2563682270134396,-0.3885991988540234,-0.1805733869976263,0.1010191337991107,0.5396039863737467,0.1601241626196914,-0.0009535331190978,-0.134596486484374,0.2645583755196151,-1.3466141198278627,0.5673928809923849
2014-04-11,HAL,57.45,58.31,57.13,57.61,8030912,-0.3555208444603218,-0.3463689245066343,-0.4372696704725677,-0.2363791298475464,0.1928848034423809,-0.4753153462853581,-0.4021825056427638,0.1115076837340789,0.4765065587920025,0.1045191484815265,-0.0009872351181689,-0.4688541082730556,-0.9656101477781532,0.1840974722206846,0.1157098420784018
2014-04-14,HAL,57.88,59.53,57.8,59.08,7298734,1.555605156790516,1.5352891195270368,0.1683544659189108,-0.2055441456775082,0.1964656364842713,-0.3720660221940692,-0.4762330331529275,0.1071995542973974,0.4706175719246709,-0.1063648973723095,-0.001455319486703,0.2949599478961939,-0.356064546177032,1.540064620406006,0.849090561388541
2014-04-15,HAL,59.49,60.035,58.88,59.97,9409982,0.90487892942181,0.9009961776993016,0.4975048375644166,0.247513720504851,0.2299827459895979,-0.2124111026456352,-0.4929938645425843,0.1423567549575706,0.6249256341413514,0.392366669253807,-0.0015395611621771,1.0044375422184533,1.555560016239408,0.5832792951199426,0.0137901972327022
2014-04-16,HAL,60.21,60.7397,60.0,60.5,6413500,0.5172250654066379,0.5200202444969396,0.6491536152208396,0.4536191393190955,0.2725656738006674,-0.0613519067524796,-0.505767875215119,0.1441084732718409,0.7947274216894986,-0.3873008484788039,-0.0014692656909245,1.2613614925794814,0.904664031970219,0.3375767840820618,-0.5723613605436071
2014-04-17,HAL,61.15,61.46,60.08,60.9,11675452,0.3786273453686539,0.3832391957511906,0.746119388635781,0.2319242559426116,0.3167082478517404,0.0635099525351038,-0.4557245457840881,0.1354877322910404,0.738910520561279,0.8568390347189774,-0.0016918055862083,1.012961509475148,0.516909039530146,-0.3351954762857914,0.2971881805667818
2014-04-21,HAL,61.54,63.88,61.47,62.92,13992620,2.032048878904429,1.9956147383344467,1.5304001332538166,0.8408463080024321,0.4245992736357981,0.3274868573208038,-0.1335996716962754,0.3114758026237985,1.0618828618464593,1.3897563441534813,-0.0018848462579796,0.9701062668677308,0.3782751630897026,1.66788987620827,1.6008482322902895
2014-04-22,HAL,62.82,63.655,62.2101,63.38,9382116,0.4221644345285051,0.4262381817792766,1.6020583368551873,0.7931449801831969,0.5205110122754283,0.5078339022584264,0.1235641788274014,0.2949123670976715,1.2559338724177378,0.2141407318500352,-0.0018028743954756,1.1966430827527017,2.0321280296545146,0.6471791462142247,0.3086320398543978
2014-04-23,HAL,64.15,65.11,64.01,64.72,13812378,1.2832830709920833,1.2706343988129702,2.060014024512149,0.9593649505848028,0.64018253557377,0.7132688149044967,0.51359834265101,0.2768378961853957,1.218234012619556,1.158390963969037,-0.0022759328644742,1.2804187522426886,0.4218236099004382,0.6449931536109896,-0.1748383441354168
2014-04-24,HAL,64.74,64.98,63.12,63.49,10324643,-1.2162065826569408,-1.2128259989552028,1.400841147154887,0.6229764857532676,0.677114164142029,0.6646456803215735,0.6478307003201026,0.3289413359801201,1.1207727253582824,0.2952291262976085,-1.2311708735026168e-05,0.7680449062459146,1.2831668889625871,-1.4850705120931986,0.8502259200024619
2014-04-25,HAL,63.15,63.52,62.68,62.86,7973169,-0.6507714978336288,-0.642235106646289,1.0165028103592302,0.5840871494239543,0.6721444955834154,0.5178939551653736,0.6810096201274733,0.3536964814464131,1.0384938060537654,-0.2118856030371075,-0.0005843959180158,0.5056095217109797,-1.2169748140407537,-0.3732685333809039,-0.4776375842250893
2014-04-28,HAL,63.0,63.375,62.02,62.78,7738915,-0.1122299437816757,-0.1036288287225445,0.9065171687152274,1.180608687742093,0.6558017331455938,0.3712184271787674,0.7396271915968193,0.2729444286676743,0.6525591148833337,-0.2820728476540299,-0.0007262453043802,0.4722843935160678,-0.6513922224728433,-0.2901481815736977,0.2074474321921899
2014-04-29,HAL,63.34,64.51,63.0,63.01,8503180,0.195091701845924,0.2016429886033525,0.913419331082038,1.0455375405260312,0.6427958807009774,0.2624671536683716,0.7747060078690893,0.2376494124861084,0.8600079206481858,-0.1199281554836814,-0.0017211426388054,0.5680941370764395,-0.1127101774722361,-0.4199396816243405,0.4058939605448523
2014-04-30,HAL,62.61,63.37,62.08,63.07,7503178,0.0262879158423684,0.0341514607892886,0.8621450630556168,1.0097377691961995,0.6259384186089284,0.1655521579315415,0.8201440385936224,0.2195735951434844,0.6797766196832578,-0.3417944258776189,-0.0017528148604349,0.5930879832226246,0.1946916400737816,0.5287676397509974,0.1132853975383088
2014-05-01,HAL,63.13,63.36,62.41,62.91,5100177,-0.1909362047731661,-0.1820528145753828,0.7266741757115374,1.3142785098351704,0.5976958521342612,0.0587150986514098,0.8522326312893527,0.2245475776726374,0.5628070076482928,-0.8757310623434831,-0.0008178882391673,0.5264377268327987,0.0258438177208419,-0.2896048881792269,-0.3327987639574172
2014-05-02,HAL,63.16,63.97,62.69,63.86,7514366,0.9071587117352864,0.9032297681173448,1.0444882711706245,1.5732149342113797,0.6040421026586688,0.0622764707497457,0.9157997093929908,0.2508874999730706,0.8296366129035541,-0.3270955734168632,-0.0017855289068325,0.9221736241473824,-0.1914369708018322,0.8110211567503623,0.0791474405458157
2014-05-05,HAL,63.31,64.16,63.06,63.91,4736224,0.0157496800132614,0.0236801068647783,0.9631551462243692,1.3869948162982348,0.6023991117653538,0.0445613985509141,0.94172449788095,0.2220284514177753,0.9715911296053896,-0.9377262677496498,-0.0016680316812186,0.9430018292692014,0.9069444090173376,0.6897009992367248,-0.1568857029542522
2014-05-06,HAL,63.98,64.02,63.42,63.52,4927645,-0.412915220401804,-0.403772359990465,0.6607666748540508,1.0372398086629857,0.577396328582744,-0.0297383624309595,0.7800795174322118,-0.0837521731360754,1.4097396652274596,-0.8496460172079692,-0.0007201049214332,0.7805418293190072,0.015302832750582,-0.5695147561346185,-0.8040991576733038
2014-05-07,HAL,63.99,64.8,63.4,64.74,6633300,1.162766012179169,1.1531484921326949,1.0414440530428697,1.1659732812649324,0.5970171304536022,0.0256821685333207,0.7377353804660339,-0.0900412576178154,1.396310496864827,-0.4207077661626178,-0.0018347261639365,1.288750034291415,-0.4134738947613172,0.8591942925639369,0.2109189622071877
2014-05-08,HAL,64.92,64.935,63.336,63.43,5927324,-1.2927740647251245,-1.290497459724598,0.3867645764941307,0.5468837640677595,0.5529407844486088,-0.0939367688058037,0.6192684032639415,0.0622432315194565,0.9916587836618498,-0.5933307265667481,-0.0005702525176022,0.7430510600997292,1.1626183905034762,-1.760330104291143,0.5096067929241768
2014-05-09,HAL,63.41,63.75,62.62,63.5,5415660,0.0357106040380072,0.0435128475994011,0.2965356910156118,0.019922784316278,0.5131534041052693,-0.1785921948969003,0.3713491345195028,-0.0259572445190463,1.2502024114945776,-0.6955702911329396,-0.0017372810222877,0.7722105472702778,-1.2935622704973777,0.0809167035917448,-0.1082503418209971
2014-05-12,HAL,63.84,64.22,63.16,64.17,3994825,0.6238997856734567,0.6250913239591183,0.437207931758939,0.0884417227488026,0.5005240219153128,-0.1764123160374589,0.0110018660290531,-0.0450699805923988,1.5048675189612046,-1.0240315058364062,-0.0016866373368722,1.015419019607943,0.0352689640413803,0.3642236919861762,-0.2146477146985285
2014-05-13,HAL,64.51,64.93,63.89,64.1,5790758,-0.1009103741238706,-0.0923580218869439,0.3014493967119313,-0.4455605930528725,0.4805249195457029,-0.1936379458254361,-0.245750738573158,-0.147081440535911,1.0804323018455095,-0.5511620044259751,-0.000476672052896,0.9039664965240358,0.623611588350834,-0.5064937623844925,-0.23914771233989
2014-05-14,HAL,63.87,64.795,63.76,63.99,6044391,-0.1398351089618867,-0.1311236811043946,0.1711403510599019,0.0565427796174291,0.4534234445507617,-0.2256998345288088,-0.4618999732926249,-0.1735472925951923,0.8170141135475721,-0.451574545484074,-0.0006160820134795,0.7142910179589164,-0.1013876548443815,0.1156313780518806,-0.2433353184513611
2014-05-15,HAL,63.68,63.72,61.2,62.37,9560956,-1.6091488911169776,-1.6124709821277612,-0.538823325747438,-0.3955349657941814,0.3623165100297272,-0.4160982964823111,-0.6518161262346177,0.0147530876828683,0.2864709444903776,0.4243656218101914,-0.0004340928932989,-0.3679080097539207,-0.1403225440945917,-1.580538261913265,1.775983540448657
2014-05-16,HAL,62.43,62.88,61.82,62.85,6699362,0.4461422926756983,0.4499069364356837,-0.3800358578998873,-0.1610821375546854,0.3038060835591224,-0.4845142154596517,-0.8565197621270675,0.0176714474991021,0.3027820250123163,-0.2576982920814904,-0.0016814677879536,-0.4785151799350005,-1.6100196305380376,0.4819607159625986,-0.18573422924509
2014-05-19,HAL,62.46,63.38,62.42,63.21,4476248,0.3236132409497079,0.328862304681361,-0.2371625495420019,-0.110629351007425,0.2668321612624375,-0.4838123596404876,-0.8662466006214661,-0.2483340559364113,-0.0997862415069168,-0.7705757138204764,-0.0015909207522539,-0.1724524296845407,0.445807723223323,0.8808854803710277,-0.3255870719648338
2014-05-20,HAL,63.19,63.37,62.59,62.88,3910124,-0.3580261391524845,-0.3488735041427535,-0.3633314369199526,-0.260854916561316,0.2203070017078527,-0.5078355952661155,-0.8522749843034756,-0.2558690431261969,-0.2833380219623228,-0.887085992404071,-0.0008948966241987,-0.4530099507474612,0.3232467069765167,-0.3969614851756189,-0.5575155306467452
2014-05-21,HAL,63.19,63.4,62.8,63.17,4555273,0.2541354912133697,0.2601209875967197,-0.2114756147232143,-0.0922657457493911,0.1909513029555234,-0.4828602872272745,-0.916697905430916,-0.3897891155222459,-0.5192098260019261,-0.5981572147800248,-0.001602781977409,-0.148858968116881,-0.3585704944329268,-0.0502291272624008,-0.7997374565684394
2014-05-22,HAL,63.18,63.89,63.14,63.41,5045828,0.2035391635282918,0.2100128884498079,-0.1104534759918942,-0.3728864274622929,0.1734366421694947,-0.4324014129098567,-0.917083091470701,-0.4929179046699334,-0.1859826035397312,-0.3731513991283824,-0.0017010207197229,0.0856158754593322,0.2537508323714523,0.2487216034174487,-0.6055859328952713
2014-05-23,HAL,63.53,64.41,63.14,64.01,4912343,0.5561038228866055,0.5583351909976565,0.1139558041089098,-0.1510221016416507,0.1794053131441039,-0.3315886217605612,-0.9156943415412728,-0.5020645761866538,0.1012079364801225,-0.3755103844722985,-0.0017771549793185,0.6196209417151624,0.2031413054707866,0.5445138737798418,0.0622129101375329
2014-05-27,HAL,64.18,64.36,63.57,63.97,4178307,-0.0719012375516755,-0.0634832145430714,0.0726146666423076,-0.0100595785983717,0.1788040215124335,-0.2678493594903103,-0.926470151436703,-0.5029025692089726,0.110907789484725,-0.5810789559529432,-0.0006797033729462,0.5840206039647686,0.5557979394280567,-0.2735255705445212,-0.5621027204017351
2014-05-28,HAL,63.67,63.9,63.09,63.44,5814468,-0.5488122049126782,-0.5399033610717967,-0.1553005906578088,-0.7589810852946697,0.1539976802884494,-0.2791613306441093,-0.9376638163805144,-0.4789700544167273,-0.0672513300828688,0.0404257990630697,-0.0005913718681937,0.1123161287721244,-0.0723709505718186,-0.299238030152672,-0.5272303306599354
2014-05-29,HAL,63.61,64.15,63.2,64.0,5780423,0.5165704922447056,0.5193749608108132,0.0567205923731278,0.0923241260435709,0.1529187375180977,-0.2271369924055339,-0.9392079025637764,-0.4567545371115953,0.0490838724221616,0.0603795128164865,-0.0017671499479953,0.6107208572775608,-0.5494063311256826,0.4368998650011385,-0.3542330201309766
2014-05-30,HAL,63.83,64.69,63.58,64.64,6373774,0.589584331934084,0.5913111835905469,0.2846790941255073,0.3246029076520648,0.1735545031493604,-0.1296242361992684,-0.9158342264360316,-0.4354405055747516,0.236397325708032,0.2500936015372154,-0.0019557194216491,1.1803262612837722,0.5162542956077519,0.9324324070019108,-0.1601921895094019
2014-06-02,HAL,64.69,65.51,64.37,65.01,5788738,0.3233695800063746,0.3286213597407558,0.4130360613368377,0.2076406669129712,0.2004631255465349,-0.0354678059036148,-0.8471316736118885,-0.4920811507556735,0.0970005314348198,0.0720236621684855,-0.0021141625564251,1.05724284297682,0.5892871826362365,0.3474131021265585,-0.1298782833324225
2014-06-03,HAL,64.92,65.6,64.53,65.57,5000838,0.503298388561941,0.5062897594628496,0.6085685009820222,0.4545779459459342,0.2393720836730036,0.0707459959189486,-0.7340488920271865,-0.4736054693378606,0.2139918689453228,-0.2203824028987525,-0.0023401527265403,1.4202138780739593,0.3230029824686232,0.7301323147385155,-0.2313312294850298
2014-06-04,HAL,65.46,65.59,64.8,65.39,4478838,-0.2039041832033475,-0.1949838210195586,0.4951559408861847,0.4176222896986868,0.2584483286628771,0.1046679751759297,-0.6649583734652332,-0.4865913108878426,0.2648884092181199,-0.4041183554707828,0.0003830706065382,1.284224633360408,0.5029787295915369,-0.1071082551202923,-0.5844531420394167
2014-06-05,HAL,65.26,66.195,65.11,65.89,4359766,0.4430556276821965,0.4468605696207008,0.6762064609460063,1.6369521958547837,0.2882255807300192,0.1593497665846841,-0.57611297543333,-0.5838464849474904,0.0934055332357184,-0.4141466418932016,-0.0022406600818704,1.2399007003570628,-0.2044083322273983,0.7030371826896226,-0.2189634159692859
2014-06-06,HAL,66.05,67.0071,65.99,66.98,5394907,0.996921408358994,0.9911097534290122,1.0474594392224057,1.7456141743434934,0.3490026794455972,0.2828882713343288,-0.3807169278461679,-0.6848350354663096,0.654488221185896,-0.0171326683789582,-0.0031709825286862,1.4273657905313584,0.4427202530022768,1.0374708859241712,-0.3257821268661763
2014-06-09,HAL,66.83,67.3201,66.62,67.17,5228052,0.1436093186193933,0.1506088254708728,1.0467810174856194,1.717508525991222,0.3983583708198349,0.3523205692525673,-0.2184939953994283,-0.6859621261839618,0.6813362271738946,-0.0763953395947375,-0.007365406757039,1.3613507299759124,0.9967305223046392,0.3580558411035064,-0.7226781409254672
2014-06-10,HAL,67.02,67.35,66.802,67.11,3518135,-0.0886084034791976,-0.0801113720992871,0.9598361370553612,1.9414889236293165,0.4284764247819378,0.3583490600568498,-0.0892224425446744,-0.7062291913416778,0.5053990918006239,-0.7141016887647359,-0.0046586774701668,1.3131545946341572,0.1431958264836994,0.0751406360215972,-0.9107876018185684
2014-06-11,HAL,66.74,67.0,66.33,66.94,3373102,-0.1907052722985832,-0.1818225649665696,0.8307050073752775,1.7495708741115217,0.4388992453508731,0.3124766609921275,0.0004289338081534,-0.7016212302057605,0.483221968104398,-0.7394291253307723,0.012944442865642,1.2212666496967215,-0.0890824749477702,0.2000897576874198,-0.7571683012833778
2014-06-12,HAL,67.38,68.14,66.62,66.64,9660889,-0.312013241282553,-0.3028898883653783,0.6534051492747637,1.4546875437310378,0.4287146215950593,0.222735534797671,0.0511737365856631,-0.6902881487417704,0.4407330240893187,1.567829224802491,0.005405463171164,0.7243957109589176,-0.1912059780832027,-0.8560630782922266,0.3096080626996599
2014-06-13,HAL,66.61,67.69,66.04,67.58,5617689,0.8451935615200863,0.8424914406375451,0.9246993509309844,1.526943365956163,0.4507454736349969,0.233864713963349,0.0628052805863707,-0.995196771775392,1.0593456090582356,0.1356490748002605,-0.002381227687496,1.1483310210270945,-0.3125455930404752,1.073897104837579,0.4434854766988306
2014-06-16,HAL,67.58,67.87,66.94,67.61,4491623,-0.0053585596992724,0.0027005049654835,0.8372001876198688,1.5634479350232202,0.4623598156678374,0.2159561398538353,0.0739916199917768,-0.9967982121708148,0.944821788669,-0.2635676648809756,-0.002786209215766,1.1348689244228642,0.8449630937677558,0.0072222706135024,-0.4449402416570538
2014-06-17,HAL,67.48,68.07,67.21,67.61,3589522,-0.0329960430517004,-0.0247793014886723,0.7457646451290327,2.008955887258961,0.4645135031885536,0.1772777187135441,0.0777394835122611,-0.9927781164321352,0.8548425864475147,-0.6087123403931851,-0.0012427088046935,1.1254343891578364,-0.005810913531685,0.1192337169412052,-0.5312271834633795
2014-06-18,HAL,67.92,68.62,67.41,68.5,6269389,0.7865521506139587,0.7849561208471012,0.9852236933440156,2.0506775658337717,0.4938578021949046,0.2163231476894196,0.0872530736794348,-0.9904702972168672,1.1451567699606886,0.405825658842508,-0.0060967269194698,1.3743389266786057,-0.0334556067571959,0.6188547594085431,-0.1191714958355871
2014-06-19,HAL,68.45,69.0,68.025,68.98,4846530,0.4032646576682749,0.4075756672539757,1.0556909745837826,2.0310459005784525,0.5282189542182343,0.2604727841726285,0.1132962145234727,-0.9868882798659208,1.1833043183187613,-0.1555406609043967,0.0037670419528978,1.4316294068885145,0.7863063849010777,0.5586717053185102,-0.4133398784993839
2014-06-20,HAL,69.41,70.62,69.11,70.24,10049610,1.1042194867860533,1.0959939296635457,1.412885074660909,2.128259545218699,0.596466672985547,0.3830159328139996,0.2226576657806873,-0.8977056948344175,1.4144365215103636,1.691858456071904,0.0024605277116554,1.275124571020485,0.4029189025987956,0.8771264931331568,0.200314730609553
2014-06-23,HAL,70.45,70.79,70.0,70.37,5374228,0.0822309625692528,0.0897098254505451,1.331580242717243,2.0847647016468662,0.6465208837692367,0.4342206753714903,0.3222083584196167,-0.9026921953064552,1.2917709011955072,-0.0547332932006293,-0.0003943490505609,1.261559759241477,1.1040565919028782,-0.1121099193831634,-0.6557081706044475
2014-06-24,HAL,70.35,70.35,68.07,68.16,7037057,-1.9882363851272853,-2.000485046567089,0.3777275815300215,0.8002877894008011,0.590707811346862,0.202683904909622,0.24067283905937,-0.4319383503279319,0.7944840082650312,0.4943674197769059,-0.0020934883329765,0.3074764868066797,0.0818014584779291,-2.378248455636818,1.1964865298521812
2014-06-25,HAL,68.05,69.7199,67.85,69.44,9139780,1.136168980395784,1.1271903530844194,0.7582979693328226,0.9693421843052388,0.5883722279053484,0.1551046245824661,0.1382378035649004,-0.4089800570152324,1.2215409744681314,1.15788652760627,0.0003507840031696,0.851621166481767,-1.9892060182386389,1.5169160923937997,0.6529023758379671
2014-06-26,HAL,69.63,70.37,69.35,69.55,7733195,0.0656270002208143,0.073225238984447,0.6895284444638007,0.751663448391498,0.5824402324129998,0.1077840976127415,0.0464251602699271,-0.4126310962926852,1.1061222663307155,0.6199966571330828,-0.0003862213878599,0.871174853936476,1.1360144202727265,-0.1131202678277049,-0.3690711830578307
2014-06-27,HAL,69.11,70.49,68.92,70.47,6854892,0.7905466528317235,0.7888769763160691,0.9294795712227591,0.9184288776218672,0.6052729142346869,0.1439674602704374,0.0299426985031454,-0.3978107299619864,1.157129852451808,0.3077606967935155,-0.0006625436735885,1.2771874606069638,0.065193164604088,1.460449876843843,0.2654257659489213
2014-06-30,HAL,70.54,71.255,70.21,71.01,6259462,0.4440770412285977,0.4478686646215411,1.0174019079952286,1.051936826026317,0.6355971119942198,0.1921971834570441,0.040064125076991,-0.3950762251414161,1.1879960099862965,0.0949147084308588,-0.000804536597454,1.3217747407916405,0.7903019291766036,0.477076403857918,-0.3648600506188145
2014-07-01,HAL,71.27,71.46,70.77,70.85,5575030,-0.1732760881125788,-0.1644473892309977,0.8501371564148026,1.056463676745802,0.6442101628575699,0.1748968436445962,0.0367328299959476,-0.3880978120141627,1.0151520186695853,-0.1481913305844119,-0.0015797555262046,1.1384116744391442,0.44374193300789,-0.4715494646668263,-0.7796768573596169
2014-07-02,HAL,70.64,71.27,70.6,70.82,4907610,-0.0593579502494082,-0.0510021788027645,0.7309414646859661,1.1824996697175831,0.6407728287998082,0.1300390884504356,-0.0238063745579009,-0.3961694111624991,1.0520973565203244,-0.3811767954587418,-0.0015804191566431,1.1078431326711222,-0.1737722470937026,0.1661993229971021,-0.8028690032278255
2014-07-03,HAL,70.98,71.03,70.34,70.97,2506595,0.0988693286623206,0.1062241670015937,0.6881579394703413,1.030584517361901,0.6349367658673429,0.0879785974648148,-0.0725317278615411,-0.3995012605006262,0.9648294936498464,-1.181408282719118,-0.0010463238771847,1.1451001501185158,-0.0598243910646135,-0.0369606456926515,-0.7810492350511331
2014-07-07,HAL,70.27,70.46,69.62,70.16,4446371,-0.7435640347925607,-0.7355138418054656,0.3177685494217809,0.6486165662483259,0.5899370168196894,-0.0464764491963879,-0.1099106267743428,-0.3904949354850323,0.5297942874970796,-0.5012353013135505,-0.0015680482372777,0.6455658373081549,0.0984441650714074,-0.1445846078867827,-0.5935142957967833
2014-07-08,HAL,70.03,70.14,68.96,69.66,5554851,-0.4766821711772622,-0.4676118492190811,0.0798998307111748,0.4488268800947247,0.5268274970858826,-0.2006547245187737,-0.162587117234016,-0.3642126744612743,0.3769552119763886,-0.1219605820721347,-0.001703129211942,0.3389070238909499,-0.7442089664988946,-0.4254906263847168,-0.1795780786351267
2014-07-09,HAL,70.03,70.75,69.92,70.67,4460679,0.8696829387680649,0.8665030838704414,0.3944294856611245,0.4777143541501647,0.5089983786680748,-0.2074463712739882,-0.2034765419996732,-0.3221355007305727,0.6116039068702313,-0.5129573244440638,-0.0007994421088262,0.9583578269937072,-0.4772574806122674,0.664146714927223,-0.6125080907231303
2014-07-10,HAL,69.73,69.9,68.91,69.35,5630753,-1.1958743435770136,-1.192216963665803,-0.1509726186598068,-0.0844686355755735,0.4361949183892005,-0.3543826982664013,-0.3043174109202128,-0.2032208932907928,0.3612739367406753,-0.1476561057379733,-0.0017251870300032,0.1487785595722814,0.8694588596329462,-0.438042900502946,-0.4015985836283105
2014-07-11,HAL,69.24,69.35,68.66,68.99,4652156,-0.3561812413139646,-0.3470291230380881,-0.3311104311784341,-0.5754562403153534,0.3585009095830919,-0.4845199475805212,-0.4518600947413717,-0.200609972676156,0.3504310840221242,-0.409021558781926,-0.0017252180352469,-0.0720157860881055,-1.1966372708287032,-0.2991060697759942,-0.757794504933366
2014-07-14,HAL,69.41,70.01,69.12,69.8,5290111,0.697965116157585,0.6979384961019051,-0.0674185333729566,-0.3534822781575105,0.3233820222116921,-0.4790421173732118,-0.5371001918012227,-0.2152502864669063,0.3149755500017751,-0.1794721178638978,-0.0005785649941865,0.2220510194153344,-0.3567251153103806,0.3981928312601319,-0.5286682440717009
2014-07-15,HAL,69.59,70.37,69.27,70.26,7133528,0.377300479145235,0.3819282601075614,0.0556364430904664,0.5423867842459134,0.3084024300477486,-0.4228216540335905,-0.6335836621510875,-0.2095441129692515,0.4081680173571229,0.4137004643714158,-0.0005200671461614,0.5042863180914849,0.6976962404796224,0.7010824440802362,-0.2865282098247574
2014-07-16,HAL,70.64,71.94,70.34,71.86,7158099,1.3847787932381543,1.3694047448128268,0.5752820941950455,0.6231168336592807,0.3537263275430021,-0.2226251390804929,-0.6699922503240645,-0.1016498997661509,0.755727242757873,0.3493545699391868,-0.0006673838263729,1.384173559478671,0.3769479507227168,1.2785132608069736,0.2643033576654873
2014-07-17,HAL,71.88,71.9,70.285,70.35,5844381,-1.3412292273385602,-1.3397016562841748,-0.0256255645665248,0.0425536088142788,0.3247788526220915,-0.2536411611641207,-0.7304773462853674,0.0056814180169682,0.2291670883736954,-0.0830415247796569,-0.001631787789346,0.1505930200330884,1.3846890887017975,-1.6344722450048377,0.3219026475141962
2014-07-18,HAL,70.33,71.15,69.92,70.93,7112095,0.4802898382443399,0.4835986688870783,0.1546447399663791,-0.0512526643678035,0.319287350363978,-0.2180787089825279,-0.7516781931644734,0.0094260291452736,0.2476980511680219,0.2983032459202034,-0.0006920324332861,0.6219928468586844,-1.342030073754254,0.6182315949762385,-0.1461066876226306
2014-07-21,HAL,70.97,72.2,70.65,71.0,9456977,0.0284456970427643,0.0362953290180234,0.1664541243225812,-0.192135800367245,0.3123929779030571,-0.193239710989409,-0.7354413477840926,-0.0646250226914863,-0.0085678148333312,1.085758843511197,-0.0006317082192677,0.5258631556570253,0.4799641769644818,0.0056202330655687,0.2280892236533491
2014-07-22,HAL,71.7,73.43,71.59,73.29,11419188,1.975044884719359,1.9407190886680492,0.9653818175765316,0.436159797764078,0.390851894889613,0.0463293851188528,-0.5288310443452958,0.1640697581922721,0.441940765130873,1.5569468211195945,-0.0006380525671477,1.3594763480276622,0.0280021618280842,1.6490996054236122,0.5010104009817961
2014-07-23,HAL,73.34,74.33,72.52,74.02,8127446,0.5871208538504935,0.5888854260511844,1.1231686744567797,0.5838372510606827,0.474593800534234,0.2515829838667047,-0.4041500730061333,-0.1158431076047818,1.0951870787125253,0.4972367455469041,-0.0008893419102747,1.2838515490127658,1.9751091646667,0.6741908654137293,0.446597677259074
2014-07-24,HAL,74.1,74.33,73.23,73.41,6243555,-0.5460655225725438,-0.5371489832985572,0.8202789216472247,0.3788789716501572,0.5093849175203878,0.2897873755270846,-0.3163023768956861,-0.140549503577349,0.6721774510332632,-0.0471121388921332,-0.0014835074623508,0.903505381038195,0.5868230618977379,-0.7298351980978385,-0.3425165821836632
2014-07-25,HAL,73.35,73.66,72.74,73.41,4506309,-0.0329960430517004,-0.0247793014886723,0.7464466764802895,0.6190955150706096,0.5291611483594827,0.2817028303883471,-0.2548153407253007,-0.1388344308008798,0.6476212694214802,-0.5650296039095554,-0.0012427088046935,0.903505381038195,-0.5466589322502973,0.0354845004014131,-0.5468668700764119
2014-07-28,HAL,73.06,73.16,72.13,72.64,4237626,-0.6860227270716608,-0.6776544889249537,0.421173373583469,0.5354557615034236,0.5069897167157531,0.1672626331594373,-0.2269309156313007,-0.128471341753532,0.2847695729889702,-0.6230180041287023,-0.0014216714414852,0.4520733203978587,-0.0334556067571959,-0.4606410754562611,-0.4095909007829386
2014-07-29,HAL,72.78,72.78,71.21,71.22,6516100,-1.250044683580081,-1.2471399757377026,-0.1063346258198172,-0.0596596957578052,0.4269163365843455,-0.0733281432712081,-0.2275260391593715,-0.0323174919172493,-0.1240439769083182,0.136490253308721,-0.0015368639536673,-0.3804377524713381,-0.686652647804658,-1.64572826905099,0.2458727998260148
2014-07-30,HAL,71.35,71.86,70.653,70.74,6361227,-0.4525952848281345,-0.443489826276937,-0.2812961776454839,0.1613515900201426,0.3389634044536548,-0.2860825956184231,-0.2261136886052572,-0.0219429955124423,-0.1902789320278662,0.0708914303815541,-0.0015639177955076,-0.6618499461172658,-1.2508217424106594,-0.6722393111613485,-0.1693219617111039
2014-07-31,HAL,70.25,70.31,68.51,68.99,9979608,-1.573165192366265,-1.575766002477039,-0.8938304584963235,-0.1889912872378273,0.1964272874695466,-0.5967823356803653,-0.156601236781521,0.1181514679909003,-0.546979711906644,1.1411099295083835,-0.0018125841258291,-1.6071434831925009,-0.4531643106449345,-1.3814090676117885,0.5831006041782673
2014-08-01,HAL,68.57,69.16,67.37,68.72,9411935,-0.2766497627881243,-0.2675721095980242,-0.953299067381294,-0.4427489831265124,0.0703334674690441,-0.8030199383419343,-0.0780010766631448,0.1168820518445884,-0.6330925114469288,0.8045768531667628,-0.0019190464767535,-1.2365261939353331,-1.5740265446120263,0.1389564223708793,0.579516291380698
2014-08-04,HAL,69.02,70.33,68.41,70.09,7052410,1.2081784530637394,1.1974449329341907,-0.4454081220086065,-0.2262321419876213,0.0223664542057406,-0.7669129648525582,-0.076277743379011,0.1880608297138524,-0.1821300065299142,0.0495367865906851,-0.0005726263691393,-0.582197356823805,-0.2771728891694641,1.144944099995932,0.6916615420878629
2014-08-05,HAL,69.78,69.82,66.77,67.72,9493576,-2.1381686621361764,-2.154621413343061,-1.2875788029682909,-1.0468065081498603,-0.1093561438603268,-0.9536128195232044,0.041770182647366,0.4133816876032679,-0.5764908180100357,0.6950400874754881,-0.0019693040846232,-1.4635815603064362,1.208042678267554,-2.256707456996307,2.162214499117201
2014-08-06,HAL,67.2,69.23,67.15,67.96,6468565,0.1876467360336355,0.1942654419177505,-1.1504958578835187,-0.732768664643908,-0.2036504842019561,-1.0066330121900735,0.1457835489557652,0.3661286226487714,-0.7306657029986052,-0.2041675652609291,-0.0005720493377458,-1.3580519876892163,-2.139177408529824,0.8281381622697561,0.959426351358966
2014-08-07,HAL,68.35,68.55,67.03,67.37,6886202,-0.5734940142724271,-0.5646598210685854,-1.3343682497441975,-0.9983443224273773,-0.2998390322627809,-1.0539248243847212,0.2564461470584732,0.3156002144417401,-0.5867901154852431,-0.1025211952920884,-0.0018177158958071,-1.6174788537065492,0.1872447320709568,-1.1095755041429642,0.2890101655549076
2014-08-08,HAL,67.57,68.38,67.25,68.31,5645767,0.8356777768779912,0.8331587753747022,-0.9728948978511546,-0.7620816471863212,-0.3368875664577367,-0.939532896522277,0.2875790162740013,0.3573757150383938,-0.3122349388775527,-0.4632456959733029,-0.0006480793437497,-1.2041546942890973,-0.5740945793029849,0.80109681334177,-0.2126799099781462
2014-08-11,HAL,69.07,69.94,68.79,69.42,6187669,0.9786628886335832,0.9732442961360072,-0.5533363112593819,-1.0903827548076397,-0.3205649137750396,-0.7106428379736909,0.2964252420000586,0.3838163578550942,-0.2474323768900821,-0.3222048802307937,-0.0007059993196148,-0.7160804209344458,0.8354448267144121,0.3565287482067196,-0.2107132958051279
2014-08-12,HAL,68.82,69.39,68.49,69.02,5067250,-0.3917286129081081,-0.3825762110084483,-0.6795039575294514,-1.3847740803640758,-0.3213630130611394,-0.5715993119753473,0.3231326032690049,0.3794770558103382,-0.426675944912733,-0.613664723569964,-0.0016110094878383,-0.8919630419631518,0.9784672394244854,0.1932469050026276,-0.5045842104562388
2014-08-13,HAL,69.43,69.86,69.04,69.54,3895779,0.4360590061986869,0.4399547380547616,-0.443348523567161,-1.121338144536116,-0.2997711491228079,-0.4027331112715885,0.3140817065020088,0.2752857607532332,-0.6416321804747668,-0.9187445466878223,-0.0009162271213777,-0.6633156346258328,-0.3922817602538502,0.0933823742160012,-0.6085872786667903
2014-08-14,HAL,69.83,69.85,67.17,67.34,8358153,-2.0026204677982125,-2.0152558287750377,-1.209655594684954,-1.4284023357296374,-0.3667107549155907,-0.4955186297612805,0.4149238813796906,0.3846286733993072,-0.7958566803483318,0.3278095322759197,-0.0018694284313666,-1.6306700502837024,0.4357218062891592,-2.720344118512768,1.72547892934221
2014-08-15,HAL,67.79,68.47,67.36,68.42,6847170,0.9654993608459028,0.9603609490756516,-0.7604712799232667,-1.032535734018707,-0.3746343815754899,-0.4178409302023663,0.4456989714642534,0.4288197528446703,-0.6871898961535111,-0.0973850098867665,-0.0005795262671064,-1.1557869735062043,-2.003593853328306,0.6758168707576726,-0.239257928396151
2014-08-18,HAL,68.91,69.27,68.53,68.87,5018851,0.3764765800754685,0.3811142389407019,-0.5528696541398423,-0.6918279383139495,-0.3607416139875287,-0.2995437473220753,0.4550023221368309,0.4406761434695041,-0.608073435263084,-0.5712428228850026,-0.0008503630576776,-0.9579190248489116,0.9653002776278736,-0.0701718897955087,-0.6958362287462848
2014-08-19,HAL,69.0,69.46,68.64,68.77,5814814,-0.1233954005347631,-0.1147481968488308,-0.5068937007262759,-0.6224808571002803,-0.3513134752777476,-0.21639787889341,0.3527551949998407,0.1899880889174409,-1.073237678637678,-0.265243628877466,-0.0016409750708889,-1.0018896801060913,0.3761238367199315,-0.2781558347228352,-0.5975838295439004
2014-08-20,HAL,68.98,69.0,68.05,68.78,4444567,-0.0239429621299881,-0.0157765267883094,-0.4056907040579252,-0.2421025188666016,-0.3412109236891367,-0.148145257010128,0.1458924727563414,0.1529249022939633,-1.2071624330431052,-0.645466157479856,-0.0008872885914563,-0.9974926145803714,-0.123878546991478,-0.24537072644309,-0.4402070589770755
2014-08-21,HAL,68.91,68.91,68.05,68.34,4710170,-0.4312736891606633,-0.422144966306445,-0.477384243617061,-0.2837150896794478,-0.3482033247210564,-0.1375452732657158,-0.0472814481186058,0.1497174305277738,-1.181791158376351,-0.5439662006968826,-0.0015766074589488,-1.123833262203927,-0.0244001641311409,-0.6512551307627009,-0.5425510143229484
2014-08-22,HAL,68.23,68.3,67.26,67.47,5130588,-0.825569830347041,-0.8180664524532372,-0.6969158078996271,-0.8709339605531328,-0.3852395889890829,-0.2063976730463786,-0.2847873600553105,0.1646994415235989,-1.3558450758393168,-0.418056242451706,-0.0016561524240927,-1.517151443119756,-0.4318371527489229,-0.8678724166314935,-0.3066863775627787
2014-08-25,HAL,67.91,68.61,67.5396,68.55,5063432,0.9635754776014024,0.9584777904133618,-0.2085013953880904,0.0548291819424664,-0.3695235169150625,-0.1256959872376542,-0.5552748654950493,0.2377618994513932,-0.994404090819872,-0.4496673066024871,-0.0007632503492986,-0.8967698174213818,-0.8262361551509472,0.6857014509522187,-0.2899664126478565
2014-08-26,HAL,68.97,70.495,68.8,69.81,7822795,1.1113530050622151,1.1029606693853269,0.2996107485267107,0.3042988742270324,-0.3056530833372861,0.0628138589611874,-0.6741028431059788,0.2582336003309406,-0.4582384608173364,0.3944758373316851,-0.000611084566877,0.1040630052857939,0.9633758924941872,0.8938443819393002,0.4322079198304422
2014-08-27,HAL,69.81,69.81,68.07,68.48,15545977,-1.219118230032204,-1.2157778460981972,-0.165313881176635,0.0884059791329954,-0.3055522170950249,0.0494799673672108,-0.7931401540410087,0.3198458186451466,-0.6366825181529242,2.481534813262732,-0.002265205464006,-0.3553026700746608,1.1111919711213245,-1.4657073868870432,0.5262738657277545
2014-08-28,HAL,68.11,68.26,67.27,67.38,7429945,-1.0330521360487308,-1.027425106087932,-0.5558790752843231,-0.4182933948616486,-0.3464657713961477,-0.0667575583391711,-0.7567704718232274,0.2487970925685681,-0.5102127769998427,0.1592494817264108,-0.0020164710627796,-1.3369401710643958,-1.219887220986191,-0.8360772786059326,-0.3668143914717746
2014-08-29,HAL,67.31,67.6692,67.15,67.61,5249885,0.1795202618558818,0.1862115548097379,-0.4467851305073764,-0.6707437652952929,-0.3673003923428741,-0.1080647501011729,-0.7356084262616408,0.2507852538113158,-0.4047014835510244,-0.4382427503269728,-0.0004846223057527,-1.131688693584722,-1.0337725873833337,0.3104170035673428,-0.9513213230004194
2014-09-02,HAL,68.17,68.18,66.23,67.49,10644635,-0.1434969230965108,-0.1347717796691312,-0.4435660470829637,-0.6067860478923675,-0.3857837203265443,-0.1350583159004712,-0.7940025805696648,0.15106686842464,-0.712276903310893,1.1258743686741726,-0.0024500167259176,-0.899246809358046,0.1791161379155378,-0.7799503180413386,0.8166576587601762
2014-09-03,HAL,68.03,68.18,66.81,67.58,8111513,0.0500269733191975,0.057733370237621,-0.4063393863521882,-0.7464199795578689,-0.3940437330039378,-0.1303385309319933,-0.7881420688419031,-0.111999925714908,-0.1978389835664994,0.3963313535257283,0.0003856757032106,-0.829099953937217,-0.1439853134976397,-0.5260711197537851,0.0981844920569375
2014-09-04,HAL,67.53,67.94,66.23,66.55,10185419,-0.9818829714851978,-0.9757273963963458,-0.775580703939574,-0.4422734367250785,-0.4377758838122494,-0.2178673758669841,-0.7037821105627406,-0.0599895779136494,-0.4721861142340607,0.937816326982152,-0.0025313348129775,-1.6318917437533418,0.0495890680767162,-1.122729248281829,0.5501166592643018
2014-09-05,HAL,66.515,67.64,65.88,67.45,8977092,0.8089608878081109,0.8069484977376704,-0.4310338659537379,-0.5061962304337391,-0.4337104564713921,-0.1648603084759338,-0.7075121584248347,-0.0283390997736957,-0.1500370809067689,0.544836748961257,0.0008775058244809,-0.7504327930969037,-0.9825900741665404,1.0357133540546664,0.5833226852573942
2014-09-08,HAL,67.04,67.14,65.94,66.31,8824589,-1.0852445641544324,-1.0802011554733435,-0.8319527608337224,-0.9666002082474602,-0.4716136657353303,-0.2304812027099053,-0.6137208924688117,-0.01517994392224,-0.5974740077816882,0.4444080968980014,-0.0024242510087714,-1.5715740612842142,0.8087209679296375,-0.8490015622976677,-0.0831195403546046
2014-09-09,HAL,66.22,66.92,65.465,65.83,5912487,-0.4836649919179002,-0.4746066135687615,-0.949848835291522,-1.0483605212312197,-0.5162876320602297,-0.3004057302160187,-0.5365689235106806,-0.0924465107374686,-0.9269801587425798,-0.3736308630130179,-0.002621232530787,-1.6400848406837047,-1.0859786310841215,-0.4712757204798369,0.2507078507490967
2014-09-10,HAL,65.79,66.75,65.43,66.71,6107506,0.799254800009956,0.7974237106034202,-0.5662675761548406,-0.7459836361587926,-0.5128435162574092,-0.232490237158429,-0.5290464797827018,-0.0349673306610181,-0.6590146110772078,-0.3309856696858918,0.0015866841863101,-1.041233216063754,-0.4842421229822723,1.0301911607677083,0.0577532125576882
2014-09-11,HAL,66.12,67.29,65.73,67.07,6610762,0.3029789756784514,0.3084547192187267,-0.379754459707235,-0.5332359219088597,-0.4919710068604759,-0.1332974576242015,-0.5848546581360711,-0.0437129544933608,-0.6891303479052944,-0.2241091109455609,0.0002737752759509,-0.8049636497302304,0.7990123480752797,1.0591976037498445,0.3471245920041301
2014-09-12,HAL,66.69,66.79,65.61,65.86,6321154,-1.1561841356904272,-1.152006181369769,-0.820650601997682,-0.6121597236021034,-0.5187658357775911,-0.1766381422422907,-0.5087861534249922,-0.2124381440899109,-0.4902582578082666,-0.2793582707899993,-0.0021803873397324,-1.599091914351237,0.3026070587826596,-0.9666071743842122,-0.0981229600486539
2014-09-15,HAL,65.65,66.43,64.91,66.28,5987735,0.3640336525055909,0.3688191908282265,-0.6170329363041129,-0.8229579205209695,-0.5191828884676962,-0.1434147480117071,-0.482620523661521,-0.2808610000467957,-0.6268340962964516,-0.3624653891551901,9.874342813509597e-05,-1.065881351714026,-1.156936708838675,0.6987043882329242,0.3199329798017003
2014-09-16,HAL,66.09,67.89,65.99,67.29,6331054,0.915715753471597,0.9116127123013442,-0.1940681079155341,-0.9098602369177224,-0.4759736308763031,-0.0045426609728104,-0.520464239597476,-0.2207154598324921,-0.5044124548526701,-0.2821050946726047,-0.0002865211638368,-0.4647312437790337,0.3636776631262603,1.3454816363532145,0.7618880549144716
2014-09-17,HAL,67.63,67.68,65.85,66.24,6369853,-1.004476788682669,-0.99854927167652,-0.5540603707857396,-0.8476695025142035,-0.4792253234520768,-0.013034677264599,-0.5287047591143382,-0.165606418261021,-0.7077847915247275,-0.2780562885600954,-0.0019582322441879,-1.0896892767807618,0.9155036830547624,-1.5791330727095942,0.7111183147887739
2014-09-18,HAL,66.79,66.8,65.9,66.33,5760702,0.0515936818105074,0.0592893915253361,-0.4718971929439167,-0.5323574628622675,-0.4744868570705642,0.0007382413105127,-0.5567345920013735,-0.163958125143674,-0.690623886612176,-0.4612472104608556,-0.0003708212536649,-1.0361214453806122,-1.005189785480794,-0.5466612308039435,-0.4605116979124869
2014-09-19,HAL,66.63,66.99,66.17,66.51,8488695,0.135953855180547,0.1430164188010116,-0.3662462893203218,-0.5507155821585137,-0.4600406522595625,0.0367441277731252,-0.576342563873179,-0.165617814938658,-0.5607515417316454,0.2299591020575901,-0.0002650725620868,-0.9289857825803132,0.0511561852799641,-0.1623846015713267,-0.5638166884727797
2014-09-22,HAL,66.3,66.3,64.38,64.68,8763410,-1.7460047428321586,-1.7522691514576167,-1.0289585940938708,-0.9649433710578064,-0.5163566365294698,-0.1165918196071849,-0.448860924865394,-0.0238378156779486,-0.7747909137883091,0.2483560201622262,-0.0019890675963751,-1.718219471883658,0.1355383659411704,-1.872378269707701,0.8826162611033068
2014-09-23,HAL,64.65,65.37,64.21,64.8,5506513,0.0825105200254345,0.0899873354342946,-0.9107181388308744,-0.9545068452089804,-0.5516023947915581,-0.1850261784831413,-0.4095427772786614,-0.1054740183487647,-0.9708986957927648,-0.6077956250008795,-0.0006012149533554,-1.5692475573910432,-1.7469111842492702,0.1489776142508916,-0.0994196296215083
2014-09-24,HAL,64.82,65.0,63.06,64.72,10415687,-0.1098578177413023,-0.101266751478251,-0.8449329521479604,-0.7420095547395105,-0.5777199068218504,-0.2162777169225099,-0.5350420994179482,-0.2306181753701311,-1.23830544202562,0.6280968975164832,-0.0022282947068117,-1.0638003627081962,0.0820810888631019,-0.1428728377420793,0.9068415326615696
2014-09-25,HAL,64.48,64.88,63.33,63.66,6286363,-1.0526734186464657,-1.0472605193852198,-1.1716887194687742,-1.315821696983242,-0.6345170141556695,-0.3202476978478541,-0.4513520980121849,-0.2518987066054621,-1.201197286722233,-0.3306370960498662,-0.0021651390681368,-1.4977433770831703,-0.1103374326082358,-0.9871177889375068,0.4378676136346711
2014-09-26,HAL,63.83,66.26,63.65,65.88,7892217,2.138113652940196,2.0976272608168003,-0.2635992861785537,-0.3042738882362937,-0.5870881837419183,-0.1351479130353005,-0.4732871608004406,0.0578780160522357,-0.4944259594711178,0.1004145268168374,0.0004918909570471,-0.0504059228301151,-1.0533989886438444,2.4001468610044565,1.7104314489393286
2014-09-29,HAL,64.9,65.79,64.46,65.61,8432262,-0.2881519344393136,-0.2790572066820675,-0.3312723470883832,-0.2491220791207469,-0.5554201165080733,-0.0276360182948623,-0.5096891556510982,0.0547531378025745,-0.6019259814638088,0.1991706860423256,-0.0023831858033459,-0.2257045585936816,2.1382204731256502,0.8002129940442202,0.0981036684546028
2014-09-30,HAL,65.29,66.25,63.93,64.51,8893245,-1.0767979215524752,-1.0716570100301832,-0.7099577549507524,-0.7782730476904393,-0.5687540358509602,-0.0574608412591349,-0.4981168485381867,0.1078466347299765,-0.8159569847499797,0.3494079174188738,-0.0032846511425251,-0.9398841857785882,-0.288678061426632,-0.9289110128727734,1.4058981314871768
2014-10-01,HAL,64.63,64.88,62.08,62.47,9728748,-2.0017822234438887,-2.0143949524873555,-1.4246965777818632,-1.2578777612449348,-0.6537666736926134,-0.2658204871248171,-0.3125570421207783,0.2867950501066149,-1.277986982839829,0.5463875810837121,-0.0096962872677521,-1.6600688604027525,-1.077529784981203,-2.551333662824504,2.1441396121366205
2014-10-02,HAL,61.9,61.93,59.67,61.44,15773142,-1.0595012235148962,-1.0541643279560025,-1.740206075078134,-1.23084143971805,-0.7546728420434262,-0.4734178777469267,-0.0197489088450479,0.293203486362587,-1.2951744409032506,2.0067947565004247,0.0054560095687595,-1.165511870252868,-2.002755390298667,-0.5877676198984794,1.4742741094002152
2014-10-03,HAL,62.26,62.28,60.64,61.86,7214681,0.3925960101612378,0.3970384664696819,-1.4655907642877006,-1.23084143971805,-0.8104659355289888,-0.5233755121456871,0.1035090511874193,0.2523055126444663,-1.3846424324040982,-0.170293601180354,-0.0021402714074872,-0.9956631785587252,-1.060228574702187,-0.5117118939992796,0.6181654157102813
2014-10-06,HAL,61.97,62.85,60.93,61.68,7164882,-0.2141542510980019,-0.2052065769824463,-1.4495818384382648,-1.605388320716478,-0.853622488591823,-0.5308153821497741,0.2515679212832696,0.2151209571229811,-1.1929440628167225,-0.1631666936939393,7.473719221839459e-05,-1.0684554749990718,0.3922474719297204,-0.3798750097304446,1.0029440898089077
2014-10-07,HAL,61.31,62.62,61.06,61.21,7179271,-0.5074006737963784,-0.4983888034653377,-1.5512147969503716,-1.525369670951376,-0.8976698743337543,-0.5390602661336976,0.4177242154562683,0.2157828633418678,-1.1981902836750904,-0.1747708158150668,-0.0003475531894166,-1.2585242490377542,-0.2146610740879731,-0.14954568991914,0.5327038788209064
2014-10-08,HAL,60.66,60.84,57.85,60.41,21116246,-0.8466936414647529,-0.8393489568023622,-1.7557893319073603,-1.66718960159354,-0.9547525953868504,-0.5792089020134927,0.5815988306612401,0.1646233115704728,-1.5544543438898302,2.9695904174618843,0.0007480759749093,-1.0337027119574993,-0.5079839968591933,-0.3376905417896043,2.533641649117106
2014-10-09,HAL,59.88,59.94,56.87,57.28,17293383,-3.25874769626392,-3.318935403047857,-2.852221366622318,-2.03274404960313,-1.1120512912409692,-0.869282004675713,1.0128754889486606,0.564789160133085,-2.3112270583240684,1.819442519888767,-0.0002933403786895,-1.7576263396641782,-0.8473654769005514,-3.306788184408743,2.875443515142301
2014-10-10,HAL,57.02,57.17,53.82,54.29,29438914,-3.282848209964229,-3.344218620916024,-3.876112385425745,-2.113138833153187,-1.340627200076229,-1.2848068060091482,1.7450655015298229,0.8875451249983214,-2.747546459691601,3.787774862037857,-3.850956426908152e-05,-1.7702604737643224,-3.26004877146741,-3.643580203749784,3.551278385369902
2014-10-13,HAL,54.04,54.84,49.87,50.26,25685299,-4.654471289308301,-4.800437276688724,-5.278920719328742,-2.350483920179557,-1.66290564416854,-1.8584153597744533,2.7937686388845457,1.439997792944805,-3.7172434446406655,2.5961827119163527,-0.0005099821117868,-1.8093587897111745,-3.284155572340932,-5.311026911820121,6.649903114899439
2014-10-14,HAL,50.62,51.73,48.91,49.63,27480741,-0.8133892707497534,-0.8057977105476549,-5.245118252142945,-2.3716770420807225,-1.9226408134348876,-2.15631689004308,3.571096548851638,1.3177285151732467,-4.021905014713505,2.4917658930404114,-0.0006225078948916,-1.7537902276066344,-4.65613647110704,-1.5039196189870545,3.1441430100807977
2014-10-15,HAL,49.27,51.29,48.17,50.64,30384038,1.2339920261315311,1.2226100240896896,-4.539271170264782,-2.0768969272705644,-2.066607197890776,-2.0966512550709493,4.079791317333152,1.4832707403311052,-3.626265785553922,2.523098855556463,-0.0018031823530067,-1.4450260372430743,-0.8140524179745848,2.0744739031710524,3.5434209750776837
2014-10-16,HAL,48.9,52.88,48.53,51.17,28459668,0.6185987411948825,0.6198741780309323,-4.032845889040827,-2.515436455315648,-2.1369063243925623,-1.8593004932728876,4.404486717322783,1.5299025651131402,-3.524149506595751,1.9008088153161715,-0.0019005336429806,-1.351411998197138,1.2338629853994882,3.4808931079238743,5.493544912635586
2014-10-17,HAL,54.73,56.17,52.14,52.6,26769590,1.7068709419584045,1.6818087075153836,-3.1401303507443354,-2.125968473566407,-2.1136713886332297,-1.4286648177272132,4.50385627602368,1.7120509948088916,-3.2390436885508787,1.447620904959921,-0.0020536968892232,-1.0690510361668584,0.6183091609729049,-2.9666655804873563,4.793916827024251
2014-10-20,HAL,53.22,53.97,51.61,52.92,19260075,0.3457600786126525,0.3507583646364059,-2.76537854036874,-1.9853552019263612,-2.060606483720694,-1.0073744502017707,4.602115059952066,1.709902243435343,-2.837758680320229,0.3857609586360661,-0.0020670958313023,-1.0084524644728337,1.7068652625658596,-0.4522003454457436,2.1253130535260123
2014-10-21,HAL,54.41,55.8652,53.9199,55.66,18931319,3.1904926709714387,3.100795612919861,-1.3492073599508794,-1.2070046785829085,-1.8906199860237949,-0.3693879891146986,4.509006717832815,2.1379976519883037,-2.2390056935034863,0.2482212978209686,-0.0023954373439632,-0.5049556478563377,0.3453993221513535,1.7093888608452292,1.3214136732762334
2014-10-22,HAL,56.07,56.51,54.35,54.43,17170849,-1.4088024771740693,-1.408384825547285,-1.684570055126987,-1.2263758027508436,-1.7854267390908811,-0.0257755323206572,4.415817425168421,2.1572660880275687,-2.502529399399574,-0.0062030437589413,0.0005456129307053,-0.7309779414469545,3.1908740284242114,-2.236142262699986,1.7159745708655865
2014-10-23,HAL,55.39,56.36,54.8,55.85,10908026,1.5912261367752605,1.5698236601853717,-0.868668769060051,-1.035854840638166,-1.6290923152533572,0.3807509420913587,4.290403299458656,2.272310292963878,-1.969266955026081,-0.766878477967787,-0.0019335837726462,-0.4700416350252658,-1.4096209516258942,0.601121997147141,0.7365496958101639
2014-10-24,HAL,56.3,56.3,54.45,55.78,11426219,-0.1110276030320156,-0.1024315700647732,-0.6749577663832959,-1.0247514763412964,-1.4924432352690216,0.6553023854184851,3.94814342945601,2.0760392444822497,-2.4190578564408414,-0.7197574018993764,-0.000279145518567,-0.4821312421114785,1.59119028877592,-0.7241305523367311,1.172759812059562
2014-10-27,HAL,54.2,54.2,51.84,52.39,18785453,-3.8166953460309214,-3.906927302465344,-1.953103866912479,-1.2845783713845524,-1.5019460825202,0.4987509953251681,3.6473578952557526,2.372485166290982,-3.1267237814833484,0.0705021915370927,-6.681219384628807e-05,-1.1054152803819464,-0.1115075230643426,-2.549355870789117,2.1629121675520326
2014-10-28,HAL,52.74,53.63,52.51,53.26,13871369,1.0008747838954866,0.9949773433893156,-1.2973597354955653,-1.0745239873715384,-1.4601027430443885,0.5056740839809385,3.289773422905856,2.443019350525792,-2.728687336960281,-0.5040431275226838,-0.0018525930451636,-0.8687304318335524,-3.8181419747093943,0.7186005572880672,0.1612439243281273
2014-10-29,HAL,54.52,55.17,53.818,54.42,11003023,1.3229807406199316,1.3092848648530286,-0.5651498976470254,-0.5751841916591102,-1.3672246882099377,0.6425750336957018,3.001351723451456,2.474579412512752,-2.0600129449528386,-0.8267866915288409,-0.0018627340723564,-0.4660347601123064,1.0006849291700517,-0.1648928259104872,0.4791803564022486
2014-10-30,HAL,54.06,54.53,53.11,53.92,7251439,-0.6050103530349659,-0.5962858779010116,-0.6273837506139095,-0.2453891794694531,-1.3000064504289364,0.6860478660958121,2.749342314566165,2.464207112513465,-1.9650494168014168,-1.2227214585636828,-0.0007165346447169,-0.5792562021232905,1.322874914640444,-0.2219741520840803,0.6034835934962779
2014-10-31,HAL,53.52,55.19,53.02,55.14,11120273,1.3756613335852712,1.3605385467191895,0.1167964933203683,0.6813764461183363,-1.1867378084411595,0.8393590797041504,2.3703780207986727,2.5321467216796143,-1.762912008931235,-0.798067036541852,-0.0019210097765994,-0.3029958836164894,-0.6056191398272384,2.2605648385318244,1.6885031649632471
2014-11-03,HAL,55.5,55.94,53.67,53.88,11962855,-1.4556497834979911,-1.4560463784418065,-0.3023398496574629,0.5411683284833428,-1.135170291263272,0.8031904174912896,1.9184596749058616,2.5621365704299985,-2.02472542965865,-0.7212436727189798,-0.0002769820374662,-0.5677334718380751,1.375569250549899,-2.2316119014845306,1.919881561512475
2014-11-04,HAL,52.84,52.87,50.06,51.18,20019208,-3.1528308842944925,-3.2079430748062507,-1.3774256582999225,-0.1045400795296497,-1.1885580471562096,0.5041024216013418,1.4798192165845516,2.749750300618061,-2.574046001648093,0.0945802249279792,-4.380356905739573e-05,-1.0915800995588505,-1.45648047914697,-2.3998207780760312,2.984444254768275
2014-11-05,HAL,51.75,52.96,51.38,52.37,13049240,1.4145823982009007,1.3983781585332051,-0.6037736330472998,-0.0076738224831776,-1.172218561826835,0.4443087434679849,0.912946944702958,2.839788111353749,-2.122117872200164,-0.6197017297421875,-0.0017884442272764,-0.6951037659413271,-3.154104328661921,0.8788449331935426,0.923065206309484
2014-11-06,HAL,51.8,53.22,51.4,53.17,13579840,0.918052839874841,0.9139020521337424,-0.1091126552109752,-0.0999900674556356,-1.1166094585002106,0.4975531216748543,0.6729884041683895,2.6592442440274944,-1.221277901535136,-0.5467600548824144,-0.0019496479218567,-0.0345352644482222,1.4145004686202611,1.9718677284860264,1.261419445471202
2014-11-07,HAL,53.35,54.47,53.25,53.86,10990302,0.7749416261982373,0.773558250126766,0.2423837463116912,-0.0450399216386962,-1.0351470670849046,0.6066945427262108,0.6607177849466362,2.4117317806762624,-0.2838006979701269,-0.768084481917122,-0.0020103908471226,0.3866340190726691,0.9178413791407384,0.6959216952904743,0.2964564236791351
2014-11-10,HAL,55.01,55.6,53.26,53.63,10217662,-0.2988584386081976,-0.2897497322084633,0.0449953451984956,-0.5465053260061489,-0.970152159508135,0.6516206596483002,0.5100483579561791,1.737695137830648,0.8172757736617292,-0.8026316233494868,-0.0002560817536394,0.2949599478961988,0.7746928316130673,-1.9216349206318803,2.045029081560484
2014-11-11,HAL,53.94,54.03,52.275,53.72,10713680,0.071483229274832,0.0790398650867102,-0.011805654232886,-0.3231766784890643,-0.906349526784255,0.6844926582391878,0.2399092037582192,1.7033368743118469,1.0428391399508907,-0.6732529938866307,-0.0020059101517325,0.3308324105304689,-0.2993873586333349,-0.3344625044197313,1.1313717038752322
2014-11-12,HAL,53.22,54.54,52.85,53.23,9599997,-0.6008746427222803,-0.5921348489721122,-0.3152418430065993,-0.7155663937814338,-0.8667742453799403,0.6484294718798677,0.0577703515169278,1.6878024324072205,0.5836716137251574,-0.7292411734603773,-0.0002994451938226,0.076548496201484,0.071050921390124,-0.0121204243682285,1.0546661807555466
2014-11-13,HAL,52.83,58.0,50.772,53.79,35987469,0.6219823713613012,0.6232043069184042,-0.1053307770818969,-0.5760113213304695,-0.8057790174225029,0.6747134964840111,-0.0947411582372919,1.6879104011226314,0.5845019390510929,2.762633289938208,-0.0038817576734211,-0.3196910554435002,-0.6014823506194131,1.3465722198069834,9.607555623691432
2014-11-14,HAL,56.03,56.26,53.69,55.08,25498978,1.4600857262951372,1.4425878380129662,0.4625598500116444,0.4183527493972429,-0.7002946750594045,0.8102549307845099,-0.0957580127552472,1.6639242371607974,0.5249687309997598,1.3760420144786976,-0.0393346102708359,0.2203837787253684,0.6216936738370623,-1.3073123727794014,2.297310958269258
2014-11-17,HAL,51.47,51.78,49.01,49.23,80357830,-6.645369306789605,-6.976988703974846,-2.3044182641926194,-0.8475618625634063,-0.8389532214788945,0.2902684853244228,0.3369261069090701,2.910345518383755,-1.191539075991715,6.917482803873664,-0.0106760743416611,-1.799954627492395,1.4600156673040237,-3.3143678187670336,3.0979748973227155
2014-11-18,HAL,50.24,50.42,48.46,48.54,43671741,-0.9055949842261648,-0.8987314648051776,-2.483326578823632,-1.175601979567377,-0.96655084675118,-0.0972500504202436,0.6996164040646075,2.6013428526348346,-2.046173187057178,2.5149479889485025,0.0008942572585261,-1.8534270490865687,-6.647553860118814,-2.582806096491526,1.773902386284552
2014-11-19,HAL,48.73,48.94,47.74,48.43,31694491,-0.1740834786685868,-0.165252170202239,-2.4026832498023496,-1.1310870545310303,-1.0614622668545195,-0.3231311495915561,1.0282639219573897,2.574919590732316,-1.7864241683430897,1.1449371334875478,-0.0003664992821237,-1.6577467169420723,-0.9062821854317156,-0.4914414338453793,0.4736984216176876
2014-11-20,HAL,48.7,49.46,48.39,49.21,23272258,0.9697144514535948,0.9644866148386252,-1.863390512217427,-1.2333549571374107,-1.0950558764899208,-0.3460050403466484,1.1083464849043732,2.519303242486209,-1.913559112681192,0.2275514534926404,-0.0017316984514164,-1.4050311614639877,-0.1745798482761039,0.764882841996318,0.22080207760534
2014-11-21,HAL,50.3,51.13,49.8,50.63,31224786,1.7635171300428178,1.7365884245400869,-1.0326133931011612,-0.7559438394790936,-1.0553250680560753,-0.175568363092127,1.0310088002756943,2.637058939934976,-1.5234419912950397,0.8647661354367893,-0.002039117236569,-0.9449592527731157,0.9695164678388808,0.469351224552073,0.597958002481173
2014-11-24,HAL,50.51,50.98,49.51,49.88,21015119,-0.9552462528864611,-0.9488326113390886,-1.3480196002671063,-0.4453722405806647,-1.0430276057396808,-0.10983198194033,1.1259316858399058,2.2971567660677232,-0.8711081635138742,-0.0964066610530487,-0.0004909871123693,-1.187954979194351,1.763526228111068,-0.9686571695656604,0.8647920380810793
2014-11-25,HAL,50.29,50.33,48.185,48.26,27170027,-2.0550092897978374,-2.0690828719250334,-2.044335530594514,-0.9768728862814988,-1.0862128537599252,-0.2000544183118893,1.332279756564885,2.3485667807646187,-1.546236761798909,0.3995496529847402,-0.0004779638494335,-1.7128257482642195,-0.9559464067672204,-3.076030686383615,2.112906163510923
2014-11-26,HAL,48.06,48.19,47.124,47.34,22852299,-1.2198463227593646,-1.2165160132605064,-2.344697449253423,-1.2979366272761568,-1.1451403288401714,-0.3127525888651992,1.534502282580433,2.2873098744331,-2.0781857073359964,-0.0416063824984833,-0.0007384457886154,-1.815283733016472,-2.055996342156881,-1.1581785008241845,0.2853418354497133
2014-11-28,HAL,44.33,44.37,41.87,42.2,34472672,-6.792740714422481,-7.141185473020081,-4.707395622799689,-1.9119163942783208,-1.379918021959024,-0.8555465593453754,2.428615078200446,3.27439243016282,-3.359731407334352,0.8083747593196741,-0.0005989906268556,-1.8132941115139576,-1.2206155036530826,-3.656483534653399,3.345930787686859
2014-12-01,HAL,42.02,42.13,40.25,41.21,40194995,-1.4935518990610035,-1.4946341326362031,-4.923448448493209,-1.956836568595672,-1.5883299699582545,-1.2219167616677649,3.1430277358947127,3.172608948266846,-3.877735106957751,1.0950398747854502,-0.0006334512768503,-1.70151606547807,-6.794963712972318,-1.482693180554286,2.2106856896278204
2014-12-02,HAL,41.29,41.44,40.2,40.34,39448185,-1.3473491763631085,-1.3459189913608929,-5.090579882176343,-2.024324144513428,-1.7690410742122091,-1.443711428584706,3.853036326210389,3.1699611452000456,-3.858194850201549,0.8813446707525578,-0.0007524069022872,-1.8551575372023077,-1.494392482348422,-1.7646114382957752,0.9704675074246396
2014-12-03,HAL,41.19,41.84,40.63,40.75,33376483,0.5997703271619054,0.601340203069044,-4.646758074485713,-1.907270813043582,-1.8761887217791955,-1.4317960909726049,4.4427135638991295,3.082488493197638,-3.160456853509101,0.3718411013781823,-0.0015952610447662,-1.7785893107780708,-1.3481516193082397,-0.8333761641249701,0.8833371945849868
2014-12-04,HAL,40.47,41.28,40.02,40.74,32565669,-0.04827408906362,-0.039975419589891,-4.3926198805813295,-2.0331464368557235,-1.9408211226575,-1.3128303077898722,4.89094939525052,2.9817601514063097,-3.4289734343090053,0.2335366106972876,-0.0008486645712823,-1.7481876180105316,0.5994758351151498,0.4777353886889448,0.986228445563458
2014-12-05,HAL,40.81,41.02,40.03,40.37,30049667,-0.5984225004516563,-0.5896737554133065,-4.302000107679474,-2.363686394176604,-1.9854138737386724,-1.166075967640728,5.238404772610843,2.9091964290503367,-3.7030766080682977,-0.0006814373551471,-0.0009243148030475,-1.81659402339728,-0.048737638398751,-0.8408910539324506,0.4524573882305103
2014-12-08,HAL,39.84,39.95,38.38,38.59,37381034,-2.7780866238659,-2.8168307880758525,-4.934083972580594,-2.16564889480902,-2.0686569229515177,-1.1481576975623269,5.622367252175504,2.9214325210998418,-4.33130188742284,0.3898189798185572,-0.0008873976263753,-1.8457228605369207,-0.5990295686510885,-2.3967917378673373,1.7993252025253648
2014-12-09,HAL,38.04,39.69,37.87,39.5,33276294,1.4351255978839368,1.4183412287530344,-4.095787419191966,-1.845430066619556,-2.076572717453386,-0.9399320246032592,5.791002254014083,3.053147182627612,-4.0369706042747,0.0449378295886717,-0.0015231056091961,-1.612131602635039,-2.7792623075753924,2.8734102192370523,2.2486853060465792
2014-12-10,HAL,38.47,39.2,37.84,38.12,35185753,-2.2080869733817883,-2.2266316297634874,-4.507574539531386,-1.9398543852973276,-2.1144785588319253,-0.8505453506294378,5.9631841932716,3.061612409183691,-4.432372193311368,0.0839260159979302,-0.0009129006054801,-1.835133597229574,1.435049027469345,-0.7136865744096956,1.3820121036334732
2014-12-11,HAL,38.06,39.13,38.03,38.23,22655605,0.1466572655748298,0.153631407892671,-4.079333446637939,-2.1285337721807878,-2.11747727166255,-0.6891856634808355,6.022517799894815,3.090568668035381,-4.306087559803178,-0.7001964480331557,-0.0014325118689219,-1.8169957019359888,-2.209113959574763,0.3111454427680905,0.8066605388780358
2014-12-12,HAL,37.81,38.479,37.46,37.93,30154636,-0.5215498293340282,-0.512570029965911,-3.8577781505424342,-2.593836517876714,-2.109044845893658,-0.5306743597894519,5.89293265724495,3.030234390542456,-4.497811126341981,-0.2398740355133694,-0.0009715350087229,-1.798198246813546,0.1462445685661897,0.2134669513738134,0.6476514628272849
2014-12-15,HAL,38.45,38.74,37.745,37.82,25879261,-0.2135492759766535,-0.2046031669825668,-3.47644259412606,-2.57060590890624,-2.084360140547155,-0.3620322289803128,5.368395008664166,2.886847685456995,-4.769689089991672,-0.496569603209763,-0.0010306981009672,-1.7977339756490984,-0.5221368435294385,-1.2642261646672457,0.6012767053364451
2014-12-16,HAL,37.42,39.7,37.21,38.11,28370870,0.4443923988993271,0.4481799069243417,-3.0013821066631823,-2.3895835862054686,-2.0316606215877484,-0.1550088763576262,5.355855373803129,2.05897191178657,-3.48485315617125,-0.2061906540379392,-0.0014586363016772,-1.666377254811516,-0.2140559411449523,1.3668082957708478,3.8539329674276894
2014-12-17,HAL,38.17,40.09,37.57,39.44,31846759,2.1397457536711904,2.099195694121984,-1.9262588933415457,-1.851607682800565,-1.9171493202680443,0.1697122694698774,5.22152256810906,2.299113378376446,-2.92082677700785,0.0588582594015451,-0.0015055401544709,-1.3487650820530024,0.4440573729469197,2.487457804759672,3.733700567391373
2014-12-18,HAL,40.81,40.84,38.5,39.23,30803943,-0.364491678819994,-0.3553376665833108,-1.7894779332099795,-1.1538021078245264,-1.815431941716273,0.3965578491696807,5.028617848593708,2.294962362044356,-2.9574058278613817,-0.0070429136287757,-0.0009618889847426,-1.398914372488557,2.139852999627652,-2.9513795391795936,3.37981070002794
2014-12-19,HAL,39.63,40.57,39.34,40.49,24413753,1.9666248401552648,1.9326063399897808,-0.7333948681968878,-0.4161234433009339,-1.66770397827927,0.6964647663695926,4.5929694072666924,2.413090597268279,-2.769929943005472,-0.4326609320496621,-0.0014448223134845,-1.098018629875227,-0.3650377207851398,1.6132124735714484,0.9403939756522168
2014-12-22,HAL,40.32,40.44,39.44,39.68,19035867,-1.278464316053645,-1.2759739825336809,-0.9100014724912692,-0.3985419132608492,-1.5661491112921928,0.8175415447195029,3.772376709343171,2.253638137638381,-3.3438095040448514,-0.7621377997650971,-0.001072738791482,-1.2850262131738666,1.9666869235403543,-1.225551235941425,0.5090001724456321
2014-12-23,HAL,39.74,40.04,39.23,39.88,15064017,0.2808045491790423,0.2865163914058226,-0.4651601162528661,-0.4716126387228179,-1.4626308630076852,0.919456677060164,2.7679547528408106,2.2813595766604213,-3.111853356757872,-1.0194855962431255,-0.0013694521402825,-1.2048115729804412,-1.2792487887988908,0.2398447456342262,0.1014066910288244
2014-12-24,HAL,39.76,40.05,39.16,39.7,8371001,-0.3140002243391656,-0.3048749015624106,-0.3060670151164931,-0.5206217151981727,-1.3735387588150143,0.9638561363808243,1.7475703467976909,2.2277194734657533,-2.7724679127670435,-1.4561790642127967,-0.0011689077608403,-1.1274583382339596,0.2804268475741759,-0.1403282990846738,0.2770228177838491
2014-12-26,HAL,40.1,40.3,39.46,39.73,10769551,0.014050332891807,0.0219913789872929,-0.0358124013640225,-0.4008678752657338,-1.2885939858083764,0.9887005447592156,0.374748887857862,2.225888813635156,-2.528369257160506,-1.2714576230385914,-0.0013351966651888,-0.7113394508424744,-0.3145330944473106,-0.7234277855023346,0.1707279938373894
2014-12-29,HAL,39.97,40.47,39.624,40.0,12499705,0.3901016192844793,0.3945745499160675,0.2169533266271888,0.3731787278083056,-1.1985288659606537,1.0217557560860795,0.1309527082273896,0.7887741306628674,-0.9331264506690106,-1.110904611530271,-0.0013537557587015,0.0037513792757075,0.0136030423153529,0.0303898177922424,0.1713352724355107
2014-12-30,HAL,40.09,40.12,39.53,39.53,12183481,-0.764527983659992,-0.7566071085123752,-0.0393939188346258,-0.1762729758611519,-1.134269740135978,0.9817757407725058,0.0079839175442932,0.7253290600991247,-0.7662006379150547,-1.0848750977856831,-0.0011299597689161,-0.2156221876542334,0.3897524303337408,-1.0816670045802994,-0.3474304779953479
2014-12-31,HAL,39.23,39.85,38.61,39.33,12110377,-0.3479873787389241,-0.3388382192792737,-0.1389811700353961,0.4288864685227133,-1.0804563574354027,0.922904565539662,-0.0295604498586467,0.6582787434707452,-0.5351867913966576,-1.0369903671866558,-0.0011350116093357,-0.3592153426193541,-0.7651783842944739,0.1662702071379367,1.0362546754529685
2015-01-02,HAL,39.17,39.94,38.97,39.49,11563174,0.2202784547813245,0.2265951433268711,0.0099292000760003,0.4488910307778913,-1.0214336514465705,0.8892163338208635,-0.1178618832112368,0.6396032124495606,-0.6215886648811887,-1.0373074836250031,-0.0013416983712022,-0.0191077225054091,-0.3485291151778616,0.5909050792539152,0.4557926718338979
2015-01-05,HAL,38.93,38.955,38.22,38.71,19738704,-1.2627065836668243,-1.2599848349698513,-0.444075475188767,0.1758021835185532,-0.9955748955475384,0.77690231181932,-0.2091850794127862,0.6971603113440337,-0.8992809635133419,-0.2765352685354301,-0.0010674803914067,-0.5725698964927214,0.2198849635528788,-0.4532724392518059,-0.008902522167459
2015-01-06,HAL,38.39,38.73,38.07,38.33,20456335,-0.6441573514851817,-0.6355916668372902,-0.6315628133066918,0.0397253777780261,-0.9804311247841632,0.6594709069332515,-0.2493114497128252,0.699024218995563,-0.9096260955492486,-0.1724849571048632,-0.0010718947031588,-0.8556599968376019,-1.2634869456452131,-0.1443969652757585,-0.1562869288580853
2015-01-07,HAL,38.74,39.4,38.55,39.36,17556347,1.639995833377614,1.6170746640714415,0.0339519036462101,0.3148405872941609,-0.9189958060225178,0.6846794306807551,-0.2615572268024106,0.4869410871911453,0.1255689981783472,-0.3623554960877199,-0.0013808077275294,0.0875650675055856,-0.6447763506722227,1.1828240479964929,0.2084659966430442
2015-01-08,HAL,39.76,40.4,39.1,40.21,20043626,1.3114991773190294,1.298108658855538,0.57961249571803,0.1431807153599139,-0.8289955820118019,0.7783718240560122,-0.2108381147131671,0.4701668329188445,0.0965091302370454,-0.0619086514862223,-0.0014086289943832,0.8659546837111293,1.6399727080751385,0.8287715608710501,1.103108254187188
2015-01-09,HAL,40.44,40.47,39.63,39.8,17266110,-0.6678081637783184,-0.659350509884669,0.2477921143696587,0.0499067237564752,-0.7666640780208085,0.7821069297318219,-0.2563639936934988,0.2205897067898358,0.4797791675697098,-0.25830136287478,-0.001090692479228,0.4904961629531581,1.311390356109725,-1.2219926760450246,0.1676289075970757
2015-01-12,HAL,38.8,38.98,38.28,38.54,25755800,-2.00397913974036,-2.0166512092068047,-0.604905464680053,-1.0062739564288643,-0.7597917399620003,0.6423440758712289,-0.2854404529733602,0.4489539256976631,-0.0483864357006916,0.5988644425661085,-0.0010277224309749,-0.6633519740103495,-0.6684333328236192,-0.5325913998680527,-0.077608241784144
2015-01-13,HAL,38.65,39.45,38.25,38.29,22228306,-0.4368494258914697,-0.4277260763194422,-0.7837341100282581,-0.8219910144628143,-0.7571524279901077,0.5196380565049488,-0.331664694262465,0.4447543837674207,-0.0280844417613155,0.2837150882225168,-0.0010705063857168,-0.8922900964237441,-2.004952879711274,-0.7300330491151193,1.0205599079492118
2015-01-14,HAL,38.02,38.43,37.36,38.34,27990507,0.0483019949459345,0.0560201134655011,-0.7672712905931736,-0.9069453308272448,-0.7461875270866892,0.4429031635998623,-0.4049344712747714,0.4422048996411433,0.0344533979745195,0.8712352041746387,-0.0014468822602412,-0.8465024719410613,-0.4374143440388749,0.6095743289810269,0.7345686228549843
2015-01-15,HAL,38.84,39.13,37.27,37.33,19531221,-1.6730747564988673,-1.6777319321377084,-1.4168541363597074,-1.1656330860299224,-0.770066246308569,0.2918283708927899,-0.2672586024982213,0.5653735188237855,-0.4680675722346653,0.0375443365176352,-0.0010889271350077,-1.825434187981672,0.0478636397031771,-2.96357699349904,2.561207522332412
2015-01-16,HAL,37.73,39.33,37.7,39.13,21782738,2.968998800169341,2.891005292478852,-0.2035497511243913,-0.3871802201254756,-0.711642931370781,0.3828125558562643,-0.2675031402588722,0.7693732672687748,-0.2829138247302514,0.3408213033869407,-0.0014052135252628,-0.1493762699434351,-1.673962172451949,2.7770892064912416,1.88032446219688
2015-01-20,HAL,39.6,40.0,38.12,39.83,25096124,1.0807434470838635,1.073061213252479,0.2441240866601523,-0.2425623563698839,-0.6322016051336999,0.5096999030944463,-0.252112978384595,0.8169266768173075,0.0571452708072492,0.7467654274774327,-0.0014415767830826,0.6974562256148698,2.969322375852451,0.4124943225521671,2.342414869383333
2015-01-21,HAL,40.23,40.88,39.67,40.69,17611183,1.3112648720569489,1.2978805640410152,0.8117503700461078,0.1619157159064383,-0.5309733489575083,0.6672889634946464,-0.2256983452783148,0.7205611858630177,-0.0949328671327759,-0.0482942407279304,-0.0013930362094109,1.2679218291695924,1.080574427935878,0.8375616786710375,0.8869862401858748
2015-01-22,HAL,40.9,41.16,40.39,40.82,17995487,0.1659114249948853,0.172721927830819,0.8590872116646503,0.2650055189019838,-0.44223136644956,0.7612207583391444,-0.1244597348014675,0.6415405927279448,0.254465249150742,0.0012269066868334,-0.0014051134793698,1.1523333221850616,1.3111559897237288,-0.1740951037357092,-0.0192400781035519
2015-01-23,HAL,41.06,42.05,40.61,40.99,17692898,0.226285347804704,0.232544601262389,0.9339650969662124,0.2675803246831025,-0.3627270962984072,0.8125884816320155,-0.0206541040002724,0.6405630178710865,0.2413011336712282,-0.0479245391290871,-0.0014123072864921,0.7057171560236325,0.1655037508764978,-0.1551189123069336,1.336483789514311
2015-01-26,HAL,41.1,41.49,40.55,41.46,15739667,0.6808677682274389,0.681129956830843,1.185461155758499,0.6757498233516539,-0.2796942416514264,0.8627651760153493,0.1394051682025333,0.6495542438267775,0.4836144143243875,-0.3041016161915887,-0.0014034043891787,1.0325718260232082,0.2258934236124378,0.6354509104049932,0.2982180116039094
2015-01-27,HAL,41.19,41.82,40.94,41.5,14271645,0.0270695985291685,0.0349281119064149,1.1503856477694825,0.845351559182321,-0.2115731371799103,0.864523943270412,0.2778748711004747,0.6494402565023928,0.4868193666088669,-0.4813715221332168,-0.0013973718377744,1.0603892447465757,0.6805944323130987,0.5422936312222633,0.175903958083826
2015-01-28,HAL,41.36,41.39,39.36,39.47,20655180,-3.078389202620717,-3.1300530507153157,-0.1780304411182872,-0.1566777310814031,-0.2364491026791973,0.6265580998783945,0.2728044393097049,1.0648204161041386,-0.3620737308308822,0.1687794087765059,-0.0010056562286631,-0.3513447554643606,0.0266257043275465,-3.4787554762242405,2.695018741128139
2015-01-29,HAL,39.87,39.87,38.32,39.57,14800086,0.1247390405525076,0.131892297521939,-0.1130104900495743,-0.3921918942904528,-0.2510303397141202,0.4626838790122636,0.2726909092116696,1.04437245629866,-0.1526157814676484,-0.4694605836725073,-0.0013991978314246,-0.2818012086559393,-3.079643227163624,-0.5948025189544419,1.6732283286513223
2015-01-30,HAL,39.24,40.74,39.01,39.99,19495888,0.6278170918839338,0.6289463493289453,0.1435205736942759,-0.1287310426274938,-0.2449294556995285,0.3848199258660534,0.2752046793575434,1.054803208827238,0.0789792588328903,-0.0093755686916799,-0.0014611671254198,0.0102816879394279,0.1243206256708399,1.4177160401329798,2.0140696064557506
2015-02-02,HAL,40.92,41.53,40.28,41.51,18129385,2.33340098115032,2.2850150591775744,1.0810918520167436,0.7273264240418915,-0.1798963098027047,0.4742193909377361,0.3905200312868111,1.253093357066284,0.5837722279788913,-0.1835500812337581,-0.0014632120236768,1.067343599427416,0.6275299164807182,1.063017594909749,0.918338204787078
2015-02-03,HAL,42.54,43.72,42.5,43.32,24134030,2.68170036437849,2.617824175564088,2.1124921416731635,1.1449813748128703,-0.0581492136697221,0.6917196945941222,0.7192345694524439,1.3920634074218876,1.5815541347497892,0.4053878146344538,-0.001561580140693,1.2367279591731974,2.333558746526157,1.358977112172359,0.755764008647781
2015-02-04,HAL,42.62,43.12,42.04,42.39,18881827,-1.3695605599879377,-1.368489068330147,1.360152558181388,0.8062510521421092,3.891251465129889e-05,0.7021202430147248,0.782952893883959,1.461560702910351,1.3881554803539775,-0.120105834221096,-0.0009608473293003,0.7574273654024187,2.681948991657921,-0.4340338335131586,0.5320100921882445
2015-02-05,HAL,42.97,43.71,42.88,43.35,15218346,1.37695243533082,1.3617941450796491,1.847779169892626,1.296551509213069,0.0813014943142957,0.7698339332870389,1.0028395509043022,1.4386104517612606,1.3213272316432882,-0.4842319267454819,-0.0014489381717756,1.2521892686496745,-1.3703687972832592,0.6418165271295502,0.0043603713247254
2015-02-06,HAL,44.1,44.34,43.13,43.36,18303215,-0.0186343273657628,-0.0104979998701534,1.7445012042796746,1.0389209525230394,0.1427545073597261,0.7730153965456477,1.1967584422105906,1.400740251281693,0.9830485658994762,-0.1596916760279488,-0.0015106530964075,0.9821011133394691,1.3768606891090287,-1.294078932232103,0.7343781205707888
2015-02-09,HAL,43.67,44.35,43.41,43.51,15968732,0.182380009180461,0.1890458778435677,1.7130877560181144,0.9404654202963506,0.1934338824305045,0.7478294084698128,1.35833832158236,1.370594997530921,1.2015456310168569,-0.3946031824176824,-0.0015014596566784,1.0484843324963176,-0.0190901444874602,-0.3031263888595318,0.2091911002545673
2015-02-10,HAL,43.44,43.44,42.05,42.6,21869928,-1.335106227462319,-1.3334818465239076,0.9892968178059984,0.3941839264743471,0.1938532690116777,0.5983122728432656,1.309780627063123,1.2732401963639055,1.3796790192664308,0.2376723798153485,-0.0008519007899051,0.621223711158371,0.1819766312709692,-1.4872626727421336,1.1280139930502435
2015-02-11,HAL,42.02,42.32,41.6129,42.15,15847529,-0.6906513687409148,-0.6823067150780516,0.573136638366564,0.2040602380389914,0.1727876737183815,0.4233965908528402,1.1717219769270175,1.2896266841717887,1.313068392172586,-0.3630113136027783,-0.0009944746179167,0.4099409863209232,-1.335905476552691,0.2074229082329981,-0.1932142540302034
2015-02-12,HAL,42.65,43.35,42.5,42.77,12946634,0.8827805464884879,0.8793413651126757,0.8227365738692716,0.3143299860854234,0.1767598118157501,0.3479107399931243,1.033507382296021,1.299753748262566,1.5294822147693463,-0.6142997813540924,-0.0014288539755201,0.7010416294302965,-0.6912824969615315,0.1862558810154319,0.0649709408186656
2015-02-13,HAL,43.49,44.2,43.31,44.19,17612680,2.034023205205985,1.9975151706128795,1.4939556750419356,0.518457791933517,0.231428847808825,0.4180150017613074,0.7828951054183513,1.2328495133928965,2.531417497000646,-0.0886934418089308,-0.0015141479159924,1.362898444525095,0.8825598841655353,1.1897388552693096,0.0871862767167318
2015-02-17,HAL,44.39,44.92,43.56,44.87,15546663,0.9250366679470148,0.9207426965408844,1.7289727167331226,0.6377695506994381,0.2964033879994774,0.5006246015751289,0.8314934648398614,0.9898239150362071,1.9869006182726687,-0.2879997021061065,-0.0015082819455814,1.41843624088816,2.034102871004488,0.7906435049468307,0.9347195249652795
2015-02-18,HAL,44.35,44.82,44.01,44.39,12494427,-0.6990058045698102,-0.6907046045209486,1.2780712610408858,1.196891246905035,0.3235793159340421,0.4694193041675833,0.8363105367509125,1.015373341503396,1.5139356991355502,-0.5812726745529352,-0.0010066897718082,1.1759369014588672,0.9248270291050646,0.0418248562799851,-0.0705738215277898
2015-02-19,HAL,43.16,44.64,43.08,44.24,12861733,-0.2433746333825579,-0.2343583672980753,1.069116369171614,1.1202122433586117,0.3336706033223666,0.4004794955810382,0.8655014176543733,0.9826601691691272,1.113851405905432,-0.5172573701191776,-0.0010187938185083,1.1003873210624475,-0.699639112237131,1.86422858291065,1.3474586563323014
2015-02-20,HAL,44.1,44.34,43.28,43.36,17450600,-1.2714018522458463,-1.2688072900870755,0.4429595306555629,0.7161497942231171,0.3018592808364009,0.2374710522326864,0.8229249460508601,1.0723185898835734,0.74638477925785,0.030863028621241,-0.0009615859178045,0.6571631160701138,-0.2438890791811987,-1.294078932232103,0.4460679530929453
2015-02-23,HAL,42.96,43.59,42.62,43.22,12880299,-0.2340136918017219,-0.2250179053228767,0.2863968670039409,0.3363850476808234,0.266372079086938,0.0976026476086102,0.7740754433707698,1.078359216869777,0.6315229386964767,-0.4906057767489768,-0.0010542970175772,0.5866501743667881,-1.2721844825849995,0.4309335455542029,0.2791211123229642
2015-02-24,HAL,43.77,43.9099,41.85,43.12,19324295,-0.1770451811789093,-0.1682043896951549,0.1729783034184318,-0.2637732365338459,0.2299656128391962,-0.0166582470844358,0.7444729617912289,1.0695727766213372,0.4205518057247832,0.2619996841961471,-0.000978005351469,0.5362837874358405,-0.2345256955834875,-1.148287315175044,2.389980268423735
2015-02-25,HAL,43.05,43.71,42.8,43.68,11817053,0.7755498984882858,0.7741554336309147,0.4490923527865472,0.3171162167461092,0.2189325216023532,-0.0427563323537076,0.7272244342981748,1.0864324612628553,0.6040092659493512,-0.6236449585556078,-0.001390483745109,0.8183355542491442,-0.1775423234146334,1.0793193295425298,0.1449440003938642
2015-02-26,HAL,43.25,43.31,42.53,42.7,15498924,-1.4298109869300568,-1.4297539441323035,-0.2511588235352108,-0.4433293644584108,0.1679876031791853,-0.1663671566799762,0.4235155099667003,0.7427372527074206,1.0343866161406818,-0.1520128018087353,-0.0010379906516455,0.3247449623258663,0.7753012625849306,-0.9870906974039224,-0.0689381808879365
2015-02-27,HAL,42.96,43.225,42.72,42.94,12293274,0.3169320365655996,0.3222552336793297,-0.2070893746952657,-0.3484618667417574,0.1338200061812588,-0.2220712796075531,0.051410883347476,0.7426013200723688,1.0833108156853417,-0.5319300904759077,-0.0013939301989194,0.3291935670598663,-1.4306349419347626,-0.0614896351937416,-0.6111857081024794
2015-03-02,HAL,42.56,43.05,41.955,42.99,13017260,0.0394981785349081,0.0472753824172471,-0.2674937962179923,-0.3890085949632564,0.1057940532288775,-0.2508260919024206,-0.3514477166917725,0.7364276711500635,0.93428970582655,-0.4106569173363948,-0.0014120639834286,0.0601911730411595,0.3165637596466042,0.7370121056069181,0.5314544395392734
2015-03-03,HAL,43.05,43.32,42.6,43.11,10721894,0.1407877322409023,0.1478105883599922,-0.2429835132865847,0.0297377504847583,0.0856228130673181,-0.2536120462305977,-0.5075130794216525,0.5085179585309945,0.3986150577394231,-0.6670363015351853,-0.0013912665430173,-0.3764700980901184,0.0390575266141876,0.078982104421323,-0.1994097579785481
2015-03-04,HAL,43.08,43.2001,42.44,43.07,11926934,-0.0907627213152838,-0.0822558272151627,-0.259687331631545,0.2306211118460792,0.0656102805178761,-0.2554322990316395,-0.5042228721792296,0.1251930415269259,-0.2522331219101269,-0.4504279345283919,-0.0010681084232787,-0.4166767025162614,0.1403735040295166,-0.0438541054415182,-0.1205231776528113
2015-03-05,HAL,42.55,43.02,42.51,42.94,7833752,-0.2209121070130519,-0.2119473495167782,-0.3550020174777493,-0.1050901990661844,0.0424485125909469,-0.2649945789212495,-0.5439762063371739,0.0154096728442496,0.0230774790459675,-0.9577166115404578,-0.0011348169541603,-0.547348166901231,-0.0912373547872046,0.6661674964446592,-0.6014813695977085
2015-03-06,HAL,42.65,42.92,42.1,42.38,12938984,-0.8449313248216928,-0.8375731209824097,-0.6654463661736737,-1.2326311956715177,0.0003532794604542,-0.3213788163345914,-0.4964074616438528,-0.0730838517133201,-0.496103317251285,-0.2354941605968767,-0.0010711727929623,-1.110240628867238,-0.2214206929451419,-0.5046045225621382,0.0212175008567495
2015-03-09,HAL,42.11,42.76,41.81,42.04,13436349,-0.5324706242106649,-0.5235177996658749,-0.8326907849336141,-1.9370703040941173,-0.0475365780712806,-0.3814014697218326,-0.4205652647957891,-0.061916359429353,-0.6145767044224977,-0.1338129097316537,-0.0010749480993189,-1.4519967664894629,-0.8456027005166686,-0.1519072647285685,0.2919733466122264
2015-03-10,HAL,41.3,42.15,41.21,41.31,15280123,-1.1140704334884732,-1.1093686538448533,-1.2120217545122385,-1.9967480822518255,-0.1145944121215318,-0.4787576340209456,-0.2646183352958963,-0.0098465742984552,-0.9100742593048952,0.1336148765588601,-0.0010628024913445,-1.7917022047255504,-0.5330604873465529,-0.008023140404111,0.3050790933347872
2015-03-11,HAL,41.05,41.83,40.99,41.31,12911316,-0.0329960430517004,-0.0247793014886723,-1.174326042299075,-1.9616766651907656,-0.1675034924403989,-0.5202239169210049,-0.1428608653841991,-0.0999297419110056,-0.612210491465434,-0.143979126582059,-0.0012427088046935,-1.6106315150252826,-1.1148120203090568,0.4522087631946742,0.103334094354079
2015-03-12,HAL,41.67,41.67,40.91,40.99,11146404,-0.5152660018884268,-0.5062715584453777,-1.3357328080912312,-1.8091743177165944,-0.2211746970189087,-0.5553586379656972,-0.0139418266740851,-0.1113668979713376,-0.5716619423884317,-0.3751635931306541,-0.0011194618135537,-1.8149849490911496,-0.0334556067571959,-1.2592230521533645,-0.046092062490358
2015-03-13,HAL,40.49,40.59,39.88,40.18,17913613,-1.2632719731285171,-1.2605584562270022,-1.7561936025897773,-1.9876022829968136,-0.2938958651580657,-0.6325006930687632,0.2417930312618133,-0.1049902914164451,-1.056842468826779,0.5896942617579619,-0.0010530582021216,-1.6834348365923184,-0.5158513768029451,-0.6047569904630411,-0.1186506779190815
2015-03-16,HAL,39.61,40.56,39.27,40.52,15397186,0.4938265739098902,0.4969496388806784,-1.4412227722471902,-1.6565512270623437,-0.3359702838643401,-0.6153301316829766,0.3399980572158383,-0.4558560733846389,-1.3872017003874448,0.2380856070734289,-0.0013952913038057,-1.145864392010118,-1.2640524826017483,1.709409894387211,1.0619265523687484
2015-03-17,HAL,40.3,40.5,39.87,40.28,13337838,-0.401750460614855,-0.3926016677262995,-1.4548613735254288,-2.2334382112571034,-0.3761203733081039,-0.5966404921792331,0.3438974772404644,-0.5948522394657193,-1.6698451754579726,-0.0510248722395441,-0.0011028443490778,-1.276361640597912,0.4935044439988207,-0.0638112333163616,-0.2878298250946198
2015-03-18,HAL,40.06,41.68,39.9,41.59,16118039,1.9917812440172689,1.9568414862671624,-0.5595856645423954,-0.8143285282535078,-0.3539991898794978,-0.4214035961787616,0.2418467168423506,-0.186939730302499,-1.0938643939875554,0.3326055273354727,-0.0014036180100942,-0.4451573165593675,-0.4023062223900335,2.859210940296657,1.9755606703721456
2015-03-19,HAL,40.97,41.57,40.75,41.55,11622240,-0.0928739343703686,-0.0843574469493089,-0.5021657178397803,-1.0032076361733466,-0.3358666953660254,-0.2914808959821936,0.1285408315711431,-0.1856906797814696,-1.060488211112869,-0.322578558286556,-0.0011195407458425,-0.3864045790624548,1.991849890028801,1.0432474079707017,0.0534295191549612
2015-03-20,HAL,42.25,43.02,42.06,42.82,21641941,1.8699572090107524,1.8393904314323437,0.3054345264206693,-0.2691336066593833,-0.2700975355131862,-0.0649267792882749,0.0941635082613145,0.0008037060922811,-0.3503813948213545,1.113181029222516,-0.0014623156062531,0.6620374716354221,-0.0933491186007642,0.9929619708369518,0.2771306735787556
2015-03-23,HAL,42.82,43.48,42.4,42.4,10688501,-0.6436540474749382,-0.6350861629223242,0.0695562561582362,-0.5083730047350455,-0.2335087633378683,0.0412066985140668,0.055003960730512,0.0195853657446113,-0.4461204158174344,-0.4724151976758216,-0.0011249298234083,0.3611352440602904,1.869994074421293,-0.767366288533195,0.53150930587002
2015-03-24,HAL,42.56,42.89,42.28,42.53,8374534,0.1578894492788508,0.1647688455106793,0.1692013085909253,-0.4286088705544015,-0.1988001610086127,0.1212739559385767,0.023908106831131,0.0224758455078317,-0.3684292738274548,-0.7616033121929024,-0.0013312328383841,0.559425100350061,-0.6442729153635541,-0.0795720385147051,-0.3959812204286097
2015-03-25,HAL,42.87,44.27,42.81,43.46,17250348,1.3283953247752,1.31455474579918,0.756520927358122,0.0169405107698076,-0.1348344592082349,0.2606350322671425,-0.0005094112330745,0.0979535422655882,-0.2414476661513989,0.5445014078080341,-0.0014310637212956,0.9043613431272004,0.1574796824436247,1.013467756229088,1.2084380508047252
2015-03-26,HAL,44.03,44.43,43.13,43.18,17432481,-0.4341062708382151,-0.4249802148464285,0.5664138441539063,0.140216400165866,-0.09575311364021,0.3080719887625369,0.0298594558845855,-0.0153730321654858,-0.0023822478673589,0.5531879281330953,-0.0010385062400811,0.6376022169597232,1.328290911314503,-1.4848452219061452,0.9177802437824876
2015-03-27,HAL,42.92,43.33,42.68,43.26,11093310,0.0823500199377882,0.0898280109976873,0.6060550829330849,0.3319679502637577,-0.0626068620381768,0.3307447242607488,0.0529910252077319,-0.0213348910599394,-0.0580289793852286,-0.38399616290736,-0.0013637488723319,0.6891399152146445,-0.4346704733705432,0.572183145197582,-0.3390918489723269
2015-03-30,HAL,43.47,44.09,43.47,43.82,8715004,0.772933244955791,0.771586440709247,0.9282912252980584,0.9098922333684551,-0.0158129239069302,0.384011822845841,0.1272052889433864,0.0152858053281659,0.1160735527347334,-0.718822019372094,-0.0013421353127706,1.049903802999103,0.0819205469053169,0.5819908981024908,-0.4121515413344866
2015-03-31,HAL,43.47,44.16,43.29,43.88,8360471,0.0522500146825506,0.0599412356418566,0.940713506296758,0.9262179354154968,0.0216868152169487,0.4027023934650103,0.195434165908905,0.0145464432261236,0.0948436981442882,-0.7613422886660082,-0.0013416346531162,1.0885570766902963,0.7726839264381894,0.6862721750665667,0.0610586780909188
2015-04-01,HAL,44.29,44.38,43.575,43.82,14229040,-0.1181255382639792,-0.1094998386191994,0.8791520472864182,1.087936264125795,0.0468085710410491,0.385794134028936,0.2548967982158589,0.0150017437146829,0.0882674695756212,0.1202533560821339,-0.0010681194210517,1.049903802999103,0.0518126893715299,-0.8280627469580256,-0.0603017255060627
2015-04-02,HAL,43.7,44.32,43.49,43.96,11130433,0.1659114249948715,0.1727219278308053,0.9332140686563072,1.7115932302629189,0.0697276155463458,0.3665977854643036,0.3298897357137663,0.0118798518353326,0.1813884557064889,-0.3718463931826268,-0.0013711955599586,1.1400947749452175,-0.1186073099559353,0.4231906377431614,-0.0177817443197064
2015-04-06,HAL,44.2,46.3572,44.14,45.88,23794222,2.686190308114608,2.62210277601048,2.008021729784423,1.9336903229947024,0.1599144006614991,0.5243867129540951,0.6679819387741116,0.3351218049543666,1.0454282724247326,1.392259630027467,-0.0015307168090419,1.2190527800646058,0.165503750876484,2.845335011805802,2.4362121262335568
2015-04-07,HAL,45.79,46.13,44.18,44.52,22218333,-1.878482769251929,-1.887896699779628,1.0867540590346256,1.2704448484625706,0.1741606646903906,0.4551482609567431,0.7579232743761112,0.5292101102478912,0.6989037069351886,1.06703490290562,-0.0009426350957781,0.581158140302529,2.686440106699113,-2.121768989242819,2.0590506582601087
2015-04-08,HAL,44.65,45.0,44.015,44.22,14295760,-0.4525245976243349,-0.4434190497868543,0.8088733999677667,0.8373736332855954,0.169988580177108,0.352348987276089,0.7684650967243503,0.4656623690148457,0.8670875406858392,-0.0355235155928718,-0.001068473748287,0.4404460874138332,-1.879423770608692,-0.7539149297796165,0.2650927965558134
2015-04-09,HAL,44.49,46.27,44.43,46.04,17869293,2.5294107468038503,2.4725275245616216,1.7714948848514378,1.2289482113860937,0.2339168333334275,0.44539866517201,0.9406976794670686,0.7127218044974488,1.5141347477393297,0.4240548043729326,-0.0014476323690014,1.2940992082719076,-0.4530936050007523,2.605853981820798,1.73941417210014
2015-04-10,HAL,45.99,46.52,45.72,46.26,10175668,0.2645010952994585,0.2703815659511207,1.7335376810763057,1.0351205823014178,0.2882201115148683,0.4950638875936499,1.0498454922491898,0.6793266021484823,1.7207425175146032,-0.6339862198966412,-0.001368705990593,1.323666724643222,2.529619645834491,0.4172360039035372,-0.1500639043656399
2015-04-13,HAL,46.45,46.59,45.3,45.44,11811146,-1.136575609606703,-1.1321501045385411,1.068477861837425,0.842930689591634,0.2939001954753101,0.4096408006356916,0.9157074262775962,0.6608115215494889,1.7551524795173632,-0.3723446100407272,-0.0010895054069319,0.920637117212164,0.264119140563734,-1.6691002540209083,0.7746467941973991
2015-04-14,HAL,45.69,46.31,45.64,46.2,12838654,1.008291555956223,1.0022325248138442,1.3462771736531032,0.9724824296585708,0.3228937245648055,0.4013107374995203,0.8368061485806502,0.6789657908731279,1.8912496362736504,-0.2104693360411478,-0.0014005280415162,1.249957502252027,-1.1373230674200052,0.8170060674828971,-0.3827010489694914
2015-04-15,HAL,46.75,48.54,46.25,48.26,24186337,2.7430116895688896,2.676224022941818,2.3203212501041297,1.1656794264463424,0.420401636047676,0.571001527822399,0.9242287765661504,0.8781934348474209,2.742122483165898,1.2827931989362096,-0.0015579457552653,1.335150646812805,1.0081036360663365,2.413965707804432,2.363308661779573
2015-04-16,HAL,47.97,48.74,47.47,47.83,15509085,-0.5877195433498518,-0.5789328734588977,1.8652506920980907,1.1047576202714526,0.473598943761805,0.5926994287699566,1.009503727102405,0.8281671516054638,2.036035168451216,0.0935992355354699,-0.0010146655753036,1.064279853685667,2.743276311317409,-0.2468137349793805,0.6215736782922976
2015-04-17,HAL,47.52,47.66,46.38,46.89,20213299,-1.2565493620703836,-1.2537383112639842,1.1452500630290527,0.745110367977453,0.4716310913626956,0.4680635770435339,0.912218477230328,0.9351109330354794,1.7200362735828718,0.6627378098134402,-0.0009680629788975,0.5222596138293203,-0.5883238194367991,-1.027950066239621,0.6837091509227538
2015-04-20,HAL,46.87,48.93,46.72,47.85,26332418,1.2416406811674423,1.2300645677324724,1.5515321472140955,0.8130363476246357,0.5003886508664676,0.4474415769742676,0.995108858733635,0.8695700086847588,1.55772959109172,1.4282473237909523,-0.0015682786319722,0.9030116754353088,-1.2573281177959277,1.5533879393792611,2.257856846164521
2015-04-21,HAL,47.72,47.89,46.61,47.05,17264441,-1.073882772390527,-1.0687084838378835,0.9436499961113084,0.5528765366838504,0.4844145504451942,0.3158054543101038,0.9126587715975016,0.9131567746933767,1.443194164916447,0.1846294462702944,-0.0010008856316107,0.50311013709636,1.241513635762954,-1.0870813466952316,0.6759725879539875
2015-04-22,HAL,47.35,47.5464,46.76,47.11,14017254,0.0463978411122747,0.0541288437188679,0.8406931492685091,0.5809598612487097,0.4670364533885931,0.2068826930087005,0.8043532325871452,0.9150631068023818,1.4140983334754516,-0.266622537064544,-0.0014233118424577,0.4748770884896318,-1.0746138753355596,-0.4092611852476906,-0.2001277268509767
2015-04-23,HAL,47.1,48.64,47.1,48.17,12865475,1.367842839319208,1.3529345054546944,1.3094340671888096,0.7291716333785705,0.4876635332627472,0.2175691551428433,0.8412263980871085,0.9185972567593936,1.4241854578201143,-0.3899277355291473,-0.0014200098855951,1.0386582772398798,0.0459589891272019,1.690040351941644,1.0730921913851503
2015-04-24,HAL,47.9,48.565,47.37,48.0,16282091,-0.2527150875764776,-0.2436797913580448,1.0670432935308238,0.3421640410612973,0.4899759085094413,0.1789765904196692,0.7870488574696269,0.908519989668821,1.4719201942982691,0.0570858495503601,-0.0010030094526184,0.9482405394214432,1.3677487166498132,0.1314116018812504,0.4835162404020082
2015-04-27,HAL,48.21,48.87,48.17,48.43,12488159,0.5247322095397352,0.5274203690341335,1.157863784190193,0.8747629525450537,0.5012570843258631,0.171188076913158,0.7298319902224163,0.9078475140479996,1.5877117005372507,-0.4396924901476787,-0.0014119389137087,1.1481818073841543,-0.2532319700473875,0.3184540928978051,-0.3867275445079512
2015-04-28,HAL,48.26,48.92,48.2,48.59,9322355,0.1726881609493932,0.179439668698972,1.1069154433901762,1.0154807862785091,0.5089316117956431,0.1556738153507568,0.6992992996082903,0.8998312885329532,1.4312186505263806,-0.8487572927646497,-0.001377241819936,1.2424848297229507,0.5244181420744244,0.4903036129032875,-0.3563904017796799
2015-04-29,HAL,48.49,49.575,48.245,49.21,13574986,0.7614057525671172,0.7602676446509781,1.2986357761942466,0.7952148142557386,0.5315902399429756,0.1818312232993279,0.6849685094995043,0.9051198161559812,1.616463545564126,-0.3317429532082877,-0.0014485928053854,1.2434824890595226,0.172282254698417,1.095508264891708,0.661131753698046
2015-04-30,HAL,49.31,49.7,48.76,48.95,11404100,-0.3619350747450596,-0.3527815264231952,1.0021149297548904,0.6426812917850141,0.5314920528175238,0.1441814988958567,0.5792486353995073,0.9170606400005596,1.551874922242553,-0.5928039372973051,-0.0010558902883919,1.041407552018672,0.7611534268380402,-0.5779012731780445,0.0090930086198188
2015-05-01,HAL,48.89,49.3,48.42,49.11,11002092,0.1705031602122953,0.1772737691683135,0.9417796248557824,1.0300978113309984,0.5299065669454774,0.110233438002622,0.4445887109261147,0.9169988219780832,1.5530810580089969,-0.6434022641168,-0.0014115745400842,1.097888935642124,-0.3624804497612409,0.3136587556560045,-0.0979425900291146
2015-05-04,HAL,49.29,49.65,48.86,49.2,10524451,0.0810993219426482,0.0885864602259801,0.8959477542318008,0.8889631526145163,0.5244503874065648,0.073111890422022,0.4765083073172528,0.6546151129168197,0.8952812107250191,-0.6457625735478892,-0.0014147090317421,1.1505145008786826,0.1700966839536306,-0.1642686844403556,-0.2531271761010306
2015-05-05,HAL,49.72,50.2,47.99,48.04,18670987,-1.5008684718799774,-1.5020858302425326,0.1546627885511952,-0.2777871689498647,0.4673898751704621,-0.0894140116562918,0.274199674656161,0.5862015862559277,0.9937237309825092,0.4660035329130809,-0.0009174097873852,0.2819681425120783,0.0806695226368438,-2.579152413074824,2.242633192100883
2015-05-06,HAL,48.71,48.9401,47.32,47.67,13224534,-0.512502160338835,-0.5035014787973148,-0.1447285442636652,-0.254105293917673,0.4012855155003844,-0.2427134409276408,-0.0488712050691521,0.5902421329107302,0.9783528973761074,-0.2598902096760466,-0.0010364749567655,-0.0146913153512229,-1.5017109638636672,-1.63941153272462,1.2410764761860078
2015-05-07,HAL,47.17,47.21,46.08,46.35,18428221,-1.7569442179651376,-1.7634574542999095,-0.8790646916579617,-0.3977919110202493,0.2918870697750619,-0.4767912165598867,-0.0782801812026727,0.4703585903560334,-0.0685883669438522,0.4375936934645528,-0.0009752031208992,-1.168978170083357,-0.5130868142417281,-1.3397035305362908,0.4405028722622333
2015-05-08,HAL,47.0,48.2,46.27,48.11,14706796,2.331063201770257,2.2827751954169293,0.0375293030762335,-0.0980095427498948,0.2696494325637059,-0.4397030163905169,-0.1501607461055814,0.7197021933138665,0.4198580396716924,-0.0930462390566817,-0.0014374254990039,0.0250135658143521,-1.7578535131959012,1.7579915667650134,1.752011335140932
2015-05-11,HAL,47.98,48.0,46.93,47.19,13486810,-1.2235467497383017,-1.2202677781409632,-0.5146656089456612,-0.1406895035941703,0.2116824812075275,-0.5019990957973978,-0.3416197727586168,0.7299073670279158,0.3981362029520898,-0.264691775407649,-0.0010506710664569,-0.751372657390868,2.331220357282584,-1.2702913377818856,0.2983713606922683
2015-05-12,HAL,47.28,47.69,46.67,47.49,8944217,0.3627956765832573,0.36759579422972,-0.3853018030707749,-0.0614701773448916,0.1738497721260098,-0.5000107663111599,-0.455181295494311,0.6938473806892411,0.2426020303446869,-0.8488744205104763,-0.0013618227142625,-0.743658132872442,-1.224316895973492,0.3092560989698267,0.1986882372709234
2015-05-13,HAL,47.62,47.9,47.2,47.29,10709649,-0.2951903471097277,-0.2860862219030727,-0.4685341098232383,-0.5163700430448361,0.132769329617898,-0.5067797126537412,-0.4400012299110169,0.3174875329908223,-0.4626686826757851,-0.5461816066556886,-0.0010936879915863,-0.9050261686706236,0.3624393642494389,-0.5498799507486544,-0.3576888504513534
2015-05-14,HAL,47.52,47.55,46.29,46.44,14052749,-1.152034568612958,-1.1478036962525433,-0.8970752077908102,-0.723456139741362,0.0643228831631968,-0.5826344927910986,-0.3550436007116219,0.3641263911901842,-0.5942865635638703,-0.068598235562311,-0.0010571345241791,-1.590840320812886,-0.2957183102288463,-1.7434025772289252,0.6698622019568778
2015-05-15,HAL,46.31,46.885,45.78,46.7,10842628,0.3155631677499956,0.3209014665464112,-0.749403347371423,-0.7936516938706981,0.0184027697754535,-0.5853359233687916,-0.3395707829933543,0.2972223259059462,-0.2269873870872504,-0.4685439733987637,-0.0013769175696949,-1.1893916960081827,-1.1527860592512107,0.6099433544052464,0.3806600275888962
2015-05-18,HAL,46.6,46.79,46.12,46.72,7495416,-0.0063330719602319,0.0017317598851533,-0.7081360834129886,-0.8536214995697888,-0.0186829130209412,-0.5647573955701385,-0.2935064342137484,0.2010113920458112,-0.5143066457572761,-0.8758436126618689,-0.0013402007442625,-1.174350150589894,0.3151945337300912,0.1682374023483256,-0.3961531868337778
2015-05-19,HAL,46.08,46.3,45.02,45.07,15193623,-2.2317495077917333,-2.251021110212534,-1.5628854715411915,-1.49780378094696,-0.1133993171396667,-0.696635057924201,-0.0691374588049436,0.3946990984200373,-0.7855294055325116,0.3432176613966647,-0.0010378923289734,-1.849216090872752,-0.0067856800165776,-1.682291008581911,0.7755786904695032
2015-05-20,HAL,45.28,45.45,44.72,44.97,13448023,-0.1711323587796351,-0.1623106394497703,-1.5622691861640214,-1.469199478614141,-0.1918825499590342,-0.7603532843307019,0.1310543455826942,0.3923873430850522,-0.8346222685251964,0.0736098169574727,-0.0010738831170075,-1.7296521676655527,-2.232782666900952,-0.543565963393155,-0.2384480436789287
2015-05-21,HAL,45.33,46.36,45.29,46.16,15714737,1.6144814891543977,1.5923593365824669,-0.8520453097220051,-1.041975189757559,-0.2065628884004788,-0.6471003136694075,0.1742774449599176,0.4349071892490593,-0.7803057753691811,0.4034079988848242,-0.0014286778495111,-1.007795227965451,-0.1716279585196653,1.3570494690701769,0.340537437718035
2015-05-22,HAL,45.64,46.38,45.54,45.91,7738563,-0.3701821213585597,-0.3610274554120093,-0.9342570906659984,-1.1255792060248344,-0.2271141788326205,-0.5716096664982468,0.2300183091731258,0.4367503310039968,-0.8069537933239462,-0.7978835535036395,-0.0011445529065825,-1.1594458455495062,1.6144517078485046,0.4206374805504554,-0.066463918292704
2015-05-26,HAL,45.27,45.91,45.24,45.45,9214920,-0.6567968979710118,-0.6482878132699108,-1.1096423259855264,-0.979789090125014,-0.260201513228986,-0.5434847101220566,0.2907315931799933,0.421346386512729,-1.0711713037218444,-0.5404949981079001,-0.0011298194553185,-1.438482981904164,-0.3707296478064989,0.2740881615130763,-0.3627567775484757
2015-05-27,HAL,45.35,45.91,44.81,45.62,11044163,0.1998723040276801,0.2063798358276496,-0.9352215381972906,-0.8281593342896071,-0.2782219768714721,-0.4822028790710019,0.304033004261486,0.4224957718730746,-1.0651730202926466,-0.2544319584156644,-0.001372719294198,-1.3353605619470097,-0.6574191944744122,0.4234956209938394,0.4182101885545189
2015-05-28,HAL,45.5,45.59,44.91,45.35,7455375,-0.4014675495097454,-0.392318632473961,-0.9816761037773852,-0.5397542398881939,-0.3013516893896116,-0.4463285328823363,0.2536029567916296,0.3700772395979034,-1.3194802242667054,-0.8056349277257979,-0.0011506316445829,-1.499143228937787,0.1994734893855513,-0.2753883700649358,-0.3416704423170787
2015-05-29,HAL,45.47,45.97,45.36,45.4,9436334,0.0356456741462939,0.0434483449661951,-0.8571287287597886,-1.3825290830723482,-0.3157705055493232,-0.3952073586595398,0.1897404434562931,0.3745163220837711,-1.2325893254045714,-0.4637473241416351,-0.0013555092382047,-1.468813105420978,-0.4020232374810563,-0.1426267545324712,-0.4715458345695899
2015-06-01,HAL,45.35,45.54,45.04,45.24,7539282,-0.2524076289497702,-0.2433729368067214,-0.8412946189107032,-1.1578778242383327,-0.331370726360101,-0.3573513345157205,0.0744661748887078,0.3642671858053761,-1.324816526906469,-0.7630999391420007,-0.0011487672078048,-1.5658695006747712,0.0352040172112116,-0.209573361607666,-0.6702268692442122
2015-06-02,HAL,45.36,46.4,45.205,45.92,9798397,0.9028011607288728,0.8989604376112542,-0.3659848263144341,-0.9220914171194502,-0.3150367768372129,-0.2448685104962648,-0.1543845481553614,0.4290675163446703,-1.1465802509355687,-0.3741175421246827,-0.0013608022315149,-1.1533798208461408,-0.2529244312130271,0.9064215375462712,0.5774985462811579
2015-06-03,HAL,45.85,46.58,45.57,45.62,7431216,-0.4397340929117561,-0.4306137207401279,-0.4682413712981066,-0.9566204135684592,-0.311998310703886,-0.1891045966487995,-0.2441209622224619,0.3441814515726793,-0.9073072959739852,-0.7145768583601491,-0.0011491649425392,-1.17237091546021,0.902585721243538,-0.4053113291950208,0.2537937633659318
2015-06-04,HAL,45.16,45.46,44.68,44.71,12418587,-1.2748814907436363,-1.2723381778142642,-0.9033125212130946,-0.9768254801149718,-0.3431445115451064,-0.2324842098874226,-0.2468954676579741,0.3999663392349813,-1.0794170918208583,0.1857581067063202,-0.001091481383856,-1.8529716926009487,-0.4402997635908893,-0.7791576341630828,-0.1373791401711786
2015-06-05,HAL,44.56,46.13,44.37,45.73,12119239,1.38733941318963,1.3718945701317635,-0.3049010683527851,-0.5842909467392396,-0.325627861393466,-0.1419305597349544,-0.2446604005646837,0.3867719720037876,-0.3639313337769739,0.194757832475772,-0.0013826646147155,-0.7009145630768185,-1.2756650288265097,1.957426461662224,1.6161965922867314
2015-06-08,HAL,45.65,46.14,45.23,45.42,8923321,-0.4550382828190055,-0.4459359597796848,-0.4057487321943386,-0.6983438727354342,-0.3219311531711341,-0.1050599322340365,-0.4102363483193822,0.0454911449265731,-0.9886537986909596,-0.3509157714338048,-0.0011341875491017,-0.919762671113346,1.3872503766498716,-0.4069717663399835,0.0784291139647315
2015-06-09,HAL,45.8,46.0776,45.26,45.28,8178297,-0.2248966430032871,-0.2159221568184528,-0.4318310168847329,-0.0860385670256392,-0.3224899498470639,-0.0865170265845485,-0.470349982202531,-0.0231334312391155,-0.7619102953375858,-0.452627966671013,-0.0011469910100825,-1.0243608025094717,-0.4556079459480104,-0.8841097448162596,-0.0864765829731368
2015-06-10,HAL,45.85,46.69,45.78,46.24,11791229,1.2869623491443034,1.274217634167096,0.154164817119172,0.3556869047380285,-0.2835786168711733,0.0299127321957316,-0.6020908401172952,0.0874944879386641,-0.5540464779909421,0.2194648503019775,-0.0013761109627554,-0.1203340954429571,-0.2254062683932184,0.6163267689400235,0.0488184420559855
2015-06-11,HAL,46.59,46.6,45.57,45.62,6935850,-0.8677707672973526,-0.8605917188184934,-0.1535887095150554,-0.4415406131460911,-0.275660097754448,0.0432815698758307,-0.7432788389527961,0.1190863072824809,-0.6861180513332682,-0.6883737890593765,-0.00116027648837,-0.574627652607118,1.2868471269391215,-1.5992985556980488,0.2903307467411806
2015-06-12,HAL,45.43,45.79,45.24,45.48,5403027,-0.2240553426966136,-0.2150828893895222,-0.206539743398175,-0.393669120028316,-0.2734385133070363,0.039312828251635,-0.7809261910843905,0.054432263986286,-0.4710748725726236,-0.9419049889972632,-0.001180346339663,-0.4141689854240947,-0.8684481011861132,0.0568353148293842,-0.5834639038250229
2015-06-15,HAL,45.01,45.89,44.66,45.55,9627771,0.0628276734148886,0.0704456058338517,-0.1332222090890878,-0.1381911354746731,-0.2675351584212212,0.0456146486804672,-0.8663883575680238,0.0454405127924774,-0.5291371626912779,-0.0678560305942904,-0.0013513916595137,-0.2604208785627735,-0.2245647486140134,0.8801034444054285,0.6591537465403873
2015-06-16,HAL,45.46,45.78,45.31,45.42,8342856,-0.2106808921145976,-0.2017422839065224,-0.1707278408791023,-0.2912971484275155,-0.2665959269166642,0.0378785368956488,-0.9822155766138954,0.0454169792382742,-0.5761352197009405,-0.338960152454878,-0.0011446922586779,-0.376824072182956,0.0623931075293917,-0.092794144484574,-0.7289239902785387
2015-06-17,HAL,45.87,46.38,45.42,45.71,8951443,0.3645123425622883,0.3692922369948269,-0.0220033191035977,-0.0054779362318226,-0.2532156733733712,0.0637126240280929,-0.9990447025976198,-0.264482917600662,0.041074008612797,-0.1549296843427957,-0.0013442878395125,0.0386986199973546,-0.2111868089990047,-0.2898501376362619,0.1589982362736824
2015-06-18,HAL,46.02,46.19,44.34,44.58,17903001,-1.5720811967028403,-1.5746606160387613,-0.6622315524768226,-0.5411859254092156,-0.2854887911524902,-0.0331310981446181,-0.9443141186949312,-0.0966074929761392,-0.2948452910994132,1.6484924490597477,-0.0010318310311243,-1.5418119048299554,0.3641564780602669,-2.3903880552239416,1.867190891969973
2015-06-19,HAL,44.28,44.65,43.56,43.85,17319847,-1.0524748984568577,-1.0470598008841414,-1.018808473827843,-0.7402037011201525,-0.337599581657742,-0.1616679039819495,-0.7806504223332404,-0.2468116815187348,-0.9024407579313805,1.4991865548489889,-0.0010531067061459,-1.573311524591997,-1.5729422661634056,-0.7599946813650331,0.4803188941597811
2015-06-22,HAL,43.92,44.21,43.45,44.11,10744583,0.3361508155487663,0.34125886216481,-0.8178824099755561,-0.9497616056538296,-0.3661407912124834,-0.2038296530264681,-0.6981053452697444,-0.2310227461117528,-0.7432946176068557,0.1210296045152879,-0.0013528089993704,-1.2041546942891024,-1.05320041666568,0.3005240497940623,-0.1553898027744716
2015-06-23,HAL,43.85,44.56,43.83,44.49,10622266,0.5033461525833012,0.506336855813303,-0.5704727215605047,-0.6585881767381465,-0.3712216929201805,-0.1771726237239644,-0.6604319759659818,-0.2231233021131798,-0.4776878966349149,0.0814654089500181,-0.0013560521302691,-0.8142815510088065,0.3357875522902229,1.0763776909401774,-0.2238519454628275
2015-06-24,HAL,44.16,44.67,44.11,44.25,9833831,-0.3688452001579944,-0.3596906408038057,-0.6707399896332003,-0.4001046905152443,-0.3819865321906381,-0.1704773577217089,-0.6127293906698112,-0.2251376134940432,-0.6085241404214722,-0.0644504986003042,-0.0011333105059621,-1.0605172204489937,0.5030265060732404,0.1276612721626708,-0.536614720039756
2015-06-25,HAL,44.16,44.23,43.5,43.5,8706015,-1.0882170176038737,-1.083208201582217,-1.054441464546375,-1.2573639098470386,-0.4169245606495915,-0.2273425177589414,-0.4724209103107434,-0.1662217582158657,-0.7665974923574117,-0.3023560966782587,-0.0011495300954283,-1.830003687449572,-0.3693923778392947,-1.1554872529811822,-0.1927301700121557
2015-06-26,HAL,43.5,43.52,42.76,43.12,28337232,-0.5768593591312429,-0.5680361114513726,-1.2119757412702614,-1.278499365245075,-0.4560079039546998,-0.2835046148427296,-0.3094504786766914,-0.1578927502615333,-0.9050393484312912,3.140344375253544,-0.0009492731139772,-1.5767976062472424,-1.0889518599663996,-0.6863091568541102,-0.1224219281602121
2015-06-29,HAL,42.56,43.18,42.46,42.69,11070882,-0.6538438195913269,-0.6453212779143981,-1.3920387529750815,-1.3612184451274385,-0.499838963496084,-0.3406548323718262,-0.1165872803933404,-0.1437464937210669,-0.9952997010782164,-0.0505715781752482,-0.0011390304810395,-1.7005553257669217,-0.5774608020893964,0.2044572290058529,-0.1857155921686576
2015-06-30,HAL,43.07,43.23,42.75,43.07,10645179,0.521186534822747,0.5239253506091114,-1.0894604461113913,-1.7640529909771092,-0.5153754665063243,-0.3135453049638433,-0.0522724008080628,-0.1933096320080859,-1.07898971380848,-0.1344374051649982,-0.0013388103060011,-1.4019290883607376,-0.654465345716323,-0.0263165508545973,-0.6625193380430712
2015-07-01,HAL,43.23,43.27,41.2,41.56,16565033,-2.2157134013719557,-2.234491303082634,-1.864397640271204,-1.9430117765615904,-0.5821012974466423,-0.4236181319248919,0.2200145692219774,0.0543248745492443,-1.4745219090390926,0.8118261189575934,-0.0010878005235631,-1.663323668040264,0.5208715423866501,-2.9449258781269685,2.559676543084204
2015-07-02,HAL,41.66,42.18,41.33,41.91,10453651,0.4913137048910844,0.4944714717510496,-1.5801193940894167,-1.6852472508337282,-0.6158050509200779,-0.4266781345563338,0.4035505051164876,0.0279969473936505,-1.0872340208681683,-0.2266314721662167,-0.0013352982859436,-1.451399526308961,-2.2167423770940484,0.4270667014285882,0.0989583796303135
2015-07-06,HAL,40.83,41.74,40.62,40.72,13463879,-1.8007618417467173,-1.808292025300835,-2.147173272449022,-1.9351452154501776,-0.6831697033053644,-0.5157687110011682,0.6726596645056684,-0.0127171836175279,-1.7764778919146138,0.2833001498047006,-0.0011193415058584,-1.8265386742538492,0.4909909194403454,-0.2298604246643368,0.7009590638297493
2015-07-07,HAL,40.63,42.0599,40.24,41.88,18273593,1.7405629819569168,1.7143964473586917,-1.3569574824026898,-1.3251881456268555,-0.6847074032309051,-0.4176037297113091,0.7457432632678175,0.2437843522400506,-1.3121353665980586,0.9932965743043668,-0.0014030205239647,-1.0360845338688798,-1.8016825678122728,2.298067683715611,2.030262288153586
2015-07-08,HAL,41.39,41.975,40.71,40.94,15205117,-1.430382749084746,-1.4303356236262588,-1.7969713375675738,-1.618733910512992,-0.7163587362936559,-0.4165837179799926,0.8992471307188148,0.3132216159086566,-1.575154178281725,0.4122552498667413,-0.0011011387440658,-1.5205388974651532,1.740566091907786,-0.8477300159962194,0.9838150070403856
2015-07-09,HAL,41.54,41.82,41.26,41.31,10740351,0.5296681942339466,0.5322855059127178,-1.434414860167616,-1.2512577462676209,-0.7202743280932893,-0.3443763880437899,0.8772588292262204,0.2061814650583077,-1.733322302771229,-0.3017371755206241,-0.0013378553160592,-1.3220458284786225,-1.431206853246758,-0.4446340902601794,-0.4615519027918838
2015-07-10,HAL,41.57,41.77,41.17,41.33,10430751,-0.0028541706244093,0.0051900034975064,-1.2987064283111558,-1.0771432228482278,-0.7160325128036361,-0.2656134986736285,0.8709033971879808,0.1981043518729109,-1.5485663279171795,-0.3753759032798958,-0.0013383930250907,-1.291179352706887,0.529355414433751,-0.4625067947447336,-0.3814396617255574
2015-07-13,HAL,41.41,41.93,41.04,41.87,11084936,0.7804406917470534,0.7789568585450793,-0.8648311566665005,-0.9528750507875128,-0.6852161970616389,-0.1342008804829665,0.7993537538725805,0.2646940635050626,-1.3332298908124558,-0.3097198627069736,-0.0013480250638826,-0.9988246246581992,-0.0033058711293409,0.8129450085227582,0.1801918559672054
2015-07-14,HAL,41.79,42.98,41.72,42.56,10114457,0.9929902448398537,0.9872636539304432,-0.3543561308172633,-0.8243621239269591,-0.6280945168472643,0.0386387693847342,0.6571773061445456,0.3447825464703213,-1.131533657942024,-0.4645510695915812,-0.0013425951712224,-0.6252602499293171,0.7801933317195883,1.3657598926381562,0.8760041677528829
2015-07-15,HAL,42.31,42.32,41.06,41.07,14552082,-2.2126124874333235,-2.231295430976478,-1.1372082111699346,-1.107577560884549,-0.6358317305114685,0.0099648129563364,0.5762297349822759,0.5357963912919486,-1.574048733173485,0.1752684298700059,-0.0010936327601973,-1.4319427402858842,0.9927983332510938,-2.240549914101655,0.9655176524523402
2015-07-16,HAL,41.41,41.52,40.16,40.21,15030796,-1.3366705560484682,-1.33507084906574,-1.5054738971353945,-1.1292129127902526,-0.6697846495168794,-0.080453126441367,0.4784080592896431,0.5538829914613508,-1.93461810812181,0.1968728353879385,-0.0010965781565471,-1.8537390909092863,-2.213640654210707,-2.215694531838992,1.2274666611689469
2015-07-17,HAL,39.99,40.42,39.55,39.99,14966760,-0.3736269371001221,-0.3644721295033482,-1.5070996366069087,-1.0975882873445668,-0.6989894456383374,-0.1405658913933432,0.5022927894452106,0.4843676565311066,-1.6796183200399837,0.2117594964825555,-0.0011044791045969,-1.5956309343756407,-1.337470213229925,-0.0263165508545973,0.221793067123937
2015-07-20,HAL,40.44,41.6,40.44,40.72,19223342,1.1034972646242698,1.095288549040675,-0.959152769344114,-0.7444386882386165,-0.6871796076364314,-0.0830851411725312,0.4846532240215271,0.5557743702074465,-1.2157985002808465,0.8329445362778028,-0.0014118279761104,-1.1216753636074752,-0.3741753622074643,0.4967917539162162,0.7828263124338041
2015-07-21,HAL,40.78,42.59,40.74,41.86,22068167,1.7099843780774615,1.6848208160857532,-0.1778442212629842,-0.5070247083563215,-0.6274184574251697,0.0863253111676088,0.3605910349432393,0.7178436635591702,-0.916620826753588,1.125814507697691,-0.0014494541538312,-0.381525568161295,1.1033341813328357,1.9745644685987505,2.09191999436431
2015-07-22,HAL,41.85,42.89,39.315,41.54,47543043,-0.5089294400785754,-0.499920878400696,-0.2863444465613823,-0.1948723427313673,-0.5875740686825214,0.1705882718788959,0.1493191985236937,0.6984968367861072,-1.1412985068966066,3.9930726498071936,-0.000761451017551,-0.5001069083477314,1.7099795108963247,-0.5859594038951204,5.581126059757105
2015-07-23,HAL,42.19,42.97,41.69,42.33,16688677,1.151015743753229,1.1416818211936537,0.2707865265397261,-0.070684241640266,-0.5206011293781703,0.3078270625861886,-0.0659537438756238,0.7800849630504838,-0.8047238440679844,0.0303245078885773,-0.0013866759904074,0.1578441802415668,-0.5095131619552306,0.2243885907065747,0.9287871263281556
2015-07-24,HAL,42.42,42.61,41.24,41.72,11780174,-0.93017069162559,-0.9235247795890292,-0.0569172218808758,0.1092282271612691,-0.4876068386710037,0.330157638592232,-0.2051853950563017,0.7679231912507514,-0.7684438035668034,-0.5935613323835522,-0.001135525389903,0.0199235161889633,1.1508650567498084,-1.2730456789151643,1.1454205165818627
2015-07-27,HAL,40.92,41.33,40.24,40.98,12239393,-1.1372852987791244,-1.1328686422368195,-0.4569493949060789,-0.4693050210683541,-0.4866679269371918,0.2655121057406676,-0.2980229018413116,0.8027117817387706,-0.8963548710776356,-0.4592800548983609,-0.0011354880652134,-0.481868585542467,-0.9308643039695575,0.0844631927824465,0.6254046630926556
2015-07-28,HAL,41.31,42.0,40.25,41.92,16038508,1.3950799757053458,1.3794205170343126,0.1619384770262651,0.1162392229331896,-0.4454903442597187,0.3173693257751613,-0.3589778405676522,0.8922511518913961,-0.4323784050682722,0.000152936892562,-0.001377984661679,0.3082023740519591,-1.1380329417311672,1.089311358801338,1.8878388745794823
2015-07-29,HAL,41.5,43.39,41.5,43.29,16896124,2.0016774152749246,1.966372648681868,1.021619062326067,0.3687419277221039,-0.3565259302200036,0.4818575830972512,-0.3217340192475573,1.0536869249204417,-0.0924585867215802,0.0678369082110801,-0.0013925204488411,1.3613037451390817,1.3949929584693213,3.232423098235555,2.047258308025346
2015-07-30,HAL,43.28,43.71,42.17,42.29,10686147,-1.4711581474309672,-1.4718323775490734,0.3654624495296347,0.0582598010639693,-0.3233454364421551,0.4698613384996031,-0.2927989094386347,0.9385938554802962,0.0904917978421933,-0.6836928487635042,-0.0011425521996966,0.3688542281500322,2.001748642930302,-1.7545112668635048,1.4435525035203516
2015-07-31,HAL,42.07,42.4,41.69,41.79,8715440,-0.7690806670594836,-0.7611888253873034,0.053238924872063,-0.2096678402361644,-0.3147948519307721,0.3968673803640141,-0.2964541951620104,0.9537318387038036,-0.2095286305098371,-0.9284899106920664,-0.0011638680437973,-0.0093234211608316,-1.4719928887933074,-0.529157051090673,-0.1753868320912578
2015-08-03,HAL,41.3,41.34,39.91,40.12,19219545,-2.520933889967856,-2.5498684042565443,-0.9841499869551692,-0.7697051384108412,-0.3711599934013633,0.1713802526771878,-0.23449946638892,1.0794297729076523,-0.3838799386864543,0.3721814815312215,-0.0010736495006567,-1.2724367698591177,-0.7697322553661238,-2.1849389840108846,1.3792002425689431
2015-08-04,HAL,40.35,40.8,39.37,39.6,14912992,-0.8399297294739453,-0.8325334345139939,-1.2440869668159176,-0.5685899672839899,-0.4329994930531354,-0.0231003531916629,-0.0937725407911068,0.9560886365108408,-0.9670312214849882,-0.1494611370331623,-0.0011190628937092,-1.6657415251424126,-2.5220424894732374,-1.430624825212777,1.418207125210833
2015-08-05,HAL,40.04,40.98,39.86,40.61,14681705,1.5548983476948677,1.5346036731653732,-0.5930909520990902,-0.0870394255678249,-0.4388953821743191,-0.03468694742874,-0.0771598440096854,1.001305187574553,-0.2858590049413115,-0.1757731924419258,-0.0013592450963018,-0.9018226735344697,-0.8405998003877583,1.049220850280966,0.707168153356957
2015-08-06,HAL,40.57,41.0,39.8,40.85,11875567,0.334941139899759,0.3400629005911121,-0.4263544707492177,0.0298266376279969,-0.4308521102279206,-0.0080770621877397,-0.0664249565688041,0.9935159840481794,-0.3310163536934235,-0.5382765263123407,-0.0013411029703925,-0.7202974018652537,1.5548530227563535,0.4951155380024817,0.8568775936068715
2015-08-07,HAL,40.58,41.0799,39.58,39.76,7807980,-1.6942264193907617,-1.699340499250005,-1.0704419405660284,-0.4258884773695318,-0.4637259916542157,-0.0921092024032005,0.0293348117903869,1.097514723210922,-0.7253739432718966,-1.0458761046920535,-0.0011756384488647,-1.544724677362939,0.3345775610695048,-1.5529913618843032,1.552613591157774
2015-08-10,HAL,39.86,41.7,39.82,41.62,10614095,2.8794775421433583,2.806012144125462,0.1208936619834951,-0.2448473782759905,-0.4135067975069689,0.0545452315354015,0.020216727629157,1.40463970732609,-0.2551683129702189,-0.6850534655472795,-0.0013317321900872,-0.1379038219265266,-1.6951193532415112,3.30963783656204,2.1732319671253757
2015-08-11,HAL,40.57,42.0,40.44,41.95,12541525,0.4606404868505367,0.4642138433265409,0.3506571178261728,-0.0936457774566222,-0.358286403334997,0.1847417814561915,-0.0280135459277812,1.3745189859253435,-0.3779749573770545,-0.4504930928514066,-0.0013513840834786,0.1116934266186476,2.879777764147685,2.543598744226716,1.5078832581755186
2015-08-12,HAL,41.83,43.02,40.81,42.71,17621529,1.0949207268867869,1.086911393672458,0.7806508228074457,-0.1004125416001711,-0.2830469149765234,0.3404278252078747,0.0503242374734407,1.230037703957288,0.4189837566440396,0.1736544433422826,-0.0014016264534351,0.686523453571159,0.4603096995855117,1.5631066129324895,2.7210923652536474
2015-08-13,HAL,42.34,42.44,41.59,41.76,11117576,-1.4178037139402424,-1.417539664587777,0.1271209538042614,-0.1799114450120554,-0.259511579129885,0.3318910617108501,0.0063386928319154,1.2392584982902697,0.3986546532074895,-0.6276860869555967,-0.001136356351673,-0.0320140801194845,1.094755406208258,-1.0612725119569364,0.1050297958541288
2015-08-14,HAL,41.71,42.64,41.69,41.99,9011720,0.3099002362747622,0.3153006953311968,0.208797830099602,0.0496512861611878,-0.2308429863399467,0.3382745659182407,-0.0654121074677604,1.231383837069418,0.5670341539800751,-0.8740366829875541,-0.0013257346574748,0.1419476385635159,-1.41862453657167,0.4808639776740935,0.2942159010819902
2015-08-17,HAL,41.63,41.87,40.89,41.29,9184940,-1.0708771159025012,-1.0656685610661645,-0.2521549732976171,-0.3407686826119683,-0.2346629526260646,0.2597563775004293,-0.0887109594030639,1.242169212707903,0.0381058898120308,-0.8117998029385709,-0.0011554774325408,-0.3875010704716954,0.3095301249489579,-0.6433621178630066,0.3867347587008681
2015-08-18,HAL,41.13,41.73,40.81,41.01,9655828,-0.4551866582031169,-0.4460845287119564,-0.4026471603383276,-0.7920264819559426,-0.2475523898219001,0.1735971647720192,-0.0842859988385331,1.1316146647440015,-0.4656988104531822,-0.6929385897074997,-0.0011537998482334,-0.5992805540857798,-1.0716074347529208,-0.2467448080696897,0.2783076647941082
2015-08-19,HAL,40.37,40.85,39.03,39.3,15521669,-2.6289785868841573,-2.661894521171787,-1.417816501614497,-0.9324311453615892,-0.3230378502938855,-0.0564512917570613,0.0901747546535595,1.3640689058266562,-0.9594333994259832,0.3988057526096935,-0.0011042248119557,-1.68952308116639,-0.4557563600392528,-2.028803796871516,2.268227337614673
2015-08-20,HAL,39.13,39.69,37.66,37.7,17242919,-2.5676744144950834,-2.598306431551233,-2.298733982596465,-1.1195559205394456,-0.4424257613135631,-0.3534942089262909,0.4709093166014455,1.479256605995258,-1.7738725147947585,0.6638773991546921,-0.0010961795227091,-1.8593247254979184,-2.6301153723333206,-2.787345244426592,2.8962608225508224
2015-08-21,HAL,37.23,37.77,35.34,35.69,28078591,-3.3523237717557555,-3.417161446150916,-3.4135426060070198,-1.1711275546588509,-0.6108015578321095,-0.7172225166281622,1.183251668510477,1.7617061501368214,-2.2901973139408924,2.1030471893477904,-0.0010160649598534,-1.7422987783075703,-2.568795207341131,-3.151477688300846,4.08304672667067
2015-08-24,HAL,33.0,35.7,30.9301,33.56,24757842,-3.748592004720845,-3.8348568410627073,-4.585323817024711,-1.383374452718965,-0.8203082198230804,-1.1140753024636552,2.159873728160446,2.07139374805198,-2.826681376898967,1.4526058181210155,-0.0010579570355882,-1.1972391364479724,-3.353649258430409,1.2557743488382327,10.25395511723635
2015-08-25,HAL,35.29,35.29,33.47,33.47,14726628,-0.1999574070228667,-0.1910480112911216,-4.414401799933756,-1.6938095167198244,-0.9802818266203432,-1.3040602997559332,2.858733599510589,1.947572636861062,-3.1279097605424755,0.0453613797975065,-0.0011396726546848,-1.2206490487610449,-3.750020867076636,-3.922724853264785,2.9405065039813394
2015-08-26,HAL,34.18,35.24,33.63,34.43,19270018,1.7527140256257838,1.726145017860739,-3.532033047364093,-1.4757902335323116,-1.058771933177999,-1.2463111706801129,3.1403054375278443,1.9070996324912708,-3.1733172992738905,0.6674346680603352,-0.0013727068340376,-0.9709433174216135,-0.2004605264395908,0.526285739669613,2.3058234487505
2015-08-27,HAL,35.68,38.155,35.47,38.04,21762370,6.494785408295031,6.148920722303267,-1.00176576558108,-0.4832899597054513,-0.9694233131445772,-0.7680978744531254,3.0831634660133016,3.207835140835336,-1.643424820437558,0.904454515126412,-0.001396735369631,0.0736015822854733,1.7527203054558191,4.970942781508331,4.2911736483137854
2015-08-28,HAL,37.57,39.15,37.56,38.59,14974788,0.86715959901503,0.864029399202413,-0.5300334585864622,-0.7501238246895613,-0.8686511610954804,-0.3561232627148959,3.019423836123196,3.2329437334031184,-1.2920751420720338,-0.0569233338167771,-0.0013549230170958,0.2248269725362931,6.496028766493716,2.0248631367599805,1.842518184685983
2015-08-31,HAL,37.78,39.8,37.36,39.35,14148136,1.193127525202236,1.182767388867691,0.0046692024874531,-0.6578201052233836,-0.7519068509499663,0.0145684866613087,3.011662202566064,3.141910347896516,-0.4493474165404403,-0.1348359964274232,-0.0013531958305346,0.4337929663374237,0.8669348616087101,3.1133420701601726,3.576444747200469
2015-09-01,HAL,38.1,38.73,37.55,37.95,15096886,-2.248021519494132,-2.267798597415549,-0.8798392281196171,-1.0149574768003844,-0.7080185691483539,0.1235917233935668,3.0376576729835785,3.238677854042422,-0.7794165129770568,-0.0080456072265931,-0.0011199245358451,0.0488556093353406,1.1929878240254077,-0.3237645239273113,1.0000387831042157
2015-09-02,HAL,38.47,38.86,37.28,38.17,11072086,0.3279201163603415,0.3331210181182933,-0.6518282498041694,-0.8399209857070223,-0.6586818166438844,0.2248345825752002,3.025805379084176,3.175571690010124,-1.0498995260426105,-0.5326820787098413,-0.0013289438177306,0.1093457654356677,-2.249058923531793,-0.6154908567589592,1.8584680165841805
2015-09-03,HAL,38.46,39.13,37.56,38.08,15369018,-0.1797925684609812,-0.1709431060304565,-0.6209368195653727,-0.904103541542522,-0.6176997728043134,0.2843239936401531,2.9954171025291454,3.168899946128048,-1.1633580308830824,0.029461823203998,-0.0011191684020124,0.0845997924855328,0.327554705934642,-0.7727980474999123,1.844735681537988
2015-09-04,HAL,37.39,37.79,36.76,36.85,10000519,-2.0439568130950603,-2.057723078123454,-1.3587664884149466,-0.9751724820724448,-0.6280846046851962,0.1996980686486698,3.050135080932775,3.196177294774454,-1.242372802287587,-0.7046953737510406,-0.0011657477579315,-0.2535951711662969,-0.1802904274158567,-1.1174629532791431,0.73814923320917
2015-09-08,HAL,37.3,38.04,36.89,37.95,14942724,1.825452837502884,1.7964279600809292,-0.48953285721465,-0.7053722113457878,-0.5879421735085205,0.2620536339582456,2.940447573380504,3.065116498413765,-1.4625186780240058,-0.0710095639003295,-0.0013546007450672,0.0488556093353406,-2.044940982161394,1.2902695176254553,0.9341566810655336
2015-09-09,HAL,38.33,39.015,37.05,37.15,11131176,-1.345418440913699,-1.3439574649261556,-0.8760765314153883,-0.5717573854170178,-0.5825938721988861,0.2223785948957005,2.792777692916386,3.0754035140086757,-1.847940303420483,-0.5675286068235572,-0.0011558562892063,-0.1711085946658512,1.825478092924696,-2.35219984042816,2.8168803583696347
2015-09-10,HAL,37.14,37.89,36.24,37.58,12533530,0.6876218876182454,0.6877705307886804,-0.4069823610530425,-0.2119801725610772,-0.5567111043877564,0.2434939269275732,2.4773629524302927,3.050357371247979,-1.9315134523840636,-0.3532497963334357,-0.0013375357697477,0.0064567008125133,-1.3462203801820891,0.8687503708095559,2.06786762713738
2015-09-11,HAL,36.96,37.56,36.53,37.2,12276664,-0.6625344743837799,-0.6540519418002669,-0.5143425211721532,0.1345779703197911,-0.5465498176380911,0.2199193709401098,2.2385779781550235,3.0257875257719995,-1.7711806327500474,-0.3942885001712609,-0.0011465392977794,-0.1014168919788965,0.6873503136712658,0.4642794566809264,0.7162321473058753
2015-09-14,HAL,37.12,37.36,36.61,36.88,8652972,-0.5685490537921634,-0.5596991114756726,-0.5621561051883587,0.63027816196765,-0.5464873007219074,0.175065666445194,1.9018554205493476,3.015291168165241,-1.9547660194609005,-0.8799108107220902,-0.0011771957320435,-0.0733751323799192,-0.6631582676659286,-0.5147979204265917,0.1035146145538253
2015-09-15,HAL,37.12,37.3,36.61,37.01,11837731,0.1864601628814624,0.1930895327554329,-0.3226322389879731,0.6816503788732975,-0.5368294278705008,0.163880983846165,1.5931960583634222,3.0105295894016604,-1.689841491696335,-0.4653226673243094,-0.0013302673147845,-0.0099251493921814,-0.5691483288160658,-0.250203845241765,-0.0375494370875916
2015-09-16,HAL,37.42,39.1,37.15,38.65,12643260,2.7258037812571034,2.659838822523509,0.9176944527086276,0.7931449801831969,-0.4610141159522794,0.3252213470500631,1.304761825862817,3.2220124046369443,-1.0126429302854998,-0.3743434000654718,-0.0013392719668532,0.7056536408133869,0.1860578493738905,2.4570799148690243,2.6134542453201086
2015-09-17,HAL,38.58,39.52,38.13,38.7,12144652,0.0475447557821666,0.0552680049322129,0.9750499075995176,0.0247042962230119,-0.3960923867380614,0.4262537432619119,1.2498255084312102,3.0713330274107387,-0.3916990797638678,-0.4223007911947029,-0.001338807491332,1.0306306218659684,2.7260639139270277,0.2086812256943075,1.4020557959319724
2015-09-18,HAL,37.91,38.04,37.15,37.38,14347637,-2.15652600424352,-2.173519887559665,0.0538895865041972,-0.5502024980522469,-0.3937481371581585,0.3460063048998997,1.244309562656241,3.024808978381756,-0.2921373169773002,-0.1095836709683042,-0.0011251060681971,0.5359328654736648,0.0471062029961598,-1.0825667786321935,0.3929822714621004
2015-09-21,HAL,37.75,38.01,37.19,37.45,11498480,0.083592042151637,0.091060924803489,0.0407866943090578,-0.7988144598195086,-0.3863776272671019,0.2947458617260615,1.1810614186741777,2.731177017334586,0.5567686975911145,-0.4029888976093107,-0.0013331265123903,0.5621668374035599,-2.1575395395720007,-0.6267280885536914,0.2334959812799029
2015-09-22,HAL,36.72,38.02,36.59,37.46,11490927,-0.0163717339733081,-0.0082483755080502,-0.0898152164664845,-0.3743238049668277,-0.3774875865536806,0.2576487533656196,0.7593265530687797,2.299125794976078,1.539243643896418,-0.3234510236286748,-0.0013361100970448,0.2140343923800227,0.0831628931292217,1.4962412110938772,1.590134417995419
2015-09-23,HAL,37.69,37.8,37.1,37.3,7906976,-0.2989139821807091,-0.289805208076934,-0.335265136724626,-0.5206052145300509,-0.3741225539054029,0.2137497910284742,0.1594334924473704,2.3024397487266763,1.5131171541187391,-0.8294592958759925,-0.0011762004990422,0.0959656495014367,-0.0168269608454886,-0.8080941102226887,-0.0272863272379879
2015-09-24,HAL,36.93,37.44,36.4,37.0,12938203,-0.5337309290992412,-0.5247813421552776,-0.6325450456645682,-0.589762257822729,-0.3805715778924314,0.1533694083246891,-0.3502147595881121,2.2586737103496146,0.9287888725971792,-0.0074826960098227,-0.0011364280749456,-0.7067074613957923,-0.2994429166956646,0.1168901905814417,0.7512299797293099
2015-09-25,HAL,37.32,37.38,36.36,36.7,10576535,-0.5377909416888174,-0.5288519598617364,-0.7957916596765466,-0.252038551194954,-0.3946361844400317,0.0854627237500727,-0.2946705319559371,0.8139958279758588,-0.6848264858478913,-0.3034227084360784,-0.0011590323948266,-1.4517737101868124,-0.5343211210146414,-1.2814641071110615,0.7249615596057591
2015-09-28,HAL,36.2,36.23,34.72,34.93,13185705,-3.0356316390321902,-3.085359102783229,-1.9101775919652435,-1.347605165211068,-0.4717006210391175,-0.1310231019443084,0.0230597410551627,1.0952419741973565,-1.5603966500789284,0.1419502526046532,-0.0011414431254283,-1.7438858319301342,-0.5383821927518654,-2.676890229136288,2.0114444169494625
2015-09-29,HAL,35.05,35.69,34.36,34.68,12185136,-0.4785874938001883,-0.469520352368763,-1.933022682809531,-1.2096967208408844,-0.5381068290290822,-0.2767776655372408,0.1811600733123701,0.9959762086166424,-1.910454999284663,-0.007544045591669,-0.001152421878638,-1.6751519922299185,-3.036874509281384,-0.8238674926341617,1.6048509176501853
2015-09-30,HAL,35.01,35.96,34.61,35.35,13868882,1.1697976456463215,1.160009398780616,-1.3737932409311884,-1.0805098257787569,-0.5596112444677118,-0.277804875351533,0.3032440015018126,0.9346602923389205,-1.1736700655939043,0.2857169067158073,-0.0013422338116383,-1.2435237693449426,-0.4791633002824144,0.7074054415635711,1.5914246108809365
2015-10-01,HAL,35.87,36.19,34.45,34.91,14620257,-0.8079192820722068,-0.8002889122668668,-1.5760178790246775,-1.0971038252166234,-0.5888780462101146,-0.298606891922385,0.4386671296358916,0.9319015947563896,-1.421816782822381,0.3762515964204856,-0.0011338894365807,-1.5269811097470187,1.1696518583339175,-2.0483325462282056,2.5625888728198203
2015-10-02,HAL,34.66,36.84,34.41,36.8,13385457,3.337605242319626,3.239743062818966,-0.188619225653269,-0.21518158770239,-0.5332393442424417,-0.0967032002449111,0.3919467967552011,1.4236713472235738,-0.6611424797411221,0.1899737302407366,-0.0013385784267342,-0.3094029884744776,-0.8085810023247041,4.638450334413895,3.911890438834612
2015-10-05,HAL,37.2,38.11,36.95,37.71,13060638,1.506536949440329,1.4876859278627332,0.427459437071113,0.0218968683433749,-0.4498422861522722,0.1362692839069536,0.4136990024315342,1.36236113833114,0.1752756306337438,0.1085539797638002,-0.0013395989805695,0.2768383291752665,3.33802497746963,1.0094740521518428,0.9723302140685828
2015-10-06,HAL,38.01,39.56,37.64,39.04,13680076,2.162792603808787,2.121339257618776,1.331553644541493,-0.0676502700379753,-0.3293066260883572,0.418241393382122,0.5340177623708313,1.410006384359813,0.2543501642526386,0.2223260166193415,-0.0013478654809047,1.1104605984486349,1.506479008318963,2.020995701586451,2.5074068772897418
2015-10-07,HAL,39.72,41.28,39.24,39.86,16814338,1.2746779003098274,1.26225304523268,1.8101012740344984,0.1447815848935353,-0.2008900344858665,0.6641044630753465,0.7888427558116001,1.3766729996122196,0.9038702695254252,0.6782004797855814,-0.0013770482544997,0.760749014740813,2.1629058620660917,0.2399787644139285,2.6739885093641265
2015-10-08,HAL,39.48,40.54,38.72,40.41,11381995,0.826058664028524,0.8237233404048409,2.0904292563086875,0.753735077161021,-0.0782672868046935,0.8458816643152481,1.0800674419499847,1.3822492941833588,0.938508551535225,-0.1928163779277077,-0.0013382719245181,1.0249541947398535,1.2745594734236747,1.7533987530774475,2.1622114536623016
2015-10-09,HAL,40.58,40.79,39.32,39.65,11644705,-1.2038970205057793,-1.2003480392667436,1.4637892468634353,0.449010618764018,-0.0125496303854041,0.8448306999983335,1.2159370953067488,1.4268188661146592,0.7997823599627752,-0.1452542599324778,-0.0011414533838116,0.6598706732866328,0.8258232044981576,-1.7577892023882873,1.4984885328285475
2015-10-12,HAL,39.72,39.81,38.448,38.87,7424809,-1.2577443217122577,-1.2549505528845415,0.8439312136460547,0.1911035353779935,0.0070572032461966,0.7253014644693639,1.2533403097839566,1.4802127697794305,0.6249914218027873,-0.8273892109698749,-0.001180419685668,0.2851796907425363,-1.2046620406572348,-1.643109536413501,1.3289295133998764
2015-10-13,HAL,38.61,39.457,38.26,38.47,6576591,-0.673675615972498,-0.665246174781503,0.5115988336439605,0.1196298675202565,0.0050985948229514,0.5741689994378029,1.2637526963064811,1.502892643006033,0.4118897700055063,-0.9429092891608876,-0.0011887467954464,0.0930304689250519,-1.2585233891705032,-0.3002675977975098,1.001839823152156
2015-10-14,HAL,38.56,38.915,38.08,38.72,6361772,0.3715921912775082,0.376288190329494,0.683740040516908,0.2667482037596977,0.0115559417603405,0.4749255516333929,1.267487239615809,1.2431755797128488,-0.1408777655916844,-0.9504179352360044,-0.0012939125941311,0.2131237325609799,-0.6743023156776313,0.2871763336286742,0.2059286166275796
2015-10-15,HAL,38.62,39.28,38.0,39.26,8811362,0.8352720418974761,0.8327608169865383,1.0405482338021343,0.4749881611594839,0.0358164665760443,0.4413558667737898,1.3049997243106173,1.2691654584901797,0.0450415962889532,-0.5074590504877251,-0.0013149615881991,0.4725251820145847,0.371238173716832,1.2257068179362074,1.1258513352398931
2015-10-16,HAL,39.03,39.1,37.12,37.81,18878082,-2.332388665897811,-2.3548594998966395,0.0132766701704324,0.5796370959612362,-0.0036763183609798,0.2504001970712838,1.3031169442271389,1.2993111036495455,0.0014694465655242,1.185126440872086,-0.0010837715265141,-0.2240157470737971,0.8350389858885973,-2.3879147546919888,2.7729950919740967
2015-10-19,HAL,37.31,37.78,36.83,37.36,12286794,-0.7739671320324046,-0.7661068296995461,-0.2975525892192955,0.5135332314512332,-0.0537610840759672,0.0703720851236754,1.3044077930124556,1.3213766073849615,-0.202771728261622,0.0506076386371657,-0.0011448677641718,-0.4401836216184692,-2.3334480790457155,0.0749321561414703,0.5278895966255609
2015-10-20,HAL,37.4,37.925,37.19,37.68,11762350,0.5002633787776688,0.5032971012002079,-0.0819606378417016,0.4414157384070723,-0.0816151510257327,-0.0164289685056559,1.3030390951511877,1.3310991528799112,-0.0812238559052139,-0.0411006818451022,-0.0013331839931801,-0.2864642441644809,-0.7746199950858018,0.5393117872451807,0.0343536884526014
2015-10-21,HAL,37.93,39.2,37.4,38.4,13598580,1.1566479855835552,1.1471783915804683,0.3811712760484478,0.7315966017414145,-0.0761717252578034,-0.0001626383573007,1.3098041920207015,1.3730911368089451,0.2656384516322903,0.2173764682523801,-0.0013508330323923,0.0594043551069918,0.4999429280551694,0.909864282929237,2.315278872240986
2015-10-22,HAL,38.92,39.98,38.83,39.71,17261369,2.090910965363347,2.052248726867263,1.194509922475444,0.6206451258486277,-0.0217473449886986,0.1389265594591225,1.3804111704675868,1.4938694731107132,0.9082135690628768,0.7763695173623427,-0.0013855202730986,0.6886930565592567,1.156498767879935,1.5072371561539144,0.8222240238622374
2015-10-23,HAL,39.31,40.0,38.9,39.21,16021146,-0.8169048506389354,-0.8093384922450608,0.7574842074887548,0.2451553928598755,1.0294848271950798e-05,0.1661142901853161,1.3801287397459168,1.511171367072868,0.8369709873725371,0.5173297433743678,-0.0011029674345991,0.4485065292874002,2.091005471642276,-0.2185113744630205,0.7467262173467264
2015-10-26,HAL,39.06,39.21,38.44,38.55,9832926,-1.0809507675878351,-1.0758576466236338,0.1743344034627836,-0.3408041487634751,-0.0102987570083629,0.1053253623626901,1.133394074111817,1.177829938961137,1.3545759920676177,-0.4509501111138767,-0.0011610544607194,0.1314603132885481,-0.817568914983625,-1.0127837918131255,0.0733313945056788
2015-10-27,HAL,37.77,38.6025,37.46,37.48,11611664,-1.7610401448280664,-1.7676470667684234,-0.6567151079976364,-0.9074803189372256,-0.0615657278447131,-0.0487307582743809,0.7965050531481077,1.313035545987167,1.0182882939824351,-0.1583970854073686,-0.0011490394443898,-0.3958242816181012,-1.08168371438195,-0.6064070379220262,0.9491491951700752
2015-10-28,HAL,37.79,38.91,37.27,38.27,13206124,1.2792731571584794,1.266728922421022,-0.2146164784132792,-0.8195227709221229,-0.071970729416648,-0.0667976493205121,0.5074271620353001,1.3211872585381104,1.045669432000118,0.1062831115199254,-0.0013457622263649,-0.0135675982731827,-1.761950508575542,0.9333250706597168,1.9801161052533356
2015-10-29,HAL,38.12,38.69,37.68,38.19,8423410,-0.1631408823484528,-0.1543458314114599,-0.3802353873143813,-0.6505531811545746,-0.08409199806149,-0.0856688040582028,0.0124519604435604,1.2856733462660446,1.2124108308702513,-0.637422396078864,-0.0011744421724058,-0.0522771358271008,1.2791559290507482,0.1124196758304216,0.6127679507747245
2015-10-30,HAL,38.33,38.735,37.7,38.38,9626210,0.2767454370407349,0.2824996561918963,-0.3043317314078775,-0.3543681845011595,-0.0869148602886425,-0.0768317897977112,-0.1413226983621962,0.8859576097194055,0.4630868611289238,-0.4111756694361215,-0.0013188504649837,-0.7234418002977255,-0.1636343973280843,0.0722378258222569,0.6561432510842601
2015-11-02,HAL,38.21,39.44,38.18,39.29,9822722,1.4431585719484543,1.4261456055699615,0.2591626445047155,0.0724865501924452,-0.0544073409146882,0.0211776156530049,-0.174085806067214,0.878465857675199,0.4478703915488091,-0.3548806232375508,-0.0013225966119975,-0.0436653510679149,0.2763666765231239,2.1091434850864528,1.081353182057186
2015-11-03,HAL,39.47,40.31,39.3,40.05,14462928,1.1712826156125755,1.1614582167139325,0.7388280178439981,0.2129290929683141,-0.0004258491919284,0.1548587751732311,-0.098018396568009,0.7387840152991879,0.2124773282974719,0.4349010241251649,-0.001363821504873,0.524060035102037,1.443084097119873,1.0838946321469862,0.510405632746851
2015-11-04,HAL,40.0,40.14,38.68,39.21,14661566,-1.3387825973289949,-1.337216268002676,0.1926087094362647,-0.203650037497842,0.0075133928622613,0.1432917447421262,-0.1452170140259109,0.7447007594784832,-0.4069716106993563,0.4921049568521265,-0.0011143303053794,0.1165638963446201,1.171137215688736,-1.5184643077738795,1.5119062547967272
2015-11-05,HAL,38.82,39.52,38.17,38.41,15071033,-1.3032441940045958,-1.3011261280890156,-0.281936496033099,-0.0009226402848669,-0.0191545430764425,0.0449598399927881,-0.2902253862755627,0.7664893257319855,-0.8943539365151704,0.5224166111701746,-0.0011165794242814,-0.5549879294013419,-1.339582805484988,-0.8242617315808467,1.337865370204753
2015-11-06,HAL,37.9,39.39,37.77,39.35,12260983,1.4906320550650385,1.4722480439830965,0.36677108287414,0.4038654889505964,-0.0049340448587552,0.0715404418332062,-0.3186754115077662,0.8278630282411901,-0.2785983836473497,0.0384484916620131,-0.0013408601743691,0.5258631556570261,-1.304035131150842,2.86418710304202,1.8397356126459048
2015-11-09,HAL,39.04,39.46,38.595,39.1,8446103,-0.4285363067021331,-0.4194051299678575,0.1890314820259992,0.2370678267350404,-0.0051399942450443,0.0556714955186505,-0.3100277798973797,0.7671762268770789,-0.0805742898410337,-0.6156860905643332,-0.0011726173645708,0.2870570107258126,1.4905699647862265,0.0897978730600638,0.2524061055574423
2015-11-10,HAL,39.02,39.49,38.65,38.91,8684335,-0.3355287060882806,-0.3263861214251936,0.0449601945057066,-0.0272401043364103,-0.0143119409709252,0.0198980156610913,-0.309014759883361,0.7515470833120589,0.0005002217992112,-0.5882337414279352,-0.0011724156495719,0.1055643405780857,-0.4290990561812296,-0.2393021061506557,0.2078619581282144
2015-11-11,HAL,38.84,38.84,37.44,38.1,10686280,-1.329038458210996,-1.3273187569511065,-0.4840797052962585,-0.7286634341824848,-0.054526428525233,-0.08862373393193,-0.2913335659728547,0.8202257031728436,-0.4026438066697686,-0.2841632520206343,-0.0011583481210585,-0.6681675689990411,-0.336067192395958,-1.465768688309489,1.4710698748453377
2015-11-12,HAL,37.45,38.33,37.1801,37.49,8940566,-1.0297782707192271,-1.0241161309489997,-0.8399822595139358,-0.7584096175628245,-0.1108222836572221,-0.2168342969167433,-0.2466406940194289,0.8168645308685688,-0.8296061562198138,-0.5724627826158373,-0.0011742114311912,-1.250854562631201,-1.3298361243842245,0.0543796148708695,0.9649218712506642
2015-11-13,HAL,37.3,38.05,36.77,37.39,9423073,-0.1990617605725807,-0.1901548882986785,-0.8941916951958634,-0.5988035427084688,-0.159233314660569,-0.2991073457316826,-0.2043388448576915,0.5888004204948211,-0.3306176743281317,-0.4309114845726547,-0.001172253662889,-1.2991014990308682,-1.0304978679907733,0.1559799817041844,1.2617464324435514
2015-11-16,HAL,37.43,38.585,37.17,38.49,9486521,1.798612441795482,1.770503059620353,-0.1832379856117871,0.1665490819719351,-0.1542265242781251,-0.2274292321038512,-0.2824234208586345,0.7117001077854754,0.2767361379671277,-0.4005529255439697,-0.0013118822585165,-0.2661637331589053,-0.199564646339332,2.113274479604885,1.4725190646382975
2015-11-17,HAL,38.43,38.57,38.015,38.11,11371655,-0.647650609158742,-0.639100307015474,-0.4561629797835945,-0.2482155847707549,-0.1650077791618745,-0.2107248979316429,-0.3167373991726607,0.7239631974806471,0.0001243319454714,-0.0706213708940575,-0.001157669822136,-0.6229967795510398,1.7986306952828537,-0.6554232709001461,-0.3776220658372944
2015-11-18,HAL,38.4,39.25,38.3,38.88,13758218,1.2249071024194438,1.21375449583255,0.0508997268373146,0.0460401663531011,-0.1432925185786845,-0.1137159591969851,-0.3161859879318797,0.731319686100238,0.0161049192663871,0.3419427602038086,-0.0013425360138857,0.1000596565593362,-0.6482705196423779,0.9180807636512862,0.4450396863776624
2015-11-19,HAL,38.55,39.07,37.855,38.04,8808607,-1.378077100119758,-1.3771453252911023,-0.4638313900372753,-0.2967094585033599,-0.1590049770539373,-0.132447112761907,-0.3696784692006595,0.5922951649680556,-0.7851182918339641,-0.4590039214716755,-0.0011764103418489,-0.6887291828338014,1.2247756916761343,-1.0258343311876603,1.0705883999955386
2015-11-20,HAL,38.15,38.315,37.545,38.0,9753787,-0.0984619079292798,-0.0899203731391169,-0.4503915455308021,-0.6398652320681187,-0.1727363810443534,-0.1423328354729659,-0.3810459399264037,0.5700105638082243,-0.6206961518855811,-0.2385203645842227,-0.0011710092157191,-0.7262905561382356,-1.378887559150419,-0.3233746838577534,0.0974250895155114
2015-11-23,HAL,37.71,38.45,37.58,38.35,6498607,0.5404332496983689,0.542894721152694,-0.2049040556362366,-0.8135417814831146,-0.1695854115958066,-0.1067864750334858,-0.3800446421389788,0.5397028306974152,-0.2436717591465423,-0.8224905903069767,-0.001289276650342,-0.3976285397244283,-0.098938549911079,1.2559200575437286,0.2993292293482069
2015-11-24,HAL,38.63,40.24,38.55,39.74,11009859,2.223553425606025,2.179680717313951,0.6638970106886437,-0.0067746401900528,-0.1127800012393561,0.0597562205744857,-0.3619796960476701,0.6061203714117073,0.7181047448295378,0.0314340227823366,-0.0013229498718306,0.9076291826046876,0.5401232782104439,2.144599357199291,1.9528646243905208
2015-11-25,HAL,39.33,40.0,39.01,39.31,5823397,-0.7066486883558919,-0.6983882387190119,0.3354506757457341,0.134395044717877,-0.0853959734700073,0.1172602447594445,-0.3420262773236632,0.5722574443490072,0.2316349264061271,-0.9072048101027832,-0.0011990036085222,0.5038444195820119,2.223682534720949,-0.0647359686834583,0.507568254738605
2015-11-27,HAL,38.93,39.35,38.76,39.13,3766760,-0.3180748207099035,-0.3089456575162455,0.1808982848733524,-0.2761162787025951,-0.0716481718409236,0.1281640527647557,-0.343745904936769,0.5767443907535328,0.1940144497959026,-1.2918408673779045,-0.0012148771742203,0.3348182397120546,-0.7072839898452039,0.361825165870145,-0.3347149817613589
2015-11-30,HAL,39.24,40.15,39.08,39.85,11273739,1.1125645753734514,1.104143835839294,0.6180881808977905,0.0903774361120212,-0.0337242733024994,0.1991159564314406,-0.2812116786417685,0.626744661597911,0.3950354992699453,0.1894463033460423,-0.0013251805332095,1.0109229591918834,-0.3186087537702112,1.1481632898152978,0.6464356816979548
2015-12-01,HAL,39.5,40.415,39.4,40.4,9061953,0.8262742361005699,0.823934811859055,0.9513917463563144,0.3418610846330295,0.0160946178619992,0.2864949856165827,-0.1609625571609549,0.5638499659868076,0.2474395676034423,-0.2420560557644833,-0.0013110307578207,1.429198992779542,1.1124038574985375,1.6951165287510468,0.5025120426466908
2015-12-02,HAL,39.88,40.52,38.895,38.95,13468884,-2.2675048146590884,-2.287893106063244,0.0083366777622016,0.0920914828995035,-0.0031490555628453,0.1786323565972044,-0.2392718509459101,0.7348056404916341,-0.5708528416023699,0.6475252893310335,-0.0011385981111713,0.0511547485169617,0.8260388328071357,-1.7881811496318574,1.8856695818188636
2015-12-03,HAL,39.24,39.38,37.61,38.01,14444065,-1.5355006707452583,-1.5373698017225033,-0.5882493197707581,-0.0231760732576557,-0.0564396367822329,0.0047060988229662,-0.2221223601678623,0.7585151263062742,-0.616950538644485,0.8455225348637683,-0.0011350971271738,-0.7821067568686279,-2.2685473013623305,-2.394530000074232,2.289584299961815
2015-12-04,HAL,37.51,38.04,36.91,37.9,13030444,-0.2131692639105147,-0.2042241410466018,-0.6459007710770861,-0.0265406397617018,-0.1035049250489095,-0.1184111105021689,-0.1931682749765234,0.6917387309058106,-0.3624819029634215,0.5893052934356587,-0.0011492526957368,-0.8796160819669404,-1.536352197334423,0.7592125403899604,0.8935091044779141
2015-12-07,HAL,36.989,37.0999,35.885,36.57,18434865,-2.2177767784899336,-2.236617957657649,-1.4589397712369694,-0.7857323104809818,-0.1926231931097231,-0.3251485240265183,-0.0156241260487244,0.7622641354405401,-1.2050527479590345,1.570001773738879,-0.0011147987523217,-1.3900267651529277,-0.2136758299439272,-0.8821439044526054,1.1773610822705862
2015-12-08,HAL,35.71,37.37,35.58,36.27,16871139,-0.5437264573140306,-0.5348034612346697,-1.572220198253818,-0.765735137893577,-0.273599012362234,-0.4695799317825503,0.1787116600525543,0.7647055455887272,-1.2304676181758754,1.1335689621434326,-0.0011308061226824,-1.4169940279954918,-2.218806292491397,1.1584776157615717,2.52172098163917
2015-12-09,HAL,36.6,38.31,36.48,38.3,21178992,3.4515315588814004,3.347132350315479,-0.1637598335627351,-0.349302460344075,-0.2566189982013561,-0.3329884290532969,0.1688774774999962,1.298961180229899,-0.3977209796842844,1.7254952159853498,-0.0013777399507198,-0.050984205929047,-0.5443192567928223,3.4829193718994675,2.3907589257475257
2015-12-10,HAL,38.01,38.775,37.68,38.15,15317826,-0.2768264771192375,-0.2677485454900439,-0.2680774213490631,-0.1564832663502702,-0.2479040157452895,-0.2449892761987378,0.1677924595744431,1.2379167994178033,-0.1482032626809294,0.6277505364597983,-0.0011400520103858,-0.1519208922886358,3.451981014330924,0.2519589009335071,0.8007662914201613
2015-12-11,HAL,37.74,37.89,36.89,36.96,13090053,-1.9749898732825824,-1.9868855334834084,-1.0646435669465657,-0.4645547003991221,-0.2862272201536137,-0.2956654371597433,0.2169252012839249,1.34243389302866,-0.3751022163098428,0.1989776938684642,-0.0011581112993809,-0.95268527074138,-0.2773496496005743,-1.5878001869215483,0.6635694762638181
2015-12-14,HAL,36.83,37.45,36.035,36.55,20102653,-0.7236290347837697,-0.7154625344198299,-1.3178670014297544,-0.6633683752587175,-0.3306194092186592,-0.3518278279597125,0.306309385435223,1.357510888243556,-0.4974235021441643,1.251487342079617,-0.0011166338190807,-1.2285788801242614,-1.975956050736705,-0.6006988436846734,1.6351416459171355
2015-12-15,HAL,37.08,39.67,35.5,37.1,24600868,0.9038554104152804,0.8999933705535628,-0.8947345780431547,-0.9412658750496772,-0.3419097589296257,-0.3115541759377171,0.358049762600344,1.2595600076455458,-0.6978563685357676,1.7559803327748922,-0.0013902903170456,-0.82180269363447,-0.7242687659869268,0.014434142327971,7.776098808014158
2015-12-16,HAL,36.84,37.0569,35.65,35.86,21317991,-2.1138576737319528,-2.1296026675691366,-1.6733774147816542,-1.1006603785210225,-0.3967807227757139,-0.3915110048804192,0.5509451784633405,1.392226216967139,-1.0345652839103527,1.128267985103104,-0.0011076387652323,-1.6429152646362026,0.9036402459552196,-2.03610888139914,1.678398764325692
2015-12-17,HAL,35.85,35.97,34.09,34.18,18732153,-2.949713918054812,-2.995647809670928,-2.6841618732962385,-1.341933862036423,-0.5022898709494872,-0.5858182827771822,0.9852136366719532,1.557010351921643,-1.9428571641213128,0.6933177707241567,-0.0011295307909027,-1.8347745833258424,-2.114860078045221,-3.545744199891839,2.9926671815699613
2015-12-18,HAL,34.0,34.11,33.29,33.44,17603626,-1.3808880193228572,-1.3800026242609764,-3.055330556747208,-1.6796369401586109,-0.609697721503834,-0.7461513323367576,1.478390666435197,1.5571993376078297,-1.9434529692808564,0.4491089265476555,-0.0011405167137104,-1.812336363310968,-2.950934374690728,-1.2706988946741091,0.4523215707607227
2015-12-21,HAL,33.61,34.08,33.14,33.4,11274511,-0.1074673797724831,-0.0988865310328088,-2.940115089319528,-1.8851147753826891,-0.6901341449926869,-0.8049937830205764,1.8736057923743157,1.5570048801857024,-1.9453224177225072,-0.4557965722431892,-0.0011795827592648,-1.764190698564643,-1.381699211646432,-0.4983747146064206,0.7541972865746476
2015-12-22,HAL,33.44,34.3501,33.34,34.02,10959968,1.1226920781794052,1.114033026839957,-2.366430612774863,-1.4710561941360578,-0.7228437461515429,-0.7292197244891033,2.094144415231446,1.6064971568684974,-1.8256975341826025,-0.5237550744759194,-0.0013027089713898,-1.484923414931261,-0.1079463710387021,1.2840912061152905,0.8831793879139888
2015-12-23,HAL,34.81,35.46,34.72,35.45,11337210,2.583964380903829,2.524615319621668,-1.2126443899295674,-0.8271305878971722,-0.686273000829981,-0.4902740584578382,2.0279589247452816,1.6745304122393778,-1.7529147311341238,-0.4731855029286297,-0.0013061456466889,-0.8408069381639486,1.12253400229649,1.362742412164675,0.1483724560447343
2015-12-24,HAL,35.43,35.54,34.93,35.15,3725129,-0.5598623688506774,-0.5509857226942523,-1.2844687515963282,-0.8636477573646758,-0.6631488830140135,-0.3337289133537069,1.9880061417861856,1.6718585692424637,-1.7216882444545751,-1.5242816556447,-0.0012213774273536,-0.9759362689542956,2.584187511504437,-0.6233952933025708,-0.1450102686870567
2015-12-28,HAL,34.53,34.76,34.065,34.3,6844022,-1.5385246881097867,-1.5404516853443773,-1.7292217693534957,-0.769073505896733,-0.6722223182446392,-0.2913687445438452,1.9999457491383463,1.7158456920662888,-1.9803068544811957,-1.098996899256602,-0.0012038165007896,-1.3588027061936077,-0.5604593777530542,-0.5295575177502942,0.0973611483930116
2015-12-29,HAL,34.93,35.17,34.2,34.5,5406122,0.3300245837621661,0.3352018456188134,-1.402829945854318,-0.6452593169846027,-0.6655658656355115,-0.2169921489803975,1.844677437245401,1.6549150001601465,-2.1391968975954687,-1.282310555442439,-0.0012730054295435,-1.2687164856667097,-1.5393770035834209,-0.956384332675442,0.751882865425188
2015-12-30,HAL,33.94,34.63,32.13,34.13,5682512,-0.7006909379639884,-0.6923986407893477,-1.4552509943388536,-1.4465680226970885,-0.6688383498193734,-0.183047784911968,1.5272559443487048,1.5965684445433337,-2.446800352683036,-1.233807940060179,-0.0012105117721532,-1.0888876392561648,0.3296597223351826,0.3966309795075026,4.513339088480868
2015-12-31,HAL,33.95,34.47,33.885,34.04,6194508,-0.1971690103787527,-0.1882675132523723,-1.3501567381934902,-1.436132397155562,-0.668958624944445,-0.1477785618039644,1.3776768667624435,1.4883010449805738,-2.018849430715483,-1.1375171042152503,-0.0012080133241543,-1.0392355788152374,-0.7013246852371064,0.1739680047990705,-0.1590559017497091
2016-01-04,HAL,33.86,34.6,33.56,34.48,10032933,0.7717494475292082,0.7704241703483035,-0.9009662071301224,-1.0045151521499274,-0.645987069300469,-0.0601252084350151,1.270139148533169,1.4870772079614945,-1.5314211696482,-0.5518349609196918,-0.0012982094825079,-0.8452515103172681,-0.1976714023780904,1.3570888478309089,0.9224375136495286
2016-01-05,HAL,34.61,34.73,33.75,34.4,8100920,-0.1774462460646407,-0.1686041812408188,-0.8343240996145708,-0.9230328776046404,-0.625417116880042,0.0038157889054048,1.13987088282453,1.4873829450392528,-1.5237546097179269,-0.8169571364900133,-0.0011969812646065,-0.8805213409532618,0.7714998201908253,-0.4847353570868648,0.7829215069089099
2016-01-06,HAL,33.49,34.19,33.06,33.42,12337024,-1.8066261810925883,-1.814294931964008,-1.4506933495521093,-1.3857666064793392,-0.6419795978112527,-0.0406096574488212,1.206206255576338,1.4371563755232295,-1.4325201813992925,-0.1314817457914579,-0.0011741984086088,-1.3125767662441947,-0.1779434929273631,-0.184233091948444,1.226604611569358
2016-01-07,HAL,32.79,33.745,32.66,32.91,11050852,-0.9830738145740044,-0.9769300496744048,-1.7132574208068276,-1.2324373816767304,-0.6691593421813706,-0.1034786678518441,1.323590403379641,1.4516306762013065,-1.528017517168732,-0.291768088067054,-0.0011828192512482,-1.537421936548663,-1.8075484370059185,0.2501767159723685,1.1563160938197918
2016-01-08,HAL,33.03,33.19,32.2799,32.46,11570055,-0.8842909951744613,-0.8772468685476558,-1.8459958697878944,-0.9027691942649372,-0.7020132866679212,-0.1683791695947883,1.176617185515494,0.8690997955844859,-2.406888155642591,-0.1375536002532162,-0.0011813299863126,-1.735814733876131,-0.9837812279141512,-1.3301166580743355,0.7453524999504693
2016-01-11,HAL,32.42,32.5,30.83,31.55,13847627,-1.7783692446446242,-1.785375670436254,-2.304861705537853,-0.9549765191879234,-0.756835706929687,-0.2768460494556893,1.088869202903204,0.9281379363406864,-2.7082692648124005,0.2515369942989448,-0.0011708370616272,-1.610554967720354,-0.8849726387445621,-2.053770378418108,2.820062304558387
2016-01-12,HAL,31.95,32.105,30.61,31.47,10981375,-0.1908611143634733,-0.1819779461135829,-2.172908091431814,-0.966907701515218,-0.7959522183940487,-0.3231928144710692,1.1320633135625378,0.8481079640778572,-2.349001756414419,-0.2077688147108268,-0.0011871521922503,-1.565762374410696,-1.7792841290862862,-1.1613668443452283,2.367830355315247
2016-01-13,HAL,31.92,32.09,30.39,30.46,16443776,-2.031109099091235,-2.044520748891425,-2.738612836787432,-1.5512270451672483,-0.8585013924190933,-0.4205854965303008,1.3419326369452431,0.941137745971821,-2.614565501469188,0.7479988504321277,-0.0011611496707408,-1.8562281400318303,-0.1913618608030792,-3.4820059723547963,3.0600044165793325
2016-01-14,HAL,30.67,32.05,29.635,31.84,13952624,2.787624171920009,2.7186834063420493,-1.4747297322278483,-1.5793881207240628,-0.8457086304097561,-0.3045707958076279,1.103821179916736,1.2989232852731718,-2.249720897596182,0.4359336940728173,-0.0013099364636881,-0.8937092727985245,-2.0320899165359254,2.8558350186840338,4.729912744738212
2016-01-15,HAL,30.51,31.29,30.35,30.85,13231759,-1.96878301301378,-1.980514296535248,-2.067355568127813,-1.7081229238962468,-0.8662429784259307,-0.2975424427217807,1.1549032190975164,1.2819121370050268,-2.21933453718877,0.3945182110629246,-0.0011773717715057,-1.243752577200258,2.787900431860457,0.8156240245160945,0.9480734297943928
2016-01-19,HAL,30.89,30.99,29.37,29.79,15218653,-2.1721701029704468,-2.1896296919370166,-2.7466485332791297,-1.7431788542795188,-0.915377799747503,-0.3655368861950527,1.5168145592869913,1.1560809736847162,-2.053783338990656,0.8063919206832193,-0.001169289176342,-1.6550213839974457,-1.969747571265669,-2.7167329858341107,2.940807412344338
2016-01-20,HAL,29.04,29.12,27.64,28.48,21777848,-2.7707613711194257,-2.8092101486790013,-3.6148249675812583,-2.025159091546701,-0.996087241641704,-0.501204970782672,2.0961039637117924,1.3261288819370332,-2.3458646773136085,1.9575917409039576,-0.0011403533248735,-1.5278455078506592,-2.173187719421832,-1.483238027778259,2.7395915325796283
2016-01-21,HAL,28.23,29.63,28.13,29.29,15261922,1.7376855009738748,1.7116139492982931,-2.820511923644776,-1.6009337231737977,-1.018131745806055,-0.4587368986304653,2.4056339911366917,1.49801247459747,-1.9747140311613531,0.7103165125456283,-0.0013118881460702,-1.1870117046445303,-2.771935143868288,2.8105552971828858,2.6767296576581923
2016-01-22,HAL,30.47,30.65,29.18,30.19,18397260,1.8800197899534408,1.849100253056152,-1.9538656016334088,-1.2287414145258966,-0.9904608305020476,-0.2967958070289633,2.5103753006781107,1.5985700355180217,-1.820900954864076,1.1694746940140168,-0.0013282318538434,-0.8083074788599416,1.737687860267659,-0.7205896012297675,2.4666775221286854
2016-01-25,HAL,30.13,30.66,29.23,29.28,18800650,-1.909604659272515,-1.919801619733092,-2.462499028553834,-1.5353292285179665,-0.994576337322956,-0.2490606371062683,2.5307451664890603,1.3309944767730566,-2.7236408574183923,1.1373219311503993,-0.0011525316278448,-1.1912195293754697,1.880059280419619,-2.157714406360717,2.4789434691343653
2016-01-26,HAL,29.54,29.6025,28.52,28.94,17959868,-0.755937735316616,-0.7479630015189954,-2.509660997826145,-1.5710696429385476,-1.0013717697770064,-0.2177705836139304,2.5547201395604096,1.3316497925243869,-2.7621703354566622,0.8241017927495515,-0.0011592754278564,-1.3074069022914083,-1.9105537794899672,-1.560882261629204,1.526038920916888
2016-01-27,HAL,28.94,29.82,28.63,29.06,17157362,0.2251575333072957,0.2314276139869287,-2.211988256693283,-1.3806742536447865,-0.9922921369212836,-0.1518763959958456,2.5954237760979706,1.3207511478301346,-2.411136409657595,0.5886475032676551,-0.0013200878581038,-1.2544318977106526,-0.7565858949872766,0.2869596833975178,1.8214642069741824
2016-01-28,HAL,30.32,30.59,29.42,30.45,17805303,2.9449348627646827,2.8681700058278103,-0.8933368631460032,-0.8106178441475322,-0.9214661871395524,0.0597729109270783,2.418330254124635,1.7079241746277378,-1.8915501540397952,0.5652425236240538,-0.0013253131793001,-0.5638203987597054,0.2247653148986826,0.2976192034613996,1.610935712845463
2016-01-29,HAL,30.57,31.805,30.5,31.79,15029003,2.706766526672277,2.641706683194816,0.3271362227691718,-0.3462896057650197,-0.805015983323441,0.3465284009459333,2.2284450412739534,1.9954455749226332,-1.17440709541802,0.086164793389856,-0.0013145720110615,0.064445223267508,2.9452521608163478,2.988834835987842,1.8298721110320104
2016-02-01,HAL,31.29,31.825,31.01,31.62,10193614,-0.3659267248622744,-0.3567724984677928,0.2875710927164799,-0.1715273908653959,-0.712897120468815,0.513304340180827,2.0194996368648743,1.995952796961563,-1.2115853467276745,-0.6192463711457193,-0.0011926709848319,-0.0152601168404211,2.7070216930365625,0.7704903875588017,0.5567722493211983
2016-02-02,HAL,30.73,31.02,30.335,30.52,8965949,-2.198835424722676,-2.217098472435997,-0.474992626631108,-0.4071587355737526,-0.6770746956192333,0.5018190292652785,1.6838220137720592,2.0689791082048377,-1.8542152354619488,-0.7862214806160882,-0.0011994767405369,-0.5310005528329105,-0.3664731411921806,-0.5426157660742127,0.2792032480362966
2016-02-03,HAL,30.75,32.06,29.79,31.96,12680174,2.9044736161210656,2.8297556246163587,0.8539015214450812,0.1443128759141038,-0.5869432808159553,0.6324211857652867,1.3037094105920992,2.369574656631211,-1.2091973225253916,-0.2929191127037103,-0.0013029123187777,0.3111345035674275,-2.1998599974364343,2.9466154831021125,4.3280675331154725
2016-02-04,HAL,32.39,33.485,32.18,32.43,13726532,0.8825633319273902,0.8791284730039203,1.2986197885919448,-0.0482316764414533,-0.4930291454926097,0.7466395684658685,1.1452098875960293,2.32427338519052,-0.6025363160550944,-0.1573609859491881,-0.0013093253603109,0.7268593055529395,2.9047803589260983,0.066986055086086,1.7623554460553172
2016-02-05,HAL,31.99,32.29,30.94,31.35,11397812,-2.1063441928655946,-2.1218724938859546,0.4453123224701346,-0.0705664961500833,-0.4575276434214428,0.6876611621862335,0.9712651793965028,2.4140106333135463,-0.8636488503087713,-0.4793163283645314,-0.0011860334072362,0.2286567534863471,0.8823426129390242,-1.5378246003294525,1.9975169244968476
2016-02-08,HAL,30.74,31.08,30.27,30.83,14704368,-1.065665245579959,-1.06039762606418,0.0708126547125968,0.0685099862372648,-0.4464076058251732,0.5777209673216706,0.8341466956224151,2.4222572781872715,-0.904971580485976,-0.0465962699664659,-0.001171054899887,-0.0670788152852707,-2.107344637114599,0.1948825598949893,0.5982997115419384
2016-02-09,HAL,30.35,30.89,28.92,29.59,13217538,-2.5370494487681188,-2.566564961253322,-0.9109618673236838,0.0874680340226976,-0.4825297152636492,0.3681683382179695,0.8395460020307484,2.50481044311472,-1.0798584728807732,-0.2447757755518047,-0.0011799212585878,-0.7722944023560473,-1.0663942047941528,-1.9182228678877888,3.9572226519357914
2016-02-10,HAL,29.48,30.16,29.25,29.59,7693687,-0.0329960430517004,-0.0247793014886723,-0.8322945174361087,-0.1087805212960013,-0.5070084095973126,0.2304961849778852,0.8350608106225471,2.505536272019381,-1.0448431109610463,-0.9850714007777758,-0.0012427088046935,-0.7722944023560473,-2.5381622523876057,0.2555930952665581,0.9717102956105096
2016-02-11,HAL,28.7,29.34,27.96,28.8,13121025,-1.6951741310502464,-1.700308859287006,-1.44597813997626,-0.5643815929340393,-0.552822445988807,0.0654416592086654,0.9530290957252138,2.4746687355569383,-0.9678601473637308,-0.2172379534048874,-0.0011817586513017,-1.2215849779898484,-0.0334556067571959,0.2369300873351975,2.402092267114858
2016-02-12,HAL,29.19,29.65,28.72,29.11,11992239,0.6371425550232694,0.6381225822132336,-1.0638900183909206,-0.2375741675855218,-0.572032262301194,0.0018768430954998,0.9124900829249436,2.239008255511746,-1.426719417836913,-0.363058545685285,-0.0012972183638547,-1.045281081222155,-1.696067312133376,-0.2333786547544858,1.0712318893608306
2016-02-16,HAL,29.65,30.01,29.265,29.94,9101556,1.742138657182588,1.715920058055065,-0.3032119790119348,0.083824342601346,-0.5499476918404124,0.0573160308921228,0.897731986397336,2.255548217938593,-0.6006944557644046,-0.7497553255446491,-0.0012849078793762,-0.573241615682843,0.6368578123815617,0.7126385147958755,0.4824549944927305
2016-02-17,HAL,30.24,31.46,30.07,31.4,10719440,3.002967041381305,2.9232248635339744,0.8949011944246258,0.3789326499364391,-0.4712501513854274,0.2473881913240036,0.950011879279395,2.368754697855344,0.6262573478543709,-0.4951272770878161,-0.001293176524333,0.2570928658682317,1.7421421781845738,2.871833938105233,2.097968909276413
2016-02-18,HAL,31.74,31.85,30.94,31.46,11405394,0.085968359811832,0.0934197472472586,0.8130364931955133,0.0862976017802768,-0.4035645446007434,0.371101391968355,0.8478206134009875,2.107480176182108,1.3692476838775294,-0.3325212995674028,-0.0012974005872804,0.2245135733112487,3.003299478461268,-0.6928099297119203,0.8193621093314748
2016-02-19,HAL,31.28,31.455,30.84,31.37,9163882,-0.21110231688743,-0.2021625983753038,0.642828383059874,-0.3184360254125641,-0.3511139371176234,0.4308573265462616,0.8203166627138666,2.0476764596263624,0.8754736476974471,-0.6370642333802102,-0.0011978822614249,0.1703640098053979,0.085539830706524,0.1910639051697726,0.0425501333127647
2016-02-22,HAL,32.03,32.96,32.02,32.88,13221252,2.963804614355173,2.8860770228423607,1.8185172762814616,0.1516027577944183,-0.2489458970851125,0.6066338897242461,1.042061002770877,2.1894942133257014,1.1411291517888122,0.0266877682787087,-0.0013063545898379,1.0788733530702257,-0.2116083437101802,1.978648088121352,0.791291903834453
2016-02-23,HAL,32.44,32.59,32.02,32.09,11914439,-1.5288552165272733,-1.5305977219440492,1.015707631105095,0.2478228600287491,-0.198476167377893,0.6141845794558555,1.0296233409956606,2.1447350939887104,1.2419904050185764,-0.1268400949143791,-0.0011840076905742,0.6035605178522043,2.964126835015468,-0.8414560331654509,-0.1109783166852792
2016-02-24,HAL,31.35,32.48,31.35,32.46,10773364,0.6848435915532758,0.6850390276798173,1.1738362958315405,-0.0342429257744308,-0.1439536908411209,0.6306568318139341,0.9720851623937616,2.114535742529812,1.6188621762221116,-0.2594055687445218,-0.0012946885265913,0.826175390042922,-1.5297050094968867,2.6487227323390776,1.309944456557253
2016-02-25,HAL,32.43,32.66,31.57,32.5,9301360,0.043723658117211,0.051472657523825,1.055312584222743,-0.1663016704987275,-0.0997166780606227,0.617360027052049,0.8880112508089291,2.1168480793078377,1.571054720730736,-0.4520045831956965,-0.0012884429250905,0.8502418627121884,0.6845712928238781,0.136761616312622,1.2038002997171686
2016-02-26,HAL,33.14,33.305,32.44,32.81,9637413,0.5608498530885968,0.563010771933406,1.2122514447109674,0.3280467958516067,-0.0535372765650719,0.6117222583576118,0.9713293416013924,1.901425502310228,0.9707909275706598,-0.3353673250471701,-0.0012908892423428,1.0367570258990082,0.0432841085100086,-0.7786427156993466,0.6058672977736465
2016-02-29,HAL,32.39,32.79,32.06,32.28,11111285,-1.038688206241171,-1.033122033306858,0.7455026810302833,0.3238889964694313,-0.0390443135090078,0.5256516963286698,1.0014960831686202,1.7308376143196238,0.0588964149925978,-0.0395753842254196,-0.0011861786265154,0.7178762630312208,0.5605452077411657,-0.2828987171914811,0.2933981328919419
2016-03-01,HAL,32.57,33.06,32.35,33.02,9628881,1.3942328215377655,1.3785968957264525,1.305019147551255,1.1017088649668154,-0.0001300103128195,0.5196553558222213,1.1112534804184275,1.7810478084616204,0.4827814097329453,-0.3026346774356651,-0.0012907191214514,1.1631060074126602,-1.0394101278742904,1.017536790324762,0.2006812496769104
2016-03-02,HAL,32.78,33.69,32.24,33.66,13588291,1.173701231299897,1.1638178779147577,1.7006400619430384,1.2268155398236498,0.0535836403102402,0.5529515489287581,1.261323160242097,1.618563954678503,1.3435245407061658,0.363706013620734,-0.0013116537286251,1.4254746603738149,1.3941455833020957,2.0019192923794877,1.9988200620500671
2016-03-03,HAL,33.51,34.34,33.37,34.17,13453063,0.9103075554116214,0.906314678882032,2.026211477109212,1.7429031288980348,0.1132221725495464,0.5948390466996482,1.4874152076421665,1.3838698821560076,0.8480823254915246,0.331692212261397,-0.0013127065178072,1.354303382072944,1.1735564623275776,1.4617221899962087,0.7745126058884179
2016-03-04,HAL,34.43,35.71,34.02,34.88,17727402,1.2606301385108047,1.248568221885903,2.504182217235605,1.7901447766804428,0.1846044913226046,0.658577349289471,1.7868130460617235,1.4078459076612415,0.9420526932083187,1.0327866062055289,-0.0013373329486162,1.0868696326990457,0.9100940741419564,0.9611450617568386,2.4466936442977687
2016-03-07,HAL,34.69,36.085,34.63,35.84,17414639,1.6805279247990843,1.6563171636300125,3.0902129008885515,1.8045651271374177,0.2741010920585887,0.7561938413035061,2.2094557399233934,1.26143113585119,1.9359555012392424,0.9023670596852028,-0.0013389446929529,1.3426418935253903,1.260508046942945,2.478282841896656,1.7920731442063988
2016-03-08,HAL,35.32,35.51,34.34,34.48,12300660,-2.395466215988836,-2.420031122115378,1.81145418013026,0.863785871807445,0.2865053405038248,0.6358526472335324,2.3067618837910264,1.4671413986905857,1.5712809400679504,0.0582254763252329,-0.0011722917415766,0.7862250454119366,1.6805153732247304,-1.8231313734705403,1.236657689991189
2016-03-09,HAL,35.07,35.2,34.17,34.69,9015312,0.3461857398572731,0.3511791301108463,1.7597558059096463,0.896174098316301,0.2994524381664045,0.5409769765180551,2.250102479478915,1.1418464356676743,2.363831010528304,-0.4754362783614827,-0.0012930412947583,0.8721423528412199,-2.39654208436621,-0.8449557969617776,0.8831957008203809
2016-03-10,HAL,34.6,34.83,33.93,34.51,9873631,-0.356041495624316,-0.346889418727928,1.4028027165999042,0.8552213131127412,0.297503517784356,0.42673434592802,2.110327878828464,1.1588144727234977,2.2744907295786136,-0.3420512409860036,-0.0011865661173503,0.7984989464732629,0.3458250944394982,-0.2228385353760587,0.5821554761713437
2016-03-11,HAL,35.11,36.31,34.98,36.12,12668687,2.871537146537152,2.798467748540304,2.375768951079093,0.8764511814376565,0.353549906524525,0.4846191687696468,1.9403118254457716,1.162739016553804,3.565354386198664,0.1440274912218437,-0.0013133161732192,1.3596647216113198,-0.3565853331648551,2.147061489933628,1.477428665900008
2016-03-14,HAL,35.54,35.86,35.26,35.5,10556497,-1.1016556014436871,-1.0968050031963,1.611427540268585,0.9540410239927832,0.3676326029677298,0.4229132054593798,1.6124948524664486,1.280723492735044,3.05639977382528,-0.2095535896884507,-0.001182337532839,1.060680449094458,2.871835297106688,-0.1113495110802231,-0.1827459971582679
2016-03-15,HAL,35.03,35.17,34.49,34.99,9634852,-0.9274072859890184,-0.9207364097137332,1.0020123774905552,0.6457695492376005,0.3529570608051539,0.2995252237018996,1.2965030473354195,1.3069444596166258,2.309713266306479,-0.373562389430031,-0.0011887813964448,0.739686503887743,-1.102393949569841,-0.1125875016515924,0.0283326954760917
2016-03-16,HAL,35.38,35.56,34.48,35.47,13004839,0.821072490795617,0.8188318127272183,1.2102088350440028,0.7449291121988134,0.3544354397347583,0.2423947531036512,1.2222415135335774,1.0519140426167386,1.736161793587946,0.1888936561164216,-0.0013141109920805,0.9324011486368158,-0.9281001774350788,0.1658728404524129,0.946260760521016
2016-03-17,HAL,35.78,36.74,35.54,36.38,10205416,1.5642640111830552,1.5436856512055808,1.7130661216113514,0.8660417542946873,0.3852832443452214,0.2722867727442195,1.214520505239712,1.1028597899416217,2.129338804585766,-0.2828291929060887,-0.0013002206059757,1.2400473363489375,0.8208357305073009,1.240622272406502,1.1576873974383026
2016-03-18,HAL,36.68,36.74,35.8144,36.3,12220835,-0.1699021178149408,-0.1610844372028518,1.449692557420474,1.0551855389278806,0.4002716788488453,0.2553786428146244,1.102373432959615,1.1007871590064593,2.140610048228425,0.0378437219251433,-0.0011723818983675,1.1715169940343124,1.5642211294932344,-0.8090231582967679,0.5337532148571337
2016-03-21,HAL,35.97,36.53,35.72,36.38,7007447,0.1042117530884269,0.1115258342255053,1.369289472273428,0.9283827054939908,0.4088890138905769,0.2254530385320638,1.1545052762789612,0.8197049334519991,1.3958722995022037,-0.8182554494314289,-0.0012820377568386,1.220855495517692,-0.1703973966183248,0.8348519761343658,0.2642587267186076
2016-03-22,HAL,36.01,36.44,35.81,35.97,7025082,-0.7346396762132522,-0.7265366127637359,0.9030603161072708,0.5996766540400047,0.3933520482232193,0.1393398008878129,1.016218181552872,0.7159651872935695,1.608272882981456,-0.7885978403136717,-0.0012027141066167,0.967995675415385,0.1037879831917794,-0.1102396668340125,-0.131642462006687
2016-03-23,HAL,35.38,35.78,34.82,35.03,7941396,-1.659978396364563,-1.6643564522931265,0.0922577927098465,0.0906899014979604,0.3384470516709663,-0.0308834230198038,0.842549663035584,0.8759408400084883,0.9953213331625128,-0.6068201532914606,-0.0011981396991302,0.343391241742854,-0.7352822797954264,-0.7737197392707823,0.6926391264894495
2016-03-24,HAL,34.31,35.31,34.28,35.22,6331067,0.3046867181452657,0.3101439564375743,0.1320566463618814,-0.0716869555318046,0.297288914875532,-0.1316778217787472,0.6429164082476143,0.8748155415201649,1.0616742715143932,-0.882845435650923,-0.0012776787477965,0.3632300477243813,-1.66086239583094,1.977534352556288,0.8459584666667966
2016-03-28,HAL,35.32,35.4,34.705,35.09,5013223,-0.2627957271747791,-0.2537414675654769,-0.0517368361315214,-0.4756069294813164,0.2549198657375603,-0.2154302083102033,0.4559480257040446,0.8791587866356285,0.8531061926771417,-1.104879994319583,-0.0012146646644669,0.2708916716843154,0.3043152467533675,-0.518301561808954,0.0593428757818196
2016-03-29,HAL,34.49,35.19,33.95,35.02,8153347,-0.1571927550750859,-0.148418218695207,-0.2066243754263925,0.0588374905226215,0.2144193622682557,-0.2776225131505136,0.0937099219003059,0.8166360531742951,1.079150859464728,-0.4952632366213862,-0.0011975549812854,0.1723026978815335,-0.2633152394123423,1.1346705797643997,1.359637418103826
2016-03-30,HAL,35.55,36.45,35.5,36.02,11330556,1.7447891510824594,1.7184828879643688,0.4259639876349951,0.3545210160922564,0.2174749959134558,-0.2152636098921693,-0.1388005468205694,0.8575850827003675,1.1668552294216352,0.0912602302403004,-0.0013044536534756,0.911009706202088,-0.1576847183489353,0.9725396805215316,0.6067276333154716
2016-03-31,HAL,35.84,36.38,35.54,35.72,7426169,-0.5515249505912271,-0.542623827375561,0.1255007672327551,0.2973872462871819,0.2040417128804995,-0.2078186749647115,-0.3101036151141513,0.8419635193399068,0.7313433713739211,-0.6032017615458309,-0.0012013197342512,0.4367466548067287,1.74479336352673,-0.2792801172401093,0.3685395303042066
2016-04-01,HAL,35.07,35.255,34.68,35.09,9201383,-1.131052135551817,-1.1265580478482966,-0.3755045483582073,-0.6669127150064803,0.1650034947911454,-0.267769389078808,-0.4125171618729938,0.8818238445506899,0.2279466837923457,-0.2215236726913337,-0.001192179311041,-0.5090427911452299,-0.5521197844863239,0.0167697252563132,-0.2256643367992948
2016-04-04,HAL,34.85,35.3,33.83,34.0,14100004,-1.9669162731300869,-1.9785982478904809,-1.1515165382855796,-0.8370284138352774,0.0884520288067028,-0.4122884146759135,-0.2919277790256019,0.9738865782905792,-0.5380091623315546,0.7993958361332151,-0.0011666630427993,-1.687106612959151,-1.1317981524398943,-1.8690430181831383,2.011942657211047
2016-04-05,HAL,33.65,34.72,33.26,34.4,17338862,0.6994514569315721,0.6993995140243877,-0.802879353527047,-0.4480644904174431,0.0413538515364379,-0.4520913770303378,-0.2454238675013081,0.8638091305715608,-0.7575615285747661,1.4539163358111986,-0.0013337287060642,-0.7923467643632744,-1.9678803443999493,1.6576013947725212,1.945817214987004
2016-04-06,HAL,34.71,36.89,34.445,36.44,21612395,3.6590503667477168,3.5422664933475936,0.6381044049321866,0.1565971696176959,0.0816760426984977,-0.258915223477081,-0.2260737329458457,1.1774106829795754,0.667373312930612,2.1224518092688007,-0.0013600095706243,1.030790131848773,0.6991829689997802,3.7393010903903736,4.000564150336095
2016-04-07,HAL,35.97,36.75,35.93,36.25,9283192,-0.3576125942243063,-0.3484600702661725,0.4382769890307909,-0.2397241540317621,0.1032675560951869,-0.1525867427611284,-0.2261221131411544,1.1852673891191314,0.4929732448276638,-0.2567938395735997,-0.0011901009649294,0.8567971588145952,3.6595539582503664,0.5617985407476184,0.2939038117360822
2016-04-08,HAL,37.22,38.19,37.11,37.33,11884986,1.8218641086300855,1.7929622672450527,1.1276258185498211,0.1659562059002978,0.1593500392160993,0.0212552041330107,-0.1125360503543549,1.2787829481368496,1.0326409767351177,0.2224517423656933,-0.0013088080425453,0.8630012426187396,-0.3581568416220442,0.1969692193671023,0.8198233787062392
2016-04-11,HAL,37.5,38.08,37.2,37.22,8297367,-0.2164512834707659,-0.2074977202933244,1.0043708037881478,0.0994683157809342,0.195516756617772,0.1090659235292433,0.0055619165871211,0.9907052665879114,0.2797878473572974,-0.4284455050952338,-0.0011954364888012,0.788830863487163,1.8218884278494452,-0.5904365467194428,0.3791209172487108
2016-04-12,HAL,37.32,37.99,36.73,37.66,12394081,0.7029936533312818,0.7028812228986577,1.2443779074431771,0.3893398249369229,0.2370667208617651,0.1931708837478391,0.1779495749205395,0.9424160920678512,0.7261271899946045,0.3481459929039117,-0.0013121385751684,1.0855123800134692,-0.216958705694454,0.6619901735441042,1.197031982880353
2016-04-13,HAL,37.87,38.49,37.6,38.31,11374775,1.04155850750794,1.0347642286233178,1.591277629637353,0.972573721346655,0.2905313227706899,0.2911229241663464,0.3912528262618632,0.9161907173614764,1.2260453252482704,0.1333012132358157,-0.0013080635676243,1.3284709746136036,0.7027260894628771,0.8514966382293,0.3448119572687379
2016-04-14,HAL,38.39,38.87,38.03,38.38,9829677,0.0807617910621217,0.0882513936773284,1.5295086538364382,0.946454056073311,0.3301553342308762,0.3338591149465388,0.5828639446568946,0.9030794153727136,1.037424631859466,-0.1337553224843728,-0.0013005481211453,1.1525313451791954,1.041379266067371,-0.0459966199247862,0.2327074115743264
2016-04-15,HAL,38.13,38.44,37.62,38.27,7244855,-0.2114323151945751,-0.2024917292464571,1.3769594808562813,0.9564341395588204,0.3514807385648617,0.3209477678313334,0.7331787945107687,0.8265070259452773,0.5955131159733157,-0.6158008639606628,-0.0011991716225378,1.0873513150332643,0.0803319037036253,0.2510831323991621,0.1943961040847563
2016-04-18,HAL,37.25,39.305,37.25,38.99,8725277,1.1383075106189604,1.1292779156194446,1.794282027814275,1.1357247880718442,0.3905195234344091,0.3562126267086744,0.9627726540775928,0.8626137292405459,0.9208651495801308,-0.2940732498776835,-0.0012943325787808,1.2696583743112686,-0.2119384281049723,3.5028138163727327,2.801224587327545
2016-04-19,HAL,39.09,40.275,38.85,40.04,11216829,1.64361178904646,1.620576583088898,2.4077224220935856,1.1448559408136991,0.4558307805496345,0.4520494051004208,1.3195617458842164,0.9462923028643416,1.3100593679651409,0.1596570375436455,-0.001310331912488,1.331519855357678,1.1381535083806888,1.8098102309936048,1.3747281555503812
2016-04-20,HAL,39.59,40.91,39.53,40.34,9703477,0.433472769375219,0.4374018659010463,2.45090825673714,1.3439376166422874,0.5118012456341207,0.5046757899248362,1.633686551952627,0.9005471744002389,1.61679387028012,-0.1621895464359531,-0.0013026693482767,1.1951946376383504,1.6435896070491731,1.4049499020464518,1.2597020208368894
2016-04-21,HAL,40.28,41.57,40.22,40.33,16368665,-0.0484293691544827,-0.040129886144633,2.23746326173872,1.6801590909532726,0.5477543749823142,0.4952526201898843,1.805017033747508,0.7241892094729345,2.0545816414148588,1.0071668415317947,-0.0011393286217148,0.9468516635733076,0.4331348947863429,0.0674666978550175,1.1984147529671112
2016-04-22,HAL,40.14,41.3692,39.98,40.84,11220681,0.7542987529878512,0.7532882805672366,2.380884186247902,2.4351540522777224,0.5878463935769586,0.4983675140729016,1.99018305483712,0.7283096431845295,2.1760326554283425,0.0013669348067941,-0.0013110306657461,1.1508628048603942,-0.0488929589979963,1.291228282536764,1.2435713387743617
2016-04-25,HAL,40.55,41.34,39.325,40.04,13423809,-1.2525462389102453,-1.2496774662783454,1.6319484572745035,1.867660401470553,0.5797558979395874,0.3768384669895516,1.998214122969043,0.8327142253705684,1.9042933585169743,0.3135705453047119,-0.0011589092944021,0.8308453283316325,0.7540445732345018,-0.9765362902341184,2.602777777342804
2016-04-26,HAL,40.21,40.36,39.5,40.22,9782087,0.2468852444044401,0.2529431905680784,1.564342706907219,1.601591554008861,0.5721367592314037,0.2808284939443723,1.96493299894506,0.8199835980883141,2.013278547013867,-0.3381472357915133,-0.001301984660869,0.9028492605506034,-1.2533239503290572,-0.0075272484023578,0.1907034228534869
2016-04-27,HAL,40.23,41.58,40.23,41.04,11826401,1.2363125285254817,1.224871730455203,1.945749674676296,1.871344210987003,0.5898743103677775,0.2692881986624597,2.062368747198496,0.7703696343413159,1.8793436661135885,0.0139952726256371,-0.0013159364845398,1.2271265850992632,0.2464986941689163,1.4948603315709783,1.1501517305125255
2016-04-28,HAL,41.13,41.65,40.41,41.04,9288939,-0.0329960430517004,-0.0247793014886723,1.7491837252236966,1.7054934019122552,0.5953722273035137,0.228551354705082,2.078562070132968,0.7378296068012936,2.019881489188902,-0.4404778919573153,-0.0012427088046935,1.2011921326648862,1.2361840931498502,-0.1916377437659166,0.9267722349306016
2016-04-29,HAL,41.1,41.93,40.41,41.31,10388847,0.3765963089126427,0.3812325329877374,1.7062717779817886,1.84318611600938,0.6017229589120708,0.1981570098261446,1.986859958432236,0.6213648814665712,2.435838467901198,-0.2596286760026714,-0.001308778613852,1.2051633481312554,-0.0334556067571959,0.3597144682134993,1.4752000874228892
2016-05-02,HAL,41.53,42.82,41.42,42.05,23540453,1.0822532367582212,1.0745363163412904,1.9144134326006557,1.8872100999106256,0.6269558298069803,0.2224438353973023,1.698224211904409,0.3086126457085227,3.309779627423619,1.8435791262918333,-0.0013960696883789,1.1751360969804665,0.3762435967911262,0.9196725722719168,1.1834014943668398
2016-05-03,HAL,40.66,41.76,39.775,40.44,19669182,-2.416716384852203,-2.442002218796371,0.622796382957984,0.683866953210062,0.5752630822277573,0.0438680781467372,1.2094901749585292,0.7480988250607129,2.411207907577141,1.1735840320185535,-0.0011070732490455,0.4982158197614657,1.0820846114735914,-0.4351063377533511,2.49946752902088
2016-05-04,HAL,40.13,40.69,39.24,39.86,12638263,-0.9259154730510912,-0.9192311721274674,0.1205622436833925,0.3773314435867614,0.5039644138872591,-0.1494578301848547,0.9850123799548328,0.2927401186706326,1.210898444159917,0.1012770148617665,-0.0011596182075974,0.0147833456863861,-2.417797796824794,-0.5346390525572425,1.4403932545580898
2016-05-05,HAL,40.44,40.77,39.58,39.94,12816317,0.0919573688872355,0.0993642646969453,0.0503294056373688,0.452534488483074,0.4437962098341535,-0.2754689333810403,0.6728556313342231,0.2729158152539011,1.3275125047057843,0.0996909352725959,-0.0013245206195953,-0.1291479847257324,-0.926607975323441,-0.9604385236596178,0.8917913333599867
2016-05-06,HAL,39.47,40.17,39.16,39.44,13827118,-0.8123906036247907,-0.8047919212996241,-0.349527439034417,-0.0110202857588512,0.3704679952326615,-0.4101514565450171,0.4946189078999543,0.1853419832869904,0.6626494763170876,0.2503356723800097,-0.0011517636878734,-0.4020692932185477,0.0915304021526678,-0.0837412672167506,0.5429120985986947
2016-05-09,HAL,39.31,39.31,38.24,38.69,8974059,-1.2169090279384622,-1.2135381296935672,-0.8913069264762409,-0.7453062359168688,0.277938096899841,-0.56732227845104,0.3092892799559825,0.2801332170391032,0.412566784622444,-0.5591388535581221,-0.0011855565757769,-0.811451255957771,-0.8130534903243373,-1.2179244572268126,0.7135279823282699
2016-05-10,HAL,39.01,39.255,38.6,38.84,8276696,0.2083765499901015,0.2148053501874709,-0.8303399559498017,-0.8203646020084853,0.2064350361097135,-0.6389362181098852,0.1669396599599889,0.2596456714612498,0.292696402162909,-0.6510586298007774,-0.0012943562152134,-0.9323892045434004,-1.2176774425712804,-0.3555604236379735,-0.1858588431008609
2016-05-11,HAL,38.83,40.125,38.8048,39.54,10956996,1.089059215676529,1.0811854953976512,-0.4101178680462836,-0.4916782773272713,0.1736197663493604,-0.5966456617217594,0.0667514585527269,0.2649111716477045,0.3040567466473148,-0.1966846901708193,-0.0013123780840849,-0.5146285086350104,0.2079799538760953,1.3551350964267264,1.1913418124761657
2016-05-12,HAL,40.0,40.33,39.72,40.05,10437383,0.7700287198282861,0.7687346947519215,-0.1301300313462059,-0.4916782773272742,0.1640970518376836,-0.5028585803735429,-0.0480251557551217,0.2904915765462737,0.4715678052539994,-0.2887508984561193,-0.0013107830614421,-0.2102600016160401,1.08889236588801,0.0681231805959848,-0.3219624978791722
2016-05-13,HAL,39.75,40.19,38.971,39.06,8290445,-1.571958767735656,-1.5745357723884652,-0.8038402516497303,-0.5554228387883104,0.1145713113079245,-0.5307960156288118,-0.1490366992519152,0.4306437099732829,0.135694571569831,-0.6558874378503204,-0.0011872775572572,-0.8010929858293347,0.7697786435985127,-1.3377815008099223,1.009610747494119
2016-05-16,HAL,39.53,40.465,39.45,40.18,10721545,1.7521806594164862,1.725629364859772,-0.1098481933014283,-0.2023536854340316,0.1163626157990464,-0.4210567733524651,-0.2125759917457494,0.5173248712604765,0.2807660337912357,-0.263496395084499,-0.0013129910188107,-0.4732433567259325,-1.5728198052578095,1.2159971439165995,0.5139765500319748
2016-05-17,HAL,40.5,41.63,40.3,41.17,10785499,1.5009874592776349,1.4822998228698585,0.4992720963422863,-0.146384708339695,0.1532812412878437,-0.2428482599866871,-0.170304994203305,0.4958135851839108,0.2470035936368965,-0.2496938190950607,-0.0013152472385154,0.2453024341186259,1.7521868001056806,1.2235524876025643,1.1010089320387393
2016-05-18,HAL,41.03,41.15,39.87,40.28,8378686,-1.3788705481217678,-1.3779518517154714,-0.0795168697197595,-0.4156381181811407,0.1441551364311572,-0.2187997925610226,-0.1707118145860869,0.5836714088727335,-0.1893210987237904,-0.6425049702304724,-0.0011848451169203,-0.4006629738123399,1.5009280704441443,-1.407350888421074,1.0570450110847245
2016-05-19,HAL,40.0,40.43,39.32,40.14,7570701,-0.2493844554102176,-0.2403557839981998,-0.1646886354561214,-0.5425603435093975,0.1282384515639518,-0.2170398546703447,-0.1707850704032364,0.5859422414646245,-0.2366672400298723,-0.7298153581645179,-0.0011914929398853,-0.5022755098913685,-1.3796812141415862,0.2381146972070489,0.7133186932901419
2016-05-20,HAL,40.55,41.33,40.34,40.91,8365923,1.1612911735378637,1.151709365856989,0.3355896071695839,-0.5324377120414994,0.1425883897301851,-0.1377261376980015,-0.166575058479073,0.6245123914748864,-0.1423041175315846,-0.5737189167762867,-0.0012982788494079,0.056593438543284,-0.249900469009136,0.644426794589772,0.4254800747602014
2016-05-23,HAL,40.43,41.67,40.41,41.46,11689267,0.8040100831819448,0.8020903526013033,0.6468663142801245,0.1556574488067082,0.1719283927052761,-0.0356909953503254,-0.1043900602108578,0.5732173524808594,0.3533747065319715,0.0260531782326002,-0.0013219403924936,0.4557855445680406,1.1611431671165957,1.898450669409668,0.9414663209444164
2016-05-24,HAL,41.54,41.73,41.06,41.42,8235598,-0.0930616846325763,-0.0845443475311239,0.5806703980901765,0.3729155259076995,0.1897231807940821,0.0162199341569501,-0.0538047180640878,0.5732282663189294,0.2707095103072324,-0.5756734706772169,-0.0011852461991743,0.4267533914026047,0.8037688717722362,-0.2445691801096819,-0.2432221205777487
2016-05-25,HAL,41.7,42.75,41.66,42.45,7654071,1.5151878928134834,1.4960812403405417,1.2025660998265648,0.6210290954215744,0.239900415630315,0.1411005382392857,0.0987117192375255,0.6083116796098704,0.3371047954347922,-0.6537769466779246,-0.0012950305677983,1.174331335412599,-0.0935369178419453,1.3325285059883891,0.5486416246130592
2016-05-26,HAL,42.8,43.2,42.495,42.65,8919125,0.2603280441029563,0.2662510011586034,1.277388300223236,0.8821267484659641,0.2825837723217431,0.2217159081646556,0.2582463492394259,0.6089780618114983,0.4086766741791403,-0.4212677725471392,-0.0013048497625288,1.07426991235551,1.5151322084896333,-0.291100844641289,-0.2137082898002353
2016-05-27,HAL,42.3,42.64,42.07,42.58,6421391,-0.1351780506695296,-0.1264843766268455,1.1888108011344152,1.2173314416951015,0.3084045109514421,0.2428041154975427,0.3759765610030562,0.607200181606937,0.2840340134508264,-0.8545167541015715,-0.0011969452719275,1.0273560600125715,0.2599450007308639,0.4737898284582088,-0.4756759479295459
2016-05-31,HAL,42.39,43.08,41.88,42.18,9865002,-0.6178531355700466,-0.6091780041324852,0.9255915244599586,0.9825569746143958,0.3078801892622629,0.1918629496231373,0.3886980713590697,0.5738095648345354,-0.1220726349118171,-0.0942798193229857,-0.0011735440824077,0.75927690376721,-0.1356642709014855,-0.4005999876014428,0.7796820511076009
2016-06-01,HAL,41.8,42.53,41.46,42.15,8131020,-0.0772762973181131,-0.0688323683720358,0.8488198619849641,0.8058504946388388,0.3011167652969111,0.1350506750684899,0.458707605802679,0.2590639201068462,0.4535418355582009,-0.3409181108701845,-0.0011870874172667,0.7391709670488069,-0.6184652726974755,0.6062940904412072,0.5243278043267067
2016-06-02,HAL,41.92,42.13,41.5,42.13,6651714,-0.0625372233594453,-0.054165435354292,0.7601682012506862,0.6574907996001862,0.2899313031771574,0.0782186053390268,0.4931709657344766,0.1984190008707715,0.6689120971168568,-0.6061914843838955,-0.0011981008369641,0.7257670092365417,-0.0777474125462009,0.3521632889282932,-0.3450684681798335
2016-06-03,HAL,42.15,42.97,41.78,42.85,9015746,1.0309913056066546,1.0244324294356493,1.1256147732237227,1.413144919444678,0.3042000295474828,0.0982715925448584,0.5815042766787047,0.2402437046776372,0.9025746050785848,-0.0546681636562686,-0.0013022140846922,1.208309490478193,-0.0630044935611518,1.228398742439098,0.7231597039412673
2016-06-06,HAL,43.13,44.995,43.105,44.89,13760893,2.9309805379774616,2.854924298754276,2.243828672467228,1.5698915338849977,0.3896063055788264,0.2974208105314373,0.8898658077071021,0.5442634372332726,1.8619777884959408,0.993570691810481,-0.0013355228066279,1.3912075365849734,1.0308093074684668,3.0567147935095837,1.917569479150882
2016-06-07,HAL,44.95,46.49,44.84,46.08,15583226,1.617417515052738,1.5952039191661422,2.7410754694847013,1.5992494073371668,0.4967027748632881,0.5125703689658948,1.2110023108882888,0.4728750543244754,2.6377337233431137,1.2760153265068654,-0.0013514506755453,1.2701392806654546,2.931294195722612,1.8729830538468664,1.3928865517059483
2016-06-08,HAL,46.34,46.69,45.63,46.29,11733303,0.2507319924235963,0.2567516026849605,2.613923185235604,2.2007410881469363,0.5814435220795672,0.6271467719551127,1.435749262674908,0.4716083012141611,2.6495877750975407,0.4109955896968037,-0.0013279243230479,1.2742498505826552,1.6173884996767172,-0.1078355249163976,0.3171079591197637
2016-06-09,HAL,45.69,46.08,45.39,45.5,8514637,-1.0955116970563858,-1.090588393691871,1.9183072032435875,1.7704071222075946,0.6087962626097961,0.5710921530490495,1.5156936751864545,0.5745175829306854,2.046277100092621,-0.23970249488491,-0.0011789105746716,0.93040614828609,0.2503464457007529,-0.3404955655293432,-0.3274735066561222
2016-06-10,HAL,45.04,45.27,44.16,44.38,10423753,-1.565501581478244,-1.5679515869019502,1.0813552410817295,1.0267088963356448,0.578035823506938,0.3766661339446612,1.4820790620188338,0.7406553546296395,1.420357242906713,0.1650584481891267,-0.0011663610850531,0.4480789916679291,-1.096248442403795,-1.1334253032060622,0.4931365260259442
2016-06-13,HAL,43.94,44.95,43.73,44.28,8504669,-0.1732800392179459,-0.1644513275404408,0.8521175511775447,0.8548369567799968,0.5417809377439138,0.2069827075426682,1.2857995106703626,0.5818948331765926,1.7952416495123522,-0.2437087191660071,-0.001182084973984,0.3558668790264816,-1.5663609344948732,0.5582898887120862,0.7048786339977864
2016-06-14,HAL,44.0,44.5,43.39,43.99,9087284,-0.4407383843928884,-0.4316190804032644,0.5537646705359197,0.7333315656021379,0.494242091842886,0.0421912472748848,1.1659512390800144,0.5080007610692014,1.2251500703189175,-0.1037537855375003,-0.0011793166686753,0.2250646204296944,-0.1737761992298064,-0.0434874111183371,0.5116166252533193
2016-06-15,HAL,43.88,44.61,43.465,43.98,7981709,-0.0471488135674074,-0.038856051098616,0.4597691508852741,0.4379913925205166,0.4492982869863772,-0.0829623299633832,1.1131940579262385,0.4281598154558506,0.8349326725007954,-0.3142102204150502,-0.0011882724838478,0.2205541977194581,-0.4413043170645491,0.1458616286359808,0.5784187960806415
2016-06-16,HAL,43.36,43.53,42.47,43.19,10109210,-1.151319135909291,-1.1470791687026989,-0.1108583663518636,0.0155152363125657,0.3765522500817264,-0.2546476584411871,0.9356476136554188,0.3936653285173309,0.8935423923519432,0.1267749194422162,-0.0011750889837832,-0.1357691963890315,-0.0476120693485485,-0.3225297306811666,0.454087323653956
2016-06-17,HAL,43.75,44.31,43.39,44.11,9387465,1.2931765547415948,1.2802691551091234,0.3256796847334011,0.3333731933487902,0.3493840502536829,-0.2746793531931724,0.7161938552059633,0.4402648102924275,1.2850791436556317,-0.0474966951028993,-0.0013040073825697,0.092266410995778,-1.1520704399104706,0.5953667098944123,0.1469121118169816
2016-06-20,HAL,44.93,44.95,43.78,43.79,7630517,-0.4846526288495972,-0.4755960035713533,0.0443675779441407,0.3658295515508917,0.3099897458580822,-0.3221744916839666,0.5529760800961495,0.4216639511563643,0.8664331605980685,-0.4148975207426434,-0.0011917574250138,-0.092173231657946,1.293062953654845,-1.9432770468024252,0.6354129177676695
2016-06-21,HAL,43.92,44.87,43.71,44.62,9233865,1.1470489700522073,1.1378103076749184,0.447588692030928,0.5893648348573378,0.3062087258472926,-0.268502621539087,0.4536119399631587,0.4492577745568336,0.9519030907588087,-0.0466267118504444,-0.0013032546870208,0.2206663574316128,-0.4852300175617746,1.1778330304825773,0.5753143039820022
2016-06-22,HAL,44.94,45.18,44.48,44.66,11277998,0.0228157341769642,0.0307015112671109,0.3724504261844359,0.6065705345044952,0.299636304960177,-0.232750143225954,0.3183599576190901,0.4463643321480589,0.981350197545049,0.356498010951085,-0.0013183072023678,0.1526132606043067,1.1468972482246471,-0.4970441842531666,-0.285040839420363
2016-06-23,HAL,45.28,45.86,44.94,45.84,8136701,1.6119767345641227,1.5899324899404013,0.97320535434152,0.7072205458004833,0.3353059204326939,-0.0954178861661572,0.3538681871303797,0.4597575089836596,1.0053711743666147,-0.3165749962008752,-0.0012987778510493,0.902619802512943,0.0223707302570042,0.908069484698923,0.0813111455124787
2016-06-24,HAL,43.81,44.65,43.56,43.92,12651422,-2.6406625351387563,-2.6740211734815227,-0.2096038907393064,-0.4833287268047873,0.2830525438554399,-0.2118643484939501,0.297282435764684,0.8263161649045782,0.2698482059329066,0.5903756568884082,-0.001153731746718,-0.3177298249994085,1.6119462998353955,0.1633820651611904,0.4770170955398573
2016-06-27,HAL,43.29,43.5,41.7,41.88,12329779,-2.9247628121113487,-2.9696193604779704,-1.404662172353225,-1.3608584245015478,0.1578402562751063,-0.4928164993185289,0.3703048408871751,1.1804540173668527,-0.4089185810618204,0.4475461073045351,-0.00115868761385,-1.6143513042312805,-2.6418023686145053,-2.4871162061159167,1.9906614501480773
2016-06-28,HAL,42.63,43.46,42.43,43.27,9393514,2.033352383954597,1.9968694630411208,-0.6080953657732975,-0.9469260898642724,0.1103448166189487,-0.5175363912869987,0.2860554672801682,1.3242009816485731,0.2120474451423011,-0.1413696778079839,-0.0013048398346913,-0.7308690218134846,-2.925976759677505,1.1079349739565891,0.3925236844113629
2016-06-29,HAL,43.79,45.02,43.56,44.59,9788850,1.8662553897683445,1.8358180020231023,0.104413345183714,-0.4075106034610861,0.1215564045198521,-0.3862014265487914,0.1682873113757183,1.4356993994875176,0.6827052762598652,-0.0776250487223539,-0.0013089373606951,0.0978341994704925,2.0334318747539504,1.3539398576490875,1.137486469707751
2016-06-30,HAL,44.48,45.375,44.34,45.29,9742051,0.9443671829856296,0.9396729539309572,0.4242128918007011,0.0372730174085347,0.1545133368005088,-0.2251613126624777,0.0462562676982083,1.45415066472542,0.9341014143496918,-0.1166345504367259,-0.0013102320868075,0.5102426495036091,1.866291289474209,1.3495140691989305,0.3132419926642658
2016-07-01,HAL,45.2,45.84,45.16,45.56,7718626,0.3381602855995817,0.3432454998240764,0.5018719875288462,0.1247693838850288,0.1874015749101127,-0.0965060391671729,-0.0002697567864358,1.4296833965255609,0.7613573372113441,-0.5072367298516987,-0.0012975415873042,0.6901081835936863,0.9441625869530508,0.5754233309544552,-0.3474304779953276
2016-07-05,HAL,44.74,44.8499,42.92,43.53,12375680,-2.807004298585375,-2.846923714750834,-0.6559568249365761,-0.2874904187088311,0.1303747914681249,-0.2250215379922248,0.0257846546486194,1.417721793236825,-0.6124247631444378,0.4370433786908347,-0.0011530204941353,-0.6622141653057673,0.3377975465575107,-2.069625894711746,2.1035882080488406
2016-07-06,HAL,43.36,43.71,42.95,43.65,8205997,0.1386319031883526,0.1456725140545257,-0.514402500887425,-0.2590932991157514,0.0872019805441736,-0.2921740502816469,-0.0511409810513391,1.305893731970713,-0.9419629594691068,-0.3364689471845504,-0.0013003171148818,-0.5822739279324023,-2.808187526135308,0.4789882853201316,-0.1402573930749914
2016-07-07,HAL,44.02,44.925,43.21,43.55,8516273,-0.1756261404138497,-0.1667898749641937,-0.4936451224476404,-0.1085127463565906,0.0468158501117764,-0.3387231924995567,-0.1829984690357569,1.2984479018003383,-1.0368039248749563,-0.2420471129834907,-0.0011816549407268,-0.4772535057362286,0.1382171125793831,-0.8329803179018798,1.6906410471265771
2016-07-08,HAL,44.28,45.32,44.14,45.03,10482053,2.082776528656595,2.04442528585739,0.3998120112075911,0.0082937271786236,0.0705465277814368,-0.210926945965371,-0.2231232147472487,1.4433153733049544,-0.3191841645177072,0.1513292496518623,-0.0013162379309751,0.7796406089050817,-0.176122912460158,1.2533546070124426,0.5926026788241486
2016-07-11,HAL,45.41,45.89,44.46,44.48,9053848,-0.7934206627323208,-0.7856897959462255,0.0699075150406211,-0.0434635797531094,0.0652592562355364,-0.1833816504860448,-0.2210819754221064,1.3786833909505851,-0.1343842288513585,-0.1342622630208405,-0.0011774697386376,0.3242400963948116,2.0828689128806497,-1.5736224350042811,1.088024764851166
2016-07-12,HAL,45.19,46.48,45.1,46.03,11462712,2.1365174039536288,2.096093242265563,0.9370010558537938,0.0938158203994051,0.1190023579352111,-0.0094022495536372,-0.0967028712680665,1.532970985562708,0.4129535303480099,0.3371389647504113,-0.0013234083400262,1.129932791554997,-0.7940786006865537,1.3780538747881357,0.9072723559885528
2016-07-13,HAL,45.81,46.07,44.71,45.21,9077477,-1.1420899111558536,-1.137733378672087,0.4137079067467025,-0.0842385502472198,0.1261719646359158,0.0099018968097375,-0.0703960504372946,1.5760073656292144,0.2398335847807713,-0.1582961262701263,-0.0011768878111381,0.559675707725949,2.136623807720828,-1.0158618705726097,0.9157225162615258
2016-07-14,HAL,45.9,46.09,45.66,45.81,6803673,0.7932552840694526,0.7915355271885776,0.7131844753924518,-0.1949276380818765,0.1520187902230191,0.07342005379289,-0.0046955366835385,1.5922282713251004,0.4436277710366315,-0.6220893557547988,-0.0012908994633965,0.9769369885764728,-1.1428388075015214,-0.1744573060711992,-0.8090368548672874
2016-07-15,HAL,45.97,46.09,45.275,45.46,5704884,-0.5086632145099493,-0.4996540739236937,0.437781990153424,0.1516595802910862,0.1552424371539505,0.0660029069677422,-0.0289248810503699,1.5494567111947517,0.6044255139739279,-0.8239715680714615,-0.0012015868572945,0.7335345747470003,0.7930112670230786,-0.8645025511121474,-0.0972015884756587
2016-07-18,HAL,45.17,45.61,44.9,45.61,6105889,0.1724308294688978,0.1791845907380612,0.4809892062799273,0.7725226963528321,0.1601582013966238,0.0644246703388987,-3.531866235188637e-05,1.5011171573525424,0.3319523016476056,-0.7151175200697496,-0.0012860786569414,0.8378498949596298,-0.5092468669355427,0.7096317659620209,-0.2939766060064445
2016-07-19,HAL,45.31,45.52,44.77,44.99,9756148,-0.8793013105175705,-0.8722159605446714,0.0804680165933265,0.2864142605944877,0.1363851858275763,-0.0106823443332386,-0.0205445006465998,1.522335760279922,0.2349861565216242,0.0554242239139788,-0.0011723112135898,0.4066799047474247,0.1720248560870873,-0.5598979070971584,-0.2020008406446954
2016-07-20,HAL,44.92,44.926,43.91,44.28,16067171,-1.0155078595440477,-1.0096947450832612,-0.326965980469535,-0.2798755388499229,0.0869044815776902,-0.1369391041874572,-0.0156001869640494,1.51487562306916,-0.2793870087948002,1.292249747350539,-0.0011296407376456,-0.087079277592361,-0.879981652413686,-1.1027444783412597,0.3209234566693843
2016-07-21,HAL,44.28,44.75,43.25,43.54,9371047,-1.0734420175085206,-1.0682626947476954,-0.7299493191777017,-0.7000136265797869,0.0166790944676723,-0.2913409686410776,0.0239756742137429,1.5502544109455254,-0.5357916711759537,-0.0790014807383635,-0.001179344309404,-0.6017015239746739,-1.016223734050677,-1.2889254266167471,1.2798586619054604
2016-07-22,HAL,43.83,43.91,42.82,43.83,8900243,0.3816762324326305,0.3862513722030731,-0.5008907957433079,-0.6931740001868995,-0.028924612685752,-0.3514866798484494,-0.0142958025273211,1.4528431151556158,-0.8114552335668069,-0.1850998116541294,-0.0013015464856919,-0.4000252382302552,-1.0741730054725065,-0.0263165508545973,0.4812642023008918
2016-07-25,HAL,43.44,43.484,42.39,42.54,8241708,-1.865368125487613,-1.874457012294306,-1.2231231246012375,-0.5002980870500415,-0.1161914000962598,-0.5068433001821828,0.0977623406028434,1.3328320386995964,-0.6289395711907834,-0.2825113287966027,-0.0011870444464593,-1.297136992058879,0.3813248455259819,-1.5916159671626762,0.5519506640903235
2016-07-26,HAL,42.35,43.31,42.35,43.24,7246492,0.9914662571129634,0.9857725785694236,-0.8484803157295506,-0.3104010971803245,-0.1576805133773527,-0.5132976512851029,-0.0758334915139475,1.0429698874414817,0.3094501597652349,-0.4524552225355933,-0.0012906891411726,-1.1649537372293115,-1.8663057055879655,1.5614305280785403,0.2589819474067324
2016-07-27,HAL,43.2,43.705,42.6,42.92,6385841,-0.4937400763436808,-0.4847003234857041,-1.0273487934276622,-0.3715121864930604,-0.2025163931150145,-0.5270756514133504,-0.0416097963803716,0.8831338879397691,-0.2862727050033546,-0.6181986646544608,-0.0011996831482594,-1.4225174398882945,0.9912739479569594,-0.5160040472650534,0.5543342874971658
2016-07-28,HAL,42.81,43.4,42.51,42.77,7411770,-0.2505800510849402,-0.2415489810373378,-1.064112178006299,-0.9422586959611912,-0.2428492204664833,-0.5265072721922017,0.0511104022873976,0.711833572095957,-0.7669279504614623,-0.3670719931548704,-0.0011935331597034,-1.5432504255096915,-0.4943198357255116,-0.0969092022542408,0.1429142273081934
2016-07-29,HAL,42.27,43.8,42.17,43.66,7437322,1.26253010550416,1.2504192781535293,-0.490087987638038,-0.4521781301415011,-0.2387309633268837,-0.4116362425435899,0.0378551511278987,0.7481722989468871,-0.6960500500638312,-0.3392924615035126,-0.0012911948516341,-0.732107775785732,-0.2510963765824842,2.458116412785168,1.5201190781487437
2016-08-01,HAL,43.42,43.44,41.95,42.28,8450973,-2.0008405631625106,-2.013427882399913,-1.214807755908937,-1.415299057325124,-0.2881524822413245,-0.457549880721155,0.1039648117125994,0.8804963105263394,-1.2248053610420366,-0.1149357216134346,-0.0011866348255928,-1.639143865303467,1.2624085095863822,-2.009942416421984,1.3457120543732184
2016-08-02,HAL,42.5,42.73,41.4839,42.06,7866562,-0.3569498805561268,-0.3477975403169336,-1.3039263883607883,-1.2925807910581235,-0.3338256363231391,-0.4846325647106858,0.2237429029359758,0.5675986848679688,-0.663438994095148,-0.2014214828639457,-0.0011915462425206,-1.4979916057854992,-2.0018134843635496,-0.8084997383982833,0.8777927101024138
2016-08-03,HAL,42.01,42.94,41.69,42.94,7347011,1.269597228435435,1.2573039869029137,-0.7589426096170376,-1.162086024003656,-0.3332436989137687,-0.3872389026676033,0.2559983491436376,0.6550441221311617,-0.4063646967465886,-0.3145196392517676,-0.0012896273634308,-0.9124789553282664,-0.3574939550697646,1.6462176124216972,0.8347607291076319
2016-08-04,HAL,42.71,43.3,42.55,42.99,5156319,0.0394981785349081,0.0472753824172471,-0.7128061415345323,-1.056408419727673,-0.3287215698650475,-0.2991819875823317,0.2808766113584709,0.6550405086977238,-0.3563281031059967,-0.8060434116487974,-0.0012762037010413,-0.8792111910977387,1.269477476139189,0.4689889945664211,-0.1373661322734862
2016-08-05,HAL,43.11,43.88,42.89,43.71,6442744,1.0097066087039717,1.003616650968684,-0.2439796134175947,-0.813787796646292,-0.2950961510061206,-0.1538250885445816,0.2511031838181723,0.4837196877208015,-0.5979953899573625,-0.4590972188095883,-0.0012850714546051,-0.400155386178183,0.0390575266141876,1.025204467384376,0.2962865007230765
2016-08-08,HAL,43.98,45.05,43.94,44.26,6606026,0.7503926694675905,0.7494520118422517,0.0913296552122214,-0.4309348671761915,-0.2456664176793578,0.0031404640606351,0.2455707733613183,0.4924564537583661,-0.2401172575823613,-0.3943420547616201,-0.0012868183739733,-0.0342099796424126,1.0095190579631346,0.4546861741324808,0.4987880228802732
2016-08-09,HAL,44.49,44.53,43.85,44.05,4516436,-0.3283911599676869,-0.3192534701317592,0.0253064766964908,-0.2697629230567213,-0.2139871098068247,0.083023616592366,0.1041147541945957,0.2281764097801048,-0.7992251149597572,-0.8656418589037561,-0.0012120647386973,-0.0293711634369746,0.7501374707225308,-0.7735133472269774,-0.3047907716883342
2016-08-10,HAL,44.2,44.39,43.65,43.76,5182270,-0.4428673455395026,-0.433750359933832,-0.1049741336555853,-0.1073527561927552,-0.1996884188418087,0.1021927298984348,0.0379989772862651,0.1761713313205609,-0.6385120481776733,-0.6570043326424878,-0.0012079310558951,-0.2386615926196495,-0.328927784282324,-0.7784157696466152,-0.1819949272847544
2016-08-11,HAL,43.94,44.42,43.87,44.08,5273325,0.4222729697349808,0.4263453382233788,0.1394791083611475,-0.0965694302032261,-0.1754366170563498,0.1431471564561365,-0.1144506521667385,0.1438111847291971,-0.7221097955266466,-0.6181775227244025,-0.0012776596383898,-0.0077204293835933,-0.4434338335996358,0.2144037477905062,-0.5514538314438312
2016-08-12,HAL,44.14,44.395,43.67,43.84,4345078,-0.3719690239876937,-0.3628142606424162,0.0441789692600784,0.3645248172335623,-0.1654511624317531,0.1391893656999157,-0.2466199354022819,0.1389944750141988,-0.6908427706480126,-0.8584127610674747,-0.0012135429545266,0.0168829398584297,0.4219321734208184,-0.5398085206810768,-0.2130820441590228
2016-08-15,HAL,44.05,44.73,44.02,44.45,4436077,0.8332768327268701,0.8308038121343567,0.4473412653175541,0.3329932882729093,-0.1336857763739027,0.1920843016709945,-0.4004487149728955,0.1873478592665553,-0.5410002437552941,-0.8197736015925348,-0.0012721758028091,0.5616136088457278,-0.3725170165902753,0.6597382519646638,-0.2601200737758669
2016-08-16,HAL,44.56,44.78,44.2,44.62,8288223,0.2051111869766067,0.2115703532303977,0.5613358119667538,0.5608432881884051,-0.1023374788269631,0.2333266718007914,-0.4475269620947699,0.1547000578395915,-0.2882598641779976,0.26666738671768,-0.0012983548220057,1.0420492574786964,0.8330432562217973,0.0754138600436934,-0.508004796550918
2016-08-17,HAL,44.59,45.22,44.44,45.1,6190284,0.6367452836923175,0.6377316959288449,0.8253659156949529,0.7903428795628833,-0.0596119942601916,0.2956052514397788,-0.3554246399361124,0.1196507113773708,0.1044961895156571,-0.1920880802449225,-0.0012851199071928,1.336109183794532,0.2047137390175683,0.837810168854745,-0.1499520549205343
2016-08-18,HAL,45.44,46.55,45.38,46.46,12196697,1.8444081919386828,1.8147302312436315,1.5516764069187086,0.9139424890103864,0.0257786180178946,0.4552474194161348,-0.0317016818307158,0.2155983611489829,0.8174730868869037,1.5302733267107085,-0.0013275680602595,1.3838241858855074,0.6364604374132475,1.669608204067931,0.507445046574081
2016-08-19,HAL,46.22,46.9,46.04,46.85,8841171,0.4896177026315906,0.4927988346564501,1.6890331829423904,1.8857526613511209,0.1058832929626125,0.5693552420965069,0.2713533546750306,0.2187504114620508,0.8444641761230446,0.5479753973754868,-0.001306161978422,1.412190789106511,1.8444383923005965,1.003489261587989,-0.0614810196477823
2016-08-22,HAL,46.18,46.24,44.87,45.08,11337269,-2.385114001909414,-2.409330524993634,0.5511429637853484,0.9177443573933272,0.0968942822916653,0.4313158871796021,0.2539653161265506,0.3504666596478705,0.7094350337517439,1.2068242624687897,-0.0011594372174177,0.3258368958487751,0.4892944747396611,-1.8259476395622016,0.9414395664949912
2016-08-23,HAL,45.02,45.5,44.93,44.99,7647901,-0.1572911489716592,-0.1485162686241981,0.4440382611699371,0.6441312016779411,0.0835689492965296,0.3097227842317374,0.2623218780384037,0.3145169273246896,0.4269139304234803,0.1426410401304476,-0.0011881717793627,0.2705985622932991,-2.3861871696736867,-0.0766620318589107,-0.5354383741900892
2016-08-24,HAL,44.58,45.16,44.14,44.35,6439870,-0.9186404973546644,-0.9118912540829672,0.0198318220177217,0.3221204437669923,0.0455991451013239,0.149013857249555,0.2220412257947585,0.3509850804760466,0.3218465780417157,-0.2034913231973697,-0.0011976712547776,-0.1222073652123222,-0.1577831379138191,-0.4161081746075781,0.3254219036040451
2016-08-25,HAL,44.51,44.7899,44.15,44.57,4098904,0.2758375138747292,0.2816011760354608,0.0967305415244207,0.1562282727003529,0.0222138334857801,0.0579869484974305,0.1652809070789141,0.3465771830435585,0.4506149168527772,-0.8445144987362694,-0.0012709169292545,0.012819672367734,-0.9193311017823088,0.0755281381956918,-0.3947832705501324
2016-08-26,HAL,44.65,45.27,44.36,44.56,5249683,-0.0469646402019286,-0.0386728464572379,0.0638888687345333,-0.0590026636085721,0.0015729772387774,-0.0077703976303875,0.1571019190405941,0.2697911871191186,0.1352691466340479,-0.4829596268631172,-0.0012062101951497,0.00668207975046,0.2754585165044819,-0.178604583652851,0.1106550473018449
2016-08-29,HAL,44.37,45.02,44.35,44.74,4474209,0.2184951317630181,0.2248287615475899,0.097093010274507,0.1113073942335963,-0.0092900859276499,-0.035208403464187,0.0266785682603312,0.0111111233391353,0.6870384669171576,-0.6734798053965984,-0.001273412114995,0.1171587468614161,-0.0474278479372121,0.6037073506413293,-0.3432600709130107
2016-08-30,HAL,44.74,45.19,43.88,44.07,8194785,-0.965335898305337,-0.9590186345833032,-0.3580955615029064,-0.0612448916152313,-0.045439752715118,-0.1222460905526331,-0.1702228943896167,0.071318606317226,0.5343767005929841,0.4601500126652408,-0.0011858447368332,-0.3627707201607129,0.2181011753137538,-1.15773577431269,0.886019542748181
2016-08-31,HAL,43.9,44.28,42.65,43.01,9659955,-1.5304664253637783,-1.5322395634795791,-0.985634664004992,-0.5885676393825034,-0.1161626810593361,-0.2808672203050686,-0.1783388163041374,0.1319074504392911,-0.1435352062037004,0.8571774604575564,-0.0011770236925817,-1.529780139910861,-0.9660386843021248,-1.558004222672784,1.5671415830057944
2016-09-01,HAL,43.01,43.29,42.57,43.22,5274421,0.2709841446883898,0.2767980640010333,-0.8683088462591255,-0.4214052131160868,-0.1637549039974628,-0.3482260865779318,-0.2031498578350488,0.1365931177594575,-0.0889027140948598,-0.4614238696555864,-0.0012777442433561,-1.3822916999522366,-1.5313166386542678,0.3425714957322144,-0.2029523437097276
2016-09-02,HAL,43.46,44.09,43.29,43.32,5994008,0.1110530950755015,0.1183143210001518,-0.7981088779376397,-0.6419765860891575,-0.1969622025435151,-0.3650866318419618,-0.1735964465098303,0.072464119948994,-0.2985168561908584,-0.2394700734002256,-0.0012830331714728,-1.30552076375264,0.2706038812051823,-0.2696955182376128,-0.0522498605385045
2016-09-06,HAL,43.53,43.9,43.13,43.73,6003151,0.5562420773180374,0.5584713981967012,-0.5407401768711849,-0.5344858635242749,-0.2064596191048099,-0.3175462399809158,-0.1543042848171076,0.0554488159611146,-0.3433439005651179,-0.2285633828275124,-0.0012836901313398,-0.9907599253343,0.1106311099002346,0.3208085819754896,-0.1238539338829396
2016-09-07,HAL,43.7,43.98,43.195,43.57,5173519,-0.2607867130670743,-0.2517361022911715,-0.6213250875699246,-0.8090745702450503,-0.2194497506170495,-0.288504114650067,-0.1313393930916806,0.0535093872749326,-0.3275119955426866,-0.487142843188139,-0.0012068617370435,-1.1135934232536506,0.5559362299263363,-0.2510701451534829,-0.0897729588933568
2016-09-08,HAL,43.92,44.35,43.48,44.12,6212635,0.7529098698291302,0.7519242486343535,-0.3069094463706169,-1.2562663022990668,-0.2074042393803931,-0.2008291009286874,-0.1449464525247288,0.0808025800194288,-0.0466552443517537,-0.1886341411957648,-0.0012852069293558,-0.6913532741558761,-0.2613057012071083,0.3177261866703044,0.052070196267679
2016-09-09,HAL,43.72,43.76,41.95,41.95,9519967,-3.095098068707065,-3.147527390844844,-1.5290414370587442,-1.941103317709803,-0.2817085816924211,-0.352952126506391,0.0613780267045003,0.5578097166398637,-0.8771491474003734,0.7126907472678901,-0.0011765738296557,-1.881302785249608,0.7526553277536702,-3.0850233151279665,2.004551071518349
2016-09-12,HAL,41.6,42.735,41.52,42.4,6986444,0.6348494128329232,0.6358662620023585,-1.221783979157241,-1.3300860256865357,-0.3208824807821483,-0.3842253908714156,0.1705127135970562,0.5856080627412509,-0.6498818608992388,-0.058576909543501,-0.0012901137985191,-1.337570489162362,-3.096356452141927,1.4266023945390522,0.7968634562392488
2016-09-13,HAL,41.81,41.96,40.6,41.11,11877326,-1.9271674669471284,-1.937813568691734,-1.8944266503992355,-1.5968812075310246,-0.3997845140903711,-0.5115035359372978,0.4411822181912763,0.6779506474843617,-1.271033201484686,1.1636408298530156,-0.0011607172893128,-1.6122023750756926,0.6345640719723422,-1.2912352213240843,1.1657563351551283
2016-09-14,HAL,40.85,41.73,40.63,41.26,8061051,0.1941678008983478,0.2007275019686347,-1.7111991423396795,-1.382228927997058,-0.4528871380550732,-0.5469188164666866,0.6303288571679272,0.6774755245283356,-1.2734116512284246,0.1362380475229979,-0.0012967589946015,-1.533055195612777,-1.928121168826836,0.7319755401072744,0.6305603730766526
2016-09-15,HAL,41.39,42.12,41.21,41.77,6862951,0.7365531359176413,0.7358579238098538,-1.311486745278603,-1.2306509648055812,-0.471164823474381,-0.4856122485722711,0.7030617797439158,0.6863174873536265,-1.2518718476302495,-0.1961597992198926,-0.001289639611726,-1.263954785438858,0.1937674981053971,0.667321486376106,0.2243376246261317
2016-09-16,HAL,40.77,41.349,40.745,41.04,9673245,-1.121058465219823,-1.1164415737371067,-1.5959378333060827,-1.3893800585301932,-0.510194565466139,-0.4899824306355557,0.6832086093183065,0.486255727985355,-1.8808023562863836,0.6051402232926718,-0.0011754225818631,-1.6491377254917208,0.7362943268120016,0.4740263972279783,-0.3647673940703568
2016-09-19,HAL,41.46,41.855,41.27,41.28,6836504,0.3310860475832574,0.336251359274838,-1.290497986942051,-1.3607814545746366,-0.5272983385517602,-0.4370415097689064,0.4930578526354491,0.4730409451037959,-1.9135619191292297,-0.1460198519259448,-0.0012891372637007,-1.4805149403097329,-1.1218018750291805,-0.3543271955454944,-0.4102579435670465
2016-09-20,HAL,41.31,41.63,41.01,41.26,7771268,-0.0631598209095457,-0.0547849153022895,-1.1913632721822385,-1.2174892666613355,-0.5371445858358406,-0.3760080265979347,0.4897854334534098,0.2590177096332784,-1.4119893534409236,0.1677070199015175,-0.0011890341862887,-1.433555884287968,0.330721463063521,-0.1177614614821409,-0.3389891266297278
2016-09-21,HAL,41.67,42.84,41.605,42.72,7610232,2.1700270967428774,2.128288572675945,-0.2316197332639387,-0.2901106425817668,-0.4836099721724632,-0.1640399950595372,0.3812868816396382,0.5622683712535878,-0.9084964519718822,0.1224460833832443,-0.0012942738991309,-0.3722524941622255,-0.0636272535301405,1.8774361349743764,0.8179916685172464
2016-09-22,HAL,43.25,43.63,42.6,42.65,5924896,-0.1350106176046155,-0.1263175883299442,-0.2226469995828716,-0.3910915299923346,-0.4405559838411679,-0.0214425190136656,0.3210781746099888,0.5342915951361129,-0.7304337519942431,-0.3512372427940245,-0.0012018031079285,-0.422079626415111,2.170142242284028,-1.0744338016356874,0.4213627348340365
2016-09-23,HAL,42.29,43.04,41.67,41.84,7191650,-1.2153878454865912,-1.211995983208655,-0.6371225888852043,-0.6724375208685752,-0.434995234038772,-0.0038714887186794,0.2506397036716548,0.5764337059595523,-1.0670569404032328,-0.0332392387693491,-0.0011937785883153,-0.9986507281984948,-0.1354967941578062,-0.8302490011315234,1.137571345223357
2016-09-26,HAL,41.98,42.31,41.18,41.38,9322495,-0.7174773348620755,-0.7092762543024478,-0.8248387203302308,-0.9523937883754472,-0.4452554023800841,-0.030537435433576,0.1818812611902526,0.585960325602633,-1.2155745140827696,0.4911693364660008,-0.0011803797481195,-1.3164091906515358,-1.2161558632839855,-1.1061419700132826,0.6845381318961135
2016-09-27,HAL,40.92,41.085,40.12,40.95,11842888,-0.6799500334912508,-0.6715513830308053,-0.9770992549386712,-1.015499966245242,-0.4666267379649255,-0.0804701460158687,0.081446255137668,0.582084079668615,-1.4115990479361693,1.0244852927704635,-0.0011652679246495,-1.3371073856288411,-0.7181154612528438,0.0290733209639311,0.3726304133231735
2016-09-28,HAL,41.11,42.96,40.45,42.79,12551927,2.764434701695157,2.6966167461166366,0.2038326345305432,-0.5576388608041383,-0.4081406634306205,0.0851352844503895,-0.0218050561315042,0.9538734174810924,-0.5940433981693225,1.1198332905360198,-0.0013225580123217,0.2169394617885614,-0.6805783700224801,3.0611803858904687,3.2973313094623773
2016-09-29,HAL,42.89,44.725,42.89,44.18,15139033,1.9894080729339008,1.9545556287331716,1.028996030172047,0.4780637004826447,-0.3052629598949027,0.3318829176882194,0.0867204132991112,1.027934789675871,0.2320409051222445,1.645895835852728,-0.0013418689002745,1.0494631304977369,2.764704912129033,2.246050034759912,1.870207936547567
2016-09-30,HAL,44.54,45.08,44.07,44.88,9195272,0.9534373260973454,0.9485532961026708,1.4085761579813816,0.5344833493574628,-0.1956238075081727,0.546684877225248,0.2685597273471394,1.0575427402819748,0.3966061645963649,0.1453404015697137,-0.0013051691796791,1.3088391740702077,1.9894760998491827,0.5504146335764775,0.2842168263947379
2016-10-03,HAL,45.11,45.19,44.54,44.9,6221416,-0.0052518195674968,0.0028066124862899,1.3692900105476973,1.075662094480977,-0.1083935233612215,0.6608464037657249,0.4226001888123218,1.057951160295671,0.3681820585737845,-0.5647729397274254,-0.0012859417791376,1.2527381908796078,0.9532350962201742,-0.3780317998836104,-0.3848303914868677
2016-10-04,HAL,44.91,45.0,44.23,44.59,5035852,-0.4628399545118122,-0.4537482918253248,1.149957887567892,0.9023926183835356,-0.0525534761172971,0.6713776955805667,0.5004736455318807,1.0596890494115307,0.1213506877390603,-0.8398466558535042,-0.0012071606178357,1.049484487406796,-0.0057041455542914,-0.564650357386548,-0.152156785830735
2016-10-05,HAL,45.2,46.07,44.94,45.72,7529489,1.5447474504085643,1.5247587414143389,1.7761217567387984,1.022071643973322,0.034082998816439,0.7590722037573617,0.725578979097771,1.1400462262019004,0.5572437632646802,-0.2682221894094465,-0.0012951874380145,1.2473386617550917,-0.4634116528862852,0.84286327842514,0.4685004852256633
2016-10-06,HAL,46.04,46.4,45.55,46.37,7624049,0.8521247875273809,0.849288398487632,2.101101746500909,1.4588952726847542,0.1251849948218306,0.8407219846650119,0.9856403695719244,1.145285606255987,0.5814971304382172,-0.2606083054794373,-0.0012968706586115,1.4269989040840838,1.5446994773750633,0.5152144896092381,-0.0636178324495899
2016-10-07,HAL,46.38,46.85,45.981,46.26,7014466,-0.1806860177086679,-0.1718337615932292,1.891140923227722,1.37197848247176,0.189177997752874,0.8362637278886451,1.1972809411473484,0.6844843936377679,1.341439103303751,-0.3790712122838036,-0.0011918856232754,1.1514571909609277,0.8518961279447446,-0.2217933559269723,-0.0257552299937039
2016-10-10,HAL,46.79,47.64,46.76,47.26,8799420,1.3128326966495136,1.2994068161942367,2.339619884859992,1.5141351880587506,0.2743894140708884,0.8873129532587923,1.4998690817163514,0.7267249414901737,1.515934150738419,0.0226500330302086,-0.0013053182833832,1.274901493651908,-0.1811841097403253,0.7325921695006248,-0.0394839480898036
2016-10-11,HAL,46.91,47.17,46.29,46.64,9504979,-0.8497540466301717,-0.8424329601394737,1.7829247511009911,1.0216924134824334,0.3122243172198461,0.8062060042262046,1.5819481975950649,0.5494952891084298,1.8081158217885347,0.2195859885140648,-0.0011735182296131,1.0008333349797884,1.3127242233193923,-0.4611701426969896,-0.018854857858751
2016-10-12,HAL,46.64,47.18,46.25,46.96,7565457,0.3941603034222444,0.3985835985167767,1.7915206356954143,1.1081508923080243,0.3490824079122529,0.7388061465524226,1.653536309678613,0.5478858124769578,1.861445305608039,-0.2370753872101836,-0.0012964412155905,1.14228786848798,-0.8504266804430346,0.4920490420131221,0.0591658589511766
2016-10-13,HAL,46.38,47.96,46.12,47.02,7327918,0.0465500014524475,0.0542799766194076,1.6594322992772588,1.4993270308730964,0.3746392998197337,0.6557971692867867,1.71825097114979,0.5459899573693738,1.678450389796045,-0.2986125787759799,-0.0012957816800183,1.0443161698974863,0.3938121732725966,1.0162264095313638,1.669994280398729
2016-10-14,HAL,47.46,47.83,46.84,46.97,7353354,-0.099199826014891,-0.0906550209623378,1.442392404034648,1.7195168477158915,0.3867709448602751,0.5548336331492352,1.6632223331385003,0.4449828759324029,1.9546292550570823,-0.2682725773176395,-0.0011884133951971,1.0231160325413462,0.0461111891618985,-0.8063497309774477,0.1652750062191138
2016-10-17,HAL,46.95,47.35,45.981,46.32,8169273,-0.8945613905942964,-0.8876034018420216,0.9025680525392272,1.5988296470167178,0.3649017017467367,0.3865451034428009,1.538120881827717,0.5253438074993458,1.6256482821775349,-0.0868024859187444,-0.001183546293672,0.7475142469115482,-0.0996766604995919,-1.0401104731356692,0.8718375035865914
2016-10-18,HAL,46.97,47.28,46.3,47.07,9834054,0.9750680356169946,0.9697262242804036,1.1646976384611447,1.4360898562784068,0.3711127949150816,0.3241925818750354,1.4093346540224625,0.5350021507214991,1.9005999456230016,0.2836280638295454,-0.0013124412586275,1.0655163072536231,-0.8952457134332201,0.1345345991570507,0.1438373924286138
2016-10-19,HAL,47.7,50.23,47.7,49.07,19236464,2.6123422827854896,2.5516932169854423,2.1328075404778613,1.5323873320054768,0.4478872864917703,0.4559395374021455,1.568315714289253,0.6207120696137158,2.015565874291388,2.2190392094649263,-0.0013826286180885,1.0614691989353904,0.9748714486078206,2.143619417066656,2.705647235373689
2016-10-20,HAL,48.89,49.51,48.43,48.75,8613046,-0.438999140658084,-0.4298779971226473,1.7571608987316254,1.2381178572875928,0.4888070196783626,0.4690475709535961,1.6157002713114954,0.6406769010023121,1.9330611994518845,-0.1630938059337279,-0.0011767340902026,0.9562527704505636,2.612572816414381,-0.2426644731795278,0.2549966732801327
2016-10-21,HAL,48.36,48.78,48.09,48.43,6658976,-0.441664186632112,-0.4325458818026727,1.3716801638241751,1.0656315199984407,0.5011690961982237,0.4060270811436628,1.4852874612959968,0.5477458649814765,2.1457248028173304,-0.5856748567303683,-0.001192886380043,0.8510363419657369,-0.4395646196080208,0.0830429396589039,-0.4039360638304605
2016-10-24,HAL,48.54,48.69,47.76,48.24,7399113,-0.2772460353029845,-0.2681674446128142,1.0576047671858475,1.1273357786446971,0.4960739892513127,0.3106761995709413,1.1942051288275708,0.5065511082905413,2.2672676055267527,-0.4064890155069359,-0.0011883249868446,0.7885640875528716,-0.4422303608205765,-0.4932620710058294,0.0153717692388045
2016-10-25,HAL,48.22,48.84,47.565,47.77,7760241,-0.6395731082327104,-0.6309875385863305,0.5913236017843031,0.6152880795583533,0.4664656683826194,0.1712989036636427,0.6600844881123131,0.5020304259199747,2.2784880738544557,-0.2872769060963026,-0.0011867669034339,0.6067349298914014,-0.2777693172357216,-0.7313829822567376,0.6330762562683793
2016-10-26,HAL,47.21,48.5,46.85,47.62,8619686,-0.2284891480294471,-0.2195061091007275,0.3678670141480604,0.3364025790715653,0.4304395374498801,0.0432777343130806,0.3334092186767368,0.2193978164386249,1.490294356049795,-0.0487440644918699,-0.0011817991169766,0.2608468975982115,-0.6401909115144798,0.6298205369613837,1.296379115940802
2016-10-27,HAL,47.9,48.25,47.5,47.55,6001169,-0.1245135278249131,-0.115861818754095,0.2327055411429605,0.3563268411580634,0.3929083326118968,-0.0630132354901994,0.156595406222804,0.0495061080506152,0.9527962933112868,-0.5782141930510367,-0.0012012131772907,-0.0033560725385892,-0.2289997106069276,-0.5783650854300594,-0.2767993059335324
2016-10-28,HAL,47.6,47.8,46.06,46.58,10410954,-1.3030338216767448,-1.300912552333117,-0.3569993360950508,-0.4776884033097133,0.3196092248825674,-0.2401119776444613,0.0348235235146424,0.1372079987046023,0.388831744163661,0.480493965592709,-0.001171781808077,-0.5793316830846303,-0.1249969659708441,-1.645283375721818,1.5218812295227888
2016-10-31,HAL,46.42,46.68,45.905,46.0,7931220,-0.8082141999683058,-0.8005859101072539,-0.7108649174767807,-0.4622813790419385,0.2342959308671464,-0.4127152800486761,-0.0730921337660908,0.1820340778102537,0.1923271587542672,-0.140386797263007,-0.0011900220577251,-0.9006692317040704,-1.3038247039425317,-0.7098958220178362,-0.1872115973844872
2016-11-01,HAL,46.37,46.6754,45.36,46.23,6869875,0.2782941444411849,0.2840322259099765,-0.6274403526078144,-0.504832465747674,0.1720568220842801,-0.491405366396673,-0.2631252450601577,0.1682172212565749,0.3726876883243186,-0.4129236638989388,-0.0012874948532515,-1.0706800662891514,-0.8088759971569183,-0.2544220052963884,0.7800056731611118
2016-11-02,HAL,45.51,46.215,45.08,45.93,8158125,-0.4370066692592115,-0.427883478515066,-0.800155003743107,-0.6445353431905598,0.1079842755971836,-0.5590766725638348,-0.2837791526733131,0.0449373722798641,-0.1000190451010702,-0.1141466958905082,-0.0011886520660815,-1.332651463535797,0.2779157879395134,0.6709313016480956,0.4681552027329541
2016-11-03,HAL,45.94,46.61,45.84,46.58,7378022,0.8480778601504756,0.8453199567576529,-0.4441302095088718,-0.3392003634316318,0.0801672231756511,-0.5198926998971835,-0.2947012217537699,0.0445036715358343,-0.1009646486809228,-0.2961893361535961,-0.0012906624486109,-0.9130945704605316,-0.4375716284271651,1.0262115837274854,-0.2136411686429776
2016-11-04,HAL,46.46,46.84,45.75,46.38,7031649,-0.3003126488850097,-0.291202186281721,-0.5587106922204098,-0.1644378805523006,0.0480014125116888,-0.4997391506176767,-0.3024546035422267,0.0478404069069418,-0.1293795449960348,-0.3784215643170091,-0.0011962028532909,-1.0421889990990725,0.84784814483377,-0.156410025087001,0.3673120752325331
2016-11-07,HAL,46.81,47.46,46.81,47.44,5504441,1.3898914030132516,1.374375904311248,0.0260547632655019,-0.0438286698160786,0.0618180049826624,-0.3652583970941247,-0.3002891618467782,0.0608710828143002,-0.1115400281449219,-0.7145408127940462,-0.0012785141052679,-0.3579885273147951,-0.3008419482743387,0.9905094404099996,-0.4494276407325739
2016-11-08,HAL,47.08,47.695,46.91,47.12,5320314,-0.4529490784552641,-0.4438440680030035,-0.1652928068027699,-1.1744968042898027,0.0578113987731419,-0.3035504008593668,-0.312081829720973,0.0290168557949014,-0.0163289272256629,-0.7260537876315315,-0.0012076488889256,-0.5645396131364648,1.389803032218724,0.0378735809724786,-0.2028991437527712
2016-11-09,HAL,47.46,48.245,47.12,47.82,12189753,0.8918899129967935,0.8882688011711941,0.1997257467721681,-0.6302409146298825,0.0795716833119774,-0.1878604706524027,-0.3023446859277044,0.0676249511984815,0.1014845619092077,0.8926884019989331,-0.001322034972476,-0.1127091129015606,-0.4535181965672676,0.5467690508683097,0.3693299394656295
2016-11-10,HAL,47.69,48.99,47.57,48.81,11520095,1.255909375676712,1.243968745757991,0.6984220484783079,-0.0262535917639932,0.1325547909747609,-0.0149415172546765,-0.2236067249984485,0.1534938731993666,0.3916239358215694,0.6636803616596112,-0.0013198829731928,0.5263083088592307,0.8916716270615732,1.7480176781184955,0.8332616364560071
2016-11-11,HAL,48.35,48.61,47.21,48.01,7635120,-1.0534105072775377,-1.0480057758534518,0.2256333942848188,-0.2794684600710077,0.1397526597366642,0.0055432287079107,-0.2155786161564105,0.224365799122667,0.1577095842252601,-0.2524559787496634,-0.0011900974401002,0.0099305943050541,1.2557860525893083,-0.5576010793873808,0.8389448533952498
2016-11-14,HAL,47.61,48.54,47.34,48.14,8395484,0.1355843542575159,0.1426499378415522,0.2465301798172327,-0.0365197827850537,0.1471805095559855,0.0225229927607392,-0.2436771374184154,0.1712853664532831,0.4095852291165683,-0.0766017047716833,-0.0012994833333926,0.093841972920109,-1.0541362695614358,0.8147346177034622,0.4861383151038413
2016-11-15,HAL,48.52,49.895,48.5,49.76,11770261,2.06210201984188,2.024536754462276,1.0643602604638591,0.5424837518390854,0.2126755247240282,0.1855706880067004,-0.0918167843417823,0.3412783410917922,0.6718435984990655,0.683710194334722,-0.0013239676167913,1.1395068448923096,0.1351687686253265,1.9045204977641677,0.745100910293709
2016-11-16,HAL,49.33,49.69,48.58,48.76,7835213,-1.2841623914957978,-1.281756755501867,0.5218744811524229,0.1843233358761335,0.2209816865660163,0.1688057202263114,-0.1170714848801375,0.0672630579368811,-0.2602593086019198,-0.1012818533062251,-0.0011869849750124,0.6592970190678095,2.06218901064488,-0.8993049461813347,0.3058941828507715
2016-11-17,HAL,49.38,49.78,48.22,48.6,7953820,-0.2372882087566269,-0.2282850981440677,0.4378710705219104,0.4919864908595896,0.2170691016014128,0.1239429020628589,-0.1272650003784686,0.0598990010986618,-0.2126663328462266,-0.0638610219445629,-0.0011872548819107,0.5488361580105328,-1.2849483507150554,-1.2197226347988406,1.0838147894003185
2016-11-18,HAL,48.86,49.49,48.76,49.31,6662999,0.8765349574419348,0.8732197678290254,0.8043190414338275,0.9105141395367832,0.2374772182454647,0.1506537148012547,-0.059051519791393,0.0954415004241315,0.0993858125448122,-0.385294751941682,-0.0012882531052128,1.0390062289522093,-0.2378010667714409,0.6695144626986514,-0.3575208727962947
2016-11-21,HAL,50.04,50.45,49.71,50.1,8011232,0.9644456447170447,0.9593295450063934,1.185813703023619,1.0201923887704571,0.2798200151713964,0.2284818544404484,0.0984342498210053,0.1375143438825714,0.3987954819644356,-0.057108114416931,-0.0012983824667941,1.2262188754508234,0.876312665813456,0.0642731196016051,-0.360341148213421
2016-11-22,HAL,50.43,50.49,49.07,49.84,7699549,-0.3560916468367326,-0.3469395550540238,0.9835238690277815,1.0378945931507393,0.2980130739524995,0.2285833558954652,0.2074933426269104,0.1173720284301412,0.4689299479836918,-0.1337069533830046,-0.0011881058038184,1.0434854066591313,0.9642462866129322,-0.9102259945325084,0.7831548326930448
2016-11-23,HAL,49.42,50.01,49.35,49.47,3987383,-0.4951845236791928,-0.4861475760013437,0.7280950755517694,0.7457091999784495,0.2927982847513729,0.168413159310316,0.2663032210396824,0.1320354463367957,0.403084087853905,-1.025863131216417,-0.0012149770391817,0.8161384253552978,-0.3566354974603689,0.0501219205744452,-0.4794385728046164
2016-11-25,HAL,49.27,49.52,48.905,49.51,2736261,0.017343991311411,0.025264413413936,0.6946640910164864,0.8414287743357379,0.2852553659640875,0.1142844365652793,0.315783634600265,0.1295111981410412,0.4378992239137818,-1.3306756543572251,-0.0012615508906484,0.8407164773881439,-0.4957646598783275,0.3417051345221516,-0.5560859990118985
2016-11-28,HAL,49.64,49.73,48.68,48.8,6968496,-0.9258097498582216,-0.919124498932628,0.24509828845487,0.276952430329356,0.2467940232368185,-0.0086020326034955,0.2704976437075453,0.0738312271663283,0.5324831174987188,-0.1857332532519938,-0.0011943952379472,0.4044560538051175,0.0168975599614965,-1.3047915616280683,0.2018708167045965
2016-11-29,HAL,47.79,48.49,47.0558,47.79,12331967,-1.321533294559161,-1.3196965411044317,-0.3540181681754724,0.023505364809133,0.1728750099986011,-0.1981786414435413,0.1521138820951198,0.1460197070897093,0.4040213902399407,1.1518977158782828,-0.0011586724827447,-0.2161397600242557,-0.9265022245502452,-0.0263165508545973,0.9097738240084584
2016-11-30,HAL,51.68,54.92,50.82,53.09,32232006,6.871536259573662,6.487122328321208,2.3265882897092025,0.928904637018933,0.3175221636327771,0.2127456224814927,0.5406593785368589,1.9362744518841024,2.011837990711437,5.141011624705022,-0.001455898714298,0.8246620638270574,-1.3223290028378625,2.0349840891659725,4.844869778252583
2016-12-01,HAL,54.08,54.8,53.19,53.24,11775343,0.1429072461701241,0.1499125746488921,2.192717757032347,0.811207256365653,0.4313904789793727,0.4622608337151474,0.76379342111806,1.9149939044662023,2.169964308268162,0.5294191214672653,-0.0013270743686853,0.8338683941881545,6.8728779018956505,-1.199828006749467,0.9289387459867148
2016-12-02,HAL,53.25,54.52,53.11,54.17,7174924,1.0545316593088898,1.047446023955792,2.4679342968353613,1.1880859678411213,0.5501942392407747,0.6745767529509974,1.0710908500176204,1.92142334379851,2.2256297665645923,-0.4743353498700559,-0.0012957258894205,1.1709991280836312,0.1424935708826871,1.2789912866596294,0.5779692781292082
2016-12-05,HAL,54.38,54.74,53.72,53.9,9235259,-0.343309318381518,-0.3341623340437405,2.107103314742404,1.0851314380651231,0.6248223521047384,0.7307221324054449,1.200558163396955,1.9235391915020623,2.213783343040909,-0.0473481617321113,-0.0011731384303859,1.0247942678289708,1.054355802213298,-0.6931951252758171,-0.0141870462395297
2016-12-06,HAL,53.25,54.27,52.91,54.02,9056078,0.1056118326408753,0.1129151575413772,1.98277604682812,0.8729123927656165,0.6791632341767748,0.7234194531474545,1.3498403227485878,1.8975970202663384,1.869569758353748,-0.1225999504499078,-0.0013092610653684,1.0693752086600226,-0.3438498344408348,1.0661693566301385,0.5068539693979185
2016-12-07,HAL,54.02,54.5,52.89,53.54,8987054,-0.5861959319690969,-0.5774040148036421,1.551706012885245,1.0573657105336312,0.6936460129166727,0.6149832379060516,1.3594941965127956,1.9052786494654128,1.8335342537622117,-0.1732602363046891,-0.0011750411010419,0.8595555252059518,0.1051884279871753,-0.6976393364344923,0.9148169904222554
2016-12-08,HAL,53.76,54.49,53.33,54.43,9037456,1.0019246400587674,0.9960043777885168,1.830634283448948,1.238902587840618,0.7300386596334554,0.5846298887154828,1.451714681440267,1.909137155574566,1.86259608073946,-0.1317163346309494,-0.0013091363553003,1.235756736813467,-0.5867998105869787,0.9152700573581084,0.1848178727408611
2016-12-09,HAL,54.5,54.51,53.77,54.2,6003054,-0.2960742834462024,-0.2869690344402517,1.5629305229601906,1.058449322551473,0.7396064370137428,0.4913004574706942,1.533972880647023,1.8969293533766285,1.4543321448139708,-0.7360732825781586,-0.0011975028413907,1.1385361989823128,1.0017350592124552,-0.4421979370590158,-0.4534597694379469
2016-12-12,HAL,55.05,56.08,54.355,54.49,10575087,0.3001189177340569,0.3056255498861525,1.5348841196672955,0.9815729337517548,0.7482802536912301,0.4143358730150445,1.5398481022432702,1.834094932401452,1.8147942620939657,0.2242850215827844,-0.0013210680607434,0.8571815552631249,-0.2966024771604414,-0.7948724035314887,1.047013080547898
2016-12-13,HAL,54.59,55.56,54.265,54.9,8600737,0.4354531288039963,0.4393566864381369,1.5606675058407,1.1421541180703088,0.7608236828893018,0.3627245214646188,1.5355384940233383,1.832041613739573,1.894863614142165,-0.2012498356368577,-0.001308290195096,1.0082103922072765,0.2997462547263805,0.4027190490674643,0.3745488261805276
2016-12-14,HAL,54.23,54.56,53.41,53.51,9068027,-1.6092924387351997,-1.6126174506919215,0.7550614423961262,0.7851078585185408,0.7062230747820465,0.148607844059135,1.5195428755569484,1.8511850009363304,0.9393269227504892,-0.0728781794405552,-0.0011718908216564,0.4961857986649047,0.4351157708374175,-1.0294012883714396,0.1997803440069721
2016-12-15,HAL,53.51,54.015,53.13,53.79,8359337,0.2927795222557502,0.2983648282692462,0.7652069088158013,0.8230977716454756,0.6646138812087143,0.0107541795028635,1.4258795948698495,1.7745122317994848,1.3475629206163438,-0.2320526488756666,-0.0013063677681169,0.5993274434072534,-1.610163215603957,0.3690207663745504,-0.2201273868616345
2016-12-16,HAL,54.23,54.28,53.745,53.99,12707817,0.1984895025834706,0.2050097278674126,0.7257723249957841,1.0906624101467215,0.6305447544957388,-0.0801207498429457,1.29044924340643,1.7652361103040906,1.4613399618890863,0.6421374650204977,-0.0013417546977343,0.6730000467946458,0.2924049445979869,-0.3606781300268715,-0.7654791182872551
2016-12-19,HAL,53.61,54.0347,53.43,53.72,5563813,-0.3443438875528382,-0.335196391768395,0.4771323720748096,1.3696353137809067,0.584484987077732,-0.183684396080077,1.1736912761461114,1.7668208148417852,1.146002737488132,-0.8612668430929021,-0.0011977390293685,0.573542032221666,0.1980903272057863,0.1287048326121375,-0.6531962447191939
2016-12-20,HAL,54.15,54.25,53.115,53.33,8164332,-0.484981050952772,-0.47592501213166,0.2005772191566289,-0.0767471423897127,0.5248868846770626,-0.3013827542579279,1.0868983466910762,1.7648622813194568,0.7793804344036903,-0.3097492216657333,-0.001177772421447,0.4298804556162524,-0.3448846735033142,-1.1704063723058524,0.182384616971753
2016-12-21,HAL,53.76,55.28,53.35,54.96,10087753,1.8698841580111776,1.8393199357808183,0.8801635231784228,0.4623998618486087,0.5339534145941346,-0.2187998592495686,1.015156766936288,1.8397887227416407,1.3412536589127932,0.072306763194157,-0.0013211090238362,1.0303121732234943,-0.4855585253414074,1.660107225048756,1.3353110742104428
2016-12-22,HAL,54.63,55.42,54.63,55.07,5370484,0.0916106549985855,0.0990201420672125,0.7910707072324071,0.1920098509858443,0.5375748562153289,-0.1667491067813711,0.8705804988822707,1.8204765050909544,1.495039268251686,-0.925466146437366,-0.0012856606134589,1.0708321050865597,1.8699210043646852,0.5821913288929158,-0.395767719993696
2016-12-23,HAL,55.04,55.26,54.63,54.84,3168012,-0.2930169005907041,-0.2839155921355977,0.5429151636091675,0.2112434344568691,0.5236605077049729,-0.1702453267335426,0.6649362435593822,1.8295624693717525,1.4136038204902153,-1.3857431197942696,-0.0012169735318113,0.9861086111910604,0.091183597815727,-0.3008506539086251,-0.6339070258269979
2016-12-27,HAL,55.02,55.54,54.7,54.91,3609768,0.0464726408450887,0.0542031384239236,0.4242546206326357,0.192712327611389,0.5078380003473812,-0.1779538707198443,0.268818836563988,1.7808597465594722,1.671351278915411,-1.2807356476214784,-0.0012717632499203,1.011894022376645,-0.2935442967163177,-0.1773651943960768,-0.3163954391289962
2016-12-28,HAL,55.11,55.22,54.18,54.3,4956825,-0.7246260352959678,-0.7164651975202339,-0.0326862018374329,0.1309045255793061,0.4642439595704055,-0.2556041548541177,-0.7931310456960389,1.7260755783093642,1.833139023595276,-0.953739813235756,-0.0012023900160177,0.3179656083435239,0.0460338083732463,-1.1367673942583518,0.0048914517575334
2016-12-29,HAL,54.14,54.46,53.84,54.04,4237456,-0.3311008266544705,-0.3219611818125328,-0.1817530769090964,-0.3693836628865874,0.413005889730725,-0.337399981379919,-0.8494576445542495,-0.3143619097734304,0.0953262531958368,-0.9444277158008064,-0.0012087349253822,-0.6829301306857,-0.7252660265896355,-0.1658654706190435,-0.6351556397016028
2016-12-30,HAL,54.03,54.36,53.61,54.09,4655716,0.0246076185865186,0.0324819463663424,-0.1780735833521994,-0.241350732835394,0.368424029183812,-0.3857036744650588,-0.8988745043920197,-0.3154527923432552,0.0670002683673217,-0.7779848609044561,-0.0012795846721613,-0.6308269717916125,-0.3316381578479742,0.0575832660920688,-0.4357379420238081
2017-01-03,HAL,54.96,56.33,54.95,55.68,10531666,1.79710711137129,1.7690487527792005,0.5542197995524141,0.2791297374207916,0.3894821881042735,-0.2553903487918286,-0.7925735616588092,-0.1653038020293852,0.241913668206533,0.7568663032459216,-0.0013272487758652,0.8147630547110206,0.0241630821208129,0.9634448267934804,0.4742361878465166
2017-01-04,HAL,55.61,56.15,55.491,55.89,6265902,0.2018133656175049,0.2083030282136767,0.6063118196678675,0.2111383031929611,0.40803588972778,-0.1575861182223376,-0.6935740782835654,-0.1761248874156222,0.3747537282369916,-0.3444834260329194,-0.0012945868561231,1.0176927415897783,1.7971249721586036,0.3540916463209412,-0.6086503216139085
2017-01-05,HAL,56.19,56.88,56.04,56.21,7083257,0.3234643613058847,0.3287150846579239,0.7062321739394154,1.0899964565098106,0.4286957561765041,-0.0739215017634521,-0.5791717024335639,-0.1723304076631013,0.427923706436067,-0.0969791609812382,-0.0013024712146521,0.8846828549281052,0.2014150573459284,0.0005749904020254,-0.3458814201882511
2017-01-06,HAL,56.23,56.98,55.91,56.66,7899545,0.4654226880345801,0.4689322238100254,0.8450640852904604,1.1343566411651498,0.4558282390176401,0.0096705945741237,-0.4683371306109664,-0.1993949311158704,0.6883697909898228,0.1436074320321681,-0.0013108251513409,1.1676554424951886,0.3230977884940148,0.5514402981406382,-0.0174672219257995
2017-01-09,HAL,56.1,56.33,55.8099,56.07,9080525,-0.6812883502200947,-0.6728963504288636,0.5213810179292878,0.7149217376452406,0.4472592393396685,-0.0153507297727135,-0.4119800185381341,-0.2124015494807299,0.2750352900460542,0.4699463162834378,-0.0011624389453914,0.6602124652400626,0.4650931483167054,-0.0667185750045829,-0.8182619957649314
2017-01-10,HAL,56.05,56.055,54.62,54.64,9774121,-1.620814727249436,-1.6243753281013134,-0.1748595456385793,0.1524062062233868,0.3781346531176549,-0.1912368265734234,-0.4211989094101439,-0.0340311533366551,-0.0482503484569723,0.5938416239404146,-0.0011587364489334,-0.5696916999715211,-0.6819170358820186,-1.9269056155515203,0.5974413440996142
2017-01-11,HAL,55.09,55.61,54.69,55.39,9995110,0.8215707234917504,0.8193206055469031,0.1628335939087428,0.542286078143131,0.3471715264560489,-0.2337187640403458,-0.4130288216098057,0.0027404106176576,0.0750977349358057,0.6639754001804622,-0.0013260578342489,0.0753629321324565,-1.6216885099721183,0.3851108506364318,-0.2070742066593001
2017-01-12,HAL,55.8,55.85,55.07,55.18,5954033,-0.2690348203526864,-0.2599696431988084,0.0555076725186973,-0.0947747267003457,0.3091089873959768,-0.2859780793138828,-0.409297135625312,-0.0041478731112777,-0.0925728720237015,-0.4018268866627532,-0.0011915209336451,-0.1052523648566579,0.8213340931788905,-0.8657808304153723,-0.4132544863994415
2017-01-13,HAL,54.7,55.19,54.49,54.54,5995616,-0.7550899901174882,-0.7471100065956027,-0.2754441398620724,-0.3997330774131897,0.2491879244536094,-0.3840489957196616,-0.4628399139995812,-0.1387752588380656,0.1152206022193032,-0.354936480586531,-0.0011920969318604,-0.6556989842520528,-0.269555960201179,-0.2473089754556117,-0.5216759074386199
2017-01-17,HAL,54.67,55.06,54.19,55.01,7712635,0.5035143644351365,0.5065027160251339,-0.0798388450522968,-0.1235155360764275,0.2160110164688904,-0.3936667343736357,-0.5035314185308792,-0.128349082796699,0.1656256792585979,0.1386814627231898,-0.0013066488085504,-0.251464748133561,-0.7557379286343189,0.4435500479118108,-0.2732626827833666
2017-01-18,HAL,54.5,55.3,54.43,55.13,6156343,0.102814982213334,0.1101397631029913,-0.0498083474543564,-0.1048081786017372,0.1905480940085997,-0.3815052593502292,-0.535008600895483,-0.1297998771621944,0.1426298561939304,-0.2180207971530268,-0.0012949502871962,-0.1482560069969206,0.5031947618070055,0.847034360174693,-0.2761316714595259
2017-01-19,HAL,55.07,55.4,54.78,55.34,9144435,0.204155922750982,0.2106239404731728,0.0115740750465305,0.230771062673627,0.1749207101525519,-0.3464595722791957,-0.5930174709024139,-0.1388893543308346,0.2754160178915901,0.5989072225191195,-0.0013217953429957,0.0323592899921938,0.1023908479368837,0.3441025883015157,-0.6576171274969933
2017-01-20,HAL,56.12,56.84,55.99,56.45,14793644,1.2157647380003764,1.2048416984836383,0.4646256221365568,0.6822780641062243,0.2021937424271505,-0.2079980900162428,-0.6547775020684053,-0.0795919392079281,0.6917398981630389,2.0382413085011315,-0.001374406017002,0.9575299326764936,0.2037582255893031,0.4179473319493143,-0.3364128214932255
2017-01-23,HAL,55.0,55.2,53.92,54.8,17718731,-1.852761532381276,-1.861540716722277,-0.3158229518953751,0.0255677127218406,0.1553837201395685,-0.2879174113376524,-0.6504728668736399,-0.0560025665526774,-0.2102325523863527,2.6033221202038197,-0.0010771135524366,-0.7074820049657612,1.2156309422610707,-0.3010503150744923,0.3553239062196236
2017-01-24,HAL,55.24,56.79,55.09,56.62,11276703,2.034697903068972,1.9981646028744104,0.5115970014048962,0.0885261750995756,0.1860726187438051,-0.1523719801333448,-0.5830549790531256,0.1944833708121934,0.2458906143588151,0.8044265976362008,-0.0013421640425282,1.0877733060565962,-1.853695823761916,1.8611103774844384,0.9109625817960556
2017-01-25,HAL,56.9,57.7,56.76,57.41,9837065,0.8356696161478265,0.8331507710838432,0.8234111620933751,0.2351130100576142,0.2370559667724589,0.0083019282874128,-0.45311342712141,0.2180789643956359,0.5207876794289031,0.3413262831627955,-0.0013326917417561,1.207178838780088,2.034777744877928,0.6508611368754479,-0.226746166127663
2017-01-26,HAL,57.46,58.78,57.46,58.06,8989812,0.6718937736017804,0.6723057246605324,1.0533188182104651,0.3115464799051196,0.2979115189866231,0.1622519386513258,-0.2778199586357435,0.2341546573382493,0.6750404602811664,0.0676934668511515,-0.0013276972086209,0.9799366425297156,0.8354366638553334,0.7625987136125474,0.3034390030916147
2017-01-27,HAL,57.94,58.47,57.75,58.21,6892974,0.1278497307131461,0.1349780320706648,1.027794065510412,0.2422583485986007,0.3463546268918579,0.253462528966725,-0.1672980211836428,0.1885373308624408,0.8900628038177238,-0.4429229795442587,-0.0013099326154277,1.0763829153762088,0.6716180966145765,0.3257542464068308,-0.560480080955526
2017-01-30,HAL,58.02,58.1,55.37,56.48,10361050,-1.883303634059104,-1.8928377820867728,0.1556571757459616,-0.0860051313189997,0.3113754164488113,0.1117033898736818,-0.2392030740067336,0.4033307570099014,0.4956463075919167,0.2809136942531375,-0.0011391542107013,-0.0359640981200246,0.12743212732654,-2.0316552124734244,2.437014369302096
2017-01-31,HAL,56.73,56.78,55.81,56.57,5849521,0.0662111696762098,0.0738052829889256,0.139117210725384,0.3583204537022804,0.2822464458699117,0.0133544952999335,-0.3232105969788323,0.4030300057953669,0.5058941504070101,-0.7401696217816253,-0.0012990694593915,-0.068734662981582,-1.884245893049312,-0.2394010850635688,-0.1622867164834953
2017-02-01,HAL,57.18,57.23,55.41,56.23,7082982,-0.4071825862639454,-0.3980364280378892,-0.0331080300133929,0.0590030408083616,0.2413028833126694,-0.0957351767276643,-0.3260434122900045,0.2515145677733498,-0.0224050704907588,-0.4345723150504353,-0.0011730489881539,-0.3012905730084256,0.0657774864535194,-1.2815490780047682,1.1061750096145702
2017-02-02,HAL,56.46,56.59,55.7,56.29,6183447,0.0334361506156505,0.0412533207237221,-0.014413934151559,0.1437161156626815,0.2071323206752642,-0.1655733291506693,-0.325687408817984,0.2493119527690387,-0.0623665577404942,-0.6383459751609116,-0.0013020328249378,-0.2602512947683931,-0.4077397651340164,-0.2538015575368509,-0.2736233360561745
2017-02-03,HAL,56.25,57.06,56.13,56.58,5344472,0.287750641520827,0.2933893624688044,0.1126058310953721,0.4450460499580222,0.1876062882373365,-0.1837490824555714,-0.3196410625606777,0.2480698928207208,-0.0708033449844249,-0.8170952215099773,-0.0012951036784623,-0.0618947832749115,0.0329939172755452,0.4169205887534913,-0.2214582388405667
2017-02-06,HAL,56.64,56.76,56.01,56.1,4745193,-0.561166032435181,-0.5522933156848627,-0.0989073085294425,0.1494265836227363,0.1498179168163163,-0.2452966312628338,-0.3284953288226399,0.2500608761477166,-0.3126316925697477,-0.9348158138769356,-0.0011952938496521,-0.3902090091951558,0.2873747519638799,-0.7466195873421285,-0.477141289076761
2017-02-07,HAL,55.74,56.0,54.6,54.88,8395920,-1.38691414908139,-1.3861286286871588,-0.6428158688507991,-0.2585476801146705,0.0693608031198962,-0.4043632783995416,-0.292126089818915,0.3247985212222926,-0.4791765025365757,-0.0734829296097433,-0.0011602242513175,-1.2246743334091146,-0.5617633814281828,-1.191988155411544,0.5347184263582355
2017-02-08,HAL,54.6,55.45,53.5,55.44,9849476,0.6022900538725626,0.603820847819906,-0.3988905681841189,-0.1620588484602876,0.0256453506024046,-0.4370441927279067,-0.3349486573796122,0.2075869664782274,0.0475530578763018,0.2666939377612561,-0.0013366806699803,-0.6599179021741477,-1.387726913459489,1.1360186054603214,1.3400374882681194
2017-02-09,HAL,55.87,56.76,55.65,56.68,9320932,1.359499745156041,1.344819223427664,0.151365315132796,-0.1277741215178191,0.0376711323040639,-0.3197119468744051,-0.3385882602159268,0.2717486842074363,0.1745640121694026,0.1512765627030163,-0.0013347546331089,0.1207610952555298,0.6019962191544631,1.0690288219748445,0.040792432796394
2017-02-10,HAL,57.02,57.38,55.99,56.13,7937524,-0.6371230829990853,-0.6285270262925139,-0.1281567133007642,0.2040602380389934,0.0235880066006409,-0.2930500283974902,-0.3642094682076637,0.2917120933029746,0.0853723080331154,-0.1959424348894117,-0.0011616354725946,-0.2255078148947279,1.3594034459986766,-1.2055710017984484,0.4725242076678432
2017-02-13,HAL,56.14,56.76,55.96,56.32,7161827,0.1777473584221969,0.1844543480392647,-0.0810075376770887,-0.2949772153767858,0.018000954317199,-0.249851746889562,-0.4445123458689074,0.2565005023665922,0.3118420481354247,-0.3876956977958432,-0.0013137829586992,-0.1058876459337305,-0.637740247135432,0.2159228743125666,-0.4075048760763229
2017-02-14,HAL,56.05,56.58,56.01,56.54,8102296,0.2101994159271213,0.2166111909759095,-0.014180672792941,-0.5188980643251975,0.0203012539235088,-0.1949912136967266,-0.4928540576866984,0.2469787273759808,0.241001886190798,-0.1743344295578483,-0.0013252295257401,0.0326199181263725,0.1773427719792226,0.6341718475152595,-0.7511348331469835
2017-02-15,HAL,56.18,56.56,55.6576,55.77,5978525,-0.8808681490634653,-0.8737956998352784,-0.3878096775236875,-1.0441593679960577,-0.009763173478827,-0.234409037316389,-0.5293858323723477,0.2934105532273555,0.0030180927637807,-0.6630679888554638,-0.0011799523780261,-0.4521565560839885,0.2098032953496134,-0.5776912734568129,-0.2428069303844321
2017-02-16,HAL,55.82,56.0,54.26,54.31,10925646,-1.6628460474971842,-1.6672849739501716,-1.044729506109741,-1.438012409936304,-0.0916878881526996,-0.3994307828941624,-0.432930581110048,0.4314696184055485,-0.4408261727683584,0.4543801527380686,-0.0011305585815864,-1.3713431175737696,-0.8815488997054466,-2.07008573022238,1.078775436323219
2017-02-17,HAL,54.02,54.405,53.525,53.71,9055806,-0.7208034910197927,-0.7126210308398973,-1.263373312933916,-1.2003360681881008,-0.1798501324057036,-0.5475034731163931,-0.2579340986632761,0.3543969840565134,-0.8803404692921958,0.0962499308218809,-0.0011533627317448,-1.749091019555872,-1.6637307950563036,-0.4598791832082791,-0.225843428093742
2017-02-21,HAL,54.44,54.93,53.8,53.84,7496888,0.1176936772018019,0.124902887188691,-1.1810901896639487,-1.1808157052622656,-0.243492424781627,-0.6028476912641102,-0.1708773856949305,0.1930759434971527,-0.424759569012264,-0.1595718000249704,-0.0013143673971876,-1.6672456407930818,-0.7214424851148827,-0.8589960346217099,0.1578434647139033
2017-02-22,HAL,53.49,53.93,52.99,53.06,7736109,-0.9349512668424016,-0.9283488384267858,-1.4669549052833786,-1.2814025039833172,-0.322604151665978,-0.6869411239066132,0.0213586129250387,-0.0643011196093637,-1.0908982899688222,-0.0556444958046381,-0.0011668037429955,-1.841114061999008,0.1172734243750892,-0.6336687217090019,-0.1148744524137774
2017-02-23,HAL,53.75,54.28,53.1,53.19,7971039,0.1195396688747049,0.1267342946080498,-1.3114359358906391,-1.2486046616015805,-0.3775287564253138,-0.6919586340428278,0.1177557303842608,-0.1339750809594884,-1.24703171312337,0.029351536985626,-0.0013188368209927,-1.7664778616764671,-0.9356461263093484,-0.8134607311311258,0.2575614895139553
2017-02-24,HAL,52.75,53.0,52.35,52.87,6489597,-0.4075508841787001,-0.398404921851281,-1.3456412210969466,-1.4527111319078876,-0.430385625292108,-0.6906503255596751,0.1509411332299277,-0.1978394031562836,-1.4803118102052428,-0.3284207898393244,-0.0011789813240524,-1.5988559879505746,0.1191198976173704,0.1455548087521554,-0.5667058074053064
2017-02-27,HAL,52.86,53.71,52.59,53.2,6902535,0.3556015051709483,0.3604858682817788,-1.0752461795470485,-1.1942366433040537,-0.4557304790338721,-0.6187882254500807,0.0833787339429321,-0.1799687863259156,-1.4315142815611055,-0.2193568067454359,-0.0013089697957651,-1.3899020362363688,-0.4081081591277515,0.4596389344757104,0.1632205045778288
2017-02-28,HAL,53.0,53.65,52.5,53.46,6503678,0.2712725612646561,0.2770835044064035,-0.881950361072347,-0.7438852526507684,-0.4619550042596544,-0.5120831489113672,0.1081180512276985,-0.3564433358803188,-0.9527704969045876,-0.2803022756303114,-0.001306668012115,-1.1477358853368511,0.3552433160720801,0.6294159241230686,0.2014555256765182
2017-03-01,HAL,53.97,55.21,53.94,54.7,7176434,1.411073663237817,1.3949678648103006,-0.2465118098824412,-0.454239768220146,-0.4149992897241822,-0.2898340660122935,0.0622536775441293,-0.1761543878932518,-0.6529612629406711,-0.1150142756406674,-0.0013149489512671,-0.3282557448937701,0.270892373021545,0.9955993870209529,0.3436466884781466
2017-03-02,HAL,54.37,54.5,53.68,53.87,5772117,-0.9776792445840684,-0.9714821657918074,-0.5874893257348859,-1.2490948383721736,-0.4074510189705134,-0.213468881603414,0.0511047805167429,-0.1330350453782743,-0.7838784589300773,-0.4788845818632944,-0.0011830520831399,-0.8767787421258353,1.4109908183229751,-0.7211094988081568,-0.3227234804377992
2017-03-03,HAL,54.0,54.4,53.7,53.87,4105033,-0.0329960430517004,-0.0247793014886723,-0.5304942265270804,-1.1061929254078766,-0.3985706256470078,-0.1489478735135278,0.023716943480283,-0.1345181430039773,-0.79887595192257,-0.9152387682351848,-0.0012427088046935,-0.8767787421258353,-0.9783852506265802,-0.2082004780927696,-0.5083723218982023
2017-03-06,HAL,53.79,53.995,53.34,53.8,5656123,-0.113895664824498,-0.1052875472977416,-0.4983645138210703,-1.228900276271854,-0.3914712469441029,-0.1019153680155635,-0.0390118751710512,-0.1489619544871855,-0.889085427284213,-0.4919409650399063,-0.0011854810697286,-0.9230397177960094,-0.0334556067571959,-0.0122708573873255,-0.576672174096882
2017-03-07,HAL,53.72,53.78,52.8301,52.97,7246368,-0.9934824951673156,-0.9874429529238744,-0.8242008707533951,-1.5462402451835264,-0.415417575976975,-0.1442004808891681,-0.0386322592112408,-0.1145601487383159,-0.9868869317521876,-0.0887171260757025,-0.0011708725277103,-1.4715627150280697,-0.1143763330566974,-1.0811162319855083,-0.0967895939108163
2017-03-08,HAL,52.63,53.23,51.195,51.29,14736919,-2.0075760505580584,-2.020345452904886,-1.55243629487553,-1.7132304828658378,-0.4964856358702937,-0.3250589230942223,0.1618577898236768,0.0053793873651725,-1.128204223234051,1.7711668358685486,-0.0011003016691861,-1.830244216768277,-0.9941926238511528,-1.949922709224921,1.7153372108440426
2017-03-09,HAL,50.59,50.99,49.75,50.89,14967420,-0.518533477238311,-0.5095465684851157,-1.642271293073246,-1.514875248256211,-0.5715822054413603,-0.4543751635656968,0.3412459236788505,-0.0387899364998833,-1.3728124531120256,1.7078465438173618,-0.0011051336127712,-1.384636081096994,-2.008550728865874,0.4217074765844379,0.4393828283607009
2017-03-10,HAL,51.39,51.5,50.61,50.91,7711119,-0.0085283529363254,-0.0004505849113695,-1.4997664646553,-1.3641970773142684,-0.6248034596039908,-0.5015214706567004,0.369135959975597,-0.226513417524353,-1.6625614719574826,-0.0916894030690732,-0.0013102390828975,-1.37592263014695,-0.5191197045489132,-0.7319958051263609,-0.1343731098073269
2017-03-13,HAL,51.02,51.33,50.67,50.88,6272392,-0.0696831600219799,-0.0612759620753822,-1.3924245530599717,-1.4493048789572935,-0.6622247805343955,-0.4985697601795257,0.3974242232863685,-0.2269978340970541,-1.5411520783657735,-0.4392490465971613,-0.0011864082608026,-1.3454504118815582,-0.0089815336821963,-0.2336323078609841,-0.5102514326165996
2017-03-14,HAL,50.05,50.15,48.5401,49.8,13128057,-1.3545109899554952,-1.353195562950029,-1.772577222085813,-1.5193642367361149,-0.7276932725646937,-0.5684013273876525,0.4682732219234388,-0.1796421314811115,-1.867695395373025,1.1927223673398926,-0.0011272152481544,-1.360383828667588,-0.0701522944055926,-0.4036980951126895,1.1028618264335934
2017-03-15,HAL,50.32,51.92,49.99,51.54,9992994,2.1422847852118867,2.101635600345327,-0.7930223903257981,-0.7395659784874383,-0.7046718483523793,-0.3964950600655305,0.2844152439332152,0.1965164861901384,-1.4662521105141144,0.3916248279250473,-0.0013271094360445,-0.6378693017680525,-1.3553153012243946,1.805423868377783,1.5295115321426596
2017-03-16,HAL,51.65,51.83,50.81,50.92,7336031,-0.7819285857198901,-0.7741205068286274,-0.9842864757977968,-0.8182899908975183,-0.7044039046888175,-0.3175371134479092,0.1778916364047711,0.1905781848814763,-1.444682708435325,-0.2705459983221861,-0.0011788054324986,-0.8208033628767354,2.142392693533113,-1.094134617982243,0.0781120074822975
2017-03-17,HAL,51.15,51.47,50.59,50.78,8131399,-0.2041689662606734,-0.195247877310222,-0.9689388845247484,-0.9865650346065798,-0.7032903915288187,-0.2521942748261364,0.1866496940095322,0.0759768005806949,-1.1220621052964073,-0.0448269677004987,-0.0011734713214297,-0.7649690732423156,-0.7825835257015629,-0.5728299527973878,-0.1470553663737659
2017-03-20,HAL,50.36,50.825,49.84,50.64,7763223,-0.2046408884593642,-0.195718506986634,-0.964657942492668,-1.131040360070239,-0.7015270847537751,-0.1982474463495403,0.221189948297786,0.0607644979564352,-1.006942729294052,-0.1202280515169752,-0.0011782152548124,-0.8347430451522319,-0.2046731843594736,0.3937489742631885,0.0297413910825397
2017-03-21,HAL,51.11,51.26,49.815,50.15,7672975,-0.6354138624494767,-0.6268105475137833,-1.121425589747296,-1.8502254942139111,-0.7128922717370749,-0.1888825005002704,0.263997804517553,0.0635826684363248,-1.1740402432246912,-0.1446455761091686,-0.0011804126672863,-1.078951946836939,-0.2051452296699222,-1.4454070175744431,0.8100228899361614
2017-03-22,HAL,49.87,50.31,49.36,49.83,7544858,-0.4302557040595803,-0.4211260544899769,-1.2045687672114973,-1.7635272080239155,-0.7277995851917428,-0.1905079163818114,0.3503729347501533,0.035572734399547,-1.06151303987947,-0.1741727099383343,-0.0011827976474566,-1.2384353112024618,-0.6360305806963378,-0.0869155363452478,-0.0024453876521074
2017-03-23,HAL,49.74,50.16,49.43,49.71,5620703,-0.1829250918140783,-0.1740658907302182,-1.1808538446258223,-1.7849627217969923,-0.7375307583842148,-0.1784849531574152,0.4170375012228182,0.0280867046622902,-1.1283566700329457,-0.6307186630961146,-0.0011990198399133,-1.2982415728395311,-0.4308189020830167,-0.0718845756799731,-0.3674488794290769
2017-03-24,HAL,49.2,50.62,49.19,49.41,9607359,-0.4087234872193484,-0.3995781632094589,-1.248965763415398,-1.8242295479122776,-0.7500989384632422,-0.1761689894659098,0.4996674608848597,0.0281118178235558,-1.128616751745367,0.325881825881495,-0.0011691894543701,-1.447757226932211,-0.1834237679597057,0.2961605809278871,0.8206863940084304
2017-03-27,HAL,48.6,48.77,47.52,47.78,14193715,-2.086843465085345,-2.1018138565035627,-1.949381184966615,-1.9446585299181207,-0.8164931049043923,-0.3128633808151634,0.7056410793552212,0.1944754468250936,-1.6637381976340246,1.3081438908869572,-0.0011368958873311,-1.768911731968068,-0.409281068068868,-1.3010586050024464,0.5890041449559634
2017-03-28,HAL,47.92,48.265,47.55,48.02,10606764,0.2797274604991367,0.2854505728753285,-1.6960927010655305,-1.5142673234689477,-0.8515456602288447,-0.3415461264139633,0.8062491876794148,0.1950937637701885,-1.6619556137564948,0.4022966466976549,-0.0013188772491817,-1.665166144323568,-2.087838822121069,0.1313457721013106,-0.3504093980951921
2017-03-29,HAL,48.0,49.515,47.96,49.22,10831220,1.522806643293446,1.5034739181093106,-0.94327388856958,-0.798719007160918,-0.8242925149378866,-0.2041185220776008,0.6265126596718132,0.2184315310646065,-1.638816828332721,0.403029845455973,-0.0013226840360074,-1.0716883706862514,0.2793494779109195,1.8939579886406808,1.0416512322890827
2017-03-30,HAL,49.76,49.82,48.65,49.02,11840212,-0.2859746594620089,-0.276883000319246,-0.9251653452619156,-0.8639867583017299,-0.8030049258201103,-0.1095316775035262,0.4990486414071675,0.1949914560970319,-1.489729876461548,0.5432406121011585,-0.0011526893232311,-1.1565539035397614,1.5227529464958591,-1.1498760568583646,0.3978398141023614
2017-03-31,HAL,49.02,49.52,48.91,49.21,6392574,0.2083141798110069,0.214743561599624,-0.7083500189627021,-0.7740688971996987,-0.7714600171191857,-0.0074600378130531,0.2990807650514017,0.2060940900262287,-1.4379302772693316,-0.6643101395327434,-0.0012897837261786,-1.0136785692993668,-0.286500218457081,0.2665198257363683,-0.5582427339432681
2017-04-03,HAL,49.46,49.66,48.81,49.28,6870682,0.0555644654811249,0.0632329136046334,-0.5559800479501764,-0.3960362300995557,-0.7369070890568327,0.0819398639937459,0.0233745518750579,0.2113951122351404,-1.4013654966069014,-0.5706623593802785,-0.0012941775364131,-0.9467086149782366,0.2079175674263052,-0.301272501701435,-0.1538293715747171
2017-04-04,HAL,49.3,49.69,48.7607,49.55,6288801,0.3081092760354761,0.3135292884577184,-0.3257181150887825,-1.177752419869116,-0.6926097895700404,0.1785416297400875,-0.2114826355612839,0.1999061990239799,-1.1157117874082534,-0.6885714016160883,-0.0012907088058792,-0.6995009426912454,0.055128004820814,0.3568060919469749,-0.0282833250949605
2017-04-05,HAL,50.25,51.2599,49.82,49.85,12281873,0.343944648160689,0.3489637823702092,-0.1302390558863191,-0.7509623065642966,-0.6400156095776851,0.2771790699308737,-0.2707712435643108,0.0138774009447121,-0.5798113483560805,0.6384598953498906,-0.0013381014871413,-0.1209975620130152,0.3077386974965085,-0.6277237959130633,0.8159479782973159
2017-04-06,HAL,50.2,50.45,49.8613,50.15,5773233,0.3416761986649198,0.3467213103715839,0.0472413168811111,-0.5106962344519949,-0.5815203885053976,0.3712782002390966,-0.3027565499158622,0.0144892040044383,-0.3810365221941444,-0.7172721088901759,-0.0012891453375779,0.1056511791762436,0.343583418102609,-0.1015673328869444,-0.6130035832300802
2017-04-07,HAL,50.33,50.5,49.5,49.68,6211456,-0.6164711701570215,-0.6077906001293456,-0.1679628450714775,-0.6526884102169359,-0.5490269494985754,0.3796293650598412,-0.3429369994293577,0.0316533930266205,-0.5223081401972298,-0.6042688388330305,-0.0011918972736558,-0.249431848686931,0.3413143768296237,-1.0020499177193982,0.0862296270492007
2017-04-10,HAL,49.94,50.23,49.75,49.97,5588115,0.3304264785784821,0.3355992179182063,0.0090714541021864,-0.2788817252729722,-0.5077061513585607,0.4090317673656832,-0.3858108611390626,0.0427956640730497,-0.4301491207366497,-0.7436696473455862,-0.0012875993417155,-0.0303380655373128,-0.6170829467669927,0.0190689828821704,-0.7907713183788985
2017-04-11,HAL,49.97,50.02,49.085,50.01,6766851,0.0168402887462422,0.0247638761037782,0.0246111380474288,-0.0946223220407891,-0.4696670067177727,0.4241067695957496,-0.3833857191337585,-0.0660270171950105,-0.1055457168042071,-0.4094584073851148,-0.0012979621111576,-0.0001182333787452,0.3300617219950034,0.0341611639026317,-0.033161464794313
2017-04-12,HAL,50.0,50.23,49.15,49.33,7357972,-0.879536045031969,-0.872452625205758,-0.2762569368222553,-0.3701620550145225,-0.462645588627031,0.3563276771982125,-0.5096000857459431,-0.3805434494345561,-0.7972261626646074,-0.23820972986325,-0.0011814083901376,-0.485300793887449,0.0163937259939304,-1.0387104720048983,0.2332884646685149
2017-04-13,HAL,49.19,49.42,48.18,48.38,6762440,-1.2319649387267326,-1.2288036038743346,-0.7130325961243565,-0.6333252647386995,-0.4905107502989786,0.2123069475300681,-0.5256996051273854,-0.322116004350342,-0.9000738816960754,-0.3785818206913994,-0.0011875873804889,-1.1575569315279508,-0.8802164481639806,-1.27040978077898,0.5447378072955041
2017-04-17,HAL,48.38,48.85,48.24,48.84,5248969,0.5589571865751368,0.5611462421657273,-0.4182821785531808,0.3628096545287586,-0.4905320927267655,0.1687598752093871,-0.5845514055428646,-0.2820797658605266,-0.7285621420244202,-0.7282481041750094,-0.0012846605276343,-0.7080622426228435,-1.2327372810401047,0.6920344448836475,-0.5504163614952455
2017-04-18,HAL,48.47,48.95,48.29,48.53,4703299,-0.4281637667322799,-0.4190322654133726,-0.5277968996261663,0.0732545223876818,-0.4986967264816715,0.1129615256604645,-0.6286954072178643,-0.2767051424248972,-0.7794165129770568,-0.8422412376125507,-0.0012045413339664,-0.9835960064215552,0.5586520474821219,0.067207424999093,-0.4579019520582109
2017-04-19,HAL,48.73,48.84,47.15,47.43,9432827,-1.4441611213215604,-1.4443546375351803,-1.043580972521854,-1.1257713504795523,-0.5438850228388399,-0.0269754241687895,-0.5195359174557319,-0.1763144887434586,-0.9640355676567612,0.339920669690393,-0.0011671994656848,-1.65483235276125,-0.4287264190257583,-2.0418577104813336,1.3782323298482948
2017-04-20,HAL,47.82,48.26,47.58,47.69,6425037,0.3082877383025121,0.3137058045808161,-0.8492359966695617,-0.8776949264311329,-0.564651794628772,-0.076064400203276,-0.4564014330800439,-0.1637193814328517,-0.7982057470086483,-0.4088474423589763,-0.0012927786367696,-1.4445383797363491,-1.4449888198888174,-0.2317061801072385,-0.4029870513368901
2017-04-21,HAL,47.15,47.66,46.78,47.06,13268858,-0.8554444310597518,-0.8481676303581267,-1.1181144821449602,-1.2223973108700654,-0.6006755835959908,-0.1546068806015209,-0.3329445754492376,-0.1323558767490495,-0.9504050572083892,1.1779442139594165,-0.0011374057819797,-1.6735368015258858,0.3079172063195309,-0.170529926558564,-0.0328887931854644
2017-04-24,HAL,47.22,47.98,46.63,46.75,11843609,-0.4431106122093606,-0.433993896185233,-1.216052943636441,-1.3592290061900398,-0.6357920658832777,-0.2151054731449072,-0.1901494893399456,-0.1312887659194675,-0.958131103098534,0.7937136400733932,-0.0011521526873894,-1.7951450314119246,-0.8561185493402489,-0.7783144124687618,0.8153105362114386
2017-04-25,HAL,46.88,47.22,46.71,47.02,8032493,0.3265690933037303,0.331785134514434,-1.0510890893026648,-1.359229006190035,-0.6472313702108549,-0.2025596987048322,-0.1239680626663371,-0.3956145084966095,-0.4010846858773483,-0.0465339313332841,-0.0013021845056713,-1.60129008527713,-0.4436771637311988,0.1993073809386161,-0.6873715761511753
2017-04-26,HAL,46.65,47.55,46.6,46.99,7921853,-0.0727183128296106,-0.0642963220148097,-1.0404865608571934,-1.5704222994464168,-0.6516619565342341,-0.1744827596623506,-0.0477128916649576,-0.4065235231256128,-0.4824945674532028,-0.0409567282257249,-0.001182767759919,-1.6030927808283597,0.3262033304325984,0.5243288286643752,0.0935838731860606
2017-04-27,HAL,46.6,46.82,45.1,46.4,12907572,-0.8146994293926539,-0.8071172375330437,-1.2858463919048702,-1.9181044341058284,-0.6723388856652882,-0.1938390151407797,0.084971772513984,-0.614299517708059,-1.0089249310562296,1.177971072867138,-0.0011471079035922,-1.1797595785944297,-0.0731882390026294,-0.3505731395261472,1.4980355342902665
2017-04-28,HAL,47.34,47.38,45.83,45.88,7352408,-0.7307154288116234,-0.7225895289647575,-1.4864680876709049,-1.9275554873309444,-0.7027852971050246,-0.2344704988081921,0.2547155495792582,-0.5907044065047187,-1.1082310396269692,-0.1564780507800617,-0.001190066040301,-1.4603768612564991,-0.8153629184024958,-2.3563885055290026,1.2242456663935133
2017-05-01,HAL,45.94,46.118,45.555,45.77,4640669,-0.1822633517884805,-0.1734061948563984,-1.4576016023799856,-2.1658150842833392,-0.7245869690449266,-0.2447242750854124,0.3940441504964125,-0.6095754970101108,-1.1941327177090335,-0.8393156854300906,-0.0012101004445284,-1.5197382095119374,-0.7313570086636211,-0.3058943366029539,-0.56617852541162
2017-05-02,HAL,45.82,46.07,45.085,45.3,7739714,-0.6723073304524486,-0.6638712598867337,-1.6112310163376289,-2.263368784795237,-0.7533738128192851,-0.2709070081620346,0.547998992746338,-0.6048280629715239,-1.3536065577281944,-0.0458292092166118,-0.0011889561078346,-1.765560177183061,-0.182761855304005,-0.8837353261371085,0.2208338555153979
2017-05-03,HAL,45.12,45.55,44.91,45.25,7261334,-0.1017135237344514,-0.0931576440458126,-1.527367359267483,-2.172712064999104,-0.7709643183825909,-0.2630340128087371,0.650154260638688,-0.6363511475688488,-1.4419908332419118,-0.1809227246524687,-0.0011932366740815,-1.70331230937905,-0.672933673208839,0.191363681212364,-0.4125802548625156
2017-05-04,HAL,44.7,44.79,43.7,44.6,13768684,-0.9273103938600036,-0.9206386445527166,-1.7490112349354252,-2.122572063722969,-0.8029265824735841,-0.2937282755720728,0.7578583939627223,-0.6492271927083861,-1.7142048327878452,1.4558683829372112,-0.0011505444238466,-1.4413375817645724,-0.1021910139750074,-0.195336204457441,0.4454818517061329
2017-05-05,HAL,44.6,45.71,44.535,45.58,11907085,1.3350056777690744,1.320987831010308,-1.0866435488523498,-1.7184964935081513,-0.7823659017280427,-0.1830905299357885,0.6906485106302523,-0.4379109296097329,-1.5058125688318331,0.8702098077859051,-0.0013198502838381,-0.962264360191979,-0.928003260029524,1.633789939218506,0.5571076390667186
2017-05-08,HAL,45.66,45.925,45.28,45.36,8283086,-0.3334955658618627,-0.3243542918047343,-1.093304582500631,-1.697895310367706,-0.7675776353413624,-0.1094384286165776,0.64616329513341,-0.4452391254386856,-1.4445682121772605,-0.0419362344155304,-0.0011875115831128,-1.036258167768056,1.3349029887709671,-0.5227146136697705,-0.4062521575355773
2017-05-09,HAL,45.37,45.5047,44.8,45.03,8453867,-0.4859315010439995,-0.4768771692744859,-1.144921589921788,-1.4936741517085614,-0.7617602277325802,-0.0736075836256363,0.5471794462366583,-0.4803142067243199,-1.61937918346516,-0.0350862678340017,-0.0011874721184377,-1.2042489652192074,-0.3340335217781581,-0.5924969994893678,-0.2870755428106484
2017-05-10,HAL,45.49,46.33,45.43,45.81,10051454,1.0454243266771794,1.0385434993018363,-0.5925610080294295,-1.1215247128699095,-0.7198506480108667,0.0479577220729454,0.3272884104208797,-0.3368859942554522,-1.4009004245585004,0.2993358958358285,-0.001307102329498,-0.8071798076073924,-0.4865092233793978,0.5051534700587997,0.0460210749972863
2017-05-11,HAL,46.37,46.37,45.56,45.61,7942140,-0.3048058553135588,-0.2956901816969547,-0.602360747143243,-0.9643620246754792,-0.6882703181502187,0.1186226553034907,0.1545018313311813,-0.3642912990172282,-1.2749970025859003,-0.1986835494150637,-0.0011906197708844,-0.771305104040665,1.045246093724439,-1.264603303538598,-0.1112516354321743
2017-05-12,HAL,45.72,45.72,44.97,45.14,8969334,-0.674550036130672,-0.6661248475158545,-0.7786318056279085,-1.025625885411292,-0.6756475212078429,0.1263582385029294,0.0902215879863369,-0.4266244092296649,-1.1510325602838332,0.0138975834507359,-0.0011849666102616,-0.969527277836811,-0.3053363268591103,-0.9847600196444596,-0.2066175543900627
2017-05-15,HAL,46.2,47.11,45.97,46.51,12600730,1.8565367742511885,1.826438100623412,0.0644233529734724,-0.4109511822384449,-0.6064322164825457,0.2782148458774724,-0.115625892322987,-0.1498702051608371,-0.8681251965952095,0.7313293526585345,-0.0013221755892682,-0.1020741909232475,-0.6751769639484118,0.4806326569320985,0.4514320553990588
2017-05-16,HAL,46.89,46.92,46.21,46.78,8862660,0.3284245143470588,0.3336197564738539,0.2683114672821902,-0.2772574567778058,-0.5364646774173645,0.4016363700185434,-0.3062935444709266,-0.1382844473349167,-0.6970764068959704,-0.1353210714713012,-0.0013002489568654,0.1106192255135974,1.8565701386327065,-0.2035546904931485,-0.3264241547572045
2017-05-17,HAL,46.53,47.11,46.215,46.34,8064530,-0.6185782683482909,-0.6099060030361441,0.0490317349815996,-0.2147616266162192,-0.4943291964807172,0.4287343508267265,-0.3772570422946675,-0.2446331849143256,-0.5049920029490306,-0.2944706027440189,-0.0011892419194292,0.0432233680065751,0.3280592355051732,-0.3348237328982066,0.0183021036852911
2017-05-18,HAL,46.05,46.87,45.67,46.58,9072318,0.2894452387708788,0.295066004990092,0.217877300595834,0.1244564576837748,-0.4480227848672816,0.4611486392343592,-0.4860860340953271,-0.2457358844694273,-0.5093110861221384,-0.1033906083053781,-0.001301720327391,0.3555296511602941,-0.6191905946432801,0.8432262533809991,0.5557141212655586
2017-05-19,HAL,47.29,48.035,47.04,47.78,13304604,1.5709035919481693,1.5501233125626444,0.8813872359858895,0.5831445266537995,-0.3616254104980563,0.5902735179433689,-0.3958393920108328,-0.109813347862457,0.0572216404529846,0.8014821995039402,-0.0013311296378514,1.2473386617550957,0.2890697912885934,0.7565207240159985,0.1442172243798393
2017-05-22,HAL,47.97,48.18,46.8627,47.12,9495468,-0.8929856778164958,-0.8860143610474452,0.4942238562417285,0.493256043566091,-0.3171695910790328,0.5856165804764888,-0.3680638319710486,-0.0691894984395219,-0.0512411567334935,0.0123025306676351,-0.0011775263218539,0.6563536562801509,1.5708624423456743,-1.3650494544693494,0.7385766475824165
2017-05-23,HAL,47.06,47.86,46.68,47.6,11837502,0.6012114696672705,0.6027590050489909,0.7507560773282939,0.646239193500198,-0.2617264513446505,0.6101722038522264,-0.3096831868607151,-0.0525859886955678,0.0136842310748235,0.4683155822009763,-0.0013221036593713,1.0125159638632784,-0.8936695895945065,0.8406185104852616,0.4746889960492843
2017-05-24,HAL,47.58,48.12,47.32,47.71,10366026,0.1108775730164423,0.1181401643014076,0.7921985056746473,0.993374051476774,-0.2127024821920731,0.6132938679788026,-0.2407898152086342,-0.0524960196712692,0.0575563691465706,0.1281096541749359,-0.0013142819299851,1.0941364926844108,0.6009173535756779,0.1801090916603522,-0.193866607980018
2017-05-25,HAL,47.59,48.3223,45.0,45.41,18438742,-3.0343267126540985,-3.083995586715109,-0.4892276007569224,-0.2442161490222519,-0.2630326467105684,0.3600553695539074,-0.2263450359406473,0.4318348727663699,-0.4808322088326366,1.7121342070534546,-0.0011120266901742,-0.6515361260049355,0.11045554205221,-3.487188407333379,4.506084958188723
2017-05-26,HAL,45.43,46.04,45.25,45.76,9938793,0.4468611056931245,0.450616343421588,-0.2863891611121437,-0.0608865567046507,-0.2875269025684521,0.2239657549511781,-0.2240930388183685,0.4220337279723034,-0.205889895270869,-0.0455390315649875,-0.0013099809701365,-0.3998294998437431,-3.0355692424832377,0.52248576265971,-0.1525284715516237
2017-05-30,HAL,45.36,45.43,44.95,45.15,8476193,-0.8629218051612465,-0.8557040052313261,-0.6166991251427729,-0.1516949732851314,-0.3288510607981845,0.0717741842841501,-0.1970571508278588,0.4552599162920053,-0.3664208147198872,-0.3715854376749594,-0.0011839112226121,-0.8385181911532475,0.4465267237596546,-0.3760933340049232,-0.7053081195005416
2017-05-31,HAL,44.66,45.59,44.27,45.19,9938243,0.0221605793169168,0.0300505297611007,-0.5908072027493881,-0.3980042686340651,-0.3576004727497731,-0.017611891798949,-0.1907488349183376,0.435536795384382,-0.2031396527375382,-0.103898991582822,-0.0013102180620817,-0.8097517195919692,-0.8635978740867274,0.8702899456758375,0.8430627810349228
2017-06-01,HAL,45.3,45.88,44.82,45.49,9067163,0.3803124599262492,0.3849040385314623,-0.4264641462988335,-0.2289877868160581,-0.3660543922241877,-0.0368805044082772,-0.2024196420017901,0.4434239219673329,-0.0895814384553734,-0.289274900605145,-0.0013058365147108,-0.5940031828823735,0.0217154044847456,0.29056731626438,0.350670181255694
2017-06-02,HAL,45.09,45.5,44.62,45.3,9598250,-0.2930318118960685,-0.2839304838569087,-0.5544308936090254,-0.1339182255132854,-0.3775754391845923,-0.0601901278452581,-0.2604170989702069,0.4026883873564365,0.0630294328619781,-0.1486283492181868,-0.0011743281296404,-1.0363734898949322,0.379960717248181,0.3255547040511076,0.0276596788423885
2017-06-05,HAL,44.77,45.54,44.77,45.32,5920049,-0.0055090507785917,0.0025509054845969,-0.5357456220219574,-0.6752917691647401,-0.3831977142791197,-0.0636544893571631,-0.2481319916582887,0.3060182546650478,-0.2512527916340757,-0.839820191317528,-0.0012838707301807,-1.0199670958103726,-0.293559211911639,0.9018380579963812,-0.1753384272962104
2017-06-06,HAL,45.29,46.22,44.975,46.0,9345497,0.9011492680478828,0.8973419112563382,-0.166394206558354,-0.4905921882568818,-0.3584556649737603,0.0117312697284594,-0.2677261864954945,0.3455841374615504,0.0397406801755303,-0.1530408118318212,-0.0013086660197996,-0.462149696935438,-0.005961443870063,1.1580898846484675,0.6643145714654415
2017-06-07,HAL,45.71,46.01,44.01,44.4,16379281,-2.1984929995239937,-2.2167456522953484,-1.0603623967189697,-0.8400201114280736,-0.3989141274250975,-0.0957851178630552,-0.2033892815081275,0.5761973071910425,-0.3729516598295604,1.1438438497093175,-0.0011242954248835,-1.5806672080396331,0.9009333976283552,-2.191550385031275,2.162768854219288
2017-06-08,HAL,44.0,44.6,43.905,44.13,10363849,-0.4115922170295346,-0.4024485483670961,-1.1682817408656565,-1.0083671743597906,-0.4382480595165144,-0.1789037061481896,-0.0796174310479258,0.5158976513498763,-0.7060799444915654,-0.0300328652941248,-0.0011708497746595,-1.7119819680253836,-2.199517482908265,0.1969046325740685,-0.2787950717981837
2017-06-09,HAL,44.23,45.26,44.18,44.85,11389377,0.9827707142330598,0.9772641394776046,-0.7359939981636492,-1.2253631708669734,-0.4377346373952892,-0.1428321729898278,-0.0425699902399884,0.5725649295002522,-0.4121991078785963,0.1331865366239325,-0.0013196853463514,-1.17015535290787,-0.4121505462531944,1.0327408038705164,0.415546288094391
2017-06-12,HAL,45.39,45.63,44.675,44.92,9591583,0.0641736921746212,0.0717821707389039,-0.6898434626544345,-1.026471825348775,-0.4312972658238567,-0.0987268025568156,-0.0295076271058016,0.554596696539931,-0.2390551706706662,-0.2158955648939426,-0.0013093840630873,-1.117477765327,0.9825761366447332,-0.8086328986276936,0.1805042511881565
2017-06-13,HAL,44.98,46.1776,44.8,45.84,12214166,1.2421017863938073,1.2305139421168405,-0.1448585521930868,-0.8229374354020078,-0.3872209203682974,0.0334395646268825,-0.0403690380280029,0.4558800417602294,-0.3790441003748372,0.2882691143896046,-0.001329704825126,-0.4251437571212858,0.0637394774290707,1.4182040191321688,0.9132652710473398
2017-06-14,HAL,45.69,45.69,44.19,44.83,13733054,-1.40473727066,-1.4042506916835458,-0.6679720333442886,-1.123535048308053,-0.3892484121686244,0.0205021749370101,-0.0335073339635641,0.5302633872800652,-0.779678137416248,0.5193382515263011,-0.0011417290455727,-1.185206092216692,1.2419748612792207,-1.4483899856982003,1.197239310999902
2017-06-15,HAL,44.4,44.71,43.86,44.08,8839788,-1.074564816728564,-1.069398324667019,-1.0353704456909891,-0.7094061221660973,-0.4172581840059316,-0.056725678355121,0.0447196814873906,0.5608127986292354,-0.88373939924782,-0.3999806175473436,-0.001179991442637,-1.717414221451265,-1.4055546846092224,-0.5708339213805083,0.0157480225416177
2017-06-16,HAL,44.38,44.38,43.73,44.27,10776828,0.2353575668559707,0.241528992462918,-0.8616950893426485,-0.7846695932584452,-0.4287325380682674,-0.0759460802869042,0.0756925650392338,0.5584695203364701,-0.8958137764060096,-0.0552816190142473,-0.0013174795522356,-1.4904184723303808,-1.075296097600546,-0.2135787493145267,-0.3676609560107737
2017-06-19,HAL,44.3,44.42,43.62,43.97,8613823,-0.4548937446458658,-0.4457912334066127,-0.9281565947393576,-0.6814505488058749,-0.4461855261828382,-0.1067113029628988,-0.017380111964505,0.3962222246805066,-1.3385894165374257,-0.4196868750001603,-0.0011812904996433,-1.6338784316131156,0.2349680093606684,-0.589117659273446,-0.0750016941467479
2017-06-20,HAL,43.29,43.565,42.44,43.4,11237583,-0.8400708980480518,-0.8326756725734923,-1.154546483496416,-0.8838624013420282,-0.4786286608358361,-0.1699078602440009,-0.0079008190697066,0.3929654139482094,-1.3269413853713294,0.0580580359272012,-0.0011643173955105,-1.3387914757372068,-0.4554633700687645,0.1656607272154341,0.5690094315750456
2017-06-21,HAL,43.15,43.21,41.95,42.23,18500659,-1.7113809249258205,-1.716871105001769,-1.6875368855365742,-1.324368674398302,-0.545790769941727,-0.3098311486368418,0.0469498107968579,0.4452985024650213,-1.824341884870189,1.3132673800055683,-0.0011171966968893,-1.735237654843965,-0.8407410057889337,-1.6371541487139851,0.8952847327871271
2017-06-22,HAL,42.25,42.56,41.9,41.9,11881201,-0.5195021376415812,-0.510517495877435,-1.720974788717241,-1.3538505811557842,-0.6067069826236997,-0.4056929494766527,0.042745492848777,0.4318598830382141,-1.955966840753704,0.0974006967783996,-0.0011655920036635,-1.881302785249608,-1.7122783339238232,-0.6521893273318666,-0.2785561884419837
2017-06-23,HAL,41.9,42.02,41.3636,41.5,19487568,-0.627344849720705,-0.6187079121228644,-1.8488300462205027,-1.4423634057951698,-0.6647589841886922,-0.4750099600396866,0.3019458076510224,0.0329814796968243,-1.432053224029347,1.4521222663854778,-0.0011196413567062,-1.787937666703532,-0.5200886176495247,-0.7475746430786525,-0.2731325742064971
2017-06-26,HAL,41.84,42.0,41.48,41.7,5517149,0.2670426918812167,0.2728971511757954,-1.6175976974331645,-1.6795275048532616,-0.6965611044518538,-0.4628968259008085,0.4415807364392849,0.017912554787179,-1.470523082677518,-1.0345558878664562,-0.0012760711566894,-1.6510386659028344,-0.6279594629800412,-0.2791188912577008,-0.5520613857878303
2017-06-27,HAL,41.83,42.3,41.47,41.53,7244070,-0.286805788249743,-0.2777129487187106,-1.617197424490117,-1.3850582267703588,-0.7218303003929204,-0.436390683846412,0.5954866124050311,-0.0020637891796685,-1.3450031790903345,-0.7110818983104116,-0.0011983707153603,-1.767402816583427,0.266661400179407,-0.5681653566910976,0.0742892268148192
2017-06-28,HAL,41.6,42.41,41.54,42.01,8331781,0.6865767476855416,0.6867430075779856,-1.240456810883765,-1.0470114329517997,-0.7164035036407832,-0.3361748134302921,0.6591341737775936,0.0500282159379266,-1.2009628419085494,-0.4996099993082129,-0.0012929024472032,-1.4388452146617596,-0.287331564063872,0.7183044086596446,0.1346115325440682
2017-06-29,HAL,42.2,42.97,42.13,42.42,7879788,0.5746163200622543,0.5765708947713473,-0.9061956628042184,-1.2162184593324112,-0.6897124831325857,-0.2012683712047278,0.644656470529074,0.0674243169074658,-1.1586334021486866,-0.5754053847928886,-0.0012910538443674,-1.1582022630203308,0.6863049010897765,0.3675553149108841,0.0589901440830729
2017-06-30,HAL,42.8,43.06,42.3,42.71,7160773,0.3926246753497074,0.3970667808816725,-0.656012905324,-1.0946329357776574,-0.6513344854272902,-0.063261139305762,0.6076384036998116,0.0905496512585339,-1.00717150274823,-0.6942580107320683,-0.0012874213409372,-0.9596987118593224,0.5743152660143063,-0.1851871271266073,-0.1083210195379062
2017-07-03,HAL,42.94,44.01,42.73,43.72,5754768,1.4392731649455903,1.4223708898323926,0.0003331375968515,-1.0470114329517997,-0.5762242442274168,0.1416928086370149,0.5334823320464814,0.2408577656576608,-0.6859782566269216,-0.9584852053862,-0.0012792305143348,-0.2683587578158104,0.3922761445961636,1.346072653271316,0.848664657834499
2017-07-05,HAL,44.07,44.07,42.53,42.86,9475855,-1.2576509435269383,-1.254855823372127,-0.4247147993535165,-1.003076187722855,-0.5459474762172044,0.1902553787920407,0.3725677129237672,0.2377150990282701,-1.1699935907474155,-0.2575209794311409,-0.0011817698816004,-0.8480029820445908,1.4391976765192442,-2.1006905023900826,1.4031913381366747
2017-07-06,HAL,43.1,43.42,41.86,42.02,9338625,-1.2531722329445032,-1.2503124690770633,-0.8631320389424199,-1.0296564025649615,-0.5503635404674247,0.1398066819014667,0.3903621678605345,0.0705735269591228,-0.9547289283986874,-0.2236013115370773,-0.0011839427710891,-1.4280429678052229,-1.258429986625337,-1.9194935339939831,1.5027203714342487
2017-07-07,HAL,41.85,41.94,41.03,41.78,10193165,-0.3885869283363039,-0.37943372924496,-0.9397052198378312,-1.1981464340927184,-0.5585659931538488,0.0897016257354394,0.4259315279140301,0.070001596216162,-0.9495615037146866,-0.0553657963985011,-0.0011798953874897,-1.3969729707570535,-1.2539501076682542,-0.1526875176701989,0.2239030479095904
2017-07-10,HAL,41.51,42.51,41.43,42.32,6132124,0.7716794057092394,0.7703554015380031,-0.5353191020547768,-0.8363380946591413,-0.5392939502666172,0.1203364594463365,0.3564145530894197,0.0418684179686799,-0.995948973824385,-0.8165904050071444,-0.0012796605055458,-1.048255504322415,-0.3891392561013794,1.4479534077091445,0.5355222230778722
2017-07-11,HAL,42.35,43.17,42.19,42.71,5400893,0.5407429603614715,0.543199921391717,-0.2301224671734215,-0.4663476410661378,-0.5045519998499509,0.1846636020873129,0.2455003128657686,0.0711571015440295,-0.890034261278598,-0.9400633678938458,-0.001275693339092,-0.7964040007862868,0.7714297600988371,0.6159182226464458,0.3209692871201214
2017-07-12,HAL,43.51,43.68,42.6,42.78,5692252,0.0690424169085081,0.0766164587428096,-0.0935697746856701,0.0711250596714349,-0.4705359538310406,0.2342568507764354,-0.0624106485646871,-0.0579205216852446,-1.14786179975916,-0.8408005664540911,-0.0012778908799404,-0.6329513495147648,0.5404330696686951,-1.293905683631957,0.512652909957854
2017-07-13,HAL,42.7,43.85,42.67,43.77,8674818,1.407757980407695,1.3917450343138955,0.5477773513865377,0.6106871540149978,-0.401681720938654,0.3636043430140782,-0.1954634720056812,0.0049410206205594,-0.5147386603852073,-0.1604023329563054,-0.00129701362961,0.5937671638244251,0.0686094722817655,1.8669014847824743,0.6554710243951801
2017-07-14,HAL,43.9,44.415,43.81,44.22,7946901,0.6070797365772658,0.6085359666503902,0.8200126997637615,0.9657971770497176,-0.3273271278967579,0.481240169142446,-0.1785535700567832,-0.03261331014068,-0.120831828738105,-0.3101585849149768,-0.0012934496920496,1.2467618473290194,1.40767427052074,0.5244026120463238,-0.4510882629193875
2017-07-17,HAL,44.15,44.52,44.0,44.11,6880522,-0.1878667830979111,-0.1789925390985471,0.7574701890894517,0.8476284519525387,-0.2712984763163876,0.5281781721972041,-0.1984448996856535,-0.0354474288516179,-0.2205568666528879,-0.5105917965613275,-0.0011979585629255,1.0523588581093808,0.6067871513580432,-0.094766639335203,-0.6088426746616317
2017-07-18,HAL,44.41,44.41,43.655,44.0,8182316,-0.1882529944197235,-0.1793775912774461,0.6888816255938416,0.8828245804484465,-0.2302662592324365,0.5271280104050776,-0.1952001929391855,-0.0454863661255923,-0.1574565611399761,-0.2160779663540317,-0.0011903363053494,0.9475852279894172,-0.1883667483973489,-0.7238223359433716,-0.1612705197067633
2017-07-19,HAL,43.97,45.82,43.92,45.58,12052226,2.2026334853063405,2.159599967611125,1.5889877039825224,1.1441746727215114,-0.1356979337471324,0.664088902392951,0.0897834388415319,0.1894502173552376,0.5702345237890231,0.6364930199348362,-0.0013184226153249,1.2763226835110062,-0.1887530604712659,2.740078129799411,1.8827356081808768
2017-07-20,HAL,45.89,46.06,45.06,45.38,10591737,-0.3061774274245721,-0.2970602279320085,1.3642697422279897,0.9466037719677348,-0.0695177627812596,0.700586994941391,0.2734750487634982,-0.0102567057479285,0.928015140809805,0.4188377674260384,-0.0011743038077759,0.9934864171111972,2.202757136973763,-0.8659637600905873,0.2451868803275625
2017-07-21,HAL,45.36,45.61,44.12,44.38,11819179,-1.404922827947656,-1.4044393891638205,0.675151273411925,0.3974810250123927,-0.0574589200434688,0.5904781017989026,0.2874628685824432,0.1143455144162204,0.7017985349048943,0.705255510402841,-0.0011682127472311,0.3326153361087137,-0.3067082567762493,-1.658608205556106,1.2067355897932446
2017-07-24,HAL,45.05,45.2999,42.02,42.51,22394865,-2.65630677136044,-2.690261888749713,-0.4945575308328434,-0.5744134116419705,-0.1217894560243871,0.3057660414767184,0.2175785943710405,0.5010580061161901,0.1899547373599914,3.0797321676177387,-0.0011052443153376,-0.903213585365934,-1.405740290303764,-4.286062040479323,4.838920367629884
2017-07-25,HAL,42.89,43.705,42.68,42.69,13843568,0.2306230289253359,0.2368404520846961,-0.4147994517090927,-0.2474381362908879,-0.1654764855548438,0.1311324234524384,0.1555122422802988,0.5003327886979034,0.1811965280606785,0.9806241166561132,-0.0013236732919731,-0.784256790785487,-2.657450685994962,-0.3786214478491002,0.4097157036634679
2017-07-26,HAL,43.04,43.77,42.32,43.32,11246818,0.8857803360559267,0.8822813856323665,-0.0863089301311776,0.2691823303389653,-0.1749837598228132,0.0794036306873204,0.057498019944393,0.5261663055292329,0.4655334918433392,0.3611808611662684,-0.0013104627403594,-0.3679080097539207,0.2302322363169391,0.4651913451707674,1.1982477941545695
2017-07-27,HAL,43.5,44.39,42.54,43.09,10452311,-0.3635442569176455,-0.3543904042906153,-0.2584175411579565,0.2732596745543445,-0.1910638131917671,0.0211023762171553,-0.0002596004306515,0.517856959222938,0.2100872845124971,0.1664518327408138,-0.0011781654816152,-0.5199083583844899,0.8855604562970657,-0.7384138362751138,1.986782143668528
2017-07-28,HAL,42.77,44.0,42.7099,42.93,8895558,-0.2641700045224108,-0.2551132863200227,-0.3706585725727693,0.0365180439265987,-0.2093867320138589,-0.0313117244252879,-0.0250847949928484,0.5077639360090316,0.0090940133789153,-0.1727507091932867,-0.001189026927037,-0.6256477313448898,-0.3640900517260013,0.2563181376110315,0.9131727788473756
2017-07-31,HAL,42.82,42.9,42.16,42.44,8185424,-0.743604903389543,-0.7355549555138465,-0.6593530422421373,-0.2875700203990463,-0.2420974274022082,-0.1102768941407514,-0.0098511205072488,0.5260019234832556,-0.2603209761692516,-0.331286409259474,-0.001194249697324,-0.9494745610361082,-0.2646898752718229,-0.696790123039997,-0.1381609442467057
2017-08-01,HAL,42.5,42.565,41.68,42.45,14301533,-0.0183263829436447,-0.010191815759132,-0.6155603115047971,-0.3103789157954814,-0.266254259199605,-0.151431532281481,0.0116167037852509,0.4087314084511128,-0.5940990423087613,0.8217978410347377,-0.0013259233173687,-0.9428658502260798,-0.7442498457573901,-0.1152010039845571,0.1461710448443673
2017-08-02,HAL,42.13,42.95,41.81,42.85,9983325,0.5536521312576407,0.5559197535519599,-0.3726240917333202,-0.5543142115076434,-0.2682602724998844,-0.1273394173003026,0.0119248337952719,0.3548485979035733,-0.1709035828249432,-0.0485915062537618,-0.0013025930871439,-0.6785174178250873,-0.0187821197309581,1.2648604089255675,0.6259124938141674
2017-08-03,HAL,42.77,42.85,41.76,42.03,7944770,-1.2243983942496997,-1.22113127013073,-0.8703279483331077,-1.0173141725980483,-0.300355498002165,-0.1855148395490996,0.011030367521036,0.3511078265632197,-0.1639818165576282,-0.4450691821772812,-0.0011940016648644,-1.220431704247124,0.5533456082189514,-1.3335019850081629,0.5700260052724145
2017-08-04,HAL,42.0,42.11,41.55,41.99,6534104,-0.0922470899216265,-0.0837334434266942,-0.9007712411115996,-0.9981087303463382,-0.3253115710770229,-0.2136791218977133,-0.010055611584379,0.3439841811320653,-0.0936575289648695,-0.7046048816665902,-0.0012033409773247,-1.4792419513472743,-1.225168762655945,-0.0443050711308962,-0.4798478055334539
2017-08-07,HAL,41.77,41.86,41.0837,41.45,7546654,-0.8336471563937408,-0.8262035958411159,-1.20295846257414,-1.110873795921364,-0.363843458068554,-0.2711544590957079,0.0746035118513687,0.3408426605323313,-0.4693979818715709,-0.5080334711901048,-0.0011978763416892,-1.636613418216834,-0.0927221106252327,-0.6051188312316728,-0.030467228737088
2017-08-08,HAL,41.2,41.83,40.71,41.03,9244666,-0.6638374362821682,-0.655361008262105,-1.409433446367149,-2.1068968738325284,-0.4079037006852067,-0.3313646210646517,0.222058535146268,0.3333247364434069,-0.745173114330337,-0.1981223219927314,-0.001188662030637,-1.6824732353465053,-0.834315588353892,-0.3380593537012002,0.6836398408737705
2017-08-09,HAL,41.18,41.38,40.75,41.29,6396729,0.3615223520160581,0.3663374400597144,-1.2078573167829465,-1.898326322876971,-0.4293363143838947,-0.3212896233308913,0.3224308798650744,0.3445911473905331,-0.679000062904253,-0.7712689989424582,-0.0012793914137057,-1.520924226050236,-0.664461569471891,0.1754973483113002,-0.3197147612222319
2017-08-10,HAL,41.32,41.33,40.36,40.51,6988607,-1.209098470973502,-1.2056203399406389,-1.5893471508783965,-1.8584791444498463,-0.4732599011125469,-0.3711210025495634,0.4874044891364749,0.2586529548498275,-1.2613346474462506,-0.6418422867081777,-0.0012020952046159,-1.7938243237379643,0.361165707506245,-1.5073655823158976,0.4042483889334761
2017-08-11,HAL,40.3,40.74,40.0,40.02,5519611,-0.7860554944045295,-0.7782748943185885,-1.7686634760977544,-1.5351487033176512,-0.5230209982043448,-0.426011757108743,0.6494642772914841,0.22552020031335,-1.5624002418211909,-0.9231122347151994,-0.001211094770533,-1.8703318890864296,-1.2098648480429244,-0.5512421053193907,-0.0502885218112769
2017-08-14,HAL,40.05,40.2,39.75,39.91,7282298,-0.2041200841522527,-0.1951991292868317,-1.7150467901449205,-1.7114850549499716,-0.5620038546169539,-0.4421813547911214,0.7826962350440473,0.2252621286850974,-1.5658788535222112,-0.5680643984467987,-0.0012014686114399,-1.7970129205917968,-0.786711510985235,-0.2904176725141692,-0.6516249097243179
2017-08-15,HAL,39.83,39.9,39.25,39.55,7691316,-0.5945819488268972,-0.5858193808353913,-1.808816215662577,-2.3627605992792726,-0.6018247547186547,-0.4572741429661465,0.9222665855060224,0.2273391806146309,-1.6528211623632143,-0.4813057145915718,-0.0011997900760066,-1.7348630699437726,-0.2046242894990307,-0.5574363059369901,-0.2216258338397427
2017-08-16,HAL,39.69,39.96,39.13,39.32,6662680,-0.39505289828995,-0.385901513591691,-1.769496098500561,-2.3627605992792726,-0.6367905149955656,-0.4568513271765214,0.8404747773257867,-0.2082351485008349,-2.1845414513541903,-0.6526257855427388,-0.0012060962229928,-1.7901636088983717,-0.5951880151301209,-0.7306289849532048,0.1679058342363865
2017-08-17,HAL,39.2,39.36,38.55,38.69,8145354,-1.0305180070421542,-1.0248637849382725,-1.969081759658551,-2.4278395527567214,-0.683116773912788,-0.4857548024783698,0.7777631958120673,-0.191352613735982,-2.3325940999486083,-0.321165327856563,-0.0011985314757977,-1.815384171192674,-0.3956069128519791,-1.009260694523988,0.1534705163029021
2017-08-18,HAL,38.66,39.45,38.181,38.99,8868248,0.4497491430318759,0.4534665074034774,-1.6196906210819373,-2.074911578111219,-0.7016321398569981,-0.4372928229611375,0.7378136843118887,-0.1916968524912022,-1.9511746041485432,-0.1388186826819434,-0.0012900532042257,-1.503538964463954,-1.031237797290931,0.6185900477733264,1.1211549480344445
2017-08-21,HAL,38.93,38.99,38.55,38.74,5084521,-0.4321883840274536,-0.4230605081610836,-1.6657687424121037,-2.130585719990225,-0.7195462666351053,-0.3969756600839034,0.86975028913876,-0.6125893503609837,-1.469953818311871,-0.8410743250931281,-0.0012150932668508,-1.5820247244619825,0.449415514509359,-0.3950511817430931,-0.644757609145549
2017-08-22,HAL,38.86,39.03,38.65,38.66,6032763,-0.1615619439264221,-0.1527722832796472,-1.5955266122303002,-2.513935332714716,-0.7301709748321499,-0.3459590918389973,0.9582542470153954,-0.639731504421792,-1.5539092420275131,-0.5482880690097749,-0.0012102659077452,-1.6248552161668328,-0.4327520862349034,-0.4151574420561987,-0.7721431818744906
2017-08-23,HAL,38.56,39.28,38.52,39.03,4623469,0.5628517033133872,0.5649828011685579,-1.2268288734833015,-2.007762152832312,-0.7174553108134835,-0.2450681209553598,0.9036910541713268,-0.7082579995803857,-1.6218928646177788,-0.8491927173690015,-0.00126728552263,-1.4267641920319096,-0.162055047003657,0.8945687973150303,0.0315060516731731
2017-08-24,HAL,38.97,39.0,38.565,38.79,7345872,-0.4158279415825492,-0.4066869603704716,-1.248887320374089,-2.052332822265853,-0.7103312895531075,-0.1787481364503108,0.8509445921336196,-0.7078962986413196,-1.6330643929448057,-0.1070485700990726,-0.0012033118780033,-1.5334033942369796,0.5625475801946216,-0.3752855354295163,-0.6567202956573245
2017-08-25,HAL,38.93,39.3709,38.84,39.01,6167208,0.3201044532021552,0.3253925376862172,-0.983705204715912,-1.7057080546475083,-0.6897720890920048,-0.0911102288650417,0.7510237117750312,-0.6645615804151345,-1.5085268940849808,-0.3884001020762235,-0.001275321436606,-1.303457011598984,-0.4163873757923632,0.1289401358352941,-0.4571105649894206
2017-08-28,HAL,39.07,39.18,38.28,38.79,7348340,-0.3841052009519107,-0.3749511406635655,-1.0121407593811207,-1.642726026680398,-0.6760401826163314,-0.038573239986082,0.6863595194504878,-0.682006243423178,-1.4305755769971005,-0.0602477785322278,-0.0012033882033054,-1.456805709069595,0.3197370038809922,-0.5677677882472696,0.3423387265572116
2017-08-29,HAL,38.66,38.79,38.34,38.72,5120540,-0.1453462009506532,-0.1366142126177451,-0.9398040363111504,-1.9297431543219823,-0.6619777146122225,0.0043072108007888,0.582629664695467,-0.6878803971033777,-1.4579558590982662,-0.5714126104273715,-0.0012156918301241,-1.505598476446608,-0.3846563595553364,0.0909391943504821,-0.6227446980776951
2017-08-30,HAL,38.61,39.041,38.38,38.67,4481885,-0.1133912361025447,-0.1047852344356125,-0.8391573785775609,-1.6866134408742992,-0.6470383730352091,0.0408686289119004,0.3540287382263173,-0.7642920174856542,-1.6001438572195958,-0.702586328041885,-0.0012192894827894,-1.5331501247635526,-0.1458350737784363,0.091091040692369,-0.1667490884163484
2017-08-31,HAL,38.9,39.15,38.6,38.97,7303673,0.4499988172941267,0.4537129013076372,-0.5417543764657533,-1.0909531654816256,-0.6179647744996336,0.1064990974963333,0.1815193039395401,-0.79317140961377,-1.2367332315620716,0.1525389844448765,-0.0012805535423139,-1.2137590761526034,-0.1138717727429121,0.1096378183287683,-0.415099301409963
2017-09-01,HAL,38.99,39.3,38.81,38.9,5199470,-0.1448272625769864,-0.1360971895055574,-0.4871927760840631,-1.0668298979415718,-0.5925442903017746,0.149600418945555,-0.0429345858154109,-0.7948915279630667,-1.2482447042180416,-0.4646671169795658,-0.0012153947489552,-1.2316462140560347,0.4496652539048826,-0.2007115409659736,-0.5415290140844817
2017-09-05,HAL,39.28,40.16,39.25,39.83,16731549,1.4554351876341096,1.4380709609935372,0.1859998441229934,0.0193406482757238,-0.5313684915468665,0.2761150402607934,-0.2279599754485746,-0.5575601335071495,-0.741474783722802,2.7104701959609185,-0.0013297470008897,-0.3790897528454769,-0.1453160000277613,1.0315623146815105,0.3127730590252617
2017-09-06,HAL,40.22,41.19,40.18,41.01,14240562,1.811454980004345,1.782908907877596,0.9733003343304468,0.8251494206694185,-0.4331496464800932,0.472674900837935,-0.2312812058791925,-0.2872158852420268,-0.1746358819665111,1.8652777285858717,-0.0013191872954748,1.0584001123511433,1.4553639154430429,1.457669283973132,0.4612064045430456
2017-09-07,HAL,41.0,41.42,40.68,41.31,8303663,0.4224394909540054,0.4265097437019952,1.1725905536930563,1.496508944624454,-0.3412660520657085,0.6136159631793026,-0.2273916649470587,-0.2833738077257995,-0.1603630967129483,0.2062549835171617,-0.0012885670816121,1.329985893557915,1.8114765837631344,0.5449286540172535,-0.0984109046266146
2017-09-08,HAL,41.24,41.26,39.86,40.29,9178227,-1.5702315368437665,-1.5727745019139483,0.5001489303088263,0.5337127586002818,-0.3067504955681022,0.5787044710233099,-0.2503525073329222,-0.2117979368670636,-0.2472360436164728,0.4072899410766002,-0.0011911689773114,0.2831612043972635,0.4220987380807323,-1.7667189733193591,1.3046106452467905
2017-09-11,HAL,40.43,40.77,40.19,40.63,10529778,0.4923882396367322,0.4955311796661391,0.7058840811290301,0.8441650460232483,-0.2646610459075676,0.5702703479182363,-0.1928349155149638,-0.2364389181272924,0.0563810014662305,0.678160293164292,-0.0013007601211521,0.6321027674508163,-1.5710921237780222,0.3474246569637114,-0.4016192880319189
2017-09-12,HAL,40.67,41.51,40.46,41.26,6736876,0.9323636326584718,0.927918630255296,1.0786156643170393,1.1006825992746292,-0.2058342175574936,0.6066047740535172,-0.0489657939209364,-0.1848350197258158,0.3293118713785767,-0.2963658497592048,-0.0012806430989515,1.1932406072963335,0.4920657345030915,1.069713772348674,0.5295656335239083
2017-09-13,HAL,41.36,42.245,41.26,41.8,10385095,0.7818207346805413,0.780311616919072,1.358749338605764,1.146778333428082,-0.1380660915287972,0.6586870612655166,0.1613930751769496,-0.1879918844662312,0.6680410380561803,0.604358284212288,-0.0013019960229419,1.0788874175073766,0.9321559052237572,0.7774258444695481,0.3725695525033723
2017-09-14,HAL,45.64,46.67,45.56,45.87,8005280,6.028970766020405,5.728198083417845,3.808466119203653,1.9096580407322497,0.0732772189253534,1.0699129441546755,1.2221176192365826,1.3726498146159505,2.2790362584542185,-0.0197331148155472,-0.0012894075597246,1.129609199836424,0.7815737346690107,0.354422068490448,0.4254267804311295
2017-09-15,HAL,42.09,42.34,41.86,42.31,8173031,-4.864882101367349,-5.026886533621799,1.3409703478588135,0.5431735506739319,0.0978383116122401,0.9181194373170806,1.2933232140723223,2.2020075206612506,1.2066587250452718,0.0223324110989527,-0.0011942154952693,-0.2644403081498238,6.0300926057577975,0.3685846783044267,-0.6458355407168699
2017-09-18,HAL,42.4,42.91,42.105,42.62,6479032,0.4231606958884785,0.4272217803057248,1.4181517244874546,0.6550435454224252,0.1263507672831881,0.8068553721467845,1.380875957766311,2.201753074853284,1.1998524873626832,-0.3811412245363555,-0.0012804908786785,-0.1617619184438379,-4.866602173665012,0.3656974287516131,-0.0171945784883871
2017-09-19,HAL,42.82,42.925,42.3699,42.81,7023888,0.2445503465477902,0.250631447575153,1.4016600075158268,0.704323168007242,0.1529652358978163,0.7129587340006975,1.4368627321948866,2.1865337764695414,1.3754826925082362,-0.2632179168706653,-0.0012842334797171,-0.0864824795744587,0.4228201311580974,-0.0439605922278937,-0.5106765979781771
2017-09-20,HAL,42.9,43.78,42.86,43.61,12057125,1.1304337630417969,1.121591475911604,1.7485872938609248,0.8331477214124242,0.2015227301433723,0.6943223937170925,1.5285213357542908,2.1976006531952463,1.712978821517996,0.901701892512508,-0.0013150723071125,0.2304835788229172,0.2441631872004672,1.2240742991205495,0.1668414400547807
2017-09-21,HAL,43.5,43.7,43.11,43.48,9634317,-0.2185852399059819,-0.2096262817245152,1.5124210701800584,0.7554510509431582,0.2305350578578222,0.629104399301663,1.587074157519996,2.2058043168075785,1.5070079428470846,0.2405316432187828,-0.0011833382780915,0.1789765943333423,1.1302777067554053,-0.0610530038019453,-0.4604336749916437
2017-09-22,HAL,43.48,44.32,43.47,44.25,9209116,1.069549699218441,1.0621235392734658,1.8181525201393944,0.8782590236699219,0.27892001606616,0.6267948211682066,1.659142398684006,2.2021454718781333,1.8997713196900412,0.1160803937435159,-0.0012982704647004,0.4840564255408192,-0.2190932188212785,1.3116520455934746,0.0095739609294971
2017-09-25,HAL,44.51,45.11,44.4,44.69,11540118,0.586066928685571,0.5878476094620055,1.9035647809815588,0.8137780950449832,0.3290922116037156,0.6295474767802449,1.7407850151400108,2.202774389144037,1.970938873516398,0.5810347384923897,-0.0013137565625989,0.6583877576593758,1.0693777599239138,0.2792175162962583,-0.2672690761834147
2017-09-26,HAL,44.5,44.87,44.24,44.64,6066963,-0.102651488899288,-0.0940915027184405,1.6742660037028942,0.6243519790903072,0.3610284060776864,0.5848104484579504,1.7342525148166004,2.191718577422336,2.0474319103616763,-0.6540281902797993,-0.0012043756756818,0.6327840918077401,0.5857688617922001,0.2113744586390172,-0.4151424181473435
2017-09-27,HAL,44.74,45.72,44.54,45.58,11317004,1.277993097823383,1.265482150114598,2.031595154747932,0.7233484941735812,0.4168312520642294,0.6104531759382525,1.7544506321641122,2.1998440434154745,2.434530532100549,0.4609786520163557,-0.0013132392831,1.0058030132529188,-0.1031292238296266,1.3921791919883744,0.56624990092267
2017-09-28,HAL,45.7,46.08,45.55,45.83,12198121,0.3084806874143944,0.3138966490025131,1.9467464108146175,1.0647033951383205,0.4638511896959959,0.6083603030116876,1.7135105042704502,2.189505173412716,2.5518324516659154,0.5465466167289924,-0.0013207130120595,1.096867291046454,1.277875535782738,0.188600999930102,-0.627530414390566
2017-09-29,HAL,45.61,46.18,45.49,46.03,6683345,0.2386951526654195,0.2448339392149353,1.835976966550016,1.0463043286178104,0.5015087349130914,0.5825873677650559,1.6481910416821457,2.191690650207528,2.4932117749338767,-0.6201017111286099,-0.0012866832528147,1.1722074819685608,0.308110205766626,0.6694025845849456,-0.3420257705476427
2017-10-02,HAL,45.23,45.73,45.02,45.53,7408862,-0.7092727918956955,-0.701026553388521,1.315432683983202,0.7977667979122386,0.5041669332716873,0.4718813032542626,1.439930791185132,2.222339670200923,2.3356547548269058,-0.4836803676696223,-0.0011931758166216,0.9321554432057644,0.2383064658561265,0.4748007506740636,-0.2916970588224867
2017-10-03,HAL,45.42,45.51,44.785,44.93,8635491,-0.8534402007311902,-0.8461477413830151,0.790244499033677,0.5309352975462032,0.4754829847401353,0.3026423050933877,1.2486253007804384,2.2395556560494327,1.7130503549202305,-0.1451950101139281,-0.0011859873738727,0.5935284034190323,-0.7099087779427595,-0.8413842463330314,-0.2465181362954135
2017-10-04,HAL,45.05,45.42,44.84,45.18,7061099,0.3134208137176046,0.3187826880533489,0.8108575599167932,-0.4151338983125234,0.4556411690295091,0.1900106042318358,1.1655408390425648,2.1757214911497598,1.325888363417579,-0.4283018044634075,-0.0012881600510644,0.7155614995072295,-0.8541137961621169,0.1917019190868299,-0.5214323905371605
2017-10-05,HAL,45.36,45.39,44.94,45.09,5485834,-0.1570160380687818,-0.14824211985002,0.6397458931535639,1.2948885081048098,0.4297246424934479,0.0842690424517342,1.0750424113195045,2.180821236868748,1.1763903264751472,-0.7684464345998122,-0.0012068093752796,0.6716295849154803,0.3130516208153853,-0.4760295577621506,-0.7595787964957156
2017-10-06,HAL,44.86,45.05,44.23,44.75,11162207,-0.5024511938504808,-0.4934288715749089,0.3004179594177546,0.941792631468542,0.389617288840167,-0.0368511516824414,0.7954829072254367,2.096276312674061,1.4582865363084354,0.5223497409569803,-0.0011705958638428,0.4579360744321468,-0.1575079552419363,-0.2115750521397436,-0.0641841329559698
2017-10-09,HAL,44.76,45.19,44.73,44.93,3709065,0.2174273480040294,0.2237710974168913,0.2776212541847149,0.938515330234684,0.3590805389696572,-0.1091127376071911,0.5042944351597772,2.095601581302519,1.3868465287233562,-1.1569596495304293,-0.0012660641881915,0.5114655677887082,-0.5030332257276336,0.2606316948397734,-0.7380678281698034
2017-10-10,HAL,45.34,45.87,44.98,45.03,6521962,0.1055706996560243,0.1128743410088484,0.2236782787734142,0.6754509646658017,0.3332775518815093,-0.1547373824350962,0.2500526275059646,2.084027403093718,1.174459348981837,-0.4820824377029892,-0.0012841250847061,0.4351786188461783,0.2170331129988169,-0.5428814692433466,0.0558749610162548
2017-10-11,HAL,44.93,45.52,44.71,45.51,5749518,0.6306472613968337,0.6317313729342146,0.3954214003391585,0.9634576277128564,0.3262621150879276,-0.1428782672596573,0.0422251882376228,2.079975304183772,1.1360421582546696,-0.6282020763167999,-0.0012797729673679,0.6412050342233843,0.1051472842718393,0.948979140066224,-0.1079994441299162
2017-10-12,HAL,45.02,45.2,44.69,44.76,5783495,-1.059001934590568,-1.0536594551092575,-0.0128240367709772,0.1016602580531133,0.2861904430165173,-0.2184771556740644,-0.0080265071216419,0.8646664017453989,-0.5228741584627719,-0.6002867364835346,-0.0012049209500511,0.3502079690520652,0.630360824308418,-0.4626440528919719,-0.6417296582488425
2017-10-13,HAL,45.21,45.36,44.67,44.72,4730045,-0.0886332526125344,-0.0801361070469674,-0.1073525908699733,-0.1704604142676187,0.2483007329884217,-0.2733399336677353,-0.2068875414409775,-0.5296450596109029,0.6690766862880859,-0.8376376411635444,-0.0012122190623983,0.2518836492073547,-1.0597291555268613,-0.8451702276657116,-0.3054296044974992
2017-10-16,HAL,44.98,45.17,44.58,44.61,4114196,-0.1861352229453432,-0.1772662053430002,-0.2301180961104969,-0.2072919630282819,0.209828829617826,-0.3187287117040331,-0.3978615752924392,-0.5286744860157253,0.518262926906031,-0.978834829226346,-0.0012164769953806,0.0731076139590552,-0.0891073305635749,-0.6477963309651738,-0.4890798518794308
2017-10-17,HAL,44.6,44.66,44.145,44.46,7556586,-0.2423371240825625,-0.2333230583978602,-0.365877468978887,-1.0058174898454109,0.1697829327792173,-0.3590911662240444,-0.5975234324536169,-0.5201745047276052,0.398577867041666,-0.0940649495975264,-0.0011949797036288,-0.2792875864821396,-0.1866347365274963,-0.2634746208650424,-0.6259495735200038
2017-10-18,HAL,44.48,44.8,43.59,43.77,7481729,-0.999213898967558,-0.9932325077074988,-0.7739388003224537,-1.5438131918498634,0.1079503616884373,-0.4474596543159278,-0.6190543365403829,-0.53179670646071,-0.1135937136905241,-0.0552814981267475,-0.0011962514859507,-1.1666578944639212,-0.2428512992230439,-1.2322915388027371,0.7125929291785338
2017-10-19,HAL,43.55,43.82,43.08,43.42,9024572,-0.530832760540908,-0.521875767011973,-0.97687929114134,-1.8499258388375317,0.0429815289262647,-0.5262271283420611,-0.6092896723613993,-0.512647139132875,-0.1877435773830729,0.3645281621935275,-0.001187593905147,-1.5167151327559116,-0.9999255228198756,-0.251844267751515,-0.1709591868487414
2017-10-20,HAL,43.56,43.7,43.01,43.33,10522555,-0.1620431037350784,-0.1532517962349722,-1.0035123107679849,-1.7250337907873,-0.0135882486888862,-0.5676220842010369,-0.5039945939112729,-0.629298039163817,-0.4728244199246968,0.7402065405484378,-0.0011796967849784,-1.5457387183784412,-0.5314221964023934,-0.4252355266789411,-0.2641788990579515
2017-10-23,HAL,42.51,43.61,42.15,42.24,12842922,-1.5991456131751776,-1.6022650080342915,-1.5737780526978826,-1.8717597963859536,-0.1018400334644197,-0.6822869899254781,-0.2185315578667123,-0.4884761465391711,-0.972624551412001,1.3254726835272308,-0.0011675091598173,-1.807065480443197,-0.1625363323339141,-0.50617968878277,1.2893023873677942
2017-10-24,HAL,42.43,42.65,41.28,41.37,14280545,-1.3152993722127695,-1.31336610643202,-1.9952939824182263,-2.2951484235647177,-0.2053486159504523,-0.8132896491719533,0.1516284437082203,-0.3930756152765381,-1.2433061819031352,1.5130163700852988,-0.0011612973319129,-1.820246389663932,-1.6000137430111514,-1.9137757134777045,1.1685740226196435
2017-10-25,HAL,41.4,41.74,41.0,41.48,7799852,0.1325438197678203,0.1396341715398915,-1.817546517602752,-2.177128815493848,-0.2815019543539725,-0.8476798492107485,0.376063094962425,-0.5901989773401434,-1.4885575338549497,-0.0582608557500278,-0.0012859075052938,-1.5732705192317729,-1.3160934542294722,0.1196772368951,-0.1045294004973407
2017-10-26,HAL,41.53,41.91,40.96,41.24,8211259,-0.3932161250106825,-0.3840641561991343,-1.832623198395736,-2.1588760293222835,-0.3489727738113635,-0.8528433549406713,0.5527086466047743,-0.6295611124295389,-1.6383751013424297,0.1003483437532756,-0.0011965124990532,-1.702994197034301,0.1321274409422893,-0.5538874079828481,0.3285067558012867
2017-10-27,HAL,41.04,42.58,40.99,42.43,12555732,1.7634895200741052,1.7365617361117556,-1.0213211196203829,-1.3656721188125394,-0.3532349510848581,-0.6942762026557158,0.5244723250940557,-0.2904885627019681,-1.3161099774344815,1.1151378605267066,-0.0013121904261679,-0.88607939216601,-0.3937696604081633,2.532576757455671,1.5317485972715097
2017-10-30,HAL,42.49,43.07,42.15,42.93,7615647,0.7006598313128797,0.7005872758731664,-0.6465722728929109,-1.1180391077712315,-0.3347720380588395,-0.5089284896004909,0.4824947759047741,-0.2399360268091467,-1.006155375974352,-0.1303863245839429,-0.0012859349057863,-0.5475680339743098,1.7634986109396602,0.7560507231064911,0.1946903203076168
2017-10-31,HAL,42.8,42.97,42.42,42.74,6243398,-0.3085382542031012,-0.299418499288021,-0.6962389716036266,-1.4702396988969666,-0.3255608926518429,-0.3844642097420532,0.4781162148905577,-0.2706726334973678,-0.8833359180005534,-0.4515513497743417,-0.0012067108513616,-0.6762023500871543,0.7003916586133329,-0.1322302683692665,-0.5188514475421696
2017-11-01,HAL,43.15,43.93,43.03,43.05,7257574,0.4185713791420084,0.4226906655924555,-0.4468915808428019,-1.038630250453657,-0.3042496867954622,-0.2537474385564738,0.429330194331866,-0.2621455407735165,-0.8598707185058159,-0.1951301985810015,-0.001284018433405,-0.4663253080083034,-0.3090696994307331,-0.2014075941001851,0.1509937143223481
2017-11-02,HAL,43.16,43.52,42.29,42.69,6218183,-0.5536207468725635,-0.5447256702581909,-0.5926856334909885,-1.1459848662128769,-0.2997690186558862,-0.192495535959834,0.3872822008003277,-0.2524083381931032,-0.9491961522858844,-0.4672277845630344,-0.0012067805345746,-0.7100534859063272,0.4182296171828182,-0.8490537849931711,0.8099236238129401
2017-11-03,HAL,42.55,43.48,42.53,43.23,9575044,0.754526567611972,0.7535120160455037,-0.2209736084832841,-0.7976805308191236,-0.2735093110132143,-0.0874351411193393,0.3426733410391324,-0.199149750763371,-0.6663273467604138,0.4085346467114382,-0.0012973257468563,-0.3444612190592915,-0.5542161275043153,1.1810915316158987,0.2401314840168456
2017-11-06,HAL,43.39,45.305,43.32,45.08,10277403,2.631296563295047,2.5697725993431595,0.8931446549518582,0.029000772118151,-0.1795171646337446,0.1709553060737011,0.3561431352052968,0.2545338520357278,-0.1184455135287831,0.4832436488135899,-0.0013025089196466,0.9080308062500004,0.7542724472893061,2.916354961502955,2.078410026422701
2017-11-07,HAL,45.34,45.9299,45.05,45.27,9507093,0.2294047361126793,0.2356339379421388,1.000465793441144,0.3718733324823013,-0.098115269601706,0.3452605735961785,0.3793030502791102,0.2570211125057786,-0.0892008696684171,0.2520993996342694,-0.0012992449990706,1.0014961496136991,2.6315320415838817,-0.1429602421036694,0.0285484665907912
2017-11-08,HAL,45.02,45.6012,44.67,45.12,6728855,-0.2392851003697298,-0.2302776079249153,0.9220464399515615,0.4632085778464453,-0.0407336138545519,0.4228771051940456,0.3377144845081479,0.2348844169985397,-0.2933339989801268,-0.4284075012404305,-0.0012018619611192,0.9011667203261092,0.2290136256845865,0.1415017191597646,0.1286895775238477
2017-11-09,HAL,44.9,45.13,44.5647,45.01,5749482,-0.1847776061023104,-0.1759127198801831,0.8476830840903162,0.4538615423468436,-0.001268870571119,0.4388525062234752,0.3584229026113192,0.1756061708806654,-0.0854475176399226,-0.6633082682242649,-0.0012083133815076,0.8275918055152132,-0.2397984793196415,0.1587769094494485,-0.5446101082076146
2017-11-10,HAL,44.9,45.02,44.39,44.58,4565226,-0.6277740062685115,-0.6191388302206237,0.5920527940602266,0.7903548203325681,0.0112583823613309,0.3822961906021214,0.3487665155776038,0.1965742803642833,-0.2134545197613438,-0.9466698173366942,-0.0012157323492991,0.5399807748908002,-0.1852767655188903,-0.5647702535572798,-0.4135594013519916
2017-11-13,HAL,44.29,44.49,43.98,44.21,5350462,-0.5497182026406177,-0.5408119240257525,0.380639923332415,1.0904889877510342,0.0048724312171392,0.2883688763952939,0.3261273420962131,0.2100618021882273,-0.2991653560642764,-0.7672753209442368,-0.0012113966594865,0.2925015159814229,-0.6283887314832021,-0.1627839884892209,-0.62991611309256
2017-11-14,HAL,43.96,44.14,42.84,42.94,7938412,-1.821453578070808,-1.8294752791190392,-0.3420889172042634,0.3696784337107561,-0.0512752029092911,0.0851413096617763,0.2975969962240328,0.3732463121034403,-0.6695812067501536,-0.1538914409140087,-0.0011967696834601,-0.5569543186534743,-0.5503125652039637,-1.7793379535770657,0.9318041141552852
2017-11-15,HAL,42.48,42.69,41.51,41.69,10470451,-1.8453515827168865,-1.853949986139113,-1.0388131359162782,-0.0367658037684394,-0.1449919088528923,-0.1741428878453184,0.3655228657247958,0.4843862684577739,-0.8653984255672981,0.4059113168956402,-0.0011831035650342,-1.393032896050025,-1.8223797020516097,-1.4313521035092889,0.767568252427715
2017-11-16,HAL,41.57,41.92,41.415,41.51,5721218,-0.3018002346982395,-0.29268801083963,-1.0922958142324262,-0.5410297415341948,-0.2254444434902743,-0.3474284972463919,0.4438318172179679,0.4786584455224361,-0.8135227714547031,-0.6793314280600276,-0.0012108243578051,-1.5134282111951276,-1.846283941041758,-0.1353641118271346,-0.577420407927983
2017-11-17,HAL,41.65,41.98,41.31,41.77,5902502,0.3569603469659019,0.3618288602576263,-0.8878970412940171,-0.6471460071607703,-0.2774688444666818,-0.4128834581032856,0.491550793320821,0.4916729748475717,-0.696233405946682,-0.5966093050277818,-0.0012752299247733,-1.3395238670966418,-0.3023299221585362,0.1913596608922633,-0.2545181613193605
2017-11-20,HAL,41.76,41.88,41.36,41.57,5806082,-0.3310953367963953,-0.3219556957956405,-0.9901302960020512,-0.6504770032549354,-0.3245249018030732,-0.4524589957875234,0.5328649949807266,0.3791715105392446,-0.4004312152736695,-0.5567467804998477,-0.0012103396257765,-1.4732964394800918,0.3566025123521638,-0.3700626998126706,-0.5488113466618143
2017-11-21,HAL,41.87,41.93,40.98,41.17,11601638,-0.6320630384674154,-0.6234456322902373,-1.2284519044049615,-0.9216961216630328,-0.3749335575083666,-0.4927489564227764,0.5515236138916029,0.3118983981241474,-0.2384779142685396,0.9793763982450924,-0.0011787748155089,-1.7408415842469869,-0.3316326665577433,-1.2894225841082092,0.3317709808608579
2017-11-22,HAL,41.52,41.6,41.3,41.43,4915973,0.3601807786541595,0.3650116118243806,-1.0682345300734164,-0.6866421037058519,-0.4017157272528742,-0.4641667567887815,0.5556621698631907,0.3188579292344544,-0.1851801193347851,-0.7387589908958657,-0.0012691895790753,-1.5669372401485058,-0.6326788825747854,-0.1900848712891485,-0.9878419341661658
2017-11-24,HAL,41.66,41.905,41.46,41.58,3352660,0.1924132165376462,0.198988860002514,-0.986682274802046,-0.8766255904533944,-0.4139616921501408,-0.4038850560399611,0.5264259447672256,0.3133518199727889,-0.0463948246829086,-1.1245508880413957,-0.0012609424911717,-1.478363549615454,0.3598237841640841,-0.1713991915852137,-0.6993882960707647
2017-11-27,HAL,41.35,41.65,40.89,41.07,5376413,-0.7966227656172322,-0.7889137980051787,-1.258259751007771,-2.250963241352121,-0.4403580453900875,-0.3920825514414723,0.6159592162783241,0.1550386754772681,-0.6382218788889976,-0.4938737214211704,-0.0012132754115587,-1.7625796604376776,0.1920124560210167,-0.5379126776969602,-0.0491020100620179
2017-11-28,HAL,41.02,41.17,40.72,41.02,8102814,-0.1087910728770915,-0.1002045549292706,-1.232920246431948,-2.429105314003133,-0.4596427907618093,-0.3643353915334635,0.7078572093829154,0.1124104991118893,-0.8208966930166265,0.2842247521592899,-0.00119881513359,-1.6898875064087933,-0.7972815389136381,-0.0263165508545973,-0.6770531368322914
2017-11-29,HAL,41.07,41.57,40.86,41.3,7383593,0.391973496187735,0.3964235670181047,-1.018765558898399,-2.156697864972961,-0.4602966404193364,-0.2941820587624207,0.7662847632640377,0.128491450932692,-0.6622975230963604,0.0604861457097328,-0.0012820836420913,-1.511233246157372,-0.1092704094590963,0.396788162729719,-0.1585875787777866
2017-11-30,HAL,41.48,42.24,41.36,41.78,13390356,0.6905840537840877,0.6906826744761906,-0.6860507661608749,-1.7517007176663535,-0.4385647565216837,-0.1804388997363445,0.788996198716257,0.1504097009505967,-0.6007386892783153,1.6144940806329913,-0.0013151438776716,-1.2049688000120702,0.3916247955591324,0.520104267567325,0.1640604013713573
2017-12-01,HAL,41.87,43.57,41.85,43.06,18066381,1.8743827984557275,1.8436610625836296,0.0892142619674196,-0.8343142525749828,-0.3684161426427316,0.0351794569810029,0.7909183589092904,0.3464845366902653,-0.0401866399966367,2.5261070287298324,-0.0013430579313124,-0.3882636102912708,0.6903132525862703,2.120963705676564,1.7376653647777136
2017-12-04,HAL,43.16,45.21,43.06,43.89,13897200,1.1670543778451907,1.157332827479391,0.5783227571409475,-0.3164035597681228,-0.2786418176976646,0.2581903847899957,0.8149256616226822,0.3881050513748282,0.0567451803381286,1.3788158536033106,-0.0013227961596011,0.1413186611683082,1.8744208183830453,1.2515519191904314,2.491219894661389
2017-12-05,HAL,44.02,44.35,43.55,43.63,8993046,-0.4018064725260774,-0.3926577043701397,0.464209134090389,0.1291655317858873,-0.2169230679286997,0.3643845594998353,0.7038293625169906,-0.022411305654562,-0.6398704013897482,0.1883382067890145,-0.0011893433240986,-0.0245745804937274,1.166907874888297,-0.6956758469151009,-0.0631852937571397
2017-12-06,HAL,43.37,43.555,42.71,43.38,8807665,-0.3897347406140347,-0.3805818142855781,0.3696713083918698,0.7348363335088547,-0.177499458144387,0.3919525927494691,0.5432515318893915,-0.0275334249615842,-0.7806330926256936,0.1517497983970419,-0.0011914294324216,-0.0697968257320617,-0.4023622489132509,-0.0088962637527969,0.0320745796726215
2017-12-07,HAL,43.38,43.86,43.17,43.46,6269352,0.081818226194179,0.0893001096735116,0.4712800784586583,0.8971140368478084,-0.1431534685437931,0.4009373124055617,0.3843740401085792,-0.0245076577264377,-0.7078065640844386,-0.476674009184891,-0.0012785475895477,0.1472623400493756,-0.3902873678123379,0.1130136200268566,-0.2681487299310293
2017-12-08,HAL,43.78,44.26,43.63,43.99,8178176,0.726248316687061,0.7257339226836403,0.8311891695676267,0.9874525151046252,-0.0956688686975888,0.4419436447265169,0.2613169137489697,0.0209193459406297,-0.5002981118703298,-0.0296678078176914,-0.0012900710064443,0.5396490248699826,0.0813886144310806,0.3360835150133509,-0.3977630600816758
2017-12-11,HAL,44.08,45.2499,44.05,45.16,11262885,1.6228781072855658,1.600494092257546,1.5354727351309907,1.4308567372835292,-0.0135310556227883,0.5639454848919545,0.3456738101381769,0.1679492611995189,0.0235997376051501,0.6213968327970544,-0.0013090679207314,1.376907335557623,0.7259868193323559,1.824770744365628,0.6230405140943576
2017-12-12,HAL,45.33,45.8,44.995,45.24,9823464,0.0772927744834374,0.0848075994952114,1.5510547856302337,1.7420689100585882,0.0524118920826474,0.6198616523519361,0.4754807943709885,0.1483711376743851,0.1746887594907183,0.2213867040171686,-0.0013020048956597,1.0764335433409606,1.6228505164306006,-0.1763200951837839,-0.1083576822620407
2017-12-13,HAL,45.2,45.4,44.49,44.76,7717137,-0.6935587751321128,-0.685229114433507,1.1958912021317942,1.3369093832965495,0.0831270737215822,0.573918922897187,0.5963245401156116,-0.0370982050938063,0.4550083815255921,-0.2621517534217901,-0.0011951098724371,0.7623376500393052,0.0768619821521932,-0.7617764063990041,0.1030501369158368
2017-12-14,HAL,44.3,44.9,44.11,44.41,7172883,-0.5198216267090396,-0.5108377359951012,0.8934009660843661,1.0686764217221276,0.0909500505107987,0.4782405981307115,0.6400588075180689,-0.2796494682430521,0.7907244100829098,-0.3560292898840787,-0.0011992128051553,0.5333093945068488,-0.6941906618165452,0.1612838186183521,-0.1087911640877982
2017-12-15,HAL,44.78,45.04,44.51,44.61,9721631,0.2473824189999928,0.2534354236051298,0.9172618401546512,1.4613706051690205,0.102147311753649,0.410383288414176,0.6672690108490024,-0.2969094245764839,0.9293263147259498,0.1917567501033142,-0.0013007506157866,0.6641826833825395,-0.5204081900630535,-0.3131366374396809,-0.6011724666459842
2017-12-18,HAL,44.76,45.845,44.72,45.48,7610774,1.1811822269272916,1.1711159528164046,1.3296218171103305,1.651482558433502,0.1419284183484397,0.4296717665169418,0.7692155622084947,-0.229554111332285,1.1369783702067595,-0.3105939349348142,-0.001289118607851,1.2061321646482,0.2469959984638952,1.1889936662039002,0.4702079073092039
2017-12-19,HAL,45.64,46.67,45.56,45.87,8005305,0.5008789486907321,0.5039040929426158,1.4284632227980232,1.6682622612231712,0.1849755056457843,0.4535091271049272,0.8595297079734343,-0.25052323584499,1.3516994498267956,-0.2430478515374438,-0.001292354625647,0.9959299740493556,1.1810394095447143,0.354422068490448,0.4254267804311295
2017-12-20,HAL,46.215,47.61,46.09,47.42,9148939,2.0707745722261945,2.032880382545758,2.1618321697220244,1.8083339104501208,0.2752231192664031,0.5940723577925228,1.062639868095605,-0.1087107119151165,2.0620818185559626,0.042760882601134,-0.0013004804543958,1.3512104659644295,0.5005586585538003,1.9436044946580344,1.0800828047291586
2017-12-21,HAL,47.6,48.7,47.2,48.17,10710621,0.9516840101733868,0.9468367692021024,2.3908910496823683,1.7437621119360234,0.3702970327533095,0.7189457551155286,1.3040910810269988,-0.0906478890431574,2.221790338571337,0.3216324280445416,-0.0013117796211328,1.2220997779015923,2.070863825463918,0.8784002042182588,1.0038865786976454
2017-12-22,HAL,48.32,48.36,47.6876,48.01,6767823,-0.2397904378985532,-0.2307818467446697,2.0873072124446628,1.5159531320492283,0.4326632806023868,0.7346555046720404,1.4368272588717796,-0.0644961367725369,2.1036753687798955,-0.5766778309616027,-0.0011979504256228,1.1554495215117666,0.9514813229034376,-0.5110237818096034,-0.4241005343537447
2017-12-26,HAL,48.13,48.94,47.915,48.77,4983913,0.9525508950636834,0.9476854705922996,2.288607578521855,1.7984813169133755,0.5044877006573147,0.7715684767563143,1.5260161613893075,-0.1560501222876788,2.586027586231168,-0.9612245085008118,-0.0012751463223431,1.3741304722214498,-0.24030394867738,0.9783196947863932,0.1602524932360814
2017-12-27,HAL,48.92,49.29,48.515,48.82,5409897,0.0308321684498167,0.0386663264551009,2.0697295333558547,1.9711790475749869,0.5552797930372184,0.7469620050516494,1.513787665659237,-0.1667639289223482,2.625187268791654,-0.8513895956520713,-0.0012783352165185,1.2575447874718937,0.9523484339405928,-0.1807560135701965,-0.26831763354082
2017-12-28,HAL,48.85,48.91,48.4,48.57,3884245,-0.3518102457277473,-0.3426595709853759,1.6977354876274888,1.7946910552607598,0.5773425987592671,0.653328138394215,1.416760945859877,-0.1179059767936735,2.417782493346094,-1.1711169424722343,-0.0012167968100713,1.1410615129799488,0.0303892558010823,-0.4593667012114387,-0.7162191383798272
2017-12-29,HAL,48.68,49.06,48.13,48.87,5194819,0.3515502046232661,0.3564816500627277,1.652414027161312,1.7646058533931186,0.5980441994393003,0.5749173267227409,1.3292163167374642,-0.1202345955710246,2.324807303160126,-0.8207620856001783,-0.0012770431354997,1.2552233428211317,-0.3523529794494494,0.2685651085638319,-0.0053406979145256
2018-01-02,HAL,48.92,49.84,48.72,49.61,7269233,0.9097284862903932,0.9057473784913116,1.874635290493776,1.703002820997476,0.6345625519084199,0.5529007242113734,1.3937262831948642,-0.2500650737547661,2.066543007210724,-0.217267680251595,-0.0012913554755341,1.3356470896947394,0.3511909586494865,1.0393157418830183,0.2901871323134866
2018-01-03,HAL,49.8,51.08,49.52,50.5,11181926,1.0839088828449837,1.076153884473365,2.176661352701846,1.8133485447910789,0.6888928528120102,0.5811350908467674,1.5631859252788192,-0.2587929117753349,2.044372954963148,0.8143622759082868,-0.0013188748138083,1.2125292549746494,0.9095148539572316,1.035656332927115,0.9831660071365468
2018-01-04,HAL,50.86,51.775,50.23,51.63,10142711,1.3601045980055992,1.3454075962459964,2.566110246308108,2.2236223565699555,0.7658969472348928,0.6620845383531098,1.766007492859081,-0.2521834780174283,2.5254498471407545,0.5299760378105386,-0.001313745736108,1.3897065157969517,1.0837406894737087,1.1175071725736798,0.90260651695734
2018-01-05,HAL,51.46,51.9,50.95,51.82,8617344,0.196115464303132,0.2026574114617789,2.413281840839005,2.4638506598787417,0.823215164957714,0.6761729886170188,1.8628936867913628,-0.3054651479116707,2.68993379106153,0.145457018941419,-0.0013046478675273,1.412416607519874,1.3600084566380095,0.5022229489077262,-0.0634617565013884
2018-01-08,HAL,51.66,52.36,51.4,52.29,7611860,0.5316754664877004,0.5342638577922514,2.405515757220273,2.473175724689277,0.8753507732718772,0.6741038014268872,1.922392465358783,-0.3213564274110874,2.816467648698225,-0.1262256432181334,-0.0012986696686715,1.4162243756039998,0.195715669602969,0.8950466828096755,-0.0612564900122706
2018-01-09,HAL,52.43,52.66,51.6,52.11,8587371,-0.2473094251466313,-0.2382849712985894,2.064495860515928,2.3122494757588647,0.8975421579860238,0.5953725356066276,1.9237213163777251,-0.2792674205872172,2.543475132326787,0.114073733346315,-0.0011782769764712,1.230532660950916,0.5313632103306314,-0.487437497857276,0.1039612808794075
2018-01-10,HAL,52.1,52.59,51.66,52.47,9714221,0.3971112971802807,0.4014983402248132,2.0450457939018447,2.3105328894892003,0.9170299273648396,0.5254284636189761,1.9925773650378376,-0.3813394957492466,2.2098188204170865,0.4210290964956077,-0.001313941727232,1.3690080513608318,-0.2478248974261881,0.5102316355057428,-0.1141560117511739
2018-01-11,HAL,52.57,53.69,52.22,53.33,9086720,0.987433006858298,0.9818262579776692,2.2717212253270493,2.267042002095706,0.9536309634099314,0.5135224598295481,2.080728945808282,-0.3711992048513517,2.458831308540318,0.2724992614743761,-0.001311095633297,1.3179617006814774,0.3967639368652157,1.0659291543376623,0.7059021079044627
2018-01-12,HAL,53.18,53.52,52.68,53.14,9026830,-0.2548041646479856,-0.2457648042142751,1.9271524691611177,2.0535281227541287,0.9623702336726776,0.4322819513038265,2.024097680117872,-0.4402188098532059,2.582149613372321,0.2383733020619914,-0.0011730563783794,1.2520332568282344,0.9872396455362168,-0.0831437679741674,-0.273929813036022
2018-01-16,HAL,53.03,53.21,51.9001,52.13,10231608,-1.2162970944924965,-1.2129177583264634,1.1737729402017816,1.4558873394998266,0.9172770430285142,0.2287257168139654,1.7727752606955889,-0.2909645723371754,2.3855553016176514,0.4944459973161758,-0.0011656930189828,0.8779851575948169,-0.25532159210269,-1.3085456031725862,0.5028290150107235
2018-01-17,HAL,52.48,53.33,52.1,52.85,8479932,0.8268886106789,0.824537495824976,1.324503212052711,1.4487945320037745,0.897830646026706,0.1318951345578145,1.5038806299221343,-0.2865677744746556,2.545304221126076,0.0759793333004345,-0.0013048157967651,1.1315841600578045,-1.2170653494884032,0.5063465686075647,0.3483025299186759
2018-01-18,HAL,52.63,53.07,52.2106,52.36,8387985,-0.6102228807868659,-0.6015181092350275,0.880672455585241,1.1516625893703076,0.8516218708332749,-0.0144552320083001,1.2298567623990695,-0.2412923121897876,2.054235026676366,0.0429560003016201,-0.0011798689647595,0.899070456399711,0.8266533676592026,-0.4139088364963825,-0.2234259923391482
2018-01-19,HAL,52.02,53.18,51.42,53.01,10387970,0.7398787540085658,0.7391248341716458,1.0250329098648632,1.4102819501763604,0.829326148112059,-0.0699837398517076,0.9600423649832168,-0.2342348568829648,2.118591582245945,0.5032471034482037,-0.0013188087258994,1.1454519830532943,-0.6108330273868695,1.4115201909536486,1.1756995320600132
2018-01-22,HAL,54.02,56.445,53.64,56.4,17802754,3.948417786795138,3.813341967451592,2.521302750464225,1.779638551363855,0.9326253504709536,0.2088726289614592,1.1761345099033589,0.3534230653939978,2.6137380371006547,2.1038145751142943,-0.0013768047458771,1.4266983120430845,0.7396208124668809,3.3023255943123475,2.5535539347671707
2018-01-23,HAL,56.63,57.86,56.47,56.83,13756767,0.4416662995793066,0.445489331074954,2.497647477292111,1.751982394544965,1.0179828216948072,0.3857760169303947,1.396019379055844,0.3429133471136756,2.472870129980472,1.105788050111807,-0.0013515900096751,1.1062908296214404,3.9489968664435886,0.2405094606603891,0.447102886652074
2018-01-24,HAL,56.73,56.84,55.32,55.34,12321206,-1.6653112968416284,-1.6698026629176606,1.5429703904935124,1.0446262389692065,1.0136089504050745,0.2963317963661083,1.3409578965526268,0.5493320951062163,2.074814405618012,0.6910250402481299,-0.0011412075473882,0.6005522087685453,0.4413305624612023,-1.877488441795068,0.6977636670645699
2018-01-25,HAL,55.67,56.26,55.15,55.2,9436063,-0.1904974028240328,-0.1816153108928851,1.3014523766357204,0.8061534075662592,0.9915072198826466,0.179145215427999,1.2872467274786707,0.5505695247893434,1.7688468846715688,0.0005381249838791,-0.001167717824391,0.5341096987913418,-1.66619668751773,-0.664170673818866,0.0845520735250667
2018-01-26,HAL,55.5,55.955,55.16,55.61,7495075,0.4294277861949883,0.4334088554012404,1.327403583094558,0.8459382179129663,0.977166935847831,0.1053737803263108,1.2127385045230448,0.5449447776913585,1.875162772317686,-0.4380232963031312,-0.0013007070506762,0.6741831243156391,-0.1909980543811198,0.1234257260400271,-0.3998838149448526
2018-01-29,HAL,55.32,55.6,54.61,54.8,8567477,-0.939829532960864,-0.9332718642356604,0.7636956298201223,0.4754728721224891,0.921604276591999,-0.0597490519466076,0.9971713449456864,0.6030662749107644,1.7163444111942954,-0.2526889031800779,-0.0011749970702041,0.3974526982798292,0.4290888563792313,-0.7364924055806397,-0.0857134867163152
2018-01-30,HAL,54.24,54.25,53.085,54.14,10719509,-0.7828191224141369,-0.7750169495300178,0.3044035339514033,0.3261861346910317,0.8402141473066045,-0.2583267810110766,0.7269882920169588,0.6614995544965584,1.4162782367339133,0.1350355780843662,-0.0011600065948651,0.0899295925335783,-0.9405256650357086,-0.1656081901622506,0.2020285378432518
2018-01-31,HAL,54.18,54.43,52.81,53.7,8580754,-0.5389719665717287,-0.530036119935698,-0.0134898113283178,0.1210243523501627,0.7480759128720122,-0.4448544018921919,0.4843146017741236,0.6717913719289488,1.043327072258759,-0.3112024453922912,-0.0011784230151492,-0.2152261873467744,-0.7834742947127852,-0.6956568402053798,0.9228696170291112
2018-02-01,HAL,53.63,54.695,53.43,54.51,8530414,0.9060916734073003,0.9021843596574556,0.2840907767908033,0.1096996394520727,0.6972007233325589,-0.4878661313644385,0.3192024630226714,0.6588526665971727,0.9987223288721848,-0.2982376113531279,-0.0013051706096561,-0.0166242819397947,-0.5395635257322763,1.21339202533808,0.3427466722584057
2018-02-02,HAL,54.0,54.095,51.68,52.19,14070770,-2.6827602513933217,-2.717733675190732,-0.8634345791288786,-0.3922656780983888,0.5574545772237778,-0.7510278272723612,0.2797574791447296,0.9389330553103444,-0.0081806543367223,0.7795858065350397,-0.0011373069187837,-1.2847781678214347,0.9058770923278664,-2.5587004608629487,2.2651270451582466
2018-02-05,HAL,51.49,52.42,49.67,50.04,12398528,-2.5977552042309204,-2.6294997357690164,-1.8734165321782223,-0.6020023131754425,0.3562869501236381,-1.1196550187232923,0.4632380303824893,1.198288721279124,-0.671955107618044,0.398138087501442,-0.0011532316469228,-1.73112608575587,-2.683911067026433,-2.153915861063993,2.9887592857110423
2018-02-06,HAL,48.76,51.27,48.57,50.63,11153185,0.7010615533544042,0.7009821402662192,-1.546227074927023,-0.6315506607847846,0.215895133901407,-1.258120880916502,0.5871637778130716,1.2079838902880002,-0.6337166169617733,0.1155456712156488,-0.0013206846297766,-1.1441861041805503,-2.598883844342707,2.8711780810174155,2.853082966694743
2018-02-07,HAL,50.77,51.41,49.675,49.69,8631553,-1.1888829727112675,-1.1851319992743634,-1.951844743445724,-0.70553176668907,0.0651916865078367,-1.3954355317953333,0.7908886409553619,1.2497781548844136,-0.849523578659023,-0.3731128620008195,-0.0011806180596827,-1.4805403178722576,0.70079348545329,-1.633484720508095,1.318645724609509
