date,Name,open,high,low,close,volume,return,log_return,close_to_SMA,RSI_14,MACD,MACD_hist,BB_width,volatility_20,price_momentum_20,volume_ratio,OBV_change,close_position,return_lag_1,daily_return,price_range
2013-03-11,ETFC,11.28,11.45,11.22,11.37,1997292,0.3526732157890416,0.3575916360581212,0.7327660766135948,-0.0634786652031912,-0.1298351959187164,0.0933305105489955,0.1254724420274786,0.063640733052866,0.2989742600347842,-0.9051215264279924,-0.0027983040196535,1.1756078748105747,-0.0830151178062735,0.5764902456385137,0.0945510007309063
2013-03-12,ETFC,11.33,11.44,11.25,11.4,2540483,0.1312731851767478,0.1383738440158937,0.7623867598801816,0.2955594967465803,-0.1173694652856303,0.1057202367230577,0.193448969882773,0.0629353779509159,0.2840082976863841,-0.6002370782827481,-0.0057449569706942,1.275834453828945,0.3523142627785493,0.4404641165092971,-0.2023095791016857
2013-03-13,ETFC,11.4,11.82,11.36,11.82,6909372,2.2607211279485493,2.2153414040189263,1.6969463230185775,1.4965230990952894,-0.0916011379348878,0.1498726726144704,0.4303153224855898,0.2430350194290818,0.494781251379405,1.706703979258904,0.0184350862429023,1.442878752192886,0.1308564748769642,2.75717027084693,1.6520597895750098
2013-03-14,ETFC,10.99,11.22,10.75,10.85,52011125,-5.142158172799673,-5.326568250563363,-0.5534255916513525,-0.1781906684612033,-0.1097851196411751,0.0720621344368959,0.4221574151362274,1.4052673911137812,-0.7523395411512093,15.601743989690666,-0.0195517599606117,-0.9193601425464698,2.260859933113336,-0.988759673917914,2.018833132141679
2013-03-15,ETFC,10.88,10.92,10.63,10.655,13203263,-1.151919297634447,-1.1476869593335914,-0.9291351585427596,-0.1727606107655755,-0.1320444179492804,-0.0006760908832358,0.4127454440123685,1.4151870844578935,-1.1512957221761335,2.1577817710691973,-0.000412319429963,-1.3942432193239696,-5.143950578936798,-1.5887385785297692,0.6769866738114646
2013-03-18,ETFC,10.6,10.7,10.453,10.5,10032663,-0.938673735428954,-0.9321054264979318,-1.216809579570199,-0.2418321911521588,-0.15568667557562,-0.0624263846173636,0.4899698788353684,1.4043706251123278,-1.109929325221351,0.979811870599776,-0.0007570426525421,-1.7670112473858195,-1.152670758201614,-0.7390692410477085,0.3691705974395471
2013-03-19,ETFC,10.51,10.7,10.34,10.44,11560990,-0.3887562573292955,-0.3796030971382136,-1.2631574969064872,-0.4970549409471867,-0.1764468432362496,-0.1044081696469984,0.548117630814563,1.3922986115935785,-1.273195912564013,1.2290030547789086,-0.0007664095027797,-1.6566959246116024,-0.9393695659874336,-0.5295158811336579,1.2824988297757909
2013-03-20,ETFC,10.55,10.86,10.53,10.79,7939807,2.054198700674583,2.0169322055419663,-0.3829305908651226,-0.1108889995701528,-0.1787604554416678,-0.0905124814793469,0.5390995625039446,1.5468800395128888,-0.5969082221789676,0.1431222957874164,-0.0015219036829628,-0.8705719123785812,-0.3893086292677327,1.6923970452129564,0.9575624324849016
2013-03-21,ETFC,10.76,10.85,10.6,10.64,8073287,-0.8984923938196925,-0.8915678328705077,-0.7276653916389755,-0.1794498079558875,-0.1860488388595909,-0.0922009064074409,0.5617145749203046,1.4521674311033408,-0.3582113590419666,0.1192081198981443,-0.0009270664962955,-1.2074822033355874,2.054283629715034,-0.8689015154694996,0.3668729797707053
2013-03-22,ETFC,10.7,10.8,10.65,10.66,9028680,0.0840303432238202,0.0914960057208598,-0.6582331594129064,-0.3189211190879621,-0.1905375638889242,-0.086345373852728,0.5835409003239679,1.447898811914853,-0.4113495431908494,0.305036322635307,-0.0015596567092902,-1.1625608312079871,-0.8991777421512047,-0.3087531308937317,-0.4186101201758236
2013-03-25,ETFC,10.75,10.82,10.485,10.56,3734534,-0.617030165927666,-0.6083517920290701,-0.8900243800375185,-0.5188131680881721,-0.1974505268035074,-0.0879008943932684,0.6024124286270522,1.4133378892636912,-0.2779021340612966,-1.0691955509399609,-0.0010947072813639,-1.3871676918459928,0.0836013085423187,-1.3616504281094135,1.0525385831662952
2013-03-26,ETFC,10.62,10.68,10.52,10.61,3128513,0.2617863314680781,0.2676944728231799,-0.776459122900961,-0.5868789025018862,-0.2003479711950351,-0.0788094352729624,0.5873284107454805,1.405475270566618,-0.0839515496085676,-1.2218653776373198,-0.0013604162515451,-1.2748642615269918,-0.6176420883645387,-0.0974575914953398,-0.3345343162517258
2013-03-27,ETFC,10.52,10.66,10.36,10.65,4301082,0.2017185186771629,0.2082090558121792,-0.6717247875013247,-0.9303747926564472,-0.2004554060893716,-0.0643548315598875,0.5990103971067976,1.3716382490751438,-0.2633779260453184,-0.9257213705380356,-0.0014117004896337,-1.1850215172717873,0.2614036685237796,0.9073081707101522,0.7563059361254456
2013-03-28,ETFC,10.62,10.72,10.57,10.71,2778103,0.3177534639825435,0.3230675847058934,-0.5269723112646666,-0.8400703858652485,-0.1975975691116587,-0.0451585898367868,0.5990103971067972,1.3757915770761977,-0.1674769497128712,-1.3131375110211974,-0.0013589393432947,-1.0502574008889825,0.2013201856625809,0.6139528149121097,-0.4240849744097547
2013-04-01,ETFC,10.79,10.79,10.365,10.39,3903284,-1.893180169993352,-1.90296183994284,-1.2713050218844406,-1.1778545153946112,-0.2072337920284998,-0.0619610915464539,0.6701511415657163,1.491173756260077,-0.499064144858847,-1.0272864965000987,-0.0010722645327259,-1.7689993549306031,0.3173854013517793,-2.827124156432718,1.817710280831936
2013-04-02,ETFC,10.47,10.53,10.33,10.365,2765943,-0.1827988281782153,-0.1739400165871361,-1.2826356399491965,-1.2351432976468435,-0.2150713894795999,-0.0707734619280159,0.7648025491860339,1.4545677328838205,-0.7459554988597373,-1.3253065996857634,-0.0011289171931814,-1.8032179840345155,-1.894125005505079,-0.7839992100570221,0.0167968762674223
2013-04-03,ETFC,10.32,10.355,10.15,10.21,4377606,-0.9640134875552808,-0.957683496538843,-1.5800252820959393,-1.9790736161599216,-0.2264684174142074,-0.0869852710235873,0.909834816182744,1.4581908936387942,-1.0845434026487302,-0.9261639725468548,-0.0010697063656818,-1.761871113245685,-0.1832974713850698,-0.8316165864797584,0.0820234203677316
2013-04-04,ETFC,10.18,10.32,10.06,10.11,3767491,-0.6427711409809763,-0.6341994072790484,-1.721345435193592,-1.4139028117741623,-0.2383843999437465,-0.1012904984937944,1.0635528100617704,1.438462698559344,-1.3557523198331456,-1.086077469532127,-0.0011025547878136,-1.7868658097540846,-0.9647159285708146,-0.5458278437065547,0.5519622909004964
2013-04-05,ETFC,9.98,10.01,9.87,9.95,4110645,-1.0182864485682763,-1.0125024670327714,-1.957320203709926,-1.379374213080503,-0.2529056041565877,-0.1194404762348911,1.1729556812042754,1.2989485430999028,-1.932356319721245,-0.9977226078938968,-0.0010971404649733,-1.744926106790429,-0.6433897785431301,-0.2534261254852775,-0.4186886939632191
2013-04-08,ETFC,9.91,10.13,9.86,10.13,4550331,1.09328001219898,1.0853086922074933,-1.379149771589096,-0.8049072515527053,-0.2560740273373319,-0.1047385954849081,1.1527012429645829,1.3766066749552337,-1.688119687452548,-0.8997883970486761,-0.0013958167707027,-1.4233798183570172,-1.019003047933749,1.6509178321225428,0.6300020605974099
2013-04-09,ETFC,10.16,10.28,10.06,10.18,3010590,0.2742993049175813,0.2800789357258315,-1.1146245906864385,-0.6242562239357808,-0.2553696414469751,-0.0830085470048259,1.0338040887585511,1.3727518960468668,-1.7045916310519338,-1.2917879096619749,-0.0013499229251041,-1.3385792689324658,1.093114263502295,0.1224074356817578,0.2097555722053924
2013-04-10,ETFC,10.24,10.42,10.19,10.3,2725122,0.7008904500553188,0.7008139581161681,-0.6834803681368637,-1.1326124069168473,-0.2489155312938437,-0.0508248169476692,0.8051565458508598,1.4044124854339315,-1.5846001488509858,-1.3639119188297162,-0.0013436565316673,-1.1350579503135358,0.2739199062701549,0.4163696903200354,0.2696855774941997
2013-04-11,ETFC,10.35,10.47,10.27,10.391,3896566,0.5170506960134068,0.5198483503509163,-0.2795137978732205,-0.6877375766759686,-0.2391585093977944,-0.0165761949340281,-0.0249336840131308,1.1725649303175754,-1.943033570838805,-1.0530215737943949,-0.0013924992250243,-0.5834054349687516,0.7006223375179742,0.2729707140322915,0.0127730922132424
2013-04-12,ETFC,10.3,10.4,10.15,10.17,2101901,-1.357125220915797,-1.3558518963496915,-0.7510146057495983,-1.0524723357479382,-0.2390639528593179,-0.0140483168178843,-0.082778050252984,0.1248092196450569,-1.087924292797804,-1.2647049307212554,-0.0011572984122449,-0.9091364865635944,0.5167346246486489,-0.9798827713265552,0.4573697872556254
2013-04-15,ETFC,10.1,10.17,9.68,9.75,5492916,-2.604124435323376,-2.636106544381349,-1.7017326969713304,-1.3870792038207027,-0.2542833010317653,-0.0514437414279093,0.1378707782622521,0.3872078513342394,-1.414903257934186,0.1479909872808969,-0.0010261691736245,-1.6841055754013234,-1.357930214166959,-2.644447719781775,2.597088507908512
2013-04-16,ETFC,9.82,9.99,9.675,9.72,4823792,-0.2245592353550123,-0.2155855630995213,-1.6848485772514028,-1.518759965743978,-0.2661535008424809,-0.0727394308871325,0.3491536136386309,0.3645434801298656,-1.258477771075304,-0.0146752723014413,-0.0010663104749617,-1.755068043321412,-2.60525473699556,-0.7956829985172225,1.1095372767703504
2013-04-17,ETFC,9.6,9.81,9.52,9.71,6804869,-0.0970475219597008,-0.0885122797280038,-1.6228684456093896,-1.6151623861705189,-0.2744863084181436,-0.0806707957363311,0.5275457771122308,0.3649819298639327,-1.1944100099033432,0.9679611689271757,-0.0010087370159443,-1.4099636120301466,-0.2250687727243995,0.8393809874424648,0.897743984779148
2013-04-18,ETFC,9.72,9.77,9.54,9.54,4036256,-1.1229925801020044,-1.1183993263362544,-1.9076409791761224,-1.868961218352738,-0.2861778353993006,-0.0956611735463699,0.6572388740869874,0.0776878726815966,-1.8688844472036572,-0.1777839152092029,-0.0011147203559018,-1.8313150929572408,-0.0975237949663947,-1.4254236834559062,0.4179420974815489
2013-04-19,ETFC,9.69,9.88,9.56,9.83,9656300,1.85954388090928,1.8293405551323632,-1.064074816580358,-1.005009550970429,-0.282470319604275,-0.0680166047771036,0.6528481736018226,0.3367887998839307,-1.2855319412406712,2.341607606958734,-0.0015354086354032,-1.0886133417056276,-1.1237364944697057,1.0652469086362024,1.1217050861569984
2013-04-22,ETFC,9.81,9.84,9.72,9.75,3779570,-0.5396738660309729,-0.5307398934119459,-1.1575032206039289,-1.061423359164543,-0.2811359169195879,-0.052009302055473,0.6370935490247105,0.3328535196359711,-1.4212067866443738,-0.2199699642370975,-0.0011146358181653,-1.2931783593943966,1.8595780297637208,-0.488406979970626,-0.5655902468816372
2013-04-23,ETFC,9.84,10.0,9.78,9.95,4561550,1.2440919056370825,1.2324533939099271,-0.5628960729341891,-0.5500027333209577,-0.270782000431795,-0.0159873866164338,0.5765426138893782,0.4444310106673407,-1.015847707874585,0.1359328273587244,-0.001390461219401,-0.7557925009186851,-0.5402656082981351,0.8182664133376448,0.2513885649628471
2013-04-24,ETFC,9.95,10.18,9.92,10.18,3390259,1.4061344719908115,1.3901669294219874,0.0897405831249896,-0.0974066441834684,-0.2523122926517553,0.0337200528108162,0.4623987511421596,0.5608882174591047,-0.7626905494194113,-0.4288768474409632,-0.0013586971889051,-0.1537753720905155,1.2439654996908651,1.7201066237090352,0.5372245666216255
2013-04-25,ETFC,10.25,10.41,10.12,10.27,3440841,0.5174188267785605,0.52021125478455,0.3739309061316227,0.2431126617650064,-0.2331415385931922,0.0752904854052934,0.3201327226938818,0.5764018985653685,-0.6915040686771324,-0.3879813498111206,-0.0013655621620584,0.0817965478857237,1.406050338574352,0.1211015665316824,0.7620207117661714
2013-04-26,ETFC,10.23,10.27,10.13,10.2,2721833,-0.457344886761584,-0.4482456128766777,0.2590283944269713,-0.0894504493235365,-0.2198651432124365,0.0933748537133156,0.0965585378816144,0.5699514675298244,-0.8668364505862292,-0.7331968534236767,-0.001141026054339,-0.1014260565402412,0.5171028514491782,-0.2478760381287115,-0.4474297528632488
2013-04-29,ETFC,10.23,10.36,10.19,10.31,2895790,0.6384141652663132,0.6393737382202167,0.5568635588040715,-0.0093322139291025,-0.2043548490734651,0.1135923653076731,0.0674704352930419,0.4389382362353709,-0.2805591404219408,-0.632457267303908,-0.0013470667382915,0.7187996054232374,-0.45791515162127,0.5645087485430184,-0.2171293244923748
2013-04-30,ETFC,10.33,10.36,10.18,10.29,2889117,-0.1537681817492394,-0.1450057138124474,0.5146672742112519,-0.2034913305560532,-0.1923290321727882,0.1207973901557241,0.041449273736756,0.4385759519029595,-0.273747206719678,-0.6377999570447233,-0.0011345232956589,0.8130338293090407,0.6381297543533794,-0.31886944595807,-0.133466303866417
2013-05-01,ETFC,10.31,10.32,10.02,10.08,2921184,-1.3035682369002335,-1.301455106763678,-0.0168569902429858,-0.6149946054636827,-0.1905626204803119,0.1001538776399698,0.0254382154727034,0.4760460292268189,-0.3544751316310167,-0.596801522230704,-0.0011374266041433,0.0782147526112301,-0.1542592516443853,-1.7117588968204698,0.8890588135985897
2013-05-02,ETFC,10.12,10.46,10.049,10.43,3452887,2.128741370093375,2.088619816760372,0.8546431300706857,0.1470026989851539,-0.1750663397196904,0.1189795142543587,0.1123374916236554,0.6749893935422856,0.2973792170397468,-0.3267227812039956,-0.0013626057135048,1.3029132137742518,-1.3043592585805208,2.288016789041228,1.69276939931502
2013-05-03,ETFC,10.53,10.96,10.52,10.85,5863271,2.4740390240051435,2.4196137706720826,1.8246065893833088,1.232521731397864,-0.1462661354948507,0.1682840935208437,0.4253621168218133,0.8535629980819829,1.160954665011391,0.8106567220750197,-0.0014554958429689,1.1889482180826931,2.128845745303324,2.269654128285995,1.788397577084737
2013-05-06,ETFC,10.83,10.96,10.78,10.86,3614598,0.0243846366704927,0.0322603919904033,1.7490024965381743,1.2972503209833657,-0.1233227615201689,0.1926523766932047,0.6780011323689484,0.821978520731446,0.8908824923787899,-0.2641799102815508,-0.0013847810549456,1.2120328120927095,2.4742334780485664,0.1829681725816033,-0.2099836913557155
2013-05-07,ETFC,10.9,10.98,10.72,10.91,3079940,0.2536431719509652,0.2596336142813468,1.777121085050111,1.3482654791602948,-0.1036732498335932,0.2036686584040804,0.908896386977973,0.8218537699901209,0.8856842632918988,-0.5287584732169818,-0.0013702977790377,1.2835001853292043,0.0239400420348265,0.0429970135128048,0.3948010672169518
2013-05-08,ETFC,10.89,10.96,10.8225,10.89,4698652,-0.1471262676137132,-0.1383877423399549,1.6443201519552668,1.6610793560436377,-0.0895518248741352,0.198252483701066,1.0856663953295482,0.8141224399531533,0.6737914207551738,0.2134817928927171,-0.0010386836894337,1.237963451939582,0.2532583846762469,-0.0263165508545973,-0.5390403228549239
2013-05-09,ETFC,10.87,11.035,10.82,10.89,4620170,-0.0329960430517004,-0.0247793014886723,1.5760006919579057,1.4901449119013437,-0.0791443072480432,0.1843600103960561,1.2310979212238724,0.8090910719920646,0.5378053339606813,0.1568378748580774,-0.0012427088046935,1.1247227634607673,-0.1476156048128197,0.1126931734517046,0.0540649644377231
2013-05-10,ETFC,10.88,11.19,10.74,11.16,5498137,1.5105916635246182,1.4916209689798885,2.130861866155837,1.8375630596845791,-0.0612602242775055,0.1924905822424558,1.4870723591685584,0.7782490776861699,1.262187162691952,0.4742922433149326,-0.0014651001034173,1.3831629161909265,-0.0334556067571959,1.9180308613633767,1.769194614163309
2013-05-13,ETFC,11.13,11.23,11.08,11.19,2038966,0.1343642728046929,0.1414398128150223,2.008707042355053,1.7543847312761145,-0.0470599526219673,0.1895129728101611,1.6035031776787323,0.357788607691678,2.0016134406881805,-1.0721958463433985,-0.0013323663960621,1.365120119738089,1.5105347801686633,0.380970700684316,-0.474154204336793
2013-05-14,ETFC,11.23,11.56,11.14,11.522,5631683,1.814159314368144,1.7855209688872198,2.598419008241505,1.8060039764539209,-0.0241577301228742,0.2095295569349,1.8091936362865015,0.4302845058813203,2.5552763663416056,0.6152124528349496,-0.0014986128255318,1.380957723554251,0.1339483688861996,1.9381644168085583,1.446617503120148
2013-05-15,ETFC,11.32,11.42,11.17,11.34,4779830,-1.0164158334302165,-1.0106122248810496,1.920114378570604,1.3310942568419644,-0.0146970003749516,0.1909446532833045,1.8223782134014737,0.5273210748308368,2.2979273463628185,0.2676377666842355,-0.0010034515619074,1.0808391788080594,1.814181623614741,0.1071671685101878,0.2459966293475853
2013-05-16,ETFC,11.24,11.4,11.12,11.32,4056789,-0.1427985783225583,-0.1340760340048301,1.633404500844346,1.4414325559117005,-0.009572213680348,0.1649160875843762,1.6614269036296996,0.41580412248649,2.572780717231158,-0.0825582359943881,-0.0010557606066234,1.0439769676997863,-1.0171319448027136,0.5114185748426988,0.4701107797801476
2013-05-17,ETFC,11.37,11.55,11.364,11.53,4913251,1.1219675501198012,1.1133256002142895,1.926186608023152,1.5033904165102654,0.0010457051654552,0.1582324626202654,1.661196204462829,0.3377734263468672,2.372414625178155,0.4745008389156497,-0.0014548359088905,1.3886801401693651,-0.1432867865443938,1.0368572069004791,-0.2468833256457757
2013-05-20,ETFC,11.47,11.68,11.44,11.52,4314710,-0.0869926063635632,-0.0785030210350518,1.6696867149540986,1.5253336071725738,0.0072867887764328,0.1416196641000697,1.5318240459142431,0.2984642035506618,2.4986966551550887,0.1527540040835669,-0.001041006414462,1.1629476753556234,1.1218092852270805,0.3030286329312284,0.1449440003938587
2013-05-21,ETFC,11.5,11.6,11.44,11.47,2283549,-0.3032132196948296,-0.2940993559250373,1.3526762537780117,1.9069699385276184,0.0084713191806042,0.115313944376212,1.413129029905284,0.29629373488173,2.076096444043663,-0.8471287724537054,-0.001143191096227,1.046243455111681,-0.0874662563143014,-0.2234081643166889,-0.4287661418415792
2013-05-22,ETFC,11.5,11.8,11.27,11.32,5868768,-0.8471813634341594,-0.8398404292088927,0.8473709718692741,1.306050807411056,0.0017899503471511,0.0740226793679094,1.3050553987505331,0.3167862413848989,1.4771857664863557,0.9365268254987804,-0.0009958000326559,0.546470247714011,-0.3037432757647557,-1.2088662316271706,2.310677455551556
2013-05-23,ETFC,11.25,11.44,11.02,11.4,3283963,0.4069900876803055,0.4112547744409965,0.8985924580216529,0.9570658847881238,-0.0020293784392947,0.0483565091733457,1.2154145125579368,0.3148787027403597,1.4484725104355929,-0.3730045247706857,-0.0013695829477369,0.6958716651271568,-0.8478533261034492,0.9810405846183392,1.4791288058240857
2013-05-24,ETFC,11.37,11.47,11.25,11.31,1854545,-0.5245068654088998,-0.5155341789408604,0.5472448494495773,0.6984812435643067,-0.0101770557046259,0.0166824785438976,1.0302663274344943,0.3206509463391796,1.4307652037535925,-1.0900224147159636,-0.001167627040723,0.5277950705373685,0.4066453044749146,-0.4250067100127422,0.0298068719139086
2013-05-28,ETFC,11.45,11.8601,11.45,11.76,4390321,2.4441142022498235,2.390998487465444,1.435295938614582,1.133314669427229,-0.0006131861792793,0.0369324705820804,0.9848793565300468,0.5444308930521188,1.898041653739473,0.1725200932969749,-0.0014157702042914,1.2620458779480126,-0.52509465101517,2.01919029628477,1.3149759590614791
2013-05-29,ETFC,11.66,11.88,11.61,11.75,4018656,-0.0859365511287246,-0.0774518549779788,1.2302064225432308,1.15597239107759,0.0048209800592004,0.0425026790434845,0.8541175515438862,0.5410217774108269,1.916328910032231,-0.0433712963825533,-0.001073762872183,1.2105434834469042,2.4443008497153413,0.5568447411215857,0.3237426519639103
2013-05-30,ETFC,11.76,11.99,11.68,11.795,3380793,0.2054389941768931,0.2118951196387439,1.1249501863395517,1.1933311420250472,0.0090975882907361,0.0439793114296495,0.4862723482897773,0.3906196540759956,2.3312762669492213,-0.3704340629842151,-0.0013766830165128,1.10891924688568,-0.0864099255831698,0.1985399525991834,0.5990674818452123
2013-05-31,ETFC,11.75,11.93,11.62,11.62,3178908,-0.9567057982234908,-0.95030599480867,0.5747376066311202,0.5500207351400421,0.0038589722531657,0.0206685938708272,0.2086786630454471,0.3258259517493109,1.508169639627987,-0.4650858445502008,-0.0011103451747703,0.6061799978706237,0.2050416317339011,-0.8622086419917178,0.6320553038170353
2013-06-03,ETFC,11.67,11.81,11.37,11.58,3461135,-0.2473094251466313,-0.2382849712985894,0.3957158275614008,0.4341645874273582,-0.0035224292496871,-0.0034954730766404,0.1191106587274612,0.0525501242937128,0.8206503450694826,-0.2725866509101992,-0.0011051542685436,0.3697177834122377,-0.9574063328602148,-0.6089781330690184,1.5753408693003617
2013-06-04,ETFC,11.6,11.735,11.3,11.46,3994870,-0.6781570533996584,-0.6697495386414998,0.0486253081566817,-0.3009259353630167,-0.0156111034023288,-0.0349431654012834,-0.0113679988927265,0.0942985813936431,0.6439346258860508,-0.0091851271065541,-0.0010914397613651,0.0556218901105868,-0.2478248974261881,-0.9381484407223316,1.572138031304833
2013-06-05,ETFC,11.43,11.45,11.1,11.1,3498557,-1.988745912116999,-2.001008211409613,-0.802458132451722,-0.5796753273169102,-0.0405877610064985,-0.0932747668035544,-0.090669972480325,0.3379370970755831,0.0882924736129487,-0.2713670574536067,-0.0011170805266122,-0.9239385024661712,-0.6787849221907996,-2.2076016867211874,1.036541028828347
2013-06-06,ETFC,11.14,11.39,11.1,11.39,3108790,1.5935652970012597,1.572090802224073,-0.1920162924506246,-0.0898332987001273,-0.0500875706214439,-0.1001029076290912,-0.2489005277625446,0.4568526832815613,0.5068366186223214,-0.4368401424099553,-0.001349506697867,-0.1527283857795102,-1.989715678150185,1.6691902974503858,0.5306119354789007
2013-06-07,ETFC,11.5,11.76,11.44,11.76,2985625,1.989433621081217,1.954580237364148,0.5556802173112646,0.113541759423114,-0.0442408140294626,-0.0660636230581239,-0.3862766892303624,0.6191638472145458,1.0058286591903622,-0.4675564109381067,-0.0013493804599273,0.8312293493034659,1.5935300592256554,1.681810765816898,0.6764545812543781
2013-06-10,ETFC,11.78,11.88,11.66,11.87,2393968,0.5493495457955384,0.5516805644080376,0.7236133654944475,0.2517108840408375,-0.0365528788182536,-0.0340930333306398,-0.3587222568608079,0.5409812200500856,0.7668823834431981,-0.7265650478678111,-0.0013316604628457,1.031639799107214,1.989501654661321,0.5509042186226771,-0.0466744449048561
2013-06-11,ETFC,11.72,11.87,11.48,11.53,2691159,-1.8162928206015452,-1.824191253114022,-0.0911502451145756,-0.1217728354751729,-0.0450182465292435,-0.0500948851974974,-0.429587407666702,0.7195783171028418,0.2787631607639607,-0.576027242032116,-0.0011394034701966,-0.1335372346355149,0.5490419003284892,-1.2511321805891886,1.22766439786693
2013-06-12,ETFC,11.64,11.73,11.45,11.5,2756563,-0.1949857329872889,-0.1860905075189257,-0.1570100370291304,0.0223049615300421,-0.0539816531522345,-0.0641783102769262,-0.4293060665286511,0.5695848486011673,-0.1955193112302717,-0.4796295910543526,-0.001140690279363,-0.23634697290693,-1.817217598280085,-0.9350149978018352,0.4378448457074941
2013-06-13,ETFC,11.46,11.69,11.41,11.68,4617390,0.9414775873608336,0.9368435581666452,0.2139708696454957,0.1270985459551457,-0.0550626161244548,-0.0551557760766199,-0.4379615265819679,0.5585722736778279,0.2728605137999814,0.5825492829111399,-0.0014075362739027,0.3805114567215726,-0.1954875554285124,1.4240667593812948,0.4065734096028205
2013-06-14,ETFC,11.69,11.695,11.28,11.44,2690070,-1.3122707861731724,-1.3102908660212913,-0.3457146050671598,-0.0502111624935528,-0.0662965527023954,-0.074071327997965,-0.4654511714168339,0.6450179744415332,-0.0117891456315256,-0.4838654818065279,-0.0011406177795357,-0.4419664494497664,0.9412722375107871,-1.6420519050134952,1.431967756566142
2013-06-17,ETFC,11.54,11.97,11.51,11.9,3696273,2.4703865836393883,2.4161218730374223,0.6572039317810309,-0.0400753188924007,-0.0581220828496518,-0.039246865490709,-0.3811564522248126,0.859598412087078,0.3038173539979701,0.1378858779405006,-0.0013780091777717,1.134449537378635,-1.313064078113561,2.330584892626279,1.6302555294966312
2013-06-18,ETFC,11.94,12.175,11.87,12.09,5723471,0.9610398497827408,0.9559957490373908,1.0211239541568242,0.1505948120060525,-0.0453396789058939,0.0004734475415538,-0.2186090617635776,0.8898807869978836,0.5592012816633508,1.2665327691761283,-0.0014629510506816,1.1982420156711422,2.4705800848597503,0.9228264787995514,0.511154350978493
2013-06-19,ETFC,12.09,12.285,11.98,12.05,3661092,-0.2389779702595644,-0.2299711475859078,0.8623655551761604,0.0661306973384329,-0.0380413792705651,0.0181337078842136,-0.1187723897703698,0.8876451394470684,0.5751733310750504,0.0326008466663057,-0.0010896842258345,0.8253430515612783,0.9608396031987002,-0.276281100599737,0.5181335318849117
2013-06-20,ETFC,11.94,12.21,11.82,12.14,5712893,0.4320017473941116,0.4359497744009246,0.9692390603765102,0.3467194040827334,-0.0300649867314326,0.0340073156196234,-0.0432943353576083,0.8461012003190465,0.8963897115096724,1.203631479275338,-0.0014690154177175,1.0618460858457244,-0.2394912690875241,1.239207488684271,1.086018363277159
2013-06-21,ETFC,12.18,12.3398,11.995,12.235,5164099,0.4541961779009262,0.457854967885022,1.0848219077518255,0.4730662652432409,-0.021453688216987,0.0483404388587452,0.0650507904873017,0.8470612507909039,0.9082483878146972,0.8159988900299215,-0.0014654379972394,1.1618864751127311,0.4316634890553242,0.3148450405925152,0.7573420784302561
2013-06-24,ETFC,12.06,12.148,11.61,11.89,6377952,-1.78853531048198,-1.7957784670187875,0.2448213863741259,0.214497816256798,-0.0295622293552157,0.0167703580096657,-0.0007574470691518,0.990129449681736,0.5856794358430507,1.2821373477464566,-0.0009436227491893,0.2368641889233005,0.4538637094897187,-1.0913085473123008,2.1796922664539267
2013-06-25,ETFC,12.12,12.225,11.925,11.93,5215410,0.1764506768762299,0.1831691152791386,0.3150038726613643,0.6782141403786113,-0.0356987086162234,-0.0034096533459175,0.0167811487385799,0.7474477285550268,0.0448286130522551,0.6471712080362572,-0.0014634862417474,0.3441131496409139,-1.7894528469756943,-1.2107092225121283,0.5044227687735571
2013-06-26,ETFC,12.06,12.38,11.99,12.24,3365037,1.584773581806584,1.5635693364478866,0.9512606549893112,0.6928564176648551,-0.0297152677736413,0.0116428032764944,0.1251768724153718,0.8495154132254499,0.4449834131796266,-0.2930964366076943,-0.0013974680006188,1.0792963965351123,0.1760457521640559,1.1013220336300285,1.0641446519996998
2013-06-27,ETFC,12.35,12.62,12.35,12.59,3300274,1.7472582971854205,1.7208702726429377,1.6377181299970354,0.6782141403786113,-0.0127480650601642,0.0519567825488733,0.3879515686072585,0.959533714346416,0.8224176553808693,-0.325016269323823,-0.0014034531713812,1.3772699060591542,1.5847360505098975,1.4418962781747815,0.1959701419400614
2013-06-28,ETFC,12.53,12.73,12.33,12.66,5346505,0.313156667424911,0.3185214435380957,1.6698665893441744,0.6482975450599553,0.0017372933304366,0.0778197414036881,0.6122786325663748,0.9014747056380537,1.1469818712057276,0.6652370765721337,-0.0015191278286067,1.3001224898487294,1.7472631537632322,0.7575407572747854,1.041878601460536
2013-07-01,ETFC,12.66,13.04,12.6599,12.82,3653109,0.753835394529068,0.7528332163014595,1.8764405370051984,1.2728807723465474,0.0176147534836391,0.1020933544599801,0.8496579159817451,0.8998256062045633,1.4051760211629658,-0.1973755764310258,-0.0014524700237087,1.0659097118643577,0.312787405614057,0.9285243358496064,0.8796480635948634
2013-07-02,ETFC,12.81,13.2,12.72,12.9,5079666,0.3555096511672027,0.3603950846315141,1.8819654701949209,1.3676020422596484,0.0312893812749261,0.1158421923263549,1.0248874705183229,0.8563999817870827,1.6779533562566102,0.4894525626776055,-0.0015582305256722,0.9679956754153888,0.7535810938980092,0.504492244183833,1.5097313244577113
2013-07-03,ETFC,12.78,12.885,12.69,12.86,1780008,-0.2260442213418677,-0.2170669805462778,1.5891342512018287,1.196173010240431,0.0384134510451472,0.1099802390385671,0.9583476552138696,0.6145959828709551,2.161201172114085,-1.137143517514421,-0.0011179617434706,0.904677931845054,0.3551514381061053,0.4466210714331655,-0.3276016948761203
2013-07-05,ETFC,13.01,13.17,12.9703,13.16,4039624,1.4193687508498212,1.403029922177856,2.0331004030381314,1.7829243313973842,0.0535525565801815,0.1259212404912093,1.0893951285694337,0.5966071907013882,2.114805108887886,-0.0095307902383589,-0.0015136369384555,1.3736249701628356,-0.2265541461039982,0.8447647538395252,-0.3266453592371668
2013-07-08,ETFC,13.19,13.49,13.17,13.4,3161355,1.1024088961321037,1.094225545094159,2.357351140788039,1.6916951822917965,0.072464295123285,0.1483847340716672,1.3736409286566325,0.4970219063306331,1.8806473028448136,-0.4553807180885701,-0.0014776708930025,1.30750484342826,1.4192880698993369,1.176554933883748,0.3989055734577606
2013-07-09,ETFC,13.51,13.59,13.33,13.51,2069838,0.4780773991008123,0.4814163174816424,2.4004889873773254,1.6541366859840094,0.0890583545508674,0.1603898627906366,1.6446263927983775,0.4960805204422853,1.861667212888508,-0.9997505067701048,-0.0014107746786052,1.327755582065007,1.1022455289147202,-0.0263165508545973,0.0125712443315298
2013-07-10,ETFC,13.46,13.57,13.35,13.53,2016149,0.0591698155694334,0.0668132934575168,2.2112386844881446,1.7490909471396614,0.1001458204300013,0.1558200887659951,1.7440183540881316,0.2352922639255827,2.380059827102475,-1.0181966724445084,-0.0014169680612484,1.3565363745969763,0.4777511606553264,0.3665976364583885,-0.2361879771012428
2013-07-11,ETFC,13.68,13.7,13.21,13.36,4219878,-0.8152478076310303,-0.8076695453207521,1.642568814737708,1.353763536264726,0.0994002953994916,0.121706354645245,1.6884820967471157,0.3018295560954339,2.207912798470891,0.0644460987487042,-0.0008535417568203,0.9758449824695606,0.0587342954476016,-1.7936097709825536,1.4653393475774843
2013-07-12,ETFC,13.33,13.43,13.2,13.42,3358160,0.2466059217622714,0.2526666424755539,1.5741928191447576,1.332357048571212,0.098341045216511,0.0936078442068424,1.6577651473475448,0.2889987628380612,2.0204165573001776,-0.3396186213308257,-0.0015143193503397,1.0582627065383836,-0.8159114396979461,0.4837855244974126,-0.1629783241960743
2013-07-15,ETFC,13.49,13.6,13.34,13.51,1442872,0.3845317792189469,0.3890724034329872,1.532519437961256,2.1508039380887296,0.0982152842001344,0.0735318209013021,1.4793364708457553,0.1105319100581641,2.489966887958876,-1.300169280709789,-0.0013720696280244,1.154479440725273,0.246219298659013,0.085694991266186,0.0125712443315298
2013-07-16,ETFC,13.48,13.55,13.16,13.21,3220197,-1.4154839223687572,-1.4151801572843064,0.7731683262575135,1.4507492635868406,0.0836485405259205,0.0203001614915573,1.3612155687416931,0.0483748801517571,1.4492776611296516,-0.3734929287439422,-0.0009398866841574,0.663525185998237,0.3841811372473435,-1.539594146798728,0.8691556669420893
2013-07-17,ETFC,13.26,13.38,13.17,13.34,2427891,0.5796871420213545,0.5815649623903321,0.9068161267534832,1.3398057328043345,0.0746637067466958,-0.0079174260569676,1.2983734545278591,0.0255127839278695,1.3509835050369698,-0.7289263149823654,-0.0014485622817816,0.8702924586621223,-1.4163041398292076,0.4295011575041967,-0.2793613478653044
2013-07-18,ETFC,13.39,13.53,13.36,13.45,1919321,0.4803760802499218,0.4836837364996714,0.9825796810543692,1.1588340159250683,0.0693764127978291,-0.0209740922241719,1.2084311676269393,0.0094321186517529,1.5388441561524084,-0.979589012192514,-0.0014184797834657,1.045249381685411,0.579387410813923,0.3122276694312955,-0.5379450090973708
2013-07-19,ETFC,13.42,13.545,13.29,13.49,1921024,0.1521579718139663,0.1590859647105711,0.9212191177731855,1.1329110402639846,0.0643228064954035,-0.0308179171788386,1.1183227767440045,0.0100349974584591,1.465706069212963,-0.9201520629755212,-0.0014305313689218,1.1088700809666083,0.480050441468274,0.3677687666739365,-0.0159407195355021
2013-07-22,ETFC,13.47,13.6,13.35,13.58,2689214,0.3823652152783268,0.3869320389421931,0.9616301166189902,1.0690259541778675,0.0614552364250021,-0.0330661575131143,1.042828250434089,0.0089628792740038,1.4470231812366956,-0.4121784888952901,-0.0015247248819141,1.2520166543492992,0.1517467097910427,0.590661650158889,-0.0570665502699689
2013-07-23,ETFC,13.65,13.79,13.57,13.61,2639611,0.1045401222618006,0.1118516834716645,0.8425947591989414,1.02022851022274,0.0579986236672404,-0.036380935517657,0.7466059237144421,-0.3010684681068358,1.9570701631168677,-0.3470205337567216,-0.001550833770873,1.1220462177480344,0.3820140081086973,-0.2477137234860165,-0.2441535078579478
2013-07-24,ETFC,13.71,13.71,13.45,13.62,4468163,0.0127482901581326,0.020697441571279,0.6884576913532697,1.1282267655386071,0.0533417591608282,-0.0421221852604457,0.3587182377745125,-0.2937865252580606,1.9130149770260547,0.8632548616287622,-0.0018294224984539,1.1289282736566506,0.1041164380278032,-0.5222801295885454,-0.0003823875007419
2013-07-25,ETFC,14.25,14.75,14.19,14.69,12741910,4.858053892592861,4.657828802212718,2.545785920681571,1.6361121408846455,0.0890391574569353,0.0571559927159001,0.6072879332834132,0.7329394282218318,2.772232716948414,5.159629985850702,-0.0033643826175134,1.3604610281240632,0.0123006599138897,2.3065104997143,1.585727231861056
2013-07-26,ETFC,14.49,15.01,14.32,14.85,7613479,0.6451037527122596,0.645955305310225,2.615109528009816,1.5985789066037883,0.1205408441557456,0.1257788456730957,0.949696666373319,0.6639448162545618,2.4688695087024954,2.0152776412867084,-0.006625593672301,1.2444201529425878,4.858870271737464,1.8507464344986928,2.2810796560785342
2013-07-29,ETFC,14.83,15.0,14.74,14.88,4243157,0.0927777700767415,0.1001785267819111,2.435938843953871,1.558445967783998,0.1433383715136839,0.1582727717342018,1.1802183290548107,0.6698425108708771,2.407889553503232,0.2516378351943609,0.0019502097444075,1.258995683443675,0.6448210869320444,0.2284096297268966,-0.1350992088767402
2013-07-30,ETFC,14.89,15.245,14.89,14.91,4897759,0.0925241938405911,0.0999268492132466,2.273294745486065,1.5636139485910727,0.159056599930961,0.1660459189772322,1.3642561463375136,0.6724960803273402,2.226820124649965,0.5623976767070116,0.0004710912572147,1.0070271611779225,0.0923510173626901,0.0751633486221902,0.3929822714620917
2013-07-31,ETFC,14.93,15.3125,14.89,14.9,5025817,-0.074751936746249,-0.0663201167957172,2.0461579005496,1.911689062523812,0.1674929586219772,0.1535210294508466,1.4778788091481805,0.6844914229231507,2.109507471735264,0.6324489397570175,-0.0023299332229625,0.9200093969230952,0.0920973749753472,-0.1781285772989412,0.7718648922347937
2013-08-01,ETFC,15.01,15.25,15.01,15.21,3474880,1.2623054082610017,1.2502003681620577,2.391776305983312,1.999420229795745,0.1825782905410649,0.1606154604592781,1.622445802277248,0.6918317270536356,2.5163015392529227,-0.2339832567687839,-6.841489087912536e-06,1.2974050063181304,-0.0752223934368315,0.9803694606106984,-0.2762807557989553
2013-08-02,ETFC,15.17,15.35,15.115,15.29,2105574,0.2944624053300324,0.300029747093151,2.3229314052493044,1.996261907773955,0.1937523786952833,0.1562235311458066,1.7955080817204458,0.6514957340536032,2.209601353787524,-0.9192846854548752,-0.0007245761027606,1.351805285413639,1.2621837537257807,0.5713244655762758,-0.3104146829864964
2013-08-05,ETFC,15.25,15.39,15.11,15.31,2135835,0.0484402388300361,0.0561574196999168,2.165668024356604,2.729621205569936,0.1994003340423585,0.1384858169796927,1.9551331547451352,0.6359534407128634,1.925904362229688,-0.8874368737620096,-0.0007998156388812,1.323625602867595,0.2940882666910184,0.2709363743669266,-0.0671279113163449
2013-08-06,ETFC,15.29,15.33,15.04,15.14,1386120,-0.7243001824872557,-0.716137492203864,1.686530983338138,2.266349381314736,0.1932619786677863,0.0939578847460858,2.028536325507674,0.6909392275393983,1.6044753607900888,-1.2865491323512668,-0.0014905820341164,1.070212660551351,0.0480019196513749,-0.7675047636780375,0.0050333772153423
2013-08-07,ETFC,15.02,15.07,14.3,14.62,5702857,-2.171317013940792,-2.1887510994314323,0.619236998232095,1.1523699184617036,0.1643417903782004,-0.0003045067835569,1.9790825710011797,0.9541114718604484,1.0156966626294133,0.9250234870565148,-0.0023625407533811,0.2950671899369558,-0.7249400887747248,-2.0383481130508723,2.7980373539952037
2013-08-08,ETFC,14.65,14.87,14.53,14.635,2243954,0.0308801924119557,0.0387140380961612,0.5263601066320065,1.1366032426604895,0.138717478808683,-0.0672308900670642,1.87119466582302,0.908405523999922,1.234121151775461,-0.8453770247444702,-0.0005040140964437,0.3174271554354488,-2.172334407844286,-0.103673327469416,0.3448491187573627
2013-08-09,ETFC,14.65,14.77,14.48,14.68,1786589,0.1584362553723537,0.1653109880324374,0.4905922340924863,1.1074285857579236,0.1171346357803988,-0.1103693262410616,1.7588973510920047,0.9088542755335088,1.2114390259286345,-1.0694804747827809,-0.000778210589552,0.3845070519309249,0.0304372922913762,0.1283970023750308,0.0550554716416009
2013-08-12,ETFC,14.59,14.669,14.44,14.51,2435366,-0.7539678669453179,-0.7459809526650265,0.0873971492487635,0.8154662589882199,0.0905991101489161,-0.1576281949423673,1.6389477289370915,0.9491618818257704,0.919610357344158,-0.7330781919145352,-0.0017851033097571,0.1310941096146813,0.1580266311840715,-0.4405826792190668,-0.2760201941841202
2013-08-13,ETFC,14.51,14.73,14.45,14.61,2338079,0.3960738225484185,0.4004736262894002,0.1408210302992477,0.8794866300663635,0.0709906027787619,-0.1776052641447064,1.393001744904869,0.8306690843523827,1.3890082376964126,-0.7704900049977811,-0.0005954911314363,0.2749230768752517,-0.7546155127305149,0.4943711483905424,0.0058999593227545
2013-08-14,ETFC,14.58,14.785,14.565,14.74,2938697,0.5209769121033504,0.5237187165477217,0.2478956148166486,-0.1066893653869021,0.0581999192405789,-0.176037958329298,1.1593003889904527,0.829330225424548,1.373840091192425,-0.4542318689557569,-0.0005830645205414,0.4139654191749712,0.395726191584238,0.8027839721683944,-0.3474304779953365
2013-08-15,ETFC,14.56,14.65,14.45,14.55,2285074,-0.8355080596548138,-0.8280784317599438,-0.1941730625277338,-0.6746630678306396,0.0384463156893033,-0.1927065499266826,0.9203483829721106,0.8793907489952848,1.0336534941662754,-0.81390113491747,-0.0016571329647455,0.1132061372158895,0.5206618649823467,-0.0782065131900839,-0.4457450781294765
2013-08-16,ETFC,14.46,14.7,14.46,14.56,2525782,0.0097929861569443,0.0177604342229031,-0.2718597142317582,-0.7127972965290403,0.0212439718771811,-0.1994745245549642,0.6531172684500595,0.881118047667382,0.997430980948678,-0.695166905582497,-0.0007042185514078,0.0903931266648129,-0.836176977074374,0.4961715899508644,-0.2175734727058904
2013-08-19,ETFC,14.5,14.64,14.37,14.37,2406224,-0.8454292246952412,-0.8380748352097158,-0.6816388916716601,-1.0007569776572462,-0.0015449102663433,-0.2192685577525111,0.3982239651335618,0.9252420764215183,0.6868952240344757,-0.754200835371378,-0.0016723467076105,-0.3048867984212098,0.0093445849536927,-0.7036773833277812,-0.0254204905903763
2013-08-20,ETFC,14.35,14.67,14.31,14.59,2689436,0.9201541482974436,0.915960358652988,-0.3751572988413432,-0.6099068304182667,-0.0124990828913356,-0.2046414457398176,0.0754116536492834,0.9484944407484296,0.8900409435989333,-0.603317192810218,-0.0006745461964583,0.0720822419073212,-0.8461007302788488,1.2372673124564009,0.4650646751172946
2013-08-21,ETFC,14.55,14.67,14.35,14.43,1619321,-0.7157435413226074,-0.7075328263334718,-0.7306425603445142,-1.3267134980126776,-0.0288409239829778,-0.20680752201618,-0.3223192563441673,0.980956457161,0.7059522066642069,-1.142603411808774,-0.0015266689975232,-1.2164664777611092,0.9199432357379648,-0.649424057332706,0.2568448420192405
2013-08-22,ETFC,14.5,14.73,14.44,14.69,1329245,1.0887703983641288,1.0809033465235984,-0.2687570331523596,-0.992557324218664,-0.0328766450532644,-0.1768646419474221,-0.3223192563441673,-0.1638443455020858,-0.1674769497128712,-1.1660602520098695,-0.0009830477740082,-0.691916730568352,-0.7163812154134607,0.9636723581446628,0.0539347232626287
2013-08-23,ETFC,14.69,14.69,14.52,14.65,1085658,-0.202520991992687,-0.1936044446468854,-0.322188389410789,-1.0649506608836057,-0.0388969679657221,-0.1580186688700068,-0.3186088220853218,-0.1960861782656889,-0.3652755964245264,-1.2413219467176737,-0.0014366416640584,-0.8139050438689914,1.0886034732309722,-0.2320395873705087,-0.624228604017764
2013-08-26,ETFC,14.66,14.7,14.51,14.53,1691906,-0.542959490139034,-0.534034396250531,-0.5048574246024314,-1.0172444528509503,-0.0495161413570447,-0.1547792523732314,-0.3036710970873011,-0.1836051532243252,-0.5129267031684623,-0.7316997829375879,-0.0015676426297708,-1.1798699837709206,-0.2030247801795026,-0.6962846320866004,-0.501526015115735
2013-08-27,ETFC,14.34,14.4,13.93,14.06,3302778,-2.046848598064209,-2.0606950686445864,-1.2690317762574026,-0.9672879519865624,-0.0772348831652853,-0.1962017139184665,-0.1519972957811965,0.0482299868549599,-1.0047383239978738,0.5988735988621163,-0.0019611270000708,-1.5853140182170555,-0.543552089536801,-1.5015257450618198,1.1946080920411162
2013-08-28,ETFC,14.08,14.34,14.0,14.11,2300481,0.1884052282803698,0.195017105730024,-1.1119444510284826,-0.9067938956777885,-0.0978031303212252,-0.210934433012647,-0.0543673809887134,0.0566751800742344,-0.946159776524212,-0.0982301156932572,-0.0005675312719273,-1.471472184743,-2.047833521519152,0.1346602641179916,0.4168895746975918
2013-08-29,ETFC,14.1,14.45,14.07,14.34,1103236,0.9818408545154964,0.9763542185394128,-0.6239433274530058,-0.6171019679085306,-0.1055314581037757,-0.1896708768551592,-0.1264865854798715,0.0102416361771443,-1.0075359951406306,-1.062252361474408,-0.0009822745868994,-0.9477997507623324,0.1880034221878359,1.2596712816640427,0.617150750753894
2013-08-30,ETFC,14.33,14.33,13.94,14.04,1756423,-1.33546544678765,-1.3338467281629838,-1.054267005894819,-0.7496439743081297,-0.123732728534349,-0.1996172060175011,-0.1868048259679601,0.0650527528815833,-1.3681431954895609,-0.4687463755415913,-0.0016217659871967,-1.6308507516066817,0.9816460343518796,-1.5552780090916098,0.7236999662197593
2013-09-03,ETFC,14.27,14.62,14.27,14.54,3220520,2.1841705345330014,2.141872235019042,-0.0833735181025116,-0.2608549165613173,-0.1188061673841105,-0.1480436289950875,-0.4188350408203482,0.392973601081145,-0.9061211776111194,0.7766246475031846,-0.0004377362275269,-0.4329094010782371,-1.3362647895886433,1.4031846399882115,0.4148178276496732
2013-09-04,ETFC,15.18,15.97,14.81,15.71,10183392,4.976763508071875,4.767191486611615,1.975841939616304,0.5419592340397128,-0.0697478741003175,0.0068095514238234,-0.0422817261752796,1.4483864549109138,0.3854512686130253,5.447276043002177,0.0007303538684563,1.0192085562443334,2.1842893697151413,2.6115257505320435,4.562425086465372
2013-09-05,ETFC,15.75,15.76,15.53,15.55,5739209,-0.6670689902046306,-0.6586078219276603,1.5978215803196554,0.5703924246856448,-0.0384189935687367,0.0850568925397775,0.2341774749282492,1.275632485237358,0.7667563643812905,2.175081346316773,-0.0018926372873675,0.7584884356606085,4.977610855349518,-0.985704298924055,-0.3586295184244305
2013-09-06,ETFC,16.07,16.47,15.64,16.26,7548672,2.80965390061329,2.739639196742249,2.712714553269537,0.9046539013751034,0.0125115031098757,0.1981089879607198,0.8278706388517528,1.514081409031704,1.4632468608305702,3.017028334491917,-0.0001264629533483,1.1680448455539432,-0.6676939664195067,0.8669528443220925,2.6628527963670376
2013-09-09,ETFC,16.3,16.52,16.22,16.509,2236868,0.9204019481626824,0.916203082945697,2.9751768885584893,1.1695705640319969,0.0602827983836564,0.2804189342658733,1.3756419469555972,1.5251159642057093,1.662339063164836,-0.5555647600333739,-0.0010068148600885,1.4287606066670695,2.809935907515062,0.9424149275833298,-0.0768616205268772
2013-09-10,ETFC,16.87,17.47,16.84,17.1,6937778,2.1957579797031577,2.152998846514133,3.761337105510805,1.2871536416404794,0.1183407732257512,0.3727446274376058,2.0563006855275527,1.5855963130042063,2.45403671345059,2.2542970178808304,-0.0005683859731161,1.095436049126865,0.9201911002474966,1.00373149816189,1.4791288058240817
2013-09-11,ETFC,17.03,17.1,16.6337,17.02,3722221,-0.324261715559675,-0.3151272328100012,3.379788739985188,1.3589192194277622,0.1576897966130687,0.3984486629977958,2.5116922847255103,1.6076996468686433,2.255150315119471,0.2140811054271204,-0.0015337721384864,1.0203133025179931,2.1958798377368347,-0.0706804881185327,0.6919806028283124
2013-09-12,ETFC,17.01,17.11,16.8,17.0,1709949,-0.1061547240135993,-0.097579524916895,3.122949050806424,1.2622249885036865,0.1842668156805532,0.3861369721918384,2.8567567001913994,1.618044352690892,2.0843277932619912,-0.9872911364952368,-0.001392086493559,1.0015326158657762,-0.3247972626137778,-0.0707326503022645,-0.071578819762191
2013-09-13,ETFC,17.0,17.14,16.84,17.11,1769914,0.3698500819390939,0.3745667981051497,3.0647838956212787,1.3337325895619958,0.2055923339741631,0.3627703469576842,3.130844748161397,1.5602493178588852,2.4165482576377517,-0.9415394454515742,-0.0010792971851066,1.104826392452972,-0.1066333728433778,0.4625479413602062,-0.130058103765377
2013-09-16,ETFC,17.37,17.38,16.96,17.07,3247620,-0.1785437636795849,-0.1696982275471086,2.7564569251538265,1.4101280199733284,0.2167243327396603,0.3178391029825156,3.3145606675584927,1.5677369841130333,2.364338935660383,-0.0431655663494345,-0.0015258798320772,1.0672650191485378,0.3694956099091354,-1.3311833066485563,0.4592420556490373
2013-09-17,ETFC,17.1,17.515,17.05,17.48,2269044,1.4623639671660542,1.4448004794677864,3.15751015898125,1.9921165274244477,0.2372513054078375,0.3060766088970182,3.509234065212843,1.5302782551853622,3.0110316795173926,-0.6431978427598389,-0.00102238257334,1.4104250970156231,-0.1790412968550157,1.6526120082669546,0.6256955234940879
2013-09-18,ETFC,17.47,17.73,16.63,16.98,7504054,-1.813832355940096,-1.8216721771606408,2.0941801848784065,1.478896930216812,0.2294995956954023,0.2238777719875608,3.5430071749330465,1.7127630767780588,2.23833890695839,2.271754301024986,-0.0019177672627125,0.786790290855552,1.4622945025064622,-2.1453992485437907,3.807671685178968
2013-09-19,ETFC,17.14,17.4,16.7,16.86,5710362,-0.4729821737837063,-0.4639058435067449,1.6754809037264256,1.3079744752022815,0.2144652723763351,0.1393733804039154,3.4752183524651388,1.695552472753398,2.30572577582887,1.0594357425394063,-0.0019215223397452,0.6818161370415774,-1.814756491749848,-1.2605347448412778,1.8688541192418144
2013-09-20,ETFC,16.95,16.99,16.65,16.71,6886139,-0.5868931738219656,-0.5781036532527619,1.2492657470098696,1.446541249569327,0.1927293149768573,0.0545199763800746,3.401285129323783,1.7158380403337623,1.8520485796981416,1.4382740233245197,-0.0023263393656487,0.550598444774112,-0.4735565179893064,-1.0960763407373522,0.1044206921941974
2013-09-23,ETFC,16.64,16.69,16.405,16.47,3067559,-0.9271868868373926,-0.9205140249123924,0.697578337501849,1.0608040948210136,0.1624888507866659,-0.0352532009164826,3.265414884849127,1.7607263875568937,1.6570636730434187,-0.5304197855308606,-0.0020346524332785,0.3406501371461632,-0.5874972343314184,-0.7981797405949842,-0.1491778838783199
2013-09-24,ETFC,16.5,16.84,16.38,16.66,2661231,0.6852205401134457,0.685409634616706,0.8284584018991938,0.5950670775100481,0.142659999470161,-0.0802724304487692,3.082436105091241,1.7353150478081405,1.9854721538015967,-0.7462984513313673,-0.0002813311933536,0.5068592140182892,-0.927879720787266,0.7063068203984463,0.7098042647593542
2013-09-25,ETFC,16.73,16.98,16.7,16.79,3219091,0.4528109722433194,0.4564880409003428,0.809954079768468,0.8430841124249422,0.128879936524535,-0.1007183369355205,2.70294855438039,1.5179448386070178,2.684178824474147,-0.4726333288551849,-0.0003789978929025,0.6184115634868312,0.6849483397197482,0.2446402399181525,-0.2014822924322406
2013-09-26,ETFC,16.79,16.94,16.65,16.8,1788224,0.0040843842851612,0.0120867805130279,0.6024539277804292,0.3712413723474035,0.1153271345449272,-0.1164900963106013,2.2499351121004096,1.5236457186568635,2.632439294393144,-1.1657626378247068,-0.0008767913626558,0.6271824910262587,0.452478142469362,0.0186815344107283,-0.1527019248880201
2013-09-27,ETFC,16.61,16.79,16.52,16.76,1310725,-0.1812294656673627,-0.1723755165363555,0.340604463010888,0.0920990241905402,0.1001614772494037,-0.1332589656291487,1.7865795303987106,1.531981521596317,2.311006302336218,-1.4019536802759458,-0.001479673936329,0.5920987808685552,0.0036344938618365,0.655969287439844,-0.2487205587001333
2013-09-30,ETFC,16.49,16.66,16.34,16.5,2298322,-0.998812853888838,-0.9928273759987803,-0.2685697385869835,-0.9576196704368904,0.0753454455484226,-0.1715139586761524,0.9799402663738492,1.492854359895136,2.405807367603194,-0.9253671034502732,-0.0016970111399936,0.261161038015352,-0.1817276994699173,0.0195001775629173,0.0249836729317632
2013-10-01,ETFC,16.51,16.82,16.51,16.8,2836716,1.0989682751042775,1.090864988069124,0.0261976787773319,-0.4462174525147608,0.065039377628773,-0.1647695561240517,0.2031614402342844,1.4009362783217338,2.115301723701811,-0.6568550787362595,-0.0005722291107563,0.3841497008841468,-0.9995243731193244,1.3007590213159808,-0.0534866164607429
2013-10-02,ETFC,16.65,16.76,16.54,16.68,2220748,-0.4776963108986942,-0.4686276745060963,-0.2381595689175116,-0.548858011178355,0.0498779670313086,-0.1718716025522105,-0.0358308254915941,0.5029349143128933,0.7393310090898176,-0.8423121935182019,-0.0016654660290235,-0.143662436131941,1.0988040103217789,0.1098127917768853,-0.492103933213055
2013-10-03,ETFC,16.62,17.0,16.48,16.87,3865565,0.6761782450016599,0.6765188515668641,-0.0442274849785882,-0.4508942918834313,0.0431465039570306,-0.1558546998883587,-0.4769074307315963,0.4768822768464822,1.0792269322298558,0.1017342003970649,-0.0003745932198692,0.0750337176471718,-0.4782718848953669,1.1101423113666729,0.9775703958055062
2013-10-04,ETFC,16.89,17.3,16.82,17.13,3572330,0.9265232070745784,0.9221986608335094,0.2924954295603165,-0.128448640615985,0.0458199117842223,-0.1188332019581286,-0.5729444092988049,0.1294336408374715,0.6183347403828339,0.0535067091667798,-0.0006316024119057,0.1220119161230193,0.6759036857173463,1.0472434514256097,0.7439716287705775
2013-10-07,ETFC,16.94,17.06,16.75,16.76,1568899,-1.377740577463484,-1.3768032588966406,-0.3026946699936116,-0.9255934878035936,0.0313198480427763,-0.1334202237969121,-0.6200185723256852,0.2118094443287539,0.055814826233793,-1.1139151976598238,-0.0014626622116873,-0.8768738314900018,0.926313956030544,-0.8291100177309012,-0.0498163604210698
2013-10-08,ETFC,16.74,16.88,16.02,16.19,3965343,-2.150363666810035,-2.167175255440956,-1.1210157366634668,-0.9780295766574288,-0.0042513985597722,-0.1993267032201113,-0.4757979026782453,0.1564211119901222,-0.9490418656011648,0.4143141365586083,-0.0018464861087274,-1.5508285973167253,-1.3785509487044711,-2.508603399018177,2.8356766469482326
2013-10-09,ETFC,15.5401,16.39,15.5401,16.26,4217701,0.2361863303207789,0.2423496677135663,-0.9545006546943172,-0.7985931083957023,-0.0310254710179124,-0.2294081119509314,-0.3861726339555391,0.1654768162991813,-0.8232805709783669,0.5510536161542204,-0.0004219453582362,-0.7885230743930142,-2.151375594551088,3.4736435611795886,2.7648505267280967
2013-10-10,ETFC,16.51,16.94,16.51,16.75,3186197,1.8431686786151715,1.8135335891219504,-0.1692408095432674,-0.1526158699259383,-0.0342610569489809,-0.1928855798208943,-0.3993654349170407,0.3793464491374355,-0.3834556191002303,-0.1267541824480224,-0.0007641923077891,-0.0447224655310492,0.2357969890274845,1.0719528881831186,0.5481727837483773
2013-10-11,ETFC,16.69,17.01,16.55,17.0,2584371,0.8962283972255916,0.8925201855883307,0.2304615299270445,0.2914999943619979,-0.0283556479248789,-0.140138790460967,-0.4188441926920205,0.4174801516230318,-0.2618966134777716,-0.5075705146194534,-0.0009116572019326,0.334767641031179,1.8431985556215305,1.3769820351097894,0.6637817015224904
2013-10-14,ETFC,16.83,17.0,16.63,16.92,2659347,-0.3259750430450067,-0.316839196282123,0.1171444839016448,0.0549788683635755,-0.0281951428148981,-0.1127286427516624,-0.4406195175658587,0.4206139684721255,-0.2965327451288674,-0.4491872420928215,-0.0015470599410743,0.2133308069312687,0.8960112430837499,0.3777036906452578,0.2311416974317615
2013-10-15,ETFC,16.92,17.18,16.81,16.88,3506542,-0.1801781647977557,-0.1713274950924765,0.1018898616402945,-0.1020480766792452,-0.0309811745859892,-0.0983848597925992,-0.6284302359482106,0.2917638433976439,-0.6715919217382893,0.0210253204731312,-0.0016934480994623,0.152612389881308,-0.3265110370599836,-0.2049259720377537,0.2354603362813249
2013-10-16,ETFC,17.08,17.51,16.92,17.35,3883074,1.7004919678684356,1.6756368810081506,0.8087976711425454,0.2726967017207742,-0.0162013590144141,-0.0416956447546292,-0.5106661345537271,0.2875612350024701,0.1525479808987901,0.370179177507813,-0.0006467839131857,1.1728807594060444,-0.1806761243443028,1.168003237981887,1.2427456623725488
2013-10-17,ETFC,17.22,17.41,17.16,17.32,2459172,-0.1406468283518378,-0.1319323416027329,0.7246282204629821,0.2824341211242633,-0.0072811250315769,-0.0114267348632221,-0.4105968091904858,0.2744289793346731,0.233223689577557,-0.4346740165036012,-0.0015533983033409,1.1222561357585097,1.7004846243738083,0.4124278461283941,-0.3883669242355505
2013-10-18,ETFC,17.38,17.709,17.22,17.49,3159069,0.578081692211472,0.5799838569989719,0.9270895070104882,0.6664177198708054,0.0047280402475669,0.0207392490318331,-0.269827001921188,0.2624778322192052,0.518071142705173,0.1562131158471583,-0.0007932822724716,1.1072266904565633,-0.141134475240212,0.4518593045914131,0.7387893155860609
2013-10-21,ETFC,17.56,17.58,17.28,17.43,1797842,-0.2465742162886728,-0.2375512733922283,0.7560601036246707,0.3965726072182404,0.0100718111502264,0.0293154257650061,-0.2157298589000709,0.2070147113882686,0.6885696524490523,-0.7639326522055747,-0.0014628330330352,1.0152672214877103,0.5777815421855387,-0.5856407006758407,-0.1568857029542582
2013-10-22,ETFC,17.49,17.53,17.22,17.44,3622151,0.0027228539641283,0.010733508714956,0.7090188460654455,0.5427965198601927,0.012856008628669,0.029588069219682,-0.1507874115661987,0.1905231862042465,0.5201286099693349,0.4922691202079745,-0.0007610137074054,1.0305937996491883,-0.2470894967720922,-0.242302214549468,-0.1099210120799222
2013-10-23,ETFC,17.41,17.55,17.2,17.34,3056905,-0.3899802030206162,-0.3808273377862464,0.5100596972413328,0.2772754255782137,0.0093233289037368,0.0135466508045466,-0.1122068465653475,0.196773715491056,0.3136190738182349,0.1024740496604476,-0.0015891105827747,0.877328018034428,0.0022726083543096,-0.3300859340385678,0.0908733738288146
2013-10-24,ETFC,16.42,16.85,16.26,16.81,11243577,-1.935923371439625,-1.946795349421229,-0.3121591179484888,-0.4799946257329458,-0.0158482799989118,-0.0549847151251634,-0.112894704474653,0.4076416254186055,-0.1587349559519575,4.737493830865148,-0.0026985151598675,0.0650193754762065,-0.3905328942534328,1.768153376830122,1.333786564341999
2013-10-25,ETFC,16.85,17.37,16.845,17.31,10691979,1.8188194685062575,1.7900218575023243,0.419273554854938,0.2918766181760245,-0.0176122626491363,-0.0495589808484717,-0.0912437798085726,0.5674319793092077,0.3144802242183467,3.612863581713275,0.0016690965790493,0.8313482835499987,-1.9368793574983696,2.036224765098875,0.9363451391055382
2013-10-28,ETFC,17.34,17.4,17.12,17.21,2803495,-0.3926611932456776,-0.3835090586845319,0.2089197715932149,0.8473318087305629,-0.0243611145970652,-0.0580493611868024,-0.1382979065592194,0.5202824039756374,0.4644897265308692,-0.5706518373048197,-0.0016152905150346,0.6780825019352433,1.8188429934612265,-0.5927370855063293,-0.2354005651779681
2013-10-29,ETFC,17.28,17.36,17.16,17.35,2827331,0.4734609732063503,0.4768624242726701,0.3818207690309184,0.8923506637610776,-0.0256008689372208,-0.0506613430520544,-0.1226580157865892,0.4766531895991858,0.3133327071375622,-0.5579417476399535,-0.0008086927106182,0.8926545961959059,-0.3932145838764464,0.2797381344019376,-0.6306223515054052
2013-10-30,ETFC,17.36,17.4,16.97,17.05,2597522,-1.109503896053061,-1.104747080181759,-0.1091969715556488,0.1289664971790516,-0.0396293891114081,-0.07766899164737,-0.1557563214432128,0.530804578399993,0.1583038249745384,-0.685407247350907,-0.0015875233272416,0.4328572513516299,0.4731335304600107,-1.3754555715772714,0.5105276808598337
2013-10-31,ETFC,17.03,17.21,16.84,16.91,3689262,-0.5442057351221439,-0.5352840548136445,-0.3278450188175736,-0.2883084378759082,-0.0572925871129215,-0.1086307086815792,-0.1590722280041024,0.5245779044625339,-0.132654070001335,-0.109880582241038,-0.0018019292483772,0.2182851570909669,-1.1102442915873425,-0.5586837980217425,0.2322194417218361
2013-11-01,ETFC,16.97,17.19,16.91,17.13,3559216,0.7769843383609041,0.775563700900193,0.0109035173238909,0.0312029648885918,-0.0635956091782569,-0.1041591850102829,-0.159072228004102,0.5115860771983776,-0.1674769497128712,-0.1777485644093281,-0.000567056835456,0.5554698766434338,-0.5447986596315733,0.686016131860501,-0.2290681736687582
2013-11-04,ETFC,17.2,17.25,17.05,17.22,1599716,0.2941039788322521,0.2996751504382325,0.1137524574226999,0.161281087856384,-0.0659843065196131,-0.0905065616173171,-0.1766451055339273,0.4160419772773588,0.2356145048477821,-1.2056601591864855,-0.0009984882759109,0.6934090800967162,0.776736076664176,0.0615343621226915,-0.6233696685248477
2013-11-05,ETFC,17.19,17.3199,17.04,17.251,2587494,0.0790828862430757,0.0865847196952413,0.0792272109029088,-0.3094764055459827,-0.0675745244737997,-0.0775291907058854,-0.4053103197908221,0.131009849404489,0.7949955048244495,-0.663191808873729,-0.0008796387791622,0.7409214723972949,0.2937297466894438,0.2417846064920383,-0.2391062600661322
2013-11-06,ETFC,17.3,17.34,17.04,17.27,2199102,0.0355740521586025,0.043377194195103,0.0304961911001222,-0.250120100562788,-0.0689879166222346,-0.0666921473967237,-0.6832908368271466,0.1317440144782765,0.7447871962603057,-0.8383480538233289,-0.0009698349386538,0.4357595700415699,0.0786525609036492,-0.1573312072022382,-0.1435961771255942
2013-11-07,ETFC,17.27,17.4,16.84,16.87,3047869,-1.4749888050338265,-1.4757322326054427,-0.5898774827533766,-0.8809509301935463,-0.0865487518546992,-0.0995857532756664,-0.7209665011048229,0.0897468965147346,-0.0622598785367003,-0.3697836207784912,-0.0015870451490957,-0.481888887499489,0.0351323765392777,-1.7762131382424329,1.1751776491046826
2013-11-08,ETFC,16.88,17.76,16.87,17.76,5200157,3.2515121593036524,3.158466213830856,0.7100439645157551,0.0912147371848872,-0.0663703922698596,-0.0287606001847986,-0.6092449346343498,0.6007331700922434,0.4890982052247054,0.7145623039066172,-0.0005719987536291,1.442878752192886,-1.475824545711292,3.912402106800252,2.585104288740891
2013-11-11,ETFC,17.69,18.04,17.65,17.93,3679349,0.5629423789504532,0.5650721245497162,0.8892626527309566,0.2087333169244045,-0.0448673762513913,0.0313091651446054,-0.480482332486092,0.5992549240482408,0.709202424608869,-0.1180443001553096,-0.0008605161840445,1.2374518032498112,3.2519094350931583,0.99869353611616,0.2214443706675562
2013-11-12,ETFC,17.93,17.99,17.5,17.63,3035846,-1.0746809984099566,-1.06951583519454,0.3751693299655219,0.0341049406097676,-0.0408579252635303,0.0343368421643366,-0.4974951803095408,0.6642252878445526,0.4850652386020183,-0.4451776724603951,-0.0015198865561812,0.6771964879505128,0.5626382794865127,-1.290428962909314,0.725013082421282
2013-11-13,ETFC,17.49,17.95,17.45,17.935,2262303,1.044071537042816,1.0372210223451008,0.7918741880545065,0.7304844138844921,-0.0270611349449311,0.0619514267321609,-0.3797709606810597,0.5842895549816804,0.3277179475914011,-0.8269105725105295,-0.0010132388121052,1.2467893918381312,-1.075412309590602,1.8959558560298624,0.7320900722200199
2013-11-14,ETFC,18.0,18.05,17.65,17.68,3545768,-0.9181814103300616,-0.911428098059722,0.3779806680503422,0.1354644439637624,-0.0275414243051507,0.0472941370675742,-0.3475486600053816,0.6284324257882581,0.1377862042480166,-0.163498550202222,-0.0015748968318854,0.755757428810916,1.0438929511837904,-1.369459398151844,0.2942159010819948
2013-11-15,ETFC,17.69,17.825,17.62,17.64,2672051,-0.173851331510022,-0.1650207723001716,0.3059467111691647,0.1949347082085728,-0.0308369528094145,0.0283219282423937,-0.3299653346788023,0.6155428098015829,-0.0415202643068632,-0.6178153991569924,-0.0015270797844144,0.6814740424993535,-0.9188718949942984,-0.2398603189735095,-0.6227935052935674
2013-11-18,ETFC,17.63,17.93,17.53,17.63,2007925,-0.0682897151030545,-0.0598893579399018,0.2754793949947161,0.0712593325204236,-0.0351333831282649,0.0105678571416433,-0.3118531955918691,0.6127087056233804,0.0010434119433597,-0.9753093789541618,-0.0014807964503195,0.6629031959214594,-0.1743476405566144,-0.0263165508545973,0.2995634331244223
2013-11-19,ETFC,17.68,17.83,17.32,17.38,2956832,-0.9158383218177,-0.909064296154132,-0.0977595282606087,0.1226481053092274,-0.0495027456042084,-0.0295629537096631,-0.3130993515866153,0.6517377375293323,-0.2180040696154204,-0.4562444258371954,-0.0016262123244093,0.1986320314741835,-0.0687584859745164,-1.3083038556137077,0.8542364096051044
2013-11-20,ETFC,17.43,17.68,17.275,17.42,2479152,0.1102905794996953,0.1175577333625187,-0.043368022001926,0.3085810601642164,-0.0603171844175683,-0.0525172900798612,-0.3128018642111751,0.6460963267416501,-0.099718935787425,-0.7024854502372884,-0.0008696030598274,0.2729154177857528,-0.9165281952334168,-0.0696623828456788,0.3462793134194045
2013-11-21,ETFC,17.5,17.72,17.4,17.6,3075589,0.6103131848325712,0.6117188748594602,0.1682743886441754,0.2757107721795054,-0.0627761864988789,-0.0493740088633535,-0.3996037944871983,0.4665849250040492,0.5227297200961122,-0.1752925661795245,-0.000834693878395,0.2066128911605562,0.1098683954047057,0.4054079357766662,-0.0760355501942121
2013-11-22,ETFC,17.64,17.81,17.59,17.75,1991897,0.497612231083912,0.5006828301240283,0.3606383941120893,0.3246918263146179,-0.0598280974235947,-0.0329416243340663,-0.3722539743453879,0.317545345191925,0.2058380004933589,-0.6516816282674914,-0.0010123288603778,0.6187015115046631,0.6100214431326821,0.4448113611437961,-0.5583667704717612
2013-11-25,ETFC,17.79,17.85,17.66,17.69,1996064,-0.2434457472722454,-0.2344293309999519,0.2336738325953308,0.2324728588011079,-0.0608477778183047,-0.0300086870227766,-0.3717728083957757,0.3114495695808103,0.2421420955400882,-0.6290047587353113,-0.0014558754653401,0.4538660633670223,0.4972910887485711,-0.4510033701939366,-0.6961987854390284
2013-11-26,ETFC,17.7,17.94,17.57,17.9,1968025,0.7060761940710368,0.7059109660047311,0.5070957613256615,0.3804067328314174,-0.0544595632260903,-0.0085945430014636,-0.3245260040841843,0.3246900638641769,0.2980909024535396,-0.6275310404846183,-0.0010150503269802,1.0307901318487698,-0.2439602116225797,0.8273759368343268,0.131364251475042
2013-11-27,ETFC,17.92,17.95,17.81,17.89,1043000,-0.0677770695872138,-0.0593792369476625,0.4277149415153937,0.8581644543330232,-0.0508998117979342,0.0012563567222061,-0.3429794338509969,0.2456689083071179,0.5560832611613812,-1.2720391218653586,-0.001354214733988,1.003317557159168,0.7058094343542699,-0.1527983340473533,-0.939131595739503
2013-11-29,ETFC,17.98,17.99,17.8806,17.92,717553,0.0714053613617885,0.0789625539332752,0.3955275292225809,0.0455487169224186,-0.0480403743990128,0.007334480245528,-0.4254075443333332,0.2194623157372213,0.7097208630324805,-1.4824047619990397,-0.0011627848398171,1.0857352812279932,-0.0682457067233042,-0.2784359674078847,-1.0825353935551192
2013-12-02,ETFC,17.96,18.29,17.9,18.1,3035458,0.5923637086081232,0.5940478886183974,0.5899438231371102,0.0589738099823356,-0.0399261322686327,0.0257227559835188,-0.4190556885564032,0.2082022262911172,0.6641607054412606,0.3568067897547294,-0.0009140714274447,1.0072963438383575,0.0709730331634447,0.5626171864764633,0.2044183703627089
2013-12-03,ETFC,18.0,18.24,17.9,18.11,3715397,0.0014006627486128,0.0094193090977401,0.5369063907662526,0.6285094209045327,-0.0344015605414774,0.0337676095361901,-0.4114892275464289,0.2078953962358245,0.5915839719667483,0.7777986480255521,-0.0008830466855918,1.0302217337517492,0.5920672843745955,0.4353888029038283,-0.0266694472309405
2013-12-04,ETFC,18.08,18.22,17.74,18.05,2219731,-0.2392623185853608,-0.2302548757696285,0.3872848136680225,0.0391817849913044,-0.0336923902759689,0.027808731911332,-0.4315952090454226,0.2152972301247008,0.5127475627880865,-0.346500723529877,-0.0014329336317813,0.8926693942713733,0.0009500722148105,-0.1516790262314734,0.6249427155414325
2013-12-05,ETFC,18.0,18.12,17.83,18.03,1775561,-0.1019800181193738,-0.0934229702629784,0.3004187149416915,0.6360031773958418,-0.0352077668237018,0.0173156846088796,-0.469286273479249,0.2175738159600023,0.4788332780774447,-0.6752460712307913,-0.0014060664157984,0.8468186144445812,-0.2397756915921202,0.0996030910795241,-0.2508441892141908
2013-12-06,ETFC,18.21,18.3397,18.03,18.28,1273653,0.8302601618648044,0.8278447870991371,0.563178597841866,1.102585174028185,-0.0279438266887303,0.03151905677564,-0.67140866238722,0.0850390084260036,1.060029560118785,-1.0278263184261165,-0.0011181996216882,1.3078487203596447,-0.1024575778811184,0.2641076644794457,-0.1793619683779095
2013-12-09,ETFC,18.36,18.4,18.101,18.21,2359008,-0.2714020947421023,-0.262332939146805,0.4262260412680023,0.9352962820467762,-0.0263345671387586,0.0283267040264094,-0.6200001308781223,-0.6229673216210244,0.2046484603802131,-0.0498195594825697,-0.0014634178294109,0.8814614258692717,0.830025798391766,-0.6435696975904579,-0.2229045195659998
2013-12-10,ETFC,18.23,18.75,18.2,18.69,3709969,1.6080724906834791,1.5861494940569754,1.0739764725363667,2.0166061590276865,-0.0077750287142075,0.0694025478576631,-0.4032879964604473,-0.4358182896076467,0.4550427175452854,1.0903342686194517,-0.0008656147227204,1.3076578082969232,-0.2719238521485572,1.8800916320206789,0.8611893449392338
2013-12-11,ETFC,18.7,18.74,18.38,18.47,2162674,-0.7658354357583588,-0.7579228638220435,0.6874306497642884,1.413977232128096,-0.003381855291421,0.065799243276647,-0.3351727193293363,-0.4893537189511892,0.5322792383419221,-0.1830088780367209,-0.0014362349543019,0.811847680678377,1.608041037442954,-0.9555631063042308,0.0330783372645393
2013-12-12,ETFC,18.45,18.55,18.275,18.4,2640526,-0.2689496231762547,-0.2598845908863644,0.5499795501250409,1.1061334610096782,-0.0043016804464078,0.0492410327338718,-0.2791260049708268,-0.5600040582753594,0.2133006095861695,0.2100817364315275,-0.0014967071883572,0.6540899127997496,-0.7664861774717867,-0.2310639361133267,-0.3457404054150471
2013-12-13,ETFC,18.48,18.64,18.4,18.53,1288786,0.4068705262317365,0.4111367030414378,0.6760876836132218,1.0877858604095083,-0.0015922023262672,0.0453362284527704,-0.2222273327221927,-0.643872511373079,0.5386071617458058,-0.8888700027751733,-0.001106248393224,0.9470686245743476,-0.2694707407991046,0.1780984522852054,-0.5118956089595418
2013-12-16,ETFC,18.57,18.75,18.47,18.645,2802882,0.3533868124440645,0.35829694577041,0.7680979287489531,1.3278930287520572,0.0033462627777528,0.0479497591532416,-0.1628356126635974,-0.6478871374848245,0.6692567388320352,0.4612016213190948,-0.0009598401182978,1.2062421003749453,0.4065257118359923,0.2788198997127263,-0.3397583008328153
2013-12-17,ETFC,18.64,18.71,18.43,18.65,2051190,-0.0163004041408545,-0.008177455862302,0.6988402985119896,1.1502854410635712,0.0056950217374406,0.043374724678902,-0.1297737971130002,-0.6497630584827959,0.6822269929250894,-0.2124705257471849,-0.0010548488391029,1.2175105123662733,0.3530280455916695,0.0142155227293377,-0.3400938412071454
2013-12-18,ETFC,18.75,19.16,18.59,19.14,5391577,1.6027379180369636,1.58098021520296,1.2754169448676589,1.540121859630172,0.0248580018145828,0.0829942128054108,-0.0381126265878574,-0.5850971311912777,1.3197685711317344,2.5247948515842125,-0.0007802225238926,1.4076089215568923,-0.0167556124050079,1.5451605804831818,0.8906139124767557
2013-12-19,ETFC,19.09,19.36,19.0368,19.33,4522159,0.5850304524932213,0.5868269581828965,1.4038799068757004,1.6251730844612668,0.0453039954251569,0.1179922580550873,0.070391693038293,-0.5794134155341819,1.4428163671660177,1.6306153535823928,-0.000910209835149,1.391998422538152,1.60270507315049,0.9235225501675448,-0.197854385738263
2013-12-20,ETFC,19.41,19.5,19.22,19.34,3718030,-0.0007880567616938,0.0072437573542621,1.286564845493914,1.5343798989915145,0.0595189122984081,0.1299520099985478,0.1635554007947031,-0.5822817940155404,1.2844887413048798,0.9386298102546906,-0.0009985827458776,1.1672989356173424,0.5847321152112008,-0.2987856369562422,-0.3847344171406986
2013-12-23,ETFC,19.42,19.5,19.34,19.48,2070683,0.4176826151593123,0.421813134649054,1.3561021105769808,1.6050442945845762,0.07374786541763,0.1395559406088163,0.2830971597232069,-0.5851657575146847,1.2639444963000297,-0.3855781698189024,-0.0011177404011794,1.4084312751209438,-0.001239218273312,0.207108120084028,-0.9067993871953008
2013-12-24,ETFC,19.52,19.54,19.295,19.41,1006690,-0.2567158903258534,-0.2476728722327717,1.1282825569951602,1.5840688769558764,0.0796551642902309,0.1258192903203047,0.3107164394387721,-0.5839176836148103,1.2604973392382643,-1.2217270626095584,-0.0013008459904278,1.2235165187575965,0.4173406213455992,-0.4520694385416703,-0.53936560371251
2013-12-26,ETFC,19.45,19.55,19.4,19.46,1618588,0.1273801483408285,0.1345122267931054,1.0835550806579397,1.650905912428628,0.0836441849331775,0.1098923549487868,0.3583191219629361,-0.6023935012958499,1.1124681479749048,-0.7123779167039737,-0.001147233975869,1.2775879575134257,-0.2572338164981629,0.0125275546263701,-0.948922619497015
2013-12-27,ETFC,19.45,19.58,19.4,19.45,1888016,-0.0649888680766654,-0.0566048395281683,0.9549227473155634,1.492617638931821,0.0837503941143654,0.0871565167901111,0.3622580649920309,-0.6025483512766756,1.1131836007964144,-0.5169521591847859,-0.0013503724234622,1.2080181000909729,0.1269624224528621,-0.0263165508545973,-0.8200460238598144
2013-12-30,ETFC,19.45,19.45,19.27,19.37,1520921,-0.2890702332772085,-0.2799742341765414,0.7373887062118577,1.4701515334539963,0.0780898048512447,0.0541242063407367,0.3210907924456714,-0.5804580318323145,1.0208878271617765,-0.833374501687781,-0.0013329393027648,1.0634884680282586,-0.0654567778462743,-0.3370693947022825,-0.8168605705888841
2013-12-31,ETFC,19.41,19.67,19.29,19.64,1812877,0.8348237878525913,0.8323211515093406,1.002826842935145,1.324029449059422,0.0815930734544605,0.0512859703768998,0.3488267730446142,-0.5585653405147352,1.082096876709466,-0.5653270683685181,-0.0011315434347684,1.3912075365849697,-0.2895965998238959,0.8689390177650906,0.0211774496571687
2014-01-02,ETFC,19.71,19.86,19.58,19.81,3115394,0.5058973568850778,0.5088523459678878,1.1156967129719368,2.0044463766691267,0.088345366159983,0.0573783137144682,0.3829575194241738,-0.5570678354146822,1.2111610503522188,0.5283870485878306,-0.0010590305879106,1.364478244234336,0.8345906149063367,0.3570004717758868,-0.4133612245901319
2014-01-03,ETFC,19.86,20.35,19.83,20.3,3360212,1.50695541451032,1.4880920537076472,1.6289754342896368,2.3327099399242632,0.110016524021782,0.1006530904742545,0.499638592109685,-0.4537181582549445,1.6632563697478506,0.6673729559638899,-0.0010568943990163,1.3769227693071215,0.5055783759153265,1.6475397165475636,0.5435158428690453
2014-01-06,ETFC,20.33,20.565,20.19,20.27,4826211,-0.125002995020049,-0.1163493199920959,1.4240669375717332,2.229287635374315,0.1228975773711912,0.1126473341854597,0.5258272326828244,-0.4519825760451546,1.6571415151280948,1.626813265520322,-0.0014928433146581,1.056041058486558,1.506897582555191,-0.249292798253914,-0.0494974464376361
2014-01-07,ETFC,20.39,20.76,20.3,20.685,3985845,1.241650506623187,1.2300741432557043,1.8159966868000104,2.2947582816120344,0.1460586783897824,0.1487033948878331,0.6848270691879313,-0.4052531734292709,1.764752349609273,0.840366153977875,-0.001015665850347,1.3491165802078555,-0.1254865608547535,1.066757339402319,0.2620382095783608
2014-01-08,ETFC,20.67,20.84,20.56,20.71,3643985,0.0422493491389958,0.0500082216668567,1.6681536865022335,2.298550570410504,0.1618362216510195,0.158543092887408,0.7508833303153242,-0.4298096411317395,1.848798382294331,0.5336502881959423,-0.0010508358920048,1.27918799466731,1.2415234637818946,0.1198891291850125,-0.4645522629891825
2014-01-09,ETFC,20.92,21.08,20.8,20.94,2543651,0.6584259088880909,0.659060257927171,1.8159710127366704,2.2438233201353506,0.1796250874776841,0.1715919609463344,0.9249988735610144,-0.5583422617998524,1.6005667322703294,-0.207266030146823,-0.0011174346315095,1.2769659481850648,0.0418094149243932,0.0459126892605731,-0.4769284557228056
2014-01-10,ETFC,21.0,21.1,20.77,20.91,2657282,-0.1221909391814756,-0.1135486111636296,1.600643821249325,2.115625498690711,0.188671199050783,0.159527356447948,0.9759003569193144,-0.653103399633243,1.7727060943992434,-0.1420141649982769,-0.0013679270255331,1.21930548064808,0.65814671849867,-0.3501099158280399,-0.2760449159242567
2014-01-13,ETFC,20.87,20.981,20.5,20.55,2596579,-1.1048704332711272,-1.1000581271403465,0.9694213595369856,1.315293375520955,0.1779251308049219,0.0989309427099964,0.8703448711595857,-0.4964994540959027,1.548614434223651,-0.1840205736124945,-0.0013708480583942,0.7657306612323781,-0.1226737714267487,-1.1847531225532288,0.3593794224765106
2014-01-14,ETFC,20.66,20.98,20.51,20.95,2462037,1.1788392367259797,1.1688303444938504,1.331632980334584,1.4578607809472346,0.1813642525948182,0.0869662466790861,0.8290548511290501,-0.4366526216789562,1.7505721509014782,-0.3163377899310144,-0.0011153277159788,1.2561269804264512,-1.1056096200600911,1.0341876938954633,0.2783755667393939
2014-01-15,ETFC,21.01,21.22,20.95,21.19,2817002,0.6802225249511161,0.680495523652623,1.4704991384880772,1.6840828799151248,0.1896527936622191,0.0898768115937676,0.8153216000493783,-0.4282933718985766,1.837203582557256,-0.0677032391156031,-0.0011033584594118,1.4071348646935076,1.178695808120529,0.6209619512341503,-0.5294063911229655
2014-01-16,ETFC,21.06,21.475,21.05,21.29,2637376,0.2608125341006178,0.2667305726366135,1.41829985677281,1.7029133121100382,0.1961992823266518,0.0877212506290343,0.757225633298406,-0.4399655701968178,1.9114769767439028,-0.2123758119161765,-0.0011184817156848,1.2297163312476975,0.6799490207102293,0.7987979119615539,0.072361641128705
2014-01-17,ETFC,21.3,21.33,21.0,21.02,3051642,-0.8225531179514748,-0.815027673791166,0.9383309468542774,1.29842408882424,0.186910671938455,0.0452375294909173,0.7145676567211262,-0.4671025718068377,1.275089042684206,0.1641582225125137,-0.0013802904536405,0.8225430129031067,0.2604296171188826,-1.0194855576589026,-0.282927917252889
2014-01-21,ETFC,21.21,21.59,21.13,21.33,4436563,0.8851767269082993,0.8816898142619679,1.204551993960257,1.5400390278626568,0.1878876353388841,0.0376739627944434,0.736283439940727,-0.4436882604186965,1.3520832694635865,1.171313642121748,-0.001032255760157,1.0782006088447622,-0.8232186557765803,0.4011334359090147,0.2059942077594617
2014-01-22,ETFC,21.38,21.58,21.33,21.51,3589381,0.4923882396367322,0.4955311796661391,1.289437353445696,1.5063270082181563,0.191838366390812,0.0392775361799564,0.7548213870502111,-0.4473228628646024,1.4803933943822092,0.5633063371172792,-0.0010844441219481,1.328251802625906,0.8849566896841116,0.4330722270154353,-0.6226946655760586
2014-01-23,ETFC,21.38,21.47,20.54,21.04,6680883,-1.3933529758425904,-1.3926748398498647,0.5822080704820232,0.8318771146730395,0.1727843131606417,-0.0186535238352439,0.6817916360657025,-0.2375765774790487,1.0086532991891362,2.437789181638949,-0.0015213930790171,0.6548184739198801,0.4920657345030915,-1.2277948929761977,2.0924688283631343
2014-01-24,ETFC,21.33,21.6,20.18,20.97,10078719,-0.2401282970868921,-0.2311189736472946,0.3907095502345259,0.4417096384862142,0.1514865620701219,-0.070773611515548,0.5550516213616278,-0.238689105044774,1.0128948817457113,3.832449253905621,-0.0017100589917713,0.5440657184637967,-1.3941674199367171,-1.3014521653772968,4.05216775251463
2014-01-27,ETFC,21.3,21.32,20.06,20.07,7510518,-2.70501481981472,-2.740854360303326,-0.7955303941381855,-0.3363117273509806,0.0963807168136251,-0.1994911340496825,0.4340362884225717,0.2720712775267646,0.2928927936677903,1.9919450104814944,-0.0016614937001703,-0.7399529011491807,-0.2406418960040576,-4.389166116459208,3.6408376594408822
2014-01-28,ETFC,20.23,20.47,20.09,20.37,4287174,0.8976173724726475,0.893881213953343,-0.4711429191433661,-0.427889298232129,0.0621035952961767,-0.248852375731145,0.2633583420715991,0.306154519927429,0.5272081688924372,0.1884933986563003,-0.0009611738397947,-0.3119466946115199,-2.7061714410637694,0.4965331734393151,-0.0366097856457881
2014-01-29,ETFC,20.25,20.25,19.82,19.9,5110789,-1.4694848807705037,-1.4701289618796924,-1.1010296956143242,-0.7401670677997426,0.0145774042534706,-0.3224442459566941,0.1105987222915434,0.4278489815028942,0.2343749472783746,0.4997583906812157,-0.0015474189504377,-1.0034886130245355,0.8974005806769397,-1.3321498746158136,0.2095087362799614
2014-01-30,ETFC,20.08,20.39,19.98,20.35,2906365,1.3748490260116326,1.3597485633507815,-0.5740170553564455,-0.5710530879708409,-0.0069929402628059,-0.3145078399980153,-0.042277630235641,0.4848374407233667,0.3634522844022889,-0.6167551301611245,-0.0010480568899266,-0.6141642784027135,-1.4703191856227569,0.9895690065820136,0.0877794062262871
2014-01-31,ETFC,20.0,20.164,19.79,20.02,3087639,-1.042585840325948,-1.037062059783329,-1.005112635764069,-0.7296724901273393,-0.0383292556700559,-0.3332961561870062,-0.097643724271597,0.533918214709998,-0.0117891456315224,-0.5272100698325694,-0.0014359480854256,-1.4588929766243184,1.3747567310671502,0.049235234305871,-0.0344067494554774
2014-02-03,ETFC,20.03,20.12,18.97,19.04,4648370,-3.080592284240853,-3.1323567786595947,-2.1729576830321964,-1.0023509383195897,-0.1022495004116678,-0.4321972823250397,0.2829458013964576,0.8260587450927468,-1.079055885334005,0.2043993915921172,-0.0015553982619299,-1.7928264705648265,-1.0433087787465485,-3.760528598226814,3.442393956948145
2014-02-04,ETFC,19.19,19.78,19.081,19.39,4079264,1.1114531756721766,1.103058492469179,-1.6756528911434072,-1.037035149143802,-0.1392235415873688,-0.4419591191253388,0.4639064189517325,0.8995681016648124,-0.8050775208100388,-0.0531037894137058,-0.0009334594151946,-1.350444897140919,-3.0818468835082617,0.7610913194994389,1.413073240418574
2014-02-05,ETFC,19.34,19.49,18.86,19.23,4319340,-0.5467292044633814,-0.537814513413436,-1.7926536694252964,-1.2704447052969312,-0.1745071662022603,-0.445417485437925,0.6758442135815286,0.8136247321293215,-1.2005409839978776,0.0556229067777175,-0.001537328929545,-1.4324169572008032,1.1112921678630931,-0.4560319783443421,1.13903186057219
2014-02-06,ETFC,19.25,19.81,19.22,19.76,2959910,1.682904106415102,1.658616971705033,-1.0568746422533004,-0.9702747304722272,-0.1812183758108279,-0.3746392741248475,0.7380823779346739,0.9650282244608012,-0.8411718817468368,-0.593327781602302,-0.0010168364883485,-0.7894183386444074,-0.547322787277818,1.9753151598903296,0.8970924418113195
2014-02-07,ETFC,19.84,20.54,19.79,20.27,5804865,1.573866260808363,1.55299566635295,-0.3611594511695106,-0.5566795737099239,-0.1662454518313892,-0.262202118502874,0.723106090011844,1.0602587613290704,-0.6373904252280647,0.6929702486353534,-0.0008330753133861,-0.1706838189014643,1.682892174722365,1.611146534780589,1.4923290042085662
2014-02-10,ETFC,20.34,20.76,20.2,20.63,5403021,1.0727214458228989,1.0652229235643749,0.1188038826972264,-0.5293355383243201,-0.140290235907773,-0.1439841635969128,0.7053830214169188,1.1146444338173922,-0.3641404535452644,0.4244139662165985,-0.0009104708345691,0.2660699597406142,1.5738258840861696,1.0508721264579026,0.6709582688977733
2014-02-11,ETFC,20.64,21.09,20.64,21.04,4377613,1.2043183231343024,1.1936808969382813,0.6128175100754149,-0.4091521993306171,-0.1040810894701571,-0.0230163590465771,0.7383321201773487,1.1241647562995585,0.1827132821113052,-0.0835674149341666,-0.0010023039552949,0.7634839854163159,1.0725503339514109,1.4378653321002433,0.1911564539388881
2014-02-12,ETFC,21.07,21.36,20.9,21.3,2563065,0.7363523290790294,0.735660656331753,0.922866540527304,-0.0629935424042081,-0.0660869466302046,0.0783524346052793,0.7840805729268187,1.091839338349813,0.0778830661066594,-0.89755706257093,-0.0011131740225088,1.078917269991153,1.2041815413344574,0.7984063056669092,0.2085256417099449
2014-02-13,ETFC,21.13,21.82,21.04,21.79,4403462,1.3992311106714532,1.3834561804125909,1.5098015452695086,0.1827095155092065,-0.0181786433606308,0.1849663478041527,0.9008158340739024,1.1484633688447214,0.2483762693057342,-0.1081905739825629,-0.0010300862018298,1.409187723097184,0.7360934675883081,2.3335593699173027,1.3919652301105176
2014-02-14,ETFC,21.82,22.02,21.59,21.81,4905799,0.0241476352397834,0.032024906984215,1.5000728865180557,0.7232420430002046,0.0186648482968333,0.2417768437501557,1.0001816156104186,1.1469899553261451,0.1912363311484279,0.0607305509299812,-0.0010226871844756,1.2219679538185424,1.399145176354444,-0.0609415669684754,0.0518017060312286
2014-02-18,ETFC,21.78,22.55,21.77,22.53,5190147,2.02228992664003,1.9862201820452208,2.314564959382097,0.8646913307900256,0.073654452468457,0.3339330217400595,1.310194831704458,1.2510485192168448,0.8875511079795226,0.1333057957502192,-0.0010270329268196,1.4248615080875071,0.023702978776844,2.575328943651947,1.2939788140375557
2014-02-19,ETFC,22.46,22.99,22.315,22.5,6716027,-0.1158962261390276,-0.1072797572558141,2.195338278354191,1.1789842280985987,0.1130540842264574,0.3675296435146931,1.5389563648763096,1.2349762448764798,0.638114374077956,0.7083648441273314,-0.001501667924971,1.04848433249632,2.0223665315430006,0.1082369400812324,0.9089018752840328
2014-02-20,ETFC,22.43,22.78,22.19,22.73,2910943,0.6034194513782064,0.604932695666737,2.402418552370081,1.1144386290049435,0.1499062061394724,0.3878496944478095,1.7829859884852255,1.2383427524446662,0.6655119118573453,-0.8429011560878567,-0.0011189166349348,1.2336082437824645,-0.1163774162636506,0.9841843652462082,0.5719452123120403
2014-02-21,ETFC,22.8,22.85,22.34,22.37,3822871,-1.0190450311506067,-1.0132690253203882,1.8562909703336608,1.0908720557045428,0.1613872399309976,0.3388009911231083,1.9428211129169368,1.1987411904491558,0.7609028439845061,-0.4191342083727911,-0.0013983401002644,0.9438490782911092,0.6031259112894177,-1.4511967095827596,0.3087135696239898
2014-02-24,ETFC,22.48,22.97,22.04,22.71,3709137,0.913259332429596,0.9092063845870004,2.1659115557570083,2.0779521727842862,0.1800947958987434,0.3181629721431403,2.151120582927536,1.2106807054280662,1.051149476701646,-0.3542763758023879,-0.0010827368458761,1.2175105123662782,-1.0197618284097902,0.7466776923352667,1.8215778617626743
2014-02-25,ETFC,22.74,22.75,22.41,22.55,1998129,-0.4716259857981834,-0.4625475087988339,1.7977315398713911,1.8439021221838563,0.1847973988180499,0.2656040489023615,2.2380900870914666,0.8674852991282068,1.647303459130396,-1.0735288947870278,-0.0013241897347203,1.088728661036787,0.913046621198845,-0.657575969521666,-0.3347433167363449
2014-02-26,ETFC,22.65,22.74,22.24,22.33,2145973,-0.6403915308427166,-0.6318094861504011,1.3935186402739692,1.7795145935844825,0.1761394412605764,0.189167057639415,2.2875628182423635,0.891003176010696,1.2456618355570002,-0.974168389259556,-0.0013328655632893,0.911653615458734,-0.4721999762109606,-1.0937148400974424,0.2747947567211188
2014-02-27,ETFC,22.27,22.44,22.02,22.3,2573756,-0.1166387266592799,-0.1080191745133288,1.1995510746650302,1.6187087991747826,0.1645048296263541,0.1203556082774609,2.2457727561132628,0.760271770550141,1.6037652032528145,-0.7193969366977759,-0.0013544681788353,0.8875070183344566,-0.6410095476288443,0.0754595405155951,-0.0216754301264175
2014-02-28,ETFC,22.3,22.5,22.09,22.47,4171943,0.4416167988657133,0.4454404743183753,1.2717131329502345,1.516824335125004,0.1584520964344865,0.0796741078086288,2.2580396948048143,0.7093010635717382,1.36252231214864,0.0692020084272287,-0.0010539506770862,1.0243377353720395,-0.1171201104822382,0.5496387620279034,-0.0706406651140538
2014-03-03,ETFC,22.16,22.32,21.86,21.97,2788625,-1.4183551329177064,-1.4181005372991726,0.5338299411507893,0.8130868333288014,0.1307738275322537,-0.0085348492096398,2.151381368561786,0.7611317124601031,1.2630311202553557,-0.6262477135918735,-0.0013608443216288,0.6218944499673794,0.4412810488342096,-0.6740981023207258,0.1536371942364888
2014-03-04,ETFC,22.33,23.25,22.26,23.16,4476859,3.3391962474948857,3.2412440601213546,1.7209061619166073,1.1343957171684689,0.15222095224536,0.0473459026668775,1.8975970385103107,0.5806063663302856,3.010494899843996,0.2371198520130653,-0.0010446220743202,1.3747292445915595,-1.4191760993994549,2.781922664693557,1.9711739650983704
2014-03-05,ETFC,23.1,23.25,22.98,23.24,1775301,0.1820576270642832,0.1887263683212441,1.5694500895299404,1.0700468353151154,0.168725303566351,0.079327890544729,1.6592475884755975,0.573354277471597,2.748624940210325,-1.1124948311738376,-0.0011693905107778,1.4353065846816266,3.339616397695176,0.4315730561785447,-0.6230781160463642
2014-03-06,ETFC,23.33,23.69,23.23,23.4,2406945,0.3956307211381753,0.400035969755003,1.4957240480886995,0.937782625266578,0.1842815985198789,0.102473200077586,1.2679463979793666,0.5136264955136223,3.017281838195589,-0.7488224191560711,-0.0011458627043947,1.227215967884535,0.1816541650540029,0.2003711885895914,0.0470006831002466
2014-03-07,ETFC,23.56,23.725,23.265,23.5,1913194,0.2330639462584626,0.239257699460231,1.3794182348776791,0.971715210623384,0.196583406555406,0.1126124544016774,0.950746310231635,0.454419511493046,2.61226471013497,-1.0000035030917498,-0.0011683250129817,1.252804839632641,0.3952829745808024,-0.2187234740136851,0.0400290891420164
2014-03-10,ETFC,23.45,23.7,23.32,23.48,2809052,-0.0859816068802737,-0.0774967017722263,1.1570948469724944,0.5906990643359659,0.2015263553621719,0.1017822808860497,0.693084395011849,0.4084965983398098,2.158316042584756,-0.4464070521337254,-0.0013490722228251,1.2118363474628395,0.2326737904194834,0.0703381849583743,-0.2425365695713561
2014-03-11,ETFC,23.5,24.09,23.25,23.27,4023110,-0.5898183545807292,-0.5810389747571727,0.7510799560278457,0.4127951259564875,0.1932551309407874,0.0591050876611964,0.4240720211867129,0.4347393067756769,1.7119457710054438,0.2894799451087173,-0.0014011128198361,0.652783430250032,-0.0864549930885477,-0.7657595545528163,1.4171127864701225
2014-03-12,ETFC,23.16,23.61,22.91,23.57,3121757,0.769643030844892,0.7683560043828866,0.947264030504582,0.4555356382572197,0.1945678187485444,0.0496321581757621,0.2630354954367886,0.4055512408997847,1.5985387480723678,-0.2001374324798264,-0.0011123540175631,0.9010058996944236,-0.5904231781908502,1.311171873834208,0.8837970768342995
2014-03-13,ETFC,23.68,23.82,23.12,23.26,2266318,-0.8518331930117891,-0.8445282260345844,0.4719188345804485,0.502909460523159,0.1796409589790338,0.0002534986810915,0.0650029139891875,0.4626773592151316,1.1839614097212745,-0.6996328534008144,-0.0013330975914095,0.5382654157741111,0.7693928539992779,-1.366339767383199,0.9167845016801558
2014-03-14,ETFC,23.24,23.64,23.16,23.49,2247070,0.5826251359970069,0.5844583012176996,0.6363923468719427,0.43551927411141,0.1731707655955368,-0.0174821152153039,-0.0045753705049784,0.3984025723406167,0.9783300342788136,-0.667476429462218,-0.0011500705437267,0.6450751832066858,-0.8525063692177974,0.7864177989783422,0.1116821632774277
2014-03-17,ETFC,23.75,23.93,23.63,23.76,2327813,0.6826135833687468,0.682846490829261,0.8306211993148281,0.7516827630889065,0.174956185264047,-0.0104208004537565,-0.0593511538918338,0.4071645843885036,1.1456258270300872,-0.5600082474403982,-0.0011498416914325,0.9700425852290856,0.5823261712328659,0.0054947271077107,-0.5390403228549295
2014-03-18,ETFC,23.92,24.43,23.8425,24.43,3515071,1.7225967651994525,1.697021231054787,1.4821336327449277,1.2703149591660563,0.1987521844946734,0.0518831042447101,0.1670334073218783,0.3552873924307923,1.0710691703424722,0.2578171116136387,-0.0011070170780776,1.442878752192886,0.682340702890433,1.5845283668644483,0.4128821900578274
2014-03-19,ETFC,24.4,24.72,23.92,24.67,4728742,0.5786261018381392,0.5805200159334006,1.6238113080409755,1.380219692843856,0.2227916929939869,0.1023530166691655,0.3902005616961699,0.3542616395665305,1.2489591593893,1.1556912986241172,-0.0010686749476222,1.384763690349489,1.7225951882495305,0.8097073013309417,1.1112576701291028
2014-03-20,ETFC,24.6,25.33,24.565,25.14,4842472,1.1531116839175592,1.1437273306115177,2.0092419035668323,1.4672006079289963,0.2556966712551378,0.1655485131600484,0.703426620400357,0.389395819157869,1.3896979002299572,1.1300089578994748,-0.0010750056973667,1.260863048413616,0.5783260938339763,1.632137269741084,0.9447046309742652
2014-03-21,ETFC,25.43,25.58,24.78,24.86,5544557,-0.7264029841655415,-0.7182522790508801,1.543790765786016,1.6907264696143325,0.2659921948996789,0.1579085633826634,0.8124516433176447,0.353030838126961,1.4672797914881917,1.4915061250607715,-0.001423784403351,0.7994887772040172,1.1529615436883287,-1.7197698556704824,1.0906023805969045
2014-03-24,ETFC,24.96,25.1128,24.065,24.2,6527947,-1.6858642952263505,-1.6907968406345562,0.716538538435069,0.5770750013505711,0.2436717198147736,0.0678435843030297,0.8144351909323048,0.5209197267511678,0.7961055594164685,1.9413665496753147,-0.001470780951696,0.2097146334642193,-0.7270434390171844,-2.326771547727889,2.0171286708046785
2014-03-25,ETFC,24.33,24.54,23.59,24.02,2714082,-0.4960723550245974,-0.4870371483409437,0.4311236511925979,0.3715450214853922,0.2147271879451129,-0.0212586070940491,0.7598787839967591,0.5225208972378309,0.789916743943913,-0.4048913946340531,-0.001346023224168,0.0488671397170024,-1.6867550476247168,-0.9889574632979028,1.7048383062876376
2014-03-26,ETFC,24.26,24.42,23.53,23.53,4249764,-1.3030392726230318,-1.3009180862739622,-0.1822905780677316,-0.1025278235145301,0.1688615088874835,-0.1360951017825046,0.631360566279946,0.5958294470370826,0.62176888199374,0.4444414052845511,-0.0014107356607771,-0.3889954821504218,-0.4966527228349551,-2.2997214629379927,1.5609652903469815
2014-03-27,ETFC,23.47,23.6,22.52,22.8,5595772,-1.9645033687619509,-1.976121696019275,-1.0214610178869474,-0.5965972480252086,0.1009234945880719,-0.2847781084788578,0.5391165023560024,0.7906565285709312,0.1618178825369159,1.095215364819971,-0.0014782123500997,-1.0413214290141375,-1.3038301563108234,-2.183099510271504,2.356401006654929
2014-03-28,ETFC,22.81,23.145,22.49,22.59,4962999,-0.6064253358017698,-0.5977061656435002,-1.2612704196371658,-0.6884777318119488,0.036698271844457,-0.3941678522855978,0.5156505459388655,0.8004109399733614,-0.0890441084934285,0.7099648657245101,-0.0014709493834268,-1.228976838385892,-1.965466810570222,-0.7550054037832834,0.8251551952888417
2014-03-31,ETFC,22.75,23.17,22.75,23.02,3528122,1.1520839093338149,1.1427242939178668,-0.8401578706769821,-0.3236534811255364,0.0010144080578141,-0.408214680704257,0.2849406950904164,0.7558006309860015,0.5344291492519678,-0.1059916362063425,-0.0010659165117579,-1.1203455658350625,-0.6070344917248359,0.8703419983026283,-0.0707695611520187
2014-04-01,ETFC,23.13,23.78,22.92,23.76,3976018,1.96834834221972,1.934267028070136,-0.0529776571798015,-0.0942674847962051,0.0001598728836,-0.3298020511642843,0.2556315538259374,0.4149290552045913,0.2130036077570903,0.1550384352465343,-0.0010554044196423,-0.5150534154916862,1.1519335009859497,2.0315141733605486,1.4252223490390243
2014-04-02,ETFC,23.85,23.87,23.5,23.7,3761931,-0.1902133094622564,-0.1813320597159629,-0.1448694026311396,0.0400581602879223,-0.0045226951174919,-0.2769252381305773,0.2313691377596986,0.4168788146202938,0.1232206741441272,-0.0184523812835169,-0.00140872351032,-0.5796006298109604,1.9684108752199565,-0.5014850109833466,-0.290221877708144
2014-04-03,ETFC,23.77,23.8,21.76,22.165,15676445,-4.065320412685362,-4.170749600133794,-1.7791136297265735,-0.7495069603173057,-0.0695390931597163,-0.3899220276058157,0.4528980584574374,1.125096567137431,-0.9426003965141724,5.129307235471405,-0.0019785292154877,-1.528869925913429,-0.1907138869070569,-5.127730736069341,6.079118355161408
2014-04-04,ETFC,22.11,22.16,20.0,20.43,21422683,-4.906341184492416,-5.071603648898356,-3.5556565942100016,-1.3528751913346286,-0.1888660850109998,-0.6201139927145481,1.2293597369868452,1.8616990046371715,-2.086102780406712,5.98533502028963,-0.0026110345532695,-1.625138258170706,-4.066831900929844,-5.767022071867246,7.220044463684027
2014-04-07,ETFC,20.2,20.55,19.62,19.97,12649204,-1.4347922862893925,-1.4348218288090464,-3.9015266343134822,-1.7876510509961363,-0.2997776651781624,-0.782606439994681,1.9514073119442616,1.8860617369937132,-2.3629534748140237,2.300458994925622,-0.0028364023967923,-1.6860907822118787,-4.908072072345304,-0.8865596492163867,2.289847807643468
2014-04-08,ETFC,20.0,20.49,19.63,19.98,8785644,-0.0018202606287712,0.0062177369022137,-3.730693147865131,-1.9184853150993808,-0.384545671799116,-0.8453072895624053,2.505534518315608,1.893522208079263,-2.2439164819578266,0.8560493289285044,0.0013571836775381,-1.6805132964107998,-1.4356175407805858,-0.1018683360150658,1.9959202874947013
2014-04-09,ETFC,20.4,21.25,20.35,21.18,10207124,3.7062254283343874,3.586540499506954,-2.246851579502618,-1.5270393212930764,-0.4015653158536204,-0.7210848502325405,2.6859133698658164,2.357339355828403,-1.6566943170795965,1.1409863235098203,0.0003168436824418,-1.0112150002814386,-0.0022716914145047,2.862428175869262,1.9500723810576317
2014-04-10,ETFC,21.16,21.19,20.27,20.28,6837011,-2.678521715795823,-2.7133311603017227,-3.1214466654909687,-1.6338041688614753,-0.4470167823448765,-0.6948899202779629,3.024406660795799,2.4978035006828727,-2.0490727177547714,0.0165958850077578,-0.0019115109845892,-1.513188722378459,3.706741326536688,-3.168356765467715,2.189425134110204
2014-04-11,ETFC,20.26,20.48,19.735,19.79,5377615,-1.5372582903053245,-1.539161035643162,-3.498314965181637,-1.6059665127536566,-0.498274003111278,-0.6888778878746992,3.412303545887748,2.4976489379502667,-2.4808116971739063,-0.4602748096047185,-0.0019357686695829,-1.786485526631283,-2.6796714257094547,-1.778998635031355,1.5460656943159836
2014-04-14,ETFC,20.36,20.6799,19.7,19.92,4547440,0.3759754008500296,0.3806190632255388,-3.151878754420556,-1.5135829636938125,-0.529373341237517,-0.6321822190465037,3.6850108893462967,2.479713180353892,-2.541060710252744,-0.7261188295329161,-0.0004615705663198,-1.7139782112172672,-1.5381102754099696,-1.6590663283893057,2.508360229996631
2014-04-15,ETFC,19.97,20.53,19.65,20.365,6532890,1.3578085095018797,1.3431740380950563,-2.417183776800214,-1.2165817951345357,-0.5320693110670535,-0.5137159029412923,3.7391390666001527,2.4375662653778827,-2.611227411933665,-0.1907325779173402,-0.0003669985558515,-1.4657800930692977,0.3756225267503666,1.4680727900760806,2.0099506420498754
2014-04-16,ETFC,20.58,21.32,20.56,20.84,5098597,1.4191310284840142,1.4027988926520838,-1.6465151026142877,-0.8437487988518432,-0.5113139923650004,-0.358579637081721,3.6253442655935344,2.5088101602910045,-2.4475533443315998,-0.6014122263325656,-0.0007231889945671,-1.200849517518091,1.3577117691468028,0.9281763617655356,1.447978065487489
2014-04-17,ETFC,20.97,21.21,20.87,21.04,2989583,0.564489921426022,0.5665965684850283,-1.1759188404765852,-0.7073719505190718,-0.4831211465137965,-0.2153265575463177,3.311110526236981,2.463785079597987,-2.562658056522574,-1.1871085604459533,-0.0009861186720383,-1.0892998014965312,1.419050285518184,0.2258830181121611,-0.2445609651999991
2014-04-21,ETFC,21.02,21.18,20.7,21.01,2602111,-0.1217670090667766,-0.1131264026505656,-0.9890026925856596,-0.893186494437443,-0.458371104904477,-0.1095858127700551,2.9677108279252624,2.467558797709889,-2.441942583084181,-1.2822955774997111,-0.001447142010355,-1.040090227529489,0.5641862256741235,-0.0622593601602372,0.3127033450811371
2014-04-22,ETFC,21.0,21.67,20.83,21.65,5466505,1.863488678466148,1.83314786108796,-0.0616590815258309,-0.9371167472588976,-0.41053268948946,0.0344358597693482,2.678375142607272,2.568387764890376,-1.7150265890421357,-0.4311602088134473,-0.0007790848032747,-0.5097400777276044,-0.1222497307201307,2.3121910850647085,1.642224445932373
2014-04-23,ETFC,22.07,22.23,21.11,21.5,7438351,-0.4643450326492351,-0.4552555399611129,-0.0906467653637718,-0.9606697830686328,-0.3758868947540748,0.1156956192773879,2.3741946346763743,2.5681556788396374,-1.7082806460583315,0.0775205635706174,-0.0017832660371844,-0.579331683084632,1.8635238564117464,-1.9775860361952389,2.7501534130743472
2014-04-24,ETFC,22.96,23.25,21.8,22.67,11988435,3.3549994859407035,3.256151287169634,1.394764773521411,-0.0038094023413917,-0.300614606754056,0.285275321177536,2.220698700704656,2.871540592109367,-0.7042569151090798,1.1983281454280172,-0.0001607506829623,0.5042863180914764,-0.4649171236579509,-0.9805856142925872,3.7392559734255375
2014-04-25,ETFC,22.5,22.58,22.0,22.4,5006647,-0.7744900935420558,-0.7666331897681422,1.089761581409116,0.6944828893920441,-0.2503965209211446,0.3564499976179708,2.168889880525289,2.7937176646190385,-0.4251357131925293,-0.684702266428578,-0.0015678152111956,0.2931030204186567,3.3554237587791533,-0.3621022626789135,0.5666090612098627
2014-04-28,ETFC,22.3,22.44,21.49,21.81,6016561,-1.672828280737468,-1.677480176615224,0.4153914345009055,0.6201717271150171,-0.2328303642957163,0.3293442350806556,2.1002409462007554,2.8513091307961678,-0.6745822451668593,-0.4219481588273264,-0.0016852326897937,-0.1683715930145364,-0.7751430930219887,-1.686423040927713,2.038837319100625
2014-04-29,ETFC,21.96,22.08,21.74,22.0,3755747,0.5093710878391775,0.5122772840800998,0.7133056180289251,0.6760880413335978,-0.2106988236332323,0.319410844970855,1.9621477180137277,2.82031385227764,-0.818227623418661,-1.033079683272749,-0.0009140675898497,-0.0197611242818121,-1.6737156323916793,0.1113005441553633,-0.3033288022276575
2014-04-30,ETFC,22.0,22.54,21.87,22.45,3935190,1.2404638148737697,1.2289176269619602,1.3523289600341992,0.4214392476519124,-0.1751267717663918,0.3460597773497991,1.656854861290137,2.7547187698103097,-0.9772151596887152,-0.9844806131917958,-0.0009348244559472,0.3322110385062161,0.5090530130720274,1.5190608728822876,0.8959088683006844
2014-05-01,ETFC,22.48,22.85,22.22,22.66,3306405,0.549373127313627,0.5517037992559773,1.6802076623454607,1.1000625637522667,-0.1387674963544643,0.369405223106258,1.367016828729215,2.767441676161659,-0.8119500087455327,-1.1511019492620942,-0.0010098524085266,0.5362837874358416,1.2403364624566453,0.5786354655548592,0.7257432352959378
2014-05-02,ETFC,22.72,22.95,22.36,22.67,3867383,-0.005521180960526,0.002538847153315,1.6592147312626808,1.5218267269794432,-0.1099872277362283,0.368573346694149,1.4555949007844284,2.3287237715226548,0.1671365177701874,-0.9100667254135424,-0.0009914283814328,0.9117423081938112,0.5490654879983591,-0.1925836836901294,0.5776706709165287
2014-05-05,ETFC,22.32,22.65,22.13,22.45,2574339,-0.6371763804882847,-0.6285805508752986,1.255851495350988,1.2871303503315925,-0.0964215483323842,0.3287457548399167,1.4889795046017116,1.5404159855515671,1.2846439522473712,-1.1696741178382033,-0.0013960873928998,0.7102767604700216,-0.0059735772164342,0.4137252085925814,0.3390657118713174
2014-05-06,ETFC,22.27,22.41,21.51,21.57,4973897,-2.473400185534951,-2.5006472235938504,0.0739973050436278,0.4583054505428487,-0.1206094337502964,0.1997066554184227,1.333927067271624,1.697195512403819,1.0092120452468067,-0.2379800558589905,-0.001556388339756,-0.0998353314820828,-0.637793558528507,-2.401092016158997,1.88604157213435
2014-05-07,ETFC,21.45,21.73,20.94,21.69,4178763,0.3133629972741855,0.3187255068463344,0.115345780782257,0.2992051030006946,-0.1351935442255403,0.1211953272583652,1.156008618579779,1.6954924076222568,1.0894799910459978,-0.4612101253306249,-0.0009455926474203,0.0024000859678071,-2.474496384780448,0.8190181082835362,1.444143077206348
2014-05-08,ETFC,21.65,22.01,21.1,21.23,4340930,-1.3533601393793218,-1.3520262139415526,-0.4492675491041367,-0.0851290103491465,-0.1646532662295443,0.0200966967332199,1.1533183494071295,1.3173555194425406,-0.132806152927364,-0.304108896037337,-0.0015215076607828,-0.4223564438165122,0.3129937892892174,-1.4919862860692528,1.9809880087958485
2014-05-09,ETFC,21.27,21.37,20.79,21.1,5427328,-0.4142275491664031,-0.4050855184476227,-0.6569876863446733,-0.1406895035941703,-0.1925925923132109,-0.0568687347609786,1.035498046931654,1.0348852403793496,0.4263578927446835,0.1622347841482279,-0.0016302096849124,-0.5423963326686013,-1.3541641504223834,-0.6301625065330068,0.6995622766497728
2014-05-12,ETFC,21.22,21.9,21.14,21.77,3613125,1.9439179438699723,1.910722848913212,0.0379943564754247,-0.1249389219712382,-0.1878966214915278,-0.0344383875260471,0.7370916111027823,1.038194661296199,1.3019201218542915,-0.5487839285095184,-0.000942873942717,0.0762707867998608,-0.4147865658770528,1.9319059674422256,1.3181410960253104
2014-05-13,ETFC,21.69,21.86,21.42,21.46,2653880,-0.9195367699492268,-0.9127954805414868,-0.4302663080547492,-0.2097406450002428,-0.195814191831437,-0.0489611475507826,0.4188536686123467,1.092687749397384,0.967928986945978,-0.924089191047862,-0.0014414674233126,-0.2099781789243525,1.943974103638999,-0.8274650334229765,0.1174355621299892
2014-05-14,ETFC,21.35,21.35,20.6501,20.73,5513351,-2.150813721241924,-2.167638601407367,-1.3335279807483054,-1.2798372941825529,-0.2298649334805668,-0.1278456886480154,0.3200097200983836,1.2367328127001318,0.0957487106944093,0.3078649860192785,-0.0016874765852196,-1.6712243981249872,-0.920227608190188,-2.22032623701345,1.2224854260875526
2014-05-15,ETFC,20.64,20.67,19.55,19.76,8337710,-2.9461796597242005,-2.991960283272652,-2.4453880530090584,-1.498506310465859,-0.293340051348627,-0.2666911593840128,0.6493410416556522,1.460750212235039,-0.928584122448364,1.395202806194909,-0.0020436852032975,-1.692633022313682,-2.1518257663900244,-3.247516693355255,3.1324494920052808
2014-05-16,ETFC,19.76,20.09,19.4,20.06,5292860,0.912217076865974,0.9081853552841792,-2.0272265802724947,-1.101595783514001,-0.3297330329673034,-0.3080585834754525,0.8589276151497579,1.4833068292778502,-0.8515462713846227,0.0890122294576986,-0.000527956014739,-1.3114430931166092,-2.947399194367557,1.120724721824593,1.2753357621614947
2014-05-19,ETFC,20.25,20.335,19.92,20.07,3925772,-0.0019601320354567,0.0060787020868151,-1.9620729052226868,-1.2285834240509417,-0.3557761504942663,-0.314512150745462,1.039281390681042,1.484136887093116,-0.8245619828989762,-0.4825915027615993,-0.0008211404519755,-1.3028088553570167,0.9120040937388916,-0.697887974503219,0.1319674092318378
2014-05-20,ETFC,20.07,20.16,19.72,19.77,2532622,-0.9636094585760414,-0.957275584800134,-2.221702120858812,-1.673272413189902,-0.3854748238027651,-0.3290843422141566,1.3012695867931083,1.3452428439149369,-1.4427985707050224,-1.0068207620734595,-0.0014788100006621,-1.561835988144744,-0.0024115993098631,-1.1556406937614767,0.2635055411927948
2014-05-21,ETFC,19.91,20.32,19.81,20.25,3890548,1.4785799811929932,1.460547287419957,-1.563386125534738,-1.4592677118270958,-0.3873515261458006,-0.2691288210685356,1.4200758292009803,1.452393328036686,-1.0213461077559214,-0.3911574901938104,-0.0008462920229774,-1.147392575684381,-0.9643117941913248,1.2638696347084266,0.5076310723114266
2014-05-22,ETFC,20.26,20.56,20.15,20.44,2492501,0.5511534445892795,0.5534579190425712,-1.199731689026719,-1.3277246718213038,-0.3786920697252742,-0.1940445128705499,1.373968642412113,0.9701207055551084,-1.6121617942606985,-0.8677436987488939,-0.0010204843511422,-0.9074580531537764,1.4785147468535629,0.6449233962769223,0.080386094225411
2014-05-23,ETFC,20.43,20.46,20.215,20.32,1478435,-0.398503112514982,-0.3893529724268618,-1.2248209990206596,-1.2958432711567591,-0.3739376826504744,-0.1440286475837952,1.357560850672632,0.962060842208694,-1.531227976415913,-1.316405983741373,-0.0013647498092748,-1.0198247530109883,0.550846269710713,-0.4331054087915363,-0.5864759406695775
2014-05-27,ETFC,21.4779,21.4779,20.16,20.27,4220753,-0.1861900329596194,-0.1773208491856224,-1.1953191810490598,-0.980382081234108,-0.3695735045589554,-0.1050203465600586,1.3999497573198942,0.8802448991208408,-1.2044914503201296,0.0800771020047707,-0.0016071469863237,-1.066644211284827,-0.3990580271447327,-4.275288810495062,3.8272709810671817
2014-05-28,ETFC,20.19,20.32,19.87,20.19,2746935,-0.2787110405793853,-0.2696301708183402,-1.1868490910116172,-1.109744037945038,-0.366731993978672,-0.0777330257028544,1.4111841564729697,0.8539991577991153,-1.3757794328126989,-0.6441082466609028,-0.001515745032827,-1.141555344522966,-0.1866895608402251,-0.0263165508545973,0.2661989650022517
2014-05-29,ETFC,20.23,20.44,20.04,20.42,4383731,0.6762337055700419,0.6765733867331798,-0.7766106643056517,-0.7112212937658555,-0.3530546270829002,-0.0280118613961214,1.28306499385342,0.7911289862989075,-1.495481204600671,0.1776039149712081,-0.0007594354128518,-0.9261858364633112,-0.279234704692438,0.68326521783,0.0412100711616037
2014-05-30,ETFC,20.32,20.785,20.26,20.37,3215922,-0.1854398175340194,-0.1765729124321271,-0.6989497473373657,-0.6680287985189065,-0.3419374939244401,0.0051750724828635,1.0513287547939218,0.7570004592602103,-1.6516869407543389,-0.4124320960410692,-0.0015446598843699,-0.9730052947371496,0.6759591607538928,0.1595884323158532,0.5566363884555728
2014-06-02,ETFC,20.42,20.58,19.92,20.46,3496286,0.2420762875753017,0.2481818293226836,-0.4480588420051292,-1.176151269581721,-0.32750593421301,0.0402558964768182,0.7261558880012247,0.7673977126785605,-1.5992049795113903,-0.2618691292866913,-0.0008743569538315,-0.7971081914991306,-0.1859391497036794,0.1216791105762908,1.0970909119138696
2014-06-03,ETFC,20.33,20.42,19.65,19.66,5885786,-2.467327910053793,-2.4943621961663736,-1.2926272972574595,-1.3943403427090848,-0.3452694124194003,-0.0145489177032969,0.4891310718245559,0.9537223485554966,-1.9926650635734453,0.8359766405415496,-0.0017901476355043,-1.5941641806864677,0.2416884828128024,-2.5162179801470126,1.6727890983778042
2014-06-04,ETFC,19.66,19.88,19.235,19.7,8276692,0.0936734126931107,0.1010674550319253,-1.1269479841702568,-1.0069969654941529,-0.3553724984082936,-0.0386750513502565,0.4521360112028481,0.7694792037550472,-1.4407197684099822,1.8502445527375304,-0.0002837271593923,-1.3242777708673528,-2.4684225252065923,0.1274002043040362,1.1373489001704469
2014-06-05,ETFC,19.78,20.07,19.695,19.87,3845920,0.5042560571898412,0.5072340344477138,-0.7955730283469086,-0.0776150094890517,-0.3543007903904583,-0.029212230864284,0.3032753888550896,0.7816268079482751,-1.3998199706155756,-0.227549375641889,-0.000911534959817,-1.1206342172222252,0.0932468936280319,0.3174478912304528,-0.0184591686188903
2014-06-06,ETFC,19.98,21.04,19.96,20.74,9459466,2.692947219342008,2.6285410797448834,0.3560864849714817,0.386743766077945,-0.3172511217680392,0.0709646767739432,0.2249954914863957,1.078353563813674,-0.5064505372770183,2.17190117555168,-0.000514988660122,-0.0040445436545039,0.5039366480493213,2.8475251269210324,2.748508687547
2014-06-09,ETFC,20.67,21.22,20.6042,21.15,4957725,1.1977559036415035,1.1872813168541556,0.8809858505991905,0.6311431216395216,-0.2703330920380817,0.1765071944952894,0.2352583574073672,1.1354336987725666,-0.1326746996694125,0.1769553801959829,-0.0009405418000238,0.5073680005674186,2.6931987806221884,1.728151609620748,0.8352151582733592
2014-06-10,ETFC,21.08,21.13,20.525,20.83,3880544,-0.9749616222264104,-0.968737867050503,0.5307976612064995,0.6118275154285455,-0.2446203260701009,0.206359224789495,-0.0300048403498683,1.0010396129475168,-0.8016228636880689,-0.3107863545568865,-0.0014560002936907,0.1385332346440203,1.1976174098836252,-0.9223291832131132,0.8292819475034068
2014-06-11,ETFC,20.64,20.78,20.29,20.48,3788089,-1.0790984494128313,-1.073983976938493,0.1427742262726578,-0.0092369040758888,-0.2369816077149132,0.1837185616073061,-0.2615368975841249,1.0121301185414535,-0.8381581485932844,-0.3730335392228028,-0.0014682524754671,-0.036099693664649,-0.9756669193146356,-0.6119893040365363,0.4026712664257106
2014-06-12,ETFC,20.41,20.59,19.97,20.02,3679412,-1.431369932179926,-1.4313399424902795,-0.4071755104365342,-0.4953011132156727,-0.2478703035584413,0.1179167858563674,-0.2921892110810712,0.912580613419656,-0.6704894995450823,-0.3878233421395723,-0.0014811604638082,-0.7178614785072852,-1.0798309129871544,-1.4699812354495687,0.9896617487171758
2014-06-13,ETFC,20.06,20.42,19.97,20.17,3813157,0.433472769375219,0.4374018659010463,-0.239143945191078,-0.2975812922352368,-0.2494173407406292,0.0893206338368464,-0.3419086001804559,0.5363499363140144,0.1372540878640318,-0.2365203659019373,-0.0009723613661478,-0.4955478530151186,-1.4321942938713497,0.3879753917003343,0.2680408319949151
2014-06-16,ETFC,20.07,20.55,19.97,20.42,4308953,0.7386702620868496,0.7379376959112818,0.0612040608942987,-0.0854874651442751,-0.2397370712005487,0.095342606450583,-0.3476340885019677,0.5227625969340605,0.0960902400479754,0.0223699949719608,-0.0009643279042801,-0.1250251438615127,0.4331348947863429,1.291228282536764,0.7758503568720476
2014-06-17,ETFC,20.37,22.19,20.37,22.0,9428503,4.784227230589524,4.589717536862493,1.9711217350450732,0.7352721325362039,-0.1696243078995539,0.2557123831600368,0.1216127718184576,1.4213290817204205,1.2448319974917663,2.2005838895188066,-0.0006891082737872,1.2291411914097805,0.7384120052822566,6.019309851284142,5.303238081263958
2014-06-18,ETFC,21.81,22.055,21.45,21.87,5549649,-0.4008844464523881,-0.3917352776203711,1.659268901297268,0.5644994999370331,-0.1194943529987327,0.3325727997019113,0.3397330529413504,1.3816492535754303,1.392551071962142,0.3730527035790327,-0.0015143702522355,1.0828997024529203,4.7850243503516285,0.1815288003434024,0.7141731190456682
2014-06-19,ETFC,21.95,21.97,21.22,21.28,6827328,-1.7125681566393205,-1.7180845495817354,0.834839969649514,0.2427691008554729,-0.1034890074217748,0.3062249759778068,0.402397269649711,1.459499113130222,0.579542606034819,0.8383518671858319,-0.001613177753943,0.4191883294948597,-0.4014399823078574,-2.3324530455021963,1.3459714181979774
2014-06-20,ETFC,21.46,21.47,21.2,21.24,5210973,-0.1500224293272349,-0.1412733770439306,0.7309262147090434,0.1840929442175607,-0.0930029406548435,0.2709401883537758,0.4548999363576654,1.4555745664500956,0.4073390784022122,0.0951583347956054,-0.0015690302252681,0.3741909482773608,-1.7134658753540173,-0.8008455692750817,-0.531906196927958
2014-06-23,ETFC,21.28,21.34,20.96,20.97,3797701,-0.8244117739658304,-0.8168999076306331,0.3442885966253763,0.4965851836262268,-0.0959092351737719,0.2082406508490951,0.4605395491161955,1.4770521715480416,0.3023191716907337,-0.5209497683294192,-0.0015122174991972,0.0704586250592658,-0.1505125220567244,-1.1269299624967914,-0.0810937373321415
2014-06-24,ETFC,20.83,21.25,20.7,20.85,5103254,-0.3892652132867655,-0.3801121728081342,0.1541209024220078,0.4044185415892381,-0.1034389302828927,0.1461804673162579,0.4494523863015002,1.4823458480933354,0.2527597903284448,-0.0150555325019471,-0.0016438197173945,-0.0645335185932183,-0.8250777966640989,0.0462247695107236,0.6071160306577069
2014-06-25,ETFC,20.67,21.28,20.55,20.95,4948552,0.2656036571812876,0.2714728564810607,0.2323307794870026,0.3752146536210591,-0.105945569973911,0.1094615786662173,0.4306021270929999,1.4787198055493902,0.3853599811409531,-0.1182798878756537,-0.0007880449332491,0.0479599344505184,-0.3898177179980682,0.9971232094226852,1.312677397790552
2014-06-26,ETFC,20.89,21.04,20.55,20.96,3668031,-0.0032786027182508,0.0047681020272697,0.2103165948223055,-0.0533825139119102,-0.1079898436885329,0.0812765898099768,0.4286201364998121,1.4664687387329172,0.2209038896555847,-0.6067453580689937,-0.0009531363440096,0.0592092797548939,0.2652219900741844,0.2268488374284531,0.3570072550476151
2014-06-27,ETFC,20.83,21.28,20.83,21.21,6558963,0.7095855110821092,0.7093599951222898,0.4728411341153757,-0.1507262378577864,-0.1003108562983886,0.0837561054264537,0.4387549289605013,1.4775137842894217,0.4381539582599326,0.4454988809178101,-0.0007738341527441,0.3404429123642419,-0.0037304139460543,1.351968536086296,0.1768697184521567
2014-06-30,ETFC,21.21,21.36,21.12,21.26,4591249,0.1137697219143051,0.121009753135575,0.4843292566226462,0.1022629162042715,-0.0928828657845607,0.0850936562808113,0.4537690099477158,1.4768770435357643,0.4067771859016137,-0.3191670988354486,-0.0009619342146679,0.3966896388861123,0.7093196668513847,0.151787610296914,-0.6505051680648862
2014-07-01,ETFC,21.32,21.93,21.22,21.66,5714734,1.1383687264417794,1.129337671446575,0.8584960181400372,0.601181982459997,-0.0721186780537159,0.1204908390233951,0.3619851123841883,1.2483047171600343,1.3265769178700852,0.1063771125973875,-0.0009253366993795,0.8466634510610673,0.1133484454336205,1.1785430623986768,1.140532517784118
2014-07-02,ETFC,21.52,22.205,21.52,22.14,6543519,1.346683458301838,1.332350819026188,1.3001580408835347,1.224218364526363,-0.0380299610154908,0.1831056942780135,0.3377678071169667,1.2867160568623566,1.6515677622034108,0.4586578393250245,-0.0009166019513092,1.3567943697491591,1.138214740173063,2.150361274400584,0.9871986173274768
2014-07-03,ETFC,22.41,22.953,22.35,22.77,4492938,1.7385741296720671,1.712473258550025,1.8923067581315067,1.37440930171809,0.0119457966488168,0.2740905475639529,0.4907152763903871,1.3551846674324135,1.976005365495349,-0.336144186704241,-0.0010423400778181,1.2396294299904218,1.3465838157213244,1.1873667448959235,0.6157265212119127
2014-07-07,ETFC,22.38,22.7301,22.19,22.45,4446881,-0.9079443082930332,-0.9011011620062972,1.3830044818185614,1.0144714629823013,0.0368373649734906,0.2823121586471552,0.6312336875486168,1.1989594636823877,1.0434198524260985,-0.2700081336824246,-0.0014276698295196,0.8823479733348322,1.7385767207850824,0.2099937691290007,0.4136826948328506
2014-07-08,ETFC,22.36,22.44,21.59,21.79,5094085,-1.8632991499141365,-1.8723370239809585,0.5267150151940926,-0.3417680399477655,0.0285639884832878,0.2035234504819895,0.6570230031306786,1.3123758425311431,0.2769387331116163,-0.0145181494965008,-0.0014697184970515,0.1468602714534891,-0.9086321223737917,-1.9522788738182808,1.6596963056279606
2014-07-09,ETFC,21.8,21.89,21.39,21.51,4259662,-0.833007539132551,-0.8255592028491704,0.1387800053749861,-0.4415406131460903,0.0091856750180436,0.1119085673433179,0.6378565486719251,1.3018950066181392,0.3119687378757791,-0.3533084977071158,-0.0014494440804687,-0.1651648141931383,-1.8642361902746327,-1.0313632341819483,0.3459345659317212
2014-07-10,ETFC,20.92,21.59,20.76,21.43,3225210,-0.2645461592714276,-0.2554887734233601,-0.0185484082837431,-0.0692185716986788,-0.0108908255025784,0.0368195393708593,0.559995276449997,1.2540429555246546,0.5137838922023359,-0.7568289341956038,-0.0014118374032523,-0.2543148386636062,-0.833675804233831,1.8155290720822843,1.636530187634372
2014-07-11,ETFC,21.34,21.74,21.2,21.67,2650757,0.664247494029905,0.6647860575732305,0.1739513083642774,0.1367042873053945,-0.0188352639878915,0.0079760358229978,0.3524405486048865,1.1631309313786018,1.0429529556448618,-0.9752731429828158,-0.0010946834612008,0.0131352347477934,-0.2650661281494562,1.1420100237918531,0.4854672382471164
2014-07-14,ETFC,21.91,22.04,21.42,21.42,3174654,-0.7512475139628484,-0.7432438829620892,-0.2085091182678553,0.153614387443928,-0.0362484860716382,-0.0394712529961929,0.1406590935333376,1.196318669689541,0.742695925742042,-0.7557969250068381,-0.0014110131113127,-0.2654585917224121,0.6639698223348414,-1.7159730879897053,0.8209698764425857
2014-07-15,ETFC,21.56,21.73,21.19,21.3,2574401,-0.3817805668532656,-0.3726261876832442,-0.4081857535301415,0.153614387443925,-0.0558239021970964,-0.0829945342935725,-0.0219666593146218,1.1931389109737771,0.4654399737023891,-0.980890108267518,-0.0013880018389606,-0.6844429982494065,-0.7518944500814128,-0.9374234219919844,0.5215429528045088
2014-07-16,ETFC,21.3,21.47,21.0,21.12,4204573,-0.5591203036030664,-0.550241433101371,-0.5748505776689923,-0.0621838197986553,-0.0792046913263126,-0.1276081239351171,-0.0307099368398266,0.1190276897062721,-0.7549389304464887,-0.2096263113885725,-0.00149311418581,-1.0927953044580043,-0.3823311190224295,-0.6647823409430756,0.2633259024946046
2014-07-17,ETFC,21.02,21.3,20.64,20.68,3558238,-1.3300384909387526,-1.3283344572586,-1.0420463268372375,-0.3773461878391201,-0.1154163049703591,-0.1963253170718185,0.0379029399858597,0.1941804277109854,-0.966607902013976,-0.4575357992917755,-0.0014756378558491,-1.7014677457708227,-0.5597171189206589,-1.248372067246596,1.068490754371355
2014-07-18,ETFC,20.72,21.5,20.7,21.4,4179358,2.1345952044810024,2.094245930103354,-0.1677198330234702,-0.0735649630254611,-0.1161356163111215,-0.1599424964388549,0.0342144173249539,0.3292552653423584,-0.0846580614515546,-0.1244854248210121,-0.0009440540286173,-0.7054582963498517,-1.3308364179935146,2.453182189933029,1.5242222367079177
2014-07-21,ETFC,20.99,21.37,20.94,21.35,2866578,-0.178458747487626,-0.1696134795598201,-0.235632457155781,-0.1343156599793374,-0.1189978636601617,-0.1363521203279724,0.0292433336645015,0.3297359086193828,-0.0914166650133662,-0.6914566573543087,-0.0014276509517876,-0.774625619226304,2.134701106798266,1.269473952135848,0.0872039438501013
2014-07-22,ETFC,21.49,21.54,21.03,21.09,3131356,-0.7911735488891954,-0.7834274143329428,-0.5610588690589653,-0.5455630531167978,-0.1316769292673489,-0.1427481406429872,0.0145179043782547,0.3268574774569519,-0.0834337478911798,-0.5549187058527381,-0.0014591574684573,-1.1342956981838797,-0.1789562584846281,-1.4325852369498937,0.4240311588788843
2014-07-23,ETFC,21.21,21.36,21.0,21.27,3070160,0.4983670081452654,0.5014271197168968,-0.3662766018560273,-0.7702556087727205,-0.1347836048213194,-0.1232257896830314,-0.0360097367071165,0.3306475718136918,0.1283672132465045,-0.5482365079575773,-0.0010125388957872,-0.885293335828637,-0.7918309006321077,0.1874084425272086,-0.1807592864390554
2014-07-24,ETFC,20.62,21.13,20.13,20.73,7990675,-1.6135950204486105,-1.617007743346297,-1.0133481858931126,-1.5803509994176117,-0.1583682768464077,-0.1603179193108933,0.0049907205888708,0.4617736618466093,-0.3217032453708611,1.7116371567800654,-0.0017958912398624,-1.1747817358463133,0.4980460627108778,0.3767240101372388,2.4289780362943274
2014-07-25,ETFC,20.71,20.87,20.36,20.38,3988300,-1.0841447707170395,-1.0790885999311326,-1.4076581109722686,-1.5910754759009451,-0.1903358366820705,-0.2115690319294132,0.1317714125377399,0.5120008508598086,-0.5738795604303083,-0.1765588048504733,-0.0015875476649907,-1.5869190146649026,-1.61446691974475,-1.230183721446353,0.4942422525851566
2014-07-28,ETFC,20.43,20.729,20.38,20.5,3426047,0.3335871021803662,0.3387241861765735,-1.2190512015324342,-1.1865942675316226,-0.2102205307845406,-0.2214688336288758,0.2371227053282899,0.4877613986511612,-0.659105905772359,-0.3794294372669512,-0.0009044545446191,-1.4456148047842428,-1.08487855074032,0.2325490860143661,-0.1724965888620642
2014-07-29,ETFC,20.54,21.55,20.43,20.98,6818441,1.4247531276467216,1.4082624762577534,-0.6134110631198468,-0.57841688953195,-0.206405418000551,-0.168385780045756,0.2570744310493631,0.5997540551518754,-0.360902813548024,1.1826189861112713,-0.0006426576220777,-0.8803979652616077,0.3332231701182356,1.5921248060396052,2.8577591424014326
2014-07-30,ETFC,21.18,21.7,21.04,21.69,4332207,2.073925149702866,2.0359111895235813,0.2562101033982066,-0.0238907940075677,-0.1751169168571532,-0.0552033084859535,0.2591295444212302,0.7440964230046216,-0.1471354683855284,0.0397343553690112,-0.0009292337575114,-0.0443480568010433,1.4246738513347437,1.7929190691567267,0.9446358535889788
2014-07-31,ETFC,21.49,21.67,21.02,21.02,3674121,-1.956135052920196,-1.9675334084767555,-0.4983816469296196,-0.5667360054766838,-0.1763520893172138,-0.0483727072108858,0.199985149062856,0.8050732596079532,-0.9104279641907992,-0.2143438648653875,-0.0014815837809252,-0.8332965619680559,2.0740152248411747,-1.6786822570165725,0.9858196995529016
2014-08-01,ETFC,20.94,21.05,20.37,20.75,4042503,-0.8326949072104164,-0.825244239086958,-0.7091406867916101,-0.576828988125109,-0.1874918430748152,-0.0684024479471456,-0.0675235254509861,0.6398178032252385,-1.470368035661389,-0.0196358149522993,-0.0015302868139235,-1.0886438285885762,-1.9570963116608424,-0.7118389567996501,1.1398464245389066
2014-08-04,ETFC,20.82,21.02,20.615,20.94,2142085,0.5370775533208255,0.539587798489623,-0.3817968903430538,-0.3945546920468783,-0.1883673663445734,-0.0580062879552234,-0.324115011851285,0.6520359711856275,-1.155302774777196,-0.9398781432575698,-0.0010727082357735,-0.7156806877048353,-0.8333630907544703,0.4091404241337061,0.0205695091705308
2014-08-05,ETFC,20.78,21.075,20.66,20.71,3182697,-0.716823580046593,-0.7086188609045143,-0.6014164255642778,-0.4208583906788754,-0.1975321321049916,-0.0710257274365244,-0.3742884885610061,0.5322744528463571,-0.8954013866017041,-0.3623903900751833,-0.0014807154883345,-0.8718654597435072,0.536766706422333,-0.2808220831564705,0.0787126320207305
2014-08-06,ETFC,20.57,21.27,20.57,21.01,2406040,0.8688586768697587,0.865695052929519,-0.1971980011846468,0.0027868004834389,-0.1924660961948147,-0.0448114404992291,-0.4086728111991482,0.5585617066235687,-0.508865827405583,-0.7412249206203613,-0.0010459037836511,-0.3497427051713864,-0.7174615358903839,1.5897644151447663,1.185382497740079
2014-08-07,ETFC,21.13,21.32,20.54,20.57,2255495,-1.3368292890952282,-1.3352320880675623,-0.6928330608819457,-0.699538115187377,-0.205099583043116,-0.069398277839241,-0.3886103342383202,0.6287959574026817,-0.7568578449892499,-0.8066748098172322,-0.001414983239568,-1.115522745210497,0.8686343827069692,-2.0286355139337804,1.5689031365362405
2014-08-08,ETFC,20.66,21.37,20.63,21.3,3599986,2.17645302714578,2.1344605440725317,0.2416529688089229,-0.2159237260153695,-0.185934900027714,-0.0072198058753384,-0.4602925339762326,0.8406920751888814,-0.4182394472572173,-0.094102289423699,-0.0009495442709317,0.1549759575816607,-1.3376289876858505,2.314106609973132,1.3040862305409462
2014-08-11,ETFC,21.41,21.69,21.252,21.51,1781905,0.5808155942582265,0.5826762790520926,0.4982213452556386,0.0393282140445511,-0.1623072312286071,0.0540106202744569,-0.4428829493944489,0.8355015927644044,-0.10576875845934,-1.06060397746181,-0.0011114635001173,0.985803790794546,2.1765698490386463,0.3265642766114051,0.1057145165178011
2014-08-12,ETFC,21.45,21.625,21.18,21.28,1918857,-0.6987026271834086,-0.6903998303112708,0.212242549449392,-0.1836047994823178,-0.1525713209819773,0.0672378138214959,-0.4452024523317909,0.8501041328358736,-0.1812671370540348,-0.9754372445215148,-0.0013776593289114,0.5536072580999936,0.5805161574335107,-0.6250952677440971,0.1514713233167065
2014-08-13,ETFC,20.91,21.48,20.88,21.34,1120004,0.1425435363615875,0.1495518776654958,0.2732349828704319,0.1711909511149726,-0.1425471490374951,0.0785615493070849,-0.4260099452025921,0.8376400532781937,-0.0144920588968268,-1.3926998777293345,-0.0011599145546355,0.6806460429704048,-0.6993358557599364,1.5273547843439728,0.751905505322804
2014-08-14,ETFC,21.43,21.51,21.19,21.49,1469107,0.4046190284003473,0.4089132227309252,0.4089040471624237,0.4937882055621741,-0.1289097246139315,0.0969209873759606,-0.4145691455988912,0.7574482616397015,0.4077699124658391,-1.1631288881587245,-0.0011372537612811,0.9982430051464362,0.142129766192083,0.1852143455349549,-0.3503245994915894
2014-08-15,ETFC,21.61,21.632,21.04,21.35,2297407,-0.4385858638893379,-0.4294642904423433,0.2376365022985998,0.3316838649292445,-0.1238798852752982,0.0894527619987158,-0.4209281650358831,0.5601944785455403,-0.2017913177463758,-0.6267741208602169,-0.0014015837406501,0.7018191737821436,0.4042736266496184,-0.9353153542660764,0.7195795490391774
2014-08-18,ETFC,21.37,21.695,21.37,21.64,1974227,0.8126634826901091,0.8105815455567007,0.5804379856128825,0.2319242559426116,-0.1089211331912522,0.1090350321811995,-0.3713066283229417,0.5913271083595509,0.0320124816837897,-0.8093496544394065,-0.0010978928844985,1.315839967322475,-0.4391512350265259,0.9282450772842366,-0.3396705144289405
2014-08-19,ETFC,21.71,21.79,21.56,21.76,1949160,0.3122426122084429,0.3176174211626911,0.6868638139369796,-0.137812970573208,-0.09296800118558,0.1272603651275845,-0.2879183901935251,0.5605725991212662,0.299094324696238,-0.8023092386032671,-0.0011068222640597,1.382803182239111,0.8124245287186554,0.1476857180548248,-0.7104232726282412
2014-08-20,ETFC,21.69,21.99,21.6,21.8,1750399,0.0814488788206789,0.0889334630583678,0.7026145153343788,0.4869495556342909,-0.0795301693300805,0.1353662921980724,-0.211370416682763,0.5513280258375126,0.1984784449613382,-0.9052563875980836,-0.0011263750342854,1.1033118209487645,0.311873111945266,0.3568414190694073,-0.1003635741121773
2014-08-21,ETFC,21.82,22.21,21.64,22.16,1710317,0.9951183376587648,0.9893457279221186,1.056848918428508,1.001391638604848,-0.055765869258568,0.1684311852763029,-0.0875101792232463,0.4389251870171516,0.8456328337520037,-0.8061684424622821,-0.0011336120287934,1.3530360079376824,0.0810191707048246,1.150933997017071,0.5523714853615483
2014-08-22,ETFC,22.16,22.465,21.92,22.4,1670069,0.6412787313011298,0.6421921342192107,1.22246314137132,1.0261942639780162,-0.0288507056417135,0.2029933682636939,-0.013888136943611,0.3577023831382021,1.2882065648625824,-0.782939248349381,-0.0011402086391372,1.3397418548497997,0.9949269812319544,0.7919338299447121,0.4363889688990351
2014-08-25,ETFC,22.6,22.77,22.5,22.68,1375727,0.7452294256805266,0.7443806877372722,1.4251627325534932,1.4278402839204622,0.0017826430807491,0.2402136591083161,0.1169497620080911,0.3690576744794886,1.3943122185789456,-0.9638476699888712,-0.0011612812046778,1.3182219445387926,0.6409950676761196,0.2411233966160873,-0.599170812810871
2014-08-26,ETFC,22.72,22.88,22.55,22.57,1517705,-0.3349530150465665,-0.3258107947194474,1.188107806051437,1.1628903985064074,0.0198062198128131,0.2375325557531012,0.2406700955787214,0.3125978892715582,0.9455646963386696,-0.7155117523211536,-0.0013299793679653,1.032322466692022,0.7449728799845912,-0.5251179493612171,-0.3727823155133219
2014-08-27,ETFC,22.54,22.77,22.26,22.28,1824965,-0.8329442430777412,-0.8254954345562204,0.7968050420149811,1.3612730364144403,0.0207416646749573,0.1914031158013708,0.3059589972286867,0.1512581310057729,0.2320188647555863,-0.3547672446264597,-0.0013510543208413,0.6482536834815351,-0.3354913511719971,-0.8978100797686197,0.3163887658539452
2014-08-28,ETFC,22.1,22.375,21.87,22.16,1110239,-0.3683176094713367,-0.3591631001241853,0.5791688638783763,0.7708237013781755,0.0148925243533023,0.1370361583709111,0.3102809916218425,-0.0996009926078,0.6290342991409889,-0.9523068417538793,-0.0013112998317853,0.4893286697392632,-0.8336124916667899,0.1788014179068554,0.3079149943809296
2014-08-29,ETFC,22.24,22.47,22.18,22.26,1049522,0.2479517795953179,0.2539991203582634,0.6064177583736041,0.684450057306564,0.0123540520355274,0.102064194876655,0.2615727917002914,-0.1670933393509967,0.901279183910942,-0.9309487588583524,-0.001176225774718,0.5621127038106903,-0.3688646495184738,0.0416257019875625,-0.5055714652379513
2014-09-02,ETFC,22.38,22.57,22.15,22.29,1714321,0.0509096678628167,0.0586100483452575,0.5588647923325895,1.088207378120847,0.0097148370542061,0.0738273141995276,0.2301773346564481,-0.1749271789160987,0.7793636352804251,-0.2051188958592978,-0.0011366539950217,0.6047304158291804,0.2475655075900246,-0.3301441051192218,-0.0209712361080427
2014-09-03,ETFC,22.2,22.52,21.79,21.85,2093561,-1.26195685504696,-1.2592241988617032,-0.0416683442952401,0.3654989301622384,-0.0112595834925504,0.0040433061659046,0.0876827140606039,-0.0897386198980065,0.6409569687278901,0.2685812983079553,-0.0013674577707591,-0.0203293604420544,0.0504719928915056,-1.217448298880019,1.1930617838140325
2014-09-04,ETFC,21.98,22.35,21.86,21.93,1939927,0.194951004998011,0.2015035740081893,-0.0009584156255575,0.3020768464726881,-0.0261284595319886,-0.0360683338037557,-0.0001911574763208,-0.1269646023015349,0.4756275508522504,0.1265113582871261,-0.0011216739105082,0.0933178716072593,-1.262737021441397,-0.1981813942587628,0.270829360949703
2014-09-05,ETFC,21.83,21.95,21.53,21.91,1897902,-0.0897749190193979,-0.0812725379741073,-0.1055942921883583,0.4657662243761897,-0.0399350567544659,-0.0654233583913477,-0.259979099098773,-0.2780565812202606,0.7892550072427064,0.100719804666261,-0.0013561733181102,0.0097871560510127,0.1945509065218603,0.2505566883958719,0.0062644558668776
2014-09-08,ETFC,21.85,22.44,21.8,22.4,2517780,1.3593562332743312,1.344679620899948,0.4144221067817004,0.6342699957474437,-0.0329094061249813,-0.035285530709603,-0.2912733126016861,-0.489582970783745,0.5909833540511883,0.8900736060208135,-0.0010857690849538,0.6450751832066869,-0.0902492948003743,1.875444631674387,0.7898435051712891
2014-09-09,ETFC,22.34,22.44,22.03,22.17,1903558,-0.6722526780817407,-0.663816343358129,0.0996694276765968,0.2378735922419842,-0.0376553941605788,-0.041475263843898,-0.3227754351980584,-0.4594088353694094,0.283156368841508,0.1664854153281393,-0.0013550118541668,0.2627943064008052,1.3592598966785918,-0.6012406098196721,-0.0500630841672367
2014-09-10,ETFC,22.22,22.775,22.19,22.73,2015782,1.5396021075664224,1.5197678901763942,0.6789774320451171,0.6289669772710289,-0.0208334553793577,0.0090884219915949,-0.3354160126154347,-0.3506010640204509,0.8332512834447244,0.2903164228323253,-0.0011187696983704,1.1935651368847016,-0.6728790065808034,1.7077703272660076,0.553612423249354
2014-09-11,ETFC,22.58,22.76,22.4,22.71,2791639,-0.0877765423905266,-0.0792833392447149,0.5715322959266489,0.3493890586906442,-0.0098714085589035,0.0344561096287609,-0.3721744755825404,-0.3454504246964145,0.7753802592902441,1.0410892940478138,-0.001407013456387,1.1357532840596156,1.539552792251919,0.4086582972792069,-0.2702006355948543
2014-09-12,ETFC,22.76,23.36,22.74,23.14,3771798,1.1458219280794644,1.1366126835069117,0.9796097711774704,0.4923657482855127,0.0138828411921564,0.0876771698690212,-0.2919806320033387,-0.2785809936097742,0.9601548187962866,1.8774477475691744,-0.0010067462940784,1.1276546408836858,-0.0882503968490048,1.2350928674660766,0.6416636841147917
2014-09-15,ETFC,23.04,23.08,22.74,22.99,3426350,-0.4365701841401599,-0.4274465534987627,0.7024153861640867,0.1085288198310819,0.02482263114032,0.0972698191245695,-0.3414362571988011,-0.2787734662896065,0.9606701795648008,1.4177388272167997,-0.0014402635413482,0.8248148482462895,1.1456698861497887,-0.1902744179563142,-0.3587927058339044
2014-09-16,ETFC,22.94,23.37,22.8,23.36,3445141,0.9689819419188952,0.9637696655240764,1.0323424603203937,0.5100065967825429,0.0458296415009848,0.1308567905674602,-0.2511031287568674,-0.2628705184253534,0.9998458400997708,1.3132754642893545,-0.0010288471926337,1.4248125481850438,-0.4371350294409329,1.3569332210458942,0.4422501472222308
2014-09-17,ETFC,23.39,24.15,23.09,23.87,5017267,1.3262333715148682,1.3124506239112912,1.4991244438071276,1.1306678664518333,0.0799316777946457,0.1914327390474714,-0.0208853970867731,-0.1775837131195709,1.256632401560032,2.508620351969963,-0.0009535386779081,1.087622710023462,0.9687837672122244,1.524126239954537,2.109610775042891
2014-09-18,ETFC,24.01,24.57,23.93,24.13,4447157,0.6451392627560134,0.6459902400876337,1.6574278179494155,1.3840237101763375,0.1141779392709338,0.2402647309687819,0.2140317674569,-0.170586039970861,1.4022322419262687,1.7609131889397052,-0.0010105832237668,0.9617472138788394,1.326128394058947,0.351285040951159,0.6191257428048832
2014-09-19,ETFC,24.16,24.376,23.505,23.73,5124383,-1.0650397645366276,-1.0597650867732833,1.0975059384393584,0.8965277451748866,0.1224682189194561,0.2125200741034015,0.3141249837648062,-0.0938655882914254,0.8730412246460896,2.04485496149589,-0.0014895382656204,0.5243549063206178,0.6448566062394098,-1.3709882238265387,1.467668444161323
2014-09-22,ETFC,23.7,23.72,23.11,23.52,3206541,-0.5839521271099172,-0.5751525510767654,0.7874227060222593,0.6800933235016433,0.1177204945757187,0.1567647507792432,0.3694082393087506,-0.073239734578716,0.5668505262041528,0.4391559580534152,-0.0014122379879185,0.2947239448525497,-1.0657685605797078,-0.600127577389812,0.5701524650822705
2014-09-23,ETFC,23.5,23.719,23.24,23.35,2088201,-0.4829903617063856,-0.4739307949660635,0.5515022485562875,0.944242867478742,0.1043682002920084,0.0900124772187873,0.402840210525808,-0.0793106596636742,0.2663849628659707,-0.4487499008114683,-0.0013602943233196,0.1088322141403071,-0.584555420379703,-0.5085619880490826,0.1183237045781489
2014-09-24,ETFC,23.42,23.52,22.94,23.49,3316019,0.3402855522288442,0.3453465489793706,0.6582886412076762,0.9717152106233856,0.0964878080547136,0.0506952400412076,0.4430032660096334,-0.0862570105439285,0.4311772619341463,0.4060664825394587,-0.0010477242265823,0.2619195217856821,-0.4835673167779532,0.1995000572253623,0.4664750925193504
2014-09-25,ETFC,23.44,23.52,22.61,22.7,3380826,-2.126816801837436,-2.142937812115396,-0.274567002070971,0.3031150454868728,0.056800689628725,-0.0626285153699999,0.4133715285096245,0.1627883928434408,0.1093790106867238,0.3848647225003564,-0.0014284540899348,-0.6019302856418076,0.339923367611446,-2.4114838298114227,1.7496532730406442
2014-09-26,ETFC,22.8,23.005,22.66,22.84,1953742,0.3509742322699286,0.3559123503663033,-0.1526849712385803,0.1069949851356335,0.0288296803074572,-0.1231304565517253,0.3621897892684699,0.1578287872626199,0.2831933423661682,-0.6612182258264764,-0.0011276692482113,-0.4488429779964289,-2.127822586837278,0.1062304406549963,-0.3324536526779477
2014-09-29,ETFC,22.52,22.79,22.38,22.64,2021452,-0.5781627461916167,-0.5693437871391804,-0.4037871897743005,0.1293563304779533,-0.0028717086355753,-0.1811339424264785,0.3270437196656137,0.178331517155495,0.0832368336190858,-0.6372364221194857,-0.0013569977955784,-0.6675391317755396,0.3506148360405156,0.3762684500004861,-0.0820592229512826
2014-09-30,ETFC,22.72,22.88,22.48,22.59,1961416,-0.1704917089054522,-0.1616720897138301,-0.4780886052519035,-0.2964124414870026,-0.0312984202903916,-0.2191077681587216,0.2971777921777138,0.1804161555135718,0.0301885888919803,-0.6848074517071653,-0.0013583663685241,-0.7222131702203183,-0.5787645291682576,-0.458611096227002,-0.1156114742608355
2014-10-01,ETFC,22.52,22.58,21.93,22.03,3231347,-1.5763559810421282,-1.579019870377232,-1.1297421386286963,-0.646424617269538,-0.0766781884455096,-0.2931237043359476,0.2592414120170863,0.2318361677037463,-0.0464893564267723,0.152501270677273,-0.0014415355047626,-1.3345624008018293,-0.1709871415172304,-1.6702053043461698,0.8676664978913763
2014-10-02,ETFC,22.0,22.28,21.67,22.15,3165886,0.3061308066908824,0.3115723607502128,-1.0044570908598305,-0.90568532022074,-0.1083662668237509,-0.3170942794892196,0.2161996943246069,0.2349516409527767,-0.0201426636191704,0.0645197747260771,-0.0010328772280177,-1.203344708534365,-1.5772181656784907,0.4888092570576935,0.7038419737128606
2014-10-03,ETFC,22.4,22.83,22.22,22.76,3958647,1.6815593914464029,1.6573154881016663,-0.354258728576082,-0.3385882021430146,-0.1099016248063906,-0.258658156381039,0.0945482892469376,0.3793968280859811,0.4022887778357102,0.5059648289165157,-0.0009987768780235,-0.6318690349694976,0.3057597120226895,1.187908567795824,0.642328301428766
2014-10-06,ETFC,22.88,22.88,22.24,22.41,2189837,-0.9903911715447828,-0.9843204893699016,-0.7548102065541008,-0.8096317223043289,-0.1251464075665181,-0.2471970812692753,0.0931822735700466,0.3420287945476865,-0.1609204543921811,-0.626105015755739,-0.0013667445715436,-1.0330633584539386,1.6815471089538434,-1.5782981516159975,0.7887809583608227
2014-10-07,ETFC,22.22,22.39,21.51,21.51,3473178,-2.533318834159263,-2.562699449992694,-1.74796994220478,-1.6080779756747388,-0.1723573862435167,-0.3203086591841267,0.2610846224531724,0.6303050940954437,-0.6046949326675265,0.1498034457858039,-0.0014486386137338,-1.881302785249608,-0.991100493785765,-2.440437498826404,1.8182509978235428
2014-10-08,ETFC,21.59,21.6,20.73,21.3,8206758,-0.6408150981284819,-0.6322348820294432,-1.9120650096055056,-1.908236011032571,-0.2172291664814632,-0.3727768650022889,0.520812705034894,0.4980074054991932,-1.0914437693884924,2.6826902426514643,-0.0017682989802621,-1.3878695882854877,-2.53443066456214,-1.041139047220334,1.812739361069619
2014-10-09,ETFC,21.2,21.3,20.34,20.36,5213520,-2.780533848153283,-2.8193769043207104,-2.8704636773983743,-2.031180093105465,-0.288159089381559,-0.4818246402882907,1.0340351059570974,0.7892172872766546,-1.687221175520891,0.8584743895517604,-0.0016546076894686,-1.8655856148598091,-0.6414332254118765,-3.0198778496656744,2.3383040359108707
2014-10-10,ETFC,20.1,20.5072,19.54,19.55,7051753,-2.509862957287868,-2.5384009506429543,-3.62571018071889,-2.141786436650918,-0.3736386904807904,-0.6065134817345552,1.6936323723437572,0.8636958109413698,-2.4459865768019924,1.712225094771782,-0.0018969374548898,-1.874694074439582,-2.781710170277507,-2.093653955743084,2.5318105735627423
2014-10-13,ETFC,19.44,19.689,18.98,19.09,5277268,-1.4978910430182524,-1.499053305060454,-3.967192854035099,-2.1876698696646915,-0.4559259889422746,-0.6980476228562671,2.347436716564107,0.9002536767474661,-2.658888133772367,0.7000207969485005,-0.0018833236141796,-1.81588955284913,-2.510968668685873,-1.3865595964391977,1.5039442583358005
2014-10-14,ETFC,19.2,19.66,18.72,19.21,5966860,0.3583588285999246,0.3632109992887072,-3.615364568808134,-2.2034688708937296,-0.5122083112870759,-0.7043385748949531,2.7867179948327374,0.832483469971801,-2.776602827329006,0.9611185739976886,-0.0003010133988214,-1.6028670667287823,-1.498732758271155,0.0130333372498202,2.486781648683664
2014-10-15,ETFC,18.76,19.425,18.2,19.36,7244325,0.4531416781761362,0.4568143856995648,-3.202030098559572,-1.9400598636717536,-0.5463077566086821,-0.652272992937891,3.0135166524437147,0.7114228180988534,-2.942354969307154,1.5060210185738916,-0.0003890587627177,-1.2759573247420266,0.3580013588122802,2.390051844469596,3.682051741949665
2014-10-16,ETFC,18.81,20.19,18.76,19.88,4846601,1.6392239724059885,1.6163271196818203,-2.3472067414043285,-1.6425529630209443,-0.5482432179853732,-0.5278309863886383,2.9881579832268,0.8704798941785363,-2.7542086303157296,0.3195134439842573,-0.0008059440143912,-0.977056512111106,0.4528089346744263,4.271419234456566,4.403516569861282
2014-10-17,ETFC,20.22,20.55,19.84,20.12,4925742,0.7186100434502568,0.718228609403351,-1.853582874798424,-1.4182876749369902,-0.5358509176259237,-0.3913979690873163,2.92481551797491,0.9322031577890864,-2.4017139392286357,0.363883083194839,-0.0008591717365105,-0.7250657287478698,1.6392006457458286,-0.3999653399765976,1.349630871606019
2014-10-20,ETFC,20.27,20.51,20.0,20.44,3731539,0.9571914320747936,0.952228471376032,-1.284444398802523,-1.192918216693549,-0.5092618150467151,-0.2457092307250863,2.7993824748699025,1.0198428900751613,-2.0907155771145987,-0.2314530040314585,-0.0009874350871584,-0.5321151346115954,0.7183465534763284,0.6073195358390405,0.4881202384471848
2014-10-21,ETFC,20.64,21.135,20.48,20.94,3763394,1.489950079711957,1.4715860071919349,-0.5253453474710574,-0.7028449823525074,-0.4648495874470765,-0.0832818230509559,2.6187529057605854,1.1640140274434672,-1.6833049728049707,-0.2520602253726499,-0.0010069419778961,-0.1692243242359914,0.9569901815424958,1.0718198613615395,1.015565438957176
2014-10-22,ETFC,21.26,21.64,20.56,20.7,7339987,-0.7465552120898536,-0.7385230309582282,-0.6528574336485343,-0.859680889008856,-0.4357707739037856,0.0071921592661332,2.367770881403114,1.1486513695592555,-1.9118563944199765,1.2929432826135214,-0.001666534872376,-0.3191874011130975,1.4898878115241916,-2.016391794968586,2.7568948374690065
2014-10-23,ETFC,21.01,21.24,20.78,20.95,4238466,0.7189126223900708,0.7185259386367804,-0.2341056350523395,-1.0763456852571565,-0.3999722061239342,0.0968678768467275,2.231005343194261,1.0654398006477654,-1.2996999302016743,-0.1355948863938321,-0.0009538595485242,0.021194452620706,-0.7472009241135704,-0.2420760515508551,0.2385947270835741
2014-10-24,ETFC,20.96,21.2,20.81,21.17,2070610,0.6207876442842171,0.6220284910809251,0.1455070491820139,-0.8103428033613314,-0.3604840485142863,0.1781053916182298,2.0369570460956026,1.0817485540265137,-1.241318354950548,-1.1130192987220406,-0.0011149000325452,0.2282739596658227,0.7186492113508169,0.730643128711184,-0.0559939471177305
2014-10-27,ETFC,21.14,21.14,20.69,21.09,2928929,-0.2682649613269223,-0.2592010974355022,0.1433500941725871,-0.4335548637102569,-0.330227334106918,0.2193338275485068,1.856252208627538,1.077318584243834,-1.172960684404909,-0.7401769691178491,-0.0014155382465424,0.1714503436411634,0.6204986350879462,-0.2050104608840939,0.1869305640597446
2014-10-28,ETFC,21.21,21.48,20.88,21.43,2044236,0.9706897203203616,0.9654411538234232,0.6457348899942392,-0.1151891399749766,-0.2912070417702006,0.2748738750212506,1.676955677367576,1.133085059581959,-0.9216335429521336,-1.134899518045778,-0.0011140723160553,0.4129507117459599,-0.2687859003399844,0.7573417582120375,0.7420645978931916
2014-10-29,ETFC,21.46,21.86,21.21,21.8,5084653,1.0419210766157747,1.0351186902872864,1.1272779434289613,0.7293698978831307,-0.2445981600463038,0.3388388114473989,1.641962987749965,1.1015032249837675,-0.3208090599815188,0.1723475844962893,-0.0009369230947191,0.6757599358600042,0.9704919911269588,1.170682841249774,0.8936099745356101
2014-10-30,ETFC,21.67,21.84,21.33,21.7,3331593,-0.3185833710268358,-0.3094537472976288,1.0307847616869563,1.4311567753876429,-0.210861310306279,0.3568783718489091,1.570286249862482,1.098498253031951,-0.4658492875572588,-0.5944625862030959,-0.0014231824280734,0.6047304158291804,1.041741929759695,0.0782775218179415,0.3673783209002223
2014-10-31,ETFC,22.22,22.63,21.96,22.3,3403531,1.6884243486140678,1.6639594564819908,1.8194629700722809,2.1463105041854926,-0.160358858122076,0.4144643922480364,1.4500370056292986,1.0994716767936108,-0.4643052791696648,-0.5542539070222147,-0.0010455149861456,1.0309075360141169,-0.3191174367541882,0.2456970770858951,0.9126391335386966
2014-11-03,ETFC,22.31,22.92,22.31,22.44,2704102,0.357861591468521,0.3627195763861686,1.9943590384716157,2.149313487039741,-0.1151937702672592,0.4467949246641715,1.4576041579884518,1.0702749945158776,-0.1478162408529774,-0.867001810156519,-0.0010964319946586,1.104826392452971,1.6884138570034517,0.4139224482875496,0.6741807391972299
2014-11-04,ETFC,22.33,22.47,22.044,22.44,2202067,-0.0329960430517004,-0.0247793014886723,1.930999985518197,2.1260442002545825,-0.0801720786303518,0.4465504233468442,1.6179205401098806,0.786821811013947,0.4675063627955737,-1.0722551858566505,-0.0012427088046935,1.104826392452971,0.3575039919651364,0.3458597307240829,-0.0091845937137947
2014-11-05,ETFC,22.68,22.83,22.37,22.67,1784245,0.6051210970852441,0.6066078618729225,2.127251594959004,2.075603907889984,-0.0445479592297977,0.4479054609860466,1.828753393931985,0.7688913566952464,0.7771508831569155,-1.1972788312185827,-0.0011510235674101,1.266809814828347,-0.0334556067571959,-0.0596286254403359,0.099756613560506
2014-11-06,ETFC,22.73,22.94,22.62,22.83,2153948,0.406407838720342,0.4106797797074756,2.159644122266538,2.060239094208061,-0.0115813244669714,0.4421491713874728,2.021702451928078,0.3159330301092046,1.6142409928362902,-0.9836819379500372,-0.0011355656212947,1.36573529879232,0.6048280009098691,0.3060714172952857,-0.4231646809096189
2014-11-07,ETFC,22.79,22.8,22.23,22.28,3471449,-1.5328611601878372,-1.53467990803667,1.292716896312029,1.2452394524881112,-0.0086965173530029,0.360114033187543,1.9434450245270012,0.0464001076125083,1.8833813717740573,-0.2570364102731096,-0.0014089693560823,0.980018031789501,0.4060629036219205,-1.7170322345684883,0.5408255497289879
2014-11-10,ETFC,22.26,22.9,22.207,22.89,2281951,1.671555252914759,1.647632114606405,1.796871198700822,1.2880002717372336,0.01571930561158,0.349906386778927,1.7903770159125303,-0.1067458886356888,2.7559849764104283,-0.8228236749806667,-0.0011264531258787,1.4078135461017205,-1.533711998199975,2.11194151972474,0.9318397264066764
2014-11-11,ETFC,22.92,23.31,22.74,23.11,2705960,0.5653774060390503,0.5674707896139447,1.8099871692252945,1.6458524371688932,0.0415521331040187,0.3453876149135468,1.619119843234842,-0.1090709599478564,2.814175477227669,-0.5305120323889724,-0.001110394280522,1.312773799651106,1.671540360612609,0.5999853331108973,0.4642490010117815
2014-11-12,ETFC,23.29,23.355,22.57,22.83,3595159,-0.7873123779544264,-0.7795402021383689,1.2460785941895849,1.2313288533402682,0.0487471914813515,0.2937993005609848,1.3376224123762903,0.0023604631884088,2.4648746426756323,0.073875706801698,-0.0014105031233731,1.063075638556909,0.5650739418079216,-1.518537296832111,1.2743166800935417
2014-11-13,ETFC,23.24,23.3,22.81,23.15,2600741,0.839652752372971,0.8370574285145004,1.4237241035520571,1.269481069882392,0.0646022941132319,0.2748194539108103,1.1840787277331168,-0.0776505449722814,2.2482683684447413,-0.4601353575021449,-0.0011135151832253,1.2490075672211316,-0.7879687224221091,-0.3189009167944551,0.1726942864442638
2014-11-14,ETFC,23.07,23.3,21.94,23.19,2211361,0.0745772398832088,0.0821116752405667,1.2776675098599517,1.3734982291138038,0.0761676494473998,0.2485938408927084,1.0265533819577108,-0.0746119408776384,2.073462763075659,-0.6398618754477118,-0.0011377441644176,1.279394414285879,0.8394208391731582,0.3666706281335466,3.2962814650267225
2014-11-17,ETFC,23.04,23.225,22.88,22.93,1896023,-0.7310162996118769,-0.7228921417182105,0.8140540407690108,0.9500842806473808,0.0725681527446337,0.1885792823922518,0.8479867325248183,-0.0172216729401036,1.6216379377953345,-0.8043673162425623,-0.0013294258430992,0.951478003179647,0.0741457391423177,-0.3870238584783675,-0.3373947046620835
2014-11-18,ETFC,22.89,23.3,22.86,22.91,1982253,-0.0872987360290913,-0.0788077367603949,0.6700792391503744,0.737499865881722,0.0664660936089854,0.1341260829702973,0.7453837187648215,-0.1019552048955741,1.2142089409810484,-0.7095192108992923,-0.0013362938568064,0.913626235498106,-0.7316579579529415,0.0396963675905475,0.0092862292683673
2014-11-19,ETFC,22.9,22.96,22.45,22.67,2113210,-0.685197221561467,-0.6768248139159808,0.2689037677339735,0.5897598130878374,0.0499133072194343,0.0636635313864366,0.5113062810209572,-0.109977558756376,1.2302284875398215,-0.4856395403067096,-0.0013459581869509,0.5884455990416273,-0.0877724658407925,-0.785133607051448,0.2835697125436037
2014-11-20,ETFC,22.4,22.835,22.09,22.83,2285225,0.406407838720342,0.4106797797074756,0.3444904429488121,0.2944751725762364,0.040924118170078,0.0267620594685913,0.3089125306218141,-0.1233057328891739,1.1504568495463197,-0.2964806731145791,-0.0011267405519795,0.788021226055056,-0.6858269269423686,1.424007896422282,1.1282967780717674
2014-11-21,ETFC,23.14,23.155,22.92,23.03,2736886,0.5124094540887192,0.5152728174071673,0.4672398448049232,0.339392054201448,0.0395195507056762,0.0167635673276455,0.1400628995851882,-0.1281655316556238,1.122885927193755,0.0228916502485709,-0.0011093909512539,1.037490759821851,0.4060629036219205,-0.3854650542103304,-0.74090696770701
2014-11-24,ETFC,23.14,23.32,22.93,23.17,1619882,0.345472270009563,0.3504738646621696,0.5062924629134016,0.4380869709697665,0.0417389290485924,0.0180927477380928,-0.1078921578119,-0.1459769809855782,1.2809831260646636,-0.790084302671082,-0.0011674186568106,1.1944045766668834,0.5120921719492754,0.0716330409696976,-0.1885213489274937
2014-11-25,ETFC,23.18,23.29,22.83,22.88,2340040,-0.8122291407896303,-0.8046293085057891,0.0852229609555305,-0.011700213176155,0.0300422217911965,-0.0166636727086934,-0.3381189731627245,-0.1114826628971941,0.8262466527879998,-0.2427312151153015,-0.0013485983656752,0.706754635509814,0.3451114384667714,-1.004122225925394,0.0842353326498848
2014-11-26,ETFC,22.84,23.0,22.73,22.9,1199065,0.0214253183981031,0.0293199443232067,0.044362940258459,-0.1274245361457628,0.019637105598163,-0.0411442759006968,-0.4900795326656137,-0.1648177340232484,0.573587475524489,-1.0473444979675754,-0.0011862973545532,0.6959638882243236,-0.8128919853678833,0.1721557394093302,-0.6087024144938428
2014-11-28,ETFC,22.97,23.0,22.67,22.81,1128327,-0.2776782864958934,-0.26859901977,-0.1234279616514507,0.3513535796131828,0.0060827118856484,-0.0688349445758429,-0.7513206163160426,-0.167239747412059,0.5837705141285077,-1.0616261115584835,-0.0012947348017319,0.1625402801743943,0.0209799517562132,-0.5525806181456387,-0.3856034457008241
2014-12-01,ETFC,22.66,22.7684,21.85,22.06,3797531,-2.080059967818634,-2.0948378086616137,-0.9729118528910032,-0.9960933683857984,-0.035463306453277,-0.1630374394392932,-0.6768320990193198,-0.0507415063830319,-0.3255384691927701,1.2350097976732888,-0.0014211542214426,-1.417463500955312,-0.2782016811912943,-2.026805125271285,1.878315494488628
2014-12-02,ETFC,22.17,22.68,21.53,22.67,2166569,1.6885544045517873,1.6640853189279925,-0.283919922208361,-0.568061425540676,-0.0455529246372576,-0.1574312028410513,-0.7049111191261397,0.1237157965286167,-0.0169463619580446,-0.1516221665905426,-0.0011339062593513,0.195172257317212,-2.081053555223104,1.677602825791096,2.6363773795270427
2014-12-03,ETFC,22.6,23.06,22.396,23.04,2435183,0.983125433546176,0.9776112490982336,0.1069446777566892,-0.0127104187263607,-0.0402199456533139,-0.113248713946297,-0.7318672135941181,0.1768598164177531,0.2252115400823267,0.0723622082322519,-0.00112503026074,0.8691159114836313,1.6885439468692534,1.4446031602341924,0.810513361093633
2014-12-04,ETFC,22.94,23.14,22.77,23.09,1574219,0.1021125452698641,0.1094426953456769,0.1400257336793232,-0.243554413205661,-0.0353147926160837,-0.0790039394524752,-0.7268929070905188,0.1586620505334742,0.1046161600225915,-0.6697551903536966,-0.0011697302154964,0.9601893782628788,0.9829309484945394,0.4677012248241471,-0.2558488923543471
2014-12-05,ETFC,23.5,24.08,23.28,23.86,3524133,2.043170647026484,2.0063194857717037,0.9623633758185354,0.3082615836730679,-0.002787594049739,0.0194905498316367,-0.523090356095976,0.3690657363488591,0.4951225248333711,0.9442912893212636,-0.001083520918399,1.1560866195507895,0.1016882277465839,1.1310724984121765,1.2030049907260223
2014-12-08,ETFC,23.72,24.08,23.5856,23.68,2351413,-0.502671095429909,-0.4936492290921399,0.6736058392346674,0.3790823892910427,0.0140483513157908,0.0578971256389157,-0.50978729692051,0.2386278253620155,0.7553762516191135,-0.002210018359613,-0.0013431620871345,0.9214385110254372,2.04325269914554,-0.1537225966563991,0.148698093145156
2014-12-09,ETFC,23.25,23.84,23.09,23.64,2173590,-0.1381616469344314,-0.1294565586992477,0.5839643547183516,0.3611054968164044,0.0238457158231997,0.070505200322397,-0.4390291578681589,0.1020065407977903,0.3137337160256751,-0.1522306202695032,-0.0013390526477737,0.8692944869086935,-0.5032531846734457,1.241003716353289,1.0527388909532611
2014-12-10,ETFC,23.58,23.85,23.28,23.36,2845385,-0.7704008865204799,-0.7625175275979156,0.250317589678423,0.3256978453093911,0.0186791598080545,0.0420747862422619,-0.4213828552875086,0.1249391768911429,-0.0086003863383519,0.4251178987336347,-0.0013733655355171,0.5042863180914764,-0.1386486455060836,-0.7312102207147894,0.4422501472222308
2014-12-11,ETFC,23.64,24.09,23.47,23.52,2531197,0.3934288713221259,0.3978611306149006,0.3925405072504742,0.3256978453093928,0.0189667512219662,0.0333693365694969,-0.393757550921341,0.0917599625810339,0.2764003681870389,0.2038051108673857,-0.0011207369450378,0.7027289567467051,-0.7710528192367261,-0.4098281506539409,0.6055865038063105
2014-12-12,ETFC,23.19,23.37,22.56,22.58,3747842,-2.521199922671756,-2.5501439914266646,-0.6450878859311592,-0.4716957565381241,-0.019273588961757,-0.0727652558575085,-0.3560454650066725,0.4026490331475963,-0.5290896160391813,1.202512872220708,-0.0014157046065193,-0.517868951532963,0.3930805503615948,-2.013664069090344,1.3983171947643898
2014-12-15,ETFC,22.77,23.05,22.29,22.56,3699638,-0.0881404518192624,-0.079645572595617,-0.6326895247870302,-0.582275613141653,-0.0514692805487921,-0.1421141083675373,-0.3236448851700579,0.4009603076140858,-0.5664647115306609,1.0616856654969002,-0.001424832119342,-0.5438391197942318,-2.522308591577886,-0.723105083296353,1.2162582350077602
2014-12-16,ETFC,22.35,22.71,22.03,22.22,2526175,-0.9712820691827582,-0.9650223890636916,-0.9813401312243096,-0.6099068304182667,-0.0910125165292832,-0.2165056431591666,-0.2301427270219218,0.4194025053171534,-0.6222283739615294,0.0491442212659172,-0.0013757995122269,-0.9853319802358133,-0.0886144012118835,-0.4657676502219933,0.9591614392650348
2014-12-17,ETFC,22.39,23.35,22.22,23.255,3703932,2.866962049253824,2.794120401097156,0.1811032131923387,-0.003370147077509,-0.0823644321512191,-0.1519752419845873,-0.2208467791523253,0.8252817577564197,0.0536867161023829,0.920475853310841,-0.001037738880636,0.3586242272848837,-0.9719864063749574,2.89249962439357,2.458350184154193
2014-12-18,ETFC,23.67,23.94,23.36,23.94,2709117,1.8008786370827436,1.7726923771849237,0.8877837578862531,0.3454295709575626,-0.0496756656225107,-0.038470619040259,-0.1227087461766201,0.9266302027848544,0.6552807868681768,0.0989157101901287,-0.0011031011997858,1.2481024902333668,2.867259006304024,0.8354908844359342,0.4277946603839642
2014-12-19,ETFC,23.94,24.22,23.83,24.17,3418023,0.5651388201343126,0.567235770595819,1.0698835569737686,0.8997867465231342,-0.0162268740190683,0.0542893707740297,0.0161546823782763,0.9311120614851234,0.6945456676579687,0.6010739886229275,-0.0010750056124729,1.3810909912738842,1.800897481759269,0.6995360216979567,-0.2465603455413268
2014-12-22,ETFC,24.23,24.29,24.04,24.23,1659971,0.1215543189637923,0.1287329661395357,1.0668039098654494,0.7017834669347293,0.0108219833535399,0.1120240420876991,0.1473245835816569,0.9254977307020888,0.5977796469874576,-0.7324832704607567,-0.0011659044361597,1.370613936161529,0.5648352936625641,-0.0263165508545973,-0.731430592513787
2014-12-23,ETFC,24.35,24.45,24.25,24.265,1434803,0.0569350882916824,0.0645940680343184,1.0417002514363711,0.5590606884662698,0.0315757198210171,0.1420082462969115,0.2643037583135318,0.9237778725104802,0.5266003797037361,-0.9062984986359964,-0.001178110345578,1.23227136026588,0.1211350732742624,-0.2900496818049061,-0.904401506159222
2014-12-24,ETFC,24.44,24.53,24.18,24.445,1223035,0.4288398007457005,0.4328284033495704,1.1523409126392932,0.6167370532397642,0.052802406016848,0.1672129741234161,0.3806163365136699,0.8868309036260752,0.8370881724987931,-1.0525148084612683,-0.001188897212746,1.3486936086320145,0.0564989851898505,-0.010859966329136,-0.3980614435094713
2014-12-26,ETFC,24.5,24.58,23.58,24.3,1069047,-0.4022910087826838,-0.3931424566955056,0.9072322644503272,0.1104128404748182,0.0615129189905386,0.1551603419719374,0.4420099712884204,0.9001989791203632,0.7303907064302161,-1.1751110214832587,-0.0012888505022496,1.137707988099807,0.4285007175404179,-0.6430658174706773,1.8383410855881528
2014-12-29,ETFC,24.25,24.53,24.061,24.32,1259234,0.0182451400747054,0.026159889284642,0.8418378579466937,0.2632153394884,0.0667377252326947,0.1365460871288848,0.4756821379887496,0.8925010353635898,0.8047584633820041,-1.023180612063185,-0.0011874394419502,1.1595058998207413,-0.4028469115722823,0.1917710764127397,0.0158661895945324
2014-12-30,ETFC,24.25,24.25,23.94,24.095,1242448,-0.6089852880015442,-0.6002757982679092,0.4737230734445106,0.118842468222493,0.059639775051798,0.0899361203530152,0.2987323230121838,0.6868319088640196,1.1873339419382107,-0.9823653302345504,-0.0012961766061689,0.9142793929602276,0.0177989438101686,-0.5092248683751311,-0.5190820911295738
2014-12-31,ETFC,24.24,24.58,24.03,24.255,1854075,0.3804210974244335,0.3850113675942757,0.5613774192660677,0.4336854254010034,0.0579473782703943,0.0665619483280928,0.2482498717671782,0.5856644522380375,0.859350619169774,-0.4490966147747497,-0.0011613527206265,1.0192085562443334,-0.6095951117470101,0.0204357914476754,0.2984915015313308
2015-01-02,ETFC,24.38,24.61,23.63,24.01,2110347,-0.6618651086938966,-0.653379450797247,0.2348207880911229,0.1452078593151615,0.0447519992592619,0.0182541324682466,0.2166754806205895,0.583450857500822,0.4508369840019863,-0.2159755631336756,-0.0013326727561319,0.6698132783690527,0.380069383086955,-1.1729187046435114,1.810343820423485
2015-01-05,ETFC,23.84,23.84,23.0932,23.23,2156125,-2.0555395353004005,-2.069627913443357,-0.6369251134699988,0.2713850881157797,0.0018793706061187,-0.0967808499157318,0.2006314413271584,0.7901449965334043,-0.078429009800889,-0.199326111727693,-0.0013377036316678,-0.3351718376019361,-0.6624887273566124,-1.959478838937093,1.087925072358456
2015-01-06,ETFC,23.17,23.27,22.26,22.59,3173888,-1.7482411570891594,-1.754556270465761,-1.278531706473424,-0.1704991817842925,-0.0583090888346403,-0.2333794861848734,0.3185459842311735,0.705805354205466,-0.9492002476295684,0.6918147661872058,-0.0013875004121714,-1.1597750096806958,-2.0565267259861773,-1.9175567490882088,2.13484997054425
2015-01-07,ETFC,22.8,22.97,22.59,22.95,2111276,0.959163917085006,0.9541593971425476,-0.8393195593645831,0.259108384773015,-0.0924710406960455,-0.2756666127272438,0.3639462220905103,0.7571359209937308,-0.6202295319927933,-0.214838410832737,-0.0011410916168636,-0.6959357253863946,-1.7491481819263583,0.470734667306385,-0.2113881040558172
2015-01-08,ETFC,23.6,23.75,23.44,23.58,2754008,1.6760481235759357,1.65198111664531,-0.1352718804980975,0.028888772087655,-0.09534761815617,-0.2289682988179269,0.3640115859753041,0.8922267352249289,-0.2047524561045992,0.3127533262084079,-0.0011148384548722,0.1157830221286322,0.9589631811207824,-0.0903434874312769,-0.4956637480393936
2015-01-09,ETFC,23.59,23.59,23.06,23.085,1634433,-1.339939578327191,-1.3383915648731013,-0.6709278201464791,-0.7880827321688456,-0.1174506058517441,-0.2410980966612661,0.3842777214349758,0.9415447342443496,-0.3403708331693605,-0.6086112783276507,-0.0013152540734856,-0.5219959937760293,1.676034403342415,-1.6436820237684298,0.3220681458805398
2015-01-12,ETFC,23.05,23.17,22.55,22.715,2059901,-1.0308506618290063,-1.025200003192843,-1.0395199953510266,-1.1756483199864542,-0.1495017428074805,-0.276408299878033,0.4542435719355174,0.9687644674846904,-0.6701415909655953,-0.216176410170894,-0.0013365928254032,-0.9987197026340632,-1.3407400883082834,-1.124357680084859,0.6834431127746825
2015-01-13,ETFC,23.47,23.63,22.67,22.99,3588756,0.7207332244855622,0.7203149233751533,-0.755215595906255,-0.990207715923402,-0.1638866576968297,-0.2591839109697816,0.393925729616411,0.7261782767569944,0.0991964472100518,1.1517630605295233,-0.0010734173309535,-0.6443980271314732,-1.0315705388584342,-1.571474491929402,1.8887641723277315
2015-01-14,ETFC,22.54,22.73,21.99,22.485,3224999,-1.4005605901061633,-1.4000034811608797,-1.3137809662897,-1.231656827601303,-0.1946141487336149,-0.2874699095155201,0.4089184307657011,0.8144958066144949,-0.2163019148669279,0.858168074304477,-0.0013860943899938,-1.2532608535572272,0.7204702883922314,-0.2106709512017948,1.1514929016000803
2015-01-15,ETFC,22.5,22.73,21.74,21.77,4342397,-2.012737951501047,-2.025647420728796,-2.08720408421606,-1.605279435675156,-0.2459659795770296,-0.363185403974301,0.5380168689397066,0.943977377373556,-0.4649093206963637,1.71189971805872,-0.0014462928462119,-1.8465552430463752,-1.4013769144722166,-2.477552247172072,2.198637080782044
2015-01-16,ETFC,21.6,22.19,21.01,22.17,6604721,1.110927475525772,1.1025451105291406,-1.5839955231260503,-1.267316158169158,-0.2695098215273037,-0.3521805148342112,0.6900304001045218,0.6095478939856079,-0.852701900364317,3.3348742104722,-0.0009085477771253,-0.8101776231848035,-2.013713976409426,1.967411113102252,2.8444999059444265
2015-01-20,ETFC,22.35,22.5,21.93,22.495,3210271,0.8796725265034552,0.8762951233471279,-1.143103710203586,-1.066900848728458,-0.2739165066991543,-0.2941178914132683,0.7502335360804704,0.4698786309024499,-1.0539457907321677,0.5441855053211675,-0.0010977423257091,-0.5100779010545788,1.1107663305757165,0.4638404445936408,0.5204471487036598
2015-01-21,ETFC,22.06,22.61,21.38,22.02,4859344,-1.3476245299076592,-1.346198741252266,-1.5617791861384818,-1.148018466013652,-0.2944051809781143,-0.2890625557929586,0.8491947989949521,0.494323160552329,-1.4738932287543296,1.7643203258338118,-0.0014512495298346,-0.9486851872449096,0.8794510533820175,-0.1633098149714939,3.0639556972432818
2015-01-22,ETFC,22.14,22.875,21.69,22.65,6832447,1.748228463038419,1.7218082879727956,-0.7653438769566219,-0.8798585082213541,-0.284267832807754,-0.2061874327273536,0.8122403933318867,0.6844308069876154,-1.1251636289938436,2.8226370652765382,-0.0009256684929907,-0.3669534181924736,-1.3484270446850943,1.7140362238445703,2.7688932335356413
2015-01-23,ETFC,23.9,24.97,23.78,24.555,12273267,5.203275984974438,4.975334444841672,1.3704449601167847,-0.0001855497618288,-0.2006446680787186,0.0492638925171014,0.8649292210684074,1.7672187667689294,0.0080474418106689,5.296194276769152,-0.000731591225429,1.0945112425871706,1.7482335727063036,2.044244925300548,2.4475937288141774
2015-01-26,ETFC,24.65,24.65,23.95,24.19,4126175,-0.9584362257835696,-0.9520528741963884,0.9731660620124496,0.1606443679132916,-0.1487193087819749,0.1720353471954714,0.8224631342996016,1.7904252035863324,-0.3206808820989139,0.3219234319816735,-0.001387818061348,0.7881157220905785,5.204182423240552,-1.4362078763643753,0.8203586723767036
2015-01-27,ETFC,23.78,24.18,23.53,23.86,3403070,-0.8823202420815061,-0.8752597848144108,0.6257847411756997,0.2919777588899497,-0.1208584047514579,0.2083110173432387,0.7629708725359029,1.8087298606038655,-0.4334062414029874,-0.1552884240662968,-0.0013689907235171,0.5111005939703686,-0.9591372118421156,0.2278526170527817,0.6790683242616763
2015-01-28,ETFC,23.92,24.01,23.16,23.22,3685387,-1.7029517848408962,-1.7082565418208664,-0.0357834114157736,-0.0902902479560617,-0.1242301331681822,0.1569392952000045,0.6579262724809105,1.88949655769874,-0.8317534493088636,-0.0645394029639196,-0.0013859864747483,-0.026140866626399,-0.8830013715353432,-2.237280163410168,1.4594827444790428
2015-01-29,ETFC,23.19,23.7375,23.08,23.65,2390318,1.119930577292349,1.1113366638689814,0.4776040937764093,-0.1627510052838305,-0.1104028158723601,0.1601119650745566,0.6025276177524157,1.9294072469882455,-0.4387163992111705,-0.7795076435699844,-0.0011447211004951,0.3348182397120539,-1.7038469949038717,1.4723389547002117,0.7256577031020508
2015-01-30,ETFC,23.21,23.51,23.01,23.05,2636398,-1.6124811381530522,-1.615871123967855,-0.1350547164176138,-0.2019384696708727,-0.1233323863289402,0.093778332509043,0.4845129182509238,1.9913360630885444,-0.897111753654337,-0.6634462701917418,-0.0013470984971416,-0.1688456295974137,1.119771781008424,-0.547138852693254,0.2165038486630029
2015-02-02,ETFC,23.26,23.72,23.015,23.65,3073731,1.5876036315316835,1.566312520990512,0.5687489678649802,0.1471761600002406,-0.1103894248854104,0.1073068781818331,0.4325035246684282,2.070203935286609,-0.3876834397837845,-0.454245675037368,-0.0011162458798578,0.3348182397120539,-1.6133527468673796,1.2404588667113137,0.8930442065375179
2015-02-03,ETFC,23.86,24.88,23.86,24.815,4403880,3.0338375166034406,2.952491605002449,1.7986681784520453,0.4028849994028021,-0.05534092906112,0.2265086353855684,0.6949675439504481,2.1964165895835905,0.8345971349435918,0.1701183486300692,-0.0010694159122692,1.3127655859546086,1.5875668385185475,2.997654732810493,1.8343330144820664
2015-02-04,ETFC,24.82,25.6,24.81,25.3,5560212,1.1838142808173513,1.1736834447815614,2.181847904527515,0.725971843304981,0.0056120493693368,0.3370680777334326,1.0030818075918162,2.099695932053252,1.5943888844926468,0.6709424795340849,-0.0010367731177264,1.2256119850397813,3.034178006956761,1.434797747172222,1.0110191334440048
2015-02-05,ETFC,25.37,25.74,25.07,25.11,3406808,-0.5005465222900404,-0.4915202837344513,1.8365166721965769,0.9633512654037024,0.0442341111196603,0.3680362364952,1.2085965052417558,2.1067908302292504,1.2147865343662332,-0.4062471395673338,-0.0013601718857519,1.0001230717301444,1.183672150066558,-0.8005957838747917,0.6324266239389627
2015-02-06,ETFC,25.42,26.065,25.37,25.46,5608258,0.8347981873147918,0.8322960413847543,2.115047474727842,0.9527855042162966,0.0859301549558033,0.4007231404760941,1.46334167228483,2.055874078504236,1.0034608405534615,0.5636622769723039,-0.0010407962050059,1.0450291319846348,-0.501128057289817,0.092569027682725,0.683691698354337
2015-02-09,ETFC,25.25,25.41,24.985,25.09,2443827,-0.9377672085848524,-0.9311905695960238,1.5817401942158793,0.7068412659985727,0.1015462847464788,0.3597434138634622,1.5878222712831815,2.021994576334211,1.108092978130863,-0.9183103250188034,-0.001324726172678,0.8017161411134722,0.8345650076900483,-0.5050605360298536,-0.1796114575244503
2015-02-10,ETFC,25.36,25.63,25.21,25.615,2850491,1.2697329201509155,1.2574361686997209,1.9920142622255763,1.0448281238437973,0.1313733561601074,0.3635383516749454,1.7416395870717325,1.9951292839972536,1.7075392775901157,-0.7426809964681008,-0.0011441300975876,1.1469575470793092,-0.9384628026549584,0.7333721406248896,-0.2248136174371394
2015-02-11,ETFC,25.49,25.82,25.3,25.63,2069095,0.0034619137110825,0.0114680892778197,1.8515113360857056,0.912677248614614,0.152151808565681,0.3432833123658935,1.874204963586897,1.9945462045211515,1.5190167748812484,-1.082968405276249,-0.001173607651005,1.156821587249762,1.269613203252974,0.3886402919255458,0.0995558033080166
2015-02-12,ETFC,25.63,25.955,25.5,25.91,1734809,0.6471541910334333,0.6479724940302147,1.956322166742976,0.4402260377529475,0.1759144859493081,0.3347606246398765,1.9451021652396951,1.8974238835299573,2.069633661819979,-1.2242262016102845,-0.0011861792495198,1.3409503370982094,0.0030118609019942,0.7990638566729759,-0.1277927939995956
2015-02-13,ETFC,25.95,26.21,25.31,25.65,3351498,-0.6577389897761466,-0.6492342280278036,1.4474013488914172,0.5003928235480826,0.1807345796100562,0.2791845900456631,1.7606453801785351,1.739516683212237,2.450061503716665,-0.4414853208304296,-0.0013497388345022,1.084889971237539,0.6468720601572061,-0.8997475931721722,1.3329167723522877
2015-02-17,ETFC,25.58,25.905,25.38,25.86,2424561,0.4767188838372516,0.4800762390269966,1.462985187630418,0.773887406312196,0.1889450404573627,0.2434505091446271,1.6266853778794237,1.726565954048108,2.2769690458972445,-0.8244370067175393,-0.0011621746591861,1.2019960320883565,-0.6583615320458587,0.8006771881966811,0.1006308986020898
2015-02-18,ETFC,25.72,25.85,25.3,25.535,2107022,-0.8154346427051398,-0.807857720336233,0.94305428182874,0.9860192859299622,0.1789028890702003,0.1678813347439724,1.4582561360055564,1.7706799274003278,1.81728013122756,-0.969431448462821,-0.0013107219563421,0.9783192205627236,0.4763922909918189,-0.5697489091239156,0.2037602029126848
2015-02-19,ETFC,25.42,25.69,25.356,25.64,1501990,0.2230092021940637,0.2292998514865538,0.854588447503864,0.8809637340219394,0.1714047658038885,0.1139742798120528,1.0947712663385183,1.6677702441569142,2.2469330982613576,-1.2441614453076273,-0.0011930076372477,1.0236788680463769,-0.8160983235122811,0.6275541311006868,-0.5056824410634646
2015-02-20,ETFC,25.52,26.23,25.4,26.15,2375098,1.2053658572710366,1.1947023764212563,1.200880405501897,1.5056037567353666,0.1817426646484588,0.1167582497396691,0.8910978509879358,1.629986503324366,2.101967788220533,-0.7001305198805546,-0.0011654990190004,1.3602903910141886,0.2226164233438768,1.838794132965781,1.053911783050446
2015-02-23,ETFC,26.15,26.15,25.85,26.04,1471316,-0.2948845373095818,-0.2857808038272055,1.0033022906158702,1.248134638763956,0.1818144214298357,0.0925605527387882,0.9553021007392494,0.6992024052566989,0.7207138885984941,-1.0632331749090518,-0.0012892437815398,1.246731394393483,1.2052293487445604,-0.3441252073613532,-0.6311757510132324
2015-02-24,ETFC,26.09,26.8,25.96,26.43,2687506,0.8994400024339217,0.8956671262956143,1.289165952649241,0.964572401405774,0.1932956534251418,0.1025701879290113,1.0251256979048085,0.658040637895461,1.192501178484012,-0.2087859335506714,-0.0011562584416279,1.118354433234119,-0.2954124206511816,0.9582601817847206,1.0574207728480824
2015-02-25,ETFC,26.43,26.56,26.22,26.36,1565155,-0.197886796926108,-0.188983254613766,1.079156182059792,0.6528397991230489,0.1956878113829109,0.0871827759734818,1.0014803999821416,0.6051833391179416,1.371348439886927,-0.9410417004773538,-0.0012915349964633,1.0569579404581362,0.8992236861131525,-0.2264158683435465,-0.5163659271735205
2015-02-26,ETFC,26.38,26.49,25.945,26.08,1958336,-0.6943105536587539,-0.6859847921896141,0.6344742327085241,0.5631183280766926,0.1827611408851694,0.0354424456723121,0.7516919132529719,0.453842880973001,1.6414606739931474,-0.6210516076653825,-0.0013048946229804,0.8113719693542043,-0.1983893761765728,-0.8855104685248427,0.1502699755394885
2015-02-27,ETFC,25.98,26.23,25.96,26.035,3512135,-0.140419804073019,-0.1317061717806533,0.4616954935385485,0.2957540808025919,0.1671230280717192,-0.0129290244128216,0.546843291259221,0.430149477120135,1.3135979171472558,0.4576751525367006,-0.0013567908406238,0.7719027954267883,-0.6949426364619029,0.1336275670755731,-0.7270246095358877
2015-03-02,ETFC,26.15,26.49,25.99,26.49,2757192,1.055054929172344,1.0479574875121822,0.7474467229439202,0.9632356186751064,0.1689923446287106,-0.0065623786650725,0.0783157073652531,0.2518030517722966,2.0243551692932527,-0.0842880839634902,-0.0011493097118132,1.1706208191394698,-0.1409073917368893,0.9560011147117434,-0.0182612493124268
2015-03-03,ETFC,26.49,26.79,26.25,26.48,2571174,-0.0564985109635816,-0.0481572828472498,0.5884758387826928,0.6425400713127655,0.1664651883899001,-0.0127855073596794,-0.333772371390395,0.1771844792126915,1.5899410264775549,-0.200220876472768,-0.0013269708471819,1.081063074648125,1.054879208583729,-0.0548374210548446,0.108225343951728
2015-03-04,ETFC,26.44,26.84,26.31,26.515,3152265,0.0492936590801086,0.0570050448202788,0.5354206726288483,0.6562507840758932,0.1622731226827758,-0.022049458626029,-0.4105808695962972,-0.333355591519696,0.8386537849709406,0.2678744565767362,-0.0011361686268586,0.9106822006318972,-0.0569642058282937,0.1879944887458262,0.0745503368151873
2015-03-05,ETFC,26.6,26.995,26.46,26.97,3199434,1.0353579853040633,1.0287020427999174,0.9090034875225148,0.7690434766882043,0.1731654095411816,0.0093662441932399,-0.3158979920747747,-0.354976367947087,0.8019514177032758,0.4075000902257557,-0.0011385721042452,1.401533210682404,0.0488555625357449,1.0245917389714825,0.0618967038515428
2015-03-06,ETFC,27.28,28.13,27.19,27.85,7106354,1.9984119287224569,1.9632277680161208,1.6510375272534978,1.4816528789938173,0.2122873243724962,0.1071613828887382,-0.0415955121472542,-0.1646221827058394,1.4351174620853346,3.044472417990951,-0.0010197730056416,1.1469261828816335,1.0351771263146905,1.5522947959734066,1.2216171274832508
2015-03-09,ETFC,27.9,28.04,27.59,27.93,2752775,0.1458421257054269,0.1528230659425274,1.5991399440723484,1.4374263716113926,0.2419549286678452,0.1610622612778794,0.1994678723997948,-0.1851387149475259,1.2573375557977704,0.032001640440827,-0.0011627718365253,1.2314840598277044,1.9984823045005735,0.0549219278125777,-0.2485603243835819
2015-03-10,ETFC,27.61,28.18,27.47,27.55,5683096,-0.8800441722840604,-0.8729649337239633,1.0898430260420002,1.371327697403463,0.2459799359329995,0.1381793606609136,0.2105284327742765,-0.1947001639066093,1.2724956216349796,1.9978274943121392,-0.0014031181489292,0.7377493351596308,0.145429216048807,-0.1905000752887917,0.556480456674417
2015-03-11,ETFC,27.59,28.07,27.37,27.72,3743220,0.351173335342429,0.3561091474157483,1.1492974952192243,1.3946082757356104,0.251267643687297,0.123123209489492,0.2994733887101703,-0.2706598171085775,1.0394403540586188,0.5769323938733639,-0.0011305724160809,0.9119330899624868,-0.8807247079727506,0.3296722882487383,0.5132432513739723
2015-03-12,ETFC,27.94,28.14,27.57,27.975,2513310,0.5397239988724518,0.5421957937257998,1.2798195292092949,1.298476503669538,0.2607914942495068,0.1219820472163529,0.4003634245860936,-0.2674342687380352,1.1762592430498455,-0.2977424309102165,-0.0011703411173194,1.2062616635902104,0.3508139910536311,0.0683259860321764,0.1067740358916673
2015-03-13,ETFC,27.99,28.24,27.745,27.975,3243883,-0.0329960430517004,-0.0247793014886723,1.172761384540238,1.4376281228560563,0.2636044072153774,0.1037952795510729,0.4922222061070529,-0.2754820159183365,1.0030257425053113,0.1529273845430096,-0.0012427088046935,1.1432501442261338,0.5394138423601391,-0.0668051817015722,-0.1166599026577497
2015-03-16,ETFC,28.08,28.43,28.05,28.28,2741557,0.6457779135905327,0.6466185413481129,1.3363685136566898,1.404826339717348,0.272994082759154,0.1061743390779416,0.5682006190962129,-0.3245968905467337,1.338395379068238,-0.1681344646133044,-0.0011657751284428,1.283572927714813,-0.0334556067571959,0.5118015770689861,-0.471467940577718
2015-03-17,ETFC,28.06,28.52,28.06,28.38,1981513,0.1871526043972941,0.1937757538630289,1.3042027729722665,1.536152417275628,0.2794535253398697,0.1005352174953509,0.6455980955177552,-0.3274272450935544,1.2636949291045296,-0.6779975855333608,-0.001188603368463,1.2983491201301685,0.6454954236806857,0.8352861309469152,-0.240485448306263
2015-03-18,ETFC,28.31,28.65,27.775,27.855,6422734,-1.184703924896434,-1.1808973936210212,0.6758212983773942,1.2264013038357793,0.2592266311587442,0.027333748799319,0.5510960794768045,-0.2578031265063756,1.1668796151020835,2.080523465408273,-0.0014147286772599,0.640594501352941,0.186750471529015,-1.2405893254223737,1.0266352375082708
2015-03-19,ETFC,27.83,27.84,26.945,27.32,4497067,-1.2287616169788047,-1.225555379841975,0.0743040883726349,0.7157005433256274,0.2179330729586076,-0.0854526566879253,0.4070170787526164,-0.1125589771377781,0.7948242667774539,0.7126493880147441,-0.0013711124123962,0.0825213845625748,-1.185463938087536,-1.410844414018075,1.1389128846014385
2015-03-20,ETFC,27.43,27.99,27.08,27.86,5910289,1.1975801007708584,1.1871098672458251,0.5121645220376467,0.7563436212166039,0.2024300438209985,-0.10929740324481,0.3625880945428464,-0.1136456586477971,0.7929054470887423,1.3946309502648564,-0.001065767310969,0.5049846755573253,-1.2295331236320357,1.1580533951534997,1.1308649673033024
2015-03-23,ETFC,27.77,28.0,27.59,27.91,2576658,0.0787376925882483,0.086242035218868,0.4681772225530696,0.7885875033042146,0.188245447025395,-0.1249795783383009,0.2800688759585005,-0.1282252168485752,0.8872022975719477,-0.5684983875014542,-0.0011701924991747,0.5334908269775657,1.197441561150758,0.354571094894983,-0.3670404064940475
2015-03-24,ETFC,27.88,27.88,27.56,27.59,1713496,-0.7468108764284477,-0.7387802416052713,0.1042808138702135,0.5003208917464617,0.160859818546704,-0.1715045467146796,0.2201559295467713,-0.1123626302904229,0.477108651546112,-1.0491238266469516,-0.0012897046961601,0.1402419944520205,0.078307277197119,-0.8121851913329421,-0.6247028421633083
2015-03-25,ETFC,27.61,27.6799,26.92,27.05,3624328,-1.251529578725214,-1.2486461890764682,-0.4464769798639392,-0.1386253248059788,0.114884019035088,-0.2565753016318895,0.1449803397202729,-0.0012203818250287,0.2169585270570443,0.0001003398638809,-0.001343825179069,-0.5233654104348354,-0.7474566551480865,-1.5586961122404408,0.7499226394809783
2015-03-26,ETFC,27.26,27.56,26.83,27.45,4657286,0.8876403709753345,0.8841042903323214,-0.1288176685945914,-0.4696016493581225,0.0914399167480514,-0.2666357047840885,-0.0122719923080539,-0.0004727842898895,0.6040174076539417,0.4873994192215745,-0.0011078604352135,-0.0400275098632453,-1.2523070249248374,0.50027329435777,0.6250268179478004
2015-03-27,ETFC,27.4,27.9,27.29,27.85,2742050,0.8742249041042743,0.870955421935047,0.1658162800775782,-0.2411401155964647,0.0859160228539145,-0.2285577193920171,-0.2111245910881921,0.0263148544374034,0.8563789126181427,-0.5380948513682545,-0.0011669936419771,0.4431249063455232,0.8874209764493556,1.2144974390071448,0.234095278433105
2015-03-30,ETFC,28.06,28.35,27.995,28.24,2018753,0.8388400296393386,0.8362603305995211,0.4521735924635987,0.2597994574777392,0.0941060572951968,-0.1627959156229905,-0.2996014751996705,0.0053442649440763,0.8027556534240041,-0.9241425380488842,-0.0011884461516439,0.8749977395464595,0.8740020098452606,0.4583349576587521,-0.543660831466984
2015-03-31,ETFC,28.05,28.6699,27.85,28.555,3280738,0.6614544460436301,0.6620390311024241,0.6498922147272201,0.3372656860006049,0.1100292537600884,-0.0902814466824079,-0.3843714533885839,0.0155231949268265,0.9833761564259684,-0.2415009347988086,-0.0011562160029743,1.2810293269409103,0.8386079044221114,1.333884928861527,0.8016430214528083
2015-04-01,ETFC,28.45,28.5,28.06,28.465,3292671,-0.2292216909197476,-0.2202369334765807,0.4704280381948155,0.1311285161122622,0.1160723454842724,-0.0577010910503214,-0.5339515726011873,0.0257291014742709,0.9126200354187116,-0.2383907051836093,-0.0013268925871436,1.1346635401824048,0.6611760457177703,0.0135174307765834,-0.3030759436417503
2015-04-02,ETFC,28.5,28.53,28.22,28.465,2131957,-0.0329960430517004,-0.0247793014886723,0.3985642492579777,0.1311285161122622,0.1178073892609799,-0.042725647800069,-0.6021774403155785,-0.0195043310285487,0.6466272968543898,-0.8577901437436215,-0.0012427088046935,1.0726821126896728,-0.2297324445978865,-0.1190994449113153,-0.6836946571587269
2015-04-06,ETFC,28.05,28.39,27.61,28.065,2733838,-0.9078674640751082,-0.9010236499672288,0.0123108489302059,-0.3265543474954956,0.1005845558971259,-0.0795425426071112,-0.6001381191452131,-0.2070754485419484,-0.0540978421206544,-0.4253890306038475,-0.0013147914017563,0.349994675884959,-0.0334556067571959,0.0140854732953881,0.7249372852274039
2015-04-07,ETFC,28.14,28.33,27.74,27.75,2107298,-0.7317767953072586,-0.7236570470533029,-0.2753410655420654,-0.5741028111850749,0.0720120628235326,-0.1382098871655888,-0.5957500460915319,-0.1739574825270488,-0.2621271077258063,-0.784481778076876,-0.0012997531533993,-0.2191216805987572,-0.9085552581092854,-1.073409522161753,0.1806078815312363
2015-04-08,ETFC,27.81,28.25,27.76,28.205,2769536,0.9878114186366916,0.9821965244437496,0.121366086402766,0.028112519244714,0.0648314913162924,-0.1300813249542775,-0.6069486553576878,-0.1595164528402749,0.181695098726801,-0.3140411823891942,-0.0011661644141619,0.6029352787666046,-0.7324186520411138,1.0467850362862023,-0.1434593004280938
2015-04-09,ETFC,28.18,28.41,27.83,28.4,2380593,0.3974353454334197,0.4018183992841622,0.2720804633849384,0.532578215357211,0.0643769475343705,-0.1062657956062384,-0.5896292722578034,-0.1574094684931782,0.1927991567976466,-0.5250276154902527,-0.0011786799760267,0.955245404208904,0.9876181560320244,0.5635128577793035,0.110707731992894
2015-04-10,ETFC,28.35,28.38,27.98,28.255,1637399,-0.3508627838014857,-0.3417124626249543,0.1228272300142038,0.1008795662849405,0.0559688382574809,-0.1076857127942839,-0.5801971113006906,-0.1659848682985589,-0.0204802074381515,-0.9846519240651748,-0.0012857554307948,0.6932712083671951,0.3970880696537933,-0.2794883177062671,-0.4114851559204465
2015-04-13,ETFC,28.3,28.4799,28.06,28.15,2167432,-0.2643566495762331,-0.2552995998086425,0.0161478682819642,-0.0152472792419719,0.0429814072642395,-0.1206087418113485,-0.5774583626437015,-0.1612849092662965,-0.0756039857911714,-0.617068126762065,-0.0013005875461139,0.5035657562059562,-0.3514052703559565,-0.4267677089489673,-0.3481684183185591
2015-04-14,ETFC,27.91,28.09,27.49,27.82,2300708,-0.7628415980971984,-0.7549100545418368,-0.2716890304994707,-0.0228947126004472,0.0178000885200273,-0.1623340221829131,-0.5839900589952667,-0.1584062169712309,-0.4063670762488203,-0.5183536905993552,-0.0013054551038504,-0.0926513791579314,-0.2648765690162997,-0.2699446649514191,0.2061065647191
2015-04-15,ETFC,27.81,28.2,27.6,27.935,2540668,0.2243610494118635,0.230638764339503,-0.142974512382233,0.5244346470994692,0.0006657949315057,-0.1750013422558591,-0.6068832390291737,-0.1569401406204874,-0.3977628741547855,-0.3745263207313395,-0.0011718153444825,0.1151212589234215,-0.7634915587992264,0.3132725590000864,0.1987070836699636
2015-04-16,ETFC,27.9,28.38,27.7,28.25,2304058,0.6690365974370137,0.669495966499571,0.1339944124298002,0.4712683883393331,-0.0021871600530108,-0.1483752785952565,-0.5981142998824918,-0.2163455228927707,0.0407868111826405,-0.4213490057923167,-0.0011800189697074,0.6842376154071381,0.2239686232221103,0.9214657002624144,0.4147569586213637
2015-04-17,ETFC,28.05,28.07,27.26,27.56,2558032,-1.5536348350523776,-1.5558532720161249,-0.5243276411403226,-0.4103536065788377,-0.0329201887471946,-0.1988372574507156,-0.63652434354282,-0.1522885583191793,-0.0384589451593686,-0.1794520672487037,-0.0013107714371583,-0.5623982130809999,0.6687601750897038,-1.3461160064207465,0.8580990294013828
2015-04-20,ETFC,27.65,27.89,27.57,27.615,1556552,0.0912489519563466,0.098661140270931,-0.4614217481422558,-0.7114041954405006,-0.0561605317788068,-0.2199207966233244,-0.618306417345466,-0.2585509743856491,-0.29663002336662,-0.8128306180840369,-0.0012002517307738,-0.4630286905203519,-1.5544910923553144,-0.1219517219438003,-0.6255779291223164
2015-04-21,ETFC,27.62,27.77,27.24,27.53,1928137,-0.224628604608062,-0.2156547648635154,-0.5236062294510793,-1.105552447274141,-0.0787126884889129,-0.2350162482167174,-0.5905192924653857,-0.2581348065251085,-0.3674371366340244,-0.4992577688467658,-0.0012945089129612,-0.6165997708413492,0.0908218004149318,-0.2725026719422981,0.0131314357106646
2015-04-22,ETFC,27.65,28.67,27.486,28.605,5960087,2.398075163303979,2.346948319905855,0.4368195270110168,-0.0926134292198759,-0.0553363886158029,-0.1288735528869428,-0.5606091589310284,0.0848933846590378,0.3728219905232852,2.3606381584802287,-0.0010795434330264,1.3254484261419264,-0.2251381600740141,2.583157403150793,1.858268032629585
2015-04-23,ETFC,28.44,28.77,28.175,28.19,3826610,-0.9362327346059756,-0.9296420261704932,-0.0056642838858051,-0.3615711425354511,-0.0542142804378342,-0.1012413029490691,-0.7030964636643249,0.0387852844624467,0.4514755993040652,0.7734478482234582,-0.0013416503821177,0.4490512822358554,2.398249800427476,-0.6904496834185042,0.1677329014959021
2015-04-24,ETFC,28.1,28.48,27.85,28.17,4912834,-0.077166342802379,-0.0687229391690218,-0.0581075612311489,-0.1172942016671148,-0.0551722624369231,-0.0844896193065644,-0.7704595881878646,-0.0010049509814036,0.2177440212599951,1.5565126919398558,-0.0013744320624205,0.1392781492742667,-0.9369279283732572,0.1618907431394569,0.2725291813586689
2015-04-27,ETFC,28.34,28.55,27.75,27.84,2376725,-0.7623234258891541,-0.7543886136159671,-0.3658228470759492,-0.1277495338420588,-0.0698102388671858,-0.1063003425625609,-0.7695434892601177,-0.0100468268130866,-0.1727503965776264,-0.2906497765054186,-0.0013096090074046,-0.5777021823309806,-0.0776374293463029,-1.3592697117662076,0.8035283752991922
2015-04-28,ETFC,27.85,28.645,27.7944,28.52,2805122,1.4876744130917328,1.4693768218419057,0.2559598706290706,0.0147669504598399,-0.0557031404705925,-0.0497595933984347,-0.7440041200186918,0.0850326927531369,-0.021859603213743,-0.00386008522966,-0.0011617996856208,0.8997118343101261,-0.7629732514140456,1.7912667905283397,0.8942909252351426
2015-04-29,ETFC,28.43,29.26,28.31,29.2,4232498,1.4514171932397917,1.4341681828680974,0.8594617929944319,0.2786926496293281,-0.0192357367070499,0.0530280470233402,-0.5978589391012102,0.1818838387012071,0.1642626559369147,0.9825344080723522,-0.0011240875946353,1.3441406867242938,1.4876115512439985,2.0199329944694235,1.120108161990927
2015-04-30,ETFC,29.2,29.5,28.78,28.79,4020638,-0.907167117518038,-0.9003172214616073,0.4617098985473542,0.108148902999825,-0.0080739334260048,0.0701219793449874,-0.556471338489489,0.228130277299362,0.0002071744206469,0.7944680821410501,-0.0013507734671433,0.3985562337928101,1.4513448728624891,-1.0871464109844855,0.4929212761300922
2015-05-01,ETFC,29.03,29.26,28.81,29.1,2417195,0.6373753228586666,0.6383516077978636,0.7200409462718561,0.3190102303937388,0.0111474806311159,0.1045424245968256,-0.4603627490688486,0.2489853579579498,0.1601520312864691,-0.3460733631533226,-0.0011751084294468,0.8545280376012967,-0.9078547288507106,0.155861367203719,-0.3025477257601799
2015-05-04,ETFC,28.69,29.46,28.66,29.315,2415280,0.426986020941231,0.4309983389523082,0.8598112609681385,0.6274834411001338,0.0327681794381512,0.1382544984418122,-0.3314522293811262,0.2009100322881815,0.4866540639313685,-0.3379717219327712,-0.0011767681665793,1.170766546694277,0.6370906409398016,1.6195484099433732,0.6830300944953384
2015-05-05,ETFC,29.23,29.57,28.93,29.01,3052974,-0.6807429793323179,-0.6723482658324921,0.5166272156215358,0.3781330569757472,0.035790560697099,0.117352408311905,-0.3103878776425091,0.1961108391901432,0.4993717851739388,0.0774556372152733,-0.0013241249677753,0.6439338333225895,0.4266464541348569,-0.5949581086822855,0.2472886437818924
2015-05-06,ETFC,29.15,29.31,28.4,28.455,3214163,-1.2240753540379552,-1.2208037345935854,-0.009291597055862,-0.085297930248312,0.0144803841268282,0.037999151231192,-0.3108684015064327,0.2403195614842733,-0.0373001236329176,0.1725289726953436,-0.0013310140624889,-0.1478776487720857,-0.6813715227217044,-1.8276369860699224,1.073943428933584
2015-05-07,ETFC,28.39,28.92,28.39,28.86,4070047,0.8531225718463556,0.850266792806471,0.3441531797914705,0.5024042800802228,0.0116999367328106,0.0222117494841387,-0.2848482644551004,0.2715311016790692,0.0704037819222221,0.6841684061486185,-0.0011272143099374,0.4299307300537565,-1.2248456381717328,1.2244526997766405,-0.0608091600140992
2015-05-08,ETFC,28.91,29.23,28.76,29.16,3278294,0.6141769039189654,0.6155219879648393,0.5788049966496639,0.5979061370485084,0.0193835204361735,0.0365160639968841,-0.2277896425536296,0.2803886960193142,0.3029292549977337,0.0951880269110783,-0.0011533983328394,0.8579369365914176,0.8528941725587039,0.6270195366624387,-0.2480384455373118
2015-05-11,ETFC,29.2,29.99,29.19,29.85,4150248,1.440187971832358,1.4232596555207886,1.1340774378883238,0.8807533796245084,0.0503516388824101,0.1078935072009303,-0.0602060121954645,0.36771506013096,0.7194549927801606,0.580209697079295,-0.0011331687827089,1.2736476921049082,0.61388617015905,1.6554868859366936,0.6422669660030382
2015-05-12,ETFC,29.62,29.91,29.37,29.39,2597318,-0.992416386413382,-0.9863660871130514,0.6359005345486555,0.2115162296065898,0.0544665101005626,0.0958756656673982,-0.0436512953883808,0.3927313202413192,0.6613470166348827,-0.4093822606983524,-0.001308658381821,0.7176027803872538,1.4401127220544248,-0.6129779481168576,-0.060052583622736
2015-05-13,ETFC,29.33,29.66,29.3,29.46,2412914,0.1152878162508069,0.1225159524285399,0.6281616466358623,0.5001319501238845,0.0581163999388617,0.0850645383733053,-0.0241185514422801,0.392435406090573,0.6342766932249942,-0.5224253165951742,-0.0011799501617006,0.8022183104312447,-0.9931262369782344,0.3085532776780074,-0.5729019938790002
2015-05-14,ETFC,29.71,29.76,29.18,29.59,3599354,0.2417339255435184,0.2478428417814214,0.684006352891275,0.5662254093711172,0.0636948219382401,0.0813796451217102,0.025144069538963,0.3777879416124231,0.5291593814225709,0.180880479918456,-0.0011511616641673,0.9593614376557978,0.1148669357999401,-0.3314735424148963,0.0422583356224542
2015-05-15,ETFC,29.57,29.8,28.86,29.01,2286035,-1.2533293228480984,-1.2504718207048116,0.0870096772773632,0.4063970199552291,0.0430965657780093,0.011053411559043,-0.0888583344712463,0.3285668067163664,0.6052188703739825,-0.6251053749446376,-0.0012989958462908,0.2582613315770193,0.2413460314680102,-1.4571247919727284,1.1091382723127052
2015-05-18,ETFC,29.06,30.12,29.04,29.84,3217227,1.7482577013061025,1.7218365570870031,0.7390699070705802,0.4657662243761885,0.0570833121063847,0.0438136257470701,-0.137035058552021,0.4581121307409783,1.015849962411247,-0.0967113954514039,-0.001161853976653,1.1196944360526426,-1.254107238552363,2.0015703185592613,1.4250342733331818
2015-05-19,ETFC,30.01,30.4,29.57,29.63,2790697,-0.4711390683433064,-0.462059827867898,0.450873716130604,0.0426276862490314,0.0575437586008555,0.035205334175069,-0.284355911111572,0.4721743036518726,0.952819235848879,-0.3764508732667576,-0.0013108586797243,0.5644917296016984,1.7482628186014617,-0.9829869394243678,0.743232735906754
2015-05-20,ETFC,29.69,29.82,29.23,29.68,2665282,0.0720630819880941,0.0796155687871666,0.4464300054247928,0.3241797174616119,0.0575172841405886,0.0270653747621301,-0.26237058971538,0.1991609190350356,0.3844559547519407,-0.3698357657077153,-0.0011759830956954,0.5397049005103981,-0.4717129317324683,-0.0517634303293302,0.0653845549568734
2015-05-21,ETFC,29.62,30.0,29.6,29.84,2218887,0.3026268006064099,0.3081063546147246,0.5146383145661725,0.2505938969707749,0.0613894052703464,0.0305883251676793,-0.2910922527987741,0.1359534262433817,0.6921472682815151,-0.6145475387724775,-0.0011884628824978,0.7404102008842849,0.0716309253713006,0.5348378291353866,-0.4741542043367997
2015-05-22,ETFC,29.78,30.02,29.49,29.505,2776315,-0.7319384881597384,-0.723819678679821,0.1521177919703316,-0.0787909580193277,0.0490128239131813,-0.008417194994059,-0.3833026112036547,0.1774056178581722,0.5285309880572563,-0.1923132228371419,-0.0013092811406216,0.3201834782264587,0.3022547918376519,-0.723990859757533,-0.094267285938857
2015-05-26,ETFC,29.37,29.81,29.26,29.78,3354522,0.5472771415647724,0.5496385923839318,0.3106635741439536,0.260263124196343,0.04778017262134,-0.0109373269737746,-0.5838996469040627,0.1376598150940633,0.8559392164358539,0.157841667641421,-0.0011602949269345,0.6518929703329159,-0.7325803870748924,1.028372993435247,-0.0521206568752782
2015-05-27,ETFC,29.9,30.05,29.63,30.005,1917937,0.4373887264976649,0.4412672628527275,0.4442705961120697,0.7785793999460209,0.05334721131147,0.0045488524019999,-0.614579474376771,0.0348691845594157,0.5972329393031016,-0.7667962934182776,-0.0011969478402897,0.8146243467910756,0.5469689554634226,0.2389990826520711,-0.4247462995784065
2015-05-28,ETFC,29.93,30.11,29.78,29.84,1943725,-0.3753581889362328,-0.3662033825115317,0.2678280082901214,0.4555356382572206,0.0490044184132794,-0.0085699400117795,-0.5938570445919295,-0.0712377607437426,0.154420026031576,-0.6988821381286894,-0.0012883327753217,0.5167386223581627,0.4370518734762554,-0.2535020057307181,-0.6696589005675329
2015-05-29,ETFC,29.88,30.06,29.23,29.46,13130234,-0.8258262792936475,-0.8183247841183057,-0.1012547820325078,0.0048513971215859,0.0285819693046319,-0.0604537322234243,-0.647417905307482,-0.08103203539868,0.1743079817663972,5.817498504007504,-0.0015560587274112,-0.1117136086011137,-0.3759070656804283,-1.0882894346363003,0.7567043797495371
2015-06-01,ETFC,30.02,30.02,29.25,29.485,2870529,0.0198366432166114,0.0277413419969249,-0.0961441541721128,-0.4650989156912364,0.0115516223987746,-0.0932295533164923,-0.6644720993602996,-0.1058192473288673,0.0268296332617356,-0.3369634819941647,-0.0011654852041125,-0.0703680670906372,-0.8264926709981586,-1.372759091189424,0.5851204471853017
2015-06-02,ETFC,29.32,30.65,28.99,30.53,9307471,2.1735377601029366,2.1316605674565623,0.7789024674691709,0.5607645240523307,0.0370582594198708,-0.0099607458207805,-0.5313257252436366,0.1659918574293536,0.4412270470390876,2.9817496921460207,-0.0009990958226959,1.2663735378154124,0.0193908621322673,3.091611827186631,2.9401476414363965
2015-06-03,ETFC,30.7,30.76,29.94,30.345,5464655,-0.4102556872455157,-0.4011112308071748,0.5535487868935118,0.3784889717399344,0.0477451453615605,0.0185085160137091,-0.4946458242534808,0.14525383339098,0.5083777075427115,0.8145473780315934,-0.0013741981741252,0.8607963310795345,2.173653821481356,-0.8999609720913043,0.6607606125461541
2015-06-04,ETFC,30.17,30.44,30.05,30.11,3000937,-0.5151393553656222,-0.5061446233670834,0.2705825990968608,0.1369943674806404,0.0447539706762911,0.0060768328900594,-0.6368939064390453,0.0596398124906221,0.6867222930512651,-0.4699756943090219,-0.0013185079792035,0.5311833938225794,-0.4108136678046467,-0.1765686923736022,-0.5118507970910616
2015-06-05,ETFC,30.62,30.87,30.33,30.67,4256715,1.1249083408474687,1.11619692766719,0.6834603407851031,0.8561024332230062,0.0620116251611925,0.048251624099356,-0.615360741521845,0.0873377287022506,0.7536129542440352,0.1833923058153188,-0.0011321715418229,1.1277904548049733,-0.5157246972414828,0.09705344450868,-0.1239595702947255
2015-06-08,ETFC,30.57,31.02,30.02,30.53,1860937,-0.3171866283076857,-0.3080582794476287,0.4981553996196081,0.3205380545069151,0.0677020852057158,0.0522176977020615,-0.5994103342350686,0.0863544755603397,0.5225289775891323,-1.052159343218308,-0.0012891821371293,0.6887820145323229,1.1247508431276356,-0.1251739733740196,1.1384782345548574
2015-06-09,ETFC,30.59,30.86,30.09,30.77,3583450,0.4564218737402717,0.4600512310504314,0.6676419544546026,0.6465574775830438,0.0790497906308921,0.0699522088067244,-0.5006058160674484,-0.0188913452491184,0.2851738227116914,-0.1194968200237729,-0.0011516949481201,1.0581355186925976,-0.3177203296625803,0.418250998308024,0.4942289625448776
2015-06-10,ETFC,30.98,31.41,30.75,30.84,3275140,0.1086374514202109,0.1159174252595608,0.6635440573424518,0.6570072797485988,0.0880862795712141,0.0781907862451424,-0.4383323823423355,-0.0964223994929639,0.5571061330225391,-0.3007983287326528,-0.0011621668513973,0.6998264085292695,0.456089985953006,-0.3677384334390342,0.192235343904923
2015-06-11,ETFC,30.9,31.16,30.79,30.89,2080618,0.0679411124258906,0.075522976873683,0.6428795799404274,0.5982171713820773,0.0944308637682908,0.0778527317268675,-0.3843008042283956,-0.0962346109469412,0.5454139467985631,-0.9318006438851884,-0.0011929854590511,0.7650064386752017,0.1082148360687465,-0.0507669667641297,-0.5930682201915123
2015-06-12,ETFC,30.51,30.96,30.51,30.74,1565951,-0.3353173646699248,-0.3261749131368504,0.4603436989825674,0.7826548731880449,0.0908126761732927,0.0519382850247307,-0.359569085543254,-0.0844877989093797,0.4033081785768052,-1.183831727430103,-0.0012794737576211,0.5694663482374053,0.0675078804985481,0.5432314854255689,-0.3713048149264484
2015-06-15,ETFC,30.5,30.69,30.12,30.615,1945051,-0.2861598259834577,-0.2770679028997743,0.2801621007597539,0.4953623566814096,0.080402809382539,0.0137250623292904,-0.4609600890479228,-0.2023321026033576,0.6450674135045154,-0.9705625948928126,-0.0012889872224122,0.3508439082809907,-0.3358557958443332,0.2585508358160235,-0.039656751077313
2015-06-16,ETFC,30.5,30.88,30.37,30.85,1374713,0.4448951479385432,0.4486760919325094,0.4398023411979666,0.5016371282718259,0.078797025362262,0.0058160416652476,-0.4280566206576373,-0.3974740762325178,0.3296214086491911,-1.2658016127413043,-0.0012094457176647,0.6736466608838815,-0.286685433283475,0.8406711477081773,-0.2135657729265022
2015-06-17,ETFC,30.94,31.04,30.17,30.29,3060432,-1.1631257350842448,-1.1590369424050295,-0.0754948568785865,0.1424797030167672,0.0531761555458543,-0.0623255922947648,-0.4652683947722571,-0.3029456767025252,0.1596618515731465,-0.3177930055439133,-0.0013158831713178,-0.095585430425128,0.4445602531397839,-1.613538928175402,0.8024214775833243
2015-06-18,ETFC,30.39,30.6,29.98,30.405,2371973,0.2033748487388745,0.2098500931347285,-0.0072799629529603,0.5564856386359603,0.0352943382736925,-0.0969187114386977,-0.4999468971965577,-0.301062341343561,0.191274681041739,-0.7006630824019638,-0.0011844595411871,0.062381874040117,-1.1638801191083237,0.0109745573193773,0.1081114796284228
2015-06-19,ETFC,30.32,30.59,29.77,29.93,10436879,-1.0056179082654737,-0.9997021327077268,-0.4229121426252777,0.1243066618678035,0.00072445400192,-0.1675480039321893,-0.5078501577707875,-0.2303273169542552,-0.1231810563934793,3.2570612996325994,-0.0014937416030567,-0.5900917748380597,0.2029769478160779,-0.9981238138025974,0.6919873105580633
2015-06-22,ETFC,30.11,31.055,30.055,30.98,3229868,2.151131567155693,2.110136247540814,0.421950534018277,0.1274487989240764,0.0128072104444028,-0.1039683438357498,-0.5345118446068723,0.0243483795562732,0.5667260850118265,-0.4129520080494771,-0.0011572966988926,0.8522183963663281,-1.0063312027508828,2.1566808948315206,1.09882649281059
2015-06-23,ETFC,31.16,31.48,31.03,31.15,2138097,0.3086394112658727,0.314053641052195,0.5082959031221269,0.379118673438045,0.0270652085853641,-0.0475055810726635,-0.5130499496723602,0.0150728769559346,0.5081635083168933,-0.9476949095286727,-0.0011878561344564,1.0023245725318306,2.15124178336343,-0.0505629517405029,-0.3873628509997881
2015-06-24,ETFC,31.08,31.21,30.68,30.8,1615656,-0.7325245542716772,-0.7244091510186208,0.1716714931354758,0.2849066320072819,0.0226332622936808,-0.050442966091619,-0.5211715542239727,0.0489311853497669,0.2216517577385751,-1.2124410282224247,-0.001283354943457,0.5350701395579894,0.308268971024871,-0.7069632640119794,-0.1572117116347257
2015-06-25,ETFC,30.95,31.05,30.68,30.75,2046769,-0.1340642857441987,-0.1253749091448794,0.0890774211846009,-0.1266334289888751,0.0152808436457116,-0.0603101196770554,-0.561387558107995,0.039476063693467,0.2804037494054219,-0.9918726500923722,-0.0012949660887226,0.4683195062760104,-0.7331666060756536,-0.5145348717623182,-0.588523316296718
2015-06-26,ETFC,30.89,31.11,30.365,30.715,3406671,-0.1038588499606492,-0.0952935985835159,0.0047261439187009,-0.0406686672599593,0.0063077008765244,-0.0723755585332778,-0.7037377507955856,-0.0105977404254747,0.4581720538688416,-0.0454568239790232,-0.0013313557392968,0.4215940629786261,-0.1345502154249617,-0.4543373473286121,0.4301294649152655
2015-06-29,ETFC,30.09,30.285,29.28,29.34,4991685,-2.8200643015750693,-2.860519289064648,-1.1697891077364402,-1.064950660883604,-0.0559685405814597,-0.2192291680508831,-0.659541615631871,0.4521919576688645,-0.2397017989636547,0.7970263876178487,-0.0013768861275042,-1.414048352275762,-0.1043368998588851,-1.9094617442860544,1.263398780977646
2015-06-30,ETFC,29.74,30.06,29.435,29.95,3225026,1.2613939662916178,1.2493123931500207,-0.6215286637747233,-0.6791415365862637,-0.0820661086834708,-0.2435887732486348,-0.6141559362709138,0.2793943707075768,-0.4464877168480654,-0.0365939999785124,-0.0011516154601201,-0.8689384079375781,-2.8212509361271088,0.5071694909644603,0.1478426112410653
2015-07-01,ETFC,30.3,30.66,29.96,30.15,2426582,0.3827504510957329,0.3873126216549191,-0.4413390012819834,-0.5854171988150413,-0.0954730788033314,-0.2304110766645425,-0.6006355606603967,0.2838868830003268,-0.2618541833947428,-0.4594906250782011,-0.0011763463447514,-0.5667400863518979,1.2612720739857997,-0.4003352892727713,0.3436214214982682
2015-07-02,ETFC,30.02,30.14,29.51,29.915,2430015,-0.5182576951965057,-0.5092701438055658,-0.635180843509728,-0.6242262490761501,-0.1157090897286771,-0.2374467528712773,-0.5769791446605947,0.2840493178087073,-0.262590770904382,-0.4424735342576947,-0.0013076131616616,-0.9218231142150728,0.3823993444237252,-0.2905716288642372,0.1638070144898012
2015-07-06,ETFC,29.65,29.68,29.12,29.33,2364315,-1.2504773045147906,-1.2475788038987363,-1.0828305519754882,-0.8153164007048329,-0.1546823755942592,-0.2913047169778546,-0.4349217044202567,0.2730241989489826,-0.8091455625128808,-0.4361549312749904,-0.0013073705666047,-1.5855069704771865,-0.5188438505630203,-0.8417152439861468,-9.031085130010644e-05
2015-07-07,ETFC,29.23,29.39,28.23,29.04,5142585,-0.6485715928160292,-0.6400253793303882,-1.271408953845323,-1.063253571188019,-0.196414118289733,-0.3414913086574846,-0.2573407002266764,0.284420842618468,-0.8842459894222502,1.270434733703457,-0.0013867086762182,-1.0528144636100951,-1.2512544762044882,-0.5174160780694249,1.7377186832039753
2015-07-08,ETFC,28.69,28.81,27.9,27.95,4387773,-2.369816321063078,-2.393521416056521,-2.10064844688707,-1.228900276271854,-0.2709571763378765,-0.4660963428847908,0.1494646238973578,0.4944514375948836,-1.5134655633534335,0.7481054546891791,-0.001372296704117,-1.8348756688048795,-0.649191743559431,-1.9750206644394,1.1220994217650258
2015-07-09,ETFC,28.41,28.9,28.32,28.48,3024300,1.1475678164920022,1.138316708025534,-1.5436476543891702,-0.9940781494601724,-0.3073280558997251,-0.4675258399622786,0.3095854945766922,0.5892317653326018,-1.2913503888595468,-0.111963634162214,-0.0011490146210962,-1.3427482344907666,-2.3708854980755167,0.1598370908642666,0.1059267442707577
2015-07-10,ETFC,29.06,29.26,28.83,29.04,2964580,1.1911788515832673,1.1808668035649692,-0.9775979899023926,-0.556775836187917,-0.3122102610579972,-0.3876181317748776,0.3380630026679879,0.6822646504827135,-1.047053401928148,-0.176220024000541,-0.0011538641855275,-0.8227645303098193,1.1474162300174673,-0.0783136500703361,-0.3572822509426569
2015-07-13,ETFC,29.28,29.58,29.24,29.49,2351567,0.9317462735585004,0.9273140288857918,-0.5304086635887036,-0.8612958990865242,-0.2966459993649724,-0.2710631115277784,0.3228719602625829,0.738447301867145,-0.7646853718965276,-0.5804118714489425,-0.0011744214585489,-0.4049204823072721,1.1910386420501136,0.5155507607471276,-0.6304594655193765
2015-07-14,ETFC,29.38,29.77,29.3042,29.61,2146679,0.2203428684379357,0.2266589441227078,-0.3816991844506189,-0.889218070491706,-0.2780791505297755,-0.1700904877145308,0.3037798778019832,0.7432954797346888,-0.6495929799572656,-0.7120880672127324,-0.0011818682319107,-0.2934954028399251,0.9315383850714676,0.5651371791286613,-0.2802745165041307
2015-07-15,ETFC,29.66,29.89,29.355,29.51,2258767,-0.2432562169746237,-0.234240201158203,-0.4113102340216221,-0.7990823554431831,-0.2659310047283764,-0.1058340197774252,0.25634718831671,0.7279976968993436,-0.8054016289535914,-0.6613005539410762,-0.0013053528441876,-0.3863496357293781,0.2199493940132736,-0.4084058217268294,-0.0804001557342203
2015-07-16,ETFC,29.76,30.38,29.71,30.36,3063671,1.760271726307554,1.7334512641353008,0.3331314813791639,-0.3524478210760349,-0.2219884210858773,0.0274094902462361,0.2604438593165289,0.8292354181957444,-0.1335364259002659,-0.1685911081627663,-0.0011557795977694,0.4029113438309882,-0.2437706318816214,1.4969049241548738,0.2478847848292886
2015-07-17,ETFC,30.25,30.46,29.95,30.18,2319579,-0.4021148424503843,-0.3929662113664511,0.1848485425454008,-0.4086886683124958,-0.1937107828312109,0.0936829985028916,0.248061351423803,0.8330175545864755,-0.2761588652407986,-0.6230103232404504,-0.0013065260741021,0.2357737246299693,1.7602799777376088,-0.2011471280854378,-0.1829793599647489
2015-07-20,ETFC,30.29,30.38,30.0,30.21,2234378,0.0288906741437028,0.0367374277571395,0.1987745816290385,0.2506957896007455,-0.1698580042316552,0.1353122925282178,0.2554699634184861,0.7897723120372682,-0.0300818990902403,-0.4808283951539511,-0.0011797887860801,0.2636299944968068,-0.4026706992829439,-0.2258590669601594,-0.5430112042671194
2015-07-21,ETFC,30.16,30.66,29.935,30.12,2765816,-0.2184718250732866,-0.2095131517825417,0.1578470909110416,-0.0946618152256374,-0.1544126785502061,0.1469750886683395,0.1764793517298529,0.5643197972657262,-0.5751732888275517,-0.0933083651095685,-0.0013188674669529,0.1800611848962975,0.0284472550115322,-0.126517857433468,0.4147226776911923
2015-07-22,ETFC,30.05,30.24,29.91,30.19,2047636,0.1116939511349025,0.1189501877750237,0.2623715624766433,-0.1662390957145589,-0.1395052624098824,0.1549207556814857,0.0602212956160797,0.5580406924702754,-0.6200961323005693,-0.5976062679777759,-0.0011847348199552,0.4185086107453513,-0.218979774401716,0.3256717993106555,-0.6803439866483778
2015-07-23,ETFC,30.19,30.39,29.25,29.42,6284636,-1.6208956413923876,-1.6244579045396046,-0.3564606798476415,-0.4441920496385649,-0.1578711624270728,0.0756323462898972,-0.0158484861536165,0.6465367298983341,-0.8255106618982547,2.0607746682124817,-0.0014170025649786,-0.3072355151833774,0.1112721331416759,-1.9532749666731437,1.638063572324032
2015-07-24,ETFC,28.97,29.22,28.25,28.52,5045117,-1.937558712960629,-1.948473022286836,-1.0570556573704484,-0.5847775442582398,-0.207154529213045,-0.0673794084539228,-0.0114076152158507,0.7837883753996414,-1.232550296896586,1.0988565793526548,-0.0013920025615051,-1.239249030354172,-1.6217694452233848,-1.1998858750593426,1.2432004124028868
2015-07-27,ETFC,28.31,28.4,27.33,27.36,5081400,-2.5652303873136564,-2.5957727040859,-1.947931740070648,-0.9063777782236196,-0.2902152033479062,-0.2687310199016687,0.2163149616488542,0.9999567024556394,-1.771689016586785,1.0418035603328215,-0.0014016249777409,-1.851355203831206,-1.9385151256358164,-2.5616113548972157,1.6679860157251696
2015-07-28,ETFC,27.55,28.1,27.33,27.97,2901216,1.3550669274940876,1.3405070132108334,-1.3452602873910793,-0.1798124436170704,-0.3299273934871679,-0.3182340574826662,0.3483256542978503,0.8362216048100569,-0.8532497118167048,-0.2251275236526864,-0.0011464648641384,-1.242421048323723,-2.5663505425790105,1.1254710995046506,0.7030079402696077
2015-07-29,ETFC,28.01,28.585,27.87,28.47,3075093,1.0799470656107637,1.0722831140469813,-0.8335994378083773,-0.1936022556294756,-0.3395043202573798,-0.2802688384024945,0.3701543819565078,0.8146631423190476,-0.8932229693170075,-0.1116095270843082,-0.0011441158276734,-0.7432946913503757,1.3549694719342988,1.2144482179356924,0.5017113765879038
2015-07-30,ETFC,28.26,28.68,28.22,28.64,2467842,0.3387590105049765,0.3438374094555779,-0.6147131402066172,-0.3854185407220316,-0.338201213172497,-0.22189164329094,0.3431898046546708,0.8125540347938954,-0.903022215805544,-0.4942457943792725,-0.0011662998350022,-0.5735917299794361,1.0797778387083572,0.989595634601119,-0.2527486465144394
2015-07-31,ETFC,28.59,28.65,27.99,28.42,2870670,-0.5112351579150792,-0.5022316581264207,-0.7469146558642022,-0.7353790547285518,-0.3435624952499248,-0.1923439101805887,0.3451052304541719,0.8123454543754087,-0.9014362186387936,-0.2535020565669855,-0.001329208571457,-0.7932073270477077,0.3383964276540653,-0.4755576658346523,0.3441077352910175
2015-08-03,ETFC,28.36,28.56,28.11,28.36,3537476,-0.16443454586362,-0.1556351083334931,-0.7583443731397689,-0.8340019707455055,-0.3478589262876264,-0.1659648154470533,0.3784477345166403,0.7583230320550839,-0.653189634090309,0.123210475188338,-0.0013527300710191,-0.8531024898845115,-0.5118194812912541,-0.0263165508545973,-0.2689195746043544
2015-08-04,ETFC,28.43,30.05,28.31,29.27,7793904,1.9647054422693977,1.930756843194129,0.0528651015188056,-0.2974480529653032,-0.3135321908421757,-0.045446174015542,0.3800856878290353,0.92333534035419,-0.0511578591750509,2.546651891582616,-0.0009902993697448,0.0553074798069804,-0.1649283983251284,2.205955680407971,3.363001172862772
2015-08-05,ETFC,29.58,29.97,28.8,29.28,3312207,-0.0117257876712499,-0.0036293156664098,0.0015920137921856,-0.7492239468230582,-0.2843527476166218,0.037719697564308,0.2911463846524078,0.6584992255542492,0.5313821150239045,-0.0621565457150783,-0.0011443838951508,0.065290006946449,1.9647670249354103,-0.7925618364577347,1.7388948570946867
2015-08-06,ETFC,29.42,29.775,29.16,29.67,3643480,0.7962606039580492,0.7944851475968226,0.2983559550238835,-0.4441132718140855,-0.2447539018083949,0.1310717577099817,0.2719078498668761,0.6299506404147023,0.4461815449087995,0.1162771400513116,-0.0011382506731608,0.4546085653856601,-0.0121798025414995,0.6156938600943324,0.1361661040466449
2015-08-07,ETFC,29.67,30.065,28.85,29.11,3197519,-1.2080719109048854,-1.2045797612916078,-0.2080360568220054,-0.6938276863794757,-0.2344047519338588,0.1304651920154624,0.2704828635640656,0.6421853416449724,-0.1320754873752747,-0.1546253387715226,-0.0013310560143264,-0.1044129544244908,0.7960173709184785,-1.452302384688888,1.8871764045616168
2015-08-10,ETFC,29.54,29.88,29.21,29.7,1650679,1.2288466956690574,1.217594769393012,0.3125273994092712,-0.3678195671439679,-0.2023467662294039,0.1858581091768015,0.2804117795320496,0.6726339711428334,-0.0628931789820639,-1.058644917412756,-0.0011956010609444,0.4845561468040588,-1.208838020172507,0.3829009720186327,0.2887560888718025
2015-08-11,ETFC,29.2,29.44,28.37,28.76,3862752,-2.003452448730609,-2.016110284369165,-0.49418999662879,-0.7298596553040909,-0.2131736804880415,0.1197874486479255,0.2843580672885657,0.8412139548389518,-0.5890766488209211,0.2051149129086872,-0.0013511056508968,-0.4538014043058317,1.2287163126592415,-1.164768108067154,1.509326979635719
2015-08-12,ETFC,28.4,28.4,27.165,28.27,5289299,-1.0937206040497365,-1.0887762229251767,-0.8808148188817849,-0.6401723954405623,-0.2399682817201323,0.0258303688327442,0.3293054325187414,0.88098619211934,-0.7846006841331429,0.906970153017682,-0.001397170473093,-0.8303097669737979,-2.0044260513020613,-0.3721521871525211,2.0494953799758626
2015-08-13,ETFC,28.47,28.69,28.14,28.31,2211397,0.0550945653651075,0.062766252711228,-0.7545900064750409,-0.282035775730346,-0.2583470467827132,-0.0276730775944641,0.2621442514807987,0.7128516729960643,-1.159157664884082,-0.7956761944481746,-0.0011743240714897,-0.7922647708371178,-1.094456882149347,-0.4509138682299125,0.0278026480737462
2015-08-14,ETFC,28.37,28.54,28.215,28.53,1349172,0.4508177418189245,0.4545210594683577,-0.4819621419841717,0.4147387125253598,-0.2629194793982318,-0.0349385726881937,0.1792343234539647,0.7318092223118924,-0.9704195178129956,-1.272020195979419,-0.0012019906399628,-0.5830172920853706,0.0546579821205456,0.3997774084571833,-0.6419450256975086
2015-08-17,ETFC,28.26,28.67,28.04,28.63,1789598,0.1852235065402262,0.1918639667455595,-0.3201141655861125,0.1849759838186394,-0.2612917333849711,-0.024791815706389,0.0597572474101346,0.7360903486252877,-0.9355917540484536,-1.0134475053517862,-0.0011894794976699,-0.4879048017436703,0.4504843920649746,0.9628611034049116,0.2425825374158378
2015-08-18,ETFC,28.64,28.73,28.095,28.18,2003333,-1.0115540896587667,-1.005699740217364,-0.6430025158221796,-0.3549055693070096,-0.2762237706913426,-0.0592990073153797,-0.0431981713652307,0.7654101295793447,-1.113423366232809,-0.877664615142669,-0.001301174037265,-0.8350875106746833,0.1848208704224097,-1.2397879605548867,0.2866550069303664
2015-08-19,ETFC,28.1,28.15,27.47,27.49,2683260,-1.5574121492979471,-1.55970404054482,-1.1544553447659929,-0.7865874287903029,-0.3132975435335484,-0.1438972067103519,-0.1077012163459246,0.8328969809309053,-1.48094775791159,-0.4959133493112297,-0.0013227021853809,-1.5463077465926134,-1.0122689327336003,-1.6664086842313577,0.4702179062509
2015-08-20,ETFC,27.16,27.26,26.45,26.46,3157058,-2.3656907910886478,-2.389258653424029,-1.9729122704404616,-1.0801890113791277,-0.3805247621572659,-0.2891902165879731,0.1852634157144816,0.939957709752382,-1.6451175538694918,-0.1373825591205937,-0.0013396203861169,-1.8721072623244543,-1.5582693920001678,-1.973527508598669,0.9599268910466602
2015-08-21,ETFC,26.14,26.25,25.54,25.54,4227893,-2.1976745955343966,-2.2159024123033344,-2.6971530642908723,-1.3209903093606978,-0.4663305685263054,-0.4532455895232888,0.7123351042518041,0.977474168178416,-1.7020462892870163,0.5409648425699222,-0.0013771875247249,-1.881302785249608,-2.366758891861722,-1.7604814742012744,0.7255128275066056
2015-08-24,ETFC,23.46,25.13,22.66,24.12,4939669,-3.49448442394368,-3.5666851515581186,-3.8844859237639193,-2.121985597002773,-0.5851679711890252,-0.669512648105253,1.503530969311053,1.1762195351620408,-1.906673603200557,0.9826780204119404,-0.0014078283438873,-1.2258935962332618,-2.1986988654191677,2.099181241383691,6.943167061662243
2015-08-25,ETFC,25.07,25.32,24.12,24.14,5213728,0.0186275369637008,0.0265398750030405,-3.711786179249856,-2.1157777050027384,-0.6725042852867393,-0.7614430352836197,2.113804604389447,1.05585653617013,-2.178541828341543,1.042405087413777,-0.0010574032087217,-1.216915388164545,-3.495846996493577,-2.828995457884399,2.551552279167827
2015-08-26,ETFC,24.94,25.345,24.335,25.26,4353522,2.85552930899502,2.7832554517783143,-2.5239328509124004,-1.701641207840872,-0.6913671270771251,-0.6587378060517304,2.359945065214144,1.3843182987043614,-1.8233892768597932,0.4857728639956139,-0.0010976613387641,-0.7141357363163887,0.0181814404561861,0.9430728337224048,1.7409907375051763
2015-08-27,ETFC,25.7,26.6,25.7,26.59,5279244,3.245039977261408,3.152351785732276,-1.1757762353292232,-0.9822551955394244,-0.6481972023506837,-0.4169023495221144,2.3934424813088064,1.80539999339841,-1.218713908951626,0.9045555813559604,-0.0010755549358117,-0.1170848997467046,2.855823283552017,2.5900682270760798,1.2295400807663546
2015-08-28,ETFC,26.26,26.71,26.25,26.53,2961809,-0.1734805202955729,-0.1646511596752604,-1.1465951334379003,-1.246762057699203,-0.6109989875209558,-0.238805062771874,2.4296739588494467,1.8029922217868104,-1.1441686664497983,-0.3919557116734323,-0.0013311596302117,-0.1440195239528553,3.2454355646333943,0.7504915981677516,-0.1462882703854747
2015-08-31,ETFC,26.29,26.54,26.1,26.29,2211189,-0.5962048255492126,-0.5874480693595076,-1.280699443498617,-1.0841486970274707,-0.5859066580558158,-0.1274875739019717,2.476474967675565,1.807067241858989,-1.2394500633576098,-0.7876957567175162,-0.0013109171367433,-0.251758020777461,-0.1739767326075328,-0.0263165508545973,-0.1964978037126423
2015-09-01,ETFC,25.51,25.63,24.76,25.0,5164028,-3.08787882635965,-3.1399768122539244,-2.3249559734162117,-1.267911419757452,-0.6114374390515482,-0.1687365976749665,2.5821347996792947,1.8686816867723508,-2.309997156180715,1.0029484847971293,-0.0014060167006243,-0.8308524412097114,-0.5968113152171489,-1.5367599233296991,1.308937998862896
2015-09-02,ETFC,25.49,25.81,24.78,25.39,2560059,0.938229341926126,0.9336628300876934,-1.7746850434072592,-1.1160940569154325,-0.6109752681581793,-0.1348304059894811,2.5755057919826765,1.9250834482858483,-2.118661294874908,-0.5168237239621226,-0.0011566873491167,-0.6557773838697284,-3.089135326489132,-0.3227142956975493,1.7895774361692949
2015-09-03,ETFC,25.5,26.21,25.32,25.61,3749071,0.506459185372374,0.509406295722999,-1.3744001828700048,-1.116094056915434,-0.5967677284848426,-0.0723251100226912,2.4274425373835764,1.904825422468032,-2.1771631999475294,0.1890939063234487,-0.0011205221726852,-0.557017095113841,0.9380231446965616,0.2995931106219384,1.304941803042956
2015-09-04,ETFC,25.17,25.65,25.095,25.37,3496300,-0.61643723788414,-0.6077565347103485,-1.4352639073169613,-1.2086614247513754,-0.5898502158406463,-0.0410852773272561,2.337598382951864,1.88752610467658,-2.0543781932234637,0.0293875156743346,-0.0013518521140639,-0.633583676320361,0.5061403509685034,0.574015472669199,0.2318600520216319
2015-09-08,ETFC,26.6,27.48,26.35,27.27,5516130,4.62960826310908,4.44682537103195,0.5542457122984314,-0.4356547656241566,-0.5054618296201858,0.1833152837831143,2.013980137972351,2.539128054050249,-1.3691037284861816,1.0517313226117802,-0.0010634637098761,0.3789445433064234,-0.6170490056420975,1.8766795415331767,1.8621110409135992
2015-09-09,ETFC,27.96,28.1838,26.91,26.97,4476921,-0.7179029462263793,-0.7097042382296223,0.3480264300705967,-0.335187143838667,-0.4469342743046229,0.2962703991064584,1.830005973802684,2.4600121787467044,-1.0815563529753702,0.4472224771280307,-0.0013793593575067,0.4790303986675492,4.630365046957905,-2.7014334073948514,2.344886199124555
2015-09-10,ETFC,27.01,27.5,26.74,27.21,2285051,0.5210243128867161,0.5237654415833293,0.6397574436148451,0.0390589296555992,-0.3883251824476031,0.3868443650192233,1.7198551266085014,2.448847705537216,-0.718157617892598,-0.7177067635389737,-0.0011693493294515,0.610464265057369,-0.7185411836476592,0.5331191037953085,0.7364619500306951
2015-09-11,ETFC,26.96,27.185,26.75,27.11,1949183,-0.2618017670450079,-0.2527493045788849,0.6016961399603429,0.3325263925313979,-0.3435485438864562,0.4236990410862197,1.5863077159919452,2.4484061621712625,-0.7900081903348622,-0.9084079439160598,-0.0013036740426702,0.5557001540616107,0.5207092781312967,0.3940383369076578,-0.2540581759722862
2015-09-14,ETFC,27.02,27.1,26.575,26.72,2159974,-0.9286299281290012,-0.92197008155159,0.305234598279704,0.7881340808596197,-0.3214026412497332,0.3949316572497619,1.3723072044269111,2.4535792643604206,-1.0992208904137573,-0.8001187195366668,-0.0013117844196327,0.3421201211781551,-0.2623210199852142,-0.8651594652935711,0.046174269699025
2015-09-15,ETFC,26.8,27.78,26.73,27.67,3347175,2.180519511725604,2.1383659994007176,1.303986112134026,0.9969634530117334,-0.2651041885054741,0.4598258262343834,1.1900722627953586,2.598519485281422,-0.6599354735552331,-0.1581716520883788,-0.0011329344618211,0.8623791756378549,-0.9293231385293796,2.4262973703994706,1.5712312902264585
2015-09-16,ETFC,27.74,27.88,27.34,27.75,2471803,0.1470055109738242,0.1539767458560699,1.4067340935799288,0.7601106425985306,-0.2165388235902623,0.4918363264722445,1.11100935212811,2.576471938917928,-0.3915797280267961,-0.6604604830401785,-0.0011647277467713,1.1818211558022569,2.180637394454486,0.0009191323323102,0.0304441714791091
2015-09-17,ETFC,27.76,28.265,26.905,26.98,5397588,-1.76051636283207,-1.7671112885659563,0.6624039970943563,-0.0287263733071994,-0.2076566604797755,0.4153008483482225,1.0549194019942558,2.59394137902242,-0.4399447654405401,0.867977089416287,-0.0014083393073117,0.6807782569897451,0.1465929048130047,-2.149169303922563,2.6096979097117106
2015-09-18,ETFC,26.5,26.51,25.99,26.06,6343456,-2.155953585627392,-2.17293050822556,-0.2392780318837007,-0.3614460988273232,-0.2358026162214764,0.2587627253482932,1.0536312863536357,2.569119001829627,-0.389495838879017,1.2386798790089364,-0.0014497186925839,0.1351498868832152,-1.7614265899389672,-1.2807612855944812,0.0716556394105416
2015-09-21,ETFC,26.31,26.86,26.21,26.62,3115984,1.3048589454058588,1.2916441060218729,0.2672050434032349,-0.0725463884657533,-0.2350558974714117,0.2079014737138794,1.0328886937641273,2.476568267774736,0.4535674308590838,-0.4083339018580354,-0.0011328268399905,0.4672715034697994,-2.156966971627314,0.8638793214276486,0.4436707836563562
2015-09-22,ETFC,26.04,26.46,25.75,26.11,3594844,-1.2257683617697723,-1.2225203209404374,-0.3417398982701349,0.2430448779553043,-0.2533116101862855,0.1183005409351431,0.7430670138464514,2.1472649079153547,1.0442242750589996,-0.1233804101338209,-0.0013646492807933,-0.2853748577440449,1.3047483919393614,0.1767796458133337,0.6749346224887366
2015-09-23,ETFC,26.05,26.4,25.83,26.23,1946904,0.2531381775468943,0.2591336891757616,-0.3254756999135844,0.1500475338444981,-0.2617357314903643,0.071926141756477,0.386951179346009,2.145717680564185,1.104059441891584,-0.956977825077624,-0.0011736329423929,-0.2784213568899322,-1.2265390875635491,0.4957303331716823,0.2197431892672776
2015-09-24,ETFC,25.83,25.99,25.415,25.78,3611758,-1.1010904721161376,-1.096233160231887,-0.7973581727389571,-0.1224720978109044,-0.2845381036111159,-0.0021827476725156,0.3105147413156861,1.971983155928735,0.1348589865316661,-0.006354416797938,-0.0013677414205145,-0.9139232793462287,0.2527532585327728,-0.1725646831822508,0.2675199341956159
2015-09-25,ETFC,26.21,26.74,26.08,26.47,4179613,1.633336225141432,1.6106245620260269,-0.1070806142821377,0.2171552895152266,-0.2739914989980457,0.0243698328073438,0.3095994872328695,1.7212572201199596,-0.2337569776256534,0.3508113674060698,-0.0010911918978317,-0.2595194959410038,-1.1018286728153106,0.7231479337589877,0.4866877006529734
2015-09-28,ETFC,26.24,26.33,25.11,25.27,2848080,-2.8554231302558564,-2.8973431203101314,-1.2376446862790438,-0.9984442548925172,-0.3109714498784623,-0.0767206384976365,0.4156193849199616,1.9661271226713,-0.8649911748583288,-0.4095600131017179,-0.0013406107839281,-1.39761303229792,1.633311362527004,-2.8191988528994094,2.432255369884652
2015-09-29,ETFC,25.28,25.68,24.945,25.54,2890198,0.6322065736723242,0.6332657580657131,-0.93303211980371,-0.7701450234083361,-0.3275723961636757,-0.105137808530291,0.4693372637449414,1.9773346063921176,-0.5864542086993817,-0.4012273180455095,-0.0011397261780782,-1.1415419866176142,-2.856618988971468,0.7507192142451679,0.807091585414715
2015-09-30,ETFC,25.99,26.42,25.8423,26.33,3168531,1.8927615773036928,1.8613931729541917,-0.2123511999425786,-0.5214066392880212,-0.3077859919668406,-0.0342111308098604,0.318749065520189,1.7796622731493703,0.6138474846628403,-0.1909924230923512,-0.0011338481988261,-0.4028289307199501,0.6319205433663735,0.9620484724066496,0.237237222927461
2015-10-01,ETFC,26.31,26.47,25.715,26.21,3140092,-0.3167394725932594,-0.3076115385180936,-0.3718776505688493,-0.528092044531531,-0.2951219572354855,0.0041973549711885,0.2311339103735626,1.7639391922412206,0.3068424912102945,-0.222912463507669,-0.0013465203291092,-0.6147095187240789,1.8928043917581117,-0.3134765096553136,0.8093761641367491
2015-10-02,ETFC,25.34,25.84,24.55,25.75,5551196,-1.1256590437898213,-1.1210984796193224,-0.8348294745708486,-0.5512240550699157,-0.301410871308282,-0.013860420358137,0.2124291364229716,1.8019574974319068,-0.0871912436383831,1.0944113174636514,-0.0014333630483186,-0.8075429346625311,-0.3172730572973032,1.1961077552145711,2.5838104024042714
2015-10-05,ETFC,26.04,26.69,25.96,26.585,3987043,1.9858568234070637,1.951134878903179,-0.0673014869289457,-0.600162161894475,-0.2720925556313715,0.0633457557893881,0.0993358658647794,1.9041745904482967,0.535879678776829,0.194672446568089,-0.0010956740813085,-0.060385038629022,-1.1264036537658932,1.55493240891715,0.6971405425482279
2015-10-06,ETFC,26.42,26.58,25.68,25.75,3735035,-1.9884393874682127,-2.000693481880517,-0.820112843493099,-0.8798257074636363,-0.2801858622036899,0.028813825064576,0.099496351493451,1.2900005176932123,-0.9860891707571506,0.1063728439218379,-0.0013735195825919,-0.8075429346625311,1.985923923897242,-1.9422777945152736,1.3215604979078637
2015-10-07,ETFC,26.08,26.5151,25.95,26.44,2861935,1.6352775831238044,1.6125049157575968,-0.1093014147228575,-0.3772825006368873,-0.2581646591285411,0.0787025099076098,0.0760386045814197,1.3937748747319787,-0.4560891575260126,-0.3575478654187243,-0.0011375182210245,-0.1901310205749602,-1.9894090735373955,1.01657618909055,0.1899136016114369
2015-10-08,ETFC,26.22,26.69,26.0933,26.54,2696135,0.2024730851577373,0.2089566608454654,0.0234512771639053,-0.0036339838189178,-0.2357556295430451,0.1196117165433862,0.0206617253207882,1.3833718534570865,-0.529108268246063,-0.4647291324539845,-0.0011472310656297,-0.1006510330260389,1.6352532269572495,0.8957494770382493,0.2824323430215623
2015-10-09,ETFC,26.64,26.805,25.86,26.15,2588686,-0.947865471252361,-0.9413823884858904,-0.3169577677219898,-0.3746229409997111,-0.232362616153268,0.1033921835176294,-0.024188739388939,1.4081633825567486,-0.6875465748551384,-0.5416041108433232,-0.0013313325617578,-0.4496229844668398,0.2020749489891737,-1.41597025688427,1.4204203411413356
2015-10-12,ETFC,26.2,26.34,25.99,26.31,1785770,0.3479326758688606,0.3529059436779382,-0.1371729124064112,-0.1061105895651672,-0.2225079344538875,0.1070487800908095,-0.0373287028702831,1.3899805695173446,-0.3928319385796233,-1.0020628974053185,-0.0011795562417298,-0.3064550043885626,-0.9485636996865028,0.290885600582489,-0.4826465623204249
2015-10-13,ETFC,26.2,26.575,26.0,26.02,1874804,-0.7192305878858983,-0.7110392998110828,-0.3447314178365211,-0.2739838488415703,-0.2252112061641666,0.0776501014532259,-0.2283544229283528,1.200834135380517,-1.043256013871231,-0.9263390463082226,-0.0013075348567815,-0.565946968280439,0.3475724861795168,-0.5453746168425588,0.2503745644989572
2015-10-14,ETFC,25.97,26.11,25.31,25.47,2950988,-1.3489806942514728,-1.3475765768157937,-0.7836234663057536,-0.3127564266282827,-0.2478383784043717,0.0028473815614113,-0.46743089499859,1.2418364758712337,-1.374155612841386,-0.2969938767768029,-0.0013471870568175,-1.058086899799517,-0.7198691716530355,-1.4809138777793196,1.0263709306799451
2015-10-15,ETFC,25.73,26.405,25.58,26.29,2786706,1.9713852191718635,1.9371931159810416,0.0748801080708186,-0.2596109389565165,-0.2325148120849878,0.0406897533929791,-0.5743000029121683,1.325056949202254,-0.5430781049261748,-0.3286517902164104,-0.0011401873574927,0.6226261650317503,-1.3497835628155632,1.618028559517075,1.0239750279871769
2015-10-16,ETFC,26.3,26.73,25.95,26.6,2960867,0.701123075417659,0.7010426118867188,0.3590010489506891,0.4029609343648758,-0.2074750266598324,0.0959730315755154,-0.5381516508549402,1.171638497149858,0.1368490955635625,-0.122424892140279,-0.0011376606361674,1.0687284492772835,1.9714485444112888,0.8354908844359376,0.8525058052306358
2015-10-19,ETFC,26.36,26.65,26.15,26.51,2485155,-0.243643538347639,-0.2346267047814278,0.2741892045985877,0.2548001006806801,-0.1906710258594304,0.119000886273293,-0.5530260102782582,1.1075380665281631,-0.2281651708630382,-0.4146873914182414,-0.0013276636067152,1.0080079967403228,0.7008550235659896,0.4036063540797983,-0.0194480185676297
2015-10-20,ETFC,26.59,26.89,26.5,26.85,2322872,0.7654850112491877,0.76427328806805,0.5776807546845546,0.0667904451790021,-0.1637809941349763,0.1633844400028832,-0.4784845945876753,1.0675791363933844,0.2487638256058572,-0.4890074562268141,-0.0011607941264769,1.3860551361682294,-0.2441580542963237,0.7124372716998341,-0.3807862791775997
2015-10-21,ETFC,26.94,26.98,26.25,26.29,2333643,-1.3314877003777357,-1.3298064011280308,0.0127161062053594,-0.1523330128706362,-0.1643116605103906,0.1283108781142621,-0.4768153994341708,1.1397415578499186,-0.1338820975931445,-0.4917410706387817,-0.0013226439681235,0.4989753526721759,0.7652337496885444,-1.849206690212641,0.7228193941911135
2015-10-22,ETFC,26.48,27.185,26.332,27.07,2908687,1.814142384064745,1.7855046165977169,0.7285190053504285,0.3871953229825068,-0.1341841737075992,0.1791655871157549,-0.3960936850150564,1.206901312416604,0.567420213927903,-0.0865320945820592,-0.0011401216739539,1.2978006205777508,-1.332286005492106,1.6570502635214344,1.0348213853072437
2015-10-23,ETFC,27.79,28.38,26.832,28.31,4695492,2.8188682531521105,2.748402250915756,1.870544995361629,0.5213588432868118,-0.0624828181873712,0.3268597767174769,0.0501481714621622,1.390713735155771,0.8534241123855982,1.089163720679255,-0.0010830057967612,1.3821234760516392,1.8141646888946832,1.3873908360991412,2.965781360923316
2015-10-26,ETFC,28.3,28.37,27.675,28.09,2757971,-0.5168098279223184,-0.5078189229030268,1.5018007409347052,0.8652283759572165,-0.0158308673879364,0.3805383918633972,0.1890548379607948,1.0404393708689097,1.4714652600900606,-0.2010390730716309,-0.0013314086674522,1.191178322464865,2.819152663829635,-0.5869481721867096,0.4706873902018842
2015-10-27,ETFC,27.71,27.81,27.46,27.61,1892011,-1.096857132383049,-1.0919496971205402,0.9188669083129842,0.3556056003842563,0.0005479806006598,0.3455588384848524,0.2060378986210336,1.110457259794365,1.0228581130500416,-0.758552996345809,-0.0013055672865143,0.7745707146391733,-0.5173956055793596,-0.2989682475722846,-0.5348479580173731
2015-10-28,ETFC,27.75,29.1,27.54,28.8,4758788,2.650345667318029,2.587937111091053,1.9630940197212647,0.7084324180336751,0.0579968447231807,0.4232887103062125,0.5473969663870834,1.2308556101179031,1.2102586108758495,1.105302116367406,-0.0010809431971169,1.2237019475263478,-1.0975942287182028,2.832399644406433,2.922972636358176
2015-10-29,ETFC,28.81,28.99,28.46,28.59,2273552,-0.4869608998121697,-0.4779084334071719,1.631669429872146,0.8039973146298388,0.0924983973798245,0.4264066230792706,0.7416090235063996,1.23948480369054,1.166135711624417,-0.5178559764633816,-0.0013157370541061,1.0702781842597702,2.6505861150037,-0.603247919660683,-0.0463551908287711
2015-10-30,ETFC,28.59,28.62,28.25,28.51,2537664,-0.2072053120228867,-0.198275969525339,1.4103119189888784,0.7163298531223354,0.1136860344491493,0.3946311637698925,0.8168106704051774,1.1723229939625432,1.4066930180781845,-0.2507748119783544,-0.0013264233828094,0.9253940273667464,-0.4875388906899086,-0.237724134374621,-0.5097343544951343
2015-11-02,ETFC,28.59,28.97,28.49,28.85,3066950,0.7094709071242622,0.70924736302412,1.6238899426370743,0.9675048168404672,0.1405420825061359,0.3838011886251174,0.9926457942130388,1.0624285609532975,1.0837938668769778,0.1587291071689975,-0.0011383868997395,1.2236055637072338,-0.2077103222223026,0.6607580955854983,-0.2047168829456707
2015-11-03,ETFC,28.81,28.95,28.625,28.82,3437616,-0.0977357700866181,-0.0891974618608162,1.437030485224837,1.286415213148017,0.157137502151098,0.3487265276095165,1.0300494325774343,0.8509812062974719,1.5835019637358767,0.4380940955252758,-0.0013554027439459,1.1972927810889544,0.7092050329964599,-9.239772704381138e-05,-0.6514981094137485
2015-11-04,ETFC,28.94,29.055,28.72,28.87,2335243,0.0750158193677572,0.0825470954535123,1.3614393693069788,1.0950855218565525,0.1686174169848033,0.3074995774743079,1.1168795303306682,0.772936123563747,1.182308047623261,-0.3419183029213997,-0.0011629133061632,1.2411474187860854,-0.0982122226386628,-0.2090610208350025,-0.6242581613220991
2015-11-05,ETFC,28.99,29.09,28.7,28.98,2189734,0.2042185092463067,0.2106859474855291,1.343381608663978,1.0369620255919123,0.1782930604365162,0.2698738538887303,1.19572588766134,0.7729283098741567,1.1827559374292071,-0.4332769881055701,-0.0011699765739045,1.3376276217197722,0.0745844330404102,-0.0523778772293662,-0.4697595409491762
2015-11-06,ETFC,30.0,30.9,29.78,30.42,5765115,3.060571037623008,2.9778251363092387,2.495731284205094,1.4404936373517931,0.238191324502937,0.3690454359194353,1.4623512795417395,1.0158123791840996,2.2306709066280024,1.965270306295745,-0.0010561101539325,1.157439192627164,0.2038208284117543,1.0314084413919875,1.4771100992475454
2015-11-09,ETFC,30.61,30.85,30.136,30.24,3736747,-0.4013867974811671,-0.3922378452470804,2.122596560382433,1.256497256853606,0.2737256383536812,0.3856703131048767,1.612652955902544,1.044224852613949,2.026294985181772,0.4701848386540533,-0.0013560359157278,1.0503993577900157,3.060918502030049,-0.9395527648165052,0.3764463867242225
2015-11-10,ETFC,30.12,30.34,29.554,30.04,2302472,-0.4447555503174313,-0.4356406823072901,1.731472823956592,1.4978839812333975,0.2889882951089897,0.3467913184583557,1.6133765100321995,1.0215849069259306,2.101544151890844,-0.505873958621462,-0.0013155103981174,0.9314662079709644,-0.4019424643864543,-0.2269853029408438,0.5892991134367547
2015-11-11,ETFC,30.39,30.45,29.88,29.9,1949707,-0.3231466838573247,-0.3140131142323327,1.3815054738518946,1.2218948228136937,0.2905290940269341,0.2803682968842674,1.4103075321488798,0.9102796161564004,2.386956280214426,-0.7196447278514859,-0.0013060170721641,0.8180325985382818,-0.445322530959202,-1.2444927512043993,-0.00255166715107
2015-11-12,ETFC,29.74,29.83,28.94,29.01,3634994,-1.8861617077250985,-1.8957673134855824,0.4267622683755102,0.1819594612485327,0.2521212406860855,0.1244027364115415,1.2294934209518995,1.0211230998913,1.3520139095448722,0.3905831930455759,-0.0013634947502058,0.1736458015330265,-0.3236819400297667,-1.8808156486065444,0.9654966675575576
2015-11-13,ETFC,28.91,29.37,28.46,28.86,2597678,-0.3549093703452878,-0.3457576402984388,0.1826664169325069,0.2242573061579036,0.211643560696214,-0.0056974101299545,1.062783505097999,1.0288283370372324,1.080327633424326,-0.2937017588629087,-0.0013329537801284,0.0152302603228472,-1.8871047123095464,-0.1569837683580064,1.03654102882835
2015-11-16,ETFC,28.69,29.19,28.4,29.18,1771612,0.6573217670503515,0.6579742233561323,0.3520169369058423,0.6789002361304697,0.1882918584054762,-0.065695555582698,0.852040351754821,1.0250460609894911,1.311704008943072,-0.8359989984807092,-0.0011790932746743,0.2132890222141575,-0.3554529125449137,1.2640415784110073,0.6649913418590829
2015-11-17,ETFC,29.32,29.61,29.01,29.27,2090053,0.159026690836988,0.1658963824911742,0.3217685162714122,0.1383874685691797,0.1696754205161972,-0.1015055828912929,0.6705891348716736,1.0151951888944484,1.1562269547334578,-0.6132027753537189,-0.0011693403705943,0.2776280197130443,0.6570422886201414,-0.1551565664761375,0.1170640580701573
2015-11-18,ETFC,29.42,29.75,29.19,29.7,2231741,0.8816249383076697,0.8782087444978424,0.5543745774972708,0.5459556274839724,0.1682095260750104,-0.086008401142786,0.2986643071286509,0.9165846179061808,1.7374729878124606,-0.5135492077399524,-0.001166384348799,0.5696261591694639,0.1586172206773744,0.6927351094081977,-0.019913759568675
2015-11-19,ETFC,30.29,30.61,29.96,30.11,3628217,0.8264583466593083,0.8241154196898861,0.7834796105843814,0.7972543369506473,0.1794192297825645,-0.0409838843146669,0.102587740882569,0.8321960097145198,1.4818437202448305,0.4142326584707141,-0.0011219466861947,0.7973272736826678,0.8814039745177488,-0.475287212092121,0.2077979362374498
2015-11-20,ETFC,30.21,30.515,30.1,30.25,2562573,0.2564800529230953,0.262441942690416,0.8191212197151575,0.711657691619879,0.189927285777847,-0.0067702999849631,0.132055794635607,0.5230978123395513,0.8389485559593487,-0.2434549983261803,-0.0011609723712521,0.8147630547110206,0.8262229913953472,0.073718914435662,-0.4479699626125781
2015-11-23,ETFC,30.27,30.49,29.93,29.96,1377035,-0.6298499562612137,-0.6212233436644085,0.4725886984464801,0.5049975628819877,0.1830358005360732,-0.024185552138975,0.0650469309162871,0.5315599612172525,0.8102321139858352,-1.0527539140441575,-0.0012853744686479,0.5345268204498808,0.2560960057140154,-0.800054687615272,-0.0335508301879656
2015-11-24,ETFC,29.72,30.11,29.531,30.06,1886098,0.1748078204281894,0.1815407257845188,0.4500500768788969,0.5280284417382566,0.1777645135238167,-0.0339473915104964,-0.1452720308156344,0.4455027838203913,1.135748197695101,-0.6860822861159034,-0.0011833580515755,0.6118333678322626,-0.6304652230351981,0.8380040061628928,0.0139441470512305
2015-11-25,ETFC,30.15,30.29,29.9,30.25,1347904,0.3605178333531565,0.3653447134138634,0.5532083087155745,0.563913980141267,0.1773243262329035,-0.0293216954904984,-0.1319607690945416,0.1102280962768798,0.5719500225646852,-1.0108333249942234,-0.0012011817364796,0.6275134694239738,0.1744024671391318,0.2242698012531012,-0.5168467056530117
2015-11-27,ETFC,30.27,30.36,30.09,30.29,612940,0.0493286346323732,0.0570397826243738,0.5113448001003571,-0.2962834845191183,0.17483813496523,-0.0308875176895101,-0.1634947686115249,0.0869716524368566,0.7058051132874356,-1.5590239935774093,-0.0012241033627715,0.6776897945174443,0.3601609267915503,0.0236020386138323,-0.8484374014974765
2015-11-30,ETFC,30.39,30.61,30.18,30.43,2258522,0.2547598252150816,0.2607390438851746,0.5482177686558849,-0.0304027114786235,0.1746679951231364,-0.0261786989492108,-0.2200614507307031,0.0790241120877263,0.8215856625359412,-0.2465524962271395,-0.001174609203549,0.817932623153699,0.0488905472121865,0.0731264042759961,-0.4136515538718892
2015-12-01,ETFC,30.57,30.98,30.32,30.72,2492802,0.5603273507895046,0.5624960428650039,0.7193655708673073,0.364477769540872,0.1821504343972283,-0.0027140370481152,-0.2031176461222977,0.0705962282778527,0.7844761733130098,-0.037387663689204,-0.0011693453100562,1.107883713535889,0.2543753292450458,0.3443987835932403,0.1992023721900357
2015-12-02,ETFC,30.95,30.98,30.43,30.5,2665227,-0.4788543845128691,-0.4697876932955016,0.449732721834654,0.2888047347507808,0.1757005761424593,-0.0198038015273851,-0.2512662752659926,0.0914071443993634,0.6886439104818549,0.1349471881122082,-0.0013191267149998,0.8244263731338175,0.5600225691353332,-1.1248077728969712,-0.0884559464801919
2015-12-03,ETFC,30.76,30.76,29.75,29.9,3166773,-1.2577443217122644,-1.2549505528845484,-0.1230484331300548,0.5800127696578111,0.143623892168862,-0.0994386213551202,-0.3481753627967492,0.2027158507052213,0.3564976261059949,0.5021959332238818,-0.0013360780772788,0.0513608993099802,-0.4794302606196751,-2.138622637915861,1.2238690015689644
2015-12-04,ETFC,30.0,30.78,29.9,30.73,2411644,1.6952371049021453,1.6705521996275168,0.5267269488357648,1.1581442776110609,0.1474719577159321,-0.0706767903818515,-0.3832545296934333,0.3400811311417914,0.7193919825540658,-0.1135315841434645,-0.0011691283106859,1.1207681380996215,-1.25852338917051,1.8121102213835083,0.7952675767026267
2015-12-07,ETFC,30.61,30.685,29.9,30.12,2946842,-1.2688373341071095,-1.2662051297839008,0.0061017648372822,0.4433430219236551,0.1233960699854098,-0.119543100639647,-0.3999923065536482,-0.0975336505977616,-0.3123147161659337,0.4544033971442033,-0.0013302962777424,0.3348182397120561,1.6952283905556729,-1.235737482858198,0.5807403252587772
2015-12-08,ETFC,29.79,30.1411,29.67,29.97,3471733,-0.3430460305944281,-0.3338991791715371,-0.1134070588073003,0.2755326230288726,0.095614091493099,-0.1681755626678006,-0.4069627409868343,-0.1000016129578023,-0.2986068561266249,0.915915079560636,-0.0013492600813209,0.1415518712560946,-1.2696192954327328,0.4301897038914445,-0.2812845673513184
2015-12-09,ETFC,29.91,30.55,29.38,29.62,3618997,-0.7600668847101042,-0.7521178889944968,-0.4017883999135928,-0.2430538340683416,0.0574636577205549,-0.2337697576926758,-0.3957803730763004,-0.0773219729687948,-0.3728148590904672,0.9581009496304558,-0.0013582143685816,-0.309402988474473,-0.343586477969071,-0.7588480686257859,1.7006681732182385
2015-12-10,ETFC,29.61,30.15,29.42,29.85,2241479,0.4504390894490834,0.4541473865353584,-0.1979963334438974,-0.3722607342685438,0.0341906904173948,-0.2479507711302424,-0.395028730018425,-0.0654967789454403,-0.192036397067954,-0.1957606642150315,-0.0011680619837213,-0.0130612235086691,-0.7607161215643378,0.5860586074876168,0.446827765482935
2015-12-11,ETFC,29.36,29.78,28.75,28.87,2935864,-2.076978513691793,-2.0916691465964057,-1.0511713773862328,-0.9989602408479944,-0.0242385544829722,-0.3497872352137142,-0.3669191768459566,-0.0172601987734607,-0.2383530935449171,0.4119070894682728,-0.0013379194910842,-1.2757348307542673,0.4501056409149554,-1.2872284966526293,1.382042394959714
2015-12-14,ETFC,29.16,29.52,28.6,29.01,2784895,0.2689133871457758,0.2747486359658532,-0.9347870724941156,-0.7637527579051616,-0.0659700418783369,-0.3882766661080865,-0.3972228859026903,-0.0185733604740394,-0.0911435322578779,0.2766139313196087,-0.0011491856092551,-1.0953528868620384,-2.077971297228093,-0.4149574210216207,1.051681630410642
2015-12-15,ETFC,29.38,30.35,29.38,30.24,3585065,2.606693240755646,2.5463039040705118,0.0966013755259504,-0.1005990231699355,-0.0517348928244956,-0.2750110520474413,-0.4555318398356011,0.3450730187082761,0.3660303323104635,0.8357709651410141,-0.0011262389257951,0.4093097027359729,0.2685325834578442,2.1852060916914957,1.0819774688738903
2015-12-16,ETFC,30.71,30.8,29.77,30.52,4567646,0.5434672671203242,0.5458844883080864,0.2860813087592654,-0.0583623255611398,-0.0307752399883497,-0.1670898038230186,-0.4925486266567375,0.3555890343792138,0.4597245158807613,1.4529101014377417,-0.0011002939987776,0.8003898836115624,2.606922300702019,-0.4937486309747344,1.2212935620019203
2015-12-17,ETFC,30.67,30.749,29.95,29.95,3229879,-1.1957444498075882,-1.1920853236161195,-0.2225399728103203,-0.3403174190761118,-0.0378570210325998,-0.1529309733291244,-0.5060637298515459,0.4019432179163499,-0.0438527955180859,0.3827864898484019,-0.0013384978716269,0.0042623725434011,0.543158087125614,-1.7999482859553024,0.6320265671587172
2015-12-18,ETFC,29.69,29.8,28.75,28.82,11714311,-2.3819637349847027,-2.40607460911388,-1.1548132801933104,-0.8123445292409218,-0.0886158770480074,-0.2540279480257276,-0.3511863400288217,0.6260385438552419,-0.7966914591336339,5.607926862552355,-0.0016025417496812,-1.5740255002759336,-1.196507343173501,-2.240195065156013,1.4450363400041528
2015-12-21,ETFC,29.07,29.21,28.47,28.64,4459771,-0.421838747761766,-0.4127020782773014,-1.2448696915407054,-1.006128661732119,-0.1360544384573765,-0.3263591466246609,-0.196309982813016,0.6200201488017465,-0.9491412381270244,0.7823701973648763,-0.001400109224989,-1.6561590157813892,-2.3830360809294047,-1.1438696165237443,0.5620362886147618
2015-12-22,ETFC,28.91,29.34,28.64,29.22,2333461,1.227816168860848,1.2165902458343905,-0.7044157287767953,-0.6688135858251987,-0.1507815977525556,-0.3000255195760846,-0.155423434252545,0.6978788849256357,-0.5302288403527904,-0.5871344793691501,-0.0011554014230392,-0.8880214493604172,-0.4223997500285962,0.7838201976665241,0.4052059234243928
2015-12-23,ETFC,29.47,29.715,29.16,29.67,2162316,0.9258033024089614,0.9214935672962632,-0.2922153082555454,-0.276886750859163,-0.1447702621018981,-0.2255780889518512,-0.1538541617240766,0.7414740978686181,-0.3580210053400415,-0.6997403834490569,-0.0011642724035896,-0.2920526478268987,1.2276855170144163,0.4864203691350268,-0.0323695058197406
2015-12-24,ETFC,29.59,29.92,29.2638,29.71,766890,0.0509379475092334,0.0586381350327145,-0.2334403658269254,-0.6232885384384541,-0.1385312477790586,-0.1654341034696691,-0.1641771793453884,0.7336819200525277,-0.4296500650815935,-1.5630898331295904,-0.0012156550473728,-0.239077643246143,0.92559386356124,0.2800779817326443,0.2494122768506488
2015-12-28,ETFC,29.53,29.59,29.165,29.57,1220732,-0.3263694947447693,-0.3172333406546582,-0.3251625823336772,-0.4402354486711133,-0.1391882366029279,-0.1350691084715107,-0.175860576686182,0.7354533804193827,-0.5165794803568169,-1.2855121415526514,-0.001285357112141,-0.4244901592787928,0.0505002799153184,0.0760224740833889,-0.3934928146169784
2015-12-29,ETFC,29.83,30.06,29.64,29.9,1745094,0.6618011288972624,0.6623800082301775,-0.0111224313309762,-0.2200996757986745,-0.1269542371907091,-0.0775959306666958,-0.2090031270267864,0.7556351378357936,-0.4232729156911969,-0.9509771115104608,-0.0011807895118167,0.0125536285124487,-0.3269055916615429,0.1509756033939083,-0.4206496223965411
2015-12-30,ETFC,29.81,30.08,29.69,29.9,2007129,-0.0329960430517004,-0.0247793014886723,0.0252153078163426,-0.0576227419139965,-0.1175992334569929,-0.0390278737385069,-0.2894045006163894,0.7364847145729259,-0.559500732428991,-0.7772831033629738,-0.0012427088046935,0.0125536285124487,0.6615228190115974,0.2017834378888542,-0.5042692134456374
2015-12-31,ETFC,29.77,30.15,29.63,29.64,2110053,-0.5743702821697703,-0.5655389212317161,-0.1663815468904018,-0.2870492663939682,-0.1207223175059314,-0.0402918113430288,-0.3464615861189993,0.740135498163671,-0.5815894935087011,-0.7006668330916497,-0.0013159436061505,-0.2120785797527319,-0.0334556067571959,-0.3562370100706213,-0.1292035623657802
2016-01-04,ETFC,28.88,29.0,28.18,28.78,3791096,-1.839403338894393,-1.8478572959806137,-0.8784706972437224,-0.2318308336358363,-0.1569303704367694,-0.1264631017836454,-0.274694552725677,0.8146389419076032,-0.71760857046676,0.3462154480957302,-0.0013778547746773,-1.1200398377436915,-0.5749710757949598,-0.2879224551498482,0.7832245547828093
2016-01-05,ETFC,28.72,29.05,28.32,28.58,2346025,-0.4656439756339082,-0.4565563852398717,-0.963445790955862,-0.3917042128335288,-0.1929683599201321,-0.1949623937499143,-0.299631833928733,0.6549156849265602,-1.1950097015655252,-0.5634459970171856,-0.0013306215293708,-1.3737941535790004,-1.8403341454830775,-0.39460519718001,0.5373964362827989
2016-01-06,ETFC,28.14,28.39,27.755,27.98,3970368,-1.3400227225179997,-1.3384760261576945,-1.406284155948132,-1.3738460724895258,-0.2440252727929093,-0.2884202775822945,-0.1316772903957558,0.6619899238993918,-1.2109436153585755,0.4223956058240415,-0.0013963577628797,-1.6356736076060725,-0.4662164055017721,-0.4558931544677893,0.3000787303328982
2016-01-07,ETFC,27.32,27.84,26.76,26.89,4881179,-2.458344894854791,-2.48506561641242,-2.252385839365572,-1.8523604866491743,-0.3253317985924674,-0.4410485675862848,0.2906829977546291,0.8715527634870827,-1.6768053620081196,0.9239452519206686,-0.001442676009901,-1.7743365476586372,-1.3408232541891665,-1.2154551899103114,1.7559474976816354
2016-01-08,ETFC,27.26,27.415,26.68,26.71,4959622,-0.4497475026926081,-0.4406385110805352,-2.294131185175392,-1.76951521427961,-0.3940061021797938,-0.5306360770740377,0.6561547972626344,0.8646470192994281,-1.610348627578191,0.9120230543460032,-0.0014616660769087,-1.8570975798798803,-2.459437166581503,-1.5506555764693657,0.7020318282255233
2016-01-11,ETFC,26.98,27.0,26.43,26.66,6850951,-0.1495404786536854,-0.1407931688436348,-2.2068790328984806,-1.4721047979007793,-0.4469428250967274,-0.5617978229350453,0.9278581897757524,0.8380274250350909,-1.736994301924131,1.779466204046496,-0.001571070665692,-1.7063458622263186,-0.4503157855999506,-0.9224088878208848,0.1905324298100016
2016-01-12,ETFC,26.92,27.04,26.52,26.975,6031010,0.7026109266426781,0.7025050411909177,-1.8412079970149653,-1.1518510822855248,-0.4727451635148634,-0.5168837810319354,1.1140153900394092,0.7421246987560387,-1.131488426583504,1.183874935118802,-0.0009148558171238,-1.4667309459118127,-0.1500304456552588,0.128042594161221,0.015246880341305
2016-01-13,ETFC,27.21,27.29,25.4,25.49,4401993,-3.460361592092999,-3.530762017662568,-3.0491317770366373,-2.020675425978037,-0.5470271649805589,-0.6057383656351188,1.5859504827985993,1.1433385564128915,-1.9495057089186096,0.2625460984881012,-0.0014567241693686,-1.8258997596255664,0.7023432629312153,-4.802100103813387,4.588127796096884
2016-01-14,ETFC,25.82,26.17,24.93,25.99,3098354,1.188228701918449,1.1779893450788756,-2.4143881490878822,-1.9811870545647905,-0.581214630294349,-0.573619387474675,1.7631097927858053,0.8668727617685906,-2.231558809929372,-0.4102891364815057,-0.0010794867190079,-1.2810246881986644,-3.4617152629175205,0.4711196798688639,2.3849233233037186
2016-01-15,ETFC,24.96,25.62,24.46,25.06,6327346,-2.2607749916349205,-2.280951423422217,-3.047908310419117,-2.1631700956705795,-0.6392365973617189,-0.6092738021582563,2.0164875792508665,0.9388565226515002,-2.7948871846453405,1.2176553337893474,-0.001557520110738,-1.564160326597121,1.1880877227709137,0.2763748961024076,2.266433346793181
2016-01-19,ETFC,25.48,25.69,24.535,24.81,5624964,-0.6540858026145322,-0.6455643582915721,-3.0682577325360545,-2.178339641673605,-0.6888142497205975,-0.6160618132110937,2.2976138673719677,0.9246485403993736,-2.687973261040752,0.7696091310065923,-0.0015583817313624,-1.6768276467426015,-2.261815722709068,-2.012960823127559,2.2885105340392387
2016-01-20,ETFC,24.22,24.76,23.435,24.33,8141641,-1.237504628272085,-1.234421347729531,-3.333992631756468,-2.468365874544121,-0.7401596391656328,-0.6260423468822175,2.694023851854112,0.8014030803313468,-2.455561867733299,2.2169612830987044,-0.001758258459034,-1.4382435929918225,-0.6547073918663645,0.3168170729130187,2.947378868209284
2016-01-21,ETFC,24.41,24.98,24.02,24.3,5952480,-0.1097630436664609,-0.1011723807571972,-3.1809319317982934,-2.4711336513696684,-0.7747966651798398,-0.5910197339762122,3.025925492843426,0.8089639832913267,-2.393022512198822,1.012120219950927,-0.0017056293840054,-1.4530947391010207,-1.2382784157408655,-0.3667793270795733,1.701154486281276
2016-01-22,ETFC,23.63,24.86,23.35,24.06,12791739,-0.6478902405685295,-0.6393410009258484,-3.192576259718724,-2.4692910260211773,-0.8041188671148302,-0.5493213779641558,3.2870468993722897,0.6602596627272127,-2.7609949344711477,3.7535585016417823,-0.0024366678407253,-1.5342191247225252,-0.1102426338093976,1.3485149184218352,3.6391290210035767
2016-01-25,ETFC,23.81,24.18,23.27,23.43,6270589,-1.663194032415971,-1.6676403548347674,-3.537983275368268,-2.4473418734996386,-0.8441166589308985,-0.543441477732233,3.530862353153908,0.5810711060969252,-3.256255817068601,0.6727217491735173,-0.0022699071240456,-1.8039962378672243,-0.6485102135655293,-1.232098926368186,1.645559660825925
2016-01-26,ETFC,23.6,23.98,23.35,23.68,3934235,0.6313022657252809,0.6323759110042805,-3.033276021200341,-2.2426759431537677,-0.857784424295535,-0.4709645227219844,3.6183092055040658,0.641225529146977,-3.148287908837509,-0.3955597989451184,-0.0002195316386365,-1.68320475758225,-1.664078870754959,0.2297911954520753,0.6259371341545665
2016-01-27,ETFC,23.57,24.295,23.29,23.47,4465827,-0.585115463436057,-0.5763198480449561,-2.97233254480174,-2.190241844196632,-0.8685647748665066,-0.4055508027406267,3.6653731096384408,0.6344678904108363,-3.197167584203126,-0.2337040988695144,-0.0020912877298982,-1.7846696010216287,0.6310159995098068,-0.3468587025748821,1.977383532584856
2016-01-28,ETFC,23.72,23.83,23.19,23.26,5738549,-0.590055603115664,-0.5812770518643521,-2.885603019407163,-2.045842667830701,-0.876960052871834,-0.3470806910296788,3.574182832789893,0.5368183320065649,-3.428971558468077,0.1926822057859563,-0.0028133772819028,-1.8478699249592376,-0.5857190601888755,-1.4914860775753405,0.7018037817860907
2016-01-29,ETFC,23.33,23.715,22.79,23.56,8917078,0.7699881035335701,0.7686948155792869,-2.289223956677855,-1.7674245741644754,-0.8635483736120371,-0.2441738690588696,3.294614234607946,0.6263747413849841,-3.2816148743375724,1.2145314728088508,0.0043802340274232,-1.5335283580986951,-0.5906604886175212,0.7185145930334501,1.680759916498918
2016-02-01,ETFC,23.42,23.75,23.09,23.67,5900897,0.2576824002778365,0.26363215025996,-1.892375914680526,-1.6721162567271513,-0.8405966664008867,-0.1372925437633491,2.9043302872785803,0.6720382992479219,-3.125597753508168,0.0408020320328487,-1.30655666241381e-05,-1.4140057001139206,0.7697380167081022,0.7801713351452965,0.732502338323572
2016-02-02,ETFC,23.23,23.565,22.51,22.63,5608155,-2.7684569217387147,-2.8068129676207474,-2.680743799571328,-2.109793424647138,-0.8551753395310102,-0.1483900364543139,2.746122858742848,0.8046089443681821,-3.305846634834272,-0.0936191322801455,-0.0020525390156244,-1.8203086285992884,0.2572986667287132,-1.977718664340699,2.293987915919718
2016-02-03,ETFC,22.87,23.03,21.77,22.58,6311071,-0.1705524670432597,-0.1617326483954624,-2.4469319388570963,-1.8283889190897489,-0.8604739561085276,-0.1333813247932808,2.490926780051107,0.8161235067252297,-3.250727373437252,0.0784436669168941,-0.0025295398484784,-1.4745675820277928,-2.769630093318963,-0.9843409363612226,3.0592289124578427
2016-02-04,ETFC,22.52,23.24,22.4175,23.16,6896075,1.5661918112076196,1.5455548929575205,-1.591583905612418,-1.7592995566172038,-0.833929996032299,-0.0394121113154176,2.1509924527184943,1.012626297992513,-2.6974686823219147,0.2200803923277608,0.0013790489093514,-1.120081642408575,-0.1710479155051953,2.1208034537058325,1.368428114678651
2016-02-05,ETFC,23.12,23.73,22.42,22.67,4772701,-1.3501997725121195,-1.3488151618587936,-1.905377526955291,-1.634970145021963,-0.8243712761696185,-0.0079564564484248,2.045205632789769,0.8883590946573009,-2.472320347533502,-0.4757417773043355,-0.002175762371985,-1.3513181291471716,1.5661494324287668,-1.4968314004312182,3.2245792962729056
2016-02-08,ETFC,22.12,22.32,20.855,21.17,8115276,-4.152407434664741,-4.2634263060280455,-3.260704886660762,-1.9414305094988695,-0.8675252166068063,-0.1184734127385257,2.2145202452403643,1.3760922187898963,-3.2136575686423425,0.5560377206295947,-0.0036327699126642,-1.7185806120880864,-1.351002959100808,-3.271081284238255,4.176005273942686
2016-02-09,ETFC,20.67,21.28,20.45,20.83,6953186,-1.0328889457213677,-1.0272601614759658,-3.352824643054453,-1.9134780444152104,-0.9063541924435948,-0.1957545933417805,2.344830679680119,1.365367074240932,-3.379126750610281,0.1818812307283869,-0.0159958139878053,-1.6966260331694696,-4.153941641561556,0.5585061693038423,1.7295072616061065
2016-02-10,ETFC,21.12,21.77,20.65,20.69,4774610,-0.451437005596143,-0.4423300941999739,-3.201074653988144,-1.935548885952062,-0.9335707411399408,-0.2276893502683494,2.257445959717259,1.28505995243701,-3.589347708666341,-0.5002395652078464,0.0011045846735758,-1.764664836567414,-1.0336093544840208,-1.5645394494815907,2.920119417000308
2016-02-11,ETFC,19.98,20.49,19.61,20.23,4957979,-1.417176673759581,-1.4169018803684246,-3.459095077407722,-1.9773820499426715,-0.963829356942078,-0.2610673841718974,2.5242572403643813,1.0185728080027985,-3.1981262422382084,-0.4480425001858246,7.783610643375548e-05,-1.5671270911620547,-0.4520057292491696,0.9190261063084412,2.0339828745156563
2016-02-12,ETFC,20.79,21.23,20.305,21.15,5874943,2.798313620749189,2.7288526356642167,-2.164724117406973,-1.2068416007468898,-0.942434687165318,-0.1548151434060921,2.329230768743638,1.3558260597627876,-2.902486556052535,-0.1937556450686559,-0.0023029821681721,-1.0393225932000296,-1.417997332813158,1.28193946924012,2.053607291947355
2016-02-16,ETFC,21.6,22.126,21.48,21.86,5531702,2.05699008574218,2.019618174185501,-1.17661056145317,-0.9485470974529542,-0.8889852308946514,0.0126951178310514,2.159092352878595,1.4943842180115332,-2.042854382222428,-0.2909986309087879,-0.0028582328931591,-0.6511369202421063,2.798592669278178,0.8831030853362388,0.8715395505368592
2016-02-17,ETFC,22.13,22.58,22.12,22.28,5462911,1.1631785109008643,1.1535509964501416,-0.5492778665658776,-0.6712782851323322,-0.8223138049320295,0.1807364491967381,1.950637413307874,1.5766502429955345,-1.6651379848358598,-0.3105985267449111,-0.0050605494550004,-0.2284974398173055,2.0570757429796163,0.4857832129985734,0.1293581126247472
2016-02-18,ETFC,22.42,22.61,21.92,22.0,4317871,-0.8154130313641759,-0.8078359539740833,-0.741925520222534,-0.6947780843565569,-0.7732780675477333,0.2697755554802707,1.8141684580024424,1.5564337876952656,-1.5739570310007158,-0.6315626011099955,-0.0092756015510773,-0.4018253412109559,1.163030996834949,-1.4416488330757191,1.0225485013007565
2016-02-19,ETFC,21.88,22.625,21.67,22.49,4959193,1.3536602466893604,1.3391385423931128,-0.0655997396211352,-0.6076708912778649,-0.708659784268575,0.3811160453929395,1.626595310531614,1.6479708445160008,-1.2614133541653936,-0.4085931582517554,-0.0061127523379457,-0.0577517704240118,-0.816076706533502,2.0800174961237707,1.9476054235198712
2016-02-22,ETFC,22.89,23.11,22.51,22.8,4500477,0.8251627663995847,0.8228444768267849,0.3719654348351053,-0.5206052145300493,-0.6395726283229866,0.481691238636542,1.468283864913251,1.6782107449484729,-0.9365979968080071,-0.4521783638860888,0.0046126590499725,0.3821207162320475,1.3535624241645356,-0.3233746838577557,0.6018566049932428
2016-02-23,ETFC,22.72,22.83,22.25,22.67,3805512,-0.3879760814207854,-0.3788227458486602,0.2647314649117557,-0.1717102971952276,-0.5848906755334005,0.5250726482879041,1.4022566998413228,1.6020917779935342,-0.6438652396803791,-0.668340197365266,-0.0028348175465561,0.2898808870180621,0.8249270731537197,-0.1925836836901294,0.5409080511199066
2016-02-24,ETFC,22.16,22.66,21.725,22.57,4502009,-0.3076234691592425,-0.2985046937729706,0.2132859981138798,-0.1932800918990535,-0.5409507927306578,0.5321278727834603,1.2827457596947616,1.5826772942026262,-0.8559089583850806,-0.424745472557585,-0.005660691650818,0.2189271722380718,-0.388528249832396,1.3715278496775656,1.8612105840326376
2016-02-25,ETFC,22.59,23.25,22.13,23.23,3959050,1.7875757225248,1.7598396399778704,1.005243317952492,-0.1593152273589189,-0.4763583797222523,0.59093130960392,1.2469966827659589,1.6961366804559048,-0.3176589643869953,-0.613608885532866,-0.0078065606070954,0.9702463061110164,-0.3081546757441593,2.1141501380653174,2.426832029235619
2016-02-26,ETFC,23.53,24.56,23.5,24.24,6295534,2.6738751525386624,2.610366592550833,2.1325775657829285,0.4302673231441026,-0.3827038086490621,0.7127795536251744,1.4409591155944366,1.908835365555559,0.4513028666230547,0.2194177224131847,0.0064032707185802,1.2279821679541791,1.7875910968301494,2.2534015734094712,2.053119610493103
2016-02-29,ETFC,24.09,24.23,23.45,23.46,4030708,-2.0363487348376337,-2.0499046661317366,1.221745781758616,0.8106051804929044,-0.336990797687327,0.6868573984108044,1.4254184835683028,2.027922164050801,-0.2298137473289155,-0.5290726126647094,-0.0025463831553561,0.7041717438723331,2.6741217384316367,-2.002141567504496,1.1795998063076794
2016-03-01,ETFC,23.74,24.94,23.56,24.88,4582634,3.735393268456453,3.6138988179697225,2.81245730076575,1.3350132656568678,-0.243764090823275,0.7884191095618779,1.7194377843387103,2.419047074158055,0.5832930087658746,-0.3002213176345713,0.0015525212213223,1.405458322127866,-2.0373309191617985,3.6016967213836466,3.0312800228889416
2016-03-02,ETFC,24.82,25.15,24.6,24.99,2834446,0.2422605536060004,0.2483642783674478,2.787743901413517,1.4353110011892516,-0.1653423110764703,0.8315608509440661,2.078054969712447,2.161501091760913,1.3641296284260362,-0.9366011388612115,-0.0003813524828799,1.346873509234258,3.7359167757605913,0.4911614296965617,0.2429086956897082
2016-03-03,ETFC,24.88,25.36,24.69,25.24,4125699,0.5898334637367946,0.5915564954191818,2.9063437892536617,1.7558714399476807,-0.0939665300354889,0.8479379646751843,2.428748477179867,2.1563961545318464,1.5626480156895055,-0.3972165082277014,-0.000285912838134,1.3735045288027814,0.2418727969135325,1.0668764820139387,0.6209730752966108
2016-03-04,ETFC,25.41,25.94,25.125,25.32,3971187,0.1643352960880174,0.1711594154868465,2.859651555460821,1.6312345950491391,-0.0355387302264941,0.8277117748634608,2.7278451464153206,2.109764358369397,1.2022530571789871,-0.4117411591112728,-0.0005578537180093,1.117287511558708,0.5895363794307069,-0.2939143731466986,1.0912511483082452
2016-03-07,ETFC,24.99,25.47,24.57,25.42,2596314,0.2128887811922983,0.2192753420186737,2.7987187831995595,1.5193499727062365,0.012856938635926,0.785708290656873,2.9998253663763905,2.0264847497913867,1.6140850783169598,-0.9527694215877396,-0.0008835806243637,1.1698022277900275,0.1639272108001599,1.2736941581891148,1.3593752835234123
2016-03-08,ETFC,25.06,25.26,24.35,24.36,5888994,-2.629121918287466,-2.662043269004575,1.3890818846640656,0.7149217376452381,0.0077088836202404,0.6142848797639644,2.9174140572731733,1.6566214105156998,2.045564758530212,0.4901126781445795,-0.001963956991315,0.6131462357380449,0.2124933621975643,-2.136701611202921,1.5219840570140992
2016-03-09,ETFC,24.63,24.7,24.09,24.45,4723417,0.1970213368691605,0.2035550060578639,1.2744451804622403,0.90641107475679,0.0054124881804778,0.4844862737078408,2.732350209811442,1.583099707845517,2.384866269509045,0.0379345789527627,-0.0004610823529556,0.6604094803462318,-2.630258741127922,-0.5784611439883606,0.4879367997728845
2016-03-10,ETFC,24.77,24.94,23.87,24.37,3765626,-0.2367033232106446,-0.2277015081684772,0.9673860934494692,0.707327248078449,-0.0012377439516602,0.3694406881663909,2.443519712848639,1.5706644521605109,2.44472712121477,-0.365807159374016,-0.0017289085153388,0.6183977073611777,0.1966217784866877,-1.2463696014879406,2.0678767272269725
2016-03-11,ETFC,24.7,25.43,24.7,25.41,4595849,2.623891892874493,2.562710344546121,1.8218404266967485,0.9239069723723932,0.0323526737225098,0.3809829596073644,2.049500929721586,1.5717352797840614,3.5930928231493926,0.012453907132102,-0.0005232782801841,1.1302228134449668,-0.2372160286446139,2.145414925418026,0.8029628847980382
2016-03-14,ETFC,25.4,25.45,24.595,24.84,5054221,-1.4295753966207525,-1.4295142690474156,0.9763298710468992,0.6809008353350802,0.0344473846315715,0.3091473697332281,1.7326587677176863,1.5454201728919783,2.394857221572064,0.2383194677214911,-0.0018710175615403,0.6230133505815078,2.6241254394847706,-1.6920252000618077,1.2772926291836595
2016-03-15,ETFC,23.67,24.87,23.58,24.82,3736893,-0.0831232874144851,-0.0746517028098283,0.7857886116848639,0.722895893655147,0.0332410239737145,0.2431819964473476,1.5229843041833906,1.4620502838529017,1.8211866630175864,-0.3220673276178569,-0.0018432044657263,0.5709622833555097,-1.4303992901663083,3.644344747605075,2.7402517762368364
2016-03-16,ETFC,24.54,25.2599,24.27,24.42,4751500,-1.036348782754814,-1.03075728561654,0.229612404088017,0.3111836734887157,0.0146773907285055,0.1457323769775682,1.3349616262924575,1.5033028142061888,1.2431700866088784,0.1634243770370153,-0.002217070754248,0.2595635444850195,-0.0835959279643968,-0.3957629330573771,1.7870182979297606
2016-03-17,ETFC,24.36,25.17,24.07,25.0,3897605,1.445696084269157,1.428610702547729,0.6928499033418523,0.1513234072484859,0.0208552967564036,0.1314569775746433,1.0628483540346847,1.5011336873235157,1.8352343482426483,-0.2245235304641531,-1.1023401577995655e-05,0.7110917158472305,-1.03707009409552,1.9586236175649787,2.07567390238906
2016-03-18,ETFC,25.08,25.26,24.9,25.16,7334072,0.3654553969391989,0.3702241619226109,0.7169240733016549,0.6514273308573454,0.0300062001761374,0.1276891021598822,0.870291769847547,1.4660773363365371,1.5761018503746806,1.2884670510225469,0.0003625261872419,0.827727720352993,1.4456222714090174,0.2146779791628565,-0.3988473760816592
2016-03-21,ETFC,25.16,25.76,24.99,25.22,2174882,0.115473044782744,0.1226997270924213,0.6474552603853692,0.0287867546685739,0.0374913779268041,0.1203872526307209,0.7062026159318726,1.4583480022880566,1.3913585693390556,-1.0294019225348243,-0.0009411228592166,0.8750470304945223,0.3650997784545981,0.1538546379223543,0.95318290270902
2016-03-22,ETFC,24.85,25.405,24.69,25.21,2296957,-0.0576820214412962,-0.049334758043954,0.4975162949217137,-0.0449446346827412,0.0408626994517192,0.1039567779007595,0.4417160659603577,1.445751851923594,1.4780385234492284,-0.9534447805285002,-0.0015300028206397,0.8671604788042688,0.1150522126529993,1.0681962321542229,0.7723696468048764
2016-03-23,ETFC,25.0,25.19,24.75,24.8,2160919,-1.0455226346588886,-1.0400309616272223,-0.058452545166133,-0.4671929767218933,0.0254096413075285,0.0423587689029652,0.0099373643532203,1.49708157844238,1.2836088024315349,-0.9890242358501812,-0.0015441974637321,0.4482417567376516,-0.0581480250519324,-0.6307308321383557,-0.1126957521350868
2016-03-24,ETFC,24.5,24.765,24.27,24.66,2737030,-0.3844527063501251,-0.3752987012316721,-0.2823340052684611,-0.6009891282322405,0.0058891667720353,-0.0173890980674742,-0.2780555366024872,1.423082695290189,0.7366025083683537,-0.6876754539466394,-0.0016711149437149,-0.2659374598257455,-1.0462463392098251,0.4670828624382686,0.081576558880076
2016-03-28,ETFC,24.71,24.8,24.25,24.43,3359103,-0.6136671146118376,-0.604975605028419,-0.5354947836281444,-0.7904231870812194,-0.0200972164543194,-0.0818305293059735,-0.3031957152356641,1.191002116453879,-0.0523596061285198,-0.3171739434780114,-0.0018644596000403,-0.5729903729228437,-0.3850039556083251,-0.8824274308599271,0.2849541419424088
2016-03-29,ETFC,24.27,24.47,23.85,24.42,3605722,-0.0584802990887701,-0.0501289775408684,-0.5958977937575406,-0.1424690429915669,-0.0422937721121854,-0.123628723375906,-0.5713420784102794,1.01603008447972,0.4335071737997826,-0.1803010709202302,-0.0021027931833418,-0.6801279439888719,-0.614278159719438,0.4406289692966457,0.5246192900142781
2016-03-30,ETFC,24.72,25.045,24.32,24.66,3055704,0.5788765613569236,0.5807666781032705,-0.3311215121917182,-0.0323467686364982,-0.0515413541197344,-0.1237368433675354,-0.563617584762603,0.3941267169150805,-0.2973419374152382,-0.4331647199736467,-0.0001864912493245,-0.3600671664199912,-0.0589465109484878,-0.2096946701761227,0.8588838414491673
2016-03-31,ETFC,24.68,24.821,24.46,24.49,2726308,-0.4621877046396345,-0.4530951129449982,-0.4845682191503872,-0.1014741941013022,-0.066490267955484,-0.1384984693403933,-0.5442029192125201,0.3971172106680031,-0.4613254794915917,-0.6048023171449872,-0.0019252918672134,-0.5995209212357663,0.5785766186908856,-0.607955091393066,-0.3628204210734846
2016-04-01,ETFC,24.2,25.01,24.1,24.97,2722311,1.1872513231923918,1.1770360193051987,0.0370416690812337,-0.5615257335009761,-0.0604460425731147,-0.0962717911600564,-0.5694992821053827,0.4566064632252798,-0.3245834619930589,-0.5800731560674703,-0.0003388127022015,0.0765837982440629,-0.4627592328597292,2.377603886069448,1.4459280757566002
2016-04-04,ETFC,24.95,25.11,24.61,24.68,2234377,-0.7560569511248957,-0.7480829565223802,-0.2359072043263816,-0.3363117273509814,-0.067981573698499,-0.0974445080964609,-0.6130569140170011,0.4768193052278814,-0.5387009501764545,-0.8140725604199514,-0.0018023293752851,-0.2039634773657811,1.18711008907314,-0.8439110195250135,0.0971051766383939
2016-04-05,ETFC,24.15,24.43,23.765,23.93,4126922,-1.924954232838318,-1.9355434460185397,-0.9535825259070468,-0.856244171210892,-0.1039679215137829,-0.1716145940355234,-0.568842481611992,0.6238868325562403,-1.02833292069349,0.1814827640813389,-0.0025374025836957,-1.347603914559298,-0.7567051418957413,-0.714572978817468,0.72466738112293
2016-04-06,ETFC,24.18,24.18,23.795,24.09,2675040,0.3832716543896957,0.3878275258255945,-0.7696945807616491,-0.4524912614239578,-0.1264292030906132,-0.1961373751178051,-0.5233508609572909,0.3214156371077911,-0.3302589025023594,-0.5369013529900154,0.0003303444660435,-1.103627287958014,-1.925907357345013,-0.307526669317885,-0.2593923592927365
2016-04-07,ETFC,23.43,24.05,22.855,22.95,4013055,-2.979204542361766,-3.0264259009942367,-1.9066806281526256,-1.6102002389176653,-0.1886172270721751,-0.318011551052824,-0.1162842865427631,0.7176792477514059,-1.068492257586519,0.239657342410349,-0.0027488738235525,-1.772594611047531,0.3829206836855528,-1.5741124056145488,2.7482110309911354
2016-04-08,ETFC,23.34,23.78,23.075,23.2,2934846,0.6451960865624454,0.6460461433015746,-1.5813730415117329,-1.5196275205179268,-0.2271405809637218,-0.3545984383673306,0.0978589545993889,0.7499960449352534,-0.8725759622881016,-0.3541977811137153,0.0011660181624317,-1.4865204684104836,-2.9804326923051976,-0.4794977814658163,0.9412323809612207
2016-04-11,ETFC,23.35,23.91,23.31,23.47,2333584,0.6915587036989952,0.6916408354065875,-1.1935558573538825,-1.3222254419543948,-0.2459060836697884,-0.3330115793913166,0.1359072334615551,0.3958324096528355,-1.2887640833445333,-0.6556827835206923,-0.0002173701611418,-1.1775603943624726,0.6449134448696384,0.3619581480428849,0.5392477027183665
2016-04-12,ETFC,23.5,23.95,23.5,23.82,2220987,0.8954365570549307,0.8917442642512841,-0.764824577305612,-1.026518533688886,-0.2458653658916215,-0.2673352044259382,0.1631974056784582,0.3825376868262051,-0.7705478236543873,-0.6651637066964179,-0.0005301140065202,-0.7770565946706044,0.6912881567610211,1.002473715160315,-0.0168744182627567
2016-04-13,ETFC,24.12,25.07,24.05,24.87,3528056,2.711375886986385,2.6460973813512965,0.3609232861305921,-0.1516949732851302,-0.2038559004938473,-0.1067672705566093,0.167289032785931,0.7635708349175165,-0.1378908306187122,0.1534771400957172,-0.0003420128830962,0.424454804404996,0.8952191963433714,2.322930500155043,1.826757174910851
2016-04-14,ETFC,24.84,25.12,24.67,24.77,2345485,-0.2833299292542698,-0.2742421002398186,0.2343995548434201,-0.1299557738955802,-0.1741868813176208,-0.0100770195993763,0.1775657823192786,0.7179739366811819,0.0430182317539222,-0.5269123150411421,-0.0016947830284221,0.3100251473501753,2.711632255808306,-0.2392241579895782,-0.0772590369498794
2016-04-15,ETFC,24.79,24.85,24.37,24.52,3078729,-0.6613573419876951,-0.6528693181662212,-0.0081846377829143,-0.1408648276727322,-0.1603604813892822,0.0264965519469418,0.147101007400575,0.6347816258976906,-0.4494587004650081,-0.0261216573972898,-0.0019515802905576,0.0239510047131279,-0.2838547983106491,-0.8491879503433784,0.0401447961415345
2016-04-18,ETFC,24.4,24.705,24.26,24.68,2439122,0.3732554251282607,0.3779316003957638,0.189905742163658,-0.0536438864271567,-0.1431520311456052,0.0644607484749822,0.0974753098750615,0.6351166639825625,-0.4476654937829602,-0.3075227115080703,-0.0004884508554639,0.2070384560008386,-0.661980828187789,0.8406711477081774,-0.0886220214710626
2016-04-19,ETFC,24.77,24.77,24.18,24.49,4596187,-0.5122921177976463,-0.503290967248828,0.0249596397571278,-0.2782764024579213,-0.1371074307323325,0.0660965484153334,0.0240888565561336,0.641104457449672,-0.5925832601168579,1.094480497151731,-0.0023602748466623,0.250084200522341,0.3729018414603822,-0.8803536862979442,0.416479567863827
2016-04-20,ETFC,24.5,25.12,24.21,24.99,4734792,1.2380949634525502,1.2266089466071346,0.5759238862542888,0.0590229217068758,-0.1130323986679918,0.1138152090505198,-0.0121695755993355,0.7223116086137592,-0.2956419990597556,1.061230688120156,0.0006846964683171,1.1581522821763943,-0.5128767169061123,1.484719152354799,1.4434973018687731
2016-04-21,ETFC,25.09,25.34,24.825,25.34,5774932,0.8389652664521954,0.8363831603689218,0.922986918716515,-0.0013542378682338,-0.0809413893745679,0.1726231249543653,0.0708283149663504,0.7046722041707834,0.1523108220574447,1.533625492090571,0.0001446227263933,1.442878752192886,1.2379669930660586,0.7264911928726849,0.1024623075589667
2016-04-22,ETFC,25.5,26.66,25.46,26.14,5263336,1.93253000268085,1.89974494828442,1.6992818496792057,0.4916664423988951,-0.0254275555627443,0.2799594047728901,0.3529502955072221,0.8446475919671519,0.7139542460350562,1.095105721573281,-0.0003996930563425,0.9885885026606666,0.8387331739058709,1.869885115917986,2.234576290166169
2016-04-25,ETFC,26.0,26.2301,25.795,25.96,2573997,-0.4617047939982993,-0.4526115189269797,1.4190805616867834,0.8512191246915706,0.0096758671206157,0.3132923817404197,0.5333133396872711,0.8352606459288943,0.7523110471377611,-0.4909643888693373,-0.0015589260664835,0.8313341855148982,1.9325831916435408,-0.1425500664860873,-0.1944977112116485
2016-04-26,ETFC,26.03,26.27,25.86,26.26,3505703,0.6864728032338773,0.6866408142661189,1.635113379884103,0.8965277451748841,0.0470636119343136,0.3458385691542064,0.7447414925148149,0.8435502285987344,0.9391262899982854,0.0744317050287578,-0.0007566489601708,1.0934247140911797,-0.4622761962400483,0.6412558881353428,-0.2901147492406907
2016-04-27,ETFC,26.11,26.47,25.85,26.16,2639777,-0.2700792018429391,-0.2610122583819934,1.443750364998361,1.7611060849816476,0.0702521433318114,0.3353269881859322,0.8984660017766936,0.8458177736407168,0.7258654784100287,-0.4389046958367253,-0.0015541619649756,1.0060612045657518,0.6862009295218117,0.1183632368904641,0.3838799495880272
2016-04-28,ETFC,25.92,26.135,25.34,25.42,3310230,-1.794117898898332,-1.801491797151808,0.6063041133126945,1.0359202372985068,0.0571511127916348,0.2335090156945858,0.9245031439695072,0.9890842300405588,0.3902401206038583,-0.0487139737593784,-0.0016826353687871,0.3595712340775938,-0.27060061414236,-1.4837198139809489,1.01512704578591
2016-04-29,ETFC,25.26,25.32,24.86,25.18,3343407,-0.6207981280107456,-0.612134690022779,0.340318629436999,0.7598522253553656,0.0352209554249425,0.1293286172400784,0.9328875945508788,0.9540007380755848,-0.0439617154777302,-0.0472121081920315,-0.0017707469425657,0.1498988112165674,-1.7950368917386117,-0.2655937801830908,-0.0688141601375481
2016-05-02,ETFC,25.19,25.77,24.79,25.72,4685618,1.3021644116437867,1.289020668390804,0.8558350926911732,0.8288590262712334,0.0369708712996744,0.1069363993565482,0.986518429736431,0.9910904845603566,0.4514052017893207,0.6566582929817251,-0.0003288066318239,0.6216617626538719,-0.6214110334071755,1.5633002071862498,1.584183175130424
2016-05-03,ETFC,25.3,25.355,24.85,25.29,4317450,-1.0738574786811217,-1.0686829011423178,0.3275426077765838,0.0645930768913705,0.0195136897452963,0.0395838869099874,0.9401904423951768,0.8731196370514241,0.6671953171046403,0.4376952801866282,-0.0018761948687259,0.2459986716945363,1.3020531552461942,-0.0561789165306771,0.0728569583870694
2016-05-04,ETFC,24.95,25.39,24.68,24.86,2508268,-1.0915550040793272,-1.0865852087902783,-0.1668723975058741,-0.1380936303849143,-0.0127928452757149,-0.0525201032444683,0.8944092418454829,0.9325940539922244,0.3019561399144503,-0.5989004466822629,-0.0017195925861624,-0.1296644192647991,-1.0745885750277082,-0.2988480404114028,0.7888856743578323
2016-05-05,ETFC,24.94,25.2711,24.59,24.95,3229440,0.1923950822448358,0.1989708902254741,-0.177181083836198,0.0618910464202161,-0.0361336141795252,-0.1031255677245715,0.599123239942679,0.4776102415909776,1.1123966466566693,-0.162320226931966,-0.0005013173706881,-0.1427141150390989,-1.0922907172323857,0.0039768674134278,0.6837646447461764
2016-05-06,ETFC,24.72,25.19,24.44,24.93,3799858,-0.0829022855355267,-0.0744317363008176,-0.2883834120334653,-0.0389704724586489,-0.0564637154450611,-0.1358605326352211,0.3161692475741705,0.4729958896165462,0.9276838548875184,0.1428085660396101,-0.0019311437466763,-0.2737881313221925,0.1919943169974591,0.6155068667707576,0.9159221642557944
2016-05-09,ETFC,24.85,25.19,24.58,24.91,2746979,-0.082942322633391,-0.0744715857712385,-0.3838586526546212,0.0720829104310534,-0.074203349458207,-0.1553806864499861,0.0583877519051438,0.4632835805037074,0.7336151383318796,-0.4724359119284223,-0.0019045704179294,-0.398044567593305,-0.083374868432016,0.1561022463135356,0.4495401751019172
2016-05-10,ETFC,24.99,25.7,24.87,25.65,3298733,1.8165000528514637,1.787781751141226,0.2910400983491259,0.2014966263151098,-0.0601418327299293,-0.089141194937948,-0.1333900275412436,0.5708769986209089,0.9608347891016964,-0.1850918627897233,-0.0001989982535609,0.1565096514967462,-0.083414915974478,1.969048723491551,1.1054758313961326
2016-05-11,ETFC,25.6,25.81,25.32,25.32,2846905,-0.8339766424486132,-0.8265355446354706,-0.0753293525231556,-0.2008719678921136,-0.062955762347662,-0.0795867101186325,-0.1523302665247659,0.2688383400439637,0.0982627882546878,-0.4243535038322565,-0.0018972912310271,-0.3532515946510416,1.8165229727335213,-0.8526642010472419,0.0215126332745845
2016-05-12,ETFC,25.44,25.73,25.11,25.31,2964868,-0.0575845254761003,-0.0492377584105619,-0.1137533979829431,-0.7754467562734048,-0.0665088452820399,-0.0738456901759847,-0.1855276267793358,0.2636410633967,0.1526981306223672,-0.3718148005363565,-0.0021348313804146,-0.3666555524633118,-0.8346451603627788,-0.4123909247092082,0.450214334008074
2016-05-13,ETFC,25.32,25.78,24.8,24.89,2148759,-1.0661203318467538,-1.0608578518180924,-0.5682379377084307,-0.9038795907347648,-0.0865524706207111,-0.1116992464921746,-0.2410886968281846,0.3036923740429226,0.0541390095769313,-0.8162260853991244,-0.0021955634301363,-0.9296217805785704,-0.0580505036526719,-1.3093839923633694,1.6900759380849373
2016-05-16,ETFC,25.02,25.35,24.79,25.21,2839998,0.7674287058251559,0.7661818151213259,-0.2638914858178965,-0.8873500326952163,-0.0904963405628788,-0.1005415983056213,-0.2947926639291214,0.3268254888485052,0.1479149159565159,-0.4303347752591753,0.0006751365003113,-0.5006951305859901,-1.0668494097806656,0.5474180287013342,0.2599605568709669
2016-05-17,ETFC,25.12,25.51,24.84,25.18,2443789,-0.1070833546327145,-0.0985041558741265,-0.3303857678073907,-0.8512574859116386,-0.0953989943010852,-0.0940833727422884,-0.3951574249507243,0.31091372229679,0.2463131347156682,-0.612154402503616,-0.0022186064122701,-0.56519825818054,0.7671779513219399,0.1541415347197699,0.6262446328161946
2016-05-18,ETFC,25.15,26.65,24.98,26.65,5371283,3.6016074169526777,3.4883132488098654,1.0997170223084618,0.5230092681224038,-0.0426362612734125,0.0595129205563042,-0.228078625347051,0.840042248761087,0.8081001691524835,1.0745934815233376,0.0020655650655027,1.4279049614836834,-0.1075622457171447,4.479754134660515,3.631161456079836
2016-05-19,ETFC,26.52,26.91,26.01,26.39,3533655,-0.6403915308427027,-0.6318094861503872,0.7758134939452704,0.5086906404996144,-0.012604719490149,0.1238802602407807,-0.1393457243448129,0.8456926521497551,0.4410817319863186,0.075837442653492,-0.0022355904499173,0.7430510600997299,3.6020960231409176,-0.3966684388961145,1.250918360249861
2016-05-20,ETFC,26.56,27.04,26.37,26.69,5642607,0.6747497413201615,0.6751141670111949,1.0548033159877732,0.3978704249172431,0.0210632392805776,0.1847342067145726,-0.0354885763835614,0.7065082243226831,0.1415361426776141,1.3221812059855718,0.001225913751529,0.9953927759987066,-0.6410095476288304,0.3434775783193973,0.5007845923460054
2016-05-23,ETFC,26.67,26.85,26.37,26.57,3150163,-0.3129122850835301,-0.3037880329874488,0.8989699363164195,0.6380708326956689,0.0408555662707076,0.1977017265540128,0.0497912900356586,0.700532758360605,0.1776230197088423,-0.1806719190371079,-0.0019720999967112,0.8419690127321287,0.6744748093778127,-0.3096003347333793,-0.0857306581720528
2016-05-24,ETFC,26.86,27.39,26.63,27.36,2882026,1.8181085720735068,1.7893352778287832,1.6493703260714472,1.3081676570015413,0.0849566095016774,0.2706459595642895,0.2882577436400009,0.8207895467123829,0.4477250483897368,-0.3235893368305569,-0.0003374977376582,1.4090735162188934,-0.3134448713777021,1.380083023986617,0.7236999662197604
2016-05-25,ETFC,27.6,27.99,27.51,27.59,2517313,0.4903719622360575,0.4935427086982201,1.8062895690180485,1.3482654791602997,0.1258123725940838,0.3206480507620972,0.5550138551808017,0.8197258739634418,0.6353428442942706,-0.5386083303708448,-0.0006465109224526,1.0683230860021835,1.8181319115747931,-0.0536903860576705,-0.1413923147030537
2016-05-26,ETFC,27.59,27.64,27.2,27.37,1488497,-0.5294356316594261,-0.520475116323231,1.4760427669498202,1.1777838986028406,0.1461517345593964,0.3078408604011561,0.7231458910411441,0.6654139028612411,0.9591466364698156,-1.1292858269110064,-0.0015329023962316,0.8623174695972975,0.4900489311100907,-0.6287592016448592,-0.251536611927498
2016-05-27,ETFC,27.48,27.835,27.4,27.82,2451961,0.9906107115833162,0.984935493846852,1.789748658626665,1.317871562425715,0.1762529847895063,0.3227220404588406,0.9255209824969562,0.655773922078144,1.3723360259987598,-0.5163565033645522,-0.0007088595715425,1.2836925940618389,-0.5300247030477145,0.9084580835908104,-0.2881868122767042
2016-05-31,ETFC,27.97,28.12,27.75,27.89,2081659,0.1236561001870014,0.1308180089914681,1.7429906097360088,1.1257409273178096,0.1988746932304645,0.3153747726971458,1.1224630775818278,0.6048570498114569,1.0716292888096342,-0.6928525562723508,-0.0008626000518517,1.23511740610273,0.9904181792385868,-0.242410323212033,-0.4856904134264718
2016-06-01,ETFC,27.57,28.01,27.221,27.94,2627792,0.0786175057087453,0.0861227215207403,1.6508349799279929,1.4396144220299494,0.2146004218948821,0.2917468252546132,1.2549841602443017,0.5195288014471023,1.3714457953880497,-0.2907283701694783,-0.0008206788235066,1.2802829161223297,0.1232374027954361,0.9876174538379668,0.762145602317572
2016-06-02,ETFC,27.91,28.14,27.51,28.13,1627870,0.3903764381483653,0.3948460160856031,1.6662492407331315,1.4998040018641805,0.2301911054803285,0.2724968635920645,1.3188092644267853,0.4176826518014167,1.7643419129167892,-0.941945665447142,-0.0010157776022824,1.4338944777673646,0.0781870589641045,0.5692188391598535,0.275179523453859
2016-06-03,ETFC,27.38,27.38,26.23,26.69,4625347,-3.220040977212835,-3.278350791059032,0.1437230180080155,0.7038598649631054,0.1820796856257978,0.0931287766147257,1.2086381430850806,0.9836317700116126,0.856755361385825,1.0161751846708318,-0.0018387612091794,0.1401589604924496,0.3900273208904473,-1.9302877619840413,1.9996085847733616
2016-06-06,ETFC,26.64,27.37,26.64,27.2,2901010,1.1566479855835552,1.1471783915804683,0.5347222111346992,0.7675101020775921,0.1604763985984356,0.017865784602679,1.0961045766668205,1.0160454093138491,1.1698061392014023,-0.0960841173536469,-0.0007666141220904,0.5651454248906539,-3.2213319548785626,1.561859113179304,0.6453976884903707
2016-06-07,ETFC,27.23,27.25,26.79,26.85,2294606,-0.8341104961584048,-0.8266703993415265,0.0918778120101926,0.573877348386878,0.1264276483713055,-0.0743790170393004,0.9333037565231452,1.058688885779829,0.9763169509527472,-0.4916399167238247,-0.0015641430486543,0.1628207870284646,1.156498767879935,-1.0806565567664057,-0.1635102964764795
2016-06-08,ETFC,26.89,27.05,26.79,26.9,1786548,0.0829407120666915,0.0904143743292088,0.0790935696770113,-0.0425494978609342,0.0985790523796348,-0.132215768084081,0.870628551340901,0.9468657596594656,0.5482418377306221,-0.8040107462456365,-0.0009596620763535,0.2124354368410359,-0.8347790489913887,0.0017800594691121,-0.7857988650941815
2016-06-09,ETFC,26.72,26.74,26.29,26.48,2177030,-1.0050546210964164,-0.9991330469626802,-0.3902232268778357,-0.1378974929789304,0.0576191373503612,-0.2122334784163828,0.7498158306641741,0.9619312159974174,0.5053665511273712,-0.515349991740293,-0.0015556990982838,-0.2043276215845878,0.0825113931298455,-0.70492539960133,-0.1750328628875331
2016-06-10,ETFC,26.13,26.23,25.65,25.81,9028110,-1.6082560552891478,-1.611559986413342,-1.07108191790733,-0.6553293710492519,-0.0028731823014773,-0.3265237199378763,0.6717322556254699,1.0788084810972782,0.1226563872752864,3.6917555840625487,-0.0027056633902646,-0.8691639290730881,-1.0057677686354145,-0.9515584663291644,0.2815043968246931
2016-06-13,ETFC,25.54,25.9,25.46,25.47,2183900,-0.8531329182751272,-0.8458380640169514,-1.4312877531392183,-0.7497265264228434,-0.0651399428141929,-0.4225232933846513,0.546075773676199,1.0614158168915289,0.1747568277333903,-0.6574593057571398,-0.0019911041138677,-1.2065435477985949,-1.6091265617934507,-0.23338878896082,-0.151591741813766
2016-06-14,ETFC,25.27,25.62,24.71,24.86,3005191,-1.5240601527545976,-1.5257117508083482,-2.012554389902144,-1.504352359676703,-0.1385922680498974,-0.528114403183852,0.6296282079404951,1.1303241683883636,-0.3713758918556389,-0.1408819409486472,-0.0026528020535155,-1.7359304148075176,-0.8538064335443589,-1.2521270738380852,1.4593672437780183
2016-06-15,ETFC,24.94,25.5,24.84,24.97,2922741,0.242481998977401,0.2485835394285471,-1.8952089045474592,-1.5976757875898846,-0.1919580128572995,-0.5608847787835158,0.6768661671890177,1.133662511965458,-0.2899620727808416,-0.2068905193376523,0.0015452088146817,-1.629324009816651,-1.5249086948215589,0.0645637039494891,0.6115181931081284
2016-06-16,ETFC,24.66,24.93,24.14,24.88,4006063,-0.2573942559020009,-0.2483499540428441,-1.90256948702712,-1.560310524178964,-0.2367596783508095,-0.5650572865366188,0.8943811196109626,0.5153127501057295,-1.1429063173474914,0.5287538406207847,-0.0031490038971355,-1.2663292008227478,0.2420943000540506,0.6477058633912796,1.054949361451296
2016-06-17,ETFC,24.89,25.24,24.6875,24.77,3637589,-0.3082526397094012,-0.2991331891750901,-1.93659564413048,-1.9827132127672489,-0.2751191774696493,-0.5518132673901159,1.0972384604510357,0.5071493792928276,-1.0690385343931117,0.2882413358650619,-0.0067708441168307,-1.357744193102416,-0.2579123590415706,-0.3905678252321177,0.2676112923028532
2016-06-20,ETFC,25.46,25.79,25.2,25.23,2476795,1.1231887469905282,1.1145179678347672,-1.4144908741776874,-1.640370437982234,-0.2858171839692653,-0.4700178462529842,1.200190970388468,0.5564051179418612,-0.9708625734212676,-0.3720993868854322,-0.005037433291641,-0.9754633162965284,-0.3087840104279244,-0.7088346414637152,0.3575903659589013
2016-06-21,ETFC,25.34,25.3787,24.975,25.07,1528674,-0.4278151472836654,-0.4186833442552308,-1.5024571737505263,-1.7236906089247688,-0.2988435889105097,-0.410574766849547,1.313138605211056,0.5583179720897925,-0.99660093456461,-0.9834646509285432,-0.0076187556424238,-1.1084305777942285,1.1230308006750938,-0.8313276792416092,-0.24929339009686
2016-06-22,ETFC,25.04,25.35,25.04,25.25,2350463,0.4140102094311076,0.4181870123811658,-1.2237165367231977,-1.73183807824104,-0.3003173632630335,-0.3332840310655211,1.34701772307837,0.3640677135350447,-1.3001019308421975,-0.3981957577891124,-0.0087989075166203,-0.9588424086093164,-0.4283777086317438,0.6073046505710726,-0.5681291915603414
2016-06-23,ETFC,25.67,26.19,25.46,26.19,2438755,2.284728917291418,2.23836485136927,-0.2183147811207238,-0.4836321674641352,-0.2631537148546161,-0.1719993813800048,1.2733376784298225,0.6543208595331987,-0.9127168672799844,-0.3340371286651638,0.0033083760445889,-0.1776597473103291,0.4136672575859099,1.5041442315156557,0.7316553746847179
2016-06-24,ETFC,23.9,24.26,22.99,23.11,8421598,-7.354674374308727,-7.771301323278153,-3.104788965805973,-1.7809083283548652,-0.352548774614018,-0.3687315977960908,1.6886654467572328,2.378184233269827,-2.4533629909306427,3.227387210384245,-0.0071960402924447,-1.8038461280664813,2.2848739854401368,-2.523634972476827,2.988636770602903
2016-06-27,ETFC,22.7,22.98,21.52,21.83,6840571,-3.481299288321301,-3.552801904460537,-4.137822812268938,-1.929105662221432,-0.4700479303465769,-0.5984568301626666,2.28874248396712,2.5282913615717377,-3.329677942339019,1.965227773179608,0.0029801387596428,-1.7256386951276792,-7.357043966175948,-2.9219136032602813,3.982549408240806
2016-06-28,ETFC,22.3,22.41,21.84,22.24,3461832,1.1363028746953077,1.12732105834045,-3.4694235142620005,-1.7386825985861254,-0.5424738876915606,-0.666219379324077,2.5797473355423337,2.6020251739580864,-3.1427012157086995,-0.0549605034189705,-0.0020902181759147,-1.5197603823857724,-3.482658421225367,-0.2295948965778429,0.5446603508923206
2016-06-29,ETFC,22.62,23.08,22.33,23.05,3511830,2.234495430592569,2.190181197036125,-2.4057480224379275,-1.2815515241851074,-0.5631978652598011,-0.5873494127375577,2.5730459086435675,2.8045895587627068,-2.737885938427433,-0.0512768885732408,-0.0024804306992853,-1.1130251791639556,1.1361483495016569,1.409902176775911,1.1204177215364235
2016-06-30,ETFC,23.06,23.49,22.83,23.49,3503575,1.1554437183094444,1.146003174135989,-1.7219509573228933,-0.9468259237400816,-0.5575740623526055,-0.4564347060914739,2.360164467812887,2.8567953397425385,-2.5900005816040834,-0.1069778133423972,-0.0034715318156256,-0.7637878315360055,2.234627394181116,1.3824981767690845,0.750309435912901
2016-07-01,ETFC,23.34,23.55,22.94,23.06,2508685,-1.1726706332768464,-1.1687057442079596,-1.996264683928748,-0.96844740287493,-0.5652207063897862,-0.3858608427637925,2.4036959138058345,2.678201974100118,-2.164935726467309,-0.6157255022706802,0.0068623767498779,-1.0062190984698751,1.1552941864450124,-0.9326790120770352,0.6132695130699725
2016-07-05,ETFC,22.78,22.78,22.13,22.33,3712707,-2.0038706039347147,-2.0165397398337443,-2.53405017462782,-0.9966201355287896,-0.5948494229919544,-0.3859832284710042,2.4213548793753223,2.6607217128995853,-2.7970172495039773,0.0459712683979527,0.0018169014530424,-1.4113923061347011,-1.1734275073071128,-1.5187793832607317,0.834630352862614
2016-07-06,ETFC,22.13,22.605,21.94,22.57,2926481,0.6361454258089774,0.6371414744388172,-2.0664662780838943,-0.9444807237155376,-0.6036229926238997,-0.3324003477487505,2.373321112303279,2.697130198786576,-2.508573111295635,-0.4110357667444994,-0.0023897940823196,-1.2501290756086276,-2.004844315591568,1.47584275644802,0.8642220172931209
2016-07-07,ETFC,22.59,23.14,22.59,23.05,3500873,1.291056150094854,1.278204328023539,-1.3521840204766251,-0.7420095547395105,-0.5866193639517302,-0.2231839784807073,2.1641350386227254,2.7717030451593616,-2.269455226501376,-0.1356566667055881,-0.0035816871950695,-0.9069737139302552,0.6358604230431841,1.5121438818065929,0.3972866232376896
2016-07-08,ETFC,23.47,23.74,23.16,23.59,3257246,1.4255436640733508,1.409030684783457,-0.6123286656730755,-0.5305200089146869,-0.5472792701904062,-0.0783172064404416,1.9282314466950152,2.848955861492976,-1.770351878262869,-0.2939747205299058,-0.0150852486890269,-0.4203567592398495,1.2909419958517914,0.3599729344141065,0.4577519090110706
2016-07-11,ETFC,23.8,24.11,23.49,23.64,3033515,0.0989624934014095,0.1063166248788812,-0.440743504617144,-0.6684989633481943,-0.5099519124183386,0.032395463403901,1.7780722428455291,2.8103888160222086,-1.4022623993370016,-0.2730489303718511,0.0019900934950048,-0.3722524941622229,1.425464593990979,-0.5342277115972537,0.5944346743601676
2016-07-12,ETFC,24.09,24.65,23.85,24.55,3180985,2.363569698221833,2.313912921314513,0.6090446051196418,-0.3346312660569147,-0.4411667329067656,0.2019374909025635,1.6749843899629375,2.962384259249207,-0.697968726582647,-0.2133156571463696,0.0003231983822373,0.2755002251252865,0.0985373541146609,1.4163493343183493,1.1244678447957248
2016-07-13,ETFC,24.72,24.77,24.25,24.46,2860042,-0.2612332477308032,-0.2521818203311466,0.5326785076038326,-0.4121612732194019,-0.387426121853506,0.2988466526762525,1.6429742445486688,2.911100252078813,-0.4037850674657334,-0.3946346018129589,-0.0021427769906624,0.211436769371577,2.363735333801277,-0.8209550679145514,0.1804359852155583
2016-07-14,ETFC,25.18,25.31,24.77,24.85,2747844,0.959670948953431,0.9546557363816668,0.9684220908479064,-0.5886054365326167,-0.3274095704909595,0.3925281444134103,1.629761224009781,2.9334636684596678,-0.2380570835615216,-0.4553821218642955,3.711780538926711e-05,0.4890450776376528,-0.2617523523596727,-1.016471002917941,0.2197048313918878
2016-07-15,ETFC,25.12,25.19,24.7299,24.9,3244754,0.0922716380319522,0.0996761834147282,1.0222716780330978,0.5809461953973406,-0.2763883465036834,0.4443195199902907,1.6319291395913025,2.932002565445648,-0.1556710417399296,-0.1474038479420823,-0.0002084109108808,0.5246358863897115,0.9594703452601298,-0.687996197960632,-0.0513588664727756
2016-07-18,ETFC,25.03,25.15,24.82,24.86,2083016,-0.1330089546960015,-0.1243236684166845,0.9731198916712078,1.4023845899203042,-0.236497824126592,0.4571023861179251,1.640882985484457,2.929953077512773,-0.1141144363236664,-0.7985277850176553,-0.0017264205708901,0.4961632393880636,0.0918447532817178,-0.5394529262952701,-0.4850293075405336
2016-07-19,ETFC,24.68,25.11,24.68,24.92,1614555,0.117264707145995,0.1244772984531893,1.0569111793175514,1.312220802128151,-0.2018918164315243,0.4537264291993907,1.6006267485702934,2.898527527089287,-0.3479299957170536,-1.066203633735956,-0.0007886409888048,0.5388722098905382,-0.1334946090693923,0.7083847635097853,-0.1532593142612217
2016-07-20,ETFC,25.17,25.46,24.84,25.46,2405816,1.316094657158265,1.3025821619915177,1.6282449019566418,1.2340237855986482,-0.1531450444900965,0.4874237474068782,1.6592906438053174,2.9360627612626304,0.0609935054986471,-0.6058017722326258,-0.0006612453966858,0.9232529444127958,0.1168443424125787,0.844164883254908,0.438186418271083
2016-07-21,ETFC,25.42,25.49,25.12,25.22,2669485,-0.6198746369110465,-0.6112075168942085,1.366105062770644,0.8751605348738886,-0.12422240894634,0.4633546161501431,1.6549533284875486,2.94288675304356,-0.1849263154772361,-0.4556516539400749,-0.0017761373789795,0.752417062402902,1.3159870347855542,-0.6207444435412308,-0.3686388114691016
2016-07-22,ETFC,25.75,26.09,25.455,25.81,3270148,1.4234766819348623,1.4070220623427585,2.037466349104325,1.4479024917972128,-0.07886818624164,0.4863939336335726,1.5659365997499102,2.862300276997308,-0.3805693062218218,-0.1217361656878361,-0.0004337694334844,1.2392089862226667,-0.6204873013935864,0.1497264436940669,0.4591001833160181
2016-07-25,ETFC,25.69,25.7985,24.95,24.99,4848182,-2.010973212708201,-2.023834745117456,1.0271288686299236,1.3660578028454609,-0.0760161281076349,0.3954255476737581,1.586588691962686,1.326222307660408,1.0272748068635067,0.9622302596101177,-0.002171332791112,0.6427475287384556,1.4233970726326677,-2.084948299096297,1.2383967483131884
2016-07-26,ETFC,24.93,25.29,24.9,25.24,2984748,0.5898334637367946,0.5915564954191818,1.1055447630925417,1.368812970592351,-0.0648653561133599,0.3440115855230751,1.370550880007949,0.7319881896770758,2.1266656914937703,-0.0769502608093369,-0.0003835191871912,0.7780424447043863,-2.011948777243884,0.913156108581649,-0.3035689430116311
2016-07-27,ETFC,25.27,25.5,25.13,25.24,2297477,-0.0329960430517004,-0.0247793014886723,0.9357201211377756,1.222963915597211,-0.0570666004259242,0.2942523835323951,1.1883860968959048,0.7159950582724856,1.8136223558186677,-0.5006304401253683,-0.0012427088046935,0.7620222927167112,0.5895363794307069,-0.1160100037558315,-0.3696076586050763
2016-07-28,ETFC,25.13,25.265,24.92,25.13,2044080,-0.3043266343688003,-0.2952115010325428,0.7007279436471,0.9070158517682428,-0.0562627277126807,0.2364403135784998,1.1173797789296993,0.5580070424614603,1.1578168896861791,-0.6365363999302615,-0.0016920178962341,0.6739114567845012,-0.0334556067571959,-0.0263165508545973,-0.4471696439111148
2016-07-29,ETFC,24.96,25.145,24.7,25.08,2982555,-0.1568679839561531,-0.1480945840204721,0.5590359911590921,0.8358465570275885,-0.0586139093624122,0.1820696019981326,1.083845366202471,0.520972935598729,0.8266317660879519,0.0281570717772029,-0.0020249454175608,0.633861076815314,-0.3048569808985482,0.3369131854938085,-0.1125885585621637
2016-08-01,ETFC,25.13,25.19,24.86,24.9,2908160,-0.4798240633764246,-0.470759017612017,0.2655828149212353,0.1134260385076474,-0.0684681329375403,0.119260331979848,0.9497302265600216,0.4492180744577684,1.0043899676221877,-0.0373166580037783,-0.0023047899270739,0.4896797089262419,-0.1573598625059877,-0.7177972745676154,-0.4868064876040451
2016-08-02,ETFC,24.88,25.09,24.35,24.52,2060247,-0.9831187036725748,-0.9769753844176016,-0.2573308664673299,-0.1412116850389681,-0.0918699359799633,0.0341416796327714,0.5658273028932093,0.2597723273484825,1.2728966931516894,-0.5811828675122693,-0.0024615782041569,0.1852968211604237,-0.4804001924462607,-1.1195095837231337,0.9238570049719372
2016-08-03,ETFC,24.5,25.1899,24.49,24.99,2215003,1.1603676447269269,1.1508081827314205,0.1131267034100277,-0.0798650353021602,-0.0925481889384189,0.0245367844940704,0.1621752416619042,0.2957020587359667,1.407243911358636,-0.4513758974177835,0.0010939438194706,0.3981359832823865,-0.9838261287230752,1.484719152354799,0.7428204514292844
2016-08-04,ETFC,24.99,25.13,24.76,25.1,1515971,0.2410489399352501,0.247164602160738,0.1200800356812745,-0.0355324954532902,-0.08942192930195,0.0266456183092248,-0.1764955964289588,0.2372829785823634,1.1387020746948489,-0.9141572177295428,-0.0003744827655441,0.319691133739622,1.1602193973819313,0.306244328203103,-0.3627933050836925
2016-08-05,ETFC,25.5,26.0,25.425,25.93,2399592,2.025735874231957,1.989537621922411,0.8677869263168506,0.4919282415789088,-0.0553374170920587,0.1080186945509305,-0.2838852910015372,0.3346928134478502,1.2893490728779184,-0.2267203889965084,-0.0001959012789805,1.2383137345041173,0.240660867165494,1.24769394400823,0.2567668846509993
2016-08-08,ETFC,25.97,26.18,25.9,25.95,2228854,0.0150240398627487,0.0229590068843851,0.7634047692970937,0.472185415666521,-0.0289010691567791,0.1534309123616499,-0.4535874329675788,0.3366058890922921,1.267630046368621,-0.3301970237698112,-0.0005366880536819,1.1147406605140129,2.0258133780896004,-0.084500443931585,-0.692077633419086
2016-08-09,ETFC,25.94,26.17,25.79,25.79,2103768,-0.4168606287847484,-0.4077203467765608,0.5297166432271884,0.0419623718469259,-0.0157614256354991,0.1555351983462413,-0.4434284418738358,0.0899349295851106,0.5743284027409841,-0.392540161617372,-0.0017739590290103,0.7711529492899979,0.0145770033001494,-0.463200428035425,-0.3633469118184881
2016-08-10,ETFC,25.8,25.95,25.36,25.44,1263007,-0.8779093088331027,-0.870812531464141,0.1131670420064198,-0.0389426908262801,-0.0205815228774072,0.1109905635794951,-0.518812076433011,0.1402767367506894,0.4209457210955384,-1.0208854533820753,-0.0016371525064341,0.0986741960686003,-0.4174203323947668,-1.0805275065820847,0.341502630296992
2016-08-11,ETFC,25.56,25.585,25.34,25.53,1094516,0.1872564480989366,0.193878664049991,0.1710605322465112,-0.4049584245764805,-0.0222985735485699,0.0833420442214443,-0.5295566807341286,0.0943697207725074,0.2344085099439316,-1.12700617361782,-0.0008442545111457,0.2621585339756084,-0.8785892875935685,-0.1149923550335457,-0.7915389196322998
2016-08-12,ETFC,25.5,25.5,25.0,25.22,1665952,-0.7889690796580213,-0.7812080474001742,-0.1677595635744782,0.0157440676022053,-0.037127748168548,0.0274728474109216,-0.5509287797294975,0.1349242254854514,0.021265855342107,-0.6008902132309667,-0.0017730498375107,-0.3009541854818681,0.1868543423206751,-0.8559047800676053,0.0609532456387903
2016-08-15,ETFC,25.26,25.55,25.26,25.47,1431009,0.5841534166883686,0.585963299814482,0.060030981465078,0.0157440676022053,-0.0402729662799784,0.0128517928806895,-0.5758298864892882,0.1513716667554748,0.1928929298602445,-0.7868670777128391,-0.0006795418351178,0.153168975370932,-0.7896258563144408,0.6017861761326753,-0.6424095220194703
2016-08-16,ETFC,25.33,25.54,25.32,25.39,1094133,-0.2285454344881451,-0.2195622632078482,-0.0474184673785468,-0.0586192163412295,-0.0470675984601735,-0.0082385797332376,-0.6014492840936887,0.1552922065241343,0.1095165604644962,-1.071864168003807,-0.0016006629499666,0.0078495638980392,0.5838548506113902,0.1526454353131237,-0.8691896317288021
2016-08-17,ETFC,25.41,25.45,25.17,25.23,1593505,-0.4253271182692079,-0.4161932190890962,-0.2013823340832476,-0.1033398685673876,-0.0597565971455627,-0.0402828757394972,-0.6035169900721049,0.0596047050748516,-0.3001519846389628,-0.602316561883335,-0.0018412336608363,-0.2827892590477531,-0.2290560117492427,-0.5615121954388,-0.6664154332669527
2016-08-18,ETFC,25.12,25.355,25.02,25.05,1974568,-0.4771675353126653,-0.4680980179815306,-0.3793176337010869,-0.2137510250719686,-0.0776972279391292,-0.0794359231861272,-0.5932065078065283,0.0508399779006139,-0.2664743096699636,-0.2292704814802793,-0.0021882878612521,-0.6097579348617688,-0.4258890305577033,-0.2368509840246979,-0.4767854622957579
2016-08-19,ETFC,24.95,25.34,24.85,25.23,1657393,0.4143671006506572,0.4185394150041825,-0.1625573365780675,0.0833658289377525,-0.0855413656912976,-0.0847701618621155,-0.6406085983365613,-0.0773546972081724,-0.4975117703497348,-0.4628103621308226,-3.8844607202040936e-05,-0.2827892590477531,-0.4777429713660666,0.8215591944332464,0.0272659145957203
2016-08-22,ETFC,25.11,25.19,24.96,25.04,1525226,-0.5018437293271618,-0.492820151627053,-0.3624551048678069,0.2643023746487991,-0.0997813930862133,-0.1055004626405584,-0.6454159643038724,-0.3351221514161293,-0.1380920967349974,-0.4650469218793933,-0.0020153957728801,-0.6279228612958837,0.4140242419087412,-0.2369348288805999,-0.8258128112949489
2016-08-23,ETFC,25.21,25.29,25.095,25.21,1763097,0.3896823265472823,0.394160370110873,-0.1843644348051486,0.0214664843523942,-0.1048635976266254,-0.0985126248842174,-0.6448385121298307,-0.3512354856251276,-0.1849332288551121,-0.1597925803083499,-4.883470592907515e-06,-0.3191191119159764,-0.5024256027332247,-0.0263165508545973,-0.946680203296006
2016-08-24,ETFC,25.18,25.37,25.12,25.17,1365588,-0.1317791251597169,-0.1230986280515787,-0.2222843458298398,-0.1204701523014764,-0.1108834508638423,-0.0953358462834587,-0.6430419920953404,-0.3505079423032421,-0.2082082677114371,-0.5477842023897685,-0.0019057329815595,-0.3917788176524229,0.3893330282143913,-0.0563212312201474,-0.7635442081790967
2016-08-25,ETFC,25.14,25.52,25.14,25.51,2930603,0.8079945310252371,0.806000257273275,0.110951016720939,-0.6800594209483377,-0.1027846161773606,-0.0564531637350319,-0.6378388602797811,-0.3056566354964349,0.0546037831549913,1.0918244017514058,0.0006267964168798,0.2258286811073852,-0.132264458703792,1.085623007990828,-0.3498685286011616
2016-08-26,ETFC,25.68,26.13,25.59,26.05,4074984,1.2848926378276502,1.2722019755035452,0.6196489648112016,-0.092069945058119,-0.0759349991600879,0.022917173235662,-0.5543464942675412,-0.1976859635934541,0.4005435061400095,2.193861788774931,0.0003105260108128,1.2067347085494318,0.8077543590503746,1.0622411013795925,0.136279323746173
2016-08-29,ETFC,26.04,26.505,26.01,26.14,3209402,0.1820989041602735,0.1887672777086833,0.6467775564808534,0.1582286052847586,-0.0522087867930543,0.0783738530107111,-0.4960060232151517,-0.2218801052131329,0.56390141987517,1.267961330512434,-0.0004583703024881,0.8798503247374305,1.2847768756906768,0.2638208729567357,-0.0131400698432174
2016-08-30,ETFC,26.13,26.46,26.0,26.44,1871187,0.6815185418593,0.6817698211271448,0.8539021895742874,0.820052823126239,-0.0230295725244713,0.1367751298540086,-0.4797995623765564,-0.2994042202698145,0.982530190385569,-0.1037456375660751,-0.0008861754648098,1.335647089694745,0.1816954529180729,0.8700115547613954,-0.1413694653021596
2016-08-31,ETFC,26.48,26.61,26.04,26.38,2816626,-0.1742775199773782,-0.1654455859049342,0.7183005476583879,0.677599536957191,-0.0039171579660171,0.1575843821708592,-0.419024724926047,-0.3654002243267941,0.6494219630719739,0.8323057127656855,-0.0017182883575865,1.0296021286189532,0.6812453757142269,-0.3116329600708781,0.2094452338862061
2016-09-01,ETFC,26.52,26.61,25.84,26.16,2840163,-0.5522063633582622,-0.5433071982650665,0.4368647909589508,0.8001602392362059,0.000865216179933,0.1373465066886864,-0.4092977046884906,-0.3313159337497227,0.4527518347270038,0.7624407561290036,-0.0018214342980547,0.5929459727331577,-0.1747739402050329,-1.0519063946618816,0.8617518479763905
2016-09-02,ETFC,26.17,26.52,26.03,26.48,2191255,0.7285701648819848,0.7280151740109339,0.7356263270903247,0.8478982215725239,0.015375702679555,0.1461962000355882,-0.32537734330097,-0.6205477195931824,0.1440387554582523,0.1322712369458452,-0.0006785688454237,1.1973426159045215,-0.5528013750155492,0.868641546193382,-0.0491403265145307
2016-09-06,ETFC,26.47,26.5,25.86,25.96,1909343,-1.255585903295687,-1.2527609358497445,0.2029150996328393,0.3183963312787743,0.0046605759835764,0.0883456605968593,-0.3245945537860202,-0.4782205213967194,-0.1618173930584034,-0.132734485304584,-0.0016512292617093,0.2151980707510572,0.7283092732347743,-1.4819799596887335,0.4633043698851467
2016-09-07,ETFC,25.96,26.13,25.8,26.11,1299940,0.3267383800910884,0.3319525258675433,0.3397676799560276,0.5967177266989914,0.000371681244149,0.0586062394769285,-0.3009240379125889,-0.4826852813837605,0.0147524355476539,-0.7163879852041912,-0.0009165675906341,0.4985089972376311,-1.256364407680854,0.4102307439863271,-0.537992472493775
2016-09-08,ETFC,26.09,26.62,26.09,26.49,2481486,0.8730956555105208,0.8698484868747578,0.6731089214041145,1.0232454771218358,0.0101151005745808,0.0709336374359135,-0.2315715313982621,-0.4992175767405396,0.4386895988035375,0.4147988863363928,-0.0006855995810884,1.1987298257140542,0.3263726613823079,1.1320090169563617,0.0761225095538615
2016-09-09,ETFC,26.46,26.86,26.36,26.55,4054548,0.1080187644196008,0.1153035249896618,0.6807071380222394,0.9616772390897634,0.0182911793903445,0.0767612482995097,-0.1628306754105307,-0.49995007926338,0.4192947114194152,1.7017842755982573,-0.0004846163147824,0.9301940374629508,0.8728724666610431,0.2306623102354364,-0.0218161931491984
2016-09-12,ETFC,26.14,27.43,25.96,27.2,8595461,1.4912120313014448,1.4728110581834013,1.2367872377435447,1.4683636640351518,0.048101318829532,0.1371090366130496,-0.002044446165703,-0.4224087050885244,0.9855511250815024,4.811310660433535,1.960255263961942e-05,1.1465369872270814,0.1075959876694049,3.037374813724521,2.912759295784769
2016-09-13,ETFC,26.89,27.22,26.56,26.74,3949701,-1.0858893242776615,-1.0808534067481967,0.7035268395849059,0.9025354603317848,0.0513345862108545,0.1169788560975641,0.0465306348527508,-0.3127592287682344,0.5648323509660614,0.9568141869748368,-0.001641408816715,0.5538534572954726,1.4911500923227714,-0.4477657057103307,0.4657055341836789
2016-09-14,ETFC,26.34,27.61,26.34,27.24,8909667,1.1311407837728755,1.1222817163862628,1.1116436336808353,1.1397813098612044,0.0710595195528043,0.1433239759701459,0.1578919661431611,-0.2528215530903071,0.902633984077196,3.858308526744703,-0.0001924466244338,0.9972457199995068,-1.086623559407856,2.555179525243464,2.294244789782545
2016-09-15,ETFC,27.28,28.59,27.1491,28.32,6143165,2.435384298301633,2.382648120005657,2.0324127932115164,1.3643687004468317,0.1260466255543896,0.2551642972693776,0.4846284630099584,0.0340631939648079,1.6312324443288264,1.7431232062888105,-0.000717366370199,1.2028977321101395,1.1309849119291004,2.8539567837087745,2.648995447790077
2016-09-16,ETFC,28.0,28.41,27.8851,28.13,4645168,-0.4506876788119368,-0.4415798390971875,1.6768964873612744,1.0416372888077925,0.1586220969267061,0.2869493925806929,0.620123490368246,0.0314207608893605,1.6382944082307858,0.7074997886091081,-0.0015767213842639,1.0340221994593164,2.4355686683709536,0.3244595945332966,-0.0362006503533037
2016-09-19,ETFC,28.82,28.94,28.29,28.49,3142767,0.7637651904885833,0.7625845351950563,1.8610166924496967,1.129877414727547,0.1946662881722874,0.3213058940708505,0.7968699303456517,0.0421068668496844,1.7301905663311197,-0.2221641349437463,-0.0009858083251762,1.067029080874009,-0.4512562069858402,-0.8914133275012058,0.3100997042255431
2016-09-20,ETFC,28.7,28.745,28.09,28.19,3372840,-0.6885738334895168,-0.6802185508497957,1.398721697963714,0.7931449801831969,0.2073386694443706,0.2886324587279086,0.801011289480665,0.0638883979210151,1.680072210940983,-0.1392591052461085,-0.0014950570572903,0.7944688294147667,0.7635134802731457,-1.368874405622527,0.3451167803442864
2016-09-21,ETFC,28.35,28.65,28.05,28.5,4995446,0.6516436030837796,0.6523888769926776,1.5318262995864895,0.9467153783617588,0.2252887402993658,0.2760783925865752,0.8361976455643055,0.0693853509154656,1.7491731064291416,0.6552599778355953,-0.0008315779711573,1.0599887321733308,-0.6892044197372883,0.3734283441743408,0.1632205045778267
2016-09-22,ETFC,28.9,28.93,28.42,28.5,5831180,-0.0329960430517004,-0.0247793014886723,1.3596601796198786,1.1168035228560358,0.23510798259947,0.2451065269423045,0.7978619124890746,0.064032791795393,1.775558803011553,0.9293562545697608,-0.0012427088046935,1.0579735215416488,0.651362643373924,-1.0720159994424143,-0.0999611556714236
2016-09-23,ETFC,28.42,28.7,28.26,28.4,2624051,-0.2514452974326779,-0.2424125058470351,1.1151937031443528,0.92901363377899,0.2345543040998211,0.1936293148541638,0.7524581809635312,0.0713843986902399,1.4963461827059406,-0.7009095914855284,-0.0014308063806629,0.9070405342170784,-0.0334556067571959,-0.07948459108013,-0.3001274888187418
2016-09-26,ETFC,27.95,28.26,27.8,27.89,2703661,-1.1510100967233496,-1.1467662035179549,0.530478598678574,0.937061977785487,0.2099280784221106,0.0904852231469588,0.7004225593967223,0.124523482334672,0.869883937571062,-0.6356922346147407,-0.0014506032352157,0.331289384576765,-0.2519618486496288,-0.1885028517357461,-0.2167525390233296
2016-09-27,ETFC,27.72,28.15,27.53,28.1,2237760,0.4357808617421855,0.4396801869512425,0.6357646446024875,0.9584360154047408,0.1947353717100882,0.0322516652044763,0.6577636132866854,0.1280323344850352,0.933733343169582,-0.8636293557152185,-0.0010567058833607,0.5536072580999899,-1.1517613201045511,1.009386131720396,0.2475135630206456
2016-09-28,ETFC,28.35,28.43,27.98,28.4,1968210,0.6316805138726149,0.6327481121006919,0.8264689303109012,0.9298239836016308,0.1906083769167003,0.0141477708370821,0.6639560513241063,0.1253090610017986,0.9212385213895212,-1.0071519859430462,-0.0010893867428742,0.8712042202760213,0.4354435892722801,0.1069317474883757,-0.2707821159036213
2016-09-29,ETFC,28.38,28.9,28.11,28.42,4648690,0.0108476453275869,0.018808579855719,0.744739848693888,0.9151739352535464,0.1843041333934695,-0.0059395454069493,0.6403388675968216,0.1190518532768349,0.9682531874142916,0.3480943305588959,-0.000899538033939,0.8923773510877603,0.6313943463318682,0.0801694042693986,0.7253291174254558
2016-09-30,ETFC,28.63,29.36,28.63,29.12,5359564,1.500453156420679,1.48178122594884,1.2638524994005922,0.9334501612433448,0.2028227620925543,0.0418842473818711,0.6478878439154507,0.1715915930315308,1.4943038826375812,0.628205126555607,-0.0008905997659094,1.2187766260731687,0.0103995192564328,1.266745786855164,0.4979215399909723
2016-10-03,ETFC,28.94,29.2,28.8,28.98,3174833,-0.3323135310256339,-0.3231730495834013,1.007325534570649,1.209304415531091,0.2078964795763206,0.0455363115936712,0.6400868962927916,0.1819449343061726,1.2190930576833212,-0.4801422848741249,-0.0014278033377088,1.088050385836666,1.5003936282020012,0.0781088605627743,-0.4410014805354727
2016-10-04,ETFC,29.11,29.42,29.015,29.1,2287686,0.2248012136711965,0.231074710894487,0.96624038039816,1.073755342303493,0.2124944692282993,0.0472334477135614,0.4978724730918284,0.0382536418348601,1.6089392863267686,-0.9223695785034062,-0.0010998046016717,1.1490284505405106,-0.3328511785809602,-0.0522704447606279,-0.4314253428925498
2016-10-05,ETFC,29.24,29.81,29.22,29.65,3304992,1.1437022601860312,1.1345437791678794,1.307530230843367,0.8395451188015142,0.2333974062221562,0.0905598103840729,0.4157607796996593,0.077082837770915,1.8237289214064412,-0.4619819048687502,-0.0010463668337121,1.3047309480394318,0.2244089023084124,1.033062105636262,0.0670608198324626
2016-10-06,ETFC,29.75,29.83,29.44,29.65,1392621,-0.0329960430517004,-0.0247793014886723,1.1529143393018924,1.048174839679266,0.245437741184642,0.102408715458017,0.3507350898858915,0.0690668844629017,1.5844859222371428,-1.3688079547260412,-0.0012427088046935,1.288265657428119,1.1435496652922417,-0.2802721312259289,-0.4951034909866305
2016-10-07,ETFC,29.63,29.69,29.28,29.56,2834058,-0.2219749089833051,-0.2130075315842862,0.9241490715997284,0.7521004794551558,0.246895588285297,0.0846486979342771,0.2161035712393897,0.0841412650067759,1.4975518280726197,-0.6492843272425226,-0.0013999494328013,1.2109591100457358,-0.0334556067571959,-0.2048054121854419,-0.435378287396387
2016-10-10,ETFC,29.85,29.92,29.38,29.41,2135467,-0.3489197786669498,-0.3397702278825369,0.6805470515816159,0.9343270686249696,0.2377112707769536,0.043047935412492,0.1517051884366,0.0137780217929686,1.0258051986522925,-0.9033933670474698,-0.0013683058669343,0.9693221644566636,-0.2224837721717292,-1.139977705648799,-0.0610939105954978
2016-10-11,ETFC,29.3,29.53,28.7301,28.93,4227743,-1.0491081817568224,-1.043655901962889,0.1374471462264377,0.18695998426755,0.2074543856108551,-0.044473100999853,-0.1224466472575768,0.007801798866039,1.0353481604279535,0.206097553338836,-0.0015031490236261,0.5236218465872787,-0.3494617583438499,-0.9803834624373275,0.7130090851918509
2016-10-12,ETFC,28.91,28.98,28.64,28.71,2203552,-0.5064411951321416,-0.497427267598879,-0.1313985297684465,-0.0166386832057244,0.1711483164560646,-0.1300604255822471,-0.3248034397302285,-0.0203700440791068,0.6250791366292926,-0.757720769647122,-0.0013925113426518,-0.0087289060789457,-1.0498328216801724,-0.5489854208682244,-0.604354475738106
2016-10-13,ETFC,28.14,28.23,27.74,28.12,4157832,-1.3124193145306693,-1.3104416788476478,-0.6615646803040779,-0.391195812883331,0.1161209631922452,-0.2467185482650997,-0.3040134838028815,-0.2897372068842953,-0.2711955197576488,0.4549182999345738,-0.0015414955086036,-1.0606889329102478,-0.5070242678928828,-0.0800136263062451,-0.1390827538165709
2016-10-14,ETFC,28.51,28.79,28.38,28.51,2268074,0.8304689151433777,0.8280495558474543,-0.3223098139418049,0.272315141399322,0.0851820201747916,-0.2780418931099508,-0.3362201455891468,-0.2500444734124566,0.0309193822092539,-0.631002817117434,-0.0010600582079875,-0.5182492678045683,-1.3132126452180957,-0.0263165508545973,-0.3928057552963583
2016-10-17,ETFC,28.49,28.61,27.99,28.13,3950764,-0.8628120461895419,-0.8555933735643867,-0.6533194506188548,-0.1675888019913664,0.043509851152059,-0.3307277079550636,-0.3049202706113834,-0.2447792681612553,-0.353056375006047,0.3871881401897203,-0.0015412222125722,-1.0467802235485666,0.8302346061284326,-0.9809898628156074,0.2455524850326317
2016-10-18,ETFC,28.56,28.69,28.325,28.42,2244930,0.6088393950779852,0.6102681413013178,-0.3986474563462448,-0.1746883318870336,0.0199711353013902,-0.3262011635266814,-0.3249124927940895,-0.245580061293329,-0.0476505435681988,-0.6384912992092351,-0.0010526416036041,-0.6434276520597247,-0.863488086481871,-0.3966684388961094,-0.5209715549371322
2016-10-19,ETFC,28.54,28.71,28.34,28.48,2155685,0.0984424597602122,0.1058005350841924,-0.3429210461979735,-0.1464950064359572,0.0019591476963267,-0.3083542246202876,-0.3239035069861194,-0.2776188848474962,-0.1777833002520569,-0.6322590298300076,-0.001071895778797,-0.5599753958896221,0.6085472689061475,-0.1851500165037952,-0.5085950396679692
2016-10-20,ETFC,28.48,28.62,28.02,28.2,4184634,-0.6450834903691843,-0.6365218645905679,-0.5852963305223098,-0.9137763402009376,-0.0247459426733005,-0.3164525703627405,-0.3008051972503114,-0.2510949529547828,-0.3220722078006661,0.7718344851643008,-0.0015550674751742,-0.9494192580167776,0.0980171848107297,-0.769100955522143,0.1818858705529613
2016-10-21,ETFC,29.73,29.97,28.69,29.5,8710612,2.83705533099624,2.7656949274145224,0.5515763896272208,0.1236888305533557,0.0035157335899443,-0.1814477358754292,-0.2565000005772562,0.2505481978573781,0.4013682781101758,3.2782603570976008,-0.000510051452134,0.8025650953904395,-0.6457027311608508,-0.6108073206799638,2.0248218527815656
2016-10-24,ETFC,29.6,29.63,28.7538,28.86,7192209,-1.3836788904784854,-1.3828396748495086,-0.0767088382452211,-0.3194595736849016,-0.0009593685856556,-0.1577077724361213,-0.339073746625953,0.2856239855044145,0.3433137649802164,2.0712189702879287,-0.0017213055042878,-0.0693513734469377,2.83734448619125,-1.9151111798663536,0.9389346172944704
2016-10-25,ETFC,28.88,28.97,28.07,28.09,3894161,-1.6940732736097512,-1.699184018208962,-0.7776579741822854,-1.0039554240339952,-0.0360898729110417,-0.217622279097271,-0.3375639242402295,0.435007992141018,-0.1727034797905736,0.132993584800975,-0.0015558403469521,-1.3595702569514565,-1.3844908108649798,-2.093003194787121,1.078906546883279
2016-10-26,ETFC,28.01,28.43,27.87,28.38,2763357,0.6097533650859943,0.6111678170237456,-0.5125950357102332,-0.8200096985150785,-0.0535962335251784,-0.2201896419062879,-0.3357752883377498,0.4335436037822094,-0.1778195902187448,-0.5160453962043782,-0.0009922465014011,-0.9272775906472772,-1.6949661675089025,0.9716898936071564,0.0531750840366812
2016-10-27,ETFC,28.62,28.82,28.285,28.52,5777865,0.274126058773571,0.2799074857614514,-0.3895703164756253,-0.7014102093705348,-0.0629310716473723,-0.2012101739288564,-0.3431162277364763,0.4379519453667381,-0.1158001393035098,1.1024158610193773,-0.0007623699644601,-0.7185845793280166,0.6094614773442508,-0.2902990287039025,-0.0279522418514668
2016-10-28,ETFC,28.62,28.78,28.045,28.31,3707527,-0.491417777788777,-0.4823735858368446,-0.5445458703913648,-0.7255889167890501,-0.0793748365172662,-0.2043248546180522,-0.3279252193770729,0.3182838760327473,-0.5759970427711072,0.0208690650997616,-0.0015054559567098,-1.0316240963069074,0.273746614930904,-0.8446622321874375,0.5724179405358385
2016-10-31,ETFC,28.46,28.535,28.13,28.16,2783194,-0.3628690781907534,-0.3537153481531478,-0.6447093124792898,-0.5863178682785565,-0.0988664520104843,-0.2146617142062697,-0.2953273705329561,0.3190617867923218,-0.5830383922608067,-0.4855737387392159,-0.0014605761501435,-1.2552237512918265,-0.4919969313456263,-0.8227162538813391,-0.3927071383137213
2016-11-01,ETFC,28.24,28.49,27.75,28.1,2909425,-0.1656481115856001,-0.1568445834653431,-0.6547736246647642,-0.512830813252327,-0.1170222159892099,-0.2194927430747096,-0.2713642239387963,0.3125331024879605,-0.6721693730235401,-0.4287968813796313,-0.0014898594515311,-1.344663613285793,-0.3634146968632118,-0.4008650608569197,0.6034175875570018
2016-11-02,ETFC,28.01,28.11,27.44,27.51,3176261,-1.3401932716695364,-1.3386492773525538,-1.1003587642257329,-0.512830813252327,-0.1545452500131462,-0.2732085858657317,-0.2452993410990323,0.2859349749086554,-1.227484233667291,-0.2775145908319322,-0.0015389041285217,-1.7893293830278785,-0.1661422806336342,-1.3749739082353551,0.438424397459329
2016-11-03,ETFC,27.59,27.975,27.47,27.58,2390511,0.1254213551635097,0.1325691514085444,-0.9440023617914642,-0.7129224891698863,-0.1811357502065276,-0.2880411062180645,-0.2775423950132119,0.2911781336704083,-1.1928110982108393,-0.732579062321484,-0.0009931527539242,-1.6973559808061534,-1.340993847832371,-0.0537003077087046,-0.0653219451309899
2016-11-04,ETFC,27.58,28.04,27.335,27.63,2365830,0.079872045234344,0.0873681352438682,-0.8113120322187513,-0.489645246652427,-0.1996359919144572,-0.279082936429065,-0.3415441364355691,0.296868731496466,-1.12637548051115,-0.7378178181085979,-0.0010161056618042,-1.5091458389325187,0.1250031182792987,0.1106518776451689,0.5351801076445393
2016-11-07,ETFC,28.37,28.6,28.271,28.53,3270280,1.9949530611365216,1.95989647434364,0.0620412933208975,-0.1301700588804887,-0.1785158197444968,-0.1699341373263575,-0.4626311804553203,0.5405000277709667,-0.6069248781773254,-0.265949658297218,-0.0009531208978705,-0.3737517654227448,0.0794419257651879,0.3997774084571833,-0.6302603626650575
2016-11-08,ETFC,28.49,28.71,28.19,28.65,2249158,0.2288674164586171,0.2351018057181845,0.1863167980102847,-0.0990649862710916,-0.1569422624686272,-0.0814480925864315,-0.4938838481124714,0.4992058562126105,-0.3096212243459627,-0.7877607380919912,-0.0010623611187129,-0.2223658889547785,1.9950225345894883,0.3979826989058525,-0.0786800324749989
2016-11-09,ETFC,28.94,30.48,28.94,30.01,7177432,2.92235931464697,2.846739455354846,1.3830181985060577,0.6129635897691158,-0.0870144961511253,0.1138036448795661,-0.211828667774082,0.8748062776170283,0.4975357418176973,1.7074660781567648,-0.0007023069531017,0.9461012251347084,0.2284761658583363,2.7670632045601566,2.6854146227945748
2016-11-10,ETFC,30.63,31.805,30.39,31.58,5909131,3.224088891062519,3.1325546420746955,2.6578035883588025,0.696634479916391,0.0281712223512994,0.3864982246781221,0.4942035312832524,1.1467786759874825,1.6396162698268848,0.9761141098343478,-0.0008703124218137,1.2755541781605448,2.922670723347762,2.316948088467848,2.1429166221272133
2016-11-11,ETFC,31.45,32.49,31.33,32.45,5493963,1.68215571830877,1.6578926469727484,3.2530451249554737,1.2903943911012563,0.1502677993278366,0.6224423192615623,1.2180921672575675,1.2061172994171685,1.862161952506052,0.6538483014815679,-0.0009374386135495,1.4170849090313544,3.22447901286188,2.3759659661714863,1.3878870900211966
2016-11-14,ETFC,32.74,33.37,32.44,33.08,5214399,1.1757116187080543,1.1657791930854202,3.5704028671446597,1.9083810270692692,0.267049740586623,0.7975178140802331,1.8630257348256736,1.1613283133831214,2.416896321377969,0.4778343769642235,-0.000981684149691,1.2831417769056748,1.6821435913817857,0.7582774306530244,0.7516929996333415
2016-11-15,ETFC,32.84,33.56,32.51,33.56,2920806,0.8703853958635879,0.8671917002058133,3.7380188900407303,1.9307861566125524,0.3725008751337448,0.9084129085148228,2.444140272337002,1.166344321102466,2.488711105328297,-0.6428474818096959,-0.0011090672506058,1.442878752192886,1.1755673741915216,1.630117228546692,1.0161821229661083
2016-11-16,ETFC,33.13,33.59,33.02,33.27,2690232,-0.5709826602920991,-0.562140419054947,3.2355905291016995,1.7151504557213049,0.4379143820410674,0.8940728197500074,2.81071921633503,1.2040236579181522,2.302627410991161,-0.7616133598692095,-0.0013601453793441,1.2728167071118954,0.8701614999805563,0.29294846340637,-0.1634823078145336
2016-11-17,ETFC,33.26,34.14,32.97,34.11,3494470,1.538893091267669,1.5190801309240505,3.681955659330485,1.9525088447328307,0.5151789848264707,0.9131052655162788,3.2129606835177458,1.19108797481351,2.9104488535989077,-0.3645051667757024,-0.0010834247389666,1.4282240209477313,-0.5715825701782201,1.9045017710455725,1.2673335383411846
2016-11-18,ETFC,34.19,34.465,34.0,34.06,2841974,-0.1242567254008252,-0.1156060493184977,3.4100538043173265,2.0170762169946803,0.566220777306904,0.8608341598198932,3.5639077327526083,0.987760940858458,2.1027151114272145,-0.5756565654244888,-0.0013652196041937,1.254057781272239,1.5388435909899594,-0.3135856959514316,-0.4535229730761329
2016-11-21,ETFC,34.16,34.32,33.76,33.79,2875194,-0.5265271682606398,-0.5175594230582459,2.933457457799188,1.8833283771474496,0.5875763907633776,0.7426055614912626,3.768057497498358,0.8854397015404337,2.341348037307866,-0.4717041221299869,-0.0013723755848299,1.1281771339918067,-0.1247400965539385,-0.84464677653884,-0.2101199585161957
2016-11-22,ETFC,33.77,34.21,33.68,34.2,2695457,0.72242850191478,0.7219807134152894,2.99265190651303,2.302977725042826,0.6118870836820494,0.6556290064935001,3.892841583548611,0.6636991641463208,3.027069777131569,-0.5457019730778421,-0.0011151899531093,1.3193292280102409,-0.5271154809093678,0.9356990730424148,-0.2997842680828833
2016-11-23,ETFC,34.39,34.655,33.95,34.57,2786940,0.6405558246229778,0.6414808911911623,3.0128725064180526,2.319583320291879,0.6366796795319539,0.5872881723445097,4.0162968394589385,0.6637889990091353,3.035826134097119,-0.4953448506527324,-0.0011166539706526,1.4042782835203975,0.7221660080735512,0.3691275122127067,0.1082799690036674
2016-11-25,ETFC,34.59,34.67,34.29,34.67,766416,0.1470966312282446,0.1540671050466346,2.8073884408410312,2.322233648347166,0.6510623719619403,0.5058205928249305,4.088871696475223,0.6683352894533537,2.999503398737126,-1.5867590441343542,-0.001209549498132,1.442878752192886,0.6402719724111366,0.1484201595483362,-0.6778676971994029
2016-11-28,ETFC,34.33,34.5597,33.77,33.89,2303061,-1.4336672068501235,-1.4336771568903757,1.898252088213038,1.7511501353825751,0.6228869745210365,0.3311027385027385,3.992618436562016,0.7999789708725066,2.727293319179386,-0.6404311614840353,-0.001341175211844,1.089387054959737,0.1466840488382388,-0.9946470335404888,0.3506730463989067
2016-11-29,ETFC,34.08,34.345,33.82,34.07,1784880,0.2976751505081726,0.3032080729111965,1.7840489371127977,1.7585130674287412,0.599040279396057,0.2024704602892295,3.832966168847837,0.7649483673578118,2.9148209072967948,-0.939652067512631,-0.0011635898903946,1.1709620620135406,-1.4344921678384728,-0.0484855018993318,-0.3070870019726611
2016-11-30,ETFC,34.49,34.89,34.45,34.51,2948372,0.7710408368829781,0.7697284351739363,1.8627771888679308,1.6322778899852255,0.5889726295775396,0.1350316631362921,3.63220798895661,0.7398347696008968,3.1827288300936183,-0.2207105811701093,-0.001115638012817,1.2756796808192057,0.2973018499876185,0.0174942842630918,-0.5287339812701976
2016-12-01,ETFC,34.85,35.385,34.65,35.3,2826376,1.3922096835167368,1.3766299135673978,2.162663723155574,1.4972611349804237,0.6034327557839926,0.1442146986659884,3.310459427067976,0.56876947861426,3.991309700518761,-0.2867541461378093,-0.0011262290797623,1.4077786986919405,0.770791024687213,0.949244520084031,0.1439602792054832
2016-12-02,ETFC,35.11,35.11,34.42,34.93,2063528,-0.6855590423285828,-0.6771884608144754,1.5477750573881353,1.0288576843642427,0.5918127381345635,0.0844312857643474,2.838297398389467,0.648070652786239,3.746451221418471,-0.7546150405260513,-0.0013243248226611,1.2549902305113545,1.3921219174989896,-0.4136512511930932,0.0549742066797198
2016-12-05,ETFC,35.32,35.85,35.0,35.21,3202227,0.4660663817866038,0.4695672997138006,1.4505393750969788,0.9217787568011736,0.5851816178446811,0.0494458913645592,2.240141905278274,0.6314317853670365,3.861623497229611,-0.0685282637873475,-0.0011122178191299,1.1651403469757584,-0.6861888420987519,-0.261613730006683,0.4205968702291436
2016-12-06,ETFC,35.33,35.62,34.905,35.52,2296822,0.5151434521076095,0.5179681494208433,1.403309278575232,0.8648337588270693,0.5837019601437193,0.0347173518681637,1.7114160377720935,0.5519324661439924,3.430804898629221,-0.6057684313253725,-0.0011533162812027,1.2996698870028054,0.4657370099910466,0.3799908134389116,0.086286301154737
2016-12-07,ETFC,35.51,35.75,35.035,35.5,2366207,-0.0680512443459533,-0.0596520610095941,1.107394574492674,1.0721395436732366,0.5734358568368497,0.0003183605367213,0.9799210434366328,0.5686556649578985,3.343966826923508,-0.564996503149649,-0.001331928028992,1.2745048682413842,0.5148268831944198,-0.0475927505618502,0.0872314336608036
2016-12-08,ETFC,35.56,36.04,35.34,35.44,4423064,-0.1382208951619764,-0.1295155817086229,0.8431435780041876,0.6955964570081955,0.554846493473094,-0.048624760633138,0.3969118465566843,0.3096918144135361,2.4899027198835526,0.8438756712210549,-0.0014150225309547,1.08986832343793,-0.0685199530068343,-0.2812719563455071,0.0547991659875559
2016-12-09,ETFC,35.46,35.74,35.16,35.64,2507223,0.3183472836897143,0.3236548363445251,0.8351685475702905,0.8274554174730113,0.5400637566705956,-0.0779810663299606,0.1211205992352116,-0.1710809805942078,1.7206608287691527,-0.3119003058036566,-0.0011385663472217,1.1605703413697457,-0.1387079091898913,0.3571950489447423,-0.2350472902999019
2016-12-12,ETFC,35.57,35.69,34.79,34.93,1940939,-1.2732655891793874,-1.2706984516929978,0.1975146886165384,0.4801135005270928,0.4930263925273461,-0.1844889664115121,-0.0941688040397301,-0.1418968516812455,0.9549465573898802,-0.6164513405599417,-0.0013204136668942,0.4179227781481182,0.3179793759704761,-1.3856964356648556,0.5560214556512411
2016-12-13,ETFC,35.11,35.26,34.38,34.92,2576758,-0.0508197010816369,-0.0425077433829103,0.1193100881757507,0.2701893053226504,0.4484893406071611,-0.2632595258564984,-0.2261956018818534,-0.2092226536427877,0.6494290694451247,-0.0531605882697135,-0.0013488400284572,0.3881809272819559,-1.2740487057171783,-0.4351698456563387,0.508903937665803
2016-12-14,ETFC,34.73,35.83,34.58,34.92,5198926,-0.0329960430517004,-0.0247793014886723,0.0673682680092591,0.0536541435367791,0.4068078388491302,-0.3189258364523003,-0.301764241126042,-0.2485738829863393,0.4276871547252401,1.8053476477246704,-0.0012427088046935,0.2301480284353666,-0.0512839144982016,0.3870102323440688,1.391954277276463
2016-12-15,ETFC,35.22,35.87,35.11,35.28,3139407,0.6088393950779714,0.6102681413013042,0.2626873515473248,0.209525202646978,0.3818451623495943,-0.3204249165217194,-0.4373219653241236,-0.2669724782906118,0.719807827319418,0.2613933045941065,-0.0011082617937951,0.619954332500284,-0.0334556067571959,0.1023917713949305,0.2040007316005766
2016-12-16,ETFC,35.3,35.41,34.45,34.56,3462389,-1.3035682369002335,-1.301455106763678,-0.2976079347376286,0.2546253189456026,0.3282460515473912,-0.395333869507122,-0.4700135797073284,-0.2815624278739818,0.0262770017164236,0.5000785044398226,-0.0013841363450524,-0.6417774662032504,0.6085472689061336,-1.6101216788644406,0.7236999662197405
2016-12-19,ETFC,34.86,34.93,34.385,34.79,2175881,0.3813369611344384,0.3859161932010531,-0.1516228763088073,0.2824341211242641,0.2897835806588683,-0.4162995813290635,-0.5177458366397217,-0.2737345840609738,0.1472964251664154,-0.4257012391635653,-0.0011490586314372,-0.3178106214525031,-1.3043592585805208,-0.1780269628234133,-0.2857542449419395
2016-12-20,ETFC,35.03,35.365,34.75,35.18,2755527,0.6649238944143958,0.6654512944652453,0.089450491404054,0.2546253189456026,0.2698437606708705,-0.3853951662289733,-0.613382772639281,-0.2733784163721159,0.4366752796595248,0.0099915474481523,-0.0011279819804412,0.2315244631248592,0.3809854857210698,0.297199514634138,-0.1343987028387633
2016-12-21,ETFC,35.21,35.26,34.89,35.07,1849194,-0.2276630164696509,-0.2186819259599777,-0.0260958122456965,-0.3687456703997628,0.2451896568737726,-0.3728061195189431,-0.6623812645365714,-0.298190444380843,0.2061282573326313,-0.6438137180746978,-0.0013166439190226,0.022413513726269,0.6646463991739269,-0.3267212632222728,-0.7120505050335487
2016-12-22,ETFC,35.03,35.14,34.75,34.9,1873310,-0.3347886399937734,-0.3256465246753404,-0.1661441469959533,-0.2137510250719715,0.2147885563254862,-0.3775275528561403,-0.6770460081710703,-0.3171411298137065,-0.0272813656500328,-0.6008433315631672,-0.0013196581044478,-0.2265340022936564,-0.2281733635317163,-0.3066971409448429,-0.6600077068035373
2016-12-23,ETFC,34.93,35.43,34.73,35.43,1669219,0.9124698559238448,0.9084329878669792,0.2028453592930128,-0.0193028221860276,0.2074662675949981,-0.321900235199751,-0.6674457208530882,-0.258539854518467,0.1544664490162515,-0.7798542025869414,-0.0011721875635862,0.5495964888272813,-0.3353269332381915,1.055157614053362,0.0552637787629243
2016-12-27,ETFC,35.5,35.64,35.395,35.58,1306896,0.2305858261209441,0.2368036093115892,0.2510664722713091,-0.1406895035941745,0.2035244032660084,-0.2686972268578885,-0.7786784582178756,-0.4355680352694119,0.5649004089768714,-1.035469807881776,-0.0011888632420931,0.7540843795696652,0.9122569387399924,0.1439409931689934,-1.0174478297893617
2016-12-28,ETFC,35.6,35.66,34.82,34.84,1581001,-1.3278512355460144,-1.3261129556207412,-0.3310749217417803,-0.6329706957980149,0.1676485924850302,-0.3083322486212149,-0.9034598805407676,-0.2831073837943462,0.1644468286587825,-0.8191258586638144,-0.0013066080361093,-0.9601440459583108,0.2301950238073402,-1.6392198295612572,0.4180423952898806
2016-12-29,ETFC,34.8,34.9815,34.235,34.59,1661971,-0.4797385624157818,-0.470673370951803,-0.5208309474699369,-0.737010429890694,0.1262266444548455,-0.3543159278367149,-0.916291380878102,-0.3087807207776731,-0.1334310510902302,-0.7238203740776886,-0.0013114636335837,-1.2275163886888885,-1.3286485920049094,-0.4822324957884549,0.2072870107629548
2016-12-30,ETFC,34.75,34.86,34.45,34.65,1587366,0.0749970835720114,0.0825284946821553,-0.4520253493526903,-0.8474438186690819,0.0929926885136502,-0.3700271205251894,-0.8915604769383212,-0.4755844084122688,-0.4379091646398194,-0.7516135872336568,-0.0011753721476883,-1.1170172794110305,-0.4803146691807262,-0.2437317599494783,-0.6051838618064714
2017-01-03,ETFC,35.51,35.67,34.81,35.22,2849710,0.991162149565609,0.9854750342962566,-0.0366249214456906,0.0101832005608418,0.0863951986144029,-0.3140342696205097,-0.8938629634553868,-0.4200675696490142,-0.045544531724932,0.2401499195304127,-0.0011246866133696,-0.0672757412712947,0.0745656923570012,-0.6433263423650523,0.4436885619700862
2017-01-04,ETFC,35.41,36.29,35.25,35.98,2539532,1.3104482641294355,1.2970855943891997,0.5020493349155323,0.4306899291111515,0.1081342752139517,-0.1963021545319545,-0.8041598318146711,-0.3042641389934303,0.1537000775271779,0.0186165839249335,-0.0011418230743516,0.9414207100482724,0.990969761076158,1.1898516937505412,0.8176392336022786
2017-01-05,ETFC,35.91,36.76,35.7375,36.71,6307494,1.230160359782167,1.2188752622337216,1.0008342648602089,0.725059277069089,0.1506594126884187,-0.0486134995931115,-0.5807528884423421,-0.2180816147915171,0.3245555369657629,2.6971592274961087,-0.0010009257681268,1.3770533752138303,1.310339168765259,1.656819849267273,0.7300062148258691
2017-01-06,ETFC,36.79,37.0,36.3548,36.56,4529286,-0.2873873703409065,-0.2782937114496083,0.8480470314036676,0.489318652851516,0.1747470312347372,0.0220795680317031,-0.4439600885181208,-0.2103209138369705,0.2710510077361681,1.2288041419070546,-0.0014024147991228,0.9138950717318772,1.2300303194718445,-0.4986435578376872,-0.1205492177149801
2017-01-09,ETFC,36.39,36.72,35.97,36.46,2133540,-0.203286079973418,-0.1943674187189887,0.7344147853024651,0.9442428674787412,0.18606015408314,0.0457526901131484,-0.3467015157288627,-0.2081566113810918,0.2552171955666821,-0.4366507635565747,-0.0013225325319522,0.7936715079907364,-0.287913297874098,0.1190152700091818,0.1230382616983075
2017-01-10,ETFC,36.84,37.24,36.51,36.79,3081808,0.5305023764362508,0.5331076770621928,0.9352381344251198,0.9802185549300614,0.2039659117492991,0.0816605163095376,-0.2161667558386862,-0.1973002859587176,0.3064156413671364,0.2532413767698445,-0.0011239922509142,0.9450811841898475,-0.2037900677510274,-0.1288569758823885,0.0623544700707903
2017-01-11,ETFC,36.79,36.99,36.58,36.93,3495063,0.2039195658039982,0.2103897713747292,0.961861880773666,0.8874628680774936,0.2194404295985655,0.1041288078308251,-0.0983153045564769,-0.3379742120430977,0.6734362777901628,0.4887180994798953,-0.001113595932324,1.0999515386796814,0.5301898142516654,0.2611868447003319,-0.6660665934726455
2017-01-12,ETFC,36.71,36.79,36.02,36.72,1936764,-0.3870222514108006,-0.3778687147828105,0.7376940625794227,0.8051957319306948,0.2192162854898388,0.0816953554144065,-0.0406691393395318,-0.3195774107875462,0.5895616852531295,-0.6243210470744852,-0.0013110752060707,0.867646006944931,0.2035218069831744,-0.0057358411949801,0.1562921565865129
2017-01-13,ETFC,36.72,37.39,36.72,36.93,1789170,0.3230548249957237,0.3283101118054615,0.8158708182316718,1.0242358666352052,0.2230361702399227,0.074157854147449,0.0224728635398169,-0.3191206056029922,0.6778828593324995,-0.6460579565419317,-0.0011779572777397,0.9582120304104615,-0.3875741709939189,0.4057606518605108,-0.0793180594753133
2017-01-17,ETFC,36.64,36.84,35.69,35.765,2777602,-1.996998579900976,-2.0094823834034217,-0.0594802254192517,-0.0116243602372642,0.1764836139274494,-0.0615299430189469,0.0140158618030611,-0.035741523865956,0.0344214776225912,0.1416548263123294,-0.0013409406013735,-0.2692591236689366,0.3226881453468897,-1.830569062192242,1.088446491306187
2017-01-18,ETFC,35.9,36.42,35.24,36.37,2929915,1.0201596311168863,1.0138402596474434,0.317833506851238,0.197663688474437,0.1598616092956261,-0.0930394559690021,-0.0398510902649057,-0.1017017130008737,0.6016970846678061,0.2856741569625646,-0.0011352881795313,0.3681829778057693,-1.9979704988323312,0.962801527847933,1.1126137909320168
2017-01-19,ETFC,36.45,36.61,36.12,36.24,3387156,-0.2555295837394885,-0.2464888284558034,0.1686828527684451,0.5734804915363514,0.1382821486685086,-0.1310074727202357,-0.0891187004862176,-0.0972018826024085,0.4446385087980157,0.58658566267092,-0.0013622658433267,0.2312119477368284,1.019974807287323,-0.4615943254416694,-0.4644745331579123
2017-01-20,ETFC,36.31,36.62,36.22,36.39,2967898,0.2246945095086332,0.2309690294652855,0.2336156037983215,0.8097913575971142,0.123958558425366,-0.1427054006598884,-0.1036556582865382,-0.118355445822005,0.3376601997240813,0.2515780858204051,-0.0011332343173999,0.389255443970226,-0.2560472004364447,0.1401429041946307,-0.6752386090494434
2017-01-23,ETFC,36.2,36.42,35.83,36.23,1445508,-0.3067329487887928,-0.2976151399038292,0.0739574287815407,0.6715125773787446,0.1034217873899682,-0.1680563634133584,-0.1430890263071261,-0.1146807810737143,0.3183056976003566,-0.9173551294646431,-0.0012940046781652,0.2206757146545966,0.2243021703096145,0.0362954257977134,-0.2341307738001336
2017-01-24,ETFC,36.37,37.0,36.23,36.72,1781297,0.8090254411962605,0.807011840424148,0.3639077627550367,0.6402044357255147,0.1035408135888801,-0.1351694671166235,-0.188473161594842,-0.0939098055225777,0.5984118790372618,-0.6531159017801538,-0.0011783066372689,0.7369511356837019,-0.3072639230609926,0.7007421460429728,0.1562921565865291
2017-01-25,ETFC,37.24,37.33,36.735,36.99,2473235,0.4247836444378587,0.4288240671468608,0.5023220228103713,0.4258584834823622,0.1112822309587853,-0.0892400464216303,-0.1703038390991451,-0.1301790806664194,0.4791789139227801,-0.1422886790802602,-0.0011553178221445,1.0214294289038237,0.8087855381580229,-0.5335116714270333,-0.2507504677255555
2017-01-26,ETFC,37.09,37.575,37.0,37.41,3369239,0.673907870151937,0.6742863184285806,0.738752775398816,0.2663036711692679,0.1307434559381512,-0.0223299268308625,-0.1087597449873956,-0.1100221300508954,0.5879020727312825,0.4489242722644945,-0.0011272921575168,1.2786602031874874,0.424443503090928,0.6255187484538388,-0.3103564025533749
2017-01-27,ETFC,37.99,38.61,37.73,38.27,5631233,1.398223209789194,1.3824763403592206,1.231183334053527,0.7725276157907712,0.1762842246779925,0.0983264655319036,-0.0266806912660616,-0.1705506333767003,1.2784146934532548,1.8351032204992548,-0.0010575073243488,1.1845423584259296,0.6736327185881343,0.5305273513547129,0.3250585431946584
2017-01-30,ETFC,38.05,38.06,37.22,37.95,2684193,-0.5535754002386616,-0.5446801920390908,0.8746955768483415,0.6150653272991666,0.1958282839817431,0.1279364968569696,-0.1073008005465617,-0.1625181040900514,1.259143645303723,-0.2267629165701583,-0.0013254647506205,0.9154845659640312,1.398137012538062,-0.2248757759806572,0.2533749599991908
2017-01-31,ETFC,37.72,37.9,37.075,37.45,3367670,-0.8532600417154472,-0.8459661780490628,0.4132706942860259,0.1564136522814687,0.1877785426752504,0.0805985541629173,-0.3004343178710792,-0.083311182791554,1.0193149305570666,0.1699857932929429,-0.0013497281237953,0.4281285986578114,-0.5541707690407011,-0.5671167097444865,0.2446229317577206
2017-02-01,ETFC,37.82,38.29,37.3801,37.58,4089254,0.1831199749673855,0.1897792439115863,0.4201149412304466,0.1517855315292533,0.1827129557408291,0.0504093619903176,-0.415340943868777,-0.1260226525611278,0.8166302866097729,0.5912821721199228,-0.0011075466030436,0.4268826146362763,-0.8539335901477517,-0.5057567528247974,0.4265539016367012
2017-02-02,ETFC,35.42,35.77,33.33,34.25,16483529,-5.549740717619714,-5.769736024551031,-1.8958838852813804,-1.0216720357034792,0.0454244277507737,-0.3140815658579061,-0.0731316862019651,1.2884973203527006,-0.8736395585713753,6.647005511667051,-0.001762237133361,-1.302089335543718,0.1827167900949854,-2.521957110926593,4.345951902991726
2017-02-03,ETFC,35.03,35.29,34.65,34.77,6658529,0.9122354751748966,0.9082033790447064,-1.4586120094168848,-0.8922225593801739,-0.0441005677320724,-0.482731797693764,0.1105430833583932,1.2584185464304127,-0.9436116831800584,1.450596790061879,-0.0009845109364217,-0.9747078204925612,-5.551639451036406,-0.5870777310350731,-0.0572960049206272
2017-02-06,ETFC,34.51,35.03,34.356,34.8,2759026,0.0207209867141048,0.0286200833586165,-1.377104872493406,-0.5482186396299789,-0.1142482596117546,-0.5677751372607324,0.2571604698670808,1.259438551408305,-0.8744880862631805,-0.5620426304195157,-0.0011448283003555,-0.95582042539346,0.912022496847436,0.6085724000737206,0.0228065345023216
2017-02-07,ETFC,34.97,35.51,34.89,35.3,3904608,0.8615159899738517,0.8584964891766851,-0.9777934734285212,-0.5926606109793761,-0.1501285468210487,-0.5476060991929151,0.3222411659047084,1.2974533047286827,-0.6347396332365957,0.005140285074195,-0.0011089061307501,-0.6410305070750419,0.0202754363310984,0.6866399576657055,-0.1275467687853678
2017-02-08,ETFC,35.15,35.15,34.575,35.06,2755048,-0.4562801506907484,-0.4471794585999727,-1.090489965439014,-0.627976437069952,-0.1875435387904682,-0.5354211723718725,0.3998783135713773,1.2842354390688546,-0.8580920806378219,-0.5920549892146846,-0.001332776137997,-0.7921296678678793,0.8612897803023333,-0.2197635114361628,-0.224495774711219
2017-02-09,ETFC,35.24,36.07,35.2202,35.8,3202548,1.2810640752867992,1.2684732268700396,-0.5169080955019125,-0.3932663980880301,-0.1876055624628852,-0.4295273335355313,0.4039796284930949,1.355130981961174,-0.6168622991773923,-0.3497162087599977,-0.0011345001812629,-0.326240588756624,-0.4568501377895457,1.174279354079082,0.3869739254098588
2017-02-10,ETFC,35.99,36.07,35.4,35.56,3706159,-0.4503683614779168,-0.4412601289328831,-0.6491604377546435,-0.4188043137240029,-0.1965307238476649,-0.3676258263625744,0.423590610027402,1.3565623139743848,-0.6314311283968282,-0.1276400607187336,-0.0013632342841573,-0.4773397495494614,1.2809473143812455,-0.9289913943945278,-0.0210658660691357
2017-02-13,ETFC,35.9,36.495,35.81,36.16,3407087,1.0174770306025993,1.0112166955065889,-0.1874843509402093,-0.3786451871536128,-0.179616235780717,-0.2515938077550855,0.4090056002080836,1.3956955941333704,-0.4736952851886956,-0.3180319959198187,-0.0011268789685984,-0.0995918475673634,-0.4509368063505507,0.5208551522574378,-0.0125493265897499
2017-02-14,ETFC,35.89,36.93,35.89,36.88,2556784,1.2066551460792905,1.1959595744306168,0.2927605616663516,-0.2244125952431756,-0.1379809098173031,-0.0951371816833041,0.4097517074631538,1.3018667662916152,0.2903869594986378,-0.7452414631450524,-0.0011592689560779,0.3537056348111621,1.0172915069550026,2.057725447163388,0.7588521723870532
2017-02-15,ETFC,37.08,37.67,36.88,37.51,3011530,1.0305224933936412,1.023974020883932,0.7056472737256541,-0.1575125607179222,-0.0809535246611569,0.0696470145678368,0.4603732163777801,1.302602344174295,0.2928658177028056,-0.5157735150017855,-0.0011472970472411,0.7503409318923657,1.2065189738934483,0.8498233525704864,0.1639221352369865
2017-02-16,ETFC,37.48,37.51,36.98,37.17,2469542,-0.5973184304021776,-0.5885656870094348,0.426012398982421,-0.5556258667049538,-0.0502566379042574,0.133700121958488,0.4803251339570709,1.3153852764707357,0.2094129799796397,-0.7762414427718872,-0.001318348782126,0.5362837874358438,1.0303403729550065,-0.6512112520217626,-0.4029823498190371
2017-02-17,ETFC,36.94,37.24,36.75,37.17,1381266,-0.0329960430517004,-0.0247793014886723,0.3973479882717191,-0.4587329381492366,-0.0273104557584611,0.1649924276274273,0.4987152179852169,1.3146436067657874,0.1473213087181681,-1.3204290539135948,-0.0012427088046935,0.5362837874358438,-0.5979252105795482,0.4440925067227825,-0.492668504329586
2017-02-21,ETFC,37.39,37.715,37.17,37.29,2140943,0.1679984282915733,0.1747908403238017,0.444767285869525,-0.2469059565697812,-0.0060294019372627,0.1857402605196071,0.5181272778726368,1.3099433272052965,0.262215086981606,-0.9323738202394568,-0.0011752962163242,0.6118333678322626,-0.0334556067571959,-0.2283806994517386,-0.3732823793038261
2017-02-22,ETFC,37.01,37.57,36.95,37.36,2822906,0.0838734293242895,0.0913402450036323,0.4715692531917769,-0.2692152892796436,0.0117591883682452,0.1933489858653794,0.5408616612450192,1.2886796347074263,0.0884977695610368,-0.5975707129073072,-0.0011559308831931,0.6559039563968413,0.1675912986159883,0.688169393651337,-0.208258248557714
2017-02-23,ETFC,37.42,37.45,36.85,37.06,2601159,-0.5329267510167272,-0.523975095240051,0.2535199148999555,1.4504955908531223,0.0122131597847567,0.1548169555305152,0.5431602842189329,1.2936303064159953,-0.1396840741712697,-0.7133680750648086,-0.0013202456523474,0.4670300054057925,0.0834443537081889,-0.7531642969200483,-0.2420385369284755
2017-02-24,ETFC,36.72,36.95,36.51,36.79,2560319,-0.486575916894561,-0.477522750854697,0.0820265475578107,1.0509557503812226,0.0002479176216062,0.0920244893005572,0.5186023856077832,1.2820560613315262,-0.4108787326952576,-0.7207117479498731,-0.0013212217919718,0.2970434495138445,-0.5335167331437817,0.117709183383772,-0.5945862511276184
2017-02-27,ETFC,36.8,37.23,36.66,37.2,2254674,0.6608282400256997,0.6614231264591232,0.4160093379277825,1.1761402041582,0.0051457290507328,0.0851957259721326,0.4194227503946423,1.219234390159881,-0.5781016684122252,-0.8261090243282788,-0.0011715555888713,0.7123630514242763,-0.4871538073406527,0.7948985052374802,-0.3143268628099198
2017-02-28,ETFC,34.74,35.6,33.72,34.51,14886250,-4.5349885395886895,-4.6722147432494845,-1.402820373906112,-0.5048207246581573,-0.097412594147824,-0.1968575254062502,0.4658221672638555,1.8698558051103704,-1.498747841493932,4.870529288932275,-0.0017007472305546,-1.090469274325789,0.6605496763396,-0.5265154739089558,2.9488330159381104
2017-03-01,ETFC,35.05,36.54,35.04,36.2,7955535,3.015861777075741,2.9354513948848497,-0.1351929531582559,0.191837061353999,-0.1125781969280977,-0.1975527685843535,0.4131006031556621,2.1752048561040827,-0.6576822073343815,1.4660948357070245,-0.0009495375944239,0.04216516081087,-4.536622551564544,2.4525579979197536,1.86202661723644
2017-03-02,ETFC,36.26,36.29,34.94,35.03,5286585,-2.045203332370398,-2.0590041529352905,-0.8932983903252821,-0.4342599118586445,-0.170375293471694,-0.3078416941888658,0.3895177694966831,2.274554907345411,-1.1640363236290008,0.2583444147791947,-0.0014189124198674,-0.5925664993539995,3.016197578044036,-2.589159787130878,1.6204991048160986
2017-03-03,ETFC,34.79,35.74,34.72,35.475,3394204,0.757892529225423,0.7568176140556254,-0.6134180228423681,-0.2154793621391879,-0.198079456337798,-0.3186141414248852,0.2567723208453195,1.3176673780539323,0.3578083980233935,-0.3231346551162278,-0.0011219092758446,-0.4209927481503391,-2.04618782661995,1.4612653070046195,0.804946046834646
2017-03-06,ETFC,35.07,35.29,34.84,35.2,2879111,-0.5156164887771152,-0.5066228452512125,-0.8282309520719646,-0.4987998798087504,-0.229903953435926,-0.3378377685969623,0.2110547156095727,1.3026838396367806,0.0141513589695101,-0.5116601736042976,-0.0013409021523354,-0.6498162582371176,0.7576392869912475,0.2537442438662837,-0.5258867781770808
2017-03-07,ETFC,35.13,35.345,34.76,35.07,2762798,-0.2629262951771371,-0.2538718006739875,-0.9320349557370408,-0.8134643472022496,-0.2589524259642002,-0.346071230880015,0.1801125790643747,1.3055938409520882,-0.0535295827602298,-0.573647314136777,-0.0013403913879443,-0.7579873720963247,-0.5162019551241983,-0.1553546126145852,-0.2011213718151256
2017-03-08,ETFC,35.41,35.77,34.85,34.89,2197537,-0.3525411456962406,-0.3433902081017162,-1.0482324045436884,-1.1432052627544202,-0.2874402704088209,-0.35121495367013,0.220961561649485,1.2803047004202377,-0.3380572698975608,-0.8476250941302585,-0.0013232402870706,-0.907762760516762,-0.2634458414763662,-1.135803370494364,0.606256795166525
2017-03-09,ETFC,34.81,35.08,34.55,34.83,2458672,-0.1400605959297434,-0.1313483172854317,-1.083731643537099,-1.0717821447660718,-0.3104953725301196,-0.34134614668456,0.24619209436157,1.2742266858951417,-0.2638233954977655,-0.7000652221867858,-0.0013355025344806,-0.9576878899902432,-0.3530840700900071,0.0170915417397461,-0.323145450002797
2017-03-10,ETFC,35.18,35.28,34.7,35.15,2591183,0.5389985592895359,0.5414809050131334,-0.8285043248317601,-0.9210633389686276,-0.31424660574176,-0.2837632748313197,0.2852716484954694,1.2194643809458987,-0.434132178397823,-0.615809677485697,-0.0011415309678744,-0.6914205327983537,-0.1405480898859092,-0.0907438832825163,-0.2161404471328027
2017-03-13,ETFC,35.48,35.88,35.11,35.73,3432737,0.994305855929104,0.9885508239219128,-0.4132355330376336,-0.7240783339817615,-0.2927151213802124,-0.1726196975475969,0.2777842418950671,1.253759695055485,-0.097265661239368,-0.1448109550571391,-0.0011133855401474,-0.2088109478880563,0.5386882135296257,0.5060381923843404,0.2047147676454059
2017-03-14,ETFC,35.59,35.75,35.05,35.49,4246575,-0.451186051438447,-0.4420788281301822,-0.5636356341753316,-0.8179621160314274,-0.2835244624088335,-0.115469907832352,0.2961867706967583,1.217556894156766,-0.4396005165626514,0.2788094415860537,-0.0013955691899667,-0.4085114657819688,0.9941142875477504,-0.2386002967395963,0.0524800295222705
2017-03-15,ETFC,35.69,35.915,35.15,35.27,3764928,-0.4189292143587486,-0.4097903848097288,-0.6662719844237867,-0.796603240699912,-0.2833291354670841,-0.0929039058532425,0.2981107038491389,1.152978780864325,-0.8086197025471487,-0.0178027743069145,-0.0013861313407183,-0.5915702738513916,-0.4517547096243107,-0.915410127974155,0.216324449822343
2017-03-16,ETFC,35.52,36.19,35.32,35.83,3705055,0.9555069623127392,0.9505794448528444,-0.1972100452773631,-0.5043260085502635,-0.2598360953069568,-0.0148831915070196,0.1995938688045254,1.146164577958283,-0.8252589595985544,-0.0682763313145948,-0.0010938756197562,-0.1256023987655896,-0.419489457606883,0.6330599525166118,0.4323028793233165
2017-03-17,ETFC,35.91,36.0,35.25,35.41,4984864,-0.7627860444305163,-0.7548541502230747,-0.4404677216034444,-0.7763044003838095,-0.2564865786197348,-0.0043157026862928,0.1385516799724162,1.1529048356280782,-0.8628852669654757,0.5288677939891971,-0.0014327602169286,-0.4750783050799455,0.9553052723477682,-1.0782768009307608,0.1738736264743951
2017-03-20,ETFC,35.24,35.33,34.87,34.91,3881288,-0.9120985211451536,-0.9052916218178476,-0.725712518887178,-0.0154178673696056,-0.2720697665619514,-0.0445941674266608,0.0892919751441282,1.1724208591961869,-1.0604444480031454,-0.1027608078684132,-0.0014015640096927,-0.8911210506922723,-0.7634359906400928,-0.7338105662619618,-0.4931630498679234
2017-03-21,ETFC,35.03,35.26,33.565,33.64,4486384,-2.29789743586735,-2.319252205955149,-1.531634067848038,-1.373105342778406,-0.3322671765526,-0.1916531787549516,0.1606023504693209,1.3216200659811097,-1.6050179993761235,0.1366162726467379,-0.0014374781123209,-1.819052194660795,-0.9127874189478647,-3.0242320910502416,2.607925690870541
2017-03-22,ETFC,33.4,34.15,32.9501,33.65,2651470,-0.0144888975408332,-0.0063763936722318,-1.3939596652979256,-0.9694220256491636,-0.3769316081193103,-0.2693187687486146,0.1530266785547684,1.318882656147335,-1.6259110694410068,-0.7526778828660241,-0.0011189113051332,-1.364270260514392,-2.2989478511847423,0.5391908231010167,1.380465012538965
2017-03-23,ETFC,33.66,34.15,33.535,33.74,2090044,0.1335187674942738,0.1406011933428046,-1.209096590861934,-1.241930375173243,-0.4058047602102803,-0.2908047592137895,0.1228741447131395,1.3250476842194616,-1.4831635228615587,-1.019842895402376,-0.0011492914421158,-1.267790554490516,-0.0149436332318326,0.1532480009231213,-0.0722181373463834
2017-03-24,ETFC,33.82,33.98,33.365,33.64,1917217,-0.2175189757682925,-0.208562704136596,-1.170927497450158,-1.1711275546588549,-0.4293691437991232,-0.294328872849862,0.1006162558882104,1.3240066481973694,-1.4249553672929869,-1.097164713402802,-0.0013256109069939,-1.3454601621318756,0.133102643006277,-0.4284254015016875,-0.0677023651712002
2017-03-27,ETFC,32.78,33.61,32.25,33.55,2271261,-0.1995603526495674,-0.1906520740173057,-1.106789666575267,-1.1541941707378034,-0.4481166245095259,-0.2847495386707444,-0.0574774162249771,1.288779660678967,-1.6084959212704726,-0.9225021327497795,-0.0013439441291388,-0.8739750466306724,-0.2180266765240689,1.7483898119752268,1.7870238927028657
2017-03-28,ETFC,33.35,34.53,33.31,34.25,2803191,1.265979404012531,1.2537796401751975,-0.570167376760124,-0.5544373402316977,-0.4321398966504969,-0.1877065562336238,-0.0429436225590966,0.5772516029138626,-0.2781261202364432,-0.4199993977227075,-0.0011130339290871,-0.3315678027589344,-0.2000633684855276,2.0125622090981143,1.3773140029539357
2017-03-29,ETFC,34.09,34.38,33.93,34.31,1814072,0.0760691321282968,0.083592808253798,-0.4547146410641554,-0.4859162052953442,-0.4140402285633279,-0.1046077586822938,-0.1398397699713817,0.0425764147779925,-0.9342608886538508,-0.8916471120185774,-0.0011625363605357,-0.186299328038829,1.2658587079235888,0.4612573046837811,-0.4982493827871768
2017-03-30,ETFC,34.27,35.02,34.24,34.88,2082165,1.0013111960677934,0.9954042709065732,-0.0185704346265907,-0.3360394160014172,-0.3746409142571383,0.0166962020613141,-0.1433080100316821,-0.1173835103196221,-0.2303654004051656,-0.6511448538932373,-0.0011532717179924,0.3376305760381518,0.0756380205818054,1.3184919973767035,0.2723765066307549
2017-03-31,ETFC,34.73,35.18,34.66,34.89,2555486,-0.0151468350532518,-0.0070305317261333,0.0111875955489449,-0.7003514925892681,-0.3407908326259906,0.0994557412785482,-0.1748469959241941,-0.1632535274055858,-0.409665292721446,-0.3103968583675434,-0.0011363677158769,0.3460675850164306,1.0011214551905094,0.3217481086811206,-0.34921307102928
2017-04-03,ETFC,34.86,34.975,34.17,34.76,2647084,-0.2649692409541165,-0.2559111068896412,-0.0704278813003079,-0.6437224554517925,-0.3171211949909879,0.1394590850586848,-0.1892420356358272,-0.1743469697610902,-0.3510588186921297,-0.2412279627091201,-0.0013487965656767,0.2363864682987825,-0.0156017423823813,-0.243045710810051,0.338750658685383
2017-04-04,ETFC,34.58,34.88,34.27,34.62,1932102,-0.2837476325166326,-0.2746591910893763,-0.1593385123144929,-0.6008548832530989,-0.30208649948525,0.149235567689273,-0.1976687165571399,-0.1737470880901521,-0.3559271146188663,-0.7095384161094013,-0.0013232196764131,0.1182683426028559,-0.2654893202027311,0.0610770699209589,-0.1228685522500173
2017-04-05,ETFC,34.83,35.235,34.16,34.17,3217823,-0.8422426309881544,-0.8348638996241051,-0.4730865344651297,-1.2663125673604452,-0.3060496189146047,0.1081567051908898,-0.1849536165337363,-0.1386434844222476,-0.4705527781223044,0.1405378600944454,-0.0013808018627951,-0.2613970614197606,-0.2842726105405134,-1.4579610586326617,1.0306083098183951
2017-04-06,ETFC,34.16,34.69,33.87,34.58,1737625,0.7140275265829712,0.7137254240588176,-0.152950478022028,-0.7288410236348127,-0.2913917678902056,0.1232236725873036,-0.1868719523619139,-0.0971169586974341,-0.272892895150285,-0.8499898296477623,-0.0011642337555708,0.0845203066897348,-0.8429133052755149,0.9025988404626614,0.3849486432493636
2017-04-07,ETFC,34.26,35.04,34.2,34.88,3022405,0.5071257397584131,0.5100634963384034,0.084768689575168,-0.2094052050364127,-0.2665916631510707,0.1613832329711691,-0.2001097988530952,-0.0995714002736635,-0.2802897056147739,0.0178962601336118,-0.0011099637546157,0.3376305760381518,0.7137628411541386,1.3409370042969433,0.4157380761472503
2017-04-10,ETFC,34.86,34.98,34.18,34.24,3178770,-1.1753453549522217,-1.1714154576613038,-0.3445423329814747,0.2888047347507791,-0.2707006758171746,0.1174993107365102,-0.2790251920363402,-0.1040512339957804,-0.7799303161368062,0.1339181529086898,-0.0013759484550385,-0.2023379985717973,0.5068070792405822,-1.3700373425783852,0.355892436536
2017-04-11,ETFC,34.03,34.19,33.26,34.08,2914887,-0.3239214519235655,-0.3147872456980845,-0.4131565030886925,0.1400881374305145,-0.2787370315515559,0.0722832594987372,-0.3331885290621291,-0.1080064396717998,-0.7509662374237792,-0.0007679940728095,-0.0013710492135655,-0.3373301422242876,-1.1761029267451444,0.0846910676591636,0.6829425038376494
2017-04-12,ETFC,34.06,34.14,33.51,33.73,2452546,-0.6723831652495451,-0.6639474613059879,-0.6221696828416413,-0.1961601651022178,-0.2971511383992871,0.0093982657917483,-0.3471139014174922,-0.0948709858238904,-0.8087382555888118,-0.2848425632539527,-0.0013559283981914,-0.6326254564641045,-0.3244569102120741,-0.7583215157094279,-0.0347054203650204
2017-04-13,ETFC,33.49,34.0,33.2,33.22,2439441,-0.9743419998935284,-0.968112179486209,-0.9148247912097138,-0.4627726361206796,-0.3297112558881849,-0.0773213170460748,-0.4234686323269038,-0.1487313940220905,-1.2373037496812953,-0.2540331183515235,-0.0013601129987227,-1.0214478275644838,-0.6730095277891862,-0.6354232093594391,0.4156805358825456
2017-04-17,ETFC,33.37,33.88,33.14,33.83,1661745,1.110212953761454,1.1018473246147726,-0.3875861043949162,-0.0253019093343227,-0.3294073853784403,-0.0621056439487365,-0.5273158457998236,-0.0506882236782029,-0.8227931948125011,-0.7464507370167379,-0.0011592004826433,-0.1760408277304071,-0.9750471353390197,1.0151524684386688,0.2316804102885505
2017-04-18,ETFC,33.55,33.93,33.37,33.73,2306422,-0.2170280782233808,-0.2080730495945753,-0.4195867721177143,-0.5340661920073784,-0.3309829036799065,-0.0547706199179676,-0.5620421528651169,-0.0885659744365328,-0.66389999272753,-0.1864470631661126,-0.0013552286121701,-0.2468214977363574,1.110051622411965,0.3790283471747495,-0.2076630288893336
2017-04-19,ETFC,34.02,34.27,33.55,33.72,2624969,-0.051453806911343,-0.043138555260732,-0.4303194325246314,-0.5849778916422061,-0.3305112809809437,-0.0436332949989928,-0.5686675911181573,-0.4546110660794515,-0.1325505537120636,0.1515864493217333,-0.0013761804767635,-0.2442686612829536,-0.217535650917244,-0.6925580425695103,0.1881962255979426
2017-04-20,ETFC,34.03,34.67,33.26,34.62,3422816,1.628695349259102,1.6061292872436006,0.2241033524753057,-0.3512934670235084,-0.2930356561951415,0.0605242292980527,-0.572263126672777,-0.2518221888160338,0.2558797525988732,0.774006281374129,-0.0010598760792678,0.7579971289007118,-0.0519181857489953,1.2835733476078488,1.8029745229418908
2017-04-21,ETFC,35.24,35.49,34.36,34.55,6006836,-0.1588788456195956,-0.1500984364340115,0.138928568590556,-0.398568482377881,-0.2647352838331924,0.1202333069451318,-0.5804615442258859,-0.2490197237073539,0.1851047073664333,2.5361589522187407,-0.0015437377757477,0.4784557135521582,1.6286692759654784,-1.5056222194336184,1.1344408137465645
2017-04-24,ETFC,35.44,36.22,35.37,35.45,3749213,1.5887762796319704,1.5674491403689623,0.7575960241968834,0.1773189962867737,-0.2062060916151095,0.24580903099498,-0.4907806382933094,-0.0984085244572935,0.6227327598054501,0.7191529519214849,-0.0010319597792415,0.7981382524874181,-0.1593712487489367,-0.0049983270508421,0.406975967996277
2017-04-25,ETFC,35.85,36.04,35.4038,35.5,3272860,0.0548150112481279,0.0624886240117618,0.7188693869392395,0.2858877871195924,-0.1577314137253543,0.3203894634383388,-0.4382408049859736,-0.1057416015005417,0.6861377018747282,0.324786947415655,-0.0010717207659386,0.6657973538297066,1.5887397925310576,-0.7639211479582131,-0.09776179719609
2017-04-26,ETFC,35.3,35.75,35.28,35.5,4335468,-0.0329960430517004,-0.0247793014886723,0.6697512045653039,0.5931890934028675,-0.1196319789732297,0.3533481121625834,-0.3553238662121202,-0.1956336638801971,0.3685285071608694,1.010131721089924,-0.0012427088046935,0.6657973538297066,0.0543783550754459,0.4017388891480719,-0.4879378754754801
2017-04-27,ETFC,35.53,35.74,34.56,34.86,3428500,-1.1553944655612851,-1.151206418865889,0.1611919272108556,-0.0315495955138457,-0.1149960428733515,0.2935805616723512,-0.3474946460804964,-0.0951086715368678,0.0679530192491586,0.3050630217695951,-0.0014114328804675,-0.0249416669375659,-0.0334556067571959,-1.4510195077224572,1.2297378847043616
2017-04-28,ETFC,34.86,34.96,34.45,34.55,2933562,-0.5866389467969492,-0.577848551469522,-0.0621172333975529,-0.3741941262372232,-0.1237914247886701,0.2111945399240208,-0.3582325561332997,-0.1436617838939062,-0.3064265294448783,-0.0626803165475858,-0.0013964208418478,-0.3595183801217158,-1.1561468327059208,-0.698176946716499,-0.3611115054701242
2017-05-01,ETFC,34.68,34.915,34.49,34.83,2578704,0.4715553462276574,0.4749825126615765,0.1533565584281919,0.1665058893133384,-0.1200544781880292,0.1775437203862226,-0.3615725075243045,-0.1254248866901952,-0.1927332687469921,-0.303053560896476,-0.0010996680689551,-0.0573200585360331,-0.5872429409854363,0.3004645268290934,-0.5743883498962199
2017-05-02,ETFC,34.96,34.96,34.65,34.81,2454150,-0.0687457056980208,-0.060343106540299,0.1362070705866166,0.2638252234257633,-0.1182134819613748,0.1457429211313991,-0.359340705221854,-0.1291332342335945,-0.1463513031099618,-0.3817962071286196,-0.0013721680802071,-0.0789056529350061,0.4712274063546987,-0.3504803887856729,-0.8491329659011811
2017-05-03,ETFC,34.67,36.04,34.5001,36.03,6117161,2.1489863111070315,2.10807503288939,1.009033785026921,1.0168343791687715,-0.069634051658258,0.2406062064561943,-0.2030488392353835,0.1465301439822961,0.4306754136857454,1.8279360307047476,-0.0009042324544051,1.2378156054026046,-0.0692145955251153,2.9373531295099604,1.97061306921211
2017-05-04,ETFC,36.25,36.575,35.69,35.92,3156187,-0.2230705399943492,-0.2141004807693675,0.856506817644262,1.3350132656568678,-0.0367362891323592,0.2761324918113487,-0.1069413142898647,0.0987516323747796,0.584687570541614,-0.0444306898298532,-0.0013983639275206,0.8090100747475192,2.149095967675396,-0.7140983192119764,0.4620352422494837
2017-05-05,ETFC,36.04,36.18,35.48,35.8,1908888,-0.2409850324678967,-0.2319738603444772,0.7178610846807126,1.038159947531358,-0.0168887081640991,0.2709625774199646,-0.0344346031632075,0.0835549920061832,0.3506719922297358,-0.8379723079144691,-0.0013424440794291,0.6928814620857683,-0.2235796890033176,-0.5294360968732701,0.038245973174564
2017-05-08,ETFC,35.8,35.99,35.5709,35.69,2883100,-0.2242916889970519,-0.2153186634450551,0.6031617500238927,1.0293549685502792,-0.00710274034208,0.2409282268752323,0.0154267332041083,0.0765737542041291,0.1735811096293212,-0.2183764862738577,-0.0013989597326578,0.5864302338125014,-0.2414988548841878,-0.258458907492912,-0.6126700993819799
2017-05-09,ETFC,35.76,36.12,35.54,35.63,2359416,-0.1376607180282869,-0.1289575362050671,0.5040589237163532,0.9858815337063236,-0.003365967098539,0.2013302237290009,0.037576433121412,-0.0179289557843461,0.428735194869293,-0.5305917325242339,-0.0013782071072446,0.5283659274816328,-0.2248011565708192,-0.3009734879592048,-0.2346666345023368
2017-05-10,ETFC,35.52,35.64,35.08,35.28,2874969,-0.6445681206408785,-0.6360042344933562,0.1943272536754124,0.2696478187748233,-0.015694244284966,0.1283006579589403,0.0152183651119739,0.0055122913892258,0.3496550755808097,-0.1986797823169458,-0.0014162894301556,0.1896574738848708,-0.1381475859211146,-0.5368015857226425,-0.2684531180532078
2017-05-11,ETFC,35.04,35.14,34.29,34.88,2300554,-0.7388694840786648,-0.7307913169669259,-0.1500399582718004,0.0237690857921133,-0.0424139629214109,0.0328336827936733,-0.0621743601993636,0.0121157635525938,0.3332503537585661,-0.5638444319199972,-0.001390875348479,-0.1974379016542824,-0.6451872269864999,-0.3713018712220332,0.4396316710666801
2017-05-12,ETFC,34.63,34.72,34.1,34.38,2405162,-0.9254564429739832,-0.9187680186550476,-0.5686785546252199,-0.9450242412957396,-0.0839952425354254,-0.0817932994587501,-0.2253623373653638,0.0057520834574503,0.3453586144435095,-0.4956851734494049,-0.001406348996833,-0.6813071210782261,-0.7395131911034891,-0.5717380434944331,-0.0883764675045479
2017-05-15,ETFC,34.56,35.0,34.49,34.98,1966361,1.0535316619845612,1.0464685773776292,-0.1615519968944358,-0.5135956468091857,-0.0939484879108927,-0.0920848695951088,-0.3194604085743217,-0.0014724037630091,0.3317702257553966,-0.7843165554496689,-0.0011005406352902,-0.1565389106188151,-0.9261488254977814,0.8918475049149921,-0.37623418495537
2017-05-16,ETFC,35.17,35.32,34.69,35.28,2092433,0.5009493900407409,0.5039735522896481,0.0048480308353633,-0.3181167725959696,-0.0906806470745519,-0.0662872773909143,-0.4508311940294834,0.0028168173666444,0.5074163723573286,-0.6989749603708684,-0.001098797676192,0.1442919977470251,1.0533555440166715,0.2099841704320577,-0.103094270674379
2017-05-17,ETFC,34.38,34.67,33.06,33.4,2940866,-3.350601215878446,-3.415351884732736,-1.3889823739603662,-0.876172892877459,-0.1619091963109241,-0.2374016292480292,-0.3763205594242997,0.6252895297892955,-0.306851085118237,-0.1629585996473273,-0.0014350013164912,-1.5597603321257287,0.5006291182800551,-2.179916011507912,2.426004938756768
2017-05-18,ETFC,33.34,33.765,33.27,33.39,4019351,-0.0516361740392957,-0.0433199762469521,-1.3526309661041844,-0.7624534031145324,-0.2179358024910966,-0.3351635710026638,-0.198880204471136,0.47951542086957,-0.6892694369329386,0.5029004264729018,-0.0015250846272358,-1.569217463099959,-3.351926253184787,0.0869884658827537,-0.3558125091212797
2017-05-19,ETFC,33.53,34.46,33.34,34.05,4047547,1.1976210503613431,1.1871498028775953,-0.8400069574659578,-0.551483221901109,-0.2353457952697551,-0.3139746262810163,-0.1534020856407955,0.5634533705041247,-0.3800174637264814,0.6020564227332607,-0.0009261425641165,-0.94504681880066,-0.052100600451607,1.145378298040247,1.149990704043936
2017-05-22,ETFC,34.25,34.5,34.03,34.36,1383414,0.5338172205183247,0.5363746841581285,-0.5674593309607452,-0.3889737851289876,-0.2359196987882544,-0.2536876665748478,-0.1410062661065313,0.4410672147205167,-0.6190520971033131,-1.103764274947974,-0.001145587642486,-0.6518757585994707,1.1974825214238851,0.2163315182739183,-0.4513296081694985
2017-05-23,ETFC,34.41,34.93,33.98,34.73,1879482,0.637419378207728,0.638394954765734,-0.2609086855485628,-0.8516783880928467,-0.2209619658737958,-0.1654799340026246,-0.1561745833765803,0.4680681999426981,-0.486030277293778,-0.7358699553203707,-0.0011152230625494,-0.3019619125528949,0.5335055230870462,0.6762865078885134,0.6883713555790802
2017-05-24,ETFC,34.73,34.73,34.29,34.6,1501451,-0.2660379340627838,-0.2569779228523611,-0.3250622026508415,-0.8595532905114938,-0.2134595970823756,-0.1141037268563221,-0.171620207276802,0.4692979874142708,-0.5398120079243192,-0.9453963370897196,-0.0013400797674356,-0.4249046152179047,0.6371347077817138,-0.3091190867273519,-0.5314979434789616
2017-05-25,ETFC,34.8,35.56,34.62,35.19,2179463,1.0286294518662429,1.022122954326642,0.1064511900438071,-0.4756434992602323,-0.1838706866407808,-0.0161523831430475,-0.1663634751098286,0.4660774637665781,-0.0284476513464809,-0.4122899614808083,-0.0010962286618492,0.1330661122617708,-0.2665582921045715,0.8203844897368787,0.6348883090597827
2017-05-26,ETFC,35.07,35.21,34.85,35.08,1460438,-0.2276076976366258,-0.2186267379875058,0.0036749009238249,-0.4756434992602323,-0.1645496945478985,0.0357792467562501,-0.1730741739971086,0.4505932284446737,0.0578159951415546,-0.9200022975083558,-0.0013359428799546,0.0290376715452208,1.0284468375841938,-0.0047734127991497,-0.7360585245520672
2017-05-30,ETFC,34.93,34.99,34.55,34.74,1679453,-0.636409177302457,-0.6278100831984003,-0.248530592645847,-0.5893430176216662,-0.1624421907335904,0.0330173281702162,-0.1714775655902536,0.459484832983042,-0.205426690070338,-0.7288813697650345,-0.0013536518195361,-0.2925047815786583,-0.2281180302675015,-0.4372767335196171,-0.5357689749557633
2017-05-31,ETFC,34.76,34.95,34.0,34.61,2237520,-0.2659708523440241,-0.2569109584211115,-0.3388066038320259,-0.500854462200903,-0.1656745572786469,0.0170630589201982,-0.166263893815637,0.462117300367935,-0.2518581592408265,-0.2844169470085825,-0.0013966719063362,-0.4154474842436746,-0.6370261552000859,-0.3523455432041486,0.6962755286596796
2017-06-01,ETFC,34.85,35.27,34.423,34.92,2616325,0.5246460148667993,0.5273354081455809,-0.0638638785416736,-0.1701040513258847,-0.1559346081980691,0.037690160627144,-0.2492787325975484,0.2136402513289133,-0.6199351780047928,0.1639301394753357,-0.00105210628181,-0.1222764240424852,-0.2664911928860027,0.1254373935136357,0.4301453938627049
2017-06-02,ETFC,34.48,34.714,34.17,34.58,2431191,-0.6391739568408419,-0.6305866720040232,-0.2697730126463068,-0.0920699450581227,-0.1614317971865581,0.0149717109043922,-0.3269868312396681,0.2277475336819823,-0.7153604785151063,0.0392177316130511,-0.0014084417885967,-0.2618297285468574,0.524331924915626,0.1928011555272794,-0.2802357727652342
2017-06-05,ETFC,34.7,35.4,34.61,35.17,2085902,1.0292434631415224,1.0227233570119822,0.1995263015050716,-0.0967643230813203,-0.142620634861939,0.0593662289472158,-0.3921107417831296,0.2994352251281941,-0.4259274021305932,-0.2633662276799278,-0.0010914831769234,0.4108616082156441,-0.6397916559947919,0.9970073403679052,0.2807056358235866
2017-06-06,ETFC,34.75,35.21,34.59,35.02,1567151,-0.2985264844729855,-0.2894181837401952,0.1117542363204809,-0.3183943765264073,-0.1337701188113648,0.0692433113407763,-0.4557332748580452,0.3008959524472954,-0.4431840995388183,-0.6680030538727183,-0.0013504544748027,0.2479115328508173,1.029061009038434,0.5607045137015796,-0.1158432394900061
2017-06-07,ETFC,35.25,35.745,35.02,35.25,1686174,0.3758945515991504,0.3805391820782252,0.3002419145777771,1.0875558519159676,-0.1180396778310949,0.0948537855894008,-0.5007678621732947,0.3115729627015423,-0.3241114941127994,-0.5415007811860493,-0.0011220974696616,0.8300408151224842,-0.299055317900253,-0.0263165508545973,0.1227788782983837
2017-06-08,ETFC,35.33,36.6,35.22,36.23,2839170,1.697865708681818,1.673095726844086,1.0041102506714206,1.4079173002482677,-0.0679178965840483,0.203864882801293,-0.3498085350775174,0.4421612569178566,0.227994196614322,0.4880539889190172,-0.0010480824206167,1.0954360491268584,0.375541656408101,1.898297280009341,1.583127815003459
2017-06-09,ETFC,36.66,37.43,36.64,36.94,3846619,1.187075903511663,1.1768649150884811,1.4579809315695345,1.42067250076601,-0.0019274474586708,0.3319194385166182,-0.0600811327984899,0.4652447395753755,0.6999052752808587,1.2734257407572738,-0.0009963014924357,1.070144437925877,1.6978576800670886,0.5507292714294098,0.1910063322706323
2017-06-12,ETFC,37.12,37.58,36.5,37.06,3055813,0.169249882769348,0.1760314136437481,1.441431553737897,1.370872196313215,0.0527884821066451,0.4053426638277964,0.1628185944839547,0.4018080634762767,0.9773733326941216,0.555277035682329,-0.0010629216958884,1.0604507877083542,1.1869346236301537,-0.1484368932475887,0.8373897511958049
2017-06-13,ETFC,37.26,37.4459,37.04,37.24,1700040,0.269390539510202,0.2752208795131843,1.4865129634902738,1.3172176931451338,0.1003819832676134,0.4457482359738128,0.3800824621052585,0.3627703610641093,0.7813967470123866,-0.5898943348111602,-0.0011487731590689,1.192829698491462,0.168843079564442,-0.0668703807850617,-0.6829443401521077
2017-06-14,ETFC,36.96,37.48,36.5569,37.38,2673484,0.2010567294993409,0.2075533647104089,1.507818885619106,1.4758494587563489,0.1402965728405297,0.4583073074524887,0.5774200134620583,0.3567613598975164,0.7067224263788233,0.2150743533703438,-0.0010998218705654,1.2957910735449911,0.2690098602984373,0.8322264623325658,0.4667806244720616
2017-06-15,ETFC,37.1,37.66,37.0483,37.25,1657726,-0.2495167727150345,-0.2404878347129824,1.2597943590458416,1.17190605192404,0.1632351280314287,0.4246585443720172,0.5755816214181293,-0.4699950499645532,1.52543369835931,-0.6047026675230478,-0.0013269693748671,1.1324198842312887,0.2006582238418334,0.2791488877995913,-0.2227439373903882
2017-06-16,ETFC,37.23,37.45,36.98,37.05,3172593,-0.3672673853259546,-0.358112988901672,0.9701196705281644,1.0867065897859611,0.169888464017024,0.3558216600169711,0.4906977006750866,-0.4428375386839019,1.4423694485239082,0.7618127290272572,-0.0014090178810821,0.9734920073225336,-0.2500328208319646,-0.3915951253613013,-0.5340984242876896
2017-06-19,ETFC,37.36,37.645,37.2309,37.62,1731244,0.9248199184648868,0.920530402258118,1.2520826294948637,1.5862508363014218,0.1936653962769055,0.3448279945668254,0.5289666290459681,-0.4783495235227222,1.372346303751901,-0.4312551127001224,-0.0011461710078458,1.406746344177208,-0.3678141513979725,0.4994721039024171,-0.6739541537402695
2017-06-20,ETFC,37.54,37.54,37.025,37.05,1967713,-0.9762996415150084,-0.9700890052354652,0.7316951532751974,1.1882572716744098,0.1862331573878278,0.2557011929231615,0.4979201929603055,-0.3633322069086762,0.9823140341152968,-0.2353030471998258,-0.0013487441876621,0.8918595299537774,0.9246102230788498,-1.012474641654557,-0.4328747088072207
2017-06-21,ETFC,37.21,37.24,36.69,36.82,1388389,-0.4194831854180393,-0.4103447565890439,0.4852917966999459,0.9001481532874309,0.1676624118831317,0.1557294273247346,0.4656755580056041,-0.3516276551309596,0.7163378643767228,-0.7534607411324646,-0.0013204978810266,0.6799518419601851,-0.9770052876563344,-0.8181788516496353,-0.3464169852584306
2017-06-22,ETFC,36.69,36.8,36.44,36.49,1384000,-0.590984972289362,-0.5822096756051853,0.1749554164458572,0.9080147190628512,0.1366858352781572,0.0438196191554857,0.3864325751096394,-0.3227541639073153,0.6347652060577502,-0.7540558690915515,-0.0013224881245873,0.3802305557973388,-0.4200435731822637,-0.4381551180961806,-0.7691065973191212
2017-06-23,ETFC,36.64,36.64,36.17,36.24,2415553,-0.4595378181858352,-0.4504415230838117,-0.0451705217556112,0.4691835391549682,0.0994551705164305,-0.061806142633672,0.349686521550929,-0.3655871789021678,0.27074064034844,0.195368946793765,-0.0013860721561605,0.1531689753709386,-0.5915901002385399,-0.8511176988946605,-0.5104683847467326
2017-06-26,ETFC,36.3,36.76,36.09,36.69,2345557,0.7400756146293144,0.7393182141730529,0.2224244574961028,0.7777086537797213,0.0849838535278361,-0.0877245826903712,0.3063874633573813,-0.3398960688808238,0.5065636638711706,0.0871983351988918,-0.0010959168703757,0.5618798201384548,-0.4601086551221118,0.7853968434314459,-0.0694275879292392
2017-06-27,ETFC,36.83,37.53,36.66,37.22,2323787,0.8663432830384212,0.8632291257943627,0.5144635652260402,0.8878965310290099,0.0916214203247158,-0.054125431253233,0.2367724989611295,-0.3477086714463213,0.8809583642043524,0.0372645160045503,-0.0011045850212012,1.043250370642424,0.7398177244432494,0.773715928444435,0.3567294989040429
2017-06-28,ETFC,37.52,37.95,37.44,37.69,2143793,0.753174768993752,0.7521844102888865,0.7390341296636057,0.6925162642589122,0.1123872165987111,0.0091197093585385,0.1562447046801039,-0.3426009848387356,1.139502897628608,-0.1199653111067987,-0.0011213248832668,1.214231344855567,0.8661183326773069,0.3160023051496536,-0.4636020045326466
2017-06-29,ETFC,38.34,38.52,37.355,37.68,2283675,-0.0495144929053905,-0.0412093355223525,0.6297666623675006,0.3326217543111398,0.1253100672952133,0.0395282149447787,0.0828198444594259,-0.3439422749091692,0.9933156239016666,0.0208469428316419,-0.0013665945519283,0.8009678346177814,0.7529202960233305,-1.3268950121459515,0.9854303711474052
2017-06-30,ETFC,38.15,38.48,37.81,38.03,2754600,0.5453031375348908,0.5476935129789476,0.7528230198998428,0.4590850252780866,0.1459474590957354,0.0837121154126613,-0.0647914273236673,-0.3973585814780795,1.2977803041412257,0.4288008044806338,-0.0010862939320554,1.0284133696618865,-0.049978365828388,-0.2639630572571193,-0.1230521226194094
2017-07-03,ETFC,38.28,38.5732,38.1345,38.45,1254696,0.6545762879870396,0.6552736859341245,0.930687799964413,0.5777086376521346,0.1751173224109187,0.1410216705824911,-0.0975486917622149,-0.4330576498655876,1.2022097838713397,-0.8965977637559074,-0.0011752643729025,1.3400621310307788,0.5449944364691958,0.3092060060231465,-0.6404361239258127
2017-07-05,ETFC,38.6,39.1499,38.47,38.7,2989894,0.3718026402940629,0.3764961334526089,0.9721064464134151,0.628080061288908,0.2040255377748501,0.1861958373960015,-0.183888379337449,-0.4586217620359413,1.375826940278361,0.605233285475251,-0.0010858042890056,1.0807515157718162,0.654296093335481,0.1694134625144988,-0.127152060190702
2017-07-06,ETFC,38.58,38.95,38.13,38.51,1855876,-0.3386556586778038,-0.3295111884508562,0.719068824772914,0.5812317606566678,0.2152801813003383,0.1768951808341039,-0.323575847010501,-0.4293941737735075,1.190768480919467,-0.4057597490708512,-0.00133489038787,0.9016070236986586,0.3714486776338522,-0.1633985871747872,0.183267233654207
2017-07-07,ETFC,38.71,38.89,38.38,38.69,2137706,0.2580049112392426,0.2639514010214518,0.7562691516415159,0.8176983868687236,0.2269710600746173,0.1705775176053515,-0.3032242445834718,-0.6246219062233619,0.8297328712950649,-0.1275797979868912,-0.0011328807334802,0.943257493632208,-0.3391949607229714,-0.0653513145644821,-0.4927496368033053
2017-07-10,ETFC,38.52,38.76,38.23,38.68,2333845,-0.0490875492544812,-0.0407846222169607,0.686398692660088,0.5476109133279438,0.231478133887005,0.1470323967168798,-0.2401446670991309,-0.7290955529189651,0.5243096274910399,0.1209295859003997,-0.001358049387865,0.9323938002518952,0.25762126182452,0.2875018714111074,-0.4493731392805119
2017-07-11,ETFC,38.74,38.74,38.17,38.5,2670978,-0.3227180376159229,-0.3135848243536417,0.5089504140733241,0.9206951447833344,0.2236912951525719,0.0965519807455599,-0.2078331169578694,-0.7111407010859925,0.4031822868335469,0.455776472763106,-0.0013804346567183,0.7368473194062313,-0.0495513107994093,-0.4943709762163156,-0.3574462431880001
2017-07-12,ETFC,38.43,38.94,38.26,38.85,2060994,0.5329861160262817,0.5355555896449373,0.6953245207800368,1.3176106947757864,0.2269819932068377,0.0846810369670816,-0.1410480622579755,-0.6947336862813694,0.4674678602905689,-0.1311514922378114,-0.0011308868033049,1.1170765877172473,-0.3232531819661356,0.799386019205188,-0.1325907137203387
2017-07-13,ETFC,38.96,39.49,38.85,39.41,2420496,0.8644171100809518,0.8613407657603316,1.0116402037620782,1.859464356240308,0.247084670236615,0.1184580264155158,-0.0117123530337423,-0.6404734886233913,0.6301072001595481,0.2156783096722365,-0.0011164680406453,1.3646627160177631,0.5326742017822843,0.8463298383192014,-0.2379072563704444
2017-07-14,ETFC,38.97,39.58,38.85,39.5,2469210,0.109181662476651,0.116457420767796,0.9926969436643306,2.1885564096378203,0.2618436826772987,0.1317251173110659,0.0933442039238405,-0.655334105463237,0.719630068173466,0.2187433190444805,-0.0011195304403714,1.3666797484692776,0.8641916572333274,1.0012032370604451,-0.0511004254985677
2017-07-17,ETFC,39.5,39.7,39.18,39.52,1631223,-0.0014729860903836,0.0065629329910891,0.917630393197694,2.120797330602755,0.2695243701122631,0.1241193033134262,0.1575717589964951,-0.68028090008309,0.8116263515098295,-0.4951129084162383,-0.001164792289893,1.277130088276086,0.1087591890951553,0.0119375175810896,-0.4947336460452874
2017-07-18,ETFC,39.38,40.16,39.38,40.07,4181785,0.8334493168728461,0.8309729959918578,1.2084775288843554,2.1243048798282222,0.2921926127664797,0.1566123612446728,0.3016068022357474,-0.6932900312482252,0.788983611688888,1.710869342946403,-0.0010484176509788,1.3693710523477234,-0.0019243262815678,1.2974704415457112,0.0309838164565765
2017-07-19,ETFC,40.22,40.4,39.48,39.67,3314383,-0.654488805702846,-0.6459691910520088,0.8397786996195661,1.449741698290514,0.2893831377994731,0.1170276010217484,0.326044845552931,-0.7592594084903624,0.8710860661589802,0.8455204305694718,-0.0013866241638655,0.8798503247374305,0.8332157853642291,-1.0594712459878226,0.3414613399369625
2017-07-20,ETFC,39.77,39.88,39.42,39.6,3457045,-0.1428539362934572,-0.1341311856583323,0.6934951930625841,1.3737448730784991,0.2794838588565735,0.0671107594577076,0.2923988536256823,-0.787353238835144,0.9413934376034376,0.8411556288153883,-0.001401028596543,0.8258612974471811,-0.6551105000873013,-0.3492686121389835,-0.6232230087932428
2017-07-21,ETFC,40.87,41.83,40.7,41.63,5862642,3.1585144650824994,3.0705509779185,1.8915316639890876,1.8123429935446371,0.3458476824199201,0.2234771992175851,0.4714738979571119,-0.1549688367774121,1.9012779015962544,2.4347513905710554,-0.000957978831539,1.32705361151545,-0.1433421589566925,1.3786102101426532,0.6708709325868276
2017-07-24,ETFC,41.91,41.97,41.38,41.48,2322585,-0.2573223852277059,-0.2482782190288106,1.6002262192438206,1.585883200010102,0.3863879664805301,0.2821010048877401,0.4801767093723903,-0.1760301665705553,1.956074912210529,-0.2666808315504703,-0.001345013478105,1.1658636240726772,3.1588874802848967,-0.8014839958319799,-0.4059066633189388
2017-07-25,ETFC,41.99,42.19,41.765,41.92,2283698,0.6274074405397909,0.6285432222259838,1.7082883596796086,1.6285252536217647,0.4291893438064517,0.3348200645649254,0.5501555290516036,-0.1806674920698128,1.926026838265344,-0.2943927853076148,-0.0011382670039872,1.280576941142351,-0.2578404696181575,-0.1522661807958435,-0.7463843668227518
2017-07-26,ETFC,41.94,41.97,40.98,41.11,3183851,-1.2359781607484723,-1.2328733213805263,1.029873903172987,1.1227660562354578,0.4246405513379978,0.2551167903709065,0.5098834309846196,-0.0332079271096684,1.367468714616641,0.3561947080536336,-0.001383036928136,0.7003521626504068,0.6271201582696019,-1.5214997097289422,0.4156683307960024
2017-07-27,ETFC,41.23,41.3384,40.47,40.72,3694693,-0.6236220373218466,-0.6149699446160328,0.6660020094743554,0.7996384431082935,0.399386881570052,0.1380601732732958,0.4522974232210856,-0.000762964565525,1.0132140834675905,0.6630227757318938,-0.0014142247148988,0.4322175608711773,-1.2367515500030968,-0.9608644633416112,0.1860140701102279
2017-07-28,ETFC,40.69,41.09,40.5,41.02,1517826,0.4256830151401952,0.4297119701331393,0.7506144610331541,0.8984845167520129,0.3850451549253279,0.0725020333494774,0.3846087974359631,-0.0030490156802541,1.134356261307755,-0.9163976360032766,-0.0011676065183155,0.5549124510952367,-0.6242356793999588,0.586416039535069,-0.392613344754033
2017-07-31,ETFC,41.14,41.18,40.935,41.0,1554089,-0.0633510101402374,-0.0549751484137196,0.6363999906663528,1.0029216586614702,0.3669658272917827,0.0104350008065599,0.3247494843395336,-0.0044788295735264,0.9794873434628096,-0.8633923051631611,-0.0013175793119329,0.468549680873535,0.4253431084147941,-0.283420340899951,-1.0933114464902411
2017-08-01,ETFC,41.22,41.24,40.84,41.16,2769852,0.2099621520647032,0.2163761460848965,0.6499174121725068,0.9472698702292294,0.3531674960134034,-0.0281994143052823,0.2972234808631731,-0.0179055421236118,0.8676478667943486,0.002092011448448,-0.0011055673950102,0.5995519089500838,-0.0638184926369395,-0.1362900372599437,-0.7814030119630503
2017-08-02,ETFC,41.1,41.2,40.62,41.09,2067121,-0.138877059205735,-0.1301692552615247,0.5236164610828448,0.7110026741807122,0.3339318269893546,-0.0731025601504321,0.2666023569837992,-0.0142464603070867,0.7395218448306368,-0.4908752364266808,-0.0013402370870546,0.5422384341665983,0.2095659695914606,-0.0446989803340268,-0.4149379572985015
2017-08-03,ETFC,40.98,41.2499,40.91,41.04,1541766,-0.1087541806747027,-0.1001678203513752,0.4064561146688321,0.6420470928876526,0.3114334880844585,-0.1174231329342457,0.1896775828160977,-0.0257416419824291,0.7973885470776084,-0.8788516400563295,-0.0013180998228849,0.4919312974518742,-0.1393642444091299,0.084300996964543,-0.9010812557356876
2017-08-04,ETFC,41.31,41.61,41.16,41.21,1233418,0.2248954378147378,0.231168031772635,0.4334256440871883,0.698607799361919,0.2951948869915494,-0.1367671337922204,0.1197187500843592,-0.026045708776643,0.7891036857541237,-1.095886269674957,-0.0011807115723955,0.6325061385875038,-0.1092335076325282,-0.2092063721096715,-0.6812684109028518
2017-08-07,ETFC,41.22,41.27,40.955,41.11,1670945,-0.1840711158461192,-0.1752083912573866,0.2881563134184273,0.4048585488772082,0.2735407681766649,-0.166181783868911,0.0155519075903084,-0.021133126768617,0.7551785655293035,-0.7430768046122547,-0.0013248629017532,0.5498150555665449,0.2245031510324883,-0.2279346092643902,-0.9527354609402442
2017-08-08,ETFC,41.01,41.97,41.01,41.23,1730319,0.1487350321083381,0.1556917990065374,0.2761229824874543,0.7528934938134771,0.256450062282971,-0.1779673576285161,-0.1475489495063635,-0.0370526417206241,0.8739329252239968,-0.6719755651348633,-0.0011550403460683,0.6308649415199099,-0.1845700909584693,0.3789844180628209,0.3491860402378274
2017-08-09,ETFC,40.85,41.17,40.5562,41.15,1117748,-0.1537974740457852,-0.1450349020833535,0.149358094134878,0.7449419731932041,0.2353480191216517,-0.1977209297094405,-0.2980825265943569,-0.0388836400659284,0.7019970243458955,-1.141068604423807,-0.0012976065361635,0.4078042614922289,0.1483228771328785,0.5285313205809179,-0.348198276120357
2017-08-10,ETFC,40.87,40.92,40.12,40.15,1964170,-1.5459495667109553,-1.548019293907592,-0.5184619327213407,-1.3187024342195233,0.175549106837819,-0.313128862343816,-0.3735428188836091,0.0918117635278104,0.1082918055160531,-0.4425346995021657,-0.0013411249665001,-0.5874596718737883,-0.1542885515825003,-1.3572997981151396,0.0692660721102803
2017-08-11,ETFC,40.31,40.4477,39.8731,40.07,1182001,-0.157046927233173,-0.1482729009271136,-0.5879823591732328,-1.2851486516681492,0.1219081664243484,-0.3896046948641209,-0.4369338510161777,0.0933812533343086,0.0444555370074853,-1.0546612535070905,-0.0013041112529193,-0.8984052542450154,-1.546803819134915,-0.4761411213957277,-0.3962238814423972
2017-08-14,ETFC,40.57,40.86,40.19,40.51,2461327,0.6506459958645505,0.6514075250326258,-0.3365082998169556,-1.285148651668156,0.0939348499321854,-0.3847173387651895,-0.5329256123526055,0.1161791278298505,0.2004300346787524,-0.0184441322720625,-0.001111955192,-0.5445322737513838,-0.1575388524644763,-0.1380519984668324,-0.2129389160203272
2017-08-15,ETFC,40.9,41.36,39.81,40.34,3199522,-0.2942615669904325,-0.2851586361566476,-0.454301564859412,-0.9092245500132432,0.0626569281207173,-0.3893134510904263,-0.5552767636530853,0.0825176379708121,-0.0685159222621101,0.6428677897724753,-0.0014050301724716,-0.7772424912253824,0.6503647759059109,-1.0607664210223935,1.6109153585517666
2017-08-16,ETFC,40.58,40.77,40.16,40.42,1475855,0.0904705657704615,0.0978885601158321,-0.4267216593176141,-0.500231653674066,0.0388731549466724,-0.3737005313667741,-0.6394183309006156,0.0555694566136295,0.1101865778584764,-0.7555126575422417,-0.0011631829212967,-0.6812372482667564,-0.2947892878158988,-0.3242043188603872,-0.3335820851554003
2017-08-17,ETFC,40.26,40.355,39.59,39.61,2341006,-1.2806212378525068,-1.278162901796138,-0.9468305285307456,-1.4291215592351294,-0.0133954427413073,-0.434529643531426,-0.6412364650011896,0.1535455747377058,-0.1637682250870289,0.0504376461904331,-0.0013653390465387,-1.8557321580385169,0.0900432111691103,-1.2461044384429092,0.0182635100199342
2017-08-18,ETFC,39.49,39.81,39.12,39.72,3053133,0.139899289562376,0.1469294715666694,-0.8165840463161079,-1.2853294462194425,-0.0515909944592789,-0.4469691551984182,-0.5934068577840903,-0.6113153494278512,-0.8413013451015412,0.868796747616118,-0.0010753811840195,-1.2316256118080768,-1.281406273280404,0.4137166369627709,-0.1435597287942693
2017-08-21,ETFC,39.67,39.87,39.32,39.84,2109522,0.1550947046781489,0.1619978624485356,-0.6877946904831606,-1.3328911751752532,-0.0779363071843222,-0.4264184533615197,-0.5695681518102063,-0.602420686977176,-0.7481409133116728,-0.0213383157611835,-0.0011336701534588,-1.1016901771197658,0.1394848295802869,0.2974496068787032,-0.4407849288757329
2017-08-22,ETFC,39.95,40.82,39.89,40.64,2276523,1.2171653525020842,1.2062072264264607,-0.1309506087079456,-0.5100285659347747,-0.0682401625002484,-0.3172078009607556,-0.6726677846727033,-0.4900444115178881,-0.615921209814871,0.1391760487385092,-0.0011294864834275,-0.1084059652802748,0.154684208769526,1.2785828674363704,0.315836509988118
2017-08-23,ETFC,40.28,40.75,40.16,40.59,1740928,-0.1095930380056564,-0.1010030989925163,-0.1464602646245866,-0.5100285659347702,-0.0634879694174234,-0.2425649253535343,-0.6880630614674348,-0.6062346636395602,-0.3532469752428384,-0.3153175890158681,-0.0013258995358292,-0.166724939621368,1.2170319221452797,0.5551395911450522,-0.3799145140690905
2017-08-24,ETFC,40.73,41.08,40.54,40.94,2848549,0.5038434032282224,0.5068271534963814,0.0724623359512904,-0.3735691008366771,-0.047100545414367,-0.152901740775105,-0.6819182195247658,-0.6100924606854033,-0.0881291870892244,0.8447152982430903,-0.0011023837733624,0.2415078807662997,-0.1100725837987071,0.3632212562580659,-0.4920551158766619
2017-08-25,ETFC,41.03,41.37,40.93,41.07,2815713,0.1646967970756883,0.1715177968639464,0.1547808851901525,-0.2161471287333387,-0.0303435203474027,-0.080219846336403,-0.6789835537311985,-0.6256723212388761,-0.1495752560045098,0.721353296842965,-0.001110677171393,0.3931372140531534,0.5035238864374272,0.0473386138156131,-0.6984585940712078
2017-08-28,ETFC,41.17,41.36,40.85,41.03,2748808,-0.0936320669120132,-0.0851121519556713,0.1279740010162894,-0.3273203389872652,-0.0201020977073844,-0.0388453792688113,-0.6773702480028144,-0.625376978225461,-0.156730693967744,0.5794714222664231,-0.0013657496411596,0.3464820345802773,0.1642888060936765,-0.2832329929839597,-0.5554029092638574
2017-08-29,ETFC,40.46,40.7,40.23,40.67,1750992,-0.5792522823762967,-0.5704369294956216,-0.0886410335851328,-0.5005058742612349,-0.027532485809549,-0.0512327422516941,-0.6975504759578948,-0.6049657653656644,-0.3423168249312078,-0.3317289858004598,-0.0013247218829716,-0.0734145806756157,-0.0941074489187163,0.3658207423658369,-0.6282011095968133
2017-08-30,ETFC,40.63,41.04,40.57,40.91,1168185,0.3343983262538955,0.33952623330688,0.072279000579628,0.4034083661272367,-0.0253793529093864,-0.036474814554637,-0.7079226607023051,-0.5914230762756448,-0.2318132581407459,-0.8763211712304323,-0.0011863271316115,0.2065164961616407,-0.5798543495835062,0.4943455176891181,-0.6338513043902007
2017-08-31,ETFC,41.01,41.15,40.696,41.01,2330783,0.1191868889907868,0.1263843060478372,0.1378816113141537,0.5398572059535661,-0.0211892991728861,-0.0194254732290664,-0.7098058049109259,-0.5895903887864534,-0.1782127315245239,0.241394911802539,-0.0011324549871206,0.323154444843835,0.3340346058182193,-0.0263165508545973,-0.6687013654614536
2017-09-01,ETFC,41.09,41.2,40.79,40.99,2694023,-0.0633584119854081,-0.0549825132547145,0.13213354791088,0.2294336314267569,-0.0201199731846923,-0.0138186996706236,-0.7265830568170251,-0.5960370401025904,-0.2458812422155375,0.5071878890729272,-0.0013652758632444,0.2998268551074011,0.1187670257027071,-0.2101855826396329,-0.7577119863163011
2017-09-05,ETFC,40.62,40.75,39.8,39.94,2576453,-1.6277981746327563,-1.63150264846288,-0.5093690881258295,-0.4656493907367122,-0.0615821951668654,-0.1188087531353592,-0.7170655598997777,-0.3911803960323209,-0.5854595071553031,0.3451479756576024,-0.0013653428908014,-0.9248716060556272,-0.0638258964130518,-1.291092865702446,0.3909949843629108
2017-09-06,ETFC,40.17,40.39,39.9,40.12,1885943,0.2475859987546065,0.2536369787939191,-0.3572384784694293,-0.3917258378522624,-0.088038577101241,-0.1641760219438799,-0.7445674038571009,-0.3861931764981325,-0.5628703517346495,-0.3014465092369633,-0.0011487916296392,-0.4038887686084995,-1.6286737791482797,-0.1203566120451332,-0.5734519890909279
2017-09-07,ETFC,40.2,40.2,39.33,39.49,2227157,-1.0106272400632714,-1.004763261540728,-0.7130506407882995,-0.2735771858673875,-0.1339515274924797,-0.2505507092613219,-0.7100877554419306,-0.3261533915292456,-0.7599355694077711,-0.037042327357488,-0.0013499875612038,-1.334659599092391,0.2471996313269694,-1.360688875828075,0.2447497265846585
2017-09-08,ETFC,39.51,40.2,39.365,39.66,2311768,0.235017792723376,0.241192531169805,-0.5869889245251914,-0.230685751420797,-0.1634592969513071,-0.2774238058041267,-0.6732934714341609,-0.4828365135629738,-0.3467150384796675,0.0231890730678386,-0.001126876982265,-1.0834992162634105,-1.0113418413480746,0.2605163464896294,0.1633311036954381
2017-09-11,ETFC,39.83,40.63,39.83,40.44,1655025,1.1914434236374338,1.1811248500754703,-0.0920401569246748,0.1717934640596903,-0.1560443822344891,-0.2038839295800615,-0.6810252794123519,-0.3609380035247799,-0.0318636898729412,-0.5794665141575323,-0.0011631056735625,0.0688837167166556,0.2346281465901777,1.1307657727177525,0.0573577859810445
2017-09-12,ETFC,40.63,40.925,40.42,40.75,1472336,0.4442539971203912,0.4480433114594662,0.1015000928571496,-0.1154980971587034,-0.1380722917099238,-0.1178780398093878,-0.6731099075971337,-0.3790094919234868,-0.0804670290907604,-0.7123112696739694,-0.0011738671946382,0.5268820618754025,1.1913032831239847,0.1968243356641378,-0.5585107968419007
2017-09-13,ETFC,40.6,40.67,40.17,40.67,1976614,-0.1552204111470642,-0.146452802481786,0.0387593217361596,-0.1359028403502052,-0.1272075017345053,-0.0673673972569078,-0.669142886792474,-0.3838315555300445,-0.0473341301528229,-0.2058115868522284,-0.0013328917924891,0.4086889405441165,0.4439189350626971,0.1039451476979377,-0.5667251869912717
2017-09-14,ETFC,40.53,41.17,40.53,40.72,1578897,0.0435444505536251,0.0512946519228698,0.0614149492979168,-0.3455637356672662,-0.1169769975662821,-0.0285915239636586,-0.6633845864959222,-0.3843717225267418,-0.0584723763456739,-0.5791952307109496,-0.0011682521794771,0.4825596413761676,-0.1557118598896439,0.3278615685751864,-0.2814479194189354
2017-09-15,ETFC,40.73,41.47,40.55,41.06,3594233,0.4868402228991054,0.4900595215894159,0.234383385738425,-0.1957646408062469,-0.0960769592521505,0.0298923718905838,-0.6955863779707596,-0.5127276889720002,0.3701523560582385,1.1975408695659628,-0.0010776427086836,0.8629151648093072,0.0431048541960086,0.585814288893881,0.2760309580699649
2017-09-18,ETFC,41.5,41.89,41.3689,41.46,4493640,0.5735118721804361,0.5754831109072231,0.4359585966468464,0.0800014484252563,-0.0647213483903789,0.1035919523229444,-0.6884720677772532,-0.4928819584938881,0.4758915337189638,1.8825307889906089,-0.0010479225392026,0.8866927362005628,0.4865162704377169,-0.0991375485996272,-0.543834228342149
2017-09-19,ETFC,41.62,42.19,41.46,41.7,3536506,0.3273978064335552,0.332604564570878,0.5294970184083497,0.4721854156665252,-0.0317565198622783,0.1666937152399007,-0.6565500046113408,-0.4889359808821906,0.5181902717759144,0.9536574033078344,-0.0010994652211845,0.8733511461275696,0.5732105300118603,0.1189055253788964,-0.1323592177644574
2017-09-20,ETFC,41.75,41.95,41.37,41.78,3025922,0.086443837041492,0.0938917130712326,0.5434018575834757,0.3896488161411552,-0.0041317171522422,0.2034299910442576,-0.5811852737067724,-0.6039764613604771,0.2444981105949084,0.4811474996710662,-0.0011261615231588,0.966335245077008,0.3270322597513002,0.0279721570451436,-0.4343660640110885
2017-09-21,ETFC,41.8,41.88,41.4153,41.78,1491097,-0.0329960430517004,-0.0247793014886723,0.5041691513499501,0.3349659362593041,0.0158819214155044,0.2132280062087526,-0.5211975120924167,-0.6058307988115731,0.2630969336777446,-0.7933349007601602,-0.0012427088046935,0.966335245077008,0.0860154319753534,-0.0624657303572074,-0.6643613022064203
2017-09-22,ETFC,41.68,41.88,41.46,41.82,1527041,0.0266095457454036,0.0344710215903014,0.500927234160627,0.3731970589411032,0.0312606068726188,0.2091361288225156,-0.464600339571866,-0.6254441020681705,0.148208530896305,-0.7270550285356677,-0.0011862632679651,1.0128272945517274,-0.0334556067571959,0.2274562399915123,-0.7543281818004696
2017-09-25,ETFC,41.62,41.9,41.5,41.66,1794627,-0.2711903519893554,-0.2621215485755244,0.3788275001971497,1.275697481517229,0.0350512364747734,0.1760351706267824,-0.4318966099360668,-0.6189622045875355,0.0435058653789437,-0.4617633039067447,-0.0013077230869617,0.8268590966528421,0.0261655315284335,0.046294487262143,-0.7911236178814467
2017-09-26,ETFC,41.81,42.059,41.64,41.9,1462470,0.3256676391292642,0.3308937659290289,0.5043086913883397,1.3009540729974804,0.0452825601998711,0.1661326398685804,-0.37968735364045,-0.6117166499112549,0.1439366033204246,-0.7174202562703553,-0.0011884567170465,1.1058113935011655,-0.2717120541578439,0.1363158496343293,-0.7579153062945506
2017-09-27,ETFC,42.5,43.32,42.43,43.16,2068613,1.839202697955662,1.8097046249401092,1.2283794588628083,2.4166280631972263,0.1001286914858782,0.2730483618970525,-0.1600021839577172,-0.3878656263637229,0.7316995514100122,-0.1807889767086475,-0.0011674424405214,1.3095782394132345,0.3253016410930811,1.1469582304609316,0.1272434008829644
2017-09-28,ETFC,43.17,43.32,42.895,43.2,1239412,0.0247037136661767,0.0325774259966068,1.1771311425226811,2.4056075087848776,0.1418377143140419,0.3247662484996091,0.0156998201629361,-0.3894192567087706,0.6546251866107586,-0.9295156168798856,-0.0011988035901186,1.3429033676081517,1.8392315403447643,0.0261864270192545,-0.7714196121638209
2017-09-29,ETFC,43.1,43.67,42.97,43.61,2165361,0.5578788498746224,0.5600839111183097,1.3510015050411206,2.369944576645443,0.187174453623064,0.3754782375536404,0.2148185255779003,-0.3763168117276644,0.7636381136298552,-0.0895335277457954,-0.0011671971602527,1.3969223254079652,0.0242592022690823,0.8676836911834439,-0.2535894014348862
2017-10-02,ETFC,43.76,43.8,43.4,43.66,1823851,0.0383844172768656,0.0461690079732409,1.2933641208646365,2.340226888156136,0.2208301949574204,0.3859811410939618,0.3761056446864219,-0.3791901557185864,0.7891731408938375,-0.3651887833235861,-0.0011807911746684,1.3387656839060962,0.5575734294726817,-0.1989668825741383,-0.8277796086832053
2017-10-03,ETFC,43.79,44.49,43.67,44.38,1886903,0.993705445701771,0.9879633967813928,1.5996329762358603,2.523459495986983,0.2710183953527008,0.4369377289491152,0.5287471373001478,-0.62980660175937,1.4651790307936814,-0.2794272139034653,-0.0011800486041482,1.372014417092368,0.037943474805909,0.9916225504168708,-0.0514522331649081
2017-10-04,ETFC,44.34,44.58,44.17,44.25,1764817,-0.2153652380678223,-0.2064144486943711,1.3801586381184603,2.3416225988907917,0.3005163684527208,0.4244467103495402,0.6167418296237547,-0.6060522533113458,1.3443737359986483,-0.3889737690780007,-0.0013000207921441,1.2339301984107878,0.9935137206896026,-0.1796692947527156,-0.8191261067480019
2017-10-05,ETFC,44.48,45.22,44.22,45.01,2240300,1.0362945444944969,1.0296177449984243,1.6718195262798523,2.3801731209165014,0.3480952389139407,0.4609938140219173,0.6767027176344275,-0.7328788418365527,1.8854415952666,0.0563497991525328,-0.0011684215317415,1.3236510625493465,-0.2158723769715924,0.8739182993038832,0.2602837251985298
2017-10-06,ETFC,45.33,45.7,43.28,43.95,5712772,-1.499192882609419,-1.5003792164825571,0.8728681866356245,1.2246036872583292,0.3384868626405877,0.3430325083214784,0.5675140043273194,-0.4249392465194236,1.4211588907732786,2.920567368419372,-0.0014272031427334,0.4518535919672711,1.036113929828126,-2.3263708972355444,2.997638081778715
2017-10-09,ETFC,44.46,44.63,44.04,44.43,2974792,0.6469552197314017,0.6477767520962184,1.0412385417307644,1.2923523647286892,0.3441001458784363,0.2878437533079477,0.5551463745811133,-0.4835200268669747,1.2815668825862994,0.4697372409965262,-0.001139796331401,0.6794591224366517,-1.500034937477116,-0.0772961629736749,-0.4846143121959558
2017-10-10,ETFC,44.43,44.46,43.88,43.99,1968893,-0.6495509946468901,-0.641009144327444,0.6669003942323496,0.935631070793502,0.3257806990495548,0.1820903140981002,0.5021559220036305,-0.421397547058903,1.0002388892913787,-0.3974337581390105,-0.0013083868969493,0.4149672822061472,0.6466730369489349,-0.7745223908412426,-0.4924901106373983
2017-10-11,ETFC,43.89,44.33,43.61,44.24,1942651,0.3208232198408786,0.326103326854837,0.7073798364130626,1.0110361388494515,0.3157652283845024,0.1188618544261634,0.4259487193312459,-0.432225963783056,1.121703816957292,-0.4182400173297573,-0.0011763353388224,0.504135029820344,-0.6501714008897819,0.5761697741890258,-0.2349627185840856
2017-10-12,ETFC,44.38,44.5,43.92,43.98,1426592,-0.39888866849543,-0.3897386794421275,0.4463725106884481,0.8276609512427192,0.2925272203839223,0.0342445032078587,0.3017880189001092,-0.4033236707757469,1.00831262371026,-0.8464007695278231,-0.0012903119013315,0.3326666659014097,0.320455958026522,-0.7072699997998081,-0.4922402621184243
2017-10-13,ETFC,43.81,43.93,43.38,43.86,1761653,-0.2028679052579147,-0.1939503982390873,0.2865459222163307,0.8531468743343227,0.2646414938511997,-0.0454125252598333,0.1820684402859504,-0.3975700275725289,0.8340412833936394,-0.5065334479748413,-0.0013025182332591,0.0306522903485068,-0.3994436837063245,0.059910092788938,-0.5462378849221665
2017-10-16,ETFC,43.79,44.62,43.78,44.49,2958412,0.861271253439514,0.8582565419474836,0.5748724833250467,0.9655017230286436,0.2626125284343735,-0.042583290035864,0.1191829874688042,-0.373003068942982,0.9058526460558608,0.6266276150355439,-0.0011400562818766,0.5139504241777787,-0.2033717839450331,1.181407806586125,-0.0177945280952931
2017-10-17,ETFC,44.63,44.9589,43.665,43.78,1812280,-1.026549799491139,-1.020853209899646,0.0814852401842105,0.1124564780102121,0.2287292726786015,-0.1223122968297829,0.0235126047653542,-0.2678876493171117,0.5650895490436777,-0.3425687464079958,-0.0013033492663685,-0.0311232228393509,0.8610449799228427,-1.4652369493847262,0.8717811180424018
2017-10-18,ETFC,44.01,44.13,43.8,43.92,1393783,0.1660931586340245,0.1729020888932516,0.1008760791063706,0.1553941571825319,0.2033461491183309,-0.1642163083202024,-0.0799301301365512,-0.2678733540667345,0.5847780998143803,-0.6839471665296983,-0.0011950298219463,0.0619085240211022,-1.0272685545417235,-0.1808191789946115,-0.9651289176656428
2017-10-19,ETFC,43.65,43.86,43.28,43.69,2891953,-0.3590285709358812,-0.3498756781937316,-0.0953240794609488,-0.1495744470737735,0.1705163003330031,-0.2169072600493259,-0.2114290251164638,-0.2527198299139395,0.5039282580427581,0.6858691711487337,-0.0013399667971646,-0.13297145777396,0.1656855319250359,0.042917616531857,-0.484944902673701
2017-10-20,ETFC,43.05,43.7301,42.5478,43.2,5485309,-0.7312436597672647,-0.7231208192029536,-0.4309485552982582,-0.4001046905152414,0.1221103973398707,-0.2991525168277335,-0.3528669183720426,-0.2040036333385705,0.3171581133026673,2.695878082970617,-0.001433882352909,-0.5358007343800257,-0.3595731877237061,0.2369300873352037,0.6895533642360235
2017-10-23,ETFC,43.38,43.68,42.635,42.75,3074575,-0.68151726699523,-0.6731264077155987,-0.7330517547023974,-0.9699093925530828,0.0636089526270737,-0.3909344728460097,-0.5195349757037938,-0.1727511489828794,0.2167846675456773,0.5418871791826775,-0.0013577909997001,-0.9724748279685328,-0.7318853774204542,-1.1235416465460757,0.4458971026233276
2017-10-24,ETFC,43.1,43.75,42.95,43.62,3445366,1.234009632357958,1.222627184527126,-0.2626970997017656,-0.4584016711893145,0.0492219945458017,-0.3508101084849995,-0.7395833115688306,-0.0853432125315251,0.4354076605865472,0.7389297004442789,-0.0011081688593926,-0.6715853450182451,-0.6821460123753589,0.8852131076939903,-0.0628349639535477
2017-10-25,ETFC,44.04,44.22,42.955,43.42,2341251,-0.3184524277311,-0.3093229221836144,-0.3900781156911148,-0.9290844934934808,0.0279309897453467,-0.3364815144008605,-0.760669123650999,-0.3046987985045845,-0.0790037598433492,-0.1632203039332558,-0.0013299064160756,-0.9615162434827972,1.233880596218904,-1.0899429541127998,0.8367319927099367
2017-10-26,ETFC,43.48,44.08,43.28,43.64,1897664,0.2824523275076588,0.2881468926542911,-0.271552271271162,-0.3553640975659802,0.0178144600528315,-0.296255732570002,-0.7904196543736876,-0.2985597047464407,-0.0178917231371829,-0.539296935384047,-0.0011697395124665,-0.7295132175842677,-0.3189864592988826,0.2517028977579943,-0.0635354630063116
2017-10-27,ETFC,43.57,43.61,43.0,43.29,1829047,-0.5323157755105089,-0.5233625549531356,-0.4713895377388699,-0.8156528608534815,-0.0056089168943392,-0.298326702866543,-0.7699042068127792,-0.3047145952601939,-0.2752434217575623,-0.5840786103934044,-0.0013112378229729,-1.0986089406046589,0.2820750557636616,-0.5118455810343473,-0.4169666774454257
2017-10-30,ETFC,43.03,43.66,43.0,43.47,1694277,0.2258731357365604,0.2321363488407669,-0.3580917275438737,-0.4894094396254367,-0.0185701726989864,-0.2730541593843101,-0.7614138070144123,-0.2996245024717022,-0.2313900144972192,-0.6881968442013636,-0.0011776220614326,-0.908788283051316,-0.5329055982505525,0.7462324956387015,-0.3259692388806381
2017-10-31,ETFC,43.37,44.245,43.37,43.59,2251026,0.1388687947635734,0.1459074582740899,-0.2627947899038862,-0.5743365028255523,-0.0255213313239694,-0.2373662379195787,-0.7762476194087642,-0.3833059289251821,-0.4289094445188412,-0.2554939681086195,-0.0011582157436856,-0.7822411780157489,0.2254811040092969,0.3569297653848276,0.0816114480426404
2017-11-01,ETFC,43.88,44.385,43.4,43.54,1716340,-0.1044092542223652,-0.095841610325136,-0.2716004684422086,-0.4613484034134038,-0.0342987215308731,-0.2135165894017836,-0.7844001217203689,-0.3846807705369776,-0.4031255408546059,-0.6790707523592286,-0.001305228826,-0.8349691384472377,0.1384540659532188,-0.6117223611226028,0.2940859833191335
2017-11-02,ETFC,43.43,44.62,43.22,44.45,1797597,1.2682169593301706,1.2559594049914282,0.2908091708488351,0.124230549399149,-0.0070560447479815,-0.1017218382274088,-0.8671121129227417,-0.3398949624588891,-0.350202293642455,-0.6018749885907119,-0.0011757197970418,0.1246797414057797,-0.1048874477062098,1.7480979290827658,1.0335850502840134
2017-11-03,ETFC,44.34,44.34,43.8,44.02,1261514,-0.6352672719468316,-0.6266633367280402,0.0308326851439888,-0.4478346773431806,-0.0040385342398688,-0.0746411982522732,-0.8646219792962212,-0.4834775989730861,-0.1440854032672789,-0.9339082060486256,-0.0012886122128097,0.1484181136856695,1.268096846958988,-0.5715707513812198,-0.5689689697184956
2017-11-06,ETFC,43.94,44.25,43.61,44.1,1042528,0.0801489592174078,0.0876430315174414,0.0887765741256212,0.0107652417291606,-0.0001926044585678,-0.050844349323897,-0.8926727966680307,-0.5230889902361596,-0.2765600318882549,-1.0863461383100912,-0.0012041357606278,0.2587140462456603,-0.6358839519521892,0.248792361882669,-0.3818420419701229
2017-11-07,ETFC,44.06,44.5,43.43,43.62,1267707,-0.7106345464375912,-0.7023957269748036,-0.1880901273013012,-0.3636795561467075,-0.0175294511471891,-0.0863309721614292,-0.89643999135056,-0.5163754042515938,-0.291005554436354,-0.8605844508530883,-0.0012889703865994,-0.4030615491143046,0.0797189119876321,-0.7808055538189003,0.4530300509779331
2017-11-08,ETFC,43.59,43.67,43.19,43.48,1838961,-0.2328155123272878,-0.2238224489064197,-0.2494147536719633,-0.313487433812324,-0.038036494001483,-0.1228803007881889,-0.915631833070421,-0.5274858535890448,-0.4197775291418675,-0.3230887971707853,-0.001310954369832,-0.5960794310942937,-0.7112708877296424,-0.2169725813123216,-0.6712776147037455
2017-11-09,ETFC,43.18,43.41,42.555,43.08,1393057,-0.6057470779972235,-0.5970253608865423,-0.4629956000030711,-0.2614439627033157,-0.0709094649450475,-0.183949449716685,-0.8921432168248783,-0.5124597277736249,-0.468020254999511,-0.7394106097886544,-0.0012957097732842,-1.147559093894258,-0.2333272035363842,-0.2012859467797273,0.0627251863071637
2017-11-10,ETFC,43.12,43.35,42.86,42.92,1599496,-0.2642236660733391,-0.2551668524865826,-0.5313809871962648,-0.0798650353021569,-0.1037585083426487,-0.2327431797680758,-0.8537740719110388,-0.5109825083153939,-0.4822365609130543,-0.5403971753732952,-0.001304748867531,-1.3681509590142402,-0.606356056981144,-0.3767422705228184,-0.6398555618397666
2017-11-13,ETFC,42.72,43.63,42.62,43.6,1865136,0.9533847933656636,0.948501866332732,-0.0952731433340675,-0.2023840545208387,-0.1035324650404052,-0.18664346001868,-0.9250851770006608,-0.4949560206151921,-0.461273961880167,-0.2448884136034504,-0.001168711115004,-0.4306355322542974,-0.2647435508216008,1.5299936303535917,0.3392785724051318
2017-11-14,ETFC,43.39,44.065,43.1511,43.87,1521218,0.3525468497147137,0.3574667366258803,0.0646777183223212,0.1076270485604653,-0.0933473929185544,-0.1241293154783438,-0.9207581975467004,-0.5629886405093358,-0.1372853221055018,-0.5664079008209091,-0.0011839231766513,0.2397438457736811,0.9531825497841212,0.8094718076848216,0.1448331832041354
2017-11-15,ETFC,43.47,44.14,43.21,43.76,1490263,-0.1891023600073348,-0.1802244160730644,0.0032493186262339,-0.107897466992056,-0.0902604427425326,-0.0923884435432001,-0.928975343338737,-0.5643481832702447,-0.2209798623479925,-0.5998290664937148,-0.0012991036677862,0.0632840594988654,0.352187863738725,0.477709621138415,0.1798598082041944
2017-11-16,ETFC,43.93,44.09,43.755,44.02,1246977,0.3369100298374772,0.3420094574532933,0.1498733069633803,0.3147273136174542,-0.0783742388166779,-0.0443466183187832,-0.911519761357501,-0.5627048479633758,-0.056546271272668,-0.7859983433169624,-0.0011945416493701,0.4803708270575314,-0.1896026476354227,0.1284674387753266,-0.9570851921442334
2017-11-17,ETFC,43.76,44.315,43.75,44.18,1441433,0.1932939614865161,0.1998616084843882,0.2163552094094008,0.303232300904945,-0.0636202013108134,0.0014685961270437,-0.8958324035041157,-0.6114911160775678,0.1656901458420722,-0.4264805119047865,-0.0011879802256238,0.7345785698806869,0.3365469646374399,0.6988148423674674,-0.5255116431319391
2017-11-20,ETFC,44.23,44.62,44.01,44.45,1292827,0.3474853993343708,0.3524638237776425,0.3267930131343592,0.3868977059317723,-0.0425076381602554,0.054487503233574,-0.916242300983936,-0.6573624461960197,0.4165495808410183,-0.5177460253051331,-0.0011945717852381,1.1692173181177254,0.1928934307324601,0.3494779943704503,-0.4476135700164171
2017-11-21,ETFC,44.55,45.18,44.525,44.9,1775871,0.5972878011408765,0.5988960848113355,0.5575925894418571,0.645824540070044,-0.0096506391642732,0.1271326046089756,-0.8067148316633301,-0.7668955315676106,0.2634901154745603,0.160099083030473,-0.0011777134990732,1.0882993881990186,0.3471250929626575,0.5672440508550463,-0.37554967221304
2017-11-22,ETFC,45.0,45.13,44.63,44.74,1514658,-0.2548509650956297,-0.2458115144176207,0.4212626268246917,0.0219861331711335,0.0083000508576489,0.1468801030164403,-0.7544045860765772,-0.7716502019661237,0.2790049794490232,-0.1151692777169604,-0.0012968754009115,0.8856826087739567,0.5969926614701204,-0.4628379762261988,-0.6599329820309843
2017-11-24,ETFC,45.04,45.1,44.76,44.87,676968,0.147905719907949,0.1548694301897854,0.4614589411701095,0.4788613746084671,0.025650511167057,0.1611331207951243,-0.6912078482640551,-0.7761910983065481,0.2464656696170709,-1.147557949306654,-0.0012180174311249,1.0503087420568171,-0.2553684047593071,-0.311480926460282,-0.9598130415715524
2017-11-27,ETFC,44.81,45.33,44.81,45.13,1938798,0.327759244437282,0.3329619504243746,0.5604762172785591,0.5832227245512246,0.0473909073181027,0.1838351543033899,-0.6320396933352785,-0.8101235201898203,0.4567607752523984,0.5145813893053602,-0.0011726177015415,1.2032981008456844,0.1474933485873311,0.5132186254754726,-0.6310481000299286
2017-11-28,ETFC,45.22,46.42,44.715,46.31,3781830,1.594845398302667,1.5733314565554994,1.1755926376150518,1.5228531356752832,0.1081175207281231,0.3023466332018733,-0.3891419333625097,-0.5941372854038859,0.7920307712921208,2.628500140426635,-0.0011093565861016,1.3482707394843034,0.3273937920444419,1.794812282071378,1.4770450238743662
2017-11-29,ETFC,46.87,47.99,46.7,47.78,3860089,1.9432361988595528,1.910065705964156,1.9155577924211973,1.936773452649968,0.2099799187291427,0.5030386177211871,0.0677491634490679,-0.3410236215547735,1.2442377206667226,2.50160597154355,-0.0011128373826429,1.314437515235586,1.5948104944709245,1.4405519043625572,0.6587746423012354
2017-11-30,ETFC,48.12,48.72,47.81,48.14,3375047,0.4360892122745554,0.4399845538245367,1.9816033768521173,2.329391911993793,0.299723464777237,0.632398489031182,0.4267786014089665,-0.3498619541790115,1.3841566695881444,1.7471729462125107,-0.001134232676953,1.1301414785973238,1.943292180779716,0.0050848561115214,-0.0159150528415148
2017-12-01,ETFC,48.4,48.94,47.26,48.89,2924472,0.9369567638434751,0.9324166590005092,2.2805557658828914,2.5130149415656406,0.3941232473111913,0.7478714586384619,0.8303933464311323,-0.3932522672553013,1.2995259718041496,1.1412518499100528,-0.0011522501500463,1.4168475733562198,0.4357520202449772,0.7385672245303299,1.2725059914946302
2017-12-04,ETFC,49.74,50.895,49.7,50.54,3952821,2.0681649688659616,2.030369871992272,3.033369890556441,2.54470885817738,0.5261117173486861,0.937002468883606,1.3842648731310545,-0.2359185874019261,2.007813892167632,1.9702330475358587,-0.0011243010744153,1.301381816246591,0.9367502346326536,1.1888307778220375,0.3792405389929451
2017-12-05,ETFC,50.69,50.69,49.81,49.92,2810818,-0.7967471955866892,-0.789039082339406,2.486637811347051,2.0876081065925214,0.5977266790724228,0.9329069059868248,1.689839875679821,-0.1442094656417253,1.770747952707573,0.6889871604019622,-0.0013234622039336,1.0542604069882775,2.068253541328638,-1.1739763372732528,-0.122174137679642
2017-12-06,ETFC,49.77,50.06,49.271,49.4,2941705,-0.68151726699523,-0.6731264077155987,2.00553823464892,1.827725417223793,0.6251150474791823,0.8157919658152885,1.831686682686979,-0.1484489870717144,1.7786087040241283,0.7055255491496643,-0.0013297553440767,0.8469972895458189,-0.7974060013435139,-0.5879834286800799,-0.2602320385155103
2017-12-07,ETFC,49.28,50.125,49.07,49.84,2053410,0.5215289873000137,0.5242629191486269,2.060431305358445,1.8476000701459143,0.6548916808483967,0.7282473665783556,1.950604850097297,-0.1731037221819601,1.9807855833286545,-0.1342784458961456,-0.0011799798775848,1.022373773535593,-0.6821460123753589,0.8322264623325658,0.1728134690532095
2017-12-08,ETFC,50.1,50.47,49.4501,50.38,1596021,0.6415493070532753,0.6424583422984418,2.142296702302206,1.88688764162934,0.6900908404572604,0.6721691763829641,2.0266382243076757,-0.2465774423838403,2.3211909120300587,-0.5666133061445184,-0.0011950301650108,1.2359961549985798,0.5212140842005205,0.3959289550322629,0.0958404970130265
2017-12-11,ETFC,50.28,50.5,49.465,49.64,1653700,-0.9474650337017244,-0.9409782091020568,1.5215492320215869,1.4606162298868068,0.6793361574088869,0.5090222243046423,1.9537772313288029,-0.1448125834622493,2.132001446448543,-0.5151118351056783,-0.0012912761411507,0.9387279570883136,0.6412657140141722,-0.9879940071533418,0.1463430881436319
2017-12-12,ETFC,49.73,50.29,49.58,49.84,2625313,0.2178421418740797,0.224181962337588,1.4481571188181424,1.424673843935077,0.6692730172758669,0.3802846822014604,1.9056410063366471,-0.1628983563295273,1.9344512382331056,0.3418105833874213,-0.0011642329481487,0.9900046807299504,-0.9481631576725228,0.1407998048190845,-0.4040845321953968
2017-12-13,ETFC,49.66,49.76,48.66,48.7,4020315,-1.4570362266066617,-1.4574574782421086,0.6731319172413766,0.977786598458349,0.6077308053045096,0.1447884037994498,1.7765214867085397,0.0498397216544992,1.4494830268903771,1.4152738433576886,-0.0013595793503404,0.4934215661569363,0.2174480150773868,-1.486842401721508,0.2911185051096409
2017-12-14,ETFC,49.17,49.38,47.95,48.43,3313899,-0.3781638074175367,-0.3690091056857891,0.3910625394213073,0.845448095016268,0.5404065289141707,-0.0584915532006029,1.5927445906413316,0.0633328309763521,1.3998490614994232,0.7008285068268529,-0.0013432789673792,0.296047752921262,-1.4578672839412077,-1.163357856910078,0.8694943660354884
2017-12-15,ETFC,48.57,49.94,48.4,49.88,5274063,1.8310170557081396,1.8018010310169732,1.023224812951546,1.0462639476032662,0.5362396425743747,-0.0585494840407179,1.4549964694326922,0.1977999795079755,1.7876157394619372,1.9914679355102824,-0.0010766334087726,0.9706542230810412,-0.3787134160718309,2.011419470562243,0.9817499397556
2017-12-18,ETFC,50.36,51.039,49.51,49.78,2806392,-0.1578116755668984,-0.1490349781343947,0.8091286519392629,0.8084758877722075,0.5212964711520097,-0.0863338010057413,1.276053410066761,0.2114081226760809,1.6941047004162952,0.0491225649941157,-0.0013260899140974,0.847467661619533,1.8310437626842249,-0.8964522814557193,0.968502811065686
2017-12-19,ETFC,50.06,50.45,49.55,49.57,2627537,-0.2956354137769186,-0.2865307211579893,0.5511701409114972,0.3976685298979783,0.4938008492201636,-0.1408710461035578,1.0653423091409562,0.2337052733771737,1.524202094919371,-0.1314034510697343,-0.001323194038802,0.6932283563526919,-0.1583038003003907,-0.7658366213426211,-0.0781753562115986
2017-12-20,ETFC,49.64,49.95,49.16,49.54,1678670,-0.0706749037528805,-0.0622628559939514,0.4063779410919691,0.2873334613959248,0.4637873107061939,-0.1909819161192322,0.8567068059106602,0.2363285441067406,1.3502421987303312,-0.8200273668231882,-0.0012956646354443,0.6653864562611796,-0.2961634930019121,-0.1785159568990597,-0.2623114087440173
2017-12-21,ETFC,49.88,50.73,49.77,49.96,2660960,0.4948274480545334,0.4979366636647642,0.4890294697059233,0.189478991084079,0.449651290138399,-0.1902021542636803,0.5783194129684398,0.2210200067506216,1.5460632488954695,-0.1429949112149451,-0.0011571324559085,0.8757073608424032,-0.0711442968556515,0.0948571222175252,0.0101017377394539
2017-12-22,ETFC,50.07,50.14,49.3735,49.71,1094366,-0.3445354620798118,-0.3353878734841611,0.2228721539436469,-0.541880075964861,0.4220482353219213,-0.2242422591055348,0.2166503666252389,0.2435845004258121,1.416719610767804,-1.268039544666257,-0.0012768507906161,0.7442960097417353,0.4945055792445005,-0.5695289067117809,-0.3062551285463323
2017-12-26,ETFC,49.66,49.88,49.28,49.5,942130,-0.296005253969054,-0.2869000922711541,-0.006821560553431,-0.378790627260909,0.385764935355717,-0.2738171445673346,-0.2426330249371913,0.2619562917702431,1.254641849204652,-1.364120210646367,-0.0012724674332759,0.633910474817174,-0.3450762980069086,-0.2697375259990789,-0.5811316658240858
2017-12-27,ETFC,49.5,49.62,49.195,49.49,1239036,-0.0455734243645446,-0.0372889657180382,-0.0968875814220449,-0.1448686928611747,0.3508757850804761,-0.309888535631985,-0.6022828409618898,0.15826075043589,0.841014250207722,-1.107237997993249,-0.0012822698695364,0.2561635640162504,-0.2965334296753664,-0.0415795377556994,-0.8756264812716591
2017-12-28,ETFC,49.58,49.73,49.31,49.68,1209320,0.2060224884643586,0.2124731971253467,-0.0466042583132352,-0.2708359761895809,0.3252579411412831,-0.3148814655766891,-0.7483685764084135,-0.0425715183042959,0.4165423906983238,-1.0819899799656827,-0.001203538170748,0.2474400886881623,-0.0460362691691845,0.1260670416433274,-0.886751416947971
2017-12-29,ETFC,49.71,49.93,49.44,49.57,1590023,-0.1708459650493585,-0.1620251837435213,-0.1427236298719256,-0.6367569776380321,0.2955237424482789,-0.3294712358072996,-0.872214277967193,-0.0468133576927187,0.2687874003333869,-0.7329958718383569,-0.0012934938628298,0.1506790489637189,0.2056252782392695,-0.2390956681844274,-0.767498580386732
2018-01-02,ETFC,50.16,50.16,49.4105,49.82,2150848,0.2809944627914395,0.286704315948852,-0.0351514860609519,-0.0794141003768041,0.2769098987455452,-0.3125194496794643,-0.9079526675284214,-0.0955000913510565,0.1118949269910883,-0.2420602923860398,-0.0011727305589183,0.1310699810234441,-0.1713414900769983,-0.5384299271416696,-0.3375307642123535
2018-01-03,ETFC,50.75,51.21,50.25,50.62,3124287,0.96673157635542,0.961567051072545,0.3854980780081027,0.2334717395572422,0.2886196307726822,-0.2209056588571982,-0.8979112387687301,-0.3349596056084655,-0.1442295424816246,0.6193173418020356,-0.0011435595646884,0.8412630751710811,0.2806168107299061,-0.2198482172755097,-0.0107781697868749
2018-01-04,ETFC,51.01,52.185,51.01,51.3,2819667,0.8033426669252491,0.8014353985800147,0.7072395613354386,1.3492944328191956,0.3192848498166373,-0.0988235289295112,-0.747128258053739,-0.3380894669977541,0.2385214143758653,0.3591714045133603,-0.0011563132289628,0.7482150778985237,0.9665328145891426,0.4032074188873405,0.3175554287980796
2018-01-05,ETFC,51.46,51.72,50.96,51.47,2309077,0.1733171416414418,0.1800631368180852,0.7405427241762375,1.6464764912211354,0.3446091347322874,-0.0149052974914931,-0.6153069223348588,-0.3826535783801358,0.4479310969058482,-0.0494285419175356,-0.0011740938893186,0.8816532978194753,0.8031012814046621,-0.0116348980834246,-0.3607225195826499
2018-01-08,ETFC,51.48,51.945,51.38,51.77,1579536,0.3298835227064869,0.3350623713166291,0.8458424993519946,1.3039611621662497,0.3705182585871104,0.0537346530205754,-0.4676060571749426,-0.3928406717755408,0.4012437679917239,-0.6657136785529293,-0.001196904855193,1.117132509444685,0.1729113994745432,0.399285968503149,-0.681770383860062
2018-01-09,ETFC,51.95,52.795,51.79,52.47,1786438,0.8088163241301586,0.8068066451228881,1.1561759651742107,1.6414566753690238,0.4121531822383075,0.1491245513925037,-0.2577399733768507,-0.3759466204048207,0.4417903883842213,-0.4915270194307444,-0.0011917461366243,1.2198944385357509,0.3295186244804832,0.729928459413817,0.0049704306143557
2018-01-10,ETFC,52.57,53.65,52.52,52.69,2061178,0.2280439464601631,0.2342862768478563,1.1875957908870998,1.929164349412125,0.4469589931561351,0.2078584514749022,-0.0704964339278599,-0.4697743798256767,0.7348996826589732,-0.2682945272322905,-0.0011849687647903,0.8830165985183598,0.8085763665389255,0.1461432973336509,0.1960203951763596
2018-01-11,ETFC,53.0,53.145,52.28,52.96,1519676,0.2860335664494591,0.2916904339744667,1.2429728227437546,2.011165503971719,0.4779630688720004,0.2450599705763788,0.1087753728763476,-0.4686882112548772,0.751905764918392,-0.7032547454741588,-0.0012010055679964,1.040477829239322,0.2276524810387968,-0.0833367660700452,-0.2301108475507174
2018-01-12,ETFC,53.35,54.0,53.105,53.94,1672483,1.1190597867935856,1.110486389108861,1.6082752341435342,2.0924692250203525,0.5332593189665518,0.3373488245278624,0.3030230400818398,-0.6520862126375229,1.4127595898375196,-0.488688501523724,-0.0011974916712724,1.409911662565356,0.285657228953994,0.8092139691955816,-0.2084898430304074
2018-01-16,ETFC,54.41,54.97,53.38,53.67,1817853,-0.3446324932670502,-0.3354848578890803,1.3248970144319605,2.0722061656617465,0.5583238260903882,0.3333639217102527,0.3626631156410344,-0.6563406215163626,1.421569498276064,-0.2932061959779591,-0.0012910682413063,0.7851259365649969,1.1189007633439343,-1.0538541545808875,0.8776898151482727
2018-01-17,ETFC,53.96,54.23,53.28,54.0,1439938,0.3498091064644258,0.3547607065734644,1.3827872908463823,2.3221525783273,0.5827611392770998,0.3285616130589079,0.5128457995087758,-0.9289510810065168,1.045606129989668,-0.5177569655782807,-0.0012037235327404,0.8878949154770144,-0.3451733545069635,0.0296892202057943,-0.1251421169915687
2018-01-18,ETFC,54.15,54.19,53.59,53.65,2552091,-0.436520360172119,-0.4273966795133245,1.0988903496867632,1.991980352871496,0.5799717226572478,0.2546386323134149,0.5832664585339312,-0.8941327494408016,0.9742857388362968,0.6793956829189561,-0.0013108476418262,0.6876430156310803,0.3494494062851532,-0.7239322956419478,-0.6592732829672091
2018-01-19,ETFC,53.76,54.29,53.65,54.28,2206964,0.698086223939998,0.6980575418559226,1.294343809129732,2.04755664847342,0.5940116014307797,0.238818564349746,0.6637506741392821,-0.9003530176405494,1.2279970916707013,0.3375192282211923,-0.0011823014674605,1.0480964353537618,-0.4370851924751642,0.7044670853701919,-0.6086755954899759
2018-01-22,ETFC,54.15,55.01,53.95,54.98,1690052,0.7698894810640775,0.7685979828461175,1.5038654780997802,2.20801196392657,0.623800326310669,0.2666997687462484,0.7659077116375445,-0.8847324006429413,1.4452567882720324,-0.2208843042551053,-0.0011974354171821,1.4257290624038443,0.6978173798557854,1.131725585492402,0.0154660378682306
2018-01-23,ETFC,55.09,56.0,54.53,54.96,2984347,-0.0556435648772989,-0.0473067104665285,1.3598581942383972,2.1699715232967884,0.6375752821065487,0.2477855663120833,0.8445040018787782,-0.8767694232256178,1.3023538667743644,1.1479363775576874,-0.0013213707600409,0.9348480690275384,0.7696393685106705,-0.2046017581673819,0.6377711328656903
2018-01-24,ETFC,55.32,55.51,54.26,55.19,2612700,0.2275452346898016,0.23379236917889,1.3300254298665533,2.1127331958976048,0.6483736413953337,0.224992496196453,0.8808305735332677,-0.924099445004817,1.4515592876740877,0.6424611790625372,-0.0011718339292133,1.0472010085737196,-0.0561090367096641,-0.2038605145361104,0.2962657722160663
2018-01-25,ETFC,54.88,55.355,53.655,54.21,4274775,-1.138502054079181,-1.134100587653924,0.7163004966843114,1.2051631216378762,0.6096392198820624,0.0792615150072196,0.787940661889235,-0.7341925481550279,1.22997048930498,2.0080385677529287,-0.0013557832127941,0.5684797878986815,0.2271536391680016,-0.9486871058384724,1.0222060869445622
2018-01-26,ETFC,52.3,53.6,51.51,53.49,4442137,-0.8598875206199813,-0.8526456678494073,0.2552692633319883,0.699328978519104,0.5426543366898053,-0.1100394719850481,0.6302364915169598,-0.6231823032194039,1.019554734937802,1.872470207847281,-0.0013652009352948,0.1956895654992156,-1.1392500144498243,1.6927393638865065,1.665030477097554
2018-01-29,ETFC,53.57,54.07,52.51,52.62,3510681,-1.0456057387661055,-1.0401149763698216,-0.250500911934104,0.1554994255439608,0.4484631913969034,-0.3315087118805876,0.4536686660491227,-0.4875374244092886,0.701654603908727,0.90322790316038,-0.001343986043486,-0.2622177796465003,-0.8605627979825633,-1.3661372695861032,0.8794427346746193
2018-01-30,ETFC,52.55,53.0,52.17,52.35,2181218,-0.3524500553020969,-0.3432991499959359,-0.4526092824824382,-0.2406826697336697,0.3573742819359128,-0.5006990021694756,0.2350536816086475,-0.4749185886115044,0.6561786415920806,-0.2351612916118799,-0.001308016518112,-0.3984237156218337,-1.0463294649966597,-0.3138590252997675,-0.2699693023271767
2018-01-31,ETFC,52.5,53.19,52.27,52.7,2455956,0.3832468055538941,0.3878029774033682,-0.3500167698450921,-0.1847640149246788,0.2938763720216974,-0.565032476535628,-0.0007888474753883,-0.4716320536798908,0.6815247085131526,-0.0199708087719769,-0.001167403092035,-0.4649123910349784,-0.3529929559328394,0.261499773566245,-0.1364170592733149
2018-02-01,ETFC,52.38,54.16,52.36,54.1,2991179,1.6209176665879557,1.5985948867876036,0.2539723637355863,0.2256884701177177,0.2935714549669284,-0.453841580251394,-0.1597476588477454,-0.3511028096691628,0.8421870630059134,0.4278824850647332,-0.0011534147654784,0.1897150773633752,0.382895828367361,2.454574447160072,1.181569750643937
2018-02-02,ETFC,53.85,54.31,52.385,52.57,2166744,-1.793713184878412,-1.8010775871862623,-0.5296027124185777,-0.6556479414690887,0.2287822917647224,-0.5308702027360221,-0.2606599657038142,-0.1212808273682173,0.1961081943084248,-0.2292557697072837,-0.0013053751618117,-0.8194114607888114,1.6208895643069523,-1.8221621405556512,1.460438585833023
2018-02-05,ETFC,51.8,53.29,49.87,50.35,3644048,-2.662116135249609,-2.696293835258892,-1.5946534793659828,-1.111828761154188,0.0873636993537603,-0.7897359323609218,-0.1116754180246142,0.2993812487182653,-0.4870599196087582,0.9260351372179818,-0.0013505363652382,-1.6210079829702588,-1.7946320721397326,-2.1411831238793324,4.069564644126462
2018-02-06,ETFC,48.86,52.67,48.25,52.28,6042799,2.3534590189593425,2.3042296561987405,-0.6574417367840163,-0.6043866265732772,0.048984015952369,-0.7316081380453815,-0.1472291510027884,0.5876624416443839,-0.0227958553656901,2.474551649581365,-0.0010566741184651,-0.1527283857795106,-2.663261565390293,5.261999152150064,5.454708947768267
2018-02-07,ETFC,51.98,52.64,51.42,51.55,2645886,-0.9023221213600884,-0.8954303711298646,-0.9945414667000058,-0.68084013340257,-0.0117227767595627,-0.7425754976056838,-0.0834807434444794,0.5896124394502013,-0.424988395431821,-0.0966126141406715,-0.0013190482861141,-0.4658448402740955,2.353622016935596,-0.6513120802697975,0.3810494894592026
