date,Name,open,high,low,close,volume,return,log_return,close_to_SMA,RSI_14,MACD,MACD_hist,BB_width,volatility_20,price_momentum_20,volume_ratio,OBV_change,close_position,return_lag_1,daily_return,price_range
2013-03-11,EL,65.48,65.96,65.29,65.75,578516,0.0143845029898373,0.02232346448982,0.6257140101884844,0.7146861628143273,0.2359537231009373,0.3936615050377452,-0.1821095757025997,-0.4127073572832109,0.5346688439926485,-1.3595446499199144,-0.0010856868406188,0.9579693532569346,-0.2224519009585407,0.2852134123910748,-0.7420710365076917
2013-03-12,EL,65.94,66.19,65.76,65.83,1538818,0.0427551812811701,0.0505106702662417,0.5732309561062876,0.7059065151687219,0.2456224473104143,0.3387855859290771,-0.2211555165084674,-0.5213229147748599,0.7953026804146596,-0.1726095177435488,-0.0008474054962134,1.00901244788177,0.0139372995893379,-0.1523507693509829,-1.046943380542155
2013-03-13,EL,65.81,65.89,64.58,65.02,1407009,-0.7990451145061838,-0.7913528248694304,0.1931119052208385,0.6356716546051409,0.2172069539273134,0.1968567301640001,-0.2550816289868491,-0.4940709890628226,0.3832393638039621,-0.3163640247754074,-0.001559087922926,0.4922011148052972,0.0423153790245139,-0.9332594208860792,0.0877983021379039
2013-03-14,EL,65.26,65.34,64.88,65.02,1031362,-0.0329960430517004,-0.0247793014886723,0.1576123675289577,0.5486893938558534,0.1907919995892747,0.0884629986154183,-0.2658970815588825,-0.5169989756948671,0.2315888507854792,-0.7597732080387054,-0.0012427088046935,0.4922011148052972,-0.7997045197280015,-0.3041655922047889,-1.0017084683494768
2013-03-15,EL,64.74,64.76,63.28,63.34,2207444,-1.6416318935224965,-1.6456237924283827,-0.5236753209146247,0.4695184164198243,0.1008814603193573,-0.161688529186038,-0.2587150154991301,-0.2992514021470217,-0.2137046787602119,0.6228059560890763,-0.0018029387296554,-0.5797038723162685,-0.0334556067571959,-1.66012098744183,0.3560154056761209
2013-03-18,EL,62.72,62.972,62.255,62.44,1908387,-0.9176224047302745,-0.910864142536591,-0.8775867209952438,-0.1447750569173721,-0.007404146596195,-0.4091068592273477,-0.2185357083700134,-0.2553152931722905,-0.3233950003750182,0.3145790982708596,-0.0018495374830319,-1.153938686845685,-1.6425111068817115,-0.3636013060352686,-0.6343188368725592
2013-03-19,EL,62.82,63.0,61.87,62.25,2333812,-0.222442345497723,-0.2134738215733758,-0.9284393719448014,-1.025134325717889,-0.1012280853766206,-0.5698174384326318,-0.1506682569116172,-0.2744915011621913,-0.47921974609274,0.8176945636907895,-0.0021924874562914,-1.2751660365796704,-0.9183127435650456,-0.7118389567996459,-0.0784697483418236
2013-03-20,EL,62.76,63.91,62.76,63.75,2397032,1.467197631612844,1.4494947020831124,-0.3163143630938734,-0.3312317121746629,-0.1168993834276729,-0.4972223499270932,-0.1514281361916883,-0.1104568107567481,-0.1582560741716108,0.8530980085974329,0.0002403370059369,-0.3181080123639827,-0.222951330627711,1.1654659110457457,-0.087920164679624
2013-03-21,EL,63.43,63.64,63.025,63.04,1365131,-0.7263796763692034,-0.7182288380130998,-0.6066289544765668,-0.7441117862149286,-0.1571461543599813,-0.5024031232617054,-0.1518685591300255,-0.1077843597948268,-0.1651468609427092,-0.3794902191831001,-0.0017931656574171,-0.7711154771594088,1.4671294279257774,-0.4908474701764225,-0.7782745897624276
2013-03-22,EL,63.14,64.14,63.11,63.89,1167403,0.8064603635757049,0.8044948210762065,-0.2710934010697693,-0.5563739309115275,-0.1554934325500833,-0.3986991688946026,-0.1660001814722405,-0.0673810378931568,-0.0329295050653058,-0.6034807246594964,-0.000655515821515,-0.228782596770518,-0.7270201251404717,0.8711151702469633,-0.2477476746500088
2013-03-25,EL,64.01,64.42,63.08,63.28,852369,-0.6274146198889657,-0.618777968471132,-0.5503613804503046,-1.1762495169400538,-0.1778367218950097,-0.3775013250313389,-0.2675017640489343,-0.2054219376748738,0.1891080984825099,-0.9740310992125516,-0.0015965723721045,-0.6179861932848976,0.8062197913779836,-0.8879444709786942,0.1734793767114469
2013-03-26,EL,63.67,64.01,63.31,63.99,870337,0.6655375635221078,0.6660548292304798,-0.2943532303574446,-0.8732956179679996,-0.1673682645404286,-0.2760861787777908,-0.3509751962154257,-0.1942675493028801,0.2236617026286199,-0.9141527233243438,-0.0008285824719951,-0.3624957034870882,-0.6280292513494548,0.353400289907935,-0.6796408004241914
2013-03-27,EL,63.61,63.64,63.12,63.54,968927,-0.4708162786253919,-0.4617365341399077,-0.4698543285279011,-0.9845890873912456,-0.1764441715234824,-0.2452609191313121,-0.3396481823846663,-0.3595592001819794,-0.2570711044469983,-0.7532032252306681,-0.0016438834926213,-0.6848839991442283,0.6652602283713375,-0.109457958828704,-0.9092772064788094
2013-03-28,EL,63.79,64.11,63.125,64.03,1361637,0.4471178753351927,0.4508697511328782,-0.2687387565803772,-0.733897455541187,-0.1641564802247209,-0.1656111772028612,-0.3386193849415417,-0.3433190241612412,-0.1835153033210423,-0.2002008422870282,-0.0005836707540574,-0.3338389660953433,-0.4713900578074332,0.2579353450305408,-0.3092569567004962
2013-04-01,EL,63.98,64.13,63.32,63.66,769742,-0.3927566845396607,-0.3836045781457997,-0.4032104005030603,-0.8476003136260445,-0.1687310923344919,-0.1452946623555978,-0.3274999217587441,-0.3452456256157278,-0.3519985118325512,-0.9822159055680906,-0.0015437741642852,-0.5989137869689933,0.4467835603859886,-0.4041935632233133,-0.5309076882567507
2013-04-02,EL,64.11,65.5999,64.05,65.28,1337124,1.5513272486180651,1.5311403916471664,0.2494000644120608,-0.337799812604648,-0.1090395832147133,0.0363784392505227,-0.3163179319108085,-0.1713363161583629,-0.0792082748453593,-0.1946576205844659,-0.0006560891397578,0.5616840773967063,-0.3933101000815294,1.3524946897903891,0.3873831722549072
2013-04-03,EL,65.32,65.41,64.49,64.88,1585842,-0.4144791159596617,-0.4053372474698525,0.1062637863711743,-0.2283517101688223,-0.0782697788029303,0.1072729504930573,-0.3563881273175439,-0.2229240317741781,-0.3838164035137861,0.2042746542268962,-0.0018170461515186,0.4136023587187143,1.5512809920762358,-0.5352385574468609,-0.4095484600829879
2013-04-04,EL,64.92,65.16,64.37,64.53,1593376,-0.3688516707413124,-0.3596971108017182,-0.0080615141665126,-0.3223006420955269,-0.0685647260233083,0.1097682514074976,-0.4116093015327312,-0.2181048587708378,-0.4771599568502077,0.1953281509119799,-0.001970360034152,0.1467529233735647,-0.4150381982972945,-0.4801858702104717,-0.5710344398956538
2013-04-05,EL,63.64,63.8,62.29,63.17,2178329,-1.3451133682968033,-1.3436475327568729,-0.5086247391539439,-0.2366496598719593,-0.1147701995600463,-0.0321482401210616,-0.4525577845835724,-0.114988813216447,-0.775887878166126,0.9841615126402684,-0.0025910001476336,-0.8809703781488543,-0.3693988501106131,-0.5842885657103617,0.4008353115465748
2013-04-08,EL,63.07,64.39,63.04,64.39,1189172,1.1693912570633154,1.1596128979393514,0.0176951323472977,0.34152553311425,-0.1038732544835311,0.001299209170438,-0.5117627023700441,-0.0056289573348586,-0.4603137818137247,-0.366004688209486,0.0001887881166966,0.0578031115918492,-1.3459152279799855,1.554916308061218,0.1559995965728596
2013-04-09,EL,64.53,64.6,63.69,64.48,1241465,0.0540240435280787,0.0617030973054236,0.0807888362181313,0.4233564880694098,-0.0923271895877651,0.0297279918440416,-0.5821435237641125,-0.0050072720219806,-0.4511563092306253,-0.3318413033777542,-0.0002567975139281,0.1270568936219039,1.1692453637351046,-0.0848565982437696,-0.4151424181473395
2013-04-10,EL,64.56,65.87,64.45,65.49,1254480,0.9421996435730412,0.937550583670812,0.5021718960233542,0.3116680209592164,-0.0446095714818551,0.1455759732664633,-0.6129275709804209,0.0579058060171643,-0.2433303119525154,-0.2969357224508321,-0.0005076049300657,1.1121144201090516,0.0535871810132779,1.062022361772983,0.2157309187976682
2013-04-11,EL,65.57,67.78,65.4,67.56,2414767,1.9348484770591232,1.901980100182712,1.2964812969993558,0.9590921426095084,0.0721453533958723,0.415955197584385,-0.3413186770998253,0.2329315143843632,0.4062516841933866,1.2062835912364185,-0.0001240115360305,1.3191359538447738,0.9419944820879622,2.266623093332319,1.344603346963698
2013-04-12,EL,67.27,68.26,66.901,68.24,1835254,0.5936390294621107,0.595303589043561,1.5048995191190937,0.9323453960381436,0.1875778805407343,0.6288547480388945,-0.0508166234649804,0.2450058481182765,0.5598483263415153,0.361790474799425,-0.0006367443265583,1.432474428132028,1.9349022708491717,1.0631026791982623,0.0684097999892239
2013-04-15,EL,67.89,68.08,67.04,67.4,2913114,-0.7993611001854195,-0.7916709932076169,1.075148089734827,0.85210684872477,0.2415200280711339,0.6408992098081028,0.0748952674496186,0.1112808307887775,0.77390907877564,1.6894112166740551,-0.0020321846640347,0.9954928175762134,0.5933429379253551,-0.5716159282095825,-0.3053521842932465
2013-04-16,EL,67.8,68.12,67.46,67.89,2062499,0.4196217369824659,0.4237277319833836,1.158295038760475,0.8154662589882217,0.2984177142212361,0.6581422847521238,0.159150707451123,0.0377130237248478,1.1144207901166558,0.5863523475798973,-0.0004615394953082,1.2503987570671058,-0.800020587839368,0.0739734294469153,-0.7811166943721828
2013-04-17,EL,67.54,67.68,66.3,66.71,1858319,-1.1151065784519518,-1.1104173345173594,0.5870630756724403,0.5784792060385846,0.2920076740120204,0.508983746876608,0.1057517233098543,0.1333325198047789,0.8847641884686295,0.3620371183609166,-0.0017919486867454,0.5798165439791678,0.4192802490332724,-0.954773490197077,0.1327112629959603
2013-04-18,EL,66.86,67.39,66.49,67.21,1766737,0.4336359274068446,0.437562922165098,0.7169496062472949,0.580268153747112,0.3014345961328781,0.4304209849865908,0.145026313282416,0.0343460889301428,0.6296283261060763,0.2905940103698364,-0.0005916993309046,0.8582237079190748,-1.1158484355747764,0.3691833714631425,-0.4753177496201138
2013-04-19,EL,67.63,69.78,66.94,69.67,3549272,2.2457537299955144,2.2009833498297184,1.5660465532762813,1.0519279069878975,0.3994199466842075,0.5955186457553389,0.3252480515316046,0.2277966181382739,1.3771268463943205,2.333668990672906,-0.0001833633562967,1.394058996636321,0.433298095381493,2.252637193450584,1.8059495317113348
2013-04-22,EL,69.49,69.82,69.16,69.59,1861889,-0.1044851057743414,-0.0959171325427114,1.4130407396747922,0.8085752436147942,0.4668479205735329,0.6489426128758211,0.4746249696009936,0.218759114427578,1.1427958982217157,0.2046836106333683,-0.0016449033738338,1.34134332674644,2.245888630570356,0.0824066973256825,-0.800909081850427
2013-04-23,EL,70.0,70.8,69.56,70.38,2068830,0.6737700098851643,0.6741507533698612,1.57751501719388,1.0461648417596523,0.5434157258559745,0.7152075552394073,0.6078352047940253,0.1813264989986041,1.4803501928316476,0.3669911796070615,-0.0007200713766693,1.2788180887703418,-0.1049633190458077,0.3838217114450922,-0.1229711653721017
2013-04-24,EL,70.28,70.51,68.81,68.82,1270382,-1.4129695937448328,-1.41262288391683,0.8586943634778399,0.6930808524487444,0.5348400368574785,0.5490616205636378,0.6188510180617369,0.3274798468193278,0.941071794990745,-0.5804832763922224,-0.0015127793361708,0.6694499103437496,0.6734948223573408,-1.5958328618148547,0.4673721278243308
2013-04-25,EL,69.12,69.85,68.51,68.93,1983884,0.0665154961061621,0.07410745808877,0.791894906845393,1.1085098366945367,0.5246291232341306,0.4119358327884163,0.5819220180373342,0.3030385130335159,1.0783603481129893,0.1773457047974352,-0.0007754883896074,0.7124181793353735,-1.4137891552848425,-0.2339965158500999,0.0288233706626356
2013-04-26,EL,69.14,69.63,68.83,68.88,1745534,-0.0781563778105785,-0.0697082512089225,0.6737656955180871,0.9217875139511884,0.5070282730762804,0.2832136331433445,0.5448043653192776,0.3048397337609175,0.944966673025706,-0.1101309692716054,-0.0015945613834632,0.6928871479755425,0.0660818922740193,-0.3104279789963763,-0.6233696685248477
2013-04-29,EL,69.24,69.6499,68.72,68.92,1489468,0.0031584502691995,0.0111664660768814,0.5834592495454636,0.9140487702704378,0.4873398080884251,0.1748623887923402,0.4552068379200822,0.2871187913807549,1.0460205442624806,-0.4257894224472288,-0.0008988815764515,0.7085119730634062,-0.0786277226279011,-0.3754871350739778,-0.4668511046071011
2013-04-30,EL,69.05,70.0,68.99,69.35,2089502,0.3554391880044287,0.3603254424694725,0.6696301700284083,0.8192656255933288,0.4814138993953991,0.1236059762973154,0.4577911694758101,0.1843032819263698,0.7481826173772883,0.181190575861154,-0.0008135396744461,0.8764788427579124,0.002708318294694,0.3019316105956677,-0.3775637288110322
2013-05-01,EL,69.38,70.9,68.6875,68.79,2884849,-0.535728573681884,-0.5267841713210596,0.3736778317029059,0.181948613149439,0.4478200900315904,0.0113841462669658,0.3999745313997516,0.1931976554573352,0.7176094962906941,0.9265890150402288,-0.0017558800466553,0.6282419294282339,0.355080956561395,-0.6688007429081649,1.0891769128032345
2013-05-02,EL,67.09,71.78,66.7,70.6,4388008,1.6051351950995714,1.5833032651042718,0.9544313978545528,0.4489467653622515,0.4851418918739418,0.1041422447023802,0.3766013877136379,0.2849946740917295,1.2140100420169675,2.174195232117796,-0.000285074347005,1.0295453260409193,-0.5363192867288111,3.926385281210527,4.405440467235725
2013-05-03,EL,71.03,71.53,70.29,71.23,2081180,0.5225643482245751,0.5252835029234894,1.0354072586253389,0.8666444202147037,0.5316886207905985,0.2020935269364032,0.2058812778786382,0.132512916992475,1.7064123825306643,-0.0388464011745679,-0.0009050321888946,1.2336911268389548,1.6051029755979471,0.1864154923960604,-0.1404932743424092
2013-05-06,EL,71.07,71.08,69.99,70.0,2332205,-1.1080681492324085,-1.10329410091665,0.451997825479826,0.3549214487879885,0.5125651416784374,0.1114205677448089,0.0253795604060919,0.2019555033923611,1.1120935239303973,0.1434259291284527,-0.0015800674906353,0.7114766339422509,0.5222497152227882,-1.1637924214287136,-0.293587662854791
2013-05-07,EL,69.88,70.5,69.72,70.31,1674175,0.2427181230134336,0.2488173335103508,0.4566317599496226,0.8154662589882217,0.5021255615516583,0.0612344068899274,-0.20090273554638,0.1999790859028085,1.1604167179658649,-0.4894317142626276,-0.0009670238730549,0.7762284302228367,-1.1088081702191157,0.4385842450670202,-0.6667630937619068
2013-05-08,EL,70.39,70.67,69.95,70.01,1820266,-0.2986397814896688,-0.2895313421018782,0.2547418805569905,0.6073354160765193,0.4748752242456279,-0.0221851213826537,-0.3885153915297966,0.1844396802840624,0.8461618321301441,-0.375450824656066,-0.0015153658360368,0.5206528397676187,0.242330485688468,-0.4341824176109303,-0.7342260748180327
2013-05-09,EL,69.98,70.1,69.13,69.27,1599155,-0.6910584305527497,-0.6827158677294015,-0.0592147694335597,-0.3253991021574158,0.4176454722891385,-0.1660872412269115,-0.4328747224277404,0.0245808416627115,0.2042518791261167,-0.5505286260535132,-0.0015083428223491,-0.0796934483510318,-0.2991686444730684,-0.7928465231886119,-0.4242871812391522
2013-05-10,EL,69.32,71.09,69.16,71.05,1722078,1.5668207138050851,1.546164679991708,0.5620176139914829,0.2270393560217534,0.4356257417790908,-0.0876196366107592,-0.3849401394684276,0.1436289567731709,0.4372886444626373,-0.4314939588949585,-0.0009263789361185,1.0000589488474425,-0.6916896649648009,1.859208381742251,0.6725446183606977
2013-05-13,EL,70.71,71.13,70.34,71.02,1346383,-0.0592837436140857,-0.0509283479360219,0.4804811076999395,0.0078460440198303,0.4419044271134372,-0.0549652290960978,-0.4056881646024292,0.0951871400432783,0.6213258582454724,-0.7358403500179111,-0.0014647217053272,0.9818608747373552,1.566778499089937,0.3049103392563613,-0.6642712545556272
2013-05-14,EL,70.92,71.83,70.8501,71.8,1255503,0.6507728846995181,0.6515323471728496,0.6991174959336119,0.8087698753467123,0.470458430638986,0.0284945824787538,-0.3629249517920717,0.1061477101931304,0.6783679260672321,-0.8000161608458164,-0.0010176801476767,1.4248452176317146,-0.0597501650707838,0.9111562486548964,-0.4539184958102594
2013-05-15,EL,71.7,72.08,71.41,71.63,1338097,-0.1804036527280021,-0.1715522781417942,0.5399780967508029,0.7088985283502375,0.4791774281495821,0.044207467708144,-0.4754990706627802,0.0117273288280473,0.9156863485967532,-0.7010333153572426,-0.0014645532740011,1.1752791651000185,0.650491697842749,-0.1000770105649664,-0.8117849387858789
2013-05-16,EL,71.29,71.57,70.67,70.78,1447642,-0.7717833091942561,-0.763908863253775,0.1529613155782438,0.3905301127932138,0.4457999663416504,-0.0515777857198838,-0.6271985744922811,0.0619142692583985,0.6126299061192316,-0.5794636228160966,-0.0015035667189798,0.6396378602458161,-0.1809016710982611,-0.5668048441894286,-0.5316068418276115
2013-05-17,EL,71.19,71.76,70.38,70.85,2236244,0.0285759070034058,0.0364246970342119,0.1568493937259095,0.3978579375679228,0.4156158806610383,-0.1199862932833268,-0.6180777003727592,-0.2522873195935588,0.081268972945972,0.295363802590478,-0.0007979438444835,0.6828892928891159,-0.7724356025472469,-0.3871482260134691,0.0319701823646211
2013-05-20,EL,70.72,71.69,70.39,71.46,2160117,0.5030294033016175,0.5060245335526959,0.3495709023276456,0.4408894192236815,0.4092875580114712,-0.1133087759599534,-0.5879667716848098,-0.2380435145823464,0.2271752646756392,0.1984075694284773,-0.0008724259179511,1.0597946344950493,0.0281324057569883,0.76424228708018,-0.0751873619227975
2013-05-21,EL,71.41,71.72,70.491,71.12,1181083,-0.3292139656589741,-0.320075669655325,0.2084587861389375,0.52242140802362,0.384759988992698,-0.1548113089625669,-0.571174218935466,-0.2590942817894582,-0.0130574179769808,-0.7894146235459938,-0.0014213350706945,0.8497162473704369,0.5027096741602226,-0.3331365718115462,-0.1511394790860297
2013-05-22,EL,71.07,72.31,70.035,70.14,1442059,-0.8908823865360537,-0.8838933428246045,-0.1823170091752772,-0.3426588664941759,0.3213527023085771,-0.2880890593358817,-0.6191275018838407,-0.3517493969944743,0.1142179843790996,-0.5190292351566895,-0.0014758079265397,0.157054521132241,-0.329750804621397,-1.0149638028489212,1.1118476798275505
2013-05-23,EL,70.17,70.81,69.69,70.33,1213648,0.1356527611217998,0.1427177857741325,-0.1375040538746871,-0.5054313733997344,0.2737280344908831,-0.3540870703640627,-0.6672313386048421,-0.3510003507231461,0.1308136251554948,-0.7342066724079186,-0.001028542752206,0.269638209566121,-0.8915657496221666,0.1459548703464137,-0.2641269374876306
2013-05-24,EL,70.05,71.12,70.03,70.95,1166940,0.5158448960798125,0.5186596541963736,0.0548543730913063,0.1712517452139011,0.2557414649321285,-0.3305975244765557,-0.7219540664086733,-0.3352508807483479,0.2738871255334257,-0.7648561714515623,-0.0010515375629392,0.6370165612977364,0.135237193335114,0.9443701963891354,-0.3109639760685697
2013-05-28,EL,71.73,72.7,71.0,71.05,1715117,0.0547531288983712,0.0624271677058687,0.0521737940724753,0.0994138071635833,0.2409488934618873,-0.3035845916701647,-0.7865157375763846,-0.3355348817025455,0.2864167019711857,-0.1753022275864378,-0.0009798409788747,0.5287288293961973,0.5155285101544135,-0.7425470528638006,0.4027571786963192
2013-05-29,EL,70.34,70.68,69.02,69.21,1160252,-1.6453083442112286,-1.6493771709821503,-0.6294138109729004,-0.448016236887332,0.153347479852611,-0.4693829517147241,-0.7761739746329751,-0.1429284058748904,-0.1971253553735447,-0.7474406352135733,-0.0014051491808109,-0.4906868420861696,0.0543164565822552,-1.2400429829178885,0.4076043802030232
2013-05-30,EL,69.44,70.18,69.41,69.58,1174720,0.2998384299214916,0.305348084379806,-0.5063005260582025,-0.0843650869283697,0.0956851729108614,-0.52495889457836,-0.8420005216987937,-0.1549998138854934,0.0011867240694923,-0.6661028942149778,-0.0010680180092622,-0.2856956472772132,-1.6461885166571495,0.1260055966463509,-0.6690407483230382
2013-05-31,EL,69.02,69.26,67.78,67.78,1542071,-1.6435805141273094,-1.6476131585918707,-1.1248642792197594,-1.290106348197857,-0.0222919279374251,-0.7246688900887237,-0.6366591782031455,-0.1796878833173542,-0.7541068313236372,-0.0722620484222055,-0.0014584480573423,-1.881302785249608,0.2994656937421192,-1.3836653424944478,0.228452901924952
2013-06-03,EL,67.86,67.99,66.47,67.5,1331552,-0.2901847491538285,-0.281087225301382,-1.1624410773156046,-1.3413645076784972,-0.127040898191249,-0.8503879060640464,-0.4711590425448487,-0.2133180073425531,-0.9365465791303912,-0.3001059490720146,-0.0014446977570835,-1.3317189997655356,-1.64446023582902,-0.4271217771700878,0.2853887814342702
2013-06-04,EL,67.57,68.19,67.13,67.47,2035876,-0.060666281939959,-0.0523038998048688,-1.1282248183133985,-1.735409482849843,-0.2105054446792897,-0.8961773784743445,-0.3295322249877805,-0.2768812799480345,-0.6982908108757481,0.6483019871476701,-0.0015757811977627,-1.3477262944883732,-0.2907114064476118,-0.1381291676378825,-0.2819818098796686
2013-06-05,EL,67.22,67.52,66.46,66.48,1492106,-0.9465199369837044,-0.9400242915205542,-1.4304793948905736,-1.8619797471777224,-0.3136938456290866,-0.9835778182485776,-0.1209400661826597,-0.2454423777548612,-0.9674980655604596,-0.0590300497494872,-0.0015201117706712,-1.870648357244979,-0.0611330640635722,-0.8580380774649433,-0.2624834845738302
2013-06-06,EL,66.54,66.92,65.23,65.97,2239303,-0.5106073415516317,-0.5016024549335644,-1.5501302273553297,-1.812384911394232,-0.4124840487280911,-1.0421772845133084,0.0929441321008131,-0.2393554801243006,-1.014979592965201,0.8945568976144221,-0.0017052601416917,-1.5519996610585196,-0.9472178144042904,-0.6735139891093086,0.5436776466995553
2013-06-07,EL,66.44,68.61,66.16,68.12,2414271,1.9960289777447824,1.960932726969168,-0.7202556102085239,-0.933088977356066,-0.4032095814550197,-0.8109002562790925,0.1250330658145201,0.0481180193669446,-0.4112986899480583,1.0424894070969806,-0.0006442764759586,-0.5952405840168353,-0.5111915011474709,1.8840837963698185,1.4061086446568722
2013-06-10,EL,68.21,68.33,67.2,67.6,1654200,-0.5082482376973447,-0.4992381970353424,-0.8528919206375625,-1.2499183373064322,-0.4132567997486111,-0.6756123197249266,0.1553500101267032,-0.1299178998313191,-0.8806169333620565,0.0752666291706419,-0.001580008505915,-0.826642779394363,1.9960987318753387,-0.7019739170455765,-0.1982000692851722
2013-06-11,EL,67.06,68.23,66.57,67.75,1443879,0.1051504898593521,0.1124573625108414,-0.7360246795930716,-1.1319540283229697,-0.4122598132527567,-0.5389543774752966,0.1653671655721962,-0.1253991625610884,-0.8436951547955692,-0.1999134184495908,-0.0009075618828682,-0.7598921461123825,-0.5088317818666936,0.7510579162006392,0.4506809157725996
2013-06-12,EL,68.36,68.59,67.35,67.42,2023557,-0.3362455245945915,-0.3271024937530077,-0.7800988016103702,-1.0001483664033677,-0.4212967454113027,-0.4554551575619703,0.1328435718894973,-0.173991099624985,-1.0633973799403242,0.4792799306332844,-0.0016617982986216,-0.906743539332733,0.1047269648537785,-1.0652088570401106,-0.0585047743031621
2013-06-13,EL,67.29,68.35,66.89,68.05,1067966,0.5487684722865388,0.5511080304631214,-0.4740080061438288,-0.8399420691331566,-0.4007411768966516,-0.3124851943220134,0.0647556504892473,-0.1346269580103614,-0.9014968753817092,-0.7012116298937723,-0.0009821864414464,-0.6263908795484283,-0.3367841979008602,0.8269953338527373,0.1967386195250724
2013-06-14,EL,67.9,68.61,67.55,68.41,1254374,0.2963631560590673,0.3019101540661792,-0.2922469562897957,-0.9329155772724412,-0.3677397782167815,-0.1660738711349518,0.0238938180097093,-0.1459486802446348,-0.6592418883744563,-0.457252816121114,-0.0009629730296557,-0.4661893596716818,0.5484606752331025,0.5411563568308082,-0.299973062064611
2013-06-17,EL,68.9,70.65,68.81,70.2,2015287,1.5960331503769705,1.574482585214276,0.4026074832553415,-0.4021357537845156,-0.2697262566900467,0.1183952724638457,-0.005901222712434,0.0400748884759339,-0.3022159361196621,0.5231743170546821,-0.0008344352041881,0.3303681974932561,0.2959895132745906,1.3991888295316268,0.5931088764949415
2013-06-18,EL,70.35,70.35,69.2,69.72,1346649,-0.4586920259479682,-0.4495945727323459,0.2532247420974615,-0.0443648686474343,-0.2102134670854398,0.2468703661506132,-0.0956016541707663,0.0278564436870245,-0.5250839489000019,-0.2835037867257702,-0.0014805371194273,0.1167661709909252,1.59599855639767,-0.7028997015453692,-0.2166539610429881
2013-06-19,EL,69.58,70.0,68.32,68.38,1148263,-1.2295790930817558,-1.2263842986507112,-0.2062425399595015,-0.5002316536740676,-0.2150034116566429,0.184136310278321,-0.1848718101549018,0.1001940341387934,-0.7332973332934816,-0.5412950550851291,-0.0014645077414403,-0.4795394863280779,-0.4592626422398898,-1.3293079591984358,0.4562432753730487
2013-06-20,EL,67.91,67.91,65.27,65.51,2393708,-2.6460490939572177,-2.679612628648343,-1.2193210226963012,-0.727072379847413,-0.3296463189558149,-0.1488105694048169,-0.0841735735163171,0.4099405940858424,-1.13694835361815,0.9951758665961884,-0.0017452403743233,-1.756701603123249,-1.2303508129924268,-2.696384057630146,1.7672452979760551
2013-06-21,EL,65.92,66.28,64.79,65.79,2046655,0.2331045599036038,0.239297918470345,-1.0277231186778806,-0.5943299076617878,-0.4064924205144031,-0.3178797458325335,-0.0521677616561837,0.4141927969936243,-1.115535172566071,0.4882382243120245,-0.0007180317543995,-1.461052274827042,-2.647190332640704,-0.1753112728033347,0.2961647794263354
2013-06-24,EL,64.89,65.715,63.925,64.74,1884527,-1.0266263724863856,-1.020930597986199,-1.3179837313461096,-0.787035601749216,-0.5045963883257695,-0.5078524687633689,-0.0186217800447218,0.411834883739071,-1.4529381549122282,0.2375036180635651,-0.0016490103246959,-1.5725611381823004,0.2327144146596279,-0.2009623787798699,0.7129723301525556
2013-06-25,EL,65.09,65.48,64.57,64.74,2147818,-0.0329960430517004,-0.0247793014886723,-1.2009471810422676,-0.6004480541670216,-0.5773848956517319,-0.5946690876145195,-0.052514230368104,0.4088882299435831,-1.471799644445149,0.5230142996978892,-0.0012427088046935,-1.4802357307691312,-1.0273451475127966,-0.4325713489213535,-0.4198660385446563
2013-06-26,EL,65.46,66.04,65.46,65.64,881397,0.8325003077163053,0.8300421393235287,-0.7834899063605607,-0.2646578167901083,-0.5944934341085786,-0.5208031013355776,-0.0479753121494549,0.3683212294535909,-0.9250406223104052,-0.9819528331034124,-0.0010200893095337,-1.0335747054408524,-0.0334556067571959,0.1814335458286462,-0.8549177687203392
2013-06-27,EL,66.27,67.03,66.22,66.47,1001255,0.7542399582252602,0.7532305384258824,-0.4000588949023962,-0.610636952782847,-0.5705065955637446,-0.3559315193512017,-0.1184798106098139,0.4021234565138682,-0.8239180103917857,-0.8312240318631633,-0.0010085954843879,-0.6233039729386575,0.8322665286368266,0.2016954761877177,-0.5757364763837782
2013-06-28,EL,66.15,66.54,65.4575,65.77,1431893,-0.6886395852362198,-0.6802846379129913,-0.6350124734427088,-0.6494462922029349,-0.5741237925635586,-0.2950865660627734,-0.0932678407283834,0.2973120123142903,-0.6030031304721566,-0.3037658454343075,-0.0015514680088462,-0.969315434085089,0.7539857631339449,-0.4603252940288883,-0.2196273796299548
2013-07-01,EL,66.48,67.25,66.18,66.94,1224234,1.0745287231538203,1.0669888990955905,-0.1663550529100731,-0.3764689879317073,-0.5265705220448619,-0.1146987009192951,-0.0952976979615864,0.3676130749595785,-0.2893209160872523,-0.5513570387643028,-0.0009456819610445,-0.3909819918831977,-0.6892701886368464,0.4964545257671798,-0.2591649605069954
2013-07-02,EL,66.83,68.04,66.8,67.45,1021715,0.4413331939407593,0.4451605580795077,0.0336420901652114,-0.1821444813456584,-0.465147054988686,0.065313238312862,-0.0955314802924753,0.379765530287433,-0.1718304548316908,-0.758992681397095,-0.0010187834174835,-0.1388879273336533,1.0743580827521844,0.6745978109513547,-0.0591865322525085
2013-07-03,EL,67.25,67.51,66.83,67.25,607568,-0.2176010467539363,-0.2086445676879117,-0.0597378639809628,-0.3778636463572539,-0.421180672008694,0.1643885558034764,-0.1015004841988348,0.3349791771828286,0.0026289938659821,-1.2583223374588524,-0.0013659253758584,-0.2377483448040631,0.4409973699243892,-0.0263165508545973,-0.7486207866946555
2013-07-05,EL,67.94,68.31,67.39,67.93,861765,0.5965276074915582,0.5981476330068957,0.1674977315686964,-0.2994816173226897,-0.3571542557477544,0.295282990135372,-0.1157001253399131,0.335474280571993,0.2688674046292155,-0.8781051678738321,-0.0010598204984212,0.0983770745953295,-0.2181087689198166,-0.0374369195858899,-0.462609185577653
2013-07-08,EL,68.15,68.7799,67.78,67.92,1068988,-0.0421610713894894,-0.0338947351293758,0.1675405206748017,-0.7985931083957031,-0.3049868569435731,0.3694736308156155,-0.1208252246009558,0.1128282015241905,-0.2105965901072941,-0.5294762343447664,-0.0014555491211256,0.0934340537218064,0.5962322695068072,-0.2812968969574354,-0.3644021510146214
2013-07-09,EL,67.62,67.8,66.03,66.59,2653908,-1.252124280288293,-1.2492494388673945,-0.332453640384339,-0.9659297498396284,-0.3140626273631773,0.2711872800553815,-0.1177274700315331,0.18524235183183,-0.3869061658892584,1.5890185745809886,-0.0018150038848043,-0.5639877224564099,-0.0426230260033854,-1.1771349287795343,0.6239234459061702
2013-07-10,EL,66.62,67.55,66.59,67.03,1414982,0.3783800869884558,0.3829949081010286,-0.1463793502615934,-0.5515848955382032,-0.3021518842443388,0.2465771240203896,-0.1233551899247778,0.1949471526926952,-0.3235554095387775,-0.1051949905745314,-0.000858311687645,-0.3464948040215121,-1.252901881629495,0.4386524061521943,-0.3977206639677457
2013-07-11,EL,68.08,68.35,67.69,68.06,1238198,0.9236767694730778,0.9194107381958746,0.2438167182805288,0.6339377867786897,-0.2509792423043637,0.3279484508795194,-0.1111333029876307,0.241058794193669,-0.0280614692658534,-0.3010392247962992,-0.0009472591337448,0.1626363459510929,0.37802784020647,-0.0485115523705947,-0.7831404267327788
2013-07-12,EL,68.19,68.64,68.05,68.46,1164163,0.332904853207929,0.3380496470780008,0.3920317356217581,0.6614856319018859,-0.1941405114160513,0.4076299277803022,-0.0970235291499491,0.2302722513367505,-0.0789907586398436,-0.4107419049635478,-0.0009916517045652,0.3603571808919059,0.9234667758703384,0.2728326204802994,-0.8730781060150592
2013-07-15,EL,68.35,68.58,66.97,67.44,1620937,-0.9605916937754768,-0.954228903968958,0.0124204168906685,0.6738399238370419,-0.1887584011642336,0.3389266535885176,-0.1207627486616271,0.271724962387085,-0.3757206718703074,0.2015995108597719,-0.0015632725674292,-0.1438309482071761,0.332540743165465,-1.0321998646223731,0.3982784623034135
2013-07-16,EL,67.4,67.585,66.43,66.78,1453506,-0.6422828868989942,-0.6337090300413406,-0.1789918395644482,0.4193765221363308,-0.2097460736814594,0.2160886673332364,-0.2910483311855764,0.1162866760451042,-0.8829755159909972,0.0091625469074335,-0.0015676991941838,-0.4041762032420845,-0.9612932421374154,-0.7213032986215376,-0.1498939444608621
2013-07-17,EL,66.9,67.188,66.29,66.33,1286269,-0.4525245976243349,-0.4434190497868543,-0.2894127934359882,0.0265996007326405,-0.2429841586650317,0.0862859275267731,-0.4466733519072377,0.1160840963713263,-0.8815819822311463,-0.2232529529697136,-0.00156845155999,-0.565309929685954,-0.6429013970888428,-0.6700313123115255,-0.4630246139106396
2013-07-18,EL,66.35,67.145,66.35,66.74,1397831,0.3518342806994916,0.3567624331816171,-0.0959665796268066,-0.100697127791543,-0.2519812289181495,0.0448396902980505,-0.5060671140390353,0.0589728693303307,-0.5197135863036634,-0.0824618970758239,-0.0008416387156559,0.0461459836026058,-0.4530936050007523,0.4177708072853177,-0.5985761750618275
2013-07-19,EL,66.89,68.64,66.75,67.57,2664918,0.7412648368377152,0.7404863973419252,0.1897072443959324,0.3912642755710921,-0.2255425244608881,0.1028937746063603,-0.5255374800313997,-0.3815299809308862,0.2943501302410464,1.6609233650564457,-0.0005746295155898,0.614452370155833,0.3514751088334891,0.7417386727830029,0.7398026925147498
2013-07-22,EL,67.73,68.12,66.63,66.67,1304899,-0.862243249633317,-0.8550200576647011,-0.1812442011095255,-0.2786790410834889,-0.238951385039992,0.046770095609905,-0.5497715178411949,-0.3208275547027581,0.0289687650787319,-0.1824692121694305,-0.0015063696798455,-0.0017834706850112,0.7410072568876106,-1.2087304334782272,0.2712511745766616
2013-07-23,EL,66.53,66.6,64.9,64.95,4404930,-1.6391731016620903,-1.6431136785607987,-0.8607661741806638,-0.9197474385927578,-0.3153308896356704,-0.160214201270513,-0.5698605750016857,-0.2005514032492233,-0.1198375397831288,3.727052671339908,-0.0022261779436329,-1.5812507687579624,-0.8629191415419843,-1.8205720829986312,0.5900380803477089
2013-07-24,EL,65.1,65.22,64.43,64.71,2425137,-0.2630488375037327,-0.2539941227946221,-0.9544389245094668,-0.92850495895208,-0.3825933898956772,-0.3023346265605506,-0.5667847580024665,-0.1964919828457504,-0.1742825797028339,1.1048474945382227,-0.0020813422356523,-1.6673275604205642,-1.6400516735889066,-0.4789309320002712,-0.5738725190533399
2013-07-25,EL,64.62,65.74,64.44,65.29,3666648,0.5250268552511326,0.5277107963274887,-0.7199648531979241,-0.9652906123849851,-0.4100425645132843,-0.313552151960127,-0.5438669016697069,-0.2280543029496146,-0.2457873142987799,2.325942345687401,0.0005743173336977,-1.2240931661318009,-0.2635684157709457,0.757027554028025,0.0680897466994047
2013-07-26,EL,65.06,66.4,65.06,66.2,2314092,0.8347450217929366,0.8322438942884384,-0.3572703071222746,-0.6530776553598501,-0.3931467975338511,-0.208383055990114,-0.5376534827255253,-0.2183257712898284,-0.2271334619733182,0.6110807251808923,-0.0005496838209749,-0.5286736854373794,0.5247128646509313,1.2975235211241285,0.0956360903144343
2013-07-29,EL,66.12,66.83,65.68,66.0,1273177,-0.2210867907815498,-0.2121216014273869,-0.440307248591871,-0.3665583141362161,-0.3848873050123332,-0.1464774009986358,-0.5478084255761176,-0.2472008086303703,-0.1161175702204238,-0.5767068212700083,-0.0015478119979251,-0.6815131317438483,0.8345118282987442,-0.1634341282783231,-0.1391725646479584
2013-07-30,EL,66.35,66.73,65.36,65.6,1890373,-0.4103174824370264,-0.401173061785075,-0.5715634010070928,-0.6211312449030805,-0.391269676319451,-0.134640782446309,-0.5149715399101835,-0.3335860772709306,-0.4614712185293669,0.0940822926612397,-0.0017516693699234,-0.9871920243567864,-0.2215954222839178,-0.8803307011236635,0.1491788001438086
2013-07-31,EL,65.98,66.237,65.592,65.65,1954347,0.0144567294319842,0.0223952401401651,-0.5170512087331071,-0.9986657699577808,-0.3915426497989679,-0.109446002767136,-0.5010871834739941,-0.3555471453686791,-0.5594085899354477,0.1102174949997349,-0.0005983558946874,-0.948982162780161,-0.410875479116854,-0.4041899837578254,-0.77251423819718
2013-08-01,EL,66.13,67.01,65.91,66.79,2167500,1.0481031610363292,1.041162224246296,-0.0591246383910607,-0.7063943050905388,-0.344617171920301,0.032197822268987,-0.5085355305295738,-0.259936408373628,-0.2679351322918538,0.2476880056588183,-0.0006627345650593,-0.0777973188332993,0.0140095448734131,0.7277160849523141,-0.2187390043330818
2013-08-02,EL,66.53,67.01,66.46,66.89,1450268,0.0602185661690989,0.0678547416619065,0.000836941211665,-0.377643771666777,-0.3017110323002251,0.1351671748116336,-0.546508770854416,-0.2912379029157231,-0.3923262283684602,-0.5339642545937182,-0.0009217277619471,-0.0013775956800703,1.0479256269191335,0.3825011653301189,-0.9060574522727738
2013-08-05,EL,66.65,67.36,66.63,67.28,1449777,0.329997448119559,0.335175015241315,0.1673153526881235,-0.0119234505633645,-0.2511598370697027,0.2372208983803496,-0.577992080969449,-0.279446012415039,-0.3058661088962908,-0.5491428567237528,-0.0009551003480815,0.3690338849905593,0.059783319637978,0.6878263546382126,-0.6870607114771383
2013-08-06,EL,67.19,67.53,66.86,67.43,1691985,0.1058075482798588,0.1131093670939405,0.2096982806294025,0.2151296208032447,-0.2045327198945966,0.3087633678721745,-0.5606810223858757,-0.3949522289128704,0.0177866273318193,-0.2554666688169912,-0.000938569421883,0.4874726571084673,0.3296325796136191,0.2435514122130243,-0.7632299391588373
2013-08-07,EL,67.12,67.43,66.25,66.64,1725958,-0.7624020881929937,-0.7544677718521862,-0.0939575728729951,-0.2240675825028618,-0.1980840913114458,0.262578605487164,-0.5651455416395392,-0.3634719510215997,-0.252927558576854,-0.2342718115876733,-0.0015223134787082,-0.1363048760458307,0.1053841946830839,-0.5666153720260205,-0.1156004019887416
2013-08-08,EL,66.74,66.96,65.86,66.0,1928655,-0.6309123695686596,-0.6222901666557437,-0.3059455521613827,-0.7524336525914185,-0.2173517542061911,0.1594375040111146,-0.6159293469519536,-0.4215649075707705,-0.6120007817402202,-0.0573019659971233,-0.0015901548520458,-0.6416436370822206,-0.7630519342387561,-0.8640198924600433,-0.2023095791016892
2013-08-09,EL,65.98,66.96,65.53,66.59,1527348,0.5235530800416571,0.5262581074001875,-0.0359552218928597,-0.2188283383999839,-0.2086921602466467,0.148808901216235,-0.7280846960952777,-0.4045255978081243,-0.5686432891708983,-0.4851653111402161,-0.0009281813717273,-0.1757844667517965,-0.6315279134975866,0.6721767645119787,0.1983957077046944
2013-08-12,EL,66.51,66.93,66.19,66.58,1535663,-0.0423455005526206,-0.0340781800662877,-0.0228442730051583,0.5868804975261072,-0.2015952016558192,0.1362838224414207,-0.761666035627126,-0.4666716737155871,-0.3547609441638319,-0.4732947094947948,-0.0015267569321087,-0.1836803848929941,0.5232387049733015,0.0531996867221938,-0.6650361872849723
2013-08-13,EL,66.49,66.63,65.905,66.45,1663250,-0.1545572457374178,-0.1457919804071657,-0.0677376701282632,0.6542243897256177,-0.2004722630520645,0.1108867348152995,-0.7674188835136828,-0.4950903725974745,-0.2400519922563314,-0.3517613077688558,-0.0015854340517708,-0.286327320728507,-0.0428075032791049,-0.071768068472558,-0.6820368717682127
2013-08-14,EL,66.21,66.41,64.94,65.13,2913489,-1.269724553181478,-1.2671053591451409,-0.5667862332032813,-0.2581152474082261,-0.2503421100893104,-0.0406854877043476,-0.7260090116088177,-0.3870916233395817,-0.4331766244001709,0.8037733378936674,-0.0019276385212134,-1.328588515366066,-0.1550485214780504,-1.2586972784381578,0.2896996380923646
2013-08-15,EL,66.89,68.82,66.68,67.36,6230378,2.0986702186069865,2.0597104073488097,0.3040564974345969,0.2308900654188235,-0.2014749292391388,0.092204144342201,-0.6983725427218181,-0.0668580992450486,-0.0310421175077291,3.408817127294819,0.0007019099884134,0.3373422955491424,-1.2705067459585992,0.5045451478361014,1.0563815427752437
2013-08-16,EL,67.17,67.71,66.9,67.25,1994225,-0.134664453456148,-0.125972758649714,0.2669331611408722,0.2685256075235171,-0.1668492609845737,0.1618584417205088,-0.7190983571682811,-0.1046600970235505,-0.2370299443239238,-0.2730908161921798,-0.0016086983782562,0.2540484529252987,2.0987667490655557,0.0636662214073867,-0.5875157802967482
2013-08-19,EL,67.11,67.24,66.295,66.75,2021168,-0.4958810802158535,-0.4868454973714397,0.0673286942787513,0.2267596480508279,-0.1589498494667314,0.1487889548650573,-0.7171054824877225,-0.1368073447148621,-0.1498539714397765,-0.2769748601583005,-0.0016699906993302,-0.1245599226376288,-0.1351505397044601,-0.4316010488097334,-0.4114420719214758
2013-08-20,EL,66.69,67.66,66.34,66.86,3961442,0.0696014719272271,0.0771715353798572,0.0727928455303782,0.2452541026206735,-0.1483464833542069,0.1452932979598701,-0.7665864540802928,-0.3364951570159926,0.2644138829280877,1.4530979451895063,-0.0002528476402724,-0.0412660800137854,-0.4964613981277788,0.166273094928579,0.0540535181747052
2013-08-21,EL,66.89,67.02,66.225,66.32,1994721,-0.5358279343055522,-0.5268837915114866,-0.1725043492299443,-0.3709639727915302,-0.1610351070248316,0.082543591696537,-0.8639269427869862,-0.3174377331195924,0.1979278520879028,-0.2664929673738307,-0.0016101001427353,-0.4544851390414161,0.0691686731428422,-0.6701275471390716,-0.5922891719971525
2013-08-22,EL,66.28,67.38,66.24,67.27,1220723,0.8588184265449427,0.8558516636199859,0.163172435427305,-0.056646683826486,-0.1338562123188105,0.1349621326833668,-0.8973263476267764,-0.2852925918406255,0.2779108286040827,-0.8942796521314451,-0.000983568984598,0.1149196328537465,-0.5364186732729831,1.1021726964125265,-0.1789769467348037
2013-08-23,EL,67.22,68.26,66.99,68.15,1718266,0.7814394110697434,0.7799372827209595,0.4708919257913503,0.0974194008033875,-0.0784753127423804,0.2494884405226004,-0.8188481457132029,-0.2912577738404973,0.2651328925947399,-0.4027901719397826,-0.0009090991310256,0.8688577135108162,0.8585915131519708,1.0189550974530146,-0.0382367212915983
2013-08-26,EL,68.13,68.56,67.26,67.27,1509200,-0.8369149425197768,-0.8294958856983025,0.0991506953984547,-0.2376922591760631,-0.0701065012796616,0.2201011812843032,-0.8234090678571527,-0.2388186113188149,0.115127866776408,-0.6105056551243819,-0.0015042840392061,0.1149196328537465,0.7811923115811801,-0.980001201346366,0.0192471866475124
2013-08-27,EL,66.54,66.54,65.55,65.64,1733270,-1.541552622844811,-1.543537715003723,-0.5428756647094983,-0.4690681695822251,-0.1278462434323626,0.0264290949208905,-0.8263668673442143,-0.0848049183358305,-0.1585217365919303,-0.3915395704386795,-0.0015743805642791,-1.2815793119996703,-0.8375842269570849,-1.0482072428357136,-0.3343548159116742
2013-08-28,EL,65.28,65.61,64.63,65.38,1854421,-0.2796000916444901,-0.2705178556581867,-0.6399526228441008,-0.3691464605517439,-0.1834196610393154,-0.1229324920815273,-0.8048944756380295,-0.0809121809847745,-0.2278786004356754,-0.2718431384630811,-0.0016457279886673,-1.286282223654889,-1.5424057282248516,0.0894184141583709,-0.3421033113182964
2013-08-29,EL,64.73,65.855,64.45,65.37,1490215,-0.042518532727215,-0.0342502893300929,-0.6164792018393498,-0.5649974314596828,-0.226935717199532,-0.2113863208824012,-0.7518535607412881,-0.1655781970286095,-0.4797227996311742,-0.5967566266790323,-0.0016215965312769,-1.1814750931564484,-0.2801239876869577,0.7206808615152601,0.1999244891161901
2013-08-30,EL,65.5,65.62,64.99,65.36,835528,-0.0425199894336213,-0.0342517382688186,-0.590825885032009,-0.5649974314596828,-0.2605092131817007,-0.2565574051821528,-0.7088155447868545,-0.1671025602308214,-0.5034078925004474,-1.2204968665964775,-0.0014887293485561,-1.1890819158965955,-0.0429805805931211,-0.1878012824952974,-0.7880077829509388
2013-09-03,EL,66.06,67.1,66.02,66.26,1715601,0.8242902750131839,0.8219885624688384,-0.2158761972931791,-0.2431846727586378,-0.2505048587905064,-0.1805256359368454,-0.7225034683960835,-0.1218338839598137,-0.3901327242180323,-0.3637453684324209,-0.0006884150360791,-0.5044678692837189,-0.0429820376795428,0.2024203100611492,-0.2329156899416169
2013-09-04,EL,66.36,67.5,66.02,67.31,1667495,0.9535861992288192,0.9486990433057068,0.2009016247944275,0.4494949144454232,-0.2006362536771238,-0.0170903254294256,-0.7285706363204686,-0.0557690618997623,-0.1936134756242004,-0.4098967003028528,-0.0007936465485798,0.2942485184312965,0.8240543541578769,1.0552716936066258,0.2411597076824045
2013-09-05,EL,67.42,67.93,67.16,67.37,1185972,0.0225006476319235,0.0303884326861123,0.2099955818802316,-0.1852569288065673,-0.1586213386581759,0.0934426598716888,-0.7081854468836943,-0.0928262228204012,-0.0065948796590207,-0.8664214422522547,-0.0009678040569274,0.3398894548721562,0.9533840081886278,-0.0823472429047796,-0.6387862469313006
2013-09-06,EL,67.49,68.0699,66.71,67.58,1384986,0.161069384804923,0.1679215936997309,0.2612182227376642,-0.0672998097976764,-0.1174023320941298,0.1798203934509208,-0.6896927973125657,-0.1206934811082735,0.1841101448170973,-0.6501562053619643,-0.0009506072109061,0.4996327324151552,0.0220555615143925,0.0744340887133765,0.0857289922537901
2013-09-09,EL,68.48,69.5,68.48,69.49,1835558,1.7265903970531264,1.7008839134794498,0.9542894687057256,0.6698555338473636,-0.0111345061845911,0.4163571215192068,-0.4960037435384607,0.043183866485453,0.4721234948461809,-0.2107008406908855,-0.0008924446168291,1.436296214494977,0.1606604475290046,1.0879840188310637,-0.3680158490120633
2013-09-10,EL,69.54,69.62,68.59,68.97,1575860,-0.49887860887787,-0.4898489891672309,0.7014035396134907,0.444741900608765,0.0503421311456015,0.4902947556336769,-0.4001359313315886,0.0638005627148663,0.3597212081248235,-0.4716736055085403,-0.0015097181828533,1.0249449031914086,1.7265898619339106,-0.6455934783994419,-0.3467090667040012
2013-09-11,EL,68.84,69.7,68.6896,69.69,1403741,0.6169356228751698,0.6182372909479779,0.9178718776801617,0.8049424128248917,0.1242702137462904,0.5814946687046708,-0.2650575686108407,0.0759751315944062,0.5486166611136615,-0.6343991667284009,-0.0009795437672905,1.4365469778358495,-0.4994597087640778,0.90655703116747,-0.3830070078120547
2013-09-12,EL,69.82,70.58,69.54,70.33,1388683,0.538752328294126,0.5412382533511425,1.0620549744559298,0.7424148010808718,0.2039986462496942,0.669384599960262,-0.1691207124170506,-0.0454958255741335,1.0051018541466488,-0.5946005868980985,-0.0010049153913638,1.307308542672393,0.6166456087905334,0.5255512582522505,-0.3589267203159456
2013-09-13,EL,70.69,71.04,70.32,70.8,1233287,0.3830607979028227,0.3876192182094414,1.1749596855187383,0.6532938611976774,0.280748713650735,0.7320302844626619,0.0081579728344245,-0.3031575768789796,0.5825487382783886,-0.5660547799634652,-0.0010481916016895,1.3218159951388302,0.5384419182991984,0.0912488242713279,-0.7437897369591173
2013-09-16,EL,71.41,71.67,70.75,71.11,1253358,0.2396027087076114,0.2457325895417905,1.216647715865949,1.1114925978989805,0.3480655181485733,0.7578657757417302,0.1747859091354043,-0.3078912196698548,0.6754982345368578,-0.5082557071070458,-0.0010579738542531,1.1850474972111955,0.3827097721919164,-0.3437165725342053,-0.5130846852625027
2013-09-17,EL,70.95,71.52,70.94,71.33,1126915,0.1596177700503501,0.1664824096588029,1.2086602240395572,2.110743429480541,0.4037228045341727,0.7485227698582002,0.3129235054625973,-0.3410991522050172,0.8402293692983549,-0.6247239953898781,-0.0010869767384539,1.2863383473825734,0.2392142586551822,0.3783300786165551,-0.9136609464911156
2013-09-18,EL,71.3,72.22,70.42,72.17,1334040,0.7001702474124191,0.7001060460739035,1.4247034040022746,2.353081872529176,0.47373329240947,0.7779932587010171,0.4851220800157502,-0.3224814903419254,0.998924156215756,-0.2139633421969089,-0.0010681487042015,1.4214876226083153,0.1592084540873417,0.895563576629404,0.4872897421301377
2013-09-19,EL,72.15,72.48,71.45,72.43,1575554,0.1912950716722965,0.1978808492845804,1.4003685496309637,2.372787794532776,0.5316251884341666,0.7703766029687208,0.6116386823420774,-0.3677659298982115,1.1855812161052897,0.1485850599771837,-0.001048746290041,1.4221802370157857,0.6999019469936534,0.266885110197817,-0.4061646419230299
2013-09-20,EL,72.55,72.69,71.68,71.75,3749805,-0.6174978447779691,-0.6088213121592613,1.0499970143891022,1.952937295977307,0.5427900192028817,0.6440086168024376,0.687205897372759,-0.3473163679233987,0.8106075135272852,2.756585578014886,-0.0016741825644723,1.0636638680671653,0.1908940194618661,-0.8594168696468211,-0.4181633720703482
2013-09-23,EL,71.65,71.67,70.75,70.76,1214313,-0.8920268043561238,-0.8850473970060562,0.6204532948955945,1.3041212814765692,0.5051568800481856,0.4173090933248276,0.7181222526859095,-0.2996586524695214,0.3949866488618692,-0.4643446177131671,-0.0014081567167713,0.6642779794666733,-0.6181098892196246,-0.964782549358692,-0.5077513935138106
2013-09-24,EL,70.84,71.91,70.57,71.51,1590042,0.6268898829507579,0.6280339036754309,0.8227263061905131,1.2533067278559864,0.4974189928047859,0.3128993383271574,0.7483804192001164,-0.3514127200552388,0.7582101315679921,0.0191289001242478,-0.0010123348236572,0.96684304658826,-0.8927104659899421,0.6882471992514876,-0.0296297121339621
2013-09-25,EL,71.57,71.91,70.9,71.14,1335662,-0.3551254497706838,-0.3459736519260759,0.5747305482248629,1.0604981598411132,0.4696155032271658,0.1777230193423613,0.6587264709824305,-0.5799032662919045,1.0631144937800088,-0.2885626861933849,-0.001421394296396,0.8175776134749421,0.6266024656637701,-0.4802395300218681,-0.4081039410855544
2013-09-26,EL,71.15,71.55,70.5,70.74,1048535,-0.3830552924111554,-0.3739010772909827,0.3200638947894116,0.8364108950475571,0.4252407350248388,0.0269277782427149,0.503764898192613,-0.5694920346385948,1.0365595357307642,-0.628886112650157,-0.0013926352573256,0.6562095776767602,-0.3556690483395967,-0.46168172184256,-0.354288244936883
2013-09-27,EL,70.49,70.61,70.02,70.42,893819,-0.3146269732120732,-0.3055010422903865,0.1032885996672378,0.1768511942180705,0.3715010373471516,-0.1178135818929212,0.3000477058939307,-0.550403439652436,0.9670966324749716,-0.8132087520936457,-0.0013778114572902,0.4628927664793217,-0.3836061771217945,-0.1013431498222862,-0.8930690425458007
2013-09-30,EL,70.17,70.89,69.78,69.9,1645596,-0.4927259422175722,-0.4836842400791113,-0.1772979534049104,0.1768511942180705,0.3032551357582134,-0.2709453891502714,0.0381368999716304,-0.5138052515317935,0.8526719917385635,0.1613059652284295,-0.0015041723695336,0.0524040161412326,-0.3151600068220745,-0.3170245741313056,-0.2678853623540592
2013-10-01,EL,69.9,70.55,69.83,70.5,1015297,0.5014077123009006,0.5044254833057253,-0.0321996332918599,0.1348338321425113,0.267997695065708,-0.3085391044923954,-0.1806307893609613,-0.5418537449920098,0.7723203632627326,-0.6511124807419507,-0.001064612785154,0.3514308410985755,-0.4933054370391952,0.6221966264884871,-0.7401832086181779
2013-10-02,EL,70.29,70.44,69.51,70.41,1021946,-0.1124743887945672,-0.1038722433393976,-0.1237035674897785,-0.1544293071526308,0.2321417868368799,-0.340154521902201,-0.3329133990793224,-0.5970411687234063,0.5089203687666329,-0.6105723305829046,-0.0014111611926825,0.1754650556429052,0.5010875601041159,0.1026664370420546,-0.4905285705193771
2013-10-03,EL,70.22,70.32,69.23,69.44,921139,-0.8906909212454374,-0.8837002674358492,-0.523201004008277,-0.7364115018659386,0.1619873308187213,-0.4537307274034782,-0.4933797321415507,-0.5112115829632072,0.2837796556450709,-0.7400035459070907,-0.0014043562449661,-0.3637416485910768,-0.1129546862542306,-0.8655417349213409,-0.2831220480626383
2013-10-04,EL,69.49,70.225,69.33,69.98,1627387,0.4511534421042952,0.4548523432688045,-0.3664786124044917,-0.6299769755235565,0.1245100454663099,-0.4604812170357874,-0.686696096415127,-0.4993860292009061,0.3540933202489095,0.2405603575541599,-0.0009394616568293,-0.6969150640705704,-0.8913742343834262,0.5064273652287385,-0.5254469483035945
2013-10-07,EL,69.31,69.595,69.0,69.29,1289639,-0.6468578017544586,-0.6383039910547318,-0.619181333778066,-0.938451880332172,0.0652058496118752,-0.5220637006319762,-0.6742997106838112,-0.7329320569328207,-0.2097464835115175,-0.1986289373100124,-0.0014593484538734,-1.313759595930155,0.4508201799254845,-0.0481176719512515,-0.8756677973297197
2013-10-08,EL,69.38,69.63,68.66,68.71,1655901,-0.5541341834641142,-0.545240599051504,-0.8299923868594216,-1.5027251088654352,-0.0062435860939308,-0.6025913258107257,-0.6517704959528804,-0.7273572903944775,-0.2228416426919715,0.3188310663126529,-0.0015444270979432,-1.8400598381349391,-0.6474775054160518,-0.755917243525613,-0.4147756027080354
2013-10-09,EL,68.86,69.06,68.25,68.77,1524952,0.0213698752995607,0.0292648534345348,-0.7910357889077846,-1.6154272946826504,-0.0614937192106164,-0.6253166999540908,-0.5933937941452626,-0.7748383351719651,-0.3613587915391487,0.1226868950222022,-0.0009309581317118,-1.4919842268103998,-0.5547296980376079,-0.1250627121157441,-0.6097026108553522
2013-10-10,EL,69.51,70.65,69.47,70.63,1473022,1.6508770083857798,1.627612079984197,-0.1049186205279235,-0.5665631245987717,-0.033389619948363,-0.428944640036434,-0.5949459831268544,-0.5283018806532649,-0.1048299305816025,0.0427082528411551,-0.0009719850234318,-0.0994216908547598,0.0209244941940635,1.1910334618015057,-0.1989663476977807
2013-10-11,EL,70.51,71.03,69.98,71.01,1742054,0.3019615422443554,0.3074482888747406,0.0324395231192101,-0.0983883105384711,0.0021176699097942,-0.2527913069515297,-0.5921820967388381,-0.5334924275576716,-0.1239151502940626,0.3806238697779155,-0.0009509961754701,0.1850803326200552,1.650856721688028,0.509435719465003,-0.3589918025496092
2013-10-14,EL,70.57,71.65,70.57,71.65,1048300,0.5281241371917853,0.530763652317973,0.2601748291980582,-0.1375577171235094,0.053136393499097,-0.0719424770830012,-0.5743426723283707,-0.5132898493013791,-0.0559492216872208,-0.5746696128421456,-0.0010838638738329,0.6642416353144699,0.3015893599276554,1.1299244576944831,-0.3351043882876797
2013-10-15,EL,71.19,71.33,70.4,70.5,1886381,-1.032252750984229,-1.0266171318854995,-0.1517674658414967,-0.4032755637660503,0.0460827712167793,-0.0767406317686386,-0.5850255310455172,-0.4322651150202717,-0.3383704881990974,0.5323285584074646,-0.0015130706728595,-0.1967513304645594,0.5278109545888032,-0.7585925975005331,-0.4919338411490339
2013-10-16,EL,70.9,71.3,70.5,70.99,1550345,0.3997193948816757,0.4040742840304949,0.0525075374899903,-0.1061338968479771,0.0574189540304858,-0.0332441137734018,-0.6392179558666675,-0.4635271612102903,-0.4076062060748198,0.0579806118478815,-0.0009965260909521,0.1701065419108472,-1.0329729937808552,0.0695883950472571,-0.6521396843335457
2013-10-17,EL,70.94,71.84,70.36,71.71,1314782,0.5984420045462251,0.600032443256019,0.3340726540047171,0.2201440577481072,0.0919825571908014,0.0613400807438548,-0.6933419818924711,-0.4318877158279858,-0.3134705387395911,-0.2457004659957892,-0.0010509423724255,0.7091630074420622,0.3993727149488718,0.7937408860436497,0.1287217232873209
2013-10-18,EL,71.85,72.15,71.62,72.05,1671086,0.2621891856404927,0.2680932282028814,0.4549556474647993,0.506374127127218,0.1295656838348391,0.144779637824826,-0.6726781895944809,-0.4522251607334452,-0.106069774026432,0.414677898318029,-0.0010147270151256,1.357643328155892,0.5981471659759692,0.1839876527931997,-0.9782683063575
2013-10-21,EL,72.02,72.06,70.49,71.07,1262270,-0.8798090444202905,-0.8727278705183886,0.0843409332212122,-0.0120204740355168,0.1177288203071425,0.0843250795336754,-0.6667913915153355,-0.4540051269201177,-0.1031350849490879,-0.1901079254517735,-0.0014018443874737,0.522336172593417,0.2618066277899691,-1.022903553110176,0.249750378333634
2013-10-22,EL,71.57,72.29,71.31,71.93,1220946,0.7203726392161837,0.7199606042892375,0.3964319811700317,0.247513720504851,0.1388966095685912,0.1209148410176155,-0.6431662701184367,-0.4432754203641705,-0.081218373322115,-0.2264259707055842,-0.0010794199533912,1.1466645557871202,-0.8804895187704703,0.3537119898436037,-0.4558582791587567
2013-10-23,EL,71.44,71.65,70.98,71.27,923755,-0.6042501060165593,-0.5955227940606962,0.1484343967557904,0.3529110351884428,0.1265426740448583,0.063902307671305,-0.6392107397416527,-0.4242454139699744,-0.1406390042899845,-0.6477098679065995,-0.0013593865055331,0.6036051957098733,0.7201096090558934,-0.2061010340192115,-0.8078473209244047
2013-10-24,EL,71.6,71.83,71.16,71.39,1049153,0.0718301741481055,0.0793843281129434,0.180847390418298,0.2469411798336209,0.1184136284975868,0.0291670750638129,-0.6244881380489568,-0.4349829516801082,-0.0325284455155096,-0.4581718481630424,-0.0011043766060947,0.7023432611784656,-0.6048586944809143,-0.2479069821911649,-0.8091642727263257
2013-10-25,EL,71.63,71.98,71.095,71.51,1027019,0.0716539709534765,0.0792093856156162,0.2049524519777156,0.5410341079657413,0.1136873206304159,0.0101374771895781,-0.60743426477576,-0.4433220913104579,0.0598496474895022,-0.4993291477665498,-0.0011137241542625,0.8010813266470582,0.071397956771946,-0.152886622322637,-0.5599064689639541
2013-10-28,EL,71.72,71.8,71.29,71.56,1637649,0.0105349578562682,0.018497825381647,0.1923240106080063,0.8071255676197933,0.108957337060267,-0.0050956623059991,-0.6045131965545195,-0.4662791262101925,0.1813023378471456,0.4199429762981885,-0.0010461687681,0.8422221872589678,0.0712217076106617,-0.1948648724618889,-0.9973630512166888
2013-10-29,EL,71.89,72.9598,71.615,72.81,1881155,1.054518586255497,1.0474332458098397,0.6121681047028893,1.04837789791215,0.1509669365755383,0.1030247083554707,-0.5192972982663779,-0.4004125583928278,0.3137419068455174,0.6979594043281777,-0.0010318755340799,1.33714976278593,0.0100867502133967,0.9405445194977824,-0.0520190311403583
2013-10-30,EL,73.0,73.11,71.18,71.38,1820530,-1.2557538183980446,-1.252931275284575,0.064230265666077,0.0514664496171553,0.1248460084424147,0.0141541995584984,-0.5185089596124881,-0.2717814265824426,0.0348515978342136,0.5352958930671255,-0.0014323414022054,0.2595795629386621,1.0543427257494986,-1.7029452078403762,0.6620784288104333
2013-10-31,EL,73.3,74.62,70.9,70.96,3033104,-0.3993224054697876,-0.3901725891972817,-0.1194217961887241,-0.2049523316704585,0.08494034081157,-0.0924238896472267,-0.5651387370632747,-0.3215795636436274,0.1540028208498815,1.9571677414334905,-0.0015818182585509,-0.4670905456155212,-1.256532366587727,-2.4382016432897977,2.777729030954736
2013-11-01,EL,70.7,70.94,69.27,69.94,3948022,-0.9279114636907906,-0.9212451327246244,-0.4959585086810474,-0.713274227078603,0.0113451490643076,-0.26440261613527,-0.5634122263965429,-0.2711145401568908,-0.1758716622126392,2.797455392725216,-0.0017455503559717,-0.999377071234254,-0.399877533830946,-0.8384715257054831,0.3986565813521385
2013-11-04,EL,70.34,70.82,69.67,70.14,1784676,0.1450366635499054,0.1520243106321365,-0.4375123899376985,-0.311474794029363,-0.0403395747120645,-0.3455884299489096,-0.6108279906555241,-0.2996386180178341,0.0126871012409353,0.1120359751027275,-0.0009651049684852,-0.895007164250187,-0.9286044866631984,-0.2411353883879244,-0.2248855175462267
2013-11-05,EL,69.35,71.01,69.3,70.75,1529304,0.508455380873776,0.5113744577380347,-0.2495402445002589,-0.2695309355912579,-0.0583170530734278,-0.3237752115588493,-0.742287013836999,-0.3090799612212129,0.2685667268613474,-0.189488593402713,-0.0010264586089463,-0.5766789479487869,0.1446235437699598,1.4988817076119996,0.4229922728804006
2013-11-06,EL,70.76,71.31,70.56,71.25,1282328,0.4069900876803055,0.4112547744409965,-0.1107644849355408,-0.3473263396958868,-0.0539606340394581,-0.2488375694206647,-0.9128635213981758,-0.3007545790881302,0.362152871509818,-0.4776164011527651,-0.0010744897115092,-0.651044945224161,0.5081370672234065,0.4968656810367245,-0.7140516962530028
2013-11-07,EL,71.31,71.59,70.22,70.32,1368413,-0.8456272693489378,-0.8382743981909015,-0.4478149584709395,-0.7460718585946697,-0.0877929936691895,-0.287184714585352,-0.8973177815327993,-0.453002592395879,-0.2319372406754304,-0.367144436590992,-0.00141196177629,-1.228893324630056,0.4066453044749146,-1.075205448749227,0.0323532493628858
2013-11-08,EL,70.15,71.0,69.93,70.96,1055564,0.533630009267556,0.5361901791723348,-0.2110152923273852,-0.2257795923739154,-0.0900755833415777,-0.2366538659640516,-0.8965591263175037,-0.4354430342181302,-0.1778181337139583,-0.7230627629274395,-0.0011036714438619,-0.8312342248238512,-0.8462988265970476,0.8460561644694202,-0.3346339419759765
2013-11-11,EL,70.75,71.17,70.67,70.9,931724,-0.0856381266186963,-0.0771548153062416,-0.2193606296870099,-0.567867824857173,-0.0948486731720075,-0.2026396916008083,-0.9005632706783862,-0.4629503512293455,-0.321209149835067,-0.8738385795687432,-0.0013595791242318,-0.8685147654306754,0.5333182629979176,0.1338639123831543,-1.0035886426485112
2013-11-12,EL,70.58,71.08,70.53,70.68,952899,-0.22618036251132,-0.2172027963313262,-0.3037861536407253,-0.4186321317999381,-0.1077437567073021,-0.196334224089539,-0.9076780901396272,-0.5451522569033516,-0.1299793764745548,-0.8114777261589858,-0.0013674898669616,-1.0052100809890574,-0.0861114232222455,0.0807276332775597,-0.942802780878251
2013-11-13,EL,70.26,73.09,70.26,73.03,2267250,2.036986810961578,2.000367746635105,0.5241851929475131,0.3040812062021162,-0.0268639405175054,0.0500851275130423,-0.8097770245880421,-0.2305360248119824,0.2545622250640656,0.8230869405907794,-0.0009318377055344,0.4549444261118454,-0.2266903227890053,2.952312041438339,1.638234246054187
2013-11-14,EL,73.06,73.67,73.01,73.44,1097336,0.3165287464103947,0.3218563957915673,0.6423720113666306,0.3745933498650187,0.0510846927908837,0.23967579451755,-0.6959675842330283,-0.2471559932893008,0.1868352893992352,-0.6469578064193467,-0.0011074049178452,0.7096947869251929,2.0370672498847933,0.3666437333088063,-0.8423455883679736
2013-11-15,EL,73.23,73.67,72.53,73.67,1550110,0.1619841942123698,0.1688285520727393,0.6962405781275742,0.4163565776867191,0.1188452277867995,0.3651243384490423,-0.5887736495358876,-0.2496354408955961,0.1627410963622372,-0.0628765712720667,-0.0010604620142378,0.85260352591805,0.3161603642838882,0.4276338174453705,-0.3016730303812519
2013-11-18,EL,73.62,73.685,72.65,72.86,956694,-0.7175217709443104,-0.7093209379545119,0.3652154482373545,-0.1740044672873549,0.1373880160115795,0.3387975406699068,-0.5541557481857461,-0.2698304690574925,0.2024248884442924,-0.809449449780822,-0.0013482564606348,0.3493162277258214,0.1615754955855222,-0.8062589132827096,-0.4074398846395393
2013-11-19,EL,72.69,72.97,72.31,72.56,1113625,-0.2893426152390936,-0.2802462416496376,0.243436399817472,0.2106365732990062,0.1370012156823049,0.2690116673740457,-0.5366713102772357,-0.2988659129485922,-0.0388445821811818,-0.6019605254960186,-0.0013704272323346,0.1629135246916646,-0.7181599089272526,-0.1614346148367237,-0.8332620587143083
2013-11-20,EL,72.89,73.91,72.5,73.3,1290958,0.601939841029716,0.603476072863728,0.4767366524001891,0.5753764064756555,0.1622513677453504,0.279172042864917,-0.4846607018560825,-0.3042804868473386,0.2508434589054965,-0.3917369968283391,-0.0010875103474257,0.6227068588425854,-0.2898690528428795,0.39865576243656,0.0118222325381281
2013-11-21,EL,73.5,74.07,73.242,74.01,1127522,0.5700490677803722,0.5720724297421689,0.6872874992390847,1.1878036410297663,0.2061324861501628,0.3352561298964049,-0.3938121120655414,-0.2855077303773558,0.3715167432140372,-0.6045163258918052,-0.0011143373006112,1.0638599226900982,0.601645914950543,0.4979203257690776,-0.6589332563953829
2013-11-22,EL,74.09,75.02,74.05,75.01,1763268,0.8082151108272152,0.8062167031384332,0.9861504861489168,1.3198426630272833,0.2753935144388234,0.4454508506572362,-0.2395285815112144,-0.2486126478826289,0.5513445202101007,0.1560811623127179,-0.0010508312018931,1.4370975669103827,0.5697468222596381,0.91183491827258,-0.5135924838514506
2013-11-25,EL,74.93,75.22,74.17,74.32,935866,-0.6056936283605916,-0.5969717108572884,0.6826918964007748,0.907847026013388,0.2979967327593283,0.4135102276041162,-0.1685466044725372,-0.2126582936804278,0.3989690630123894,-0.8505378984578712,-0.0013379633864774,0.9400613767814134,0.8079749963956665,-0.6413784612761609,-0.4138763455112385
2013-11-26,EL,74.44,75.46,74.43,75.07,1381970,0.595280707808548,0.5969199731715003,0.9129028640107532,0.9548381461610472,0.3398133722818445,0.4374127445839431,-0.0599240013273803,-0.262578809844867,0.2883890290187504,-0.2533254425293789,-0.0010970493490296,1.2334392045995783,-0.6063025934009453,0.6130927002348141,-0.4478433475794267
2013-11-27,EL,74.96,75.42,74.48,75.25,1131533,0.1162839189803262,0.1235042302771306,0.905250747942156,1.4090060059587588,0.3740296531508675,0.4369715658309633,0.0346333030728642,-0.4048296477685243,0.6287817591128169,-0.544745291886423,-0.0011293927135007,1.3301036111811086,0.594985044541341,0.2659729061429585,-0.5502553584234605
2013-11-29,EL,75.26,75.77,74.93,74.96,595687,-0.2729273503551992,-0.2638556792000137,0.7253406847033732,1.1594795604798251,0.3836149552902593,0.3732189075913313,0.0733121243818749,-0.4145803262566186,0.6604007007009095,-1.18627812219585,-0.001300023040201,1.0286345913731278,0.1158632983857627,-0.3274796593869103,-0.657408187021141
2013-12-02,EL,74.99,75.29,74.45,74.88,1136779,-0.0994400531889214,-0.090894185392331,0.6046977326711005,1.149673899178495,0.3819637458527823,0.2932941936329886,0.0278414858353168,-0.5089637308509403,0.8698629790918442,-0.2246977916579862,-0.0013543908167121,0.9856111218491734,-0.2734495056596555,-0.1371406122981454,-0.6564104138266138
2013-12-03,EL,74.55,74.57,73.89,74.49,1778307,-0.3572566550234651,-0.3481042288582929,0.3843853020948348,1.0680991423951236,0.3594666075818737,0.1756973605037059,-0.0491107054235552,-0.4849593842639316,0.7433655139994318,0.8028508470649907,-0.0014247425970427,0.7852354186648494,-0.0999169503424049,-0.087122816577312,-0.830526687073483
2013-12-04,EL,73.92,74.1,72.56,73.1,2278983,-1.1947448968981744,-1.1910723421697862,-0.1569049653760026,-0.1631131672681416,0.2819864332274959,-0.0599054943667583,-0.1272173781095422,-0.3570406048847454,0.3203448364086838,1.4992179547516762,-0.00149236903023,-0.076909724685792,-0.3578008095662773,-0.8644180637277846,0.1644206033477703
2013-12-05,EL,73.01,73.29,72.62,72.73,1901577,-0.3481188046724062,-0.3389695892044143,-0.3158932720592206,-0.4527933363685659,0.2019966225182298,-0.254847539038188,-0.1798070181944738,-0.3541557843109791,0.1375910262470435,0.8436241869666213,-0.0014716167885783,-0.2875171166127943,-1.195507529507725,-0.3160645284594693,-0.8235750234019625
2013-12-06,EL,73.41,73.96,73.34,73.71,836416,0.8058995536567637,0.8039445046373795,-0.0258177226982325,-0.1754133664900741,0.1734767672524019,-0.2783183954994019,-0.3184319435080862,-0.3792193103673718,0.5405350364528606,-0.7480879379849759,-0.0011329715144205,0.270307867410085,-0.3486605753968206,0.2824361469814032,-0.8903154500761675
2013-12-09,EL,73.97,74.35,73.48,73.89,659825,0.119038236554107,0.1262368292112587,-0.0140581300634073,0.1880026340455226,0.1544816816066825,-0.272578487631458,-0.4261032479408005,-0.3937652574603596,0.4389434292152236,-1.0059877708250726,-0.0011594329526399,0.3086752512143226,0.8056588351588786,-0.1080272824057326,-0.6100470341975512
2013-12-10,EL,73.6,73.83,73.03,73.6,885206,-0.2773434631977006,-0.2682647198688577,-0.1655413779413981,0.1921362195225662,0.1248791378617952,-0.2952899758810509,-0.5683569562786285,-0.3853570082548606,0.3918133704495998,-0.6488220323059267,-0.0013511751023571,0.1337183281910296,0.1186183344866208,-0.0263165508545973,-0.6854449940520004
2013-12-11,EL,73.73,74.55,73.62,73.82,1410185,0.1531013516451403,0.1600213815730796,-0.1430657960004775,0.0147497469612129,0.1071458964821437,-0.282907786518082,-0.7899472288324199,-0.3934591863875397,0.484981532001742,0.1397864677873514,-0.0010628877041645,0.2664442697949037,-0.2778667705467445,0.0659072476594605,-0.5413780972544734
2013-12-12,EL,73.56,73.56,72.29,73.07,1665876,-0.6655282582228444,-0.6570597932083744,-0.4101821897841494,-0.5553437044504359,0.0611741349897976,-0.3456874996825238,-0.7917071575664604,-0.7079486914474515,-0.1594328311214238,0.596636801425054,-0.0014422082748677,-1.1362276130642317,0.1526903357245397,-0.529584287785416,-0.1428102659049687
2013-12-13,EL,73.05,73.16,71.45,72.64,1405709,-0.39937015177468,-0.3902203547078926,-0.5489458522845525,-1.1879882631124328,0.0060523542026492,-0.4194632623648363,-0.7576363012956309,-0.708745585146985,-0.3274611492590625,0.1575727647098093,-0.0014240900518549,-0.9656138895189212,-0.6661528325023525,-0.450358055519792,0.3705823394933741
2013-12-16,EL,73.01,73.416,72.49,73.16,993933,0.4126837408037564,0.4168772090780141,-0.3551557047919575,-0.6901399984731879,-0.018648300040919,-0.4001804164755004,-0.7468181847523102,-0.6911840597907356,-0.2691484612420384,-0.4531112937974337,-0.0011054918445986,-0.5654809266786234,-0.39992529259156,0.1289055800051459,-0.5364628321974418
2013-12-17,EL,73.08,73.27,72.34,72.75,1041160,-0.3818997523794344,-0.3727453874354537,-0.4989933887705517,-1.2438783892826304,-0.0554168833656218,-0.4158167814741158,-0.7413114840737423,-0.7258231094283359,-0.1896498902428938,-0.383065871232138,-0.0013796737802217,-0.8809703781488579,0.4123404429187138,-0.36747814230171,-0.525935595456296
2013-12-18,EL,72.71,74.06,72.3,74.0,1459075,1.0367296871644192,1.030043192517553,-0.0801937515665128,-0.6768073141025759,-0.0366355404053329,-0.2853413194860477,-0.7832580062518198,-0.6268137818148173,0.1239870980601464,0.2523980532713112,-0.0010408025483695,0.080887705601865,-0.3824503356408836,1.3141015877371622,0.3908370756042176
2013-12-19,EL,73.8,74.28,73.65,73.91,687797,-0.1087152778472714,-0.1001290837625804,-0.1229945870769186,-0.6099068304182667,-0.026681766450681,-0.203682960552899,-0.7929783882631823,-0.6588782582184789,-0.0452560055629707,-0.9355759118035312,-0.001331431207744,0.0116339235718103,1.0365491860150202,0.0862945110377015,-0.8809363822722412
2013-12-20,EL,73.28,75.06,73.28,74.35,1200221,0.3376376533273282,0.3427288120392127,0.027160867158345,-0.391533007756561,-0.0031368317099782,-0.1033728595096884,-0.788665315052541,-0.6801878767348686,-0.1000073261993505,-0.1151980723068626,-0.0010827733085557,0.3502079690520633,-0.1091945946563998,1.076854984648984,0.40392464576074
2013-12-23,EL,74.82,75.14,74.2,74.76,1055071,0.3103233298389207,0.3157191622394424,0.1771883801485943,-0.0860766201471336,0.0296209160322163,0.0005888433956883,-0.8010456959661885,-0.7400021156253136,-0.2164255882888621,-0.2993522846879127,-0.0011097759938143,0.6656974205223086,0.3372747779446106,-0.0869033873906479,-0.543431875492166
2013-12-24,EL,74.79,74.88,74.23,74.62,295351,-0.149584128255031,-0.1408366604782243,0.1221087060110938,0.5021416416880846,0.0478244486757993,0.0462959066013769,-0.792696090126682,-0.7737646568677582,-0.1081932460597196,-1.5426315567538147,-0.0012782203531454,0.5579693151422274,0.309953328886802,-0.1980481122569244,-0.8653582256646024
2013-12-26,EL,74.6,74.93,74.19,74.64,564737,-0.0163093538266781,-0.0081863540779355,0.1369144031417827,0.7290577849191823,0.0606427999050783,0.0690001929093352,-0.8136167261037066,-0.8173245335654793,-0.2516013175413823,-1.0510287515930845,-0.001173927510877,0.573359044482236,-0.1500741066436066,0.0141937897140255,-0.7650613606635743
2013-12-27,EL,74.65,75.04,74.13,74.45,698577,-0.1914771138546186,-0.1825921275438844,0.0837646022171711,0.2193125542742885,0.060925415836414,0.054896855096656,-0.8556235336154504,-0.8186456222528972,-0.3236130243264566,-0.7920571927912661,-0.0013257333022785,0.4271566157521276,-0.0167645644255628,-0.2287325861137296,-0.5726512072003375
2013-12-30,EL,74.45,75.18,74.36,75.04,683858,0.4603853152311967,0.4639620669860938,0.2919242423044033,0.4002904732147904,0.0817309300153316,0.0964397716419911,-0.8505283069113443,-0.7958123256651639,-0.1518029374200825,-0.8232144860334776,-0.0011589272507243,1.226460683348974,-0.1919780209918574,0.5724148560584662,-0.6806162152511798
2013-12-31,EL,75.39,75.55,74.96,75.32,704252,0.1993100670176122,0.2058227635533461,0.383426273540246,0.6939047301650471,0.1063173267775134,0.1394060315611426,-0.8211344247755336,-0.7912011739214296,-0.0811777805345888,-0.7623095102940405,-0.0011589570539712,1.256400275702206,0.460054461398787,-0.0964667692023021,-0.9384945442350782
2014-01-02,EL,74.99,75.1,73.56,73.71,1084018,-1.3637905248986353,-1.3626250614222375,-0.1745184971791399,-0.2344478045237933,0.0600512846843824,-0.008593918419637,-0.8300595003990298,-0.6225108693751981,-0.3212628085436616,-0.007354296808012,-0.0013678470761167,-0.0489490597325308,0.1989111057030301,-1.3159056294704363,0.1498906325803943
2014-01-03,EL,73.72,74.36,73.6,73.65,802475,-0.0836741362536247,-0.0751999743829789,-0.2055772859470458,0.0763685117237606,0.0191073775097711,-0.1132947947424961,-0.8457275720790554,-0.7572663954672482,-0.0569762351425924,-0.4252529200494055,-0.0013397202185726,-0.0975956188170452,-1.3645972569476164,-0.098055901929372,-0.7313231788219681
2014-01-06,EL,74.74,74.866,73.87,74.08,1275407,0.330492838474273,0.3356648308216761,-0.076860452755582,0.4698330412185142,0.0018643267112067,-0.1360498994899621,-0.8872258451512122,-0.7599049630284523,0.1051319028893507,0.6118889759637582,-0.0010829397129489,0.25103805462204,-0.0841469205051233,-0.693485111276192,-0.4708123468325794
2014-01-07,EL,74.31,74.75,73.45,73.89,1111652,-0.1926751349082059,-0.1837866302047817,-0.1474753211331035,0.1630346416741308,-0.020735597713251,-0.1680424837844661,-0.8890703117364234,-0.8269366707379656,-0.1316123599244941,0.2384881063819701,-0.0013743841017922,0.0969906175210481,0.3301280992022991,-0.4533351185762708,-0.1250481249548905
2014-01-08,EL,73.89,73.895,72.93,73.08,1447044,-0.7154836648387992,-0.7072715099856882,-0.4206756652123792,-0.0396341590125106,-0.0713973765500156,-0.26586728140332,-0.8665039726801649,-0.7799114731467789,-0.328474447477871,0.8129332937213616,-0.0014226486891694,-0.5597379301200328,-0.1931763545767861,-0.8545334405552458,-0.4908322576316495
2014-01-09,EL,73.52,73.96,73.11,73.44,1145312,0.2736937968427671,0.2794797033615021,-0.2900479580105959,-0.4825836234063924,-0.0979462505853186,-0.2820609176338198,-0.86268632896646,-0.7739824003907864,-0.1994042312744807,0.1887970074978865,-0.0010904150906228,-0.2678585756128871,-0.7161212711348955,-0.1085274160999384,-0.6267306207073473
2014-01-10,EL,73.75,74.18,73.58,74.05,1517195,0.4841254557790777,0.4873819422470471,-0.0775541228017614,-0.1218093275771055,-0.0955739130427373,-0.2205731258842754,-0.8626470539586085,-0.7493595889174401,-0.1217182611566747,0.8986703125110774,-0.0010514600651214,0.2267147750797767,0.2733142402346352,0.2810127447134135,-0.9160434724064808
2014-01-13,EL,74.98,75.125,73.77,73.84,2541132,-0.209554961008502,-0.200619333222352,-0.1657477373754086,-0.4432499148442826,-0.1024733910938378,-0.1952483862120385,-0.8854476992382385,-0.7913736550554825,-0.0127124344655416,2.686116321899733,-0.0015423784166153,0.0564518182839466,0.4838007951082572,-1.1750100035477942,-0.061978500930674
2014-01-14,EL,73.99,74.05,73.05,73.74,1570553,-0.1173108283964764,-0.1086884929356904,-0.2206691960790356,-0.7256586047928963,-0.1122787009376693,-0.1824681554859625,-0.9417566521861472,-0.8080371914191891,0.0549239928831438,0.8573456206724345,-0.0014503399416842,-0.4084346578904744,-0.2100605841678883,-0.2815935651824459,-0.4611251029567785
2014-01-15,EL,73.89,73.94,72.0,72.87,2034910,-0.7675294390886226,-0.7596276668104998,-0.5240670716913414,-1.0035592815443704,-0.1542074108421854,-0.2549290496693312,-0.9227461090250044,-0.7658030224369567,-0.2256931793509064,1.5444899498758966,-0.0015334832232074,-1.066644211284823,-0.1177923875526285,-1.0692563378850366,0.6274391962758817
2014-01-16,EL,72.61,72.8699,72.08,72.19,2140176,-0.6139685351476769,-0.6052781953671038,-0.7555203191527611,-1.2217096800195977,-0.2134338513937808,-0.3574218259278302,-0.8702634284829617,-0.743677408336415,-0.2805280525344616,1.557433025120755,-0.0015843161558333,-1.703388843809026,-0.7681806227217745,-0.4633327988562163,-0.6794116573491582
2014-01-17,EL,71.7,72.71,71.61,72.57,1516737,0.2947232290006527,0.3002877825457286,-0.5958082731866896,-0.9604743719529572,-0.2442961385243002,-0.3664072043067682,-0.816523352302132,-0.8655700550547096,-0.4512845958105327,0.5021464912340444,-0.0009666303449924,-1.0713499233346904,-0.6145796588877555,0.8904205912598826,-0.3280615987949882
2014-01-21,EL,73.19,73.99,71.97,72.18,1969059,-0.3675783032755487,-0.3584238715647161,-0.7042644131763339,-1.3962590772768613,-0.2825425839977125,-0.39260220346908,-0.7428017574946887,-0.8570853867296886,-0.5112427549723608,1.094495990839368,-0.0015686915595865,-1.4003932734876163,0.2943491584034911,-1.0689084761459495,0.741019346743219
2014-01-22,EL,72.39,72.7,71.8,72.13,1162087,-0.0761229739872701,-0.0676845647207727,-0.6834252321884074,-1.5814422619369743,-0.3129100564627944,-0.3932778619089758,-0.686438485780675,-0.881150569804672,-0.6059993428630501,-0.1890454143746263,-0.0014607003933692,-1.4425783183790282,-0.3681251504576637,-0.2976725964648005,-0.551440725434914
2014-01-23,EL,71.53,71.59,70.31,70.47,2260826,-1.4658026734085572,-1.466380573335318,-1.2012414893581196,-1.592868422433767,-0.3993989609319873,-0.5382739885306148,-0.5092231882075798,-0.7207475313468497,-1.0102444381248656,1.4009429261110182,-0.0017029603491269,-1.779801058915488,-0.0765937883444453,-1.1459152125363872,-0.0775407323182684
2014-01-24,EL,70.31,70.47,68.76,68.79,2495715,-1.5172234163681668,-1.5187460666422148,-1.703339054849059,-1.889650049589204,-0.5296501624354665,-0.766914289043073,-0.1933375483217007,-0.5661472740987296,-1.3149251364178418,1.4675651248232744,-0.0018517874958231,-1.866615679782262,-1.466636017672344,-1.6596363267600758,0.4803852034390388
2014-01-27,EL,68.74,69.12,67.58,68.56,3306401,-0.2411563661317002,-0.2321448257167555,-1.6833011829692337,-2.1676015778086533,-0.6362883764292492,-0.8890471060915754,0.0449673707017331,-0.5726954422518766,-1.3638089576377097,2.202942936366271,-0.0022765210926002,-1.4725577530421226,-1.518070174915224,-0.2241536373964078,0.2806848978629493
2014-01-28,EL,68.91,70.42,68.7,69.85,2558973,1.1384285248182704,1.1293960435777504,-1.1393084665913271,-1.4661899525965032,-0.6640722936119009,-0.7837837571849072,0.1198230238864033,-0.4049117802410281,-1.0749064699864268,1.0593608493532551,3.2386767041909235e-05,-0.9345158228914588,-0.2416702332443175,1.004283914257022,0.4608776435855742
2014-01-29,EL,69.63,69.66,68.17,68.54,2070204,-1.2006127806771367,-1.1970192952295895,-1.5012133822661289,-1.551180285432775,-0.7309176995697475,-0.8001166777384238,0.2333301679161349,-0.3779570915529622,-1.4396327582045163,0.3662977837577785,-0.0019495176232632,-1.480899488393294,1.1382745541493358,-1.209017194613201,0.2204339089798375
2014-01-30,EL,69.06,69.38,68.21,68.95,2451127,0.3394258328516715,0.344496634716092,-1.2418763596577893,-1.529353548854974,-0.7606847957610701,-0.7177440831310408,0.2484274798084472,-0.3651572042656593,-1.409555022360622,0.6731002079727566,-0.000119884856755,-1.2777071979340042,-1.2013769440591089,-0.146656782068783,-0.1771280287394218
2014-01-31,EL,67.87,69.26,67.59,68.74,1908506,-0.2226144313722498,-0.2136454862411247,-1.2316834458553256,-1.8410959060358183,-0.7851851306382442,-0.6382894544877863,0.3275278723862233,-0.4615316170857675,-1.1577381233141746,0.0247628342758682,-0.0018651423935672,-1.3702291492743552,0.3390634239567037,0.9421533635347972,0.4333958390495953
2014-02-03,EL,68.87,69.07,67.87,68.28,3015182,-0.4496195119103789,-0.4405103645916084,-1.3061390711265823,-1.8743856226887277,-0.8150066627985914,-0.5884224217777058,0.4105946632878869,-0.4608548165026749,-1.2383088697873903,1.0413827612249136,-0.0025103797378796,-1.572896280781781,-0.2231234613947955,-0.6735585030061523,-0.1266339308460776
2014-02-04,EL,68.87,69.77,68.7,69.19,2484944,0.7967464016422955,0.7949619284951581,-0.8850467525876725,-1.4621308931539745,-0.7953546050246122,-0.4211846267875013,0.3923727246527488,-0.398095200527348,-1.1369319597653134,0.4232004328567475,0.0006805022528228,-1.1719678249736092,-0.4501877614283825,0.3247299316682703,-0.3024856370107949
2014-02-05,EL,69.5499,69.5499,63.63,65.36,8099594,-3.479278506117967,-3.550674403277385,-2.1505882365459983,-1.829282621929878,-0.9215849545437932,-0.6628931958584185,0.6432042690024445,0.2583509895910402,-1.8629197348183557,4.819959052105158,-0.0049454413669441,-1.3810127409020216,0.7965032953342219,-4.577788582357923,5.957169855384848
2014-02-06,EL,67.07,67.2,66.23,66.8,5131292,1.3386620658521062,1.3245458797882417,-1.5069104045425257,-1.3034574938482144,-0.9556315224063586,-0.618980584039357,0.7380160226540877,0.4062157536229426,-1.4295394972659388,1.992580508123398,-0.0082621795048799,-0.9645863456069208,-3.480637111854525,-0.3304612055933273,-0.3811347757281286
2014-02-07,EL,66.51,66.92,65.79,66.5,3649785,-0.3125980078656722,-0.3034740686129185,-1.4961913440222228,-1.4511438228579332,-0.9847647465827776,-0.5712036325172886,0.7964295520686121,0.3878501897062129,-1.5553398807760894,0.6936187888270219,-0.0045075214220595,-1.0513418446267324,1.3385603307069125,-0.0376760133655744,-0.1751559157426379
2014-02-10,EL,66.5,66.9,66.13,66.39,6061043,-0.1359792629741636,-0.1272825097620158,-1.401088687384464,-1.4171919326736266,-1.0023241270830212,-0.5031911969164239,0.7773240033340448,0.3534629074856044,-1.6867067851009594,2.148815815131201,0.0294948422133578,-1.0831521942673306,-0.3131305121734049,-0.1512894285636449,-0.6247255917550769
2014-02-11,EL,66.28,67.14,66.1,66.78,3685421,0.3327312445585719,0.3378779991506409,-1.1267952310142608,-1.2967416099439046,-0.9911620077896924,-0.3748526023966454,0.6991561138753056,0.3772230697060699,-1.571689295318014,0.456381761740929,-0.0027904754500501,-0.8763918598231342,-0.1364656922207738,0.5436275134217307,-0.2934129440726512
2014-02-12,EL,67.26,67.47,66.47,66.88,3256621,0.0602325246311011,0.0678686028137464,-0.9635365988032476,-1.0238458728830109,-0.968907561239394,-0.2436302673715289,0.5711492325752803,0.3829206646354509,-1.533760238237628,0.1046167159196617,-0.0043348911044257,-0.8384852180017228,0.3323670892262994,-0.4531627946990718,-0.3451986118127649
2014-02-13,EL,66.7,67.64,66.48,67.54,2961479,0.5813924848948004,0.5832444018850967,-0.6135453372169523,-0.5051295707424495,-0.9164281621779669,-0.0608538918987182,0.4409905086306887,0.4113409570066982,-1.2417092666163247,-0.1192457737235866,0.0233834316412817,-0.6267130351144561,0.059797281741366,0.9251602037900069,-0.1599440254291479
2014-02-14,EL,67.44,68.28,67.42,67.98,2638542,0.372593777785944,0.3772778443335777,-0.366274998773621,-0.3330821055609792,-0.8494258699236754,0.1227488855519433,0.3184296475075197,0.4231139874134113,-1.0239719417091755,-0.3427927650881644,0.0009795068878049,-0.4855315798562812,0.5810931985652734,0.5786354655548672,-0.5369970537787602
2014-02-18,EL,68.0,68.38,67.57,68.08,1736978,0.058586830585506,0.066234360191964,-0.2425707321186833,-0.6777582581849357,-0.7850372267557069,0.2629036197572413,0.1227504943832159,0.4134539917731527,-1.0761528121539436,-0.9280781203370148,-0.000430306256362,-0.4534448854794249,0.372240021512141,0.0625679022753654,-0.5997537464679012
2014-02-19,EL,67.7,68.23,67.36,67.39,1881489,-0.6639896663481001,-0.6555139533534464,-0.4164685413254241,-0.5261425432181813,-0.7541667233736926,0.2887522923143136,-0.074727733279126,0.4222709779294227,-1.142103885053006,-0.8335326036377458,-0.001923433703113,-0.5032517840606586,0.0581511583786348,-0.3722700722688646,-0.5153994661791205
2014-02-20,EL,67.62,68.1,67.4,67.86,1871408,0.4012119644320732,0.4055484042452367,-0.1533884678143181,-0.5066555399051632,-0.7047763967985405,0.3571009364474778,-0.3487913017638117,0.4414209177745681,-1.0369011344253865,-0.8534655910599245,-0.0003455833694856,-0.1148093300508971,-0.6646138392505362,0.2418353041958673,-0.7316333377668678
2014-02-21,EL,67.85,68.495,67.59,67.65,1397369,-0.2256601732418123,-0.2166838519465242,-0.1801656120170131,-0.5066555399051594,-0.6678959406075378,0.3795796607378142,-0.4803916752067768,0.3550970521238673,-0.7551890206894573,-1.1428409827659496,-0.0017489438275053,0.0723828551771238,0.4008656738703596,-0.2490189389473483,-0.4764166174617957
2014-02-24,EL,67.61,68.48,67.49,67.9,1373287,0.1970780053539827,0.2036111562669517,-0.0661388682391388,-0.302085766516611,-0.6233396736968183,0.4173200448265052,-0.5013685984940289,0.2515685767075919,-0.3574904556195872,-1.1422181613813838,-0.0006342013525619,0.2091618929358798,-0.2261699978161644,0.2977481983916204,-0.3761920784072428
2014-02-25,EL,68.07,68.14,67.15,67.48,3766108,-0.4180973059295035,-0.4089578839355949,-0.2079687708826248,-0.7244173288818072,-0.5993451380068253,0.3945868098976007,-0.5142011315537836,0.256712108424819,-0.3988286632456559,0.4111056587545427,-0.002611386682284,0.0035424163930444,0.1966784617547873,-0.6811652836983834,-0.3686290172951653
2014-02-26,EL,68.26,68.72,67.86,67.98,2472324,0.4283112887397798,0.4323066581107015,0.0222865158810385,1.080678295316332,-0.5559391001584545,0.4263650943486001,-0.6234507461824353,0.1859613511903163,-0.5606601651645031,-0.4301276411638429,0.0005300455523465,0.4737769684759408,-0.4186573321551937,-0.336227184387145,-0.5369970537787602
2014-02-27,EL,67.53,68.01,67.35,67.6,1995158,-0.381010962873125,-0.3718564973677669,-0.1069639672661313,0.2805559322463262,-0.5320575534563002,0.4015320178056414,-0.6457950085436234,0.1183458362454687,-0.368897383725713,-0.7400730514535121,-0.0021156879634888,0.2680458635527844,0.4279720676599867,0.0519986418187683,-0.7776409534138043
2014-02-28,EL,67.82,69.5,67.73,68.84,3054511,1.1090152956796235,1.100677700981066,0.3768744685618885,0.9678202223755276,-0.4607155711801787,0.5038279007255279,-0.6533096752895174,0.1883891745434017,-0.190907268016242,-0.066910254544937,0.0007071155274749,0.939378942775704,-0.3815613142733929,1.1099680387012894,0.5515192256602738
2014-03-03,EL,68.46,68.74,68.06,68.56,1632810,-0.2862245511807257,-0.2771325359663936,0.2716517055397087,0.8540278156840105,-0.4121413436215049,0.5270607983568646,-0.6635023919304338,0.1900223742927599,-0.2059346004737268,-0.9825514065546256,-0.001854897355287,0.787787602306013,1.1088536518934826,0.0840424692454267,-0.764722611003451
2014-03-04,EL,69.7,70.62,69.09,69.73,1615968,1.029458797574567,1.0229339175185603,0.6971755564928669,1.0688822245821532,-0.3255433096902266,0.6435197394998206,-0.5625765598951512,0.2384392175615876,0.1444078892091239,-0.9693080843954636,-0.0004653634825871,1.0196281701723109,-0.2867501753657992,0.006202151510025,0.2373225160921552
2014-03-05,EL,69.53,69.6,69.0,69.27,3041407,-0.443704450470986,-0.4345883965456011,0.5170577997634012,0.7796355404662613,-0.2735600437351034,0.6475890755234748,-0.5566428988147873,0.2148769257763159,-0.1504958258298352,-0.0394839720901166,-0.0023856223021463,0.8008694423863921,1.0292763996464174,-0.3088343725390875,-0.8694455161489869
2014-03-06,EL,69.29,69.578,68.985,69.04,1275522,-0.239713938600601,-0.2307055135083598,0.3550998451726818,0.4571509939602148,-0.2403403714715833,0.6025473771882578,-0.6527729730849765,-0.6897145409379283,0.6594279191288215,-1.0981908793459627,-0.0020576294165252,0.3554653300067293,-0.4442711569091906,-0.2989092235363337,-0.8754906202326591
2014-03-07,EL,69.41,70.2499,69.15,70.02,1901194,0.8507362389385371,0.8479268079147595,0.6701994620920791,0.6254631784283857,-0.1751224609440357,0.6488769329743307,-0.5730542252957497,-0.788538587506042,0.5404675031173113,-0.5452978831881056,0.0004768797062631,1.0299369462994026,-0.2402274294228268,0.6376596621966444,-0.2821749267765878
2014-03-10,EL,69.8,70.2,69.44,70.2,1464364,0.127050325839255,0.1341850551300398,0.6661294028201078,0.6483259595178997,-0.1167036363163488,0.6684398475405957,-0.5276598348567936,-0.8098772487433766,0.6496694144654726,-0.8382959201270473,-0.0004249272941075,1.1339946270323,0.8505072171210705,0.4066449686896497,-0.6890581862578161
2014-03-11,EL,70.2,70.465,69.68,70.11,2205842,-0.1128140398447493,-0.1042104642652005,0.5580018720428397,0.9792640979160422,-0.0747823984238625,0.6416256749368092,-0.5305229052080184,-0.8112371245265061,0.6554476505014154,-0.0728322096047836,-0.0021942004850062,1.0678051716407433,0.1266325139095045,-0.1231778138808447,-0.658182057446707
2014-03-12,EL,69.62,70.37,69.6,70.2,1680565,0.046924415868167,0.054651861287854,0.5252822005976666,0.8749896691349487,-0.0392610711345056,0.6037010771333239,-0.5238852952813522,-0.8149578300656681,0.5846644002830034,-0.4726140835297076,-0.0001396013117252,1.1064555604517172,-0.1132944259101997,0.6031007917635081,-0.6771862690100994
2014-03-13,EL,70.26,70.44,69.58,69.78,2149696,-0.4054800280859287,-0.396332992766181,0.3079496118011103,0.7491029950970473,-0.0290013582539835,0.5083384382711675,-0.559197394211913,-0.7855221444582589,0.4693501077510563,0.0189401202546423,-0.0022524159318972,0.7684071359002036,0.0464857012522283,-0.5424687978945337,-0.5641937909233451
2014-03-14,EL,69.75,69.875,68.92,69.3,2470438,-0.4612542545638516,-0.4521603453307464,0.0905631214508957,0.4071029791159675,-0.0409848563173337,0.3747946851202332,-0.5833080440255526,-0.7820785900570594,0.2152344383872029,0.3547420143570037,-0.0030666590955998,0.1783485996210942,-0.406036762804547,-0.5137474228576331,-0.442831538925434
2014-03-17,EL,69.69,70.418,69.65,69.95,1902447,0.5509538036160689,0.5532612182736428,0.3005003998065692,0.8288590262712301,-0.0262937467896204,0.3366196633457769,-0.5694787952107176,-0.766343526855663,0.2581262063790771,-0.1635596919404473,0.0028548547652311,0.8010339020238727,-0.4618255392720284,0.2555526433156221,-0.6763020275682154
2014-03-18,EL,70.03,70.61,69.97,70.12,1244870,0.1183101238497747,0.1255144696255608,0.3257624429273084,0.7355416800411967,-0.0095465722173981,0.311371921956409,-0.5522931428290768,-0.7659733355829571,0.2726017961363453,-0.7986176372586392,-0.0001600091584783,0.9638900580369067,0.5506465766565637,0.0707798458959746,-0.8306543333286351
2014-03-19,EL,70.02,70.23,69.21,69.69,1628484,-0.414783780136544,-0.4056421094871019,0.1179123991630119,0.7073688869586507,-0.0147236514473296,0.2347410769757649,-0.602867804934721,-0.7988954815754817,0.3337704741212753,-0.4045059680200064,-0.0022615690231426,0.5519597810627584,0.117890031837346,-0.382387517763409,-0.3715265623082776
2014-03-20,EL,69.54,69.54,68.84,69.12,1441427,-0.5422094362815634,-0.5332823000840086,-0.1226342752046839,-0.0559276639098175,-0.042465853210483,0.1153541640406389,-0.6402135377921944,-0.7740633763301845,0.1052176036780658,-0.577139793615113,-0.0026676657704873,0.0059126697249487,-0.4153429419528334,-0.4826258658876367,-0.7473047802543997
2014-03-21,EL,69.46,69.64,68.28,68.37,3027873,-0.7085389846595374,-0.7002887608130342,-0.4208966426850207,-0.2729219727595627,-0.0945744155765965,-0.042873959041958,-0.6816028553830897,-0.7249205479813983,-0.0111677752382928,0.9160122328043172,-0.0073946896102724,-0.7125703715090199,-0.5428018400105334,-1.2119117973980982,0.0664729194635348
2014-03-24,EL,68.57,68.88,67.09,67.3,2707116,-1.007342980648298,-1.0014449958240588,-0.8158477200393024,-1.2787589264310184,-0.1776298842928143,-0.2491132617141183,-0.634845289833605,-0.6344490508650009,-0.2972550014213301,0.5197036364070655,0.0032779317492569,-1.683546943078814,-0.7091747792761093,-1.4256277241635762,0.625320051672223
2014-03-25,EL,67.39,67.72,66.84,67.37,2849395,0.0317597166050811,0.039587835851793,-0.7872383559043439,-1.0948451261212897,-0.2396308716749622,-0.3599108313427459,-0.6257071756346856,-0.6471518023899393,-0.1914176795145524,0.713696597707602,-0.0030526856227701,-1.4152138395235432,-1.0080567251585082,-0.0487388049458438,-0.5027094397666724
2014-03-26,EL,67.6,67.77,67.19,67.23,3314360,-0.162372994956123,-0.1535805604916849,-0.8265373408478758,-1.0646891414408055,-0.2926001168329862,-0.4253013380387206,-0.5725675332240434,-0.6683209906410573,-0.3295086081235124,1.1003316028503447,0.0048101631393004,-1.538331674243636,0.0313170459286129,-0.4398396353127807,-0.8723338886682664
2014-03-27,EL,67.23,67.91,67.0,67.23,2435295,-0.0329960430517004,-0.0247793014886723,-0.8196970823967739,-1.797695897475378,-0.3324425738920032,-0.4438256168012631,-0.5447722747743472,-0.6787071230489874,-0.2478619100943187,0.24267661916349,-0.0012427088046935,-1.538331674243636,-0.1628663096146699,-0.0263165508545973,-0.4632533666387178
2014-03-28,EL,67.26,67.45,66.37,66.73,2866440,-0.4960187821456914,-0.4869834700458847,-0.9708961715027482,-2.071871313730055,-0.3810000319171998,-0.4810773022728546,-0.4347243868047848,-0.8120141784271959,-0.6176312129856543,0.659363374641699,0.0004029593306781,-1.5997250550191853,-0.0334556067571959,-0.6216547330587189,-0.2424833784978413
2014-03-31,EL,67.34,67.36,66.54,66.88,2689249,0.1069515910676808,0.1142445939659346,-0.8827755313860056,-1.9224886335601767,-0.4105424841607025,-0.4619343531040565,-0.3561336785101941,-0.8095141137930678,-0.5273573929860924,0.4312163655388817,-0.0022119282685435,-1.4824010007565156,-0.4965991359803317,-0.5424113113805378,-0.5695011631615666
2014-04-01,EL,67.52,68.29,67.22,68.26,4577972,1.2516345153818935,1.239803421151689,-0.3291884554019315,-1.0320640123691447,-0.376994699767065,-0.2842268107391688,-0.3630878701111005,-0.7495241571260296,-0.4770887063737127,1.90349261734446,-0.003778060920843,-0.3995331848330223,0.1065285359207754,0.8017095305842138,-0.2849260181729821
2014-04-02,EL,68.52,68.76,68.0,68.09,1997651,-0.1880482899716893,-0.1791735009142703,-0.3717425570538512,-0.9515381288648664,-0.3547056103466405,-0.1710404638942068,-0.3577781858544625,-0.7617585763569182,-0.4176592570846289,-0.2823624057512058,0.0115541018743446,-0.5328140483625576,1.2515100770988776,-0.5004447998184265,-0.6610984175716229
2014-04-03,EL,68.27,68.62,67.95,68.21,4221097,0.0767258617776223,0.0842447904678117,-0.3102043123499863,-0.7095075910411908,-0.3302083738505905,-0.0748076538579792,-0.3539019230132661,-0.7620996672990025,-0.3440388862746146,1.4538222338624005,-0.0060618322391506,-0.438733438812306,-0.188548302621369,-0.0927162448582355,-0.772699419985424
2014-04-04,EL,68.37,68.5,66.82,66.98,2126691,-1.1556670021962658,-1.15148243748643,-0.7233171212251466,-1.485411160233579,-0.3567849083391138,-0.1292844131279722,-0.3365901124614881,-0.7477082210282403,-0.8051106334568717,-0.2899357299341338,-0.0045396281643691,-1.4030596867024565,0.076294921554162,-1.5623262242940217,0.4990410365172654
2014-04-07,EL,66.97,67.5,66.86,67.3,6167900,0.264444566078562,0.2703256141030026,-0.5462025338146117,-1.3931757542496968,-0.3627675824560263,-0.119857578462823,-0.3628780112158946,-0.7372815036119292,-0.7741862602995863,2.598027488790156,-0.0521152175214747,-1.1521780612351036,-1.15641944043835,0.3459708778889443,-0.7987808092604378
2014-04-08,EL,68.25,70.29,68.0,69.53,4789337,2.0299374431567725,1.99358226371874,0.3206308563131245,-0.243178115785193,-0.2782346624532618,0.1206694703422174,-0.3939389414701934,-0.3311923585169559,-0.2889745780203521,1.3950092041495876,0.0010366300394408,0.596153266240553,0.2640625965958904,1.390625353986454,1.153542596382993
2014-04-09,EL,69.87,69.95,69.015,69.71,2464120,0.1281782234482749,0.135303880485096,0.3993049057446426,0.0202001921045531,-0.2035079278206794,0.2878501570531095,-0.4240824509491888,-0.3294329108173496,-0.2699899021913179,-0.2990298141096598,-0.0005988151715879,0.7372741805659364,2.0300160430902894,-0.1993276518375088,-0.4734971399643552
2014-04-10,EL,69.6,70.2,68.78,68.92,1663366,-0.738545456677816,-0.7304653720237412,0.1126465901954512,0.0050835440489611,-0.1750556079768158,0.3024851593519078,-0.4587942593886982,-0.3033161711421733,-0.3484805694573939,-0.8560339344813441,-0.0015955066382593,0.1179101676934016,0.1277607057565528,-0.7644661759856186,0.1257976915998508
2014-04-11,EL,68.41,68.99,68.065,68.18,2547114,-0.7014659755669042,-0.6931777886214957,-0.1501597563005517,0.1343054391950338,-0.1812370578104881,0.2250464342479885,-0.4791465635328378,-0.2849250699020096,-0.4048353257668568,-0.2272074945945131,-0.00186162602208,-0.4622535911998605,-0.7391890791726415,-0.2803278150982363,-0.4606360905715263
2014-04-14,EL,68.52,69.2,68.36,69.18,1976027,0.8801461907203545,0.8767593822041687,0.249350580972683,0.4068746269628648,-0.1467843716578436,0.2676870206926157,-0.5226107677724416,-0.2465694848314399,-0.3291444712156888,-0.6364287315131308,-0.0006247467808763,0.3217514883856343,-0.7020999250264037,0.7014151801131646,-0.5793793809476581
2014-04-15,EL,69.83,70.83,69.3,70.8,2798949,1.424911166368596,1.4084160520982043,0.8590219387062913,0.8195110544763821,-0.0567660245339024,0.44482454464696,-0.4585881602353595,-0.099808553642243,-0.0250517689873793,-0.1033114790373348,-0.0005268027694935,1.4205187866943934,0.8799248411651202,1.023164067871679,0.2096861931811624
2014-04-16,EL,71.2,72.15,70.96,72.09,2782749,1.10136650459189,1.0932074294916094,1.3064074369743988,1.0328130454412334,0.0629214682543574,0.6629024340074643,-0.2308983586757394,-0.0391381651570645,0.3383017680948069,-0.15201517442402,-0.0006769008294356,1.4083716774097448,1.424831931284653,0.9180807636512788,-0.2156043478547226
2014-04-17,EL,71.89,72.28,71.23,72.15,3037151,0.01882088370534,0.0267320017258467,1.2682093458204284,1.2267476939914213,0.1566342841931499,0.7705063744294068,-0.02770475282884,-0.0651036544499837,0.4763344658046582,-0.0330161586397286,-0.0007297524026844,1.3697580077144582,1.1012028654427024,0.2469267951145582,-0.3784631620474474
2014-04-21,EL,71.9,71.97,71.41,71.9,1131632,-0.248720358708589,-0.2396930295580036,1.1017128727253214,1.110742648382621,0.2168674061946026,0.7704133709122982,0.1159614465161463,-0.1015892123154679,0.5908018245995739,-1.270831237453641,-0.0014040195126676,1.2291411914097845,0.018374837636769,-0.0263165508545973,-0.9422156761631062
2014-04-22,EL,72.17,72.43,71.69,72.1,1447761,0.1401834771112287,0.1472113171371127,1.0822324691684628,0.9202449677318034,0.2676917913993643,0.7461210415517127,0.2168289159459767,-0.1952933863601268,0.880003550852273,-1.0332508011193235,-0.0010235993478674,1.2618589655004664,-0.2492361990626112,-0.0995966528531211,-0.7359530826815012
2014-04-23,EL,72.0,72.18,71.38,71.67,1938088,-0.4042991793122898,-0.3951515631871751,0.833715303090951,0.8194354347604388,0.2860539699172328,0.6431300168755796,0.2601852946781163,-0.1730451252328649,0.7699159986152273,-0.6692057826954168,-0.0015145631790052,1.0259846979921745,0.1397690912659969,-0.3725955661734167,-0.661050599146843
2014-04-24,EL,71.76,72.14,71.5,72.09,1022167,0.3318480444242671,0.3370047664388469,0.8973128999116848,0.8734683923886418,0.3118446033292317,0.5798579121541717,0.2973425093852909,-0.1794511089087404,0.8942013287213795,-1.288627364284861,-0.0010837602044373,1.256373517418883,-0.4048556059793507,0.3211205882612747,-0.851441114305161
2014-04-25,EL,72.02,72.26,71.58,72.2,1395330,0.0620016560028621,0.069625375725743,0.8414930006710655,1.406470740543637,0.3311001295833795,0.5124189750520921,0.312622234212021,-0.1818211010235593,0.9182310839945816,-0.9927826651734538,-0.001037486438652,1.3167134463163537,0.3314836586889295,0.1625104600990977,-0.8063961384457143
2014-04-28,EL,72.28,72.77,71.5,71.9,2506320,-0.2916859495554862,-0.2825864035579062,0.6282590320277887,1.2198944186260208,0.3290641967862655,0.4036639762967564,0.2510069391463395,-0.1989704781657776,0.970383997534546,-0.1428356550184428,-0.0015859517916699,0.9786672052306162,0.0615668746317282,-0.423517413624081,-0.1192391817814742
2014-04-29,EL,72.08,72.99,71.91,72.93,2387125,0.8588784857874571,0.8559105499226988,0.8969851122003343,1.0007699868351558,0.3621166102333346,0.4069767764926346,0.2218351255163654,-0.1714277870948947,1.1610760494791137,-0.2229341261896204,-0.0008696504090344,1.4105528377282976,-0.2922129984719158,0.8646243118868038,-0.3571523928298471
2014-04-30,EL,72.7,72.92,72.21,72.57,1712437,-0.3403166724153263,-0.3311712647383287,0.6794014030139954,0.7908609423519873,0.3682023122741149,0.3402151657111111,0.2264536027022665,-0.2288411648737545,0.7598454707976368,-0.662988406920703,-0.0014786163122824,1.2165973509407222,0.8586515880623197,-0.1614160291333021,-0.7759455045519308
2014-05-01,EL,72.21,72.49,71.5,72.19,2519035,-0.3589992709621222,-0.3498463855230724,0.4597018358053857,0.9874136924203244,0.3523127535722342,0.2302419342299418,0.1841252419498061,-0.2181910093775317,0.7168651420068487,-0.0333141159591084,-0.0016219728527134,1.0118665593316245,-0.340856407774124,-0.0472421249192574,-0.4484031256731213
2014-05-02,EL,74.29,76.24,73.97,75.62,7079442,2.9251015967893337,2.849343048915571,1.5876201379103274,1.825832379015598,0.4676233657175692,0.4799703302452773,0.358074855183426,0.2411290975731363,1.4279977890483515,3.3052210637757344,-8.116780846137881e-06,1.2240897338049548,-0.3595438801063751,1.3262729532970383,0.910444816340776
2014-05-05,EL,74.75,75.18,73.72,74.06,3357341,-1.3173459306182482,-1.3154442778791542,0.8751490563099119,1.0678684116296364,0.490265458279896,0.4412258729037935,0.247408589251804,0.26880822995871,1.3849382576602325,0.435633067124178,-0.0016479340109527,0.6703077765399421,2.925413720877484,-0.7237176446435494,0.0516365978559072
2014-05-06,EL,73.68,73.75,73.05,73.55,2943405,-0.4617240895582549,-0.4526308417200306,0.5696005265828729,0.5953866610897084,0.4808984702811659,0.327839484690452,0.0809044185085173,0.2983946557264813,1.1964299520646626,0.2660114942082923,-0.0016587145160433,0.3576787114501304,-1.3181405465267733,-0.1596191033907243,-0.7981410098608498
2014-05-07,EL,73.64,73.99,73.33,73.69,2356150,0.0855100786315156,0.092964847074752,0.5427746023101255,0.3245440159888502,0.4718495257601415,0.2379490125563974,0.0598417220459296,0.1077135845838063,0.7112235536136976,-0.1032091058392461,-0.0008509845845762,0.4059780891374299,-0.4622954968336944,0.0249815107698361,-0.8448865651243714
2014-05-08,EL,73.69,73.98,73.28,73.32,1845580,-0.3455957699410225,-0.3364476783718784,0.3406016766554703,0.1742645924932326,0.4433102444925889,0.1158688435822381,0.0152205837457522,0.1219970394632012,0.593080269641726,-0.5044100160344956,-0.0015115950796932,0.2555258360666364,0.0850814299730231,-0.4056646375607212,-0.7956528475032218
2014-05-09,EL,73.27,73.55,72.97,73.24,1986118,-0.1009262530883344,-0.0923738310105621,0.2317330704577438,0.2346340126583621,0.4111090590046364,0.0087790299778738,-0.1129320308039766,0.0783725905526207,0.7530960903223969,-0.3981215804311632,-0.0015631130234625,0.2229956191864658,-0.3461368824738076,-0.0572508152849807,-0.9313334783812316
2014-05-12,EL,73.5,73.7323,73.41,73.63,1120812,0.2985254564628546,0.3040492419112063,0.272921636841816,0.2850366273218463,0.3946921779675683,-0.036264292969769,-0.3657043853467716,0.0302501344483824,1.006499214484187,-1.087306600742708,-0.001038298341361,0.3418490805272881,-0.1014035379512383,0.1073124569122157,-1.2265166326381125
2014-05-13,EL,73.32,73.98,73.2,73.93,1474531,0.2206697351579116,0.2269826998710538,0.2941772954095303,0.5209110467829122,0.3873273621929311,-0.0489990911702069,-0.5619757348303287,0.000804892477505,0.8409230244432034,-0.7718320898223363,-0.0009922363499505,0.33641486869258,0.2981523777641625,0.6022512198476363,-0.7120344329750191
2014-05-14,EL,73.85,74.16,73.49,73.68,1021199,-0.2435264011559118,-0.2345098146464049,0.1515620048363142,0.3196721216219211,0.3657396265499558,-0.0957964806295665,-0.6380396466017427,-0.0977392173453884,0.4299420137450496,-1.128256419981019,-0.0014018160396748,-0.1688456295974063,0.22027634600395,-0.2002339980757072,-0.8334740656114873
2014-05-15,EL,73.35,73.495,72.65,73.07,1315681,-0.548433107032884,-0.5395231937773539,-0.0856299796850927,0.0750020863943903,0.3192480237123276,-0.1973365176455987,-0.6546504528578125,-0.147386847083936,0.0321737442526369,-0.8244076088073679,-0.0014601643484553,-0.6604456936539664,-0.2440408865466663,-0.3147214567159703,-0.6275490794884471
2014-05-16,EL,73.17,73.54,73.11,73.16,1976072,0.043686909936831,0.05143615585879,-0.0714573627978264,0.201795564430744,0.2810096561603037,-0.2573248617095491,-0.670914699424767,-0.1473297773576583,0.0381143879659059,-0.1664306702281135,-0.0008883374224286,-0.6638041974620269,-0.5490271343494887,-0.0366420647483391,-1.1014856056139066
2014-05-19,EL,73.23,74.12,73.2,74.02,1228968,0.6988507618796522,0.6988090571908079,0.1990684436632091,0.1552301055238764,0.2796317561052133,-0.2104373281623687,-0.6835424428984805,-0.1231629945567865,0.2655617843466792,-0.8790456737037042,-0.0010472715321532,-0.0755745426882524,0.0432473507430206,0.7887307013203411,-0.5554742570863354
2014-05-20,EL,74.03,74.33,73.68,73.88,1048711,-0.1507496940892744,-0.1419980194599718,0.1165968290523665,0.2346964768636672,0.268241708963772,-0.1986983955696313,-0.6998590998896513,-0.1207643341460444,0.1951036070505957,-1.0405525844479315,-0.0013985090664507,-0.1713328585816579,0.6985821172427424,-0.1794000004570685,-0.8580867774127041
2014-05-21,EL,74.11,74.37,73.81,74.12,981069,0.169249882769348,0.1760314136437481,0.1582485862155972,0.4449628920673805,0.2639218988015561,-0.1711085812223247,-0.746809568455914,-0.1348450189495789,0.3345747639739471,-1.0835204855951526,-0.0010882887777804,-0.0438859860725279,-0.1512399765425012,-0.0161220042130498,-0.9616573956780012
2014-05-22,EL,74.09,75.06,74.05,74.91,1752697,0.6305745131258026,0.63165978668763,0.3895110901050913,-0.5194731592136241,0.2865896000182302,-0.0795713400348416,-0.7361606493962927,-0.1186742836991515,0.4070281084327787,-0.3577545348702188,-0.0009813755902315,0.5101442701678829,0.168843079564442,0.8098619324978783,-0.4676519217838902
2014-05-23,EL,74.83,75.2,74.625,74.9,1149475,-0.0413070879720757,-0.0330453161718762,0.3368836773962826,0.328787665461122,0.2990173348331322,-0.0326990443259346,-0.7376724174167143,-0.1175702848802007,0.3817430461253452,-0.9316731531012484,-0.0013993495351973,0.5031312289496561,0.6302880570593276,0.0443586457407983,-0.9515242446087432
2014-05-27,EL,74.92,75.65,74.84,75.58,1438134,0.5322304656136236,0.5348108494476318,0.5121299470832885,1.0193339387407634,0.3301265993198117,0.0528847280210006,-0.7342863858586726,-0.1161009699170982,0.5842129282772917,-0.6157482581992287,-0.0010350092327094,0.9800180317895028,-0.0417688198047592,0.6392490952467104,-0.6981498318029044
2014-05-28,EL,75.38,76.19,75.36,75.65,2350035,0.0246655423531761,0.0325394991727662,0.4875398197502318,0.994402412031767,0.3517845170554583,0.097024142062688,-0.6825676053210288,-0.1543820330296531,0.3802731488732544,0.2921604663470913,-0.0009269414965598,1.02910932031714,0.5319183542408393,0.2442987581574441,-0.6769430241755602
2014-05-29,EL,76.1,76.52,75.87,76.51,1974186,0.6747622153591019,0.6751264331937036,0.7206395034278072,1.561296250791821,0.396527354922093,0.191755860315183,-0.6001885506362411,-0.1465473887858404,0.6298911790216131,-0.0940611386602097,-0.0010045414987009,1.4362568766202974,0.024221020998217,0.3807298606538591,-0.8832915039155808
2014-05-30,EL,76.19,76.74,76.16,76.62,1235293,0.0565136174481542,0.0641755119338024,0.678779976617759,1.6552423704749846,0.4296664288077245,0.2376733461844093,-0.5747977538421194,-0.1637316059748277,0.7337755002974963,-0.7844409131490757,-0.0011054603923772,1.3453477535393243,0.674487286670893,0.4000815016326403,-0.9604481692610912
2014-06-02,EL,76.6,76.995,76.37,76.75,1263188,0.0726362314825521,0.0801846119718644,0.7040966293547783,1.5994903203615465,0.4541147240194764,0.2520374201816353,-0.4989244854961643,-0.8704566630027998,0.0519861679243234,-0.534437438577044,-0.0011089747488271,1.2554392869055613,0.0560774043959606,0.121630809120219,-0.912652406213078
2014-06-03,EL,76.73,76.73,76.06,76.69,1529966,-0.0816668215522197,-0.0732020747278057,0.6352208762457632,1.4706185687307542,0.4640830362223563,0.2262574523819159,-0.4189373868625066,-1.1190675086529966,0.3540680844923037,-0.1111240652748576,-0.0013972402371202,1.2095357443862156,0.0722042243849844,-0.0657023374624336,-0.8632188562325822
2014-06-04,EL,76.44,76.53,75.805,76.46,1822734,-0.2197133285475073,-0.2107515479335369,0.5018036925447643,1.4894956943792406,0.4559788207317672,0.1591151029707623,-0.3841287627247508,-1.1519575293148496,0.4135952338135835,0.3423912370167722,-0.001437666213199,1.0335721647287273,-0.0821390821495183,-0.0065489461553679,-0.8010790261418643
2014-06-05,EL,76.41,76.81,76.1,76.6,1126371,0.0809998404141748,0.0884877052061762,0.498665921253269,2.169471994392255,0.4482032125011617,0.1062470528721894,-0.3511443093628131,-1.1519494920356124,0.4124912834038444,-0.5082105021190407,-0.0011131309918685,1.140680430607197,-0.2202216017506676,0.1615494245476947,-0.818843349485398
2014-06-06,EL,76.9,77.34,76.645,76.77,1010463,0.1051745362532382,0.1124812240702706,0.4963684600784702,2.179947638412441,0.4419408850201073,0.06784777139213,-0.3406802488632686,-1.1852628927997293,0.5235840955445558,-0.6263239011731108,-0.0011316503655752,1.0388737465762024,0.0805700151563261,-0.1540373840257526,-0.8368378079884033
2014-06-09,EL,76.64,76.8,76.36,76.5,1125243,-0.2519574879470477,-0.2429236829558383,0.3438547460693833,1.6846225152269036,0.4198164032621656,-0.0037005658397426,-0.3653632624536278,-1.1706770942453892,0.4862389354562995,-0.4166200859691588,-0.0013616239184273,0.8475029544419889,0.1047510175207194,-0.1643286844984628,-1.1119777795056849
2014-06-10,EL,76.44,76.67,76.09,76.42,993292,-0.0981024874946566,-0.0895625487198264,0.2665014960156648,1.759935368425779,0.3929087939282422,-0.0732509236661167,-0.3864243696311734,-1.171555066408058,0.3890281861851309,-0.6008942783783922,-0.0013523785184409,0.7908004975133334,-0.2524741727806727,-0.0460841555538268,-0.9587970943387598
2014-06-11,EL,76.39,76.68,76.22,76.56,980344,0.0810595085028829,0.0885469375606958,0.2687848679696971,1.7332647227947753,0.3711199287184229,-0.1157156506689828,-0.3993763088488649,-1.1748881770047777,0.3549851797776667,-0.5939438205027715,-0.0011300154305433,0.8900297971384832,-0.0985790357133702,0.1418180672535324,-1.090582058312833
2014-06-12,EL,76.74,77.23,76.365,76.7,1671327,0.0808509429697299,0.0883398948580783,0.2641892159437183,1.5178280512899849,0.3535897817278917,-0.1387255648870235,-0.4336558496467868,-1.1933972668940125,0.434496171152874,0.3708069282744179,-0.0010580819075431,0.9892590967636326,0.0806296988108273,-0.0656972050951264,-0.6514302451506614
2014-06-13,EL,76.6,76.76,75.77,76.49,1881529,-0.2034548158639829,-0.1945356896642062,0.1313412924322083,1.2349570396917309,0.3259785144298169,-0.1830821263904659,-0.5423363699799919,-1.2533326220239955,0.5199186894375946,0.6206392779478193,-0.0014375914954345,0.7748990106264214,0.0804210788685588,-0.1348112815027914,-0.5126541299490384
2014-06-16,EL,76.47,76.565,75.76,75.91,1384482,-0.5050794755157554,-0.496062653976044,-0.1172103674329832,0.1158096233411082,0.2763879524953181,-0.2751417016222747,-0.6846406748635535,-1.1882621422837674,0.3845735037512659,-0.0418357992940401,-0.0013969391479154,0.2946711196946279,-0.2039588476602295,-0.5795923412281218,-0.7075221376511214
2014-06-17,EL,75.96,76.22,75.035,75.25,1582858,-0.5742989642618346,-0.5654673723440435,-0.3664901300972361,-0.5007805784826013,0.2070297094200465,-0.3996710327710457,-0.7567676703383093,-1.19326121142618,0.0765713603054866,0.2164514291802192,-0.0014294138152743,-0.4553560601718216,-0.5056621930406205,-0.7325009566462413,-0.278913026538569
2014-06-18,EL,75.34,76.16,75.14,76.13,1219364,0.695071372214061,0.6950939540979547,-0.101347242914472,-0.4836321674641423,0.1828913594898869,-0.3828992711776061,-0.8741749459202365,-1.1281123826725,0.2797988545137936,-0.3131384198321968,-0.0010885056070225,0.3034284234944603,-0.5748997392821077,0.7659041854975495,-0.4747118353406668
2014-06-19,EL,76.05,76.83,75.27,76.52,2036257,0.2859404422293438,0.2915982925870408,-0.0083764975755972,-0.2612071892540855,0.1753922863629346,-0.3266526498501473,-0.9961131373072336,-1.1220823667275883,0.3080724140758084,0.7432706105778196,-0.0009987545252527,0.614359341644903,0.6948017416364463,0.4406044093744735,0.107731776767835
2014-06-20,EL,76.5,76.71,75.37,75.75,1992992,-0.6594817836934279,-0.6509850571941355,-0.2879730391084317,-0.8132304402596647,0.1358828685577345,-0.3640494289442225,-1.051065534215033,-1.1022324368801375,-0.0027899707326811,0.6620200853316865,-0.0014621870441882,-0.503879496254101,0.2855640804402843,-0.7670203269376371,-0.117043353641403
2014-06-23,EL,75.75,75.82,74.53,74.83,1556394,-0.7891332641565453,-0.7813733387082077,-0.6035049452135057,-1.1711275546588524,0.0659083006565858,-0.4723836241206164,-1.0436235689103328,-1.01535259693964,-0.1812026969262753,0.0406711854140894,-0.0014288253692133,-1.5264079591881354,-0.6601047806110105,-0.9439091891071726,-0.1546045570889399
2014-06-24,EL,74.86,75.19,74.5,74.52,801819,-0.2909138784727819,-0.2818153679357372,-0.6923804907402724,-1.1988911240559126,-0.0034041922969114,-0.5573468107438425,-0.9574112444592304,-1.0563355872930056,-0.3734539606872151,-0.9469967209332766,-0.0013454841871083,-1.8578930561126936,-0.7897900836442667,-0.3694585085698001,-0.8196492759826428
2014-06-25,EL,74.44,75.06,74.31,75.0,1149712,0.3680219118505776,0.3727603170987095,-0.5159878967098608,-0.9747003011746443,-0.0406714442935126,-0.5428334614658666,-0.9231276100736694,-1.0304869158337753,-0.2936667340740259,-0.4042892331464564,-0.0010896740290671,-1.124310949990429,-0.291440725976715,0.5420472278915526,-0.7579153062945445
2014-06-26,EL,74.26,74.72,73.82,74.6,1379623,-0.36503890971079,-0.3558848118864356,-0.621565112779626,-1.2152685104979994,-0.086645605302498,-0.5536342159552742,-0.8624156333166888,-1.1036862554638511,-0.5341128088166539,-0.0341728208264444,-0.0014167494099449,-1.1446943763845108,0.3676669629004109,0.3195978977659116,-0.5858711736114935
2014-06-27,EL,74.57,74.99,74.5,74.71,1049979,0.0588053527236881,0.0664513642457461,-0.55119056288352,-1.057866370607006,-0.1190748586245438,-0.527410460330992,-0.8269079763703049,-1.1035676006740396,-0.5335864456673276,-0.50416379563592,-0.0011013908973368,-1.0408137033394338,-0.3655850944336978,0.1155266826503758,-1.0447167367482075
2014-06-30,EL,74.95,75.44,74.17,74.26,1571150,-0.407994261153151,-0.3988485375683835,-0.6645512204961619,-1.1772277799223356,-0.1623104352934594,-0.5342467460997107,-0.7769926153361763,-1.0969180931213327,-0.6439526278974662,0.2347991095388512,-0.0014439257363863,-1.465780093069286,0.0583697375233418,-0.7218566677421779,-0.1660223749960389
2014-07-01,EL,74.54,74.54,74.05,74.23,2067359,-0.0581474182867887,-0.0497977877443385,-0.6331971625443478,-1.2735303882288167,-0.1971787955015594,-0.5181787035829581,-0.7395043303469512,-1.096458574201182,-0.6385802462980518,0.8978359800159941,-0.0015281721340241,-1.4941111857179443,-0.4085516517672821,-0.340524404352664,-1.0411821626277404
2014-07-02,EL,74.24,74.37,73.71,73.96,1461740,-0.259449904355979,-0.2504017575202694,-0.6843937930480931,-1.4387064758138082,-0.2344319959998225,-0.5114628074223281,-0.6892077165328596,-1.0951846081552592,-0.6476806352458452,0.0627569536156944,-0.0014676887960178,-1.6523646628362136,-0.0586135433068942,-0.3112640164382679,-0.8476115256385396
2014-07-03,EL,74.09,75.22,74.09,74.97,1158296,0.81720160261575,0.8150341337366904,-0.3055958640216936,-0.8058702651221055,-0.2233279925882309,-0.3816194800805178,-0.7055543003051917,-0.9771738176126464,-0.4799975204034045,-0.3765326263663739,-0.0010487056561121,-0.727454648286096,-0.2599685437587195,0.8710457239626965,-0.3351524850631657
2014-07-07,EL,74.75,74.87,74.36,74.81,959734,-0.1658663378332415,-0.1570620766396595,-0.3274164098225255,-0.662828960116389,-0.2199851782700512,-0.2977219853276277,-0.7343115969403025,-0.9825688941778852,-0.5424364007477445,-0.6599174770968309,-0.0013929521867088,-0.8424960547988236,0.8169638325172375,0.0343270225183574,-1.0231667238415658
2014-07-08,EL,74.54,74.83,73.71,74.06,1555054,-0.6571576273844586,-0.6486501962441622,-0.5466843026744723,-0.6949402734850204,-0.2457163710560866,-0.3054399833137192,-0.7257783295516267,-0.947400075186574,-0.6359106859841217,0.1648836030021875,-0.0015000808274894,-1.5507733710152618,-0.1663605638106107,-0.5128319369161204,-0.3309706406917064
2014-07-09,EL,74.2,74.91,74.01,74.67,1399144,0.4797963262992653,0.4831118750498632,-0.3037372413280366,-0.8349007243705695,-0.2410194100792296,-0.2332928377258674,-0.7497896470240845,-0.9027458602660297,-0.5037954744066137,-0.0845546829237887,-0.0009874709182609,-0.9747078204925592,-0.6577800179924217,0.4522459697036349,-0.5868137434607538
2014-07-10,EL,74.02,74.86,74.02,74.69,1414924,-0.0163205274501029,-0.0081974634429642,-0.2643025799467122,-1.0462135619820907,-0.2354914627625736,-0.1734361767220531,-0.7923934255957041,-0.9060441272826312,-0.5262001419711878,-0.0918529864857682,-0.0010063314515134,-0.955820425393458,0.4794705362754675,0.6575485674582244,-0.6540321361211798
2014-07-11,EL,74.66,74.84,74.27,74.5,1179196,-0.1913710212914908,-0.1824863476680554,-0.2925118911565783,-0.8340019707455051,-0.2375459523164293,-0.1450679098949657,-0.8557668370893415,-0.910052002218554,-0.5887339111255055,-0.3893186664525566,-0.001424243676964,-1.0396029728843557,-0.0167757409638843,-0.1882276896929974,-0.9536824249363166
2014-07-14,EL,75.03,76.0,75.03,75.38,1584778,0.7024009099516338,0.702298615008624,0.0349998932157086,0.0968155630698767,-0.2038870519179937,-0.0304476454883652,-0.9184740358511856,-0.8351027943796618,-0.3806037632225832,0.2030380878481956,-0.0009816598565069,-0.1020133084775045,-0.1918719007520447,0.3261174729514014,-0.5188824894616387
2014-07-15,EL,75.31,76.23,75.295,75.73,2432868,0.2560768293879774,0.2620427852742932,0.1607659509256967,0.4353790543976082,-0.1632519332089676,0.079205231875461,-0.928383537014274,-0.8468118861136176,-0.2023021231195517,1.2832739610406607,-0.0008764145388805,0.2708916716843224,0.7021331914524878,0.3950318725605872,-0.5623564701882995
2014-07-16,EL,75.81,76.05,75.06,75.14,1572075,-0.5180381944337367,-0.5090501324358252,-0.0439621192418603,-0.1181154741249697,-0.1541868999736161,0.0856666772241583,-0.9302130887563508,-0.8534571918659553,-0.1889456599722387,0.1067280507804549,-0.0014518041721128,-0.3577195805884597,0.2556926769887658,-0.694034478008206,-0.4932742499166881
2014-07-17,EL,75.22,75.44,74.45,74.49,1177891,-0.5715603812746982,-0.5627199823574772,-0.2430656111509189,-0.2423858454336978,-0.1722939974093557,0.0208952369135029,-0.9759818105771428,-0.8922913120650535,-0.4838560540091856,-0.4303395967248135,-0.0014121406687504,-1.0502574008889844,-0.5186242925384298,-0.7595364812872407,-0.4836926648628736
2014-07-18,EL,74.69,76.08,74.34,76.08,1778391,1.295910919261898,1.282931748023303,0.3223621030304029,0.3456550782059365,-0.1243314739249513,0.1391401515503252,-1.0226521135421454,-0.6997189941410455,-0.2519265287519427,0.4139224375517908,-0.0009702662870323,0.7448006293299673,-0.5721604418726228,1.3797214913606042,0.3147367600840994
2014-07-21,EL,75.53,75.71,74.9,75.42,1243954,-0.5730894282917305,-0.5642539316003023,0.0966803390904048,0.2514512656777847,-0.1126926338210881,0.1402395475365039,-1.0424005197370037,-0.7097307133249714,-0.2314579575155426,-0.2795942689348006,-0.0014162423395045,0.3743918294435143,1.2957980314970128,-0.1363482782165948,-0.6962550048280467
2014-07-22,EL,75.76,76.36,75.27,76.24,1905329,0.6439012089879989,0.644772231280938,0.3591993722526548,0.5036732382064706,-0.0720625990792209,0.2157419002514078,-0.970651581894871,-0.728658780954942,0.1092574458618972,0.6259130402494402,-0.0009591841401278,1.292349776912466,-0.5736898877767314,0.4523642421367548,-0.3998032203257938
2014-07-23,EL,76.2,76.24,75.55,75.94,1619256,-0.2779778275424341,-0.2688980941025229,0.228821589997989,0.4909492055921142,-0.0527576750422347,0.2212533145725432,-0.9408774860690292,-0.7294972904695265,0.1123794689135854,0.1624686544937713,-0.0014613296275686,0.9160273387114332,0.6436182294965996,-0.2841047941842903,-0.8340787987896444
2014-07-24,EL,76.09,76.41,75.62,75.91,1602834,-0.0575910012418169,-0.0492442012047825,0.2021859753052587,0.1754329593578677,-0.0398755319650941,0.2091303184045122,-0.9132974409913418,-0.7417511593164526,0.0107198511096596,0.1072213768591051,-0.001477617152983,0.8272895785924249,-0.2785013003800052,-0.2050433392484089,-0.7239904934169492
2014-07-25,EL,75.6,75.96,75.3,75.67,957372,-0.2298334689462915,-0.220847282908257,0.0993084919794923,0.1409451150989229,-0.0403427852754061,0.1650708049735067,-0.9059764497369232,-0.7505161382531714,0.0431746318504571,-0.7408929243814093,-0.0013959939588874,0.5318067752642097,-0.0580569811077409,0.0436388057754748,-0.8644180296054043
2014-07-28,EL,75.8,75.87,74.64,74.93,1327015,-0.6418363727589506,-0.6332605776501554,-0.1633376293353967,0.1452167516107892,-0.0707172092065216,0.0528426518911898,-0.90910784667318,-0.7086678208596838,-0.1242291797485428,-0.2543733498948939,-0.0014675987958353,-0.3792652016644665,-0.230344382220797,-0.8934676470235712,-0.2232569457014353
2014-07-29,EL,74.88,75.4,74.36,74.39,998826,-0.4816726779006645,-0.472610811275782,-0.3544205764927981,-0.297543190479099,-0.1163956031295412,-0.0763320258818695,-0.9149697679060668,-0.7023487101545814,-0.1417665883152923,-0.6707997033573582,-0.0014269065312774,-1.0441015091529724,-0.6424547664653177,-0.5207125808843776,-0.426187542169373
2014-07-30,EL,74.47,74.71,73.69,74.27,1891478,-0.1334257311795371,-0.1247388273985918,-0.3970711578610964,-0.3497044946339954,-0.1572027394475067,-0.1671332348817333,-0.916980266036075,-0.7012999534139841,-0.159562872106331,0.572289686608905,-0.0016163211883713,-1.1724699574126074,-0.4822492892241101,-0.2292218420066616,-0.4467476716831699
2014-07-31,EL,74.02,74.4,73.24,73.46,2010535,-0.711991739481601,-0.703760344336982,-0.6717271345346502,-0.5572923875207133,-0.2205742467850524,-0.2978545046490581,-0.876911521780882,-0.661110961843547,-0.2667640611132266,0.6857114576462149,-0.0017016165377699,-1.650602489275682,-0.1339114942786578,-0.5979053064593448,-0.2752961740841242
2014-08-01,EL,74.23,74.685,73.72,74.22,1055778,0.6111110696479978,0.6125042632582791,-0.3929278512067852,-0.6058003373140648,-0.239818010681042,-0.2888474684864779,-0.8585625708723074,-0.6926756387696487,-0.3144012146022323,-0.605720231480011,-0.0009539836485565,-0.8536378304566566,-0.7126284348286677,-0.0364946170219837,-0.5077355245270189
2014-08-04,EL,74.23,74.685,73.72,74.22,1072470,-0.0329960430517004,-0.0247793014886723,-0.3827080359019026,-0.7557527256349298,-0.2538388753684021,-0.2681981869036018,-0.8429692914036236,-0.6937681493335095,-0.2833045692265846,-0.588509128005221,-0.0012427088046935,-0.8536378304566566,0.610819536094711,-0.0364946170219837,-0.5077355245270189
2014-08-05,EL,74.17,74.34,73.67,73.95,1165239,-0.259480415520255,-0.250432212127195,-0.4753289955164024,-0.6546256132262803,-0.2741128690641843,-0.2677742080597695,-0.8371594352400745,-0.7273342178544232,-0.1892906203450264,-0.4416104248293857,-0.001531340768343,-1.1367700118791992,-0.0334556067571959,-0.2504151451016423,-0.8362410629677758
2014-08-06,EL,73.99,75.1697,73.77,74.26,2353389,0.2279909971722295,0.2342338378085186,-0.3596862047842392,-0.2832435855021497,-0.2764888579303446,-0.2213658686605238,-0.8261898508604829,-0.7481775494351511,-0.2481182420996335,1.0907286075761584,-0.0005921066184557,-0.8116923220977543,-0.2599990628825343,0.2493826246194895,-0.0204620541969776
2014-08-07,EL,74.65,74.74,73.0775,73.2,2216618,-0.9216779680246748,-0.9149557338818906,-0.7053869400825582,-1.4631140125407762,-0.3181178892682463,-0.2852758527373661,-0.7529948175252104,-0.6744155380090214,-0.4604607331152969,0.8325300810567683,-0.0017391264389377,-1.7591085651935798,0.2275995179378238,-1.4938328064832884,0.3014927452483968
2014-08-08,EL,73.22,74.24,72.85,74.2,1916112,0.8175235949070148,0.8153500451464586,-0.3496296592557889,-0.7025082499179628,-0.3098776292917515,-0.2080411426362459,-0.7454876343398695,-0.6004518246338988,-0.2266174175719593,0.385051011628389,-0.0007201131941652,-0.6207283258261831,-0.9223693648463932,0.9848928107578168,-0.0300867795675057
2014-08-11,EL,74.59,75.91,74.51,75.5,1402966,1.057778198837134,1.0506192450364984,0.1040486589447925,-0.4804809281034234,-0.250987753337176,-0.0158821349414218,-0.7422283233754223,-0.5411467626806495,-0.14409692925385,-0.255322627347591,-0.0009207022702957,0.593158190655623,0.8172859088075958,0.8954172538917157,-0.0459304836997267
2014-08-12,EL,75.25,75.88,74.96,75.37,1183783,-0.1401953129167967,-0.1314825263595735,0.0648273213438806,-0.4187386220244116,-0.2087234401415272,0.0950511588756261,-0.7540628853976654,-0.5477349321640623,-0.2372928460102766,-0.4728849113726621,-0.001486161814745,0.4717695390074464,1.0576031886760355,0.0941647012285487,-0.5740280187155862
2014-08-13,EL,75.52,75.835,74.95,75.15,1184510,-0.2147230995687128,-0.2057739591587113,-0.01249647907769,-0.4875607125338153,-0.1834681393461989,0.1400168888144439,-0.7539223581031694,-0.5657669547948994,-0.1655223916188661,-0.4516505837006327,-0.0015097353757963,0.2663425900643723,-0.1406828420169866,-0.3964722779384585,-0.6098646783898698
2014-08-14,EL,75.37,76.27,75.165,75.9,2275685,0.5883416565349128,0.5900875477985185,0.2254578771867883,-0.1043877885461268,-0.1340868782595892,0.2380892792361325,-0.7334494917891847,-0.5638517923785804,0.1105205643274067,0.9076481149612442,-0.0006750816101453,0.9666617341884924,-0.2152300709558888,0.5049617579559268,-0.3779951845381716
2014-08-15,EL,75.44,76.7,74.5,76.16,3093686,0.1802725966008679,0.186957213576515,0.3151214869810683,0.2922946127334275,-0.0854307562639912,0.3146806960362096,-0.7289958173195791,-0.7229249889344366,-0.1520336799774975,1.8061859254532784,-0.0006020749117567,0.9766299131749736,0.588044183056611,0.6947503276652642,0.816106380931457
2014-08-18,EL,76.89,77.25,76.51,76.79,2042807,0.4820061053740415,0.4852915429189601,0.5112493083053244,0.739011485128497,-0.0235016095846607,0.4101183665221857,-0.6595328932757674,-0.7326515278017262,0.0993033849480471,0.4372200706715514,-0.0008990234154968,1.095350682369358,0.1798686689243427,-0.1245761231793025,-0.7881954204800188
2014-08-19,EL,76.67,76.8,76.03,76.64,1700135,-0.1546096076406741,-0.1458441570300238,0.4515967757828667,0.7238177142475962,0.0177733212705733,0.4333049069341212,-0.6355486349944048,-0.7731780745921498,-0.0904226500363723,0.0337819810131801,-0.0014972238651005,0.9820263117747232,0.4816808918219314,-0.0558790075497087,-0.7540005477783153
2014-08-20,EL,76.28,76.99,76.25,76.58,1250898,-0.0817366778365996,-0.0732716022777374,0.4191752972313879,1.1432979103072154,0.0458974466157772,0.4180041922669088,-0.6038002202366562,-0.7804104568213398,-0.0437030269878529,-0.4980813130318612,-0.0014488792197073,0.9366965635368696,-0.1551008970411133,0.2708194683921357,-0.7859930571986552
2014-08-21,EL,76.55,77.07,76.24,76.27,1725110,-0.2850199608443287,-0.2759296713152107,0.3043528993513072,0.7474642235589618,0.053670948132103,0.3533814651257663,-0.5891992684372345,-0.7724909031112049,-0.0978266028995069,0.0801154902916001,-0.0015498551464362,0.702492864307965,-0.0822089566575164,-0.3026653404683361,-0.6843760403182524
2014-08-22,EL,76.34,76.79,76.27,76.29,1329572,-0.0166703481523679,-0.0085452733692825,0.3003328873070585,0.753677371291473,0.0582509957778522,0.2934633881240676,-0.5678059170397924,-0.7776723290968474,-0.0471431225505714,-0.4253168575800543,-0.0009765269547592,0.7176027803872568,-0.2855452707843122,-0.0758002980123559,-1.0232645613774007
2014-08-25,EL,76.78,77.39,76.73,77.19,1194020,0.701467631725073,0.7013812840638458,0.5743678490315993,1.1555670957667263,0.0945151326814002,0.3270832268428765,-0.4933467848754623,-0.7771529667449039,0.2754911793602529,-0.5845194254451437,-0.0010245851891124,1.2964390368870475,-0.0171256529249239,0.377124865084351,-0.8787320200001085
2014-08-26,EL,77.15,77.66,77.09,77.24,1304727,0.0073317439016385,0.0153143234910195,0.5408327427776987,1.0946780447422786,0.1221186564153686,0.3316868286085495,-0.4421867422459561,-0.8106198691671676,0.3951882758183869,-0.4638003054199999,-0.001021729131916,1.1526175784453077,0.7011996697588398,0.0618190377966208,-0.9763020214366456
2014-08-27,EL,77.23,77.25,76.67,77.01,1050768,-0.2183837777056704,-0.2094253257267402,0.4120229832616651,1.6788652080404316,0.1317282320651581,0.2890535974113044,-0.4234226751877413,-0.8056973337485109,0.3743453968638481,-0.7385273662816612,-0.0014075504479292,0.9936650309168796,0.0068827006267459,-0.2415359310864156,-0.9636430989306258
2014-08-28,EL,76.62,76.97,76.55,76.66,731221,-0.3159503752748266,-0.3068231810351034,0.2339395694508173,1.1632784242485803,0.1224616183119589,0.2063600258765537,-0.4792084116176563,-0.8604579194423844,0.4722856211922414,-1.0984033807327276,-0.0013646644929892,0.7517807194605592,-0.2188917040649192,0.0131257802132465,-1.13472122537564
2014-08-29,EL,76.72,77.01,76.37,76.83,1011389,0.105066393352666,0.1123739123461083,0.2470119893568855,0.737420936641577,0.1187432790304568,0.1544863316274906,-0.4972081082467872,-0.8928974642543573,0.348986190180267,-0.734148945913038,-0.0010662724558175,0.8692673850250562,-0.3164837541246889,0.0820084800063471,-0.8970879240197377
2014-09-02,EL,76.68,76.89,76.46,76.84,1401540,-0.0248926931234669,-0.0167209188531465,0.2045390692663023,0.8648337588270634,0.1131891113460406,0.1082619855222192,-0.5272137614120375,-0.8931043948302279,0.3509649761568669,-0.2477209204858258,-0.0010128254268484,0.8761783653523829,0.1046428464085847,0.13132932324132,-1.124944805413612
2014-09-03,EL,77.13,77.236,76.215,76.23,1365616,-0.5272360596333346,-0.5182700639408601,-0.0459177611943799,0.5181468253053071,0.0821374892759847,0.0056524999782325,-0.6022850665799317,-0.8635021900536478,0.2853335019682133,-0.3048213122860092,-0.0014495654386907,0.4546085653856638,-0.0253501428837893,-0.9079009751307856,-0.4750833471745249
2014-09-04,EL,76.25,77.05,76.12,76.65,1085282,0.3100234472985972,0.3154225592971585,0.0575545766453999,0.3409383534569682,0.0715374410950573,-0.0237930893323156,-0.6629822886967641,-0.8595825000622889,0.3051981559810925,-0.6043498581107791,-0.0010650758329735,0.7448697391332424,-0.5278245572126787,0.3700206827741036,-0.5801432194138618
2014-09-05,EL,76.59,76.93,76.04,76.78,1256454,0.0725948881265778,0.0801435649939514,0.0402864685166964,0.2631803606342297,0.0657984354023883,-0.0348373210969533,-0.8742377334301797,-0.9880136729168432,0.5507996524136147,-0.3230054370897128,-0.001049430198626,0.8347124833884415,0.3096533681152218,0.1611079063916376,-0.6252733034364406
2014-09-08,EL,76.45,76.48,75.25,75.59,1637600,-0.9979226466373732,-0.9919281070509176,-0.3926225976399671,-0.9576196704368904,0.0125759245966489,-0.1658944312594353,-0.9993269139978788,-0.9124391873642724,0.1076484388382505,0.2205052889939356,-0.0014782171255164,-0.7346705460684897,0.0721628702436449,-0.8762123682254829,-0.2352019673698091
2014-09-09,EL,75.37,75.385,74.209,74.41,1748394,-1.004877035885713,-0.9989536347434056,-0.7798143422450589,-1.3560413101590802,-0.0768531669070434,-0.3639352348235957,-0.90233539751934,-0.9391154216674794,-0.3795079295140793,0.345486010121684,-0.0015174664486653,-1.6876891981658872,-0.9986339336368268,-0.9886319781340434,-0.2741776764572947
2014-09-10,EL,74.44,75.09,74.03,74.9,1136544,0.3769816262710258,0.3816132312983713,-0.6033989869291523,-1.0058174898454066,-0.1286551900289015,-0.4255164513955877,-0.8707249649237742,-0.9154759556180848,-0.2590608461387694,-0.4883083271257558,-0.0010444772900343,-1.0845981192509886,-1.005590137097525,0.4405536959726034,-0.411867146434101
2014-09-11,EL,74.47,74.83,74.06,74.74,1718718,-0.1659905156788456,-0.1571858376837102,-0.6515228813183187,-0.9517671700571996,-0.1756766164712273,-0.4624762510961977,-0.8407517582347029,-0.917176086430019,-0.2476031679766071,0.2668688757966621,-0.0015224963060914,-1.2311185175955712,0.376629014668403,0.2476055922006814,-0.7327145648551082
2014-09-12,EL,74.9,75.32,74.26,74.48,1813896,-0.2495747124339539,-0.2405456577848736,-0.7171027470942098,-1.0561457477412688,-0.2223074178032347,-0.491038628547187,-0.7652556832270299,-0.9681901290509448,-0.4422450698188452,0.4329053308216387,-0.00157109622215,-1.4692141649054942,-0.1664847740508614,-0.4499714209133096,-0.4052160745319567
2014-09-15,EL,74.39,74.74,74.06,74.43,1434374,-0.0747911810072455,-0.0663591720276069,-0.7051976864724302,-1.7233475691710425,-0.2599302706839618,-0.49070222626275,-0.6960639411067885,-0.9782375025484068,-0.5010868586772732,0.030950407658452,-0.0015372379760102,-1.5150017893881704,-0.2500907756657921,0.0143081487880867,-0.8299133882342971
2014-09-16,EL,74.3,75.2,74.06,74.73,865033,0.2179432455358819,0.2242821079269261,-0.566866184727841,-1.5215113041171555,-0.2764493669782584,-0.4361123982747781,-0.6673247346507922,-1.0109997873665728,-0.561464344006157,-0.7376644426962777,-0.001043997696593,-1.2402760424920989,-0.075261647935596,0.4109279662248459,-0.319965950476324
2014-09-17,EL,74.7,75.05,74.36,74.69,1098401,-0.0663202970319405,-0.0579296612111715,-0.5475643059914559,-1.464302559859156,-0.2894743545599513,-0.3834467602078958,-0.6412972281953114,-1.0109114153810546,-0.541156119347057,-0.3470185299762552,-0.0014781690472255,-1.2769061420782477,0.2175491451144042,-0.0364305783191902,-0.8214056648645174
2014-09-18,EL,74.81,75.3,74.7,74.96,1153397,0.1920631365522129,0.198641955049538,-0.42656293267374,-1.137645636451316,-0.287552148349794,-0.3028404302443577,-0.6327550544440119,-0.9989323014406488,-0.478161334927178,-0.2553733534962666,-0.0009725374417741,-1.029652969871785,-0.0667885541354099,0.1251707873898868,-0.9242412470390524
2014-09-19,EL,75.37,75.86,75.24,75.43,5490849,0.3573625165044987,0.3622263332188838,-0.2494651081931355,-0.928233639060096,-0.2661596565961781,-0.1882391864581394,-0.6331276185909837,-0.9785531484911332,-0.3292273311919035,5.396633612818247,-7.063432146807719e-05,-0.5992492997345896,0.1916622847091689,0.0338281633503697,-0.9063002641932564
2014-09-22,EL,75.54,76.07,74.97,75.25,1265578,-0.1815635460312129,-0.1727085584848902,-0.293901339985284,-1.003737373428832,-0.2550460933483531,-0.123015976455271,-0.632204377310689,-0.977290484668072,-0.367686826486684,-0.3255067924076284,-0.0014326440491746,-0.7640847478722403,0.357004786805933,-0.3163617943883118,-0.3730522029068038
2014-09-23,EL,74.96,75.19,74.39,74.43,1600371,-0.7114224981857064,-0.7031879854313094,-0.5309381967805179,-1.078846294632711,-0.2770130372719326,-0.1559860644439684,-0.6449325131547508,-1.0173303065712644,-0.6926081411964768,0.0998870100065071,-0.0015005341420194,-1.5150017893881704,-0.1820618669863128,-0.5605007308845886,-0.6955468278490773
2014-09-24,EL,74.63,75.27,74.534,75.12,1139539,0.5441643206997349,0.5465713551691838,-0.2548388828505968,-0.9125876704581316,-0.2658976506393039,-0.0972087854828384,-0.6996289129504502,-0.95874987468705,-0.5705774802525101,-0.509112700952501,-0.001040323406995,-0.7560363641898777,-0.7120590450330908,0.469735636317197,-0.7747787389090355
2014-09-25,EL,74.86,74.95,74.0,74.0,1216072,-0.961230893935726,-0.954874216390602,-0.5927631432938284,-1.32348110306765,-0.2994116415052564,-0.1650622117177198,-0.707719565954508,-0.875222926824074,-0.7415129716607342,-0.414988109792119,-0.0014440071665317,-1.881302785249608,0.5438553225474803,-0.8942638556636303,-0.5214074629624443
2014-09-26,EL,74.17,74.85,73.92,74.6,944037,0.4717988555854165,0.4752227391779344,-0.3482361338989326,-0.6289527825983795,-0.3005894737707598,-0.136112237122598,-0.7371371575866715,-0.8359835700645623,-0.5621324676854962,-0.78830767226417,-0.0010742199175486,-1.1996250272698523,-0.9619326090477256,0.4116943379009852,-0.5523560828290969
2014-09-29,EL,74.05,74.78,73.97,74.71,1364027,0.0588053527236881,0.0664513642457461,-0.2731209681013449,-0.0300123950293901,-0.2954837815705031,-0.0967785736400902,-0.7945982028457291,-0.8380929529463276,-0.5727286089460072,-0.2503848895047754,-0.0010131952406375,-1.0893536252437148,0.4714709792374735,0.6470687051333834,-0.6877487953045184
2014-09-30,EL,74.43,75.01,74.32,74.72,1742312,-0.0246627493161052,-0.0164922663571584,-0.2327675287509088,-0.2933915991290425,-0.2894039979731878,-0.0628043483666636,-0.871518177200893,-0.8380880254537852,-0.5726758692714587,0.2219750080013198,-0.0009719369315778,-1.0793289523322425,0.0583697375233418,0.2680542364158004,-0.8217147862104139
2014-10-01,EL,74.38,74.54,73.98,74.25,2342787,-0.4246084309576417,-0.4154739449288717,-0.3628412152133105,-0.4568466328981039,-0.301305746623769,-0.0819091226088488,-0.899312145704804,-0.8466045008394033,-0.5489457683710653,0.9101087995847924,-0.0015744351886242,-1.5308299713978448,-0.0251201390902977,-0.1583645754695579,-0.9627598420777692
2014-10-02,EL,73.88,74.24,73.57,73.7,2022615,-0.4941666911893188,-0.4851277633159646,-0.5045541530835772,-0.59360376360494,-0.3302725285413039,-0.1411180438637538,-0.9549419917886606,-0.8542759586421926,-0.7327127106927074,0.4338939111957577,-0.0015679797329659,-1.7526886186223594,-0.425170155760025,-0.2103896603413874,-0.833679723639024
2014-10-03,EL,74.12,74.5,73.74,74.11,1189265,0.3133512483243765,0.3187138869772321,-0.3141910342466442,-0.34509241583455,-0.3349283970204503,-0.1259093081802869,-1.101493349613795,-0.8353648426497017,-0.6781970228304675,-0.5841586523504558,-0.0010260633098428,-1.2644443556210991,-0.4947465618634425,-0.0365097220851031,-0.7366611943448456
2014-10-06,EL,74.16,74.32,73.56,74.05,1270059,-0.0834006072119313,-0.0749277244995031,-0.3084095377797806,-0.5344323192272935,-0.3387705478683879,-0.1116478244586181,-1.1299283801024678,-0.9278077436558804,-0.4666869809107065,-0.4673641504109931,-0.0014573193285837,-1.2323589791353406,0.3129820372744247,-0.1383809571066424,-0.7359686924925409
2014-10-07,EL,73.68,75.145,73.59,74.14,1939353,0.0426720646440796,0.0504281098814699,-0.2720172454729244,-0.4660040806129867,-0.3360953154674486,-0.0834630051929189,-1.121803008314033,-1.0430380084634985,-0.220767748932759,0.3495685380370111,-0.0008875380535168,-1.1131652188286327,-0.0838733201070893,0.445369404273195,0.1566533873474344
2014-10-08,EL,74.25,74.86,73.83,74.74,1526530,0.4708456415874454,0.47428237050028,-0.0580274674439809,-0.2938796264769652,-0.3085017201140265,0.0032242874993,-1.1257044457992285,-1.0306760949074436,-0.1988500862006499,-0.1821654221070237,-0.0009948606447006,-0.3185401501172842,0.0422322407045372,0.472274354581496,-0.4427945305960492
2014-10-09,EL,74.62,74.96,73.45,73.61,1680197,-0.9742802599823034,-0.9680498355744536,-0.436121526157964,-0.9729772550914566,-0.3290089883639558,-0.0512366732240909,-1.0873362600725154,-0.9213823448122502,-0.389524059101748,0.0076629561617741,-0.0014931414138555,-1.6782993325813678,0.470517516571711,-1.0489284915149448,0.1182902478581888
2014-10-10,EL,73.64,73.74,72.61,72.65,1957788,-0.8449470822941261,-0.837588999108735,-0.7428160724743639,-1.194327623968011,-0.3803542046872695,-0.1741817892802837,-0.9604574652007994,-0.8562768759640363,-0.5283306771371871,0.3363136598566342,-0.0015634597336358,-1.8428729408861049,-0.9749853793215189,-1.0420181710184344,-0.2950379953744121
2014-10-13,EL,72.4,72.6,70.92,71.02,2074407,-1.4298384535497506,-1.4297818870415553,-1.2601703639257342,-1.38083636620783,-0.4813428551805035,-0.4003192270859937,-0.6674919164641324,-0.6787473367183355,-0.8403391538985644,0.4304683631168587,-0.0016269772674734,-1.81675557093034,-0.8456184620998011,-1.4663920138580422,0.3801298237356597
2014-10-14,EL,71.3,72.16,70.96,71.89,2232978,0.7296692994400417,0.7290950611968653,-0.9039341678133768,-1.2943223477848351,-0.5228072330862474,-0.4280147243778134,-0.564392137232006,-0.6155119267652545,-0.7256169287318328,0.5162632458747327,-0.0007625883443812,-1.255194806352672,-1.4306624157197558,0.5988665241058176,-0.2001842268276763
2014-10-15,EL,71.5,72.54,70.175,71.6,2382510,-0.2841412770840863,-0.2750522610891134,-0.953662511915882,-1.097909169684022,-0.5622955309984602,-0.4450847263253762,-0.4613378820557787,-0.6147298579558182,-0.7750741918024687,0.5917053623095555,-0.0016794287371881,-1.0777474517711436,0.7294086945273565,0.0793502815376624,1.1614852051741051
2014-10-16,EL,70.51,72.27,70.51,71.78,1708694,0.1235185763581376,0.1306815825351423,-0.8348848326623954,-1.3179142250614466,-0.581499256344324,-0.4065285872887569,-0.4043745433573142,-0.6188956710522276,-0.7905189383511128,-0.1820862228415847,-0.0008710104044605,-0.9762457254370176,-0.2846663577992047,1.3344942157571833,0.4521410232131101
2014-10-17,EL,72.47,72.63,71.8,72.18,1950540,0.3139420316129971,0.3192981768794506,-0.6359535119282776,-1.1634245251104447,-0.5760320951068612,-0.3121812386937992,-0.4125657176903741,-0.623032494686984,-0.8002661043543462,0.3057924939815212,-0.0008685168859232,-0.75068633358341,0.123099843090319,-0.3286487944938373,-0.6329848414519287
2014-10-20,EL,72.14,73.29,71.89,73.11,1232692,0.7691648723497571,0.7678865192147389,-0.2665166914283417,-0.7425173282697463,-0.5306774148559091,-0.1340335725254049,-0.4561041104398081,-0.5463114775078604,-0.5851409493042149,-0.5576171511533041,-0.0010343253237104,0.0336084635028416,0.3135729746824518,0.9895585753674137,0.0045891477869263
2014-10-21,EL,73.44,74.69,73.26,74.66,1137457,1.286932258450092,1.274188329792568,0.2826333226022975,-0.0638070790587756,-0.4304662692003947,0.1496841580277081,-0.4479727505311414,-0.4238741879245657,-0.1220932819818723,-0.6532580762614025,-0.0010638539527147,1.044890383627642,0.7689145707655038,1.2287648475083297,0.0049449012401423
2014-10-22,EL,74.9,75.5,74.42,74.44,1428936,-0.2164512834707659,-0.2074977202933244,0.2164010519459662,0.0449510425555912,-0.3572840446366954,0.3070863648723434,-0.4782837801766233,-0.4494073649743363,-0.3004222861408748,-0.311981542227059,-0.0014537926796199,0.781163741922642,1.2868170283950608,-0.4903195037760503,-0.3821873064706788
2014-10-23,EL,74.75,74.96,74.095,74.23,1471440,-0.2086299478703596,-0.1996967839005583,0.1372656325702878,-0.1502227503659432,-0.3057232393340028,0.3773549693746345,-0.4733462419818267,-0.5197862133117603,-0.1218295660747856,-0.2740131640483746,-0.0014779646015546,0.6500692587558999,-0.216958705694454,-0.5518941867535154,-0.6201553250338117
2014-10-24,EL,74.52,74.66,74.06,74.35,1407215,0.0676501175279666,0.0752340456996639,0.1846242929696527,-0.092703417882826,-0.2588505259616718,0.4215027850514153,-0.4819965898299754,-0.5412660327175123,-0.2166946089566387,-0.3742999936365392,-0.0009968832076004,0.7249803919940343,-0.2091353297187972,-0.1986703280591067,-0.918768208484549
2014-10-27,EL,74.21,74.96,74.08,74.52,1105263,0.1093558920492891,0.1166302997343348,0.2487702680241867,-0.0680803428685015,-0.2142396243981046,0.4509991729333021,-0.4896791864068658,-0.5401540915306089,-0.2048272965002441,-0.7225829825390433,-0.0010653416295446,0.8311044974147348,0.0672168096879133,0.2892885347099611,-0.6071591629257937
2014-10-28,EL,74.86,75.14,74.42,75.07,945209,0.4265036969404931,0.4305221764552536,0.4388141555630744,-0.0834196363424085,-0.1571244733011385,0.5067820062819355,-0.4720806851875208,-0.521962651043491,-0.098682887461544,-0.8866753823059949,-0.0011001379447504,1.174447191422878,0.108933464119584,0.185624070087137,-0.7919976877215223
2014-10-29,EL,75.04,75.41,74.39,74.72,1215273,-0.3232626358917446,-0.3141289703770498,0.3053182201928098,0.198970014127773,-0.1258798503892622,0.4848179787636101,-0.4561070252460672,-0.5284199171306544,-0.0745115857583933,-0.5033013583102867,-0.0014170582331963,0.955956386144971,0.4261640043088119,-0.3484990035644984,-0.4536408636188003
2014-10-30,EL,72.53,72.89,72.28,72.62,1342907,-1.782753520929301,-1.7898618262443018,-0.4252065728457077,-0.198227678467492,-0.1833477071743351,0.2389023611602085,-0.442315518137495,-0.2982437722131329,-0.3826936862095836,-0.304368537880962,-0.0014482839497382,-0.3549884455224871,-0.3237979223129412,0.0674330791528831,-0.8912698618573599
2014-10-31,EL,75.51,75.69,74.85,75.18,1532577,2.1617240890931684,2.1203127967814,0.469693412707826,0.9783478191825948,-0.1283574979534467,0.3316349930544935,-0.4009805145828135,0.0228456517266873,0.0445674165619159,-0.0802453916332965,-0.0009893298948083,1.1354748384856077,-1.7836695491102526,-0.3564991637926849,-0.6601411140790371
2014-11-03,EL,75.4,75.995,75.12,75.96,2895102,0.6129373068936379,0.6143018606071193,0.7129391572206248,0.9629668131666614,-0.055140483689819,0.4527365809824962,-0.3140205863322652,0.0428319261340508,0.2113388447507391,1.4840408970660453,-0.0008041088912476,1.4228879697512156,2.161837068603837,0.534810765987078,-0.6313021528228692
2014-11-04,EL,73.15,73.92,71.96,72.0,4669899,-3.2786757230723667,-3.3398406351227004,-0.6613654944773097,-0.1052864917189882,-0.1528974028479703,0.1095338899477214,-0.2793877021335915,0.6136928630692001,-0.5913940790526149,3.2140892547130213,-0.0018536359721597,-0.8389262722199595,0.6126462497563326,-1.2140753059405986,0.6773994889536928
2014-11-05,EL,72.26,72.39,70.97,71.2,4355554,-0.7247520152581245,-0.7165918941566993,-0.8856192139524445,-0.3052441515448053,-0.2605476782469406,-0.1904935915336451,-0.2281069929483311,0.6118037223521455,-0.8630935578868766,2.501866818869761,-0.0019733494948148,-1.2958584423151456,-3.279981996959914,-1.1346045700920513,0.0708112137599798
2014-11-06,EL,70.98,72.19,70.98,71.83,3857311,0.5178826595340316,0.5206684995044418,-0.6289351277909854,-0.2580631613699176,-0.3190851742900476,-0.304100128114347,-0.1969425872451111,0.5985696825556005,-0.5226197039941658,1.7675394363129628,-0.0003644249486923,-0.936024358365188,-0.7253920394165623,0.8784315103795406,-0.1874196859533352
2014-11-07,EL,71.26,72.62,70.96,72.58,2815571,0.6170600355217922,0.6183597428158814,-0.3589710093954409,-0.2948622475903312,-0.3338080470803424,-0.2822072713780518,-0.1956117557661839,0.5912555350357594,-0.1816277888909027,0.6809503157553473,-0.0007557333873772,-0.5076504489009495,0.5175668052060899,1.3731832584608663,0.3147910942501886
2014-11-10,EL,72.61,73.425,72.32,72.83,1564718,0.1814502145212528,0.1881243636629203,-0.3015957733554388,-0.5898781354267818,-0.3334890082150981,-0.2259753643283796,-0.2699284007086773,0.4895695320886298,0.2068212005011021,-0.5110322469896893,-0.0010124768465491,-0.3648591457462035,0.6167700538930558,0.2025967219081532,-0.326849789130834
2014-11-11,EL,72.72,73.15,72.54,72.7,1261900,-0.1441253149837984,-0.1353978394810092,-0.362478738853228,-0.5727301581912521,-0.336173342256076,-0.1887204688473486,-0.2969214925996935,0.4665645551452563,-0.0020004563221933,-0.7779410663859065,-0.0014141609330629,-0.4391106233866689,0.1810465940534427,-0.0470953696556026,-0.8920402101767286
2014-11-12,EL,72.53,72.89,72.28,72.62,1342907,-0.1015055753747544,-0.0929506080093923,-0.4091328994336645,-0.5475489721693141,-0.3392347988713661,-0.1598872594767836,-0.3392292666374086,0.4626785341798346,0.0417448451014773,-0.6609515997860551,-0.0014371813756975,-0.6025383287311646,-0.1446138693154016,0.0674330791528831,-0.8912698618573599
2014-11-13,EL,72.5,72.955,71.75,72.55,2470188,-0.093007921665044,-0.084490827815003,-0.4477415891619759,-0.591383991644014,-0.3421677621635448,-0.1364899523786059,-0.3718879150730367,0.4626725631282145,-0.009931071625353,0.451780412294489,-0.0016273834540653,-0.831561247109873,-0.1019830113671988,0.0257881285664134,-0.2070959826784659
2014-11-14,EL,72.52,72.56,71.12,71.33,2244566,-1.0799265151160091,-1.0748215806749268,-0.8688214085775399,-0.8495003581597691,-0.3897098332635194,-0.2325951822687027,-0.3248691604452808,0.5130193314595292,-0.3404274497210385,0.2072513091988786,-0.0016484926180767,-1.6370233078208625,-0.0934831408491065,-1.2660659212484089,0.0911496354222338
2014-11-17,EL,71.3,71.38,70.8,71.12,1656648,-0.2162876156677268,-0.2073344692916162,-0.9093887025501364,-1.026882919270883,-0.4323640654337636,-0.2968981529179208,-0.2464292928866552,0.4771882445730308,-0.5672339397483993,-0.3997784735720533,-0.0015934955895419,-1.676540881114551,-1.080659194710313,-0.2170503703340371,-0.9116599732118066
2014-11-18,EL,71.06,72.4,71.06,72.03,2896859,0.7636127044694783,0.7624348015530835,-0.5373543075604771,-0.7374923030224423,-0.4271267167543123,-0.2250684247653172,-0.2508859823518804,0.4154570353035556,-0.6848306228073708,0.7122041307495631,-0.0005405650316786,-1.094249216230498,-0.2167949951949048,1.0049982761318348,-0.0409039169954631
2014-11-19,EL,71.93,72.83,71.55,72.81,1646542,0.6411851210311926,0.6421000347532995,-0.2285655145970467,-0.1463547546841352,-0.3894850864613128,-0.0841965791972016,-0.2727517276896533,0.4444388341968764,-0.4890658228307493,-0.485487691031038,-0.0009242004227306,-0.5951420749013075,0.7633609544745561,0.8979927907443641,-0.1261913655493005
2014-11-20,EL,72.78,73.52,72.46,72.85,1705100,0.0012069716433019,0.0092267863592133,-0.1895032236147922,-0.8360348790637486,-0.3556757293348267,0.0186366920977934,-0.2912375881878434,0.4440874443493816,-0.4405126271385744,-0.4388376860994115,-0.0009468297670234,-0.5695468368844311,0.6409014329857908,0.0463493595772848,-0.3786772172806079
2014-11-21,EL,73.6,73.87,73.04,73.04,2339262,0.1293790719068533,0.136495047688609,-0.0976793396196815,-1.0476253892945295,-0.3194180872536846,0.1072051524607902,-0.3183503995077391,0.4452248788154538,-0.4262446681933803,0.1114401819294296,-0.000875893209496,-0.4479694563042362,0.0007563305807207,-0.6011670901190311,-0.6442686802778246
2014-11-24,EL,73.57,73.93,72.71,72.76,1534840,-0.2716632185665139,-0.2625936296504166,-0.1667853607959341,0.1642059824340904,-0.2999418183540616,0.1348649550668407,-0.3572222042959063,0.4449321313863487,-0.5143412432217157,-0.6435652107061474,-0.0014552874069151,-0.6271361224224076,0.1289618674840663,-0.8581358519281306,-0.193909822368405
2014-11-25,EL,72.91,73.78,72.68,73.26,2253138,0.3948354405833912,0.3992504539307735,0.0460405647744579,0.8159097281035547,-0.2634877367619878,0.2006933947555358,-0.4377282607076097,0.4432718975126662,-0.5215818468514897,-0.0470367950442268,-0.0009047584092332,-0.3071956472113883,-0.2721850440931231,0.3363651773879641,-0.3399596466494697
2014-11-26,EL,73.23,73.64,72.88,73.21,861597,-0.0754871961356445,-0.0670518387302334,0.0554155959915665,0.5557054430044847,-0.2355463045146382,0.2314447336351548,-0.5035380829327846,0.4405716705190471,-0.4642741897114542,-1.2745349405014967,-0.0013579121213627,-0.3391896947324976,0.3944874865587974,-0.0469506585046066,-0.7261544817036066
2014-11-28,EL,73.36,74.319,73.17,74.14,1097648,0.7578791771870448,0.7568045018151783,0.3631102011643263,0.625972849558341,-0.1764637571259427,0.3362024990303591,-0.4694670353109272,0.3089405284351271,0.1399253536178575,-1.0583187878961833,-0.0010895871875997,0.2558995891600024,-0.0759578446355468,0.7769875988886786,-0.2997316785555143
2014-12-01,EL,73.69,74.29,73.58,73.74,1486284,-0.3688904994778091,-0.3597359360395093,0.2452232755957701,0.2740885072456573,-0.1454026928292716,0.3478818962467017,-0.5625713316892441,0.0378717822092468,-0.4487835645893072,-0.707870670217503,-0.0014392037722703,-5.279100881674995e-05,0.757625931469683,0.024946704105686,-0.7888827532536169
2014-12-02,EL,73.74,74.32,73.56,74.26,1475780,0.4060354120508366,0.4103119902932103,0.4642320745893964,0.5547623910033341,-0.1008551915566557,0.3919392706320342,-0.7471733359554245,0.0222948846603646,-0.4961648667899998,-0.6740565736504791,-0.0010327360966449,1.386216566895582,-0.3694376889764786,0.5064598023247517,-0.7383875531572889
2014-12-03,EL,73.99,74.69,73.49,74.61,2570054,0.2604366680242813,0.2663585226580342,0.542345768588983,0.720055769584417,-0.0528632700016068,0.4360510486529125,-0.6734927150391203,-0.8407647572482656,0.3649104703269691,0.4628302607348151,-0.000902763346596,1.3745151216028106,0.4056903797963541,0.6067704446784717,-0.2508999472819956
2014-12-04,EL,74.32,74.75,73.91,74.36,1723142,-0.2416076148871749,-0.2325951067461445,0.3940869980430774,0.6153827598354991,-0.0260639250336381,0.4167911437565231,-0.6858309129138737,-0.9067489897694968,0.4843418210449348,-0.2492924217467601,-0.0014457599667827,1.1146684231795765,0.2600536529892366,0.0143464120950699,-0.6498725573003395
2014-12-05,EL,74.25,74.67,74.02,74.66,1594160,0.218179471332019,0.2245160945829687,0.4500193132244053,1.52931717362662,0.0052250670646381,0.4129394942652753,-0.6561468145649346,-0.9269462611737772,0.411152246123178,-0.2808008189546622,-0.0010400276106859,1.3671379070359655,-0.2421215997184069,0.3908717577756041,-0.8657471705729278
2014-12-08,EL,74.59,74.78,73.88,74.23,1237750,-0.3915676493253149,-0.3824152027052056,0.265511689982729,1.3562585230552806,0.0112728119444882,0.3448876388504075,-0.6359721811959929,-0.9394268385949338,0.166400243801346,-0.6132658904031322,-0.0013893656408772,0.983506931692042,0.2177854325354724,-0.3909584955894033,-0.5808594868583645
2014-12-09,EL,73.85,74.67,73.36,74.64,1220240,0.3108783389288541,0.3162680978489641,0.3795177889380977,1.227238358048838,0.0301577226885298,0.3234887984660707,-0.596032889728989,-0.9327283171822884,0.1975189946534105,-0.6194716066951901,-0.0010900601218594,1.3259477433381246,-0.3921207546800049,0.781888056820038,-0.128615893420954
2014-12-10,EL,74.23,74.44,73.42,73.45,1642044,-1.0255880128173525,-1.019881193598518,-0.060347288522394,0.1339028280786727,-0.0033663839264644,0.1714698176775126,-0.602400747686331,-0.8060339879619736,-0.0159650908579157,-0.1477964312165672,-0.0014374146325924,0.3320341680726581,0.3105084827636195,-0.8202057119103258,-0.4339695572539182
2014-12-11,EL,74.34,74.71,73.86,74.01,1376551,0.4416738139830675,0.4454967477201273,0.1150945018935469,0.3484040288982077,-0.0094821620975837,0.1204031986373715,-0.6034287055326925,-0.787386927800398,0.1136343671487826,-0.4559467204297591,-0.0010671684944409,0.7997582034917041,-1.026306516963766,-0.3616957424466742,-0.6341595920292579
2014-12-12,EL,73.61,74.13,72.87,73.03,1386155,-0.8573829738530414,-0.8501213812867692,-0.2440907425004546,-0.1931121387095262,-0.0539714684755356,-0.0192228976136045,-0.615283642527862,-0.7092289544208218,-0.0703088757114456,-0.3937949565599938,-0.0014089583416627,-0.0187588584916259,0.4413380788252682,-0.6216165833647522,-0.1534287520824655
2014-12-15,EL,73.47,73.58,72.22,72.23,1176140,-0.7149956322460385,-0.7067807763942285,-0.5460670454129619,-0.3925892879157192,-0.1210152202931265,-0.1889785289099159,-0.679591282285796,-0.7780345919183053,0.0178292968384608,-0.5983454940246563,-0.0013927585525695,-0.6869360519474008,-0.8580575978470049,-1.3014521653772937,-0.0221204034199326
2014-12-16,EL,72.19,74.19,71.77,72.99,2147239,0.6220795280256736,0.6232999247159449,-0.3075820948239721,-0.2893103763438876,-0.1442706746107073,-0.2120727099806327,-0.8112532898824254,-0.7468642624201651,0.2186851368914096,0.5566635476735211,-0.0009531105150025,-0.1566602134044489,-0.7156331112276101,0.810938306166816,1.1718611826669396
2014-12-17,EL,73.14,74.48,72.71,74.0,1659183,0.8285002971807262,0.8261184865081166,0.0176424777596524,0.0728380663941014,-0.1232272554893433,-0.1165235171934247,-0.873538137540746,-0.7367209989956901,0.2341959997683276,0.0429042050195412,-0.0010400788954311,0.6401352230272064,0.6217908558469848,0.8620418746034858,0.4020993538581326
2014-12-18,EL,74.82,75.78,74.53,75.78,1782746,1.4645621562384337,1.4469352991774291,0.5978667281682943,0.3071186137592409,-0.0377580601944831,0.1257466758419717,-0.7757540734479988,-0.5790604420714531,0.4316035621601025,0.1888718953154313,-0.0010398032010815,1.442878752192886,0.8282654746065151,0.9430728337224122,-0.2166066385900177
2014-12-19,EL,75.98,76.42,75.475,76.25,3186623,0.3531385257571099,0.3580515433289449,0.7027131820360109,0.5648808935654693,0.0462448180140345,0.3157885553321278,-0.6644971943089555,-0.5742873112948467,0.517962561095058,1.7721763636349182,-0.0009047293028579,1.3213495346949875,1.4644932650270106,0.2421617591391722,-0.5584437419416891
2014-12-22,EL,76.19,76.28,75.38,76.1,1579233,-0.1554708709177575,-0.1467023790725889,0.5936742838599071,0.3853087335422606,0.1040191518895922,0.4003102373255126,-0.5939445239412999,-0.5681513846344627,0.4478138707433391,-0.1093142967190784,-0.0013920217501845,1.2141178721968386,0.3527796941334231,-0.115562654863556,-0.6056895584368355
2014-12-23,EL,76.22,77.85,76.22,77.76,2776080,1.3250636448279451,1.3113121571280355,1.0890967699580465,0.6743750129601911,0.2110075707547764,0.5946037904819813,-0.4061288088743168,-0.4594740054334752,0.8417691689196505,1.2337595205985794,-0.0009653124731127,1.393672117592592,-0.155962384998528,1.5001823883624632,0.155661703464702
2014-12-24,EL,77.7,77.98,77.26,77.39,1344321,-0.3292341330012171,-0.3200958222772052,0.8827688416210556,0.632316778158411,0.2763533115704998,0.6428510965705247,-0.2942067173314981,-0.4441179704319127,0.6604707640565268,-0.4135650847174287,-0.0013648319114084,1.1270547413891696,1.3249583622219183,-0.3277458095385857,-0.8159599154734357
2014-12-26,EL,77.64,77.89,77.195,77.45,418193,0.0152722377328326,0.0232056527802235,0.8265595475776144,0.5843370813712027,0.3250584090884533,0.6386162120551715,-0.214325664954445,-0.446746191709084,0.6831031617167647,-1.5301184158442642,-0.0012029699401653,1.1591724374031078,-0.329770977224755,-0.211206287852139,-0.8434620886931794
2014-12-29,EL,77.26,77.68,76.69,77.4,827467,-0.0731884494420015,-0.0647641804324434,0.7498808631486421,0.7222395325840204,0.3558911370515239,0.5892251328745863,-0.1350684154399118,-0.477170982910982,0.4783033501224403,-1.0185453329239968,-0.0013202290049658,1.1324076907248284,0.0148252659183551,0.1105880559596124,-0.525336164678918
2014-12-30,EL,77.34,77.73,76.65,77.17,1383149,-0.2180005472464432,-0.209043059989123,0.6075598204848122,0.5512683224667967,0.3653666421613122,0.4947391455621436,-0.0983368439779048,-0.4875352638225054,0.5156646945495088,-0.32431290853319,-0.0013760108069318,1.009289856004734,-0.0736584982609668,-0.1923859001858624,-0.4249622564820036
2014-12-31,EL,77.34,77.67,76.18,76.2,915087,-0.815557872436448,-0.807981834157933,0.2341591021872962,0.6336101550183592,0.3292100187551839,0.3016940424517556,-0.0955786224069004,-0.4287652499528432,0.2162007511433172,-0.8863658584971976,-0.0013353507481664,0.4900537704460849,-0.2185083736312139,-1.1399580698995404,0.0383070744070325
2015-01-02,EL,76.55,76.73,75.01,75.59,926393,-0.5313871568854672,-0.522431569630113,0.0040384297268301,0.2812436529213282,0.2717203369896512,0.09234703498673,-0.0992023491495622,-0.4072040811732946,0.0254304156265424,-0.808478650561173,-0.0013397341576437,0.163523860971058,-0.8162215853908985,-0.9737981152445488,0.305041728207317
2015-01-05,EL,75.19,75.24,74.496,74.68,1350913,-0.7824974866779214,-0.7746931792199439,-0.3189513686098029,0.3055737711277965,0.1864997336898541,-0.1465094856373422,-0.1053402677670074,-0.3631084306851321,-0.1042750152606254,-0.2197845577353253,-0.0013893217286196,-0.3235945285736528,-0.5319767373739881,-0.5387704733421494,-0.7610400305235352
2015-01-06,EL,74.68,74.83,73.81,73.99,1588333,-0.6082242952480055,-0.5995119166915736,-0.5481111789699155,0.3445148333365524,0.0890833692074267,-0.3689863814753538,-0.0893837187186742,-0.3425937488672901,-0.2992742732768696,0.1012750559649783,-0.0014247030289161,-0.6929480327339358,-0.7831525750704916,-0.7243713414374205,-0.4424162573959393
2015-01-07,EL,74.4,74.63,73.91,74.33,1586647,0.2530930601989636,0.2590890245340559,-0.4311996313601694,0.2355450348086792,0.0232964264787599,-0.4655543110399094,-0.0918326757292104,-0.3454288362361023,-0.1476917556965157,0.0742966899235106,-0.0010481491760088,-0.5109477553216238,-0.6088339204710119,-0.0974002196883804,-0.78403991300165
2015-01-08,EL,74.64,75.61,74.42,75.4,1475316,0.8632248653766554,0.8601718972922754,-0.0711545981036024,0.2517108840408375,0.0114422857993897,-0.4039865506491012,-0.0967576827431653,-0.2948008928821038,-0.0179354487222639,-0.090814136765376,-0.0010736525160095,0.0618178235935918,0.2527081294149444,0.7429674352380826,-0.2759973413288545
2015-01-09,EL,75.43,75.6,74.65,74.9,1155948,-0.4458477506019521,-0.4367341338258627,-0.2706565544650759,-0.509887295405089,-0.0191059199020524,-0.402850543892131,-0.1395839037228536,-0.3620565175335132,0.1224549332223735,-0.4889126317607181,-0.001367563252977,-0.2058296431892174,0.8629991015045831,-0.5571722599232599,-0.5342636016902208
2015-01-12,EL,74.73,75.09,73.56,74.26,1947406,-0.5649739335602469,-0.5561128524416176,-0.4979202488143283,-0.8997008043897635,-0.0693993438050624,-0.4527655902310562,-0.1476263117728871,-0.3512791193335828,-0.1178669324235159,0.527124283415609,-0.0014629575187067,-0.5484184006712134,-0.4464150161692831,-0.5014850109833388,0.1257716373998951
2015-01-13,EL,74.32,75.785,74.03,74.52,1451045,0.1849825423190232,0.1916251606670096,-0.4329945689624588,-0.7458484532157742,-0.0995731036042325,-0.440909958251189,-0.2128113428633888,-0.4083613078986392,0.1321664678186543,-0.1323227711389067,-0.0010644511173097,-0.4092417179441576,-0.5655722759318235,0.1769982638937103,0.3714137261518125
2015-01-14,EL,73.48,74.24,73.03,74.12,1321466,-0.3671776721369252,-0.3580232861845064,-0.604469089477396,-1.6995445323417115,-0.1393184412755116,-0.4560625293390731,-0.3387147650048166,-0.4416942887607932,0.2168173682943761,-0.3112662167870842,-0.001395250202473,-0.6233596913704003,0.1845798433401484,0.6317283933846634,-0.2307944922605244
2015-01-15,EL,74.07,74.165,73.43,73.71,1540745,-0.377380762080541,-0.3682260183385362,-0.7591741555756911,-1.7075885410652938,-0.1864990114312222,-0.4873227466296408,-0.3877880176163535,-0.4578002056920296,-0.0226034649450257,0.016850216933102,-0.0014309064747758,-1.2505282999664036,-0.3677244148051947,-0.3935184228374404,-0.7602896897440873
2015-01-16,EL,73.32,74.38,73.05,74.22,1654298,0.3977677491647634,0.4021467092426803,-0.5857587399419514,-1.4428648618504385,-0.2031726732295108,-0.4338066635147804,-0.3980319526880694,-0.5036387381570404,-0.1238142349286146,0.1691096186437768,-0.0010259415318756,-1.0821561126119192,-0.3779301664594521,0.9010785206732734,-0.0978808551143429
2015-01-20,EL,74.72,74.74,73.99,74.53,1549727,0.2270415697825646,0.2332935520879078,-0.4566532927528295,-1.266213358893243,-0.2035363245216794,-0.349012110750695,-0.3822952443038687,-0.7123065450403405,-0.409733308883175,0.0453173328344829,-0.0010543553517993,-0.8739750466306708,0.3974205601002942,-0.2184316362465826,-0.7526596771831671
2015-01-21,EL,73.34,74.6,72.89,73.98,1972690,-0.492434130053148,-0.4833918701079748,-0.6091278143060656,-1.3394250790639208,-0.2245774680199823,-0.3343999775229435,-0.35750515901171,-0.7181990765109336,-0.6047027517670717,0.7278634737934626,-0.0014672311664536,-1.1694446564063217,0.2266498428681913,0.6329845468097177,0.3350463249352034
2015-01-22,EL,74.45,75.33,73.75,75.11,2247915,0.9179580306627264,0.9138091815168828,-0.1985360830667252,-0.5745357763694909,-0.1962151568654621,-0.1955466291258396,-0.3642684933146972,-0.6168074203917874,-0.3585371865480488,1.0428542104822198,-0.0009643415294269,-0.4314632934770483,-0.4930135487488574,0.6434507856922123,0.1618189247069789
2015-01-23,EL,75.05,75.05,73.15,73.7,3109271,-1.2017330004873958,-1.198154674849098,-0.6203780293488714,-0.798926953861837,-0.2282937711799486,-0.2400378520981025,-0.4258463258284496,-0.7142327013146227,-0.9342901061488572,2.177965846682616,-0.0015926417912619,-1.3523072950082669,0.9177465451954604,-1.385342666332734,0.5572192813417398
2015-01-26,EL,73.37,73.62,72.53,72.86,2360697,-0.7425856156270874,-0.7345295626737536,-0.8368472077602069,-0.7808747331670555,-0.2851837526935377,-0.3394948625282625,-0.4386387458428077,-0.6867454372994254,-1.0271496376322715,1.0556053384510904,-0.0015467268424262,-1.6766423547727392,-1.202497456104466,-0.5514822920545445,-0.3445281738333125
2015-01-27,EL,71.88,72.0,70.78,71.75,3381183,-0.9814783601450554,-0.9753187776390732,-1.129749890892488,-0.8851891476881719,-0.3713694466765883,-0.4944671304543659,-0.4035879897268669,-0.6397330959291939,-1.2483463138773745,2.005773388834693,-0.0017317165023468,-1.4173522685130304,-0.7432302920902821,-0.1629572307497109,-0.1742389064734724
2015-01-28,EL,71.96,71.96,70.38,70.4,2644459,-1.2044016266486388,-1.2008594991074706,-1.4878807006673531,-1.292841296093296,-0.4888631607809254,-0.6990312496319192,-0.2789567432960405,-0.5671668465159483,-1.4957178622242824,0.961482512947468,-0.0017069701478247,-1.8722573933109845,-0.9821853572742254,-1.6641818211482662,0.2791101561080406
2015-01-29,EL,70.81,72.06,70.69,71.97,2648669,1.3554289409364777,1.34085918830723,-0.8437431101438491,-1.1085711045046498,-0.5159381615305989,-0.6299463333224198,-0.3431839683391114,-0.3418746405301381,-1.157110971941334,0.8628186032466757,-0.0006842944737736,-1.1562755363423964,-1.2051667784382107,1.2113627428347826,-0.0048715289007948
2015-01-30,EL,71.37,71.86,70.5,70.59,2362237,-1.226772501965665,-1.2235384683385442,-1.23787766562219,-1.2588330680090056,-0.586639786219219,-0.6869725792781229,-0.257037168619868,-0.2937319355971365,-1.248730792204866,0.4504190174568747,-0.0016573128241718,-1.7713692225940254,1.35533157981622,-0.8520191209143805,0.0143365129932816
2015-02-02,EL,70.72,71.85,70.41,71.83,3291650,1.0606428080353842,1.0534190260883676,-0.7311211484454536,-0.7631511420493198,-0.5887794085055199,-0.5561161621276081,-0.2621244145424948,-0.1799608002185153,-0.8980157271829099,1.2296181694102486,-0.0005635146109897,-0.9895242044370964,-1.227543489712503,1.1595217060475762,0.0794381393028821
2015-02-03,EL,72.3,72.96,71.96,72.84,2163572,0.8424128094272711,0.8397643461139515,-0.3381202931818409,-0.5634214527296543,-0.5461266197426179,-0.3361361334506703,-0.2751906322712656,-0.1401868159625351,-0.5293308746425239,0.0654560440414589,-0.0008840539704366,-0.3683542964228622,1.0604685451734694,0.53797064121531,-0.4471605379552088
2015-02-04,EL,72.74,73.395,72.42,72.55,2392588,-0.2808657695012933,-0.2717816104745512,-0.4163064719546093,-0.5418411590572819,-0.5194454065992682,-0.2012626712093186,-0.2677051461453351,-0.1558754206341788,-0.4533078904671651,0.2443658262590045,-0.0015939376692614,-0.5467100125853681,0.8421816162518112,-0.2236610542982204,-0.4713054601168406
2015-02-05,EL,74.59,78.69,74.59,78.4,6222523,4.987121384469784,4.7767246506263135,1.5985132041348122,0.5559498061645368,-0.266691797109325,0.488542555030572,0.04196196578487,1.0928277162164135,0.6366970922573403,3.319412018297699,-0.0001968966280431,1.326872416951214,-0.2813899957249353,3.832810697588774,2.7670628659724112
2015-02-06,EL,78.43,81.14,78.27,79.55,5206138,0.8802277212769363,0.8768392934901168,1.9289073741051963,0.6293703029686445,-0.0225598493054819,1.018194727261052,0.3755996132469744,1.0938173212357305,0.6408676192674043,2.112600966062749,-0.0006071988074114,0.9516660528867916,4.987971433837673,1.0525818219584298,1.4154424832622048
2015-02-09,EL,79.37,79.63,78.41,79.46,2667889,-0.1034325405359496,-0.0948691455915744,1.8098388431361916,0.5767332986955909,0.1637902595995315,1.2931870064119737,0.6411418498692614,1.0819109886691818,0.7266574401887623,0.0241673493138587,-0.0015076969547629,0.9238615604732382,0.8800063929908225,0.0593538619517713,-0.3117385953434185
2015-02-10,EL,80.25,80.37,79.13,80.01,2400266,0.3979367611795901,0.4023136390946448,1.895089804034758,0.7475846261858068,0.327646614351512,1.4552822937641272,0.9050257472353448,1.0606048749189096,0.9697121121031508,-0.199343688579896,-0.0009791360174883,1.0937779030005068,-0.1039104792215687,-0.2522658148859049,-0.2997020340932974
2015-02-11,EL,80.09,80.81,79.79,80.36,1770613,0.2393488278957049,0.2454812013393154,1.9076081190894352,0.6614015776264467,0.4642309218985579,1.514760743618148,1.143736492168955,1.0605922479044836,0.983481842384666,-0.6915253681765869,-0.0010651418840756,1.2019064846087646,0.3975896162057916,0.2283841857333239,-0.5334882044443705
2015-02-12,EL,80.2,81.271,80.2,80.91,1666889,0.3931104853731172,0.3975466440689705,1.9721464057177696,1.0368371873332487,0.5856731512299156,1.523368054839234,1.372335500210473,1.046809705599362,1.1779314586726075,-0.7790278949707413,-0.0010855962031601,1.3326933206423623,0.2389603116126276,0.6425334175236229,-0.4881467858054648
2015-02-13,EL,81.19,82.73,80.98,82.49,3703888,1.182770849146468,1.1726656202923975,2.3572511123554407,1.381231001959373,0.7339423192399747,1.5993059821596525,1.6570177835223612,1.060707130915716,1.5819180410757514,0.6573559002076638,-0.0009123035679134,1.378279272922746,0.3927620813542898,1.1834053448051003,0.1767268167981647
2015-02-17,EL,81.89,82.14,81.3,81.78,2051571,-0.5688574398754432,-0.5600084681120338,1.967945109136208,1.4834750560954304,0.8124427316584775,1.4804727481656053,1.838467110502558,1.0914953895672403,1.3284852485982834,-0.5584807432232085,-0.0014062492167957,1.1871724800819246,1.1826284461925287,-0.127802646441991,-0.7352915954660716
2015-02-18,EL,81.34,81.99,81.205,81.5,1283623,-0.2461563573045974,-0.2371342770385889,1.7416327946089951,1.781197731142903,0.8521164893533245,1.2854670200976002,1.970423433271021,1.1022060583492417,1.206000175509629,-1.110175203838502,-0.0013514396855841,1.1118064209334306,-0.5694567953489471,0.1222977302577083,-0.7885929231334178
2015-02-19,EL,81.46,81.6,80.92,81.08,1189952,-0.3538350093020467,-0.3446836275386249,1.4669556729175588,1.5483410227049947,0.8554713820616512,1.03597830438318,2.040787902455462,1.094561812125468,1.2420188813254809,-1.1659609221064224,-0.0013476152188248,0.9987573322106892,-0.2466715287798916,-0.3787555191946204,-0.8923625727909009
2015-02-20,EL,80.82,81.84,80.62,81.8,1229854,0.5198627013856061,0.52262037991341,1.591796823420709,2.044223227526813,0.8746872231390516,0.8772131398735161,2.140769733618149,1.079756148900776,1.1406446889197692,-1.1193169218810042,-0.0011300251547793,1.1925557700211014,-0.3543782712298884,0.8898025961048305,-0.3483428692562864
2015-02-23,EL,81.62,82.38,81.48,82.14,1524962,0.225778195939943,0.2320423206400289,1.5545690843943265,1.9980119346003489,0.8913260385677307,0.7435677886084815,2.1916242033930016,0.9894535275447888,1.514401991057733,-0.8625489487162885,-0.0011084380325188,1.2840716989871306,0.5195473635971143,0.4550229282368522,-0.6781662008209247
2015-02-24,EL,81.82,82.32,81.57,81.77,1174968,-0.3134376534056611,-0.3043128818934269,1.2693598668463302,1.79677706024966,0.8781321360321941,0.5598626051153237,2.16078645743819,0.958622039314442,1.6285312332189652,-1.112578605060139,-0.0013413888656699,1.184480835112334,0.2253861394454504,-0.07248606024134,-0.8269158708003965
2015-02-25,EL,81.72,82.29,81.51,81.88,1499321,0.0507557500856788,0.0584571805634605,1.1272259917528025,1.914298240314924,0.8603908032652974,0.4011934511875387,2.03619748833185,0.8853863135196873,1.9060386826326197,-0.8098257689416195,-0.0011121454486846,1.2140889297778137,-0.3139703767542414,0.121606670213378,-0.7974075551008754
2015-02-26,EL,81.81,82.34,81.41,82.28,1802304,0.2711467879135195,0.2769590290723842,1.053172334649206,1.311279861421058,0.8505719181232096,0.2946503718496812,1.7709567884749815,0.7686905213381436,2.310878281507082,-0.5344803878451848,-0.0010928130363019,1.3214597836986386,0.0503180349613761,0.4077298863220416,-0.6493331466778479
2015-02-27,EL,82.28,82.94,82.1,82.67,1756225,0.2621016067349465,0.2680065405771367,0.9972642322720928,1.1510663604386722,0.8466829036349671,0.2246792933619507,1.5657908706320105,0.7318741283339011,2.016017281859216,-0.545358208840589,-0.0011041301425737,1.3712483439638792,0.2707665668595374,0.3317922995657157,-0.7445073780769318
2015-03-02,EL,82.37,83.47,82.17,83.4,1784227,0.5167604269369578,0.5195622007082149,1.017697868803267,1.3588554702177094,0.8607125437794436,0.2148247391336399,1.1753507817013034,0.59929384971961,2.4976979947543523,-0.5026456042071671,-0.0011086162450822,1.425061546402614,0.2617190260374514,0.9184247228528718,-0.2922457579638388
2015-03-03,EL,82.89,83.23,82.55,82.91,1259328,-0.3987806758371204,-0.3896306442373333,0.6694468266059799,0.9594745093432044,0.8411544313330657,0.1204867987823704,0.7632602335091786,0.6176284572530085,2.097968806422619,-0.9067475232651702,-0.0013329907567343,1.2811462012834334,0.5164442798488362,-0.008087141960773,-0.9077901354908756
2015-03-04,EL,82.84,82.9,81.83,82.23,2125954,-0.5436155762688347,-0.5346922763168793,0.2922211953182729,0.5201186819039942,0.7881116572552324,-0.0411724961124451,0.3002002853957871,0.649422474494212,1.7258055870418918,-0.1223573520519508,-0.0014002444176297,1.0698484258192502,-0.3993356628756465,-0.5826491069613898,-0.5068690847956826
2015-03-05,EL,82.77,83.36,82.33,83.22,1881879,0.7165534780913358,0.7162076873608667,0.4365430641364388,0.6400226388556809,0.7744138503443514,-0.0692266638490335,-0.4742176163607173,0.634008653218078,1.9924883619438165,-0.3233463155586094,-0.0010948673944008,1.3492925602603836,-0.5442083468217559,0.3844398019569495,-0.559828044508768
2015-03-06,EL,82.78,83.02,81.83,82.23,2446261,-0.773628789069394,-0.7657662903382183,0.05561655517369,-0.289524920910842,0.7146618488350684,-0.2102127021293506,-0.6316640026262563,-0.7671943944469761,0.5499909668080966,0.4017115219299744,-0.0014251686019368,0.6501893086489103,0.7162894516150409,-0.5282914462189163,-0.3852479843521617
2015-03-09,EL,82.2,83.0,81.99,82.88,1575513,0.4591324304260549,0.4627258380412435,0.2102942881028615,0.2397189882237288,0.6833161342367505,-0.2498842392480801,-0.6995711859692675,-0.8192844467149,0.4473088440781248,-0.3134859448978852,-0.0011169261574512,1.055276557115597,-0.7742815638582488,0.5986860514461213,-0.5757077331152197
2015-03-10,EL,82.13,82.13,81.27,81.27,1835938,-1.2424004877031376,-1.2393866142173935,-0.3347358715452866,-0.265220086396491,0.5866531523887063,-0.4497469904322342,-0.8121660519512905,-0.6436255113033122,0.1670643871634993,0.0192532589240486,-0.001382927682355,-0.2421902299208213,0.4588012497498324,-0.8174347200741786,-0.7094100443967554
2015-03-11,EL,80.87,81.27,79.98,80.5,2040236,-0.62286547671609,-0.6142103317350812,-0.5890717387365781,-0.3739390259080202,0.4725992378245169,-0.6544011528126997,-0.8497148131791554,-0.6188748242060184,-0.0775330768971387,0.2720599054055323,-0.001406822546964,-1.239952542971305,-1.243175552369436,-0.3719844191540195,-0.2557995714711895
2015-03-12,EL,80.77,81.36,80.59,81.22,1497776,0.5238460314697515,0.5265468700914662,-0.3721630493055959,-0.3739390259080202,0.4041913369560835,-0.7006324292427597,-0.8994820116883916,-0.5982406330187535,-0.010303821467815,-0.3306656251453537,-0.0011146576095074,-0.7002182275336533,-0.6234789214279705,0.3946108147788276,-0.8012172547448172
2015-03-13,EL,81.13,81.35,80.14,80.53,1253002,-0.5619057435444234,-0.55303526865635,-0.5870137777945083,-0.6836438598805332,0.3174665016917649,-0.7847649242028378,-0.8755041300403955,-0.5869926049715699,-0.2364534522090935,-0.5937121710787585,-0.0013451085312239,-1.35743463464979,0.5235317328245126,-0.5850626508950462,-0.3390894566826955
2015-03-16,EL,80.97,81.31,80.36,81.15,1202704,0.4463282242911422,0.4500904358212989,-0.3673018768635623,-0.3746389963235062,0.2683474537380699,-0.7552742710025148,-0.8663197334545572,-0.712593856126651,-0.4060510357181567,-0.5445098914411647,-0.0011406540941865,-0.7668923557918058,-0.5625032855080784,0.1416385106358944,-0.6156761321425797
2015-03-17,EL,80.96,81.07,80.52,80.82,1109284,-0.2861710569091443,-0.2770791178343842,-0.4578440489884141,-0.4994478807168393,0.2122896140536232,-0.7495420789085814,-0.8392498554792562,-0.7332016511679597,-0.3398795852913377,-0.6195876641863345,-0.0013334978606696,-1.08121324615171,0.4459937033433044,-0.1569644006874266,-1.0241688303502212
2015-03-18,EL,80.76,82.28,80.13,81.74,1452044,0.6757071801441927,0.6760556448507349,-0.1667711139359961,-0.3393751013419936,0.2000681514895922,-0.6321222451518507,-0.8421939194684036,-0.6844270794692611,-0.124228214934937,-0.1893111909413998,-0.0011198474324633,-0.2049247033301903,-0.2866966671390069,0.8904832195423797,0.6007833578672097
2015-03-19,EL,81.3,81.91,80.88,81.67,1057877,-0.0863121994610476,-0.0778257621409106,-0.1986335597186133,-0.4761656344369576,0.18381264279187,-0.5485699434500353,-0.8567739396967117,-0.6954595067818145,-0.0606063994437442,-0.6871762085925472,-0.0013284240427773,-0.2715988315883428,0.6754324979717785,0.3175230618068326,-0.5402514732893318
2015-03-20,EL,82.2,83.65,81.88,83.53,1755321,1.3849046517855157,1.3695271260309587,0.3690704711231664,-0.1553623895824993,0.2396725718752261,-0.2961042066796024,-0.8027191207262891,-0.5415799160073643,0.1431310046481205,0.1705746801194519,-0.0010959499946234,1.3341861678623372,-0.0867856719119986,1.1961150095277022,0.1746682083837284
2015-03-23,EL,83.36,84.0,82.86,82.88,1470151,-0.5174653878868066,-0.508475997097056,0.1490699277152592,-0.1966442971138355,0.2537397150970546,-0.2017055286240994,-0.7876321167566882,-0.5201864148957169,-0.0351656927908864,-0.1860635731676637,-0.0013594516963223,0.5167386223581568,1.3848149800822551,-0.4613556208765015,-0.4449848605252048
2015-03-24,EL,83.87,84.39,83.35,83.36,1917322,0.3275717416891072,0.3327765500626786,0.2768104313256773,0.104351615542548,0.2788679739797768,-0.0977154648814069,-0.7565608335028206,-0.5209743755891562,0.1180998355893362,0.3241513271845566,-0.001083770857463,0.6664826107947512,-0.5180513365617397,-0.4857348223681316,-0.5515626993620643
2015-03-25,EL,84.6,85.28,83.72,83.72,2713831,0.2358726409632774,0.242039041047832,0.3619241260768071,-0.0515655035501839,0.3077071312001374,-0.004971625447859,-0.7118697980838391,-0.5174428713712086,0.1625578709239939,1.1880743328133931,-0.0010299292838306,0.4644404128701878,0.3272062403818635,-0.8121980040604284,-0.0383886347435369
2015-03-26,EL,83.7,83.7,82.33,82.36,1464404,-1.044354511733815,-1.038850050746969,-0.073528673049789,-0.1544526808993078,0.2722047667582935,-0.0963905230449947,-0.7115827698430947,-0.4295654984196156,-0.1531973682657733,-0.2825120574501917,-0.0013493501357483,-0.3885571137188295,0.2354832178369005,-1.2358672332324965,-0.2050080041973202
2015-03-27,EL,82.2,83.44,82.052,82.89,1266938,0.3676445576555239,0.3723874332037393,0.0921231791712984,-0.186305408657823,0.2602314455136854,-0.1089622889764446,-0.7070488147974002,-0.4236864476450957,-0.1283933535590697,-0.4975452954599232,-0.0011467605653464,-0.0561389599745793,-1.0450779115530244,0.6078772661858427,-0.1957742240044169
2015-03-30,EL,83.29,84.27,83.16,84.07,1231330,0.853292824704629,0.8504337355870794,0.4578356932013531,0.5937359088092878,0.2921186445744374,-0.0061234774975889,-0.6707033388233331,-0.3856385757227454,-0.0494914799612172,-0.5154875481628477,-0.0011525734387775,0.6839618351541227,0.3672895102638378,0.6812160752129456,-0.4909509509959166
2015-03-31,EL,83.92,84.15,83.16,83.16,1297906,-0.7068965322119963,-0.6986374199940465,0.1634625063942315,0.544852103587993,0.2766902036589462,-0.0456420710928169,-0.663961087473354,-0.3592168523811499,-0.1231923353167181,-0.4347381996215808,-0.001334729021704,0.1132061372158851,0.8530644698313505,-0.7105319550723955,-0.5991708128108603
2015-04-01,EL,83.59,83.6,82.87,83.16,1383444,-0.0329960430517004,-0.0247793014886723,0.1484768779787629,0.3849076160142157,0.259772418636208,-0.0810904920625674,-0.6513121141565362,-0.3819677179250381,-0.0013758789107743,-0.2886749495571358,-0.0012427088046935,0.1132061372158851,-0.7075318983570775,-0.414966719762393,-0.8597362692866088
2015-04-02,EL,83.2,84.25,83.18,84.1,1079466,0.6707383875479151,0.671169528873552,0.4338510583613597,0.841241761153862,0.2784532691474475,-0.0178189537907235,-0.612113737077306,-0.3870134215454077,-0.0121757772045846,-0.6390160878896797,-0.0011635511285764,0.7027779570641753,-0.0334556067571959,0.7909503559293257,-0.5309824082080491
2015-04-06,EL,83.47,85.12,83.39,84.97,1638431,0.6110526207267049,0.6124467300980989,0.6661198111359505,0.8870394608161799,0.3220884020078585,0.0970301700151497,-0.512667927862991,-0.413725584972727,0.3218960975965405,0.1455967808361555,-0.0011258938380686,1.2484454924556825,0.67046240915169,1.3313889450206282,0.1055065866933554
2015-04-07,EL,84.84,85.17,83.95,83.98,1354937,-0.7583750841672983,-0.7504155092952858,0.3333729170354098,0.6482975450599561,0.3124100763688276,0.0516815446529606,-0.4840985404757896,-0.3761137807566223,0.0274458841454126,-0.2199986314641472,-0.0013354096568355,0.6275134694239738,0.6107610719256729,-0.7921644438060848,-0.3806088687878899
2015-04-08,EL,83.95,84.49,83.53,84.17,1046061,0.1078592454066212,0.1151452391752161,0.3468592154503166,0.5001110601634526,0.3069826586683851,0.026344408219391,-0.4780483203767706,-0.5139726233762024,0.3565908933188448,-0.597801092796846,-0.0011686671925332,0.7466822415209677,-0.7590238796764557,0.1716750243128037,-0.6407806546486277
2015-04-09,EL,84.15,84.64,83.835,84.49,951299,0.2036984086477706,0.2101706605674726,0.383885536045581,0.5919178126100919,0.3100055026389161,0.0278255271456178,-0.5157972950495151,-0.5595142243828216,0.5604650698918305,-0.6779363170007701,-0.0011771242986436,0.932955759070636,0.1074364270422225,0.2789431871674941,-0.7972726299689287
2015-04-10,EL,84.4,84.57,83.23,83.44,1150140,-0.806708190921357,-0.7990692946856243,0.016135618679586,-0.2159675631486807,0.2663117010038837,-0.0912374192930406,-0.5590485109164685,-0.5054944007385865,0.2339529927977878,-0.3716938086112856,-0.0013201712539547,0.2552100087182853,0.2033005921330169,-0.885673348888387,-0.2529160451451461
2015-04-13,EL,83.52,83.9,83.2,83.2,995286,-0.2120699764128996,-0.2031277192604912,-0.101983709251707,-0.0889009669910966,0.2180292518880913,-0.198298876067643,-0.6665823220884737,-0.5331443695838909,0.3194606786736805,-0.5833375728677744,-0.0013116664808713,0.1002966943520368,-0.8073695952328775,-0.3157869920824458,-0.89013878464092
2015-04-14,EL,83.21,84.87,83.14,84.64,1296658,1.04454691365446,1.0376857501588983,0.2966156664937068,0.174342360825444,0.2320659198808166,-0.1235397068496239,-0.7101222361617661,-0.4649250003038231,0.4641442187283884,-0.1474522549930617,-0.0011505816983663,1.0297765805495471,-0.2125762556718893,1.2720737000704438,0.1121223010086493
2015-04-15,EL,84.58,84.99,83.94,84.31,943268,-0.2757317752649665,-0.2666555765870247,0.1371578068442313,-0.021031751649882,0.2259025190017677,-0.1157270010147422,-0.8277418208056601,-0.4656001911832774,0.4667232212721374,-0.6560575183905906,-0.0013075744233231,0.8167707732959519,1.0443684518083556,-0.2674962859376739,-0.5533936155884569
2015-04-16,EL,84.44,84.49,83.84,83.92,821857,-0.3209883882592172,-0.3118566430672579,-0.019831208811144,0.3010297928826864,0.2016486635256562,-0.15604135505946,-0.8995734806280907,-0.4825766268053155,0.2242122838323,-0.8063307857444459,-0.001300577916107,0.4154044588015717,-0.2762546621681509,-0.491580978654741,-0.9458096168013862
2015-04-17,EL,83.33,83.71,82.5,82.82,1025547,-0.8490570684143871,-0.8417305941558834,-0.3830304991883531,-0.2097197913743536,0.1358737075292792,-0.2951674362646275,-0.9824077682470976,-0.4186851440919961,0.0393252046411317,-0.4976657499026086,-0.0013164580533411,-0.962264360191981,-0.3215230813906204,-0.4887119718535187,-0.3737141471984961
2015-04-20,EL,83.42,83.58,82.305,82.54,1391589,-0.243479627929766,-0.2344631401323798,-0.4555414220574306,-0.6871134383386541,0.070221396228191,-0.4061526158943693,-0.9499301993553976,-0.5875398193390019,-0.3415423636139492,0.0832087465777041,-0.0013455127745738,-1.3787623297750298,-0.8497295204044546,-0.8233145242568186,-0.3039529820652504
2015-04-21,EL,83.22,83.3,82.48,82.73,1241514,0.110316618987675,0.1175835705671341,-0.3935696568840286,-0.3410868196475637,0.0236997012157769,-0.4456988825973146,-0.94359632419971,-0.6053067620353422,-0.1940573361480897,-0.1296672127041204,-0.001147463522256,-1.1831010868648475,-0.2439941011186489,-0.4711660429073485,-0.7652692077967415
2015-04-22,EL,83.03,83.252,82.03,82.42,1177124,-0.2662849542635843,-0.2572245117806703,-0.4763345123884192,-0.4413457448390618,-0.0267570240962266,-0.4874645962107816,-0.91058215931542,-0.6144029896580125,-0.3330882326692058,-0.1762119008046538,-0.0013300179075061,-1.482401000756508,0.1098944416856847,-0.5813760347506192,-0.3556707814025568
2015-04-23,EL,82.22,82.92,82.22,82.45,1012464,-0.0103347821325372,-0.0022464270144879,-0.4472139124211146,-0.8179142527920396,-0.0664933196156908,-0.4932829653636331,-0.8834174565071444,-0.6230124004417915,-0.3902662221482782,-0.3225121530542377,-0.0011651735680598,-1.436667038203158,-0.2668053767462717,0.1850299656487888,-0.8837605089061452
2015-04-24,EL,82.53,82.8,82.08,82.26,762426,-0.1764651409865682,-0.1676261956375766,-0.5053915594502867,-1.3215824722212242,-0.1059371520542164,-0.4971848657502176,-0.8778658211294742,-0.7180670269925061,-0.1853090885161003,-0.7082521424780861,-0.0012995090758135,-1.637811780914644,-0.0107884341270045,-0.273487058467909,-0.8618634237452891
2015-04-27,EL,83.21,84.15,83.06,83.17,1363959,0.6557325507205596,0.6564110357833645,-0.2237005893053584,-0.5314003446026918,-0.101904497754519,-0.3883986576262909,-0.8840371550407198,-0.6865527190350567,-0.1178662142184178,0.3357855077811312,-0.0011389715583891,-0.6744343289806765,-0.1769621319054696,-0.0626351592720736,-0.4990846714491947
2015-04-28,EL,82.77,83.18,82.48,82.95,863820,-0.1976800426872328,-0.1887770886304326,-0.2753524735587503,-0.7025082499179645,-0.1078200857510284,-0.3269762955424222,-0.8856383331303946,-0.7680973038081678,-0.3631345619472141,-0.5126231293829011,-0.0013060402246199,-0.9073387679097672,0.6554526577067243,0.1379859902700265,-0.8880255082321108
2015-04-29,EL,82.87,83.5,82.33,82.44,1718425,-0.4157760204389876,-0.4066350045279134,-0.4245692364717792,-1.0290661195937807,-0.1327455352242834,-0.3267694620690191,-0.8644415260355925,-0.7995783445653626,-0.2946332225989365,0.9474579263709064,-0.0013716381826989,-1.447253603609031,-0.1981825680010998,-0.4183434317403539,-0.4085387791514327
2015-04-30,EL,82.36,82.75,81.08,81.29,1384233,-0.9014669688567026,-0.8945678713175512,-0.757724357140108,-1.0579595896885268,-0.1971812654191605,-0.428302777713471,-0.7731521105433353,-0.7275482232411526,-0.4977300473475091,0.3655656895299328,-0.0013516243532816,-1.7106235376058547,-0.4163354411039774,-1.0078659695250982,0.1208084028523432
2015-05-01,EL,81.96,82.81,81.5002,82.77,1296084,1.100500026549663,1.0923611178494703,-0.2706740268441291,-0.337520687586379,-0.189512272856502,-0.3239331151061958,-0.7808005162214813,-0.6435786557919765,-0.3997374831182553,0.1912522196896644,-0.0011365634251656,-0.5077412208785071,-0.9021530931745164,0.7203518969245744,-0.2724902952766455
2015-05-04,EL,82.94,83.81,82.67,83.54,2208117,0.5461834769906565,0.5485609605728707,-0.0052786833482501,-0.6013385750863478,-0.1530624367105123,-0.1663559890880303,-0.8433473009398251,-0.6518866590455507,-0.4146437828448797,1.6739376265310524,-0.0010685323337858,0.1180826871485717,1.1003361613597529,0.5202360304847162,-0.4540414054633028
2015-05-05,EL,87.72,89.84,86.55,86.9,5943765,2.471038024403695,2.416744694203784,1.0068811676922802,0.5117615867622991,0.0062905859164564,0.2760563979974739,-0.6052323943151853,-0.1964565486332105,0.3431770702151362,6.358051444590046,-0.000801551066414,0.327228784147119,0.5458750055817527,-0.7325689885151642,1.5639284201736785
2015-05-06,EL,86.96,88.04,86.28,87.42,2482411,0.3395491755819009,0.3446185714372452,1.1170756326924631,0.7468009820834769,0.1496230314222608,0.5887496179440712,-0.3842326796805937,-0.1918660581521518,0.3996049789387442,1.2971333640670624,-0.0010837305468894,0.5245546288354845,2.471231695567361,0.3733364065260009,0.0865520120778653
2015-05-07,EL,86.97,89.07,86.52,88.33,2774697,0.6150800736688027,0.6164109569841277,1.3394380561172912,1.3100588051416373,0.2939441065219166,0.8414489094570448,-0.1360012635826057,-0.173940694323496,0.500014471170399,1.4767626804818088,-0.0010746396065263,0.8698748570401258,0.3391867988637206,1.1551302448018272,0.8146445241917158
2015-05-08,EL,88.86,89.2,88.005,88.42,2032022,0.0304390681774688,0.0382757813056192,1.285385688892868,1.439287261381241,0.4054912150425802,0.9592487168843224,0.0656529226718061,-0.2359983288485166,0.7090692703414856,0.4648688682469568,-0.0011266532225077,0.9040274070823444,0.6147895755214858,-0.40041947084792,-0.4649686991724922
2015-05-11,EL,88.29,88.94,87.74,87.92,2294568,-0.3850546129373479,-0.3759007079937121,1.0519285982547972,1.2075257615060413,0.4671343136517871,0.9250365003923854,0.1855986354096472,-0.2248066049133514,0.6657023018083671,0.6808933104107522,-0.0013684990318028,0.7142910179589145,0.0299960529794887,-0.3429340671007664,-0.4538235456880751
2015-05-12,EL,87.53,88.16,87.3,87.59,1379639,-0.2666761201050515,-0.2576149966947061,0.901233921609026,1.1996079386236242,0.4955905562042197,0.8122443310076569,0.2728076361978573,-0.2783505250459386,0.3444006622803269,-0.409698335333132,-0.0013219326556109,0.5890650011374516,-0.3856060192167227,0.0254726312501481,-0.7730439700615844
2015-05-13,EL,87.77,88.24,87.29,87.54,1188735,-0.0685355095995803,-0.060133943511699,0.8335679872709663,1.1756329896974853,0.5086154103667544,0.6822904674296907,0.3461552676857231,-0.2862654577437966,0.3951793774634982,-0.6459325322591298,-0.0013129761237362,0.5700913622251095,-0.2671966446323439,-0.2242988977488361,-0.686893738013905
2015-05-14,EL,88.16,89.5109,88.12,89.39,2668857,1.2827152817411906,1.2700814124958268,1.318731520712065,1.4717118558559077,0.5833252673087475,0.737103511838054,0.5021936275269314,-0.2036323032384733,0.7898088685107036,0.9349861345940472,-0.0010808519425213,1.272116001981798,-0.0690043445921889,1.027774825590258,-0.2945479613764544
2015-05-15,EL,89.59,89.59,88.27,88.95,1749998,-0.3394457186236264,-0.3303007969488186,1.083189434380446,1.20922241367191,0.6164151004881812,0.6738247226726127,0.5769888388077465,-0.2609730726227875,0.919561791502139,-0.1290424423917722,-0.0013429915083444,1.105147979553181,1.2825989515908118,-0.5660323952870215,-0.354562413281844
2015-05-18,EL,88.62,89.52,88.62,89.17,1034868,0.1209867365962676,0.128169891899104,1.044244663398294,1.3156608268899517,0.642198268805621,0.6043944617669119,0.6241877783166389,-0.2752635138639177,1.0122156030687757,-0.9006305198502819,-0.0011811830618407,1.1886319907674896,-0.3399852267740991,0.4425785274376426,-0.7501578864184156
2015-05-19,EL,89.02,89.62,88.42,89.57,1287834,0.2462819091680083,0.2523458467948399,1.0573571862603044,1.5515136638918965,0.6689663008602104,0.5513852753477237,0.6674595359277359,-0.2760200164886233,1.0467863006853968,-0.622886336323711,-0.0011678041128096,1.3404211020662302,0.120567342839825,0.4404716072925416,-0.4747778337287473
2015-05-20,EL,89.33,89.88,89.06,89.08,1217821,-0.3735837216751561,-0.364428914668375,0.8018077626828913,1.8226234866122504,0.6615735523652769,0.4210486651425955,0.6473723017298354,-0.2674666090345419,1.0192789322593134,-0.7016493472179187,-0.0013116797882655,1.1406804306072058,0.2458952015386138,-0.2377566750023362,-0.8241538876011091
2015-05-21,EL,88.98,89.53,88.52,89.35,1453279,0.1557070342340682,0.1626049964516941,0.7753454026956773,1.7117312538299254,0.6570703287211886,0.3242169642025098,0.6102104543075157,-0.2710432482760498,1.061597539996639,-0.4611039510903312,-0.0011583051293752,1.2426723641423718,-0.3741321355087609,0.2878457385292325,-0.649250392106568
2015-05-22,EL,89.4,90.325,89.26,90.22,1577950,0.5732098061230437,0.5751855991238704,0.913955772998631,1.7218835476279373,0.6782265765929669,0.3127986414143522,0.5640022465446639,-0.2757669024005978,1.2536868500195628,-0.3622611597196582,-0.0011537693559897,1.4051243918433485,0.155296698065691,0.666664028917046,-0.6075285643520759
2015-05-26,EL,89.98,89.99,88.04,88.48,2315093,-1.2337163406301317,-1.2305796279586318,0.306261797096461,0.3473365822985406,0.6176976842527759,0.0934078384564774,0.4810522993953777,-0.1403581696565078,0.770187808521925,0.3630932023370994,-0.0013691446395482,0.7794807060510371,0.5729083851535905,-1.285792853818646,0.2454151988012355
2015-05-27,EL,88.47,89.115,88.11,88.77,1028812,0.1710594595995958,0.1778252125935327,0.3045414920727156,0.281736746259824,0.5728417312377124,-0.0417629278905647,0.3674182526579343,-0.1498862205097888,0.862971732586604,-0.9789518311369132,-0.0011838396071673,0.8837546536830866,-1.2344891398369653,0.2298780410764617,-0.647789331641418
2015-05-28,EL,88.46,88.62,87.8,88.46,1033550,-0.2504117423257712,-0.2413810085529876,0.1201468444915386,-0.1401972561175482,0.5174320456099799,-0.1770646670347619,0.1792367380901084,-0.1618241398205155,0.9049760840135894,-0.9549351793563324,-0.0013006206896343,0.7722893993177885,0.1706531284644189,-0.0263165508545973,-0.8187769329789015
2015-05-29,EL,88.77,88.77,87.43,87.43,1676678,-0.7579087564084162,-0.7499462737274893,-0.2795996570097694,-0.5208393775951022,0.4263720794860072,-0.3770692666415792,-0.194082076039979,-0.1824206248158792,0.9418281805935672,-0.2904938476712163,-0.0013386586298675,0.3523718227558437,-0.2509280239161049,-1.1667850888182008,-0.3139963074033571
2015-06-01,EL,88.01,88.17,86.61,87.73,1044912,0.1806309871390022,0.1873124207137221,-0.2636797497412349,-0.2541621454951008,0.3601651896231234,-0.473101555867136,-0.5146900768614143,-0.2437233660454424,0.7126159053187694,-0.9441442493913786,-0.0011807711468628,0.3160007522368749,-0.7585574302652541,-0.2666812803731941,-0.109370857494986
2015-06-02,EL,87.25,87.84,87.06,87.26,1035996,-0.3665339163485415,-0.3573796093512504,-0.4581411843576582,-0.3003675649866038,0.2842260849841217,-0.574977940544976,-0.8594996201563209,-0.2383669650430296,0.4865087362845725,-0.91918449200998,-0.0013027773771619,-1.0759386550410404,0.1802271529568904,-0.0176573204637081,-0.8463563279620756
2015-06-03,EL,87.5,87.76,87.04,87.36,1316818,0.0383516964607595,0.046136503872916,-0.4351981739648706,-0.2493960235029046,0.2237044946327368,-0.6167946319174991,-0.88388567319535,-0.7443383092145427,-0.089734570214177,-0.411229302113974,-0.0011646686501136,-0.9937586417544568,-0.3670804910783099,-0.14719940711135,-0.9044486848948612
2015-06-04,EL,87.13,87.71,86.95,87.39,1487660,-0.0116162224821268,-0.0035203886986601,-0.4258535704132447,-1.0356604832904408,0.1732283587692848,-0.6243911580922122,-0.882597916886011,-0.7582541378268792,-0.1725169461158704,-0.1412908811078933,-0.0011569552013735,-1.121240252378391,0.0379107454538255,0.199133513896035,-0.8665378471927115
2015-06-05,EL,87.39,87.79,86.865,87.46,1363204,0.0168730795584369,0.024796460982419,-0.3922980373500391,-0.8551747645325225,0.132754105182757,-0.6047237062297347,-0.8642152829957301,-0.8055010774420158,-0.3121310658790244,-0.2189576901844575,-0.0011664845095905,-1.120722891083767,-0.0120702087697772,0.0342009564257823,-0.7098890165897767
2015-06-08,EL,87.53,88.03,87.194,87.53,1381110,0.0168331660141645,0.0247567981017665,-0.3584150384255425,-0.9393189946464416,0.1005773292044754,-0.5676321802140121,-0.8502975111363459,-0.8057608850066158,-0.3153058240775291,-0.154230727876222,-0.0011675476170659,-1.0580868997995143,0.0164265253603626,-0.0263165508545973,-0.7953344284446879
2015-06-09,EL,87.47,88.31,87.46,87.95,1329749,0.2657401131165088,0.2716079161068302,-0.2340685689887602,-0.92787398997253,0.0888856095578211,-0.4852307770461883,-0.8507842706431921,-0.8077007340364852,-0.1624656157097979,-0.1630695365807591,-0.0011722508908335,-0.6822709520940361,0.0163866014037243,0.3882811040788189,-0.7858693181515964
2015-06-10,EL,88.37,88.95,88.02,88.35,1143346,0.2501559182835016,0.2561812844949331,-0.1265103073253496,-0.5266488108880734,0.0925985317744259,-0.3796583715408831,-0.8627601948790875,-0.8066850768762723,-0.0400448497706568,-0.4132807738350177,-0.001183627549707,-0.3243510018983516,0.2653584816070743,-0.0434155177348754,-0.7140516962529962
2015-06-11,EL,88.38,88.65,87.54,87.69,1192133,-0.4980815523789375,-0.4890503328239858,-0.3247315830531489,-0.912517709095331,0.0670967440394249,-0.3703986076320809,-0.8674604330063739,-0.7813115694524769,-0.1423115118815839,-0.3438915546097237,-0.0013030270037936,-0.9149189197212406,0.2497702212784714,-0.6161641607292768,-0.5363763138062517
2015-06-12,EL,87.64,87.82,86.78,86.99,1026001,-0.5299811753245378,-0.5210220313948735,-0.497481847625722,-1.6331339930511504,0.017440271867625,-0.42516453843176,-0.854021479155705,-0.9747139647908132,-0.5617908421395099,-0.4907922448456094,-0.0012957745787778,-1.5412788325637046,-0.4986624443346285,-0.5866618310269612,-0.5949508261321669
2015-06-15,EL,86.41,86.76,86.16,86.45,1146457,-0.4194696635739671,-0.4103312249047228,-0.621598883918394,-1.298677719258994,-0.0443497835667559,-0.50020891751442,-0.8050214308754802,-0.969213367358818,-0.580252371813502,-0.2682640109829688,-0.0013031605689412,-1.6498471679967046,-0.5305703890304366,0.0086570795865468,-1.0129026657667957
2015-06-16,EL,86.77,88.19,86.44,87.83,1454998,0.9608280373188952,0.955788408388604,-0.1907548289195857,-0.6164024406525339,-0.040240351537407,-0.3906202744832288,-0.8247869001939179,-0.8376399545469794,-0.3881787143711219,0.1739779052819778,-0.0011642795595083,-0.5484376790001573,-0.4200300478107074,0.8966394508752451,0.0692306217380495
2015-06-17,EL,87.92,88.2,87.05,87.91,1132425,0.0237117219475756,0.031591780491053,-0.1421995563389995,-0.4482752618369786,-0.0351263713642816,-0.3003636704291052,-0.8715493583535396,-0.8488683055818181,-0.4396626391227751,-0.3076190396461445,-0.0011833449361265,-0.484587853551083,0.9606277354787024,-0.0349097930248099,-0.5010953913305762
2015-06-18,EL,88.34,89.0,88.26,88.34,1362999,0.2715308153761105,0.2773390924767924,-0.0028466606785885,0.2855630508257827,-0.0156661343676203,-0.1912313690873163,-0.8945968819641648,-0.8455458845539706,-0.2894801675347372,0.034523704720386,-0.0011727541521817,-0.1413950417622972,0.0232669517666296,-0.0263165508545973,-0.8932003322388381
2015-06-19,EL,88.07,88.85,87.98,88.32,968297,-0.0470911387045433,-0.0387986795385262,0.0066277129279227,0.1347296053758013,-0.0026959316349221,-0.1206307644858836,-0.9363662456381264,-0.8510202972402523,-0.3367790874172997,-0.5399210685339696,-0.0012911838686232,-0.1573574981245742,0.2711506945045232,0.1881486051589999,-0.7703711412112414
2015-06-22,EL,88.61,89.49,88.19,88.33,758598,-0.0259468993131842,-0.0177692156739245,0.0380007451286358,0.4530978000170546,0.0062088918389625,-0.0746144970329832,-1.080013692648644,-0.901800813455378,-0.4751424184522135,-0.8273805304365133,-0.0012040566048139,0.0021107751290399,-0.0475543794398701,-0.2650537119530253,-0.3647517607472827
2015-06-23,EL,88.13,88.67,87.69,87.71,870840,-0.4699934759637239,-0.4609124543738669,-0.1358261206266504,0.0009245655783891,-0.0126843843374547,-0.1093533130369503,-1.0952926529695055,-1.0587419478087408,-0.2952871116604567,-0.5624065513806653,-0.0012864704942672,-0.3340110786322328,-0.0264046240874337,-0.3863727152412711,-0.660141114079037
2015-06-24,EL,87.73,87.91,87.25,87.48,1180835,-0.1962539227082061,-0.1873550449345778,-0.1853665523262694,-0.1418906136670124,-0.0379677084379279,-0.1535922391944273,-1.1298576873588035,-1.064711237207886,-0.3809009542037934,-0.0476963552350682,-0.0013029991269489,-0.5636092028399625,-0.4705670404987697,-0.2416128724107071,-0.9625519835939766
2015-06-25,EL,87.78,87.8,86.55,86.75,1747660,-0.5525247053054979,-0.5436264575915217,-0.378496508947334,-0.5215747927396974,-0.0874229179438287,-0.2512013970442722,-1.1233184305941768,-1.037153551080713,-0.4513792747904444,0.8249742377499817,-0.0013339212163037,-1.2923336840210542,-0.1967560759858816,-0.9128321434187832,-0.3904469651107925
2015-06-26,EL,87.08,88.03,86.8395,88.0,1995791,0.864093834449431,0.8610238307458807,-0.0126194152686032,-0.0036081363591604,-0.0782164982357307,-0.1782946995646924,-1.119918546133501,-0.9901419874507328,-0.0717279708102761,1.1904159155439231,-0.0011350064047467,-0.0445177915876849,-0.5531198000096024,0.7718878858430666,-0.4638546614762764
2015-06-29,EL,87.43,87.56,85.98,86.05,1611056,-1.412577555804293,-1.4122241594845648,-0.5718488991301458,-0.8110109232711448,-0.1476578556512046,-0.3224073660058791,-1.0438023019387537,-0.7746129004340175,-0.4487194345049843,0.508906167056857,-0.0013264011628087,-1.81500856655418,0.863868297267924,-1.2188301448320582,-0.0610675653614875
2015-06-30,EL,86.62,86.9,85.99,86.66,1556275,0.408345071116024,0.4125928554972072,-0.3800983753270553,-0.7296461054598236,-0.1783242261122803,-0.3378913502346892,-1.023763361753007,-0.7592005069191231,-0.2684617045948842,0.3727884638521601,-0.0011593484099387,-1.2373018036368224,-1.4133970150721904,0.0085722901338371,-0.7161775578058942
2015-07-01,EL,87.11,87.69,86.95,87.67,991604,0.6926053632899154,0.6926697712528266,-0.0819021130540217,-0.1951553223890037,-0.1626990056617279,-0.2311247795031334,-1.024195321838525,-0.7045202978064473,-0.1153612176766341,-0.4847023498193523,-0.0011911433328208,-0.2807709338884051,0.4080006413892215,0.4593796917107039,-0.8878650660309433
2015-07-02,EL,87.97,88.35,87.36,87.52,1064706,-0.1395171520375207,-0.1308069252508804,-0.1288200157825559,-0.0156731223988231,-0.1561157845745995,-0.168985473624802,-1.0248911587385436,-0.7031498124732766,-0.1456294678798911,-0.3417149068625857,-0.0012970657672851,-0.4228299739500559,0.6923350893971646,-0.4127926600078512,-0.6485970862047288
2015-07-06,EL,86.87,87.63,86.5,86.93,1379111,-0.4526971642144137,-0.4435918344912403,-0.2977980909011283,-0.0328901586411071,-0.1738109121385658,-0.1817660804076238,-1.014764695678815,-0.6860939332591696,-0.2564761635788698,0.1596460138965344,-0.0013145238159432,-0.981595531525851,-0.1400045042238502,0.0258661026463623,-0.5079790131635599
2015-07-07,EL,87.16,88.4,86.65,88.24,1643098,0.9052074439279,0.901318040965201,0.0843003201653603,-0.0546166922514146,-0.1364023307832689,-0.0501545676648456,-1.0017922456365742,-0.6021912069900447,-0.0483469353404072,0.5545898460063964,-0.0011548742283618,0.2590534183458411,-0.4532662166087944,0.9098460004683436,0.0615149899076215
2015-07-08,EL,87.19,87.77,86.11,86.2,2287850,-1.472325105802149,-1.4730203899781673,-0.5013349058700659,-0.6491154015638395,-0.1865865330929185,-0.1703276747481258,-0.9619622233812648,-0.4330224234526091,-0.4597050526929265,1.4436065311631927,-0.0013612577502009,-1.6729495264925291,0.9049926321768724,-0.8841702876233204,0.0136160805382322
2015-07-09,EL,87.3,87.57,86.05,86.22,1298781,-0.0185510227504133,-0.0104151713018517,-0.463797720863977,-0.78162759281636,-0.2246769658666832,-0.2353370058189717,-0.9475664519884656,-0.442576651110934,-0.5215499601720123,-0.0757719877711121,-0.0011724071980835,-1.6540083211509802,-1.4731601515924155,-0.9609778105717512,-0.1220811946949223
2015-07-10,EL,87.21,87.73,87.0,87.42,951026,0.833504130902072,0.8310267611200144,-0.0992449922026275,-0.4152513488450582,-0.2069477267751887,-0.1436655962086459,-0.950046838881696,-0.3904086344617303,-0.2126972527115236,-0.5896858629316899,-0.0011925025880293,-0.517536000657814,-0.0190068181401861,0.1556106923938754,-0.89538673021563
2015-07-13,EL,88.26,89.31,88.0,89.18,1265520,1.2204258969791653,1.2093859748986977,0.3960142223503384,-0.0030634860556714,-0.1238991744970094,0.0978023191752961,-0.8832533465171029,-0.2976965166084754,0.2022614506224067,-0.1260687431585287,-0.0011770870639101,1.1492900693988302,0.8332706136929552,0.7612162199094246,-0.367097328420487
2015-07-14,EL,89.28,89.63,88.55,89.2,1278863,-0.0190337112511718,-0.0108951030018346,0.3600000098957879,0.1521236401415054,-0.0583193563383639,0.2460124305763068,-0.8503722851900176,-0.3146007754089587,0.2997065225304643,-0.1154211547321105,-0.0011779269512201,1.0512628450421322,1.220293317210367,-0.0940152830772393,-0.5822641683255022
2015-07-15,EL,88.88,89.95,88.805,89.42,1496871,0.120555170509821,0.1277417501784575,0.4016219573377588,0.2554902894643778,0.0006082099750605,0.3474577379634727,-0.7903237124718417,-0.3791952879988282,0.0983959153009198,0.2098610541447751,-0.0011686131485124,0.9990963303176909,-0.01948963256134,0.4327064462949785,-0.524165726144744
2015-07-16,EL,90.03,90.37,89.25,89.31,1932570,-0.1095827588294201,-0.1009928636005771,0.3473677827043485,0.4272510766341897,0.0408130048550959,0.3804218925089683,-0.7459412141678735,-0.3777888217966184,0.0664119062270288,0.781726400384002,-0.0013358840889213,0.6402289959994804,0.1201356641694405,-0.6305294278460264,-0.5461804398181203
2015-07-17,EL,89.24,89.27,88.52,88.68,1347210,-0.4721693005156329,-0.4630916799563734,0.1537967809358336,-0.0165680526819824,0.0456590780995692,0.3157804753422167,-0.7372478219630563,-0.3657967333436777,-0.1109518553475112,-0.0731066543470367,-0.0013099184861099,0.1631824427901968,-0.1100623019409113,-0.5004200883922748,-0.8864790131280756
2015-07-20,EL,88.69,89.1,88.26,88.53,1456156,-0.1383039549234571,-0.1295983258327283,0.1057734563884705,0.5551119540669035,0.0414226472872277,0.2406891325183871,-0.7326374215147643,-0.364742441420412,-0.1325564855048593,0.0493235704441123,-0.0013171565055938,0.0495999301213145,-0.4727434326645482,-0.1626147313222369,-0.8005600698354505
2015-07-21,EL,88.65,89.77,88.01,89.24,1174750,0.4663059633189154,0.469803672036738,0.3042435023950446,0.5773126149636592,0.0635787075470254,0.2485498759424301,-0.7030471370164839,-0.347014919823401,-0.0161720695850582,-0.3798963484353034,-0.001180992771556,0.5872238234206651,-0.1387909906194208,0.4765097688823063,0.052332669241968
2015-07-22,EL,89.11,89.75,88.5826,89.32,864381,0.0228157341769642,0.0307015112671109,0.3037057113060284,0.3517845218538377,0.0816486607316359,0.2443209014108941,-0.6700404211343216,-0.3654760585346994,0.1021085562103766,-0.8193354924215481,-0.0011982860119424,0.6478011635107322,0.4659766540237103,0.1517316466956016,-0.5020704388578843
2015-07-23,EL,89.52,89.66,88.95,89.15,764863,-0.1514898448291036,-0.1427355100977,0.2276859095503325,0.3440438234934565,0.0865845392561213,0.2071308397085454,-0.6515679351448873,-0.3669075400329213,0.1128904222078948,-0.94431977291974,-0.001281397829554,0.5190743158193466,0.0223707302570042,-0.3385837594043426,-0.9275885078966332
2015-07-24,EL,89.2,89.49,88.16,88.4,901968,-0.5567596787660452,-0.5478737917762495,-0.0207375066764589,0.2833337879341179,0.0586078017026422,0.0926622831400083,-0.6754138130205453,-0.3665166589213376,0.1118637615869778,-0.7069208331200305,-0.0012889780232132,-0.0488382475250428,-0.1519803203676714,-0.703911036598721,-0.3374399313035676
2015-07-27,EL,88.08,88.47,86.63,86.87,1694087,-1.110538999757868,-1.105794628794464,-0.4600812359483949,-0.6188720177064534,-0.0251839142747372,-0.1425793557445619,-0.653699284827599,-0.3346041746142598,-0.3560655969370155,0.4956257019954604,-0.0013310856071062,-1.2073798767475985,-0.557355878260364,-1.0642100572597777,0.1739251037821721
2015-07-28,EL,87.15,88.12,87.15,88.02,1356798,0.7911865645615732,0.7895050669026102,-0.1464873166841291,0.441886832776148,-0.0474793056015287,-0.172482185837173,-0.7189566962645255,-0.4392544593764172,0.168752016598933,0.0093127162491082,-0.001169599521382,-0.3406433055673586,-1.111279665322754,0.727900925790362,-0.6728890719695301
2015-07-29,EL,87.97,89.84,87.97,89.62,1195572,1.0987110689424648,1.0906137598234904,0.2853437863052804,0.8048370786048797,-0.003831527272053,-0.0266678664023243,-0.7244771981055831,-0.3617024158355444,0.3341637908166455,-0.2099316557514872,-0.0011799404778574,0.8657639019424541,0.7909420078421434,1.3907625160406625,0.1476563135566249
2015-07-30,EL,89.09,89.8,88.61,89.53,845226,-0.0955180624097925,-0.0869896607309588,0.2305550254258899,0.5040881523134654,0.0252306617082208,0.0524405332460181,-0.7071399417431297,-0.3921265300589376,0.1441117591283902,-0.7402018152835281,-0.0012861023069632,0.7965101199123998,1.0985467370618238,0.3468205629696999,-0.4835876935327853
2015-07-31,EL,89.84,89.982,88.98,89.11,1278018,-0.3250587678300206,-0.3159236446433744,0.0819914695076372,-0.2160225606530876,0.0296948476190357,0.0524124165090633,-0.7117132046375689,-0.3842845456634157,0.099337649626268,-0.088408528957012,-0.001309363840574,0.4733258037721563,-0.0959939364217914,-0.6402168532493373,-0.6541951708231847
2015-08-03,EL,89.2,89.87,88.76,89.51,1181192,0.2464699540241773,0.2525320248764489,0.1620111837807452,-0.0749604846533634,0.0467400691976209,0.0847732923506519,-0.7362430274326898,-0.4008500067543945,0.2684059187711782,-0.2229390320805436,-0.0011795877276408,0.7811203905723911,-0.3255945228135371,0.2362513123712533,-0.5578264825199732
2015-08-04,EL,89.5,90.76,89.13,90.19,956424,0.4399730721201585,0.4438181089933011,0.334141675241395,0.0788640584224514,0.0843419773382968,0.1635745503592943,-0.6982803158124895,-0.4484127074151912,0.1570784850192694,-0.5298424807063409,-0.0011927355734563,1.0405892667699044,0.2460832954506077,0.5561497258015385,-0.085108127057719
2015-08-05,EL,90.83,91.247,90.5,91.01,1398030,0.5330488704512852,0.5356174376075188,0.5040014928568368,0.356639972440521,0.1430680384775417,0.2809887629403582,-0.7270990790036168,-0.6494730924496328,0.6520393285147124,0.2493343253489716,-0.0011709536842344,1.2912853282225467,0.4396368932847342,0.1234062425934387,-0.9072713563524876
2015-08-06,EL,91.18,91.454,89.99,90.04,1279087,-0.6965527552110341,-0.6882386780846378,0.160631346830287,0.2319242559426116,0.1480313504641002,0.236535742191236,-0.8460812172402601,-0.5878777963368997,0.4832145274393064,0.0558790089962493,-0.0013067044606637,0.4685021572626112,0.5327369725782228,-0.970921015462361,-0.2362481786081332
2015-08-07,EL,90.04,90.72,89.14,90.47,1664775,0.2643268814750391,0.2702091313330878,0.2417640403336499,0.3942773940264956,0.1652862751000317,0.2326117249560419,-0.8736278943603188,-0.6370628543377967,0.3449226845920737,0.6121187913905928,-0.0011574503072081,0.7648118714210376,-0.6971854229440195,0.3344927296762951,-0.1358297294624358
2015-08-10,EL,91.46,91.68,89.76,89.89,1934603,-0.4321301399807957,-0.4230022097781127,0.0606748078765881,0.0090610107426291,0.1526785386332609,0.1526065355637523,-0.8659555780634353,-0.7569351164128649,-0.0505510676987229,0.9632279947586674,-0.0013388330672383,0.2646045042677235,0.2639448812916322,-1.3232365454089106,0.188790124849019
2015-08-11,EL,89.0,90.35,88.9,90.28,2447223,0.2371189266273097,0.2432731494551208,0.159283553007297,0.0944308019578212,0.1545577275742761,0.1258914806627146,-0.8477386592437202,-0.7510181648342846,0.0103422597020135,1.596530964892706,-0.0011167514517375,0.5213234744860545,-0.4326938269939466,1.060270921116209,-0.2527744324798656
2015-08-12,EL,89.43,89.43,87.25,88.84,2039459,-1.026035187911613,-1.0203331229789083,-0.2553170114280224,-0.2701812186779663,0.0965656025471066,-0.0495882947505884,-0.8433813913094691,-0.650908046232869,-0.2627375035110973,0.9304903846043387,-0.0013431214807756,-0.4265619540123956,0.2367298286232078,-0.5247572669976992,0.4537354544702657
2015-08-13,EL,88.87,90.47,88.46,89.81,2209120,0.6467686617391676,0.6475932214379095,0.022377533033266,0.173208922979341,0.0860928230777627,-0.0676581376426387,-0.8388206313076766,-0.607490240265418,-0.0852546368792558,1.146117485385487,-0.0011298598869944,0.211944202684477,-1.0267538087139327,0.7728133923302983,0.2738929690630104
2015-08-14,EL,89.22,89.46,88.21,88.82,3324714,-0.7192832841561776,-0.7110922911841885,-0.2705457956697099,0.3366717653159656,0.0367116667408332,-0.1822635042207062,-0.8419794497734407,-0.5809987992195081,-0.1442911475864897,2.440374312793248,-0.0014059097415739,-0.4397270294082143,0.6464864302887584,-0.3650378472476533,-0.4184340766755773
2015-08-17,EL,86.85,88.0,82.71,82.8,11082486,-4.252691896929673,-4.370319658179622,-1.960915251438753,-1.1624250814032224,-0.2382933929375429,-0.854699840655356,-0.2923234177955987,0.5188509758855986,-1.1180465728924824,9.270030875147938,-0.0018207063322643,-1.8479497932351336,-0.7199218816703488,-3.5494567914982764,3.7332309885144346
2015-08-18,EL,83.18,85.22,82.6,83.82,6233717,0.7339507956989008,0.7333014029456768,-1.584865638963898,-1.31180147469682,-0.4130291378133963,-1.1345574195990584,-0.0431589731132746,0.5407428963205201,-1.0594659500423804,3.5988174158315127,-0.0008320732409806,-1.4346616535668069,-4.254252265334608,0.5549907646383071,1.0136993764403253
2015-08-19,EL,83.49,84.48,83.04,83.42,2699517,-0.3300995386306881,-0.3209606024175169,-1.6208952513336674,-1.3482029924424248,-0.5624631414654473,-1.2933172364036931,0.1781961559883577,0.5382051964984371,-1.1375916178522425,0.3030286389626676,-0.0013976147903549,-1.5811013688726403,0.7336913077129716,-0.0896609628947505,-0.152690031420231
2015-08-20,EL,83.0,83.21,82.11,82.18,2227492,-0.9584331864014588,-0.9520498058745172,-1.8923165529202808,-1.4378361190227271,-0.7230528839544366,-1.449039769571928,0.445401351781906,0.5619881937157682,-1.3157130702157651,-0.1664817423803474,-0.0013780848293212,-1.8569879777657,-0.3306366086151853,-0.7727317777411628,-0.4757855059081041
2015-08-21,EL,81.5,81.97,79.77,79.83,3004376,-1.81331227719212,-1.8211397226187724,-2.4759889023600783,-1.7475288394731612,-0.9337397130992484,-1.7025668347565317,0.8475749270092715,0.667723933275869,-1.5912747932895446,0.3820383504183676,-0.0014346634027202,-1.864556278763751,-0.959134171667112,-1.5744328848176052,0.7054303303199556
2015-08-24,EL,75.66,78.26,73.67,76.56,5634075,-2.583212535853293,-2.614417255934424,-3.31908267418872,-2.1114207738269,-1.2170699695939895,-2.09237141837428,1.4449752861600422,0.8635885710918179,-1.910522023203032,2.173697119453475,-0.0016294268937071,-1.347883315887653,-1.8142362773273708,0.8723961988734423,3.4052087984789376
2015-08-25,EL,78.54,78.83,75.65,75.73,3798807,-0.7079460316073443,-0.6996925938288541,-3.407120694986725,-2.3431121723373405,-1.4591523521560716,-2.298043767832093,1.9733067183829844,0.7986542780808213,-2.2181210485586367,0.6766681109910239,-0.001545671570212,-1.5010799108947193,-2.584337382175611,-2.729404357079719,1.9082658542827904
2015-08-26,EL,77.52,78.62,76.43,78.4,2618670,2.1620252182873294,2.1206020760588404,-2.442667856285737,-1.7065221924742089,-1.5299842842227729,-2.0217859358338512,2.18768550881303,0.990245687728759,-2.0061634660683723,-0.2147394826870543,-0.0010082722643257,-1.0082667679201796,-0.7085816715384771,0.8313404530310371,0.7366924470852325
2015-08-27,EL,79.04,80.45,78.61,80.07,2418888,1.293163684277706,1.2802566221984577,-1.7979903150998413,-1.4743374090304455,-1.5047455672145051,-1.5534954733355475,2.275088933016409,1.1034579046356652,-1.719300455169153,-0.3990608653869081,-0.0010430255857602,-0.7000278357975298,2.162138276354474,0.9582272081950378,0.3238400932400078
2015-08-28,EL,79.8,80.38,79.55,80.35,1908978,0.184716589639718,0.191361588864665,-1.5851941725668763,-1.38307539826543,-1.4586063591503704,-1.1250655991530158,2.3317002894433263,1.1149358209281082,-1.6112450316415274,-0.7595073226371543,-0.0010956970722617,-0.6483470567590011,1.2930500798333997,0.4944037729331008,-0.730428899753269
2015-08-31,EL,80.11,80.39,79.5,79.77,1702112,-0.4824006696749145,-0.4733400702076555,-1.622473760358316,-1.4939536349742346,-1.4300780600622642,-0.8276518763462658,2.3689360313112218,1.1009862495951692,-1.7655888065851342,-0.9085754061286134,-0.0013671953702818,-0.7554000990530955,0.1843138212809709,-0.3469707382788899,-0.6614835488295172
2015-09-01,EL,78.3,78.55,76.87,77.23,2880573,-2.01538811082641,-2.0283696678521053,-2.225452940359568,-1.5666717622388078,-1.491930571776357,-0.822359549234841,2.452740883609551,1.169325738189572,-2.2778847749450746,-0.1814666925400377,-0.0014632776232211,-1.2242185946168882,-0.4829774709117552,-1.0587611245672723,0.2216068714335868
2015-09-02,EL,78.0,78.75,77.675,78.74,1407803,1.184272332228013,1.174130249725261,-1.5723206188730074,-1.4746335986707124,-1.4663154982412796,-0.5929856288351654,2.372983651896518,1.2370263264718453,-2.147522687434414,-1.1339954630785325,-0.0011256047209726,-0.94551153623054,-2.016364827089792,0.6904567955396008,-0.4535105428820434
2015-09-03,EL,78.73,79.7,78.73,79.27,2529296,0.3860636454706043,0.3905857007472724,-1.243136792621299,-1.318585990634552,-1.4105925901307703,-0.3319894446130504,2.2700047461694144,1.2604613894554495,-1.924186615556129,-0.4409429668076707,-0.0010408346649578,-0.8476872044790391,1.1841303209704637,0.4918844397036805,-0.5715101805888034
2015-09-04,EL,78.62,79.13,77.08,77.35,2045150,-1.5409490138763575,-1.542922512725543,-1.6558886654262237,-0.9606360720688604,-1.4272384182245306,-0.3094683784251985,2.152206210500073,1.2853448609150304,-2.297326951709411,-0.7555235053698364,-0.0013948727437235,-1.2020696893146634,0.3857134031215394,-1.2467536807680768,0.6174512950532659
2015-09-08,EL,78.37,78.51,76.99,77.65,2257310,0.2084701657340076,0.2148980928648503,-1.373891424403026,-1.0938863748417678,-1.414019866636842,-0.2145811262786738,1.983359299622717,1.3033841528165786,-2.167291902482781,-0.6289556152437048,-0.0010650171504025,-1.0937883495935876,-1.541801961791118,-0.7204250785506335,0.0400747609969538
2015-09-09,EL,78.37,78.54,76.31,76.46,2002875,-0.9871114921606398,-0.9810079448254247,-1.5465816252810336,-1.171127554658853,-1.435525564165502,-0.2280509440223465,1.7427866155315983,1.2918441713829163,-2.415683798887277,-0.7797643449369347,-0.0013908845943717,-1.3292512084957668,0.208073594041821,-1.8676322284927065,0.8393603266411535
2015-09-10,EL,76.24,76.8,75.7,76.01,2080809,-0.3994113827634376,-0.3902616023112638,-1.4953332660699428,-1.0938863748417686,-1.4552005121582137,-0.2341144804274024,1.5302959333739985,1.2825000705483922,-2.288463333327325,-0.7314105902809591,-0.0014053329695307,-1.4182917853915455,-0.9878199588218352,-0.2542403518371176,-0.3852333170703947
2015-09-11,EL,75.82,76.44,75.4,76.42,1857857,0.3028254985141,0.3083029028893894,-1.1507313628060647,-0.7425590016024052,-1.439756761652189,-0.1485703841705821,1.070819189223077,1.2568349153254434,-2.35713175486351,-0.8656126699617649,-0.0010884714055964,-1.3023604655556964,-0.3999665343363691,0.5715609365666988,-0.4571379059547374
2015-09-14,EL,76.83,76.86,75.61,76.38,1256988,-0.065583343495872,-0.0571963613352653,-0.9653123093071,-0.224537774128402,-1.414482568468121,-0.054831716939132,0.5079950832070088,1.2622099483679596,-2.224453711795233,-1.2200544790913377,-0.0013415685099364,-1.2526543577221034,0.3024535415802604,-0.4688299352384544,-0.2274056743990813
2015-09-15,EL,76.32,77.73,76.07,77.4,1459599,0.7984152982490454,0.7965998211021461,-0.5377553143449508,0.1366541594715928,-1.3405529251978276,0.1453975077831188,0.3979580072481729,0.6823855570168287,-1.12529539656116,-0.9101907909076712,-0.0011236739362035,-0.8077792238071387,-0.0660514083480646,1.0428124844350857,0.1960898764435993
2015-09-16,EL,77.4,78.415,77.26,78.11,1289991,0.5381048177233699,0.540600150770298,-0.2058796660756335,-0.2539691239417292,-1.241406629431859,0.370488116989818,0.1482405125172843,0.6663926749854883,-1.1679565220073596,-0.9367262867776508,-0.0011418326810258,-0.5159590270401108,0.7981726273110297,0.6667295404106903,-0.3589760256696336
2015-09-17,EL,78.1,79.86,77.86,78.86,2034962,0.5647958929863757,0.5668979686854522,0.1223622369738288,-0.4805002529564125,-1.1220772840795263,0.6025114265470443,-0.1323655675288037,0.6944930745492358,-0.9702900137698428,-0.2721297958251615,-0.001089157896909,-0.0728644016724013,0.5377942388104198,0.7088864801563838,0.5223169621332397
2015-09-18,EL,78.23,78.99,77.53,77.64,2502709,-0.9961561463774132,-0.9901436637084872,-0.2114342451347968,-0.795275862342832,-1.064941939325068,0.6280437872996891,-0.3524561508871023,0.6972235910993848,-0.9788292837754882,0.1223502564218905,-0.001421653567361,-0.2913027004728967,0.5644922770541948,-0.596117819481436,-0.0241207253265433
2015-09-21,EL,78.2,78.9,77.95,78.51,1841789,0.664640389505793,0.6651724694673734,0.1040570356948961,-0.4648066728880088,-0.975869294354196,0.7306757368705166,-0.4016713712349496,0.5945207769167162,-0.4103210605009125,-0.4090901259477101,-0.0011019438676444,0.4917117636031473,-0.9968669725446516,0.2731854107789818,-0.5828687178075277
2015-09-22,EL,77.45,77.86,77.02,77.35,1199218,-0.9528702437694656,-0.9464341499744549,-0.3002583258885027,-0.1597223256259445,-0.9417711015554352,0.671278003000208,-0.4240861610255674,0.3043135503792994,-0.0159307882775412,-0.8646664817965677,-0.0013299387076689,-0.5977079341579586,0.6643628203065491,-0.1238656601644443,-0.6862647939642396
2015-09-23,EL,77.49,78.42,77.23,78.35,1921359,0.7718913195672804,0.770563463628875,-0.0076158722837002,-0.2883084378759082,-0.8670932362036492,0.7282111944919982,-0.5017314598131665,0.3023678147355504,0.3406276288960282,-0.0638879761660007,-0.0010984158290923,0.0605458356326346,-0.9535697778136082,0.8121727411573295,-0.3255214426623222
2015-09-24,EL,77.77,78.71,77.06,78.54,1722135,0.1179806911503461,0.1251876371405767,0.0539314368787701,-0.3805209778568835,-0.7929879878848111,0.7722838413000045,-0.4997397531560326,0.037736846144721,-0.1412509684301205,-0.227700164832434,-0.0011197693231681,0.1856140518928552,0.7716417292394812,0.7217209259817498,0.159534486927274
2015-09-25,EL,79.7,80.88,79.16,79.77,2032555,0.9420152393935624,0.9373700189149428,0.4728374844338738,0.4875086464886068,-0.6797124567642159,0.9083655923767844,-0.5185611320122593,-0.0131754579921462,-0.2225033622956373,0.121569209482393,-0.0011037640804115,0.7695500101196795,0.1175605131978221,0.0400400985962481,0.205670933250353
2015-09-28,EL,78.81,79.57,77.12,77.19,2658904,-2.046606883547275,-2.060446644553293,-0.3424802134995259,-0.2947126639180958,-0.6852750247627093,0.7113437718578273,-0.6106159123374836,0.2122181104095584,-0.74506869181562,0.7340534813277382,-0.0014158044814487,-0.7954843633477741,0.9418100298024126,-1.5793414456644164,1.0539035254239482
2015-09-29,EL,77.33,78.87,77.05,78.73,2341142,1.2090997951114135,1.1983433053016923,0.1944354869456137,0.318855939879652,-0.62358358528059,0.7268369729458967,-0.6672043228275517,0.3014359983427082,-0.3589525859053492,0.3622713364893623,-0.0010801614102238,0.1386834409700124,-2.047591743945427,1.3414902411363312,0.3352652496664738
2015-09-30,EL,79.74,80.76,79.37,80.68,2865932,1.509023176079869,1.4900988043590109,0.7920564753457138,0.7489588904423724,-0.493951371289052,0.9141099178293022,-0.5332227713786948,0.1922806039369326,0.4885970608824234,0.9028090455558678,-0.0010547344012263,1.3215582581256486,1.2089642606684885,0.8643114658351788,-0.1554811340730318
2015-10-01,EL,80.46,81.17,80.185,80.95,2790669,0.175353859335709,0.1820819610384642,0.8443783939203893,0.7296069147065437,-0.3779304798949722,1.0288929636838506,-0.4061175356928724,0.121874947159913,0.2447312600348107,0.7278931199708056,-0.0010712818604045,1.3161335289281817,1.5089658835478952,0.4337925061753679,-0.5772319119974222
2015-10-02,EL,80.19,81.27,79.49,81.23,2399482,0.182349855646283,0.1890159930631005,0.9042683915649042,0.778516003958917,-0.2735068342045669,1.0908682895683544,-0.2892138513002835,0.1162885466045792,0.1956571117977574,0.3469344588357995,-0.0011038868479442,1.4202267485305908,0.1749486484934572,0.9535295218089436,0.2349315400760089
2015-10-05,EL,81.9,83.2,81.43,83.08,1552817,1.3849206056294523,1.369542639070968,1.4234914927862168,0.883803712560521,-0.1182751634493328,1.2712275321522235,-0.0302253325133239,0.0445785984201269,0.9204859299263122,-0.4777814402287988,-0.0011571503273894,1.391737497770692,0.1819464698705484,1.062219547916515,0.1842336446795784
2015-10-06,EL,83.07,83.39,82.56,83.08,2092461,-0.0329960430517004,-0.0247793014886723,1.3276705446863644,0.794464169259651,0.003016146051794,1.3281530206215073,0.1621798222644111,0.0476456792692339,0.8595412587171177,0.07531918713481,-0.0012427088046935,1.3139055010530636,1.384830938088119,-0.017221596579828,-0.758717818177829
2015-10-07,EL,83.12,83.81,82.87,82.98,1957694,-0.1079334979127685,-0.0993506496483737,1.180288884645792,0.6634809224057027,0.0924430539523531,1.2916749902104865,0.2555215862562244,-0.0363483611805173,1.0848942621571247,-0.0589445060669042,-0.0013473496099359,1.114808517225316,-0.0334556067571959,-0.1535693170055339,-0.6472360743049346
2015-10-08,EL,82.74,83.97,82.31,83.91,1258970,0.6647621501716938,0.6652922203429035,1.3505377889664834,1.13530858302665,0.1959602120839707,1.2987606274181778,0.3441651717778485,-0.0532502162715146,1.358950378203055,-0.7406372194270749,-0.0011727788578119,1.4196056025725177,-0.1084126107766232,1.0420371914435669,0.0574167306246886
2015-10-09,EL,83.96,84.68,83.87,84.45,1499810,0.3676634760667882,0.3724061275528375,1.3886617978204006,1.0960063842337324,0.2941632753530043,1.2907507484881384,0.4383377092849824,-0.0528054484039993,1.375744623596132,-0.476885771617361,-0.0011614488509691,1.358583079247816,0.6644846127365197,0.4146121619685447,-0.7919621936624887
2015-10-12,EL,84.46,84.68,83.86,84.53,940820,0.0259813755378329,0.0338468909776649,1.2739183782000876,1.498027468762883,0.3691864694388095,1.224678261099006,0.4791604677029069,-0.0564814983968351,1.399626723689525,-1.0529425765198306,-0.0011931850693012,1.3849661818541643,0.3673084336104048,0.0363003679381265,-0.7828593940112877
2015-10-13,EL,84.06,84.19,82.95,83.05,1360708,-1.1230456762931091,-1.1184530723136143,0.6947572536606933,0.8746125046697345,0.3644987042287199,0.9666456341535632,0.4560483805414477,0.042431985214302,0.9046032153856228,-0.6068266480030086,-0.0013130792555865,0.7355137514055113,0.0255371974482188,-0.9340884163325314,-0.346981148644681
2015-10-14,EL,83.16,83.54,82.77,83.13,981646,0.0269755764532451,0.0348346955513606,0.6366827779802493,0.8585700142639149,0.3581078825103567,0.7558358944623749,0.4456747126836134,0.035913907396838,0.7764032011265746,-0.99882943846691,-0.0011906212063635,0.7702310520576517,-1.1237896045121727,-0.0535718846065717,-0.8193707936220739
2015-10-15,EL,83.79,84.96,83.79,84.35,1836818,0.8806910223671092,0.8772933910431596,0.9401948369178592,0.8570980394571246,0.3948097191018856,0.6981078633755535,0.4956431113292141,0.0573734807215055,0.8549571975821972,-0.077853589523374,-0.0011470400537464,1.1874945282835765,0.0265316577238024,0.4786243691819502,-0.4353214652836447
2015-10-16,EL,84.73,85.12,84.23,84.77,1032465,0.2770024839121743,0.2827540272354261,0.9560195023223286,1.890503938195516,0.4337296487347415,0.657634771810854,0.4817391411366162,-0.0351068742817162,1.1812491974505424,-0.8941574257008312,-0.0011907258800337,1.2992412783527751,0.8804698149437388,0.0093505258173983,-0.7163284437365787
2015-10-19,EL,84.8,84.99,83.58,83.8,1940779,-0.74539779335984,-0.7373586252985637,0.5559455755406937,1.2798673781971568,0.4198629532988347,0.4893844343335399,0.4423596138470528,0.0103730333379735,0.8221020459822102,0.1117388949586716,-0.0013386272387335,0.9011602794244772,0.2766237904511508,-0.9172574135959896,-0.1890492992164142
2015-10-20,EL,83.95,84.385,83.64,83.74,1693108,-0.0775722035518747,-0.0691268618608386,0.4318708175717201,0.8998989222941759,0.4002027317546478,0.3398717278822989,0.3018226992249443,-0.0703254445153333,1.0458010260104065,-0.1885807139722875,-0.0013293822597382,0.8744313517380325,-0.7460432034442651,-0.2153085089689429,-0.8498748880821334
2015-10-21,EL,83.99,84.29,83.23,83.34,1383070,-0.3303833728753301,-0.3212442341456559,0.2229846990226393,0.6483353521686841,0.362999045589598,0.1751049867911984,0.1869016279592388,-0.0744369234960073,0.7678884886600572,-0.5059301500884555,-0.0013157932802999,0.7096639892873547,-0.0780433959739082,-0.611013066562478,-0.5313129704739832
2015-10-22,EL,84.02,84.78,83.95,84.59,2624308,0.9007998157582764,0.8969995120778237,0.5229052247759921,0.8664387314832759,0.3766712233165037,0.174245191767789,0.0884463231397233,-0.0410767841128716,0.9638398899352032,0.8039133386684971,-0.0011002839481659,1.2245619969457333,-0.3309205169045171,0.486234241117177,-0.7735805109210384
2015-10-23,EL,85.08,85.23,83.67,84.21,1920212,-0.3126751333633283,-0.3035511171895539,0.3303397663222198,0.2319242559426107,0.3666289727898734,0.112516825659218,0.0269248707893504,-0.0643708016232885,0.6499767278780987,0.046068554194976,-0.0013418343650606,1.028372007915212,0.9005838541760831,-0.7988841706196337,-0.0474248332775204
2015-10-26,EL,84.21,84.54,83.51,83.89,1317312,-0.2695780641839229,-0.2605119660795303,0.1217185317362254,0.1009954843093289,0.3404559116072181,0.0216137038294519,-0.3273137502648195,-0.4121167082078982,1.1072980441060325,-0.5564807300608867,-0.0013132301722117,0.8983306763771223,-0.3132076577910206,-0.3134151288304898,-0.5680662400174734
2015-10-27,EL,83.6,83.82,83.13,83.67,1179036,-0.1962666146298016,-0.1873677004347772,-0.0260089259416239,0.0544844101946892,0.3058337327414925,-0.0728566771022735,-0.6149810713849263,-0.485179270999954,0.7540466705157821,-0.6679596828946042,-0.0013074733634548,0.5579430528054632,-0.2700993457500612,0.0369445132749894,-0.9040382180535876
2015-10-28,EL,83.84,84.35,83.23,83.25,2101022,-0.3455139795809553,-0.3363659261646488,-0.1985553795131708,-0.4370308037548703,0.2572050028637488,-0.1844856030352019,-0.7498046318386903,-0.6428726806002489,0.3003519082709537,0.463655808976946,-0.0013608757053753,0.2962098594862413,-0.1967687712184567,-0.5579906115019923,-0.4701015286946479
2015-10-29,EL,82.74,83.44,81.89,82.24,4990512,-0.788318780271692,-0.7805533685151212,-0.5359656456780157,-0.972572930198286,0.1752014443694427,-0.3596949781057422,-0.8537576077108314,-0.579399423584695,0.0665644200049673,3.5493220719785783,-0.0015358703999776,-0.2887071009348267,-0.3460550707768443,-0.4828779791871455,-0.0205757018948752
2015-10-30,EL,82.5,82.65,80.18,80.46,6945631,-1.380507068677548,-1.3796153802600686,-1.083366786415262,-1.3869816793667715,0.0380255367205729,-0.6418751551152585,-0.7663760672496398,-0.4225264274485546,-0.3066945187036665,4.869179569655916,-0.0016989115435514,-1.6969917297082502,-0.7889753872825623,-1.8945061475498624,0.967114108446307
2015-11-02,EL,84.71,88.1,84.64,86.97,8552270,5.004287378719932,4.792520626839353,0.8987003521994837,0.5789556878201015,0.1817268228763886,-0.1446462350624355,-0.5787766866366951,0.8765555360484885,0.5201816639889146,5.216838180108855,-0.0005704770811293,0.9685952752598044,-1.3813181616213868,1.9893490666954283,1.7242949647431725
2015-11-03,EL,86.94,87.04,85.64,86.83,4325877,-0.1332159493389391,-0.1245298593693921,0.7939863577731057,0.5329764325219988,0.2851185305523803,0.1493807398866402,-0.456559636120148,0.8783152992719833,0.4954330249353798,1.463961154250287,-0.0015164328749357,0.9098344905070324,5.00514190623217,-0.1219077214049961,-0.2475809198812399
2015-11-04,EL,86.17,86.52,85.16,85.9,2196576,-0.699815977103036,-0.6915190515618382,0.4564248487546418,0.1193769533771487,0.3250137712593716,0.2211635069349429,-0.4224554296634181,0.9041537104750916,0.3493310111638971,-0.2713510828757909,-0.0013969078024868,0.5194949917921966,-0.1337016577116426,-0.2630460622080454,-0.2718411456595787
2015-11-05,EL,86.01,86.92,85.56,86.73,1759507,0.5685659025108072,0.5706115320782246,0.670235025847936,0.1904411209379707,0.3831829757545845,0.3256265887852116,-0.3390253297726944,0.8997570864664115,0.3261003312038285,-0.6381664646173194,-0.0011119254032247,0.8678625013979125,-0.700449496122493,0.6061364815316176,-0.2844685027872408
2015-11-06,EL,86.5,86.82,84.54,85.67,1668697,-0.7939036845655165,-0.7861761104131514,0.3204771632755512,0.1708901275389172,0.3814720094868912,0.2550665255358067,-0.3153565189929309,0.9262639365047672,0.0446910835893843,-0.7151723602744313,-0.0013611603891423,0.4229594168412134,0.5682632700723057,-0.7512643159781813,0.62668892770848
2015-11-09,EL,85.3,85.72,83.96,84.65,2160669,-0.7742496703255417,-0.7663912035626327,0.0008748090244618,-0.0241952202397061,0.3344221630392473,0.0819169778444684,-0.3144946073783173,0.9519556355960218,-0.1466277134393476,-0.3637277826858915,-0.0014029207487085,-0.0051548720718342,-0.7945617485271022,-0.6020335538358974,0.1414571068017627
2015-11-10,EL,84.3,85.63,84.29,85.39,1051571,0.5112561453587876,0.514135784342602,0.1944856625567733,0.1746533873340744,0.3208631371194387,0.029602135198456,-0.3217241227710217,0.9058879146307772,0.2463282986064164,-1.221455003114408,-0.0011599586132073,0.30543784733567,-0.7749026070855498,0.950568927495493,-0.2834804591430434
2015-11-11,EL,86.07,86.69,85.49,85.83,1336476,0.2878089282490946,0.2934470323869521,0.2886992600019757,0.0422458592688943,0.3220257368750785,0.0256434721431285,-0.3214343608426828,0.9077847882051856,0.3095311544555322,-1.0056721546902003,-0.0011405839175536,0.4901145994158079,0.5109385623522401,-0.2369872658367331,-0.426124888640223
2015-11-12,EL,85.43,85.89,84.31,84.35,1438316,-1.1065355455321413,-1.1017431398780475,-0.1709058092940339,-0.1645831669823929,0.260007428899906,-0.1401500271652266,-0.3214343608426828,0.9319494267935012,-0.1674769497128712,-0.917904867185394,-0.001348714841145,-0.1310708393992065,0.287433053897581,-0.981436859567094,-0.0302265960203137
2015-11-13,EL,84.06,84.06,82.305,82.66,2009948,-1.2803710682158629,-1.2779090169803753,-0.6636413873161574,-0.3873537845987247,0.1410246730905486,-0.4194103347160501,-0.2830480875402511,0.9899545468367332,-0.5330381091289198,-0.4995209478300619,-0.001396727956793,-0.8403974553433752,-1.1072751667039296,-1.2846141861705445,0.1781317971276386
2015-11-16,EL,82.66,83.24,82.3,83.05,1416674,0.2607450000700657,0.2666637244311592,-0.5309004720906682,-0.2880570929538318,0.0596944179944213,-0.5459016920941678,-0.265909855791888,0.9757193170311682,-0.2989198153304767,-0.9445116628638892,-0.0011277727343943,-0.6767066978177971,-1.2811560383812577,0.3301460212792443,-0.6480318135896369
2015-11-17,EL,83.25,83.37,81.87,82.06,1582712,-0.7751448344254767,-0.7672921919104512,-0.8134205633290218,-0.3734324484526114,-0.0449010180491695,-0.7069789532542944,-0.2110985802582952,0.9967352854996572,-0.4621199302575561,-0.8130116554991818,-0.0013660093067152,-1.0922293899981077,0.2603620654705256,-1.1062760023976508,-0.0679106797015074
2015-11-18,EL,82.47,83.81,82.05,83.75,1534870,1.249188740918532,1.2374201892797754,-0.2935289144447994,0.0369648982074373,-0.0622610719313763,-0.6112983902225331,-0.2181661819608769,1.0619765549522266,-0.0952249062461151,-0.8537067425948468,-0.0011175760080494,-0.3829027740539387,-0.7757980047096255,1.1463072518057853,0.1600780369927722
2015-11-19,EL,84.14,84.865,83.95,84.57,1808260,0.5765751897701988,0.5785001618565204,-0.0379468633420546,0.4575511675032963,-0.0449256870292031,-0.4454484776347599,-0.2182710528972413,1.0421341839329743,-0.1709493576850534,-0.6193389715305446,-0.0011016476419479,-0.0387324633591375,1.2490636645990043,0.3597931189695239,-0.6896225129379269
2015-11-20,EL,84.82,85.37,84.14,84.4,1786403,-0.1581452256786081,-0.1493673661541101,-0.0938296485291425,-0.8001511437201604,-0.0391228822558046,-0.3424532102870774,-0.2184402919090831,1.039358793233387,-0.1343402152575227,-0.6328804633450336,-0.0013753243828895,-0.1100848448446402,0.5762746467384602,-0.4004234804395595,-0.3767592446302427
2015-11-23,EL,84.41,85.54,84.3,85.41,1058840,0.7120349744075855,0.7117672643376552,0.196614172126934,-0.504519228354991,0.0034887137333613,-0.1653118014687246,-0.2097481668442039,1.0561013770534078,0.0986281315587647,-1.2034438374968417,-0.0011601601142539,0.3138322451574928,-0.1586374374263173,0.868740730989616,-0.3813641118376939
2015-11-24,EL,85.01,86.0,84.72,85.57,1996584,0.0836329933582376,0.0911015752750865,0.2164499954321752,-0.2668387575938604,0.0413824407184603,-0.0357423880142111,-0.2037476848958011,1.0538156630322946,0.1660290152070121,-0.4838777152218509,-0.00109154839023,0.3809874277320872,0.7117697691756971,0.4713778343925773,-0.3446685316399945
2015-11-25,EL,85.75,86.08,85.23,85.4,1232457,-0.1566826899461417,-0.1479099391520552,0.1299285296293458,-0.5202443478472866,0.0623086402548614,0.024239019185908,-0.2154396008654621,1.0490912559342018,0.2118153201301574,-1.0645994721552894,-0.0013311978333752,0.3096350462465842,0.0832038550188862,-0.3346911841626334,-0.7618188594130011
2015-11-27,EL,85.47,85.8,85.13,85.29,775924,-0.1131878946306635,-0.1045827470455255,0.0481851626516494,-0.2918989476109855,0.0720371457195045,0.0434014731692934,-0.2792541458072495,1.0198467567952192,0.3771968833481534,-1.3717442272119404,-0.0013002540882886,0.2634658582265497,-0.1571745201577727,-0.1854287695147594,-0.9366354742572136
2015-11-30,EL,85.19,85.42,84.1,84.12,1993051,-0.887045801210183,-0.8800246091554029,-0.370285127155639,-0.330568500764522,0.0316401015883429,-0.0702908654115489,-0.5173948397896393,0.9689375774818134,0.5005912983249888,-0.1116527778695999,-0.0013936503135756,-0.6807556810368273,-0.113668378224732,-0.975259033795112,-0.2835500741619721
2015-12-01,EL,84.26,85.07,83.77,85.03,1654339,0.640503887092215,0.6414297913256082,-0.0590294839224577,-0.2836972844534264,0.0333581056599851,-0.052841327196557,-0.5798687932284955,-0.3808677417388905,-0.4950830905152226,-0.1220081322841167,-0.0011102131335645,0.1504986960498631,-0.8877281634347877,0.6641044623611828,-0.3171487024159805
2015-12-02,EL,84.93,85.16,83.72,83.79,1357520,-0.940910502633456,-0.93436280513988,-0.396125600861682,-0.6898807836225503,-0.0155976848759553,-0.1693151716146039,-0.6308329897707966,-0.3280310363837316,-0.6816668672040023,-0.3197437050440522,-0.0013464782187745,-0.6174555472516677,0.6402200213312745,-1.0404344724716454,-0.1590427528702315
2015-12-03,EL,84.26,84.45,82.99,83.83,2391787,-0.0032750560611031,0.0047716275498261,-0.3519339310475578,-0.3340795994704786,-0.053896134969703,-0.2350624363128522,-0.6456851692770893,-0.3528168360417034,-0.5213903083038482,0.9755794000094256,-0.0010527779589978,-0.5911253964600494,-0.9416069167040976,-0.4118763374556256,-0.1398428729249743
2015-12-04,EL,84.01,85.52,83.82,85.43,1348684,1.1552761745043778,1.1458396701237947,0.1649525467303337,0.5905266098270047,-0.0227132393850613,-0.1088164603899098,-0.7135038834669328,-0.2677367876339543,-0.3876143228691332,-0.3192797949906961,-0.0011424703212287,0.5094217144060109,-0.0037268663636795,1.2507163610352678,0.0671035924886791
2015-12-07,EL,85.44,87.57,85.11,86.98,2066290,1.0965832396686108,1.0885353458829907,0.6253855656558902,0.8066567431055921,0.0606058906433317,0.1263780903014435,-0.6347104198043505,-0.2181283385706807,0.0570985127480382,0.565694014946163,-0.0010944890027841,1.098796803580423,1.1551265989322916,1.3354548577025698,0.7657525956060415
2015-12-08,EL,86.43,87.28,85.85,87.08,2950956,0.0385813741690132,0.0463646600244035,0.6176542835764471,1.188194205067639,0.1274076487560496,0.2720182998837808,-0.5442479127781169,-0.2664251583774922,0.2541215775117849,1.593281972070128,-0.0010417618312106,1.1571157779215162,1.0964183526947722,0.5418734335756339,-0.2227268772989325
2015-12-09,EL,86.96,87.99,86.06,86.24,4321247,-0.6335558903048691,-0.6249447394398175,0.3439666459418378,0.5528244779426664,0.1439344670650673,0.2591236379586721,-0.5178862538177766,-0.2508835415345094,-0.0212822303008884,2.7994151178489064,-0.0015170990338107,0.4923366458980539,0.0381404830787911,-0.6518603102329134,0.2737950502994304
2015-12-10,EL,86.51,87.6125,86.045,86.86,2311003,0.4145918888722166,0.4187613750501103,0.5196471781117499,0.5073220416767741,0.1776881623340881,0.2931495931595738,-0.4733303531409873,-0.2444642164732064,0.0087684889902726,0.4779917016871307,-0.0010798646321542,0.8291001349853683,-0.6341721238569704,0.2793489769013162,-0.08733130433434
2015-12-11,EL,85.57,86.17,83.7,84.5,2970870,-1.7245568132180036,-1.7303392362124583,-0.2131339806521793,-0.1641898663433584,0.1086107837887227,0.055684943519437,-0.4749383594126464,-0.1218061476830563,-0.141359789929219,1.0693281533183858,-0.0014404476839045,-0.4527737912179482,0.4142490887714773,-0.9710449617661604,0.844793522146404
2015-12-14,EL,84.55,85.56,84.15,85.55,2097072,0.7406245412501637,0.7398574322366628,0.0667936424727795,-0.1543858147280261,0.0924282802756888,0.0018637215756263,-0.53888536157154,-0.2057371214365104,0.3460014934035582,0.1486095775004274,-0.0010924212912738,0.1175514725589497,-1.7254576594494595,0.8672586728056044,-0.2177340513644911
2015-12-15,EL,86.18,88.0,86.12,87.48,2331046,1.3715394610074012,1.356529849119915,0.5928042707052223,0.2220854704190394,0.1521103237211414,0.1540807819127349,-0.5150261128543645,-0.0967403830807144,0.6159235844984261,0.3369432218395789,-0.001084235130711,1.160892716390262,0.7403667942642309,1.1133599484330663,0.1997233716448637
2015-12-16,EL,87.88,89.46,87.23,89.26,2259055,1.2337998731287896,1.22242273608453,1.025553495513575,0.5543510641827917,0.2647141952903145,0.412074304743969,-0.458019738236733,-0.0847226311503507,1.1211308559421551,0.224624160534226,-0.0010974253048584,1.3531572532065892,1.371446302686781,1.160090635324845,0.4907970501042823
2015-12-17,EL,89.77,89.93,88.86,89.21,2147223,-0.0678705879198371,-0.0594722944357054,0.9231063425470132,0.5688776435279996,0.3462977486644277,0.5386233579777144,-0.3503651325480903,-0.1542598821638471,0.7899983979902807,0.0799869182255655,-0.0013739308597061,1.0980068924005757,1.2336707822692172,-0.4976209920917969,-0.5917193772491218
2015-12-18,EL,88.76,88.88,87.35,87.41,2237847,-1.2891833258388397,-1.2868527698546852,0.3283271300422428,0.4218269206667402,0.3345604235535852,0.3996562658274529,-0.344287246179753,-0.0347042872280742,0.3257215915202724,0.1466054520595816,-0.0013862563828466,0.2358272429198164,-0.068339249452335,-1.1754254959496313,-0.1325489927163512
2015-12-21,EL,88.16,88.54,87.49,88.21,1294925,0.5368063822870837,0.5393205611060746,0.5130554990415962,0.4055252096655071,0.3510007553343935,0.3610113958788309,-0.3231759305701615,-0.0260524364626655,0.4955059136150563,-0.761234977820795,-0.0011551146506799,0.6190181982445975,-1.289970594884282,0.0165326920903128,-0.5992832890702707
2015-12-22,EL,88.29,88.85,87.59,88.65,1274267,0.2775530613511415,0.2832988697111583,0.5964170775484331,0.7681976685775819,0.3753236767276723,0.3503851498866852,-0.2662880361664552,-0.048332214623455,0.3896524313832927,-0.7883343664742531,-0.0011591493652545,0.8297732236732338,0.5364954646473912,0.281743735222752,-0.4067837680432263
2015-12-23,EL,89.0,89.38,88.77,89.36,669026,0.4656300891986069,0.4691368489739727,0.7528035613995541,0.8534681290459077,0.4160501578956761,0.3841066335721401,-0.1833216958679871,-0.0395572180456707,0.4830082983239466,-1.362790406027773,-0.0012001200301512,1.1698551965239752,0.2771745115209041,0.2792861756371911,-1.022412482153815
2015-12-24,EL,88.93,89.28,88.32,88.8,347029,-0.4231538429532697,-0.4140181947407531,0.5299927169689698,0.4915705814137502,0.4197522521722808,0.3157836860226182,-0.1497741837592013,-0.0260719101485116,0.4172334526566529,-1.682694524815912,-0.0012644660531467,0.9016215277966264,0.4653006035860951,-0.1367599565766466,-0.6903416367710807
2015-12-28,EL,88.39,88.84,88.1301,88.66,636074,-0.1311506066755877,-0.1224725664869387,0.4354757564572327,0.1865752368746109,0.4107454427999242,0.2284128287694608,-0.1367526611388346,-0.0255712804058176,0.4128217005017742,-1.3791715384591394,-0.0012829030590089,0.8345631106147888,-0.4237151882929224,0.2044672707691905,-0.9240142212420568
2015-12-29,EL,89.09,89.63,88.98,89.4,741905,0.4866401824045224,0.4898622252673897,0.5772443363540752,0.3056301614778261,0.4261224341925483,0.2212796263782469,-0.1609300191538229,-0.0846124207545004,0.7543606805395964,-1.2425741990696293,-0.0011951380022498,1.1890147442902173,-0.1316357762561628,0.2365755066125245,-0.9853780536688116
2015-12-30,EL,89.34,89.62,89.012,89.03,858498,-0.2906635360547664,-0.2815653633249809,0.4042591388975003,0.4267750467182756,0.417241388658672,0.1531332950092361,-0.1763338013537264,-0.089078627380078,0.5234109495387081,-1.0964274880918286,-0.0012968278794139,1.0117889274525032,0.4863161777579707,-0.2884729578363064,-1.0221759433604931
2015-12-31,EL,88.62,89.15,88.03,88.06,863082,-0.7113100537629329,-0.7030749258008727,0.0479934024992323,0.0690883158801063,0.3661116871528396,-0.0101310832634304,-0.3101264831668369,-0.1183582360043124,0.580960410870896,-1.0783224021103064,-0.0012981989289245,0.5471698941212049,-0.291190318251123,-0.5037369942067007,-0.531344767304128
2016-01-04,EL,86.93,87.24,86.12,87.21,1722363,-0.633942350953042,-0.6253328253404878,-0.2573866131565483,0.4660347877525654,0.2871327174659103,-0.2124261227652699,-0.477023106775942,-0.0819340393621092,0.4246802418890695,-0.0802700009822104,-0.0013557039436956,-0.0084493026776792,-0.7119465712766038,0.2170344194080349,-0.5210135867020002
2016-01-05,EL,87.18,88.17,86.91,88.01,1506047,0.5381131187286351,0.5406083312079111,-0.0566037852178913,0.4180577624746646,0.2514313357593287,-0.2628663879123526,-0.5474727429207418,-0.1459713887146299,0.2760592525266053,-0.3345182675848676,-0.0011397115034143,0.4184118899313148,-0.6345586853222904,0.6929766549631362,-0.398169909588651
2016-01-06,EL,87.06,87.22,84.735,85.09,2759398,-2.0985961963961968,-2.113902051668453,-0.9020676761817734,-0.7336097742763983,0.1053092136699753,-0.587439684924712,-0.4615328011322708,0.0562732284186173,-0.4866029394767646,1.0285089104508347,-0.0014246687800802,-1.1396314630914914,0.537802541981193,-1.7359078300428117,0.842593541053892
2016-01-07,EL,83.52,84.6,83.005,83.33,2140389,-1.3207401492627535,-1.3188910805566334,-1.3753228104443744,-1.5423765852564164,-0.0805274005032695,-0.9493227414888348,-0.2530965974189327,0.1403945919404862,-0.7999363054062194,0.3936479602079759,-0.0013937532875408,-1.7252942654418364,-2.0995946194021493,-0.198189625333634,0.0038839540009123
2016-01-08,EL,83.7,84.4,82.68,82.82,1738494,-0.4140304739202387,-0.4048883168276014,-1.47964275107583,-1.5971851725378252,-0.2467276446762085,-1.1882855083919004,-0.0574220071626548,0.1308564621318877,-0.7498980924856504,0.091313979064615,-0.0013724534071416,-1.817111693492104,-1.3215356506312652,-0.8206483422669555,0.1394932680424409
2016-01-11,EL,83.37,83.57,81.46,82.88,1969104,0.0121075822793151,0.0200607122219279,-1.404745883401422,-1.3366466504580914,-0.3734721826194918,-1.277897413294021,0.1087482279804706,0.1128112758542196,-0.840427296051752,0.3999882126692958,-0.0010885465885779,-1.3240019844032866,-0.4145894392192785,-0.4703656659875111,0.5304088811080169
2016-01-12,EL,83.52,84.27,83.06,84.23,1445633,0.9811008515318108,0.9756300737229708,-0.994243034186805,-1.1517751158919278,-0.4176695460528629,-1.137111931045053,0.1211991800174147,0.0240883939941377,-0.2144043860436633,-0.1616084784091179,-0.0011354854824887,-0.7941737582465704,0.0116597848916883,0.6159459906197123,-0.3940967869626935
2016-01-13,EL,84.34,84.82,82.805,83.1,1628268,-0.8682279363604256,-0.8610525613438296,-1.2993717573717474,-1.4595871576776114,-0.4931792141962679,-1.105080878540228,0.229344866127784,0.0214087663854023,-0.5880736337565203,0.1087520068860413,-0.0013589858841895,-1.2376596068073784,0.9809058383213984,-1.1371087443450354,0.4295164283558918
2016-01-14,EL,83.32,84.95,82.87,84.28,2003524,0.8510531055442415,0.8482375253415633,-0.8966081900689747,-1.3110120305284063,-0.5024853278372949,-0.9090492269159656,0.2831059127854021,-0.0616583067964665,-0.7047078420161352,0.6336252088886625,-0.0010933775443929,-0.7745504906111377,-0.8689053895122494,0.8441792935291262,0.4654984437345404
2016-01-15,EL,82.49,83.165,81.44,82.35,2146505,-1.4586962373119867,-1.4591470531071171,-1.3804445710726188,-1.4809244466257765,-0.5808176917394353,-0.9298962855283212,0.3778445849949538,-0.0967479008937546,-1.30442583131418,0.8354466086386676,-0.0013945280358906,-1.525000641660367,0.8508241663887155,-0.1545411832035591,0.1544318031123232
2016-01-19,EL,83.41,84.13,82.88,83.88,2122744,1.1237106645721644,1.1150275573094717,-0.8376004700038231,-1.0637635900215183,-0.5777190934068664,-0.7369720374287485,0.3703726887848648,0.0231923578472327,-1.0449493063181254,0.8058852936979538,-0.001083881675036,-0.8909483345341402,-1.4595277276984986,0.3994038546773632,-0.3493583051827686
2016-01-20,EL,82.67,83.55,81.015,82.93,2355634,-0.7381121091419337,-0.7300294626882853,-1.060992531555165,-1.3577996839663382,-0.6073463103904272,-0.6668683242104886,0.4358395923913187,-0.0336638081921727,-0.9202025170640336,1.1062499276539637,-0.0014094203838492,-1.1423814104147385,1.123552854410933,0.2112964180787835,0.9562352222346916
2016-01-21,EL,83.41,84.105,81.92,83.3,1840345,0.2447740506957214,0.25085293701818,-0.8753419655774068,-1.2241183526558157,-0.6109183631069762,-0.5437198093422205,0.4506733247398809,-0.0560674379886411,-0.9849688229137742,0.3734598782916273,-0.0011041411982272,-0.9996133118826792,-0.7387556185880892,-0.1259532415110134,0.5947478566671928
2016-01-22,EL,84.51,85.9,84.28,85.69,1403743,1.753278982417719,1.7266912076307128,-0.0986727145147909,-0.582842886863517,-0.5154437091612648,-0.1902564795498948,0.3922076000407351,0.1601280457994033,-0.6578569449107049,-0.2078381485376558,-0.0011420411187199,-0.0774085673107038,0.2443869497067697,1.0286012871450962,-0.015735243706945
2016-01-25,EL,84.63,85.14,83.3704,83.47,2124306,-1.6459362139799765,-1.6500182013548277,-0.6908612109819041,-0.7659320684139456,-0.5228182738816878,-0.1722179340529358,0.3168474554334977,0.2581766728551807,-1.135513841644667,0.6098047176755854,-0.0013897183086175,-0.934017158503082,1.7532854096297252,-1.0618839712273376,0.1755382596919276
2016-01-26,EL,84.39,84.815,83.39,83.59,2090581,0.0565087430969684,0.0641706712753516,-0.5752135506643502,-0.896001434143515,-0.5196459782249206,-0.1306396606046249,0.2417786416242947,0.2604214186969557,-1.0291540104173058,0.434108941618246,-0.0010899409312317,-0.8877139914116001,-1.6468165502201653,-0.7425320755420701,-0.1705711253710243
2016-01-27,EL,83.55,83.82,81.95,82.4,2431072,-0.9193109685608296,-0.9125676740613142,-0.8484754417219736,-0.6638768281657875,-0.5592149690147031,-0.2073923773845934,0.1852162870138027,0.2860035691827152,-1.2044473984474882,0.6936208823113016,-0.0014110892033184,-1.3468870650687752,0.0560725287731882,-1.066227417814979,0.30002812327535
2016-01-28,EL,82.9,84.22,82.89,83.69,1776422,0.9416746896323536,0.9370365582530664,-0.3614035228462349,-0.1235962706647876,-0.5353301034297148,-0.1054654168336318,-0.0032755043452775,0.3334701171826201,-1.10551048158898,-0.0996874858656803,-0.0011117235829464,-0.8479285130057198,-0.9200017478963062,0.6936582413863043,-0.2668724384271775
2016-01-29,EL,84.11,85.39,83.98,85.25,2067722,1.1275074639118812,1.1187345470120875,0.1827173896065952,0.2255873687841345,-0.4514979442156603,0.1303794534387581,-0.2111774499699943,0.4254349715029984,-0.7910325734276523,0.1474109863736652,-0.0010971160024342,-0.150766975652933,0.9414693912009672,0.9976881463625696,-0.2129003041068279
2016-02-01,EL,85.04,85.93,84.31,85.46,2170722,0.1203668645694298,0.1275549374695203,0.2892292085863772,0.2473884320410896,-0.3741785143584941,0.3022916964061702,-0.3635002860967912,0.4118267837708383,-0.6011020774403901,0.1803057188403096,-0.0010974822051847,0.1838246688289192,1.1273506442330687,0.3468225574167628,-0.0114948342723946
2016-02-02,EL,84.55,85.52,84.55,85.02,1525512,-0.3535382440740976,-0.3443869617989505,0.1865468925260474,-0.048006250666791,-0.3281324199872017,0.3593244635978987,-0.478424984811326,0.4005844259090458,-0.5362826307719881,-0.473057492311392,-0.0013396941788844,-0.0205973963667047,0.1199473091051145,0.3936638042656963,-0.6404813505470068
2016-02-03,EL,85.36,86.71,84.08,86.46,2357707,1.0214802448564728,1.0151317696188824,0.6611841362950777,0.399589781466331,-0.2339675578450549,0.5288075572473869,-0.6282759296382657,0.444306035112394,-0.4261310998483998,0.3324695339931201,-0.001087388270594,1.0357267830621348,-0.3540814285839052,0.9472889280174344,0.943795919913431
2016-02-04,EL,85.78,87.65,85.77,87.01,3180974,0.3630474524863388,0.3678446069909752,0.8020454630682345,0.3078398449535383,-0.1378032589050679,0.669540548065083,-0.5095824543037579,0.2180268004881571,0.1639154004482964,1.1290052286143737,-0.0010442595880356,1.1222342632760516,1.021295765539372,1.057021007403487,0.2093980322161045
2016-02-05,EL,87.39,91.0,87.38,90.99,4459912,2.8148029368855694,2.744536197625707,1.9158689520100376,1.2066760401499474,0.0922831281276672,1.1268400900527538,-0.0085187021650215,0.4838333775068014,1.1825646836783208,2.163935645092983,-0.0009830392681335,1.4395495768924913,0.3626912058340545,3.086012394993803,1.724358154413302
2016-02-08,EL,89.81,91.11,88.075,89.63,3844570,-0.9635480927062386,-0.9572136294331792,1.3812724387615514,0.7485765386068157,0.2169080691293956,1.2212237770372958,0.17873784733528,0.5347385389409669,1.0401468394672624,1.4133443496397795,-0.0014473994010991,0.9555297006411374,2.81508628703186,-0.1777397924633839,1.230716795815307
2016-02-09,EL,88.0,90.77,87.99,90.44,3071693,0.5296393510557244,0.5322570778405072,1.5077483978150423,1.0451152439945035,0.3419147730940921,1.2977133779197068,0.370039067324497,0.5365176977822745,1.1721745266222392,0.6521191550587713,-0.0010661448892626,1.2222545193958103,-0.9642504123128236,2.0685284013220704,0.9704583700482248
2016-02-10,EL,90.41,90.883,88.32,88.47,2727564,-1.3891253428327603,-1.3883766218927616,0.8328975997566123,0.5909848268277185,0.3576341706913351,1.0776014133747418,0.4318008875154288,0.6271768436235704,0.5718198561492158,0.2851917275823458,-0.0013901139219874,0.5735534169924714,0.5293265637311225,-1.6474918988394636,0.8230834932100037
2016-02-11,EL,86.78,87.25,86.0,86.74,1858769,-1.250430256599127,-1.2475310807909037,0.2443179436865017,-0.0250416718495801,0.2968881838668075,0.7046912585593049,0.39963320549482,0.669835642108041,0.4758328005489739,-0.4644782386836525,-0.0013487965221679,0.0038818905164409,-1.389938684051598,-0.0611410657937455,-0.3903085195341295
2016-02-12,EL,87.23,88.37,86.56,88.31,1604699,1.0938787422004213,1.0858935552216806,0.6622961733644438,0.593699086140509,0.3053192219301215,0.584423605912392,0.4318721395950136,0.6892284962859381,0.5347868680245764,-0.6688765349625312,-0.0011474817882181,0.5208670330409321,-1.251207416015294,0.9090947522900492,0.1168286896318492
2016-02-16,EL,89.45,90.31,88.14,88.62,2201148,0.1855521578831792,0.1921896731107977,0.6583794671904484,0.6160296945863588,0.3188297155989216,0.5012839150825088,0.3871459394428417,0.5635467116076416,0.9507339243611416,-0.1598568759391049,-0.001116420229912,0.622946901947042,1.0937131496962256,-0.7273560330590693,0.4494080392880517
2016-02-17,EL,88.98,90.9,88.705,90.07,1970961,0.9856696573876816,0.9801008353988682,1.0021269689024896,1.0214508934455022,0.3805200059529247,0.5587861296896518,0.4455706344398332,0.5520071601133091,0.9163301737793496,-0.3514750055902257,-0.0011345487612795,1.1004172565078725,0.1851496075016231,0.8991885719248086,0.4396873794594127
2016-02-18,EL,89.98,91.4,89.421,91.25,2093153,0.782641619303389,0.781117447583194,1.2277744731289193,1.0111622981667436,0.4687500510189906,0.6731007731325499,0.4929438438986744,0.5196990548415291,1.305959587036104,-0.236448675714298,-0.0011321519411506,1.3902809430561358,0.9854758360553408,1.040040052321627,0.2161452548854896
2016-02-19,EL,91.06,91.64,90.15,91.63,1346654,0.2262703048875849,0.2325297028925716,1.210353294979663,0.8926018173903895,0.5456421739602844,0.735368871515672,0.5339249825881967,0.5197708841321562,1.3011780021211767,-0.868772964030137,-0.0011743056986479,1.4394482242904671,0.7823948334384894,0.4466080872023695,-0.2361140310180917
2016-02-22,EL,91.97,92.5,91.35,91.72,1105624,0.0281544903420834,0.0360060042969482,1.142339238422042,0.879636702458978,0.601491977314855,0.7310207818413799,0.6286024714829828,0.4035495719801037,0.8660146315170626,-1.0729078716637566,-0.0011878996778561,1.1971098802303128,0.2258783767710278,-0.2316872835948117,-0.5463829033990448
2016-02-23,EL,91.48,92.0,90.91,91.72,1054545,-0.0329960430517004,-0.0247793014886723,1.013285040395952,0.9846673914282008,0.6367175258523395,0.674455833241378,0.6063512001596828,0.215527915041634,1.2841108486135795,-1.0957288233280598,-0.0012427088046935,1.1971098802303128,0.0277108791594388,0.1718953909743534,-0.6009015639391228
2016-02-24,EL,90.55,92.2,90.31,92.02,923187,0.1706390556135139,0.1774084787858696,0.9717832544825348,0.8557812217279059,0.6670551794265991,0.6166225168692671,0.5622413224152224,0.2134735644360489,1.313652520793289,-1.1917323043698371,-0.0011978299447456,1.291636369446686,-0.0334556067571959,1.2002005577692667,0.1204151124703518
2016-02-25,EL,92.22,92.7,91.16,92.68,816392,0.4135406310307055,0.4177233367806086,1.0085904556952685,0.8690288463170571,0.707224125408053,0.5956614411857802,0.4111063389478959,0.1263718763935258,1.6647770435946545,-1.261475564788534,-0.0012036531319623,1.436101623676185,0.1702326148062897,0.3505411933854462,-0.2065059969807766
2016-02-26,EL,92.92,93.425,91.71,91.79,1042124,-0.6308559197644173,-0.6222334820868961,0.6227154150261446,-0.0033907327645606,0.6943318285257243,0.4423138549364943,0.2558914752092012,0.153552764310752,1.2539718625533245,-1.0273328747498036,-0.0012918715020345,0.86743811548368,0.4131975566851836,-0.9451017126209644,-0.0341872447212262
2016-02-29,EL,91.62,92.16,91.23,91.33,1122404,-0.3449984098601408,-0.3358505994269253,0.3963265563849682,0.2354913368170217,0.6567443209007644,0.2560707386040852,0.1497142792441459,0.1246211497510147,0.8799625936479499,-0.9234186991000128,-0.0012966136447607,0.6976502534296948,-0.6314714489671148,-0.2654566697864549,-0.7426761477856482
2016-03-01,EL,92.23,92.8,91.78,92.4,1065443,0.6964039364017026,0.6964038771090941,0.6053706969855646,0.2898612212560064,0.6597649753092404,0.211600955558336,0.0564043425358607,0.1386879371633443,1.025182231860765,-0.9504321665240696,-0.0011905260322697,1.0782681501727118,-0.345539366557812,0.1129418626473004,-0.6713274007579981
2016-03-02,EL,92.13,92.7599,91.35,91.85,1577738,-0.4035795995908631,-0.3944316405913506,0.343390646884339,0.7469919600976174,0.6315371619202145,0.095592110941317,-0.1395479877265194,0.142208888968982,1.0123528927978962,-0.4266500331099159,-0.0013185563867826,0.8826234368935884,0.6961346534540999,-0.2559323095101026,-0.3120394418265366
2016-03-03,EL,91.86,92.4,91.43,92.2,1038657,0.2042419876995622,0.2107092085377917,0.3601833299798049,1.5483080713319703,0.6141650351964578,0.0307273858476354,-0.2592839328853871,0.1013631388865423,0.8075495855089009,-0.942482409107247,-0.0011913738326329,0.9109228562598968,-0.4041358385390062,0.2533221053021637,-0.7145274403966214
2016-03-04,EL,92.61,93.06,91.79,92.55,982448,0.2033414094917057,0.2098169630591515,0.3798143992681274,1.3648362403237857,0.605496049042065,0.0012373397770165,-0.3653548990062573,0.0991797469557557,0.7676280305377453,-0.9382993661700773,-0.0011950337810501,1.0511401871744104,0.2038443129899043,-0.075264905347939,-0.4476946044826499
2016-03-07,EL,91.91,92.39,91.44,91.63,1022929,-0.6518765886885688,-0.6433451613509988,0.1046262534058859,0.8362908508907029,0.5543324953347559,-0.1317349824330541,-0.3592838470568865,-0.3779873489667287,-0.0641755793233994,-0.7708459013173263,-0.0012915099143079,0.639255067383555,0.2029434998455126,-0.256481928342702,-0.7272639153640614
2016-03-08,EL,91.53,91.96,90.7293,91.74,1977379,0.0417434977629211,0.0495057498846283,0.1056641863675021,0.484128097136907,0.5105328847631638,-0.2191581773372228,-0.3705148297116203,-0.4566281661462207,0.1782624175045591,0.567473626069187,-0.0011466850299201,0.6885022012715916,-0.6524976016161456,0.1470241558393634,-0.4732990958146178
2016-03-09,EL,92.24,93.1,91.785,92.2,975024,0.2791763708282529,0.2849052424525358,0.2126804192932531,0.2357565674131452,0.486619382826404,-0.2379102319662087,-0.3596700848461251,-0.4721828398584189,0.1183294097771707,-0.6617089648760343,-0.0011969439744647,0.8944447611670227,0.0413034315853546,-0.0590796840551416,-0.4026771542552923
2016-03-10,EL,92.2,92.7,90.95,91.77,955219,-0.3233534847478934,-0.3142197442547216,0.0408716519651979,-0.1268682100816788,0.4439313353339385,-0.3012372327332052,-0.4344730567897777,-0.6484803760072231,0.380342801734212,-0.5999996868280083,-0.0012868166999143,0.7019332377865112,0.2787982444756221,-0.3786730326225219,-0.0020626636946433
2016-03-11,EL,92.86,93.27,92.29,93.11,1061318,0.8760784938132331,0.8727723424983954,0.33321845574086,0.3300845347071213,0.4558859854739903,-0.2112494702937192,-0.6715655567271539,-0.7903722158029285,0.9110718216939636,-0.3902492300418322,-0.0011929102617585,1.2903489365636975,-0.3238887948691033,0.1770858429653198,-0.7141459151554748
2016-03-14,EL,93.09,94.56,92.74,93.83,1320080,0.4484322353177092,0.4521668857235907,0.4587864991899011,0.5330670835838967,0.4863932079761131,-0.0915052584575547,-0.775640097756404,-0.8784972676129343,0.7505363369051713,0.0358359840029934,-0.0011818606164357,1.064895493262507,0.8758560831057199,0.5742669814125361,0.0252205292579724
2016-03-15,EL,93.07,94.06,92.99,93.8,1400285,-0.0529016289512799,-0.0445788804750563,0.374771542081992,0.4398585530533284,0.5019079110128983,-0.0343003760019477,-0.9143956854225204,-0.873648129720105,0.690978551359162,0.2333203803005936,-0.0013058691950088,1.0113880658638836,0.4480982632495315,0.5662783042774907,-0.6406339267804796
2016-03-16,EL,91.8,93.32,91.55,93.11,1638636,-0.4909709457597911,-0.4819259097145591,0.134318314859386,-0.0376226151980311,0.4798208244030338,-0.0853228292875974,-0.9880279850998448,-0.9234393401005728,0.3282165168770609,0.6571191551019097,-0.0013183413658894,0.504940781908467,-0.0533663854866054,1.0518189454440512,-0.0070330521723931
2016-03-17,EL,93.11,94.132,92.85,93.95,1027885,0.5286702817126177,0.5313019475889007,0.334300076440535,0.5759417671958497,0.488053264833239,-0.0480988512539702,-0.9505332365179392,-0.9616404812103896,0.2670839675421332,-0.2727610484872878,-0.0011939368036119,0.9830713286464188,-0.4915499827502303,0.6552804799132589,-0.4540915251925306
2016-03-18,EL,93.74,94.5,93.21,94.18,2028133,0.1194185245339673,0.1266141090287593,0.362763016975723,0.8489895639920543,0.496213152166277,-0.0185064192502032,-0.899843054408973,-0.9648786985801197,0.2412396417066244,1.352383846154726,-0.0011481381034501,1.1456578147274432,0.5283572415839929,0.3283109877693382,-0.4497895138621414
2016-03-21,EL,94.24,94.64,93.36,94.13,694314,-0.0660487280690056,-0.0576594376193587,0.3138103126676366,0.5319828609821236,0.4933292084109257,-0.0232591047534002,-0.8651134620632452,-0.9631458536864154,0.2184212659347583,-0.8612671389257278,-0.0012740174034308,1.051346977574944,0.1189987216733457,-0.114503057302514,-0.4580369575212153
2016-03-22,EL,93.65,93.75,92.6,93.18,1273609,-0.6613306401371033,-0.6528424920154223,0.0237499241196361,0.3356035865252134,0.4468091359246561,-0.1393798973301747,-0.8757530645983628,-0.9027894026798072,0.0663037120487645,0.1058724781639338,-0.0013007947475155,0.3220230836787932,-0.0665169143274661,-0.4054872825729192,-0.56275566419299
2016-03-23,EL,93.49,94.09,93.25,93.38,771910,0.100633571669431,0.1079750008533257,0.0610001856078951,0.285976251924796,0.4113745598671821,-0.2037426544164301,-0.8765355143112962,-0.9048391172868058,0.0495813783130266,-0.7328074827877143,-0.0012067514509776,0.3718508704383272,-0.6619541193714054,-0.1152105113600168,-0.8416310118161047
2016-03-24,EL,93.19,93.44,92.66,93.27,621865,-0.106334917809077,-0.0977589415283198,0.0214770645594232,0.1106435062126537,0.3729678033182572,-0.2628832015054857,-0.871866751329998,-0.9244415233143912,-0.0739825149284452,-0.9790139178577092,-0.0012713061995363,0.2783484363168982,0.1002088683218767,0.0385417259222829,-0.8943594917920509
2016-03-28,EL,93.31,93.9,93.23,93.6,576934,0.1872800626042493,0.1939020662461712,0.0890294774802996,0.7053731720007309,0.3497892378185775,-0.2709985375634224,-0.8806466506384556,-0.97283648766662,0.1221259986278653,-1.0361040077087351,-0.0012159013975209,0.5588557386811849,-0.1068136136465507,0.2084923409740995,-0.994760055386372
2016-03-29,EL,93.7,94.39,93.2,94.17,783606,0.346139441715282,0.3511333646085033,0.2094919917306402,0.8411919342728597,0.3481434464213203,-0.2220658165485581,-0.9013674607432056,-0.9812337378139976,0.2892163671828598,-0.6546167093621206,-0.0012066466588296,1.0433683518558707,0.1868779629863745,0.3526518485629142,-0.5381687276676147
2016-03-30,EL,94.77,94.9316,94.35,94.42,855976,0.1322849315117941,0.1393773854010444,0.2511367770256477,0.7814875764155875,0.3509365348850606,-0.1714940393880681,-0.8745225796396627,-1.037706673310654,0.1535926393244411,-0.5122000188457294,-0.0012038214398485,1.038183400943432,0.3457787842195722,-0.3053407653334841,-1.0779682135389743
2016-03-31,EL,94.15,94.67,93.95,94.31,1225015,-0.1055271182989313,-0.0969546301530624,0.1850525111877228,0.9767218525983452,0.3431689801687897,-0.1582195314076156,-0.8831631565386532,-1.0632541627245409,0.2258699399454578,0.1830938216320861,-0.0012975927381073,0.9511691541931592,0.1318684851493081,0.1020773485152905,-0.9550666758259754
2016-04-01,EL,93.88,95.73,93.64,95.65,1132097,0.8515948831289348,0.8487687854661654,0.5125590699282244,0.9767218525983452,0.3836312796937892,-0.023457110464608,-0.8094515779756828,-0.9801190120913884,0.3820739812879379,0.0055350082614214,-0.0011909645528375,1.389699292718134,-0.1060056034033267,1.3981259260737449,0.2297152610443655
2016-04-04,EL,95.8,95.8,94.84,95.5,796557,-0.130630184450415,-0.1219541834168009,0.4280954123297936,0.6521202853740246,0.403447764610117,0.0312108548968319,-0.7580985028873825,-0.97674474630195,0.3006518571926335,-0.5898802277567423,-0.0012784502918207,1.246208773445822,0.8513660853085505,-0.2629087799583636,-0.7535519105312551
2016-04-05,EL,95.38,95.9,94.9,95.1,743284,-0.2937626922604115,-0.2846604086955366,0.2664780698285909,0.4268176264184394,0.3971361415368599,0.0076919270061187,-0.788869845591891,-1.0302376480673257,0.3886981766501269,-0.6697844313236829,-0.0012764950498398,0.92856826619408,-0.131115218266885,-0.248108329476234,-0.7149741696503011
2016-04-06,EL,95.12,95.72,94.95,95.68,658610,0.3467059732382683,0.3516933761112853,0.37269763819477,1.0503328734522033,0.408554696550654,0.0345139578714238,-0.8042421567274284,-1.0214864692912198,0.4632730514018195,-0.7481675470501244,-0.0012124024989956,1.2951373505287762,-0.2942902829429323,0.4184794929833273,-0.9206250938775749
2016-04-07,EL,95.09,95.1,93.5,94.54,1491503,-0.7747828610740604,-0.7669278618560527,0.0212502789892602,0.0822070268550299,0.3668140214689713,-0.0808593605863962,-0.8532860906523313,-0.932050809544848,0.2052619426181116,0.8188679969981916,-0.0013105997713769,0.5295682691783835,0.3463454635353342,-0.4633076312863811,-0.1808587550668452
2016-04-08,EL,95.02,95.39,94.58,95.21,943945,0.408223389189115,0.4124726926408678,0.1597326974324306,0.2540453647812858,0.354321965425746,-0.097872573451386,-0.9360654263215054,-0.9361974521681165,0.3830486070386933,-0.2312561046925369,-0.0011986644074838,0.9155947841847584,-0.7754359369291366,0.1247552148840801,-0.8823007287828931
2016-04-11,EL,95.73,96.2,95.115,95.25,794077,-0.0068399512552152,0.0012278743185137,0.1407706789727445,0.2934616160567131,0.3403763597317003,-0.115224555522292,-0.9436083602808878,-1.0237645573865075,0.1700723572278288,-0.4994819897232889,-0.0012062360666703,0.7637448897046334,0.4078789277187837,-0.4051409201957227,-0.6419818277857907
2016-04-12,EL,95.09,95.69,94.51,94.73,1252647,-0.3728824419940699,-0.3637276487774211,-0.0165062378190695,0.5234788599552692,0.3036628627181478,-0.1877103014949378,-0.9459145989675972,-1.0281987261083798,-0.0266062839715668,0.4005243957177818,-0.0012994977944815,0.3920084597110675,-0.0072926915426811,-0.3123470762281295,-0.5531922206018786
2016-04-13,EL,95.25,95.25,94.26,94.52,1173031,-0.171011327277418,-0.1621900042008948,-0.0849435522910284,0.3342027991453331,0.2615908729690969,-0.2594915663298367,-0.95254012911804,-1.024662392163967,-0.0547443734526883,0.2705395304565277,-0.0012969993016142,0.241884132213659,-0.3734306728827433,-0.6053486051028225,-0.718413925774701
2016-04-14,EL,94.61,95.3,94.15,94.71,1066732,0.0921523607224211,0.0995577983682507,-0.0544147109639361,0.4637515858789117,0.2313629401214958,-0.2864301796243065,-0.9889820482754312,-1.0589115692032531,0.0848963638876526,0.1212373086630693,-0.0011923529962274,0.0670369491958488,-0.1715068954435976,0.0535394740481251,-0.5793717490448975
2016-04-15,EL,94.82,94.99,94.08,94.95,1210599,0.1247690187122104,0.1319220359147789,-0.0016944354517258,0.4315472280593879,0.2127043735666185,-0.2782017205846007,-0.9914290717177398,-1.0968875755776208,-0.0111539106672033,0.3909416069866599,-0.0011865800772206,0.2886490516920227,0.0917254448559577,0.0772663648895687,-0.7925858058587151
2016-04-18,EL,94.9,95.97,94.63,95.78,962812,0.5112290346083244,0.5141090559319179,0.2062726903291115,0.5222108374463593,0.2262779672178376,-0.1886539278465808,-0.9629990796957648,-1.0612904866799324,0.0820290943447278,0.0009335784328813,-0.0011989535076537,1.0550575728245943,0.124350611651035,0.6742690228146682,-0.4253523877315137
2016-04-19,EL,96.42,97.08,96.06,96.95,1286312,0.727516630505789,0.7269800708056253,0.4908304573850113,0.7931449801831935,0.278178418334566,-0.018363022322049,-0.8695076892404898,-0.9966062716156951,0.2725110418065181,0.6056592806812182,-0.0011851592763264,1.34641812722246,0.5109114445293143,0.3889753609380723,-0.7145041316324959
2016-04-20,EL,96.85,97.33,96.54,96.57,1198289,-0.2770192947222574,-0.2679410598545057,0.3377945025413236,0.6581949587054916,0.2992095193809594,0.0384125264205187,-0.8651732735717805,-1.054544497901614,0.3668373115789706,0.4338387313701946,-0.0012952310644248,0.9018984591615562,0.7272554640199095,-0.2447419493567316,-0.909546133054082
2016-04-21,EL,96.04,96.25,93.69,93.89,1631242,-1.7607742401749258,-1.7673750715077037,-0.4102396951483751,-0.7526521015838069,0.2063291549325963,-0.2093731858268788,-0.8890573996943838,-0.6761619241777513,-0.0872655526861667,1.1871209165450975,-0.0013155870677278,-1.0057688899489057,-0.2775425175045,-1.7176570141512555,0.6810437591315137
2016-04-22,EL,93.53,93.96,91.96,93.95,1978424,0.0067896875896402,0.0147755867130393,-0.4029508889908224,-0.6903012371289079,0.1318659267494965,-0.360196363921924,-0.9238721145845946,-0.6770385940713239,-0.0604022882732698,1.630554162553191,-0.0011519359776286,-0.6494366289161652,-1.761684534555058,0.3129515959153967,0.1828295692052383
2016-04-25,EL,93.53,94.79,93.52,94.72,1451934,0.4772614223437761,0.4806114180629856,-0.2055921618230862,-0.3070962814213668,0.1003047272729562,-0.3704258230491939,-0.9621738606995364,-0.6580055902659149,0.0082595402501764,0.5483916571419747,-0.0011782019291068,-0.1727849000836314,0.0063405029068935,0.9349431983270468,-0.4738947265787585
2016-04-26,EL,94.72,95.88,94.38,95.69,1430514,0.6045704304873711,0.6060657692202696,0.0411831873136067,-0.1860060706195294,0.1104973267993902,-0.2711358304929393,-0.97141140499677,-0.6348548780011564,0.0695789626570708,0.4391731625833405,-0.0011805972611322,0.4276724726015102,0.476934971031989,0.7473873301172762,-0.2849043274486196
2016-04-27,EL,95.71,96.8,95.47,96.17,1670574,0.2793026088379142,0.2850301616163928,0.1492492187289851,0.3324686853668189,0.1342223664141929,-0.1568715686162238,-0.9612315950095508,-0.6297114202431171,0.1047266264054912,0.7578875705352506,-0.0011717618951148,0.724806017847769,0.604277190657951,0.3367993322695989,-0.4387467672618987
2016-04-28,EL,95.67,97.46,95.47,97.12,1487623,0.5820100464112261,0.583852571689394,0.3717066255297466,0.4040161745453644,0.186565726959913,0.0082029063079458,-0.9118563781472953,-0.6044398444304564,0.2701140178042198,0.4241185220159429,-0.0011811063588038,1.2373838935146293,0.2789245154173712,1.1187664269094018,0.116339916415637
2016-04-29,EL,96.69,96.85,95.31,95.87,1591304,-0.8342990380395805,-0.8268603516909617,0.0245384692956414,-0.0182647958917415,0.175138650119914,-0.0238815218000151,-0.908433947756929,-0.6011503527014054,-0.1336971180972413,0.5473008375119813,-0.0013071737636864,0.481888089550426,0.581710921186822,-0.6670494480682174,-0.2525847400842494
2016-05-02,EL,95.86,97.48,95.68,97.13,2274592,0.7852487389260678,0.7836766864688105,0.3485399056174558,0.4291364335166611,0.2115361075737773,0.0735504637050598,-0.8545719518458149,-0.5462666239929167,0.0831940001813158,1.4518803358233383,-0.001148372043362,1.2321063721014192,-0.8349676400580497,0.9746303211858436,-0.0468623883628183
2016-05-03,EL,94.23,95.48,93.02,93.29,3521600,-2.494345409823452,-2.522331194425881,-0.683225632083056,-0.4294745537795363,0.0865617638200778,-0.2638721862456761,-0.7840032832853723,-0.0879158690295429,-0.4470001319231356,2.8513594192883063,-0.0013839626938743,-1.0803677409020445,0.785002633188275,-0.7799903070982742,0.6063233677266121
2016-05-04,EL,92.5,93.42,91.92,93.15,2444692,-0.1264264777156605,-0.117767107047914,-0.6876953827321421,-0.4950097780188097,-0.0194628760506372,-0.4850340946233248,-0.7187062714470535,-0.1011737407314761,-0.5558232110151434,1.1576051636442466,-0.0013460256707986,-1.1459173012470398,-2.49544707311236,0.5045878854081698,-0.2492810777774071
2016-05-05,EL,93.13,94.26,92.97,93.28,1222929,0.053891180510457,0.0615711472659462,-0.6348339630089321,-0.519004882125778,-0.0989276978290932,-0.5935991067730183,-0.6740283972570804,-0.1315244476826997,-0.3632147579750788,-0.4284871221957271,-0.0011890273065439,-1.0681936322061207,-0.1269104148985606,0.0953710661761224,-0.4387755671972664
2016-05-06,EL,93.17,94.12,92.06,93.99,1785588,0.4408805288178349,0.4447137778895411,-0.4223543545684242,-0.5455884309870451,-0.1341118259887129,-0.5664733733929922,-0.6567358695490977,-0.1293233324699169,-0.3556671651563688,0.2517386679577395,-0.0011658162256087,-0.6437028243672451,0.0534542833352828,0.6386234924166801,0.2352764827714094
2016-05-09,EL,94.22,95.03,93.36,93.74,1532074,-0.1985935467717189,-0.1896879988042872,-0.4707980614445033,-0.8708926755049152,-0.1715529922674218,-0.550582363953464,-0.6343307459324886,-0.1285373275873662,-0.400303089058742,-0.1194254796740021,-0.0013069056875231,-0.7931714186767097,0.440544586713358,-0.4112120812836563,-0.1065870220911753
2016-05-10,EL,94.23,95.58,94.17,95.54,1900915,1.1624857949837328,1.1528750628086673,0.0151839796928091,-0.3874740253889673,-0.1305761900270487,-0.3360230553688814,-0.6325162643362982,-0.03984899333404,-0.0418978817317066,0.2967938478241828,-0.0011611706555497,0.283002460351442,-0.1990963103941333,1.0240160243360632,-0.3613614593479147
2016-05-11,EL,95.03,95.22,94.38,94.93,2064525,-0.4304986898397737,-0.421369259947049,-0.1589010773929188,0.0427988152094965,-0.1223939718269991,-0.2487883032748616,-0.6362374870473956,-0.0299792463527352,-0.1037710112604835,0.4310507499203198,-0.0013287373406211,-0.0817009097636509,1.1623381002069406,-0.1058196395218243,-0.8538718626763702
2016-05-12,EL,95.43,95.86,93.72,94.61,1451585,-0.2428619653054206,-0.2338467843484999,-0.2458666395221828,-0.0447309156136714,-0.1287156920458274,-0.2163333894101177,-0.6351415777962968,-0.0276737594116102,-0.1829838122599521,-0.3234816420098001,-0.0013051311701697,-0.2730207104797702,-0.4310619512516385,-0.675509297701354,0.2937774498024203
2016-05-13,EL,94.22,94.32,92.38,92.66,1689057,-1.3161920384245789,-1.314272553018189,-0.7533645295850536,-0.603015989329365,-0.2097474816683295,-0.3826718908582786,-0.5658680089205738,0.0682699394385451,-0.5216865168218733,-0.0696826451970886,-0.0013170144549056,-1.4388757460935957,-0.2433762773628042,-1.2772270247490305,0.1535635043096737
2016-05-16,EL,92.72,93.2,92.56,92.79,1010540,0.0543506532014397,0.0620274614607759,-0.6769856197543339,-0.807268098132392,-0.2674625249831708,-0.4557257884097054,-0.5230862969214528,0.0459007458413594,-0.6259524462657841,-0.8645125267086995,-0.0011970297230336,-1.3611520770526684,-1.31698635331379,0.0307221135245383,-1.016497409202441
2016-05-17,EL,92.66,92.975,91.6,92.02,1641154,-0.5496324141467083,-0.540725892060367,-0.8237430683730852,-1.055582111432849,-0.3412681608974492,-0.5555858148084368,-0.4989208572177573,0.0064635470646758,-0.9143020051581386,-0.1477625776871262,-0.0013156920589428,-1.6438612468608578,0.0539138758902829,-0.5481505946998476,-0.3460111255827744
2016-05-18,EL,91.88,92.12,90.13,90.5,1888992,-1.061383534877816,-1.0560677276346364,-1.1647545699654795,-1.517685174906871,-0.4560196465640812,-0.7408677483229306,-0.383491039597111,0.0516866479787492,-1.0906141100766134,0.0963627312519377,-0.0013289823711581,-1.713963034385154,-0.5502267543301529,-1.1610734459509005,0.2412541091821311
2016-05-19,EL,90.04,91.09,89.84,91.01,1651720,0.3178503561115582,0.3231634055192738,-0.9839624322998356,-1.2162184593324128,-0.5225620241030322,-0.7650038807151226,-0.2851951497498326,-0.0940172341377418,-0.6179750071505166,-0.1735859241877921,-0.001164851565868,-1.3722330995417908,-1.0621113771093111,0.7876020587151035,-0.446657664266986
2016-05-20,EL,91.31,91.31,90.14,90.48,1759356,-0.3955579579428854,-0.3864067434164299,-1.0851643924634091,-1.672232660065184,-0.5910388338228533,-0.78929198176193,-0.1712809439609977,-0.0907970101203425,-0.7099178952013383,-0.039377848522949,-0.0013233766513022,-1.602837316144477,0.317482318757334,-0.7130757413396485,-0.513640374511474
2016-05-23,EL,90.34,91.09,90.14,90.73,1299565,0.1390255017609079,0.1460628765792551,-0.9613609774840026,-0.9730668105011802,-0.6299032978312644,-0.7325007945033453,-0.0948097359600887,-0.1117630404052688,-0.7861354439926265,-0.5569376232354177,-0.0011813389267307,-1.4940617422752858,-0.3961121042613393,0.2998423622800424,-0.7186928365197124
2016-05-24,EL,91.31,92.61,90.43,92.14,1568738,0.9345321490897608,0.9300422874896922,-0.5176222262695038,-0.4622578520023555,-0.5999920315772026,-0.5100402989486068,-0.1077344303301662,-0.0710638675984328,-0.7123327422733119,-0.25588082774759,-0.0011702303776377,-0.8805675056530469,0.1386108138311772,0.6604426396304537,0.3804915228430711
2016-05-25,EL,92.21,92.75,92.01,92.05,1230354,-0.0938081048584303,-0.0852873953463579,-0.4858868896508857,-0.5230081376326275,-0.5748982152565214,-0.3444719357027909,-0.1498419089795501,-0.0832889762429539,-0.79666052063481,-0.624002607502819,-0.0012981065527229,-0.9197267122459571,0.9343249873624244,-0.1574117208543257,-0.9213376318105376
2016-05-26,EL,92.12,92.26,91.43,91.44,1094897,-0.4455696755789415,-0.436455738405346,-0.5789364554980787,-0.8879068635885999,-0.5740964330308121,-0.2745445226885754,-0.2537964422420932,-0.1188587467650967,-1.0264102411479412,-0.7660282345704447,-0.0012930115834195,-1.1851391124867845,-0.0942835327886798,-0.5840153557734006,-0.8348397212799096
2016-05-27,EL,91.79,93.01,91.53,92.0,1450029,0.3482867762746727,0.3532559594346214,-0.3669607206021971,-0.6525311892213457,-0.5468146624053235,-0.150443557978983,-0.3226338801911,-0.1281176284371628,-0.7603313007713642,-0.3445064058210293,-0.0011748604513156,-0.9414818270197944,-0.4461368686040082,0.1465331591758878,-0.25062312059671
2016-05-31,EL,92.32,92.73,91.41,91.78,1713676,-0.1818739588091703,-0.1730180080185487,-0.3542123271127934,-1.3576091244223354,-0.5294449294668029,-0.0766762005856494,-0.517523263517596,-0.1928979925702032,-0.9764241331075116,-0.0022439379310205,-0.0013209799518055,-0.810054914379436,0.3479266789605627,-0.4682355715072537,-0.3926974644821016
2016-06-01,EL,91.59,92.99,91.36,92.99,1761687,0.7877952554150587,0.7861763331014778,-0.0070206891459485,-0.7560580606892544,-0.4644017830728266,0.1050482308838898,-0.5212397061508365,-0.5764825203749099,-0.2147056436297143,0.1698331802533214,-0.0011599096043047,-0.1419054691459808,-0.1823723607425816,1.1285311314759785,-0.1304614355433015
2016-06-02,EL,92.74,93.35,92.6,93.2,1019647,0.1076017403088961,0.1148897239262317,0.0517911129119566,-0.6056850095237764,-0.4016560374609278,0.2445143059953242,-0.5205698481661789,-0.5754143041024291,-0.1595936703149429,-0.7033387867111018,-0.0011961737948098,-0.0259456480724008,0.7875498139946516,0.3484281242997785,-0.9206624774572608
2016-06-03,EL,93.22,93.875,92.88,93.07,1290889,-0.1198366532965048,-0.1112039225538443,0.0179350661094839,-0.0407670407436124,-0.3546537262816371,0.3155638368721052,-0.5234070049481754,-0.5754090219890419,-0.2005405796319496,-0.3503865038912382,-0.0013006512935203,-0.097730299213191,0.1071788547683711,-0.1478866835951137,-0.7003369540996853
2016-06-06,EL,93.09,93.59,92.63,93.06,1308837,-0.0396854206705349,-0.0314323486011327,0.0283564846417968,-0.0899215018566298,-0.3158527976065647,0.3512932441913162,-0.544687571345374,-0.5975890822590298,-0.3127955054321668,-0.2998391214208686,-0.0013027096008232,-0.1032521954547849,-0.1203188713721658,-0.0506645318924552,-0.7315858279265971
2016-06-07,EL,93.35,93.77,92.97,93.12,1170613,0.0071445356063159,0.0151282621826926,0.0542242314167628,0.2537750628290311,-0.2811961300087514,0.3692095133756802,-0.5583004616273487,-0.5991119818988676,-0.2646143585177665,-0.4652421556743659,-0.0011878587474096,-0.0701208180051906,-0.0401467294540109,-0.2124644950100054,-0.8753371352373686
2016-06-08,EL,93.3,93.53,92.82,92.88,1088324,-0.1934549025841253,-0.184564120211172,0.0240738655017134,0.9720108567002652,-0.2618534783750138,0.344124515256533,-0.682986794101973,-0.7523229550113449,-0.576376067556558,-0.5353218843309266,-0.0012927148348014,-0.2026463278035678,0.0066954434938344,-0.3664210499692549,-0.954243686639819
2016-06-09,EL,92.41,92.71,91.85,92.28,1669464,-0.435179747822877,-0.4260547364299519,-0.1087376111310405,0.4214392476519095,-0.268735984464263,0.2565534122382475,-0.7882516014070751,-0.7520114321493081,-0.5774564738211853,0.3021949852613612,-0.0013208244189287,-0.5339601022994944,-0.1939563256730352,-0.1326008498575274,-0.8146318857284068
2016-06-10,EL,91.51,92.06,91.12,91.55,1679449,-0.5255011077890518,-0.5165308447649526,-0.2731662890151586,0.3090588578524514,-0.3011447607587867,0.1207923497401631,-0.8877541656351404,-0.7366531772120234,-0.6424884868244011,0.2976735208633019,-0.0013235675463066,-0.6124745644847291,-0.4357442303963622,0.0067079427135175,-0.7356121818004585
2016-06-13,EL,91.77,92.28,91.24,91.29,1279700,-0.2098075094594571,-0.2008712113873252,-0.3278992341652426,0.0712593325204261,-0.3348970681654529,0.0087252737874118,-0.883145496005666,-0.9004758754213309,-0.3846210554772388,-0.2341934918492138,-0.0013061701993068,-0.6867394074821656,-0.5260891527663105,-0.4214877056658087,-0.6418826281377645
2016-06-14,EL,90.88,91.76,90.23,91.45,1216676,0.0761209029420826,0.0836442050706346,-0.2632594746057633,-0.5884062329277123,-0.3529763619959054,-0.0405863198345133,-0.8897217613823978,-0.8997196634770167,-0.379568515124836,-0.3356601799431153,-0.0011809608562424,-0.5549255175216232,-0.2103131985019144,0.447544777726702,-0.1969935046206119
2016-06-15,EL,91.52,92.17,90.8,91.01,1079193,-0.3325426422794129,-0.3234020054456594,-0.3745719677630533,-0.7522753229645875,-0.3819144773783057,-0.1079860144763323,-0.8733119138671845,-0.9194942185763972,-0.3286746786144552,-0.4985492583649396,-0.0012962872270996,-0.9174137149131204,0.0756898049011984,-0.447332836167524,-0.3367697059165641
2016-06-16,EL,90.97,91.87,90.62,91.71,1395724,0.4458593162385379,0.4496276606584533,-0.1918956394466141,-0.0451340762774253,-0.374676305426185,-0.0687886293515982,-0.9131311411543286,-1.0308131496384236,0.0288846515820661,-0.009635314306729,-0.001172051570644,-0.3407279463357449,-0.3330803496036783,0.588263211910572,-0.4553946216649991
2016-06-17,EL,91.78,92.27,91.3401,91.94,1646538,0.1231412225101093,0.1303072382412454,-0.1395161406001541,-0.2229883118793257,-0.3574637273536473,-0.0117567716034212,-0.9330848000578416,-1.0427199594249326,-0.0174001334063507,0.3564330969350382,-0.0011614238152046,-0.2792875864821431,0.4455246729652516,0.1053928153000653,-0.7483973704632646
2016-06-20,EL,92.85,93.81,92.62,93.08,1690224,0.7389657010028972,0.7382279166192977,0.1482062120344345,0.4368798635696885,-0.2972271070617696,0.1446118586253681,-0.9669911167961904,-0.9974759288247056,0.2545503352969125,0.4262880819035636,-0.0011616415285035,0.7353220394039197,0.1227223908008618,0.1608338054933661,-0.5258359049918124
2016-06-21,EL,93.3,93.69,92.76,93.1,1564222,-0.0196187251534324,-0.0114767806742451,0.1198404190206111,-0.1232499143678605,-0.2475446380939483,0.2425405589859326,-0.9985475094749264,-0.997781354787752,0.2161571554173693,0.2204438536016587,-0.0011698141758142,0.7360911825034608,0.7387075212703392,-0.1882710742425312,-0.7588104820096846
2016-06-22,EL,93.36,94.33,93.05,93.59,1166772,0.2946778385197658,0.3002428773686321,0.2383294320343135,0.0315652257914626,-0.1884109204340179,0.3452108707082632,-0.9610162933123112,-1.1051784326806562,0.0636441356093961,-0.3303055495456666,-0.0011897274141612,0.8429045234837562,-0.0200747990779298,0.1598114545750129,-0.4514980650394992
2016-06-23,EL,94.05,95.0,93.98,94.95,1564137,0.8717045766519728,0.8684848680137931,0.5825983989499289,0.671140474913511,-0.0886970608473357,0.5317997068340566,-0.8365580760895042,-1.0076448220548375,0.2952171687356608,0.2258647712774735,-0.0011730141580212,1.4080340819890884,0.2943037560814535,0.6966670391977522,-0.6960350475787553
2016-06-24,EL,92.53,92.87,89.67,89.73,3222184,-3.4557127965280485,-3.5258695669296727,-0.8753293630302327,-1.0311836744941396,-0.2143349201818516,0.1010193305746653,-0.7318338397235872,0.00500324648505,-0.4421269899180566,2.3004018603977245,-0.001382765345149,-1.843882355184588,0.8714810249075856,-2.312548026584803,1.380823088902724
2016-06-27,EL,89.42,89.42,87.11,87.24,2281883,-1.760651379856122,-1.7672493974484638,-1.5186671261000158,-1.4194517813647385,-0.4088821496631344,-0.4209765029423314,-0.4092941351815733,0.1512224719975874,-0.9273462508791824,0.9494758510452358,-0.001347165370318,-1.826531733301888,-3.457065254607344,-1.868218716475546,0.6154320001230288
2016-06-28,EL,88.39,88.67,87.08,88.19,2476759,0.6449628705618867,0.6458167052708869,-1.199078821372101,-1.1233156471170576,-0.521360600904049,-0.6273295473476627,-0.2561144919676525,0.1899676405206425,-0.74194538260503,1.126608608641417,-0.0011248972970355,-1.4154137061383498,-1.7615616421853149,-0.1972675298351859,-0.0887502953659792
2016-06-29,EL,88.76,89.97,88.53,89.71,2504636,1.040053248226667,1.0332926068936708,-0.7195958395133105,-0.6709945095049262,-0.5460812801196119,-0.5665249883949531,-0.2206329447749739,0.2205475240882931,-0.6855098825030289,1.0885790220886873,-0.001128422746696,-0.7774394716796911,0.6446801680293229,0.7823156697678191,-0.2535595779036117
2016-06-30,EL,89.74,91.09,89.65,91.02,2718722,0.8761336985951326,0.8728264543589949,-0.3141721929618275,-0.2848535748498245,-0.5099346509929961,-0.3612099373673119,-0.2336703909923529,0.2732234182235062,-0.5110035371590326,1.186496356149602,-0.0011235605599416,-0.2276064143501867,1.0398736141045992,1.0513108728739713,-0.2728132722359134
2016-07-01,EL,91.25,92.42,91.16,91.82,1541020,0.5142070991023595,0.5170450521489679,-0.0672774682151518,-0.096204794950282,-0.4463545251566627,-0.1263445482714773,-0.251236382372947,0.2928460379332986,-0.3647283400419313,-0.2263636535984209,-0.0011779535260586,0.1081694985227913,0.8759113022890562,0.4456233674080592,-0.4476789129904876
2016-07-05,EL,91.45,92.16,91.03,91.32,1685404,-0.372018246812204,-0.3628634815137123,-0.1856264324773034,-0.2112995658804728,-0.4125847521240837,-0.0151835719379191,-0.2700880966034541,0.2976159465861629,-0.4420803900944796,-0.0776533726775218,-0.0013119164402892,-0.1016904470228207,0.5138902859199561,-0.1337165734993413,-0.5600583390550403
2016-07-06,EL,90.74,91.28,90.31,91.03,1535963,-0.230705535765093,-0.2217173237192427,-0.238941458720306,-0.1855289972234177,-0.3943850113348959,0.0336682141665531,-0.2924255978627718,0.2981971258788971,-0.4971041886876524,-0.2707294250951763,-0.0013073929916747,-0.2234092154392723,-0.3725662522556912,0.2151427581220037,-0.7032580582772756
2016-07-07,EL,91.0,91.75,91.0,91.55,1111878,0.3226469262909332,0.3279067556776299,-0.0705752792520265,-0.2169856701571908,-0.3570766402347474,0.1219349285228248,-0.3129598714693648,0.3065177531922813,-0.3777817608605119,-0.7612620430858841,-0.0011947667625591,-0.0051548720718375,-0.2312166765382823,0.4303151176976917,-0.90857518808114
2016-07-08,EL,92.0,93.17,91.83,93.01,1283007,0.9598683452380322,0.9548489687645308,0.3380951123116945,-0.0145221439936925,-0.2686495813484107,0.3241269223809481,-0.2951593441053044,0.3513824776510459,-0.0512959663103065,-0.5472866909353077,-0.0011883274274228,0.6076361689213529,0.322280140232342,0.8031106557983932,-0.3906277228470288
2016-07-11,EL,92.69,93.5,92.66,93.28,839803,0.1477336647712848,0.1546988142098368,0.3902955437955933,-0.1547307197696514,-0.1874794728993369,0.4672012519675417,-0.2638243867389714,0.336487078901744,0.1100515119663102,-1.040054964851438,-0.0012077971081717,0.7209605395159814,0.9596677930400912,0.4545935068072603,-0.8408273101809549
2016-07-12,EL,93.29,93.59,92.77,93.29,1205957,-0.0263217251380426,-0.018141944684048,0.3639518864214996,-0.1564248141470756,-0.1230358795192913,0.5386069537896597,-0.2369292995695647,0.3333893833655719,0.1542789823353359,-0.5990832055958282,-0.0011931984286197,0.725157738426896,0.1473212485661279,-0.0263165508545973,-0.858774808813684
2016-07-13,EL,93.28,93.58,92.94,93.3,869506,-0.0263224405757121,-0.01814265612163,0.3398498324662793,-0.2401258505326395,-0.0724315055623326,0.5601096026891658,-0.2130432832606554,0.333560506982238,0.1296265670605529,-0.9914295430550624,-0.0012076370429813,0.7293549373378042,-0.026779547694228,-0.0101176260774843,-1.0196395475606352
2016-07-14,EL,93.69,94.28,93.53,94.03,1199886,0.454124721942534,0.457784455571815,0.5045477977672769,-0.3575669152280035,-0.0052333769300522,0.6200237606879467,-0.1739285603035161,0.3338426923123223,0.3198692709814267,-0.5966388165053855,-0.0011949150534327,1.0357504578343997,-0.0267802633185359,0.2478600630269276,-0.9265823857662052
2016-07-15,EL,94.53,94.94,94.14,94.4,1098339,0.2119840045339027,0.2183790609157437,0.5708321954487802,1.0362739938457486,0.0601931980186905,0.6633951384021605,-0.1220286164863016,0.3273259472719539,0.2633028802330026,-0.707282266934735,-0.001199700518769,1.191046817538154,0.4537922348903965,-0.1302172392166069,-0.885045430313253
2016-07-18,EL,94.39,94.39,93.585,93.97,1200861,-0.3165866799626049,-0.3074588883578698,0.4185795382235826,1.9734221521548112,0.092360494921501,0.6124834314289771,-0.0917166806872737,0.3345144144314965,0.1567964407834449,-0.5626028252592253,-0.0012890140163438,1.010567264368925,0.2115883495073711,-0.3624935798555249,-0.8773791108910244
2016-07-19,EL,93.41,93.76,93.12,93.49,856931,-0.3510109201328713,-0.3418605427205925,0.2758360347060359,1.605947408393699,0.0961580173522405,0.4987307547340717,-0.0838530829261619,0.3134951531240545,-0.1027854445289492,-0.9593501424654924,-0.0012763127488912,0.8091017166451357,-0.3171202248071774,0.038388971175565,-1.020801383333546
2016-07-20,EL,93.49,94.07,93.32,93.5,832418,-0.026336717188118,-0.0181568529136999,0.2729010971795335,1.3641226711178125,0.0967497272107846,0.3994769070041467,-0.0762649758665237,0.3135037695533384,-0.1043768443709134,-0.965662385733848,-0.0012096660291861,0.8132989155560504,-0.3515534453321106,-0.0182352817177369,-0.922814332279592
2016-07-21,EL,93.22,93.63,92.64,92.86,1009469,-0.4591473157692418,-0.4500504845263061,0.1010512615288905,0.6425105833394823,0.0695333807737127,0.2484963706202809,-0.0893344681897521,0.3177730473703757,-0.2820317221072356,-0.7296283659174889,-0.0012823081346706,0.5446781852576668,-0.0267945436553244,-0.3180848694318252,-0.7028094615018907
2016-07-22,EL,93.06,93.343,92.87,93.23,716133,0.2150706581595194,0.2214366785110187,0.2313454619407396,0.4931821792959907,0.0601364580731959,0.1735788314565576,-0.148280281950919,0.2738410557132333,-0.4335208167117721,-1.0854355562935245,-0.0012142097844646,0.7196789520622698,-0.459718050833983,0.1116998200596518,-1.1684961984424835
2016-07-25,EL,92.98,93.25,92.49,93.17,740987,-0.0730634274764022,-0.0646397639550234,0.1646284543770943,0.7757620373969853,0.0480776424638665,0.1067931336017576,-0.1894338124561778,-0.5454199630485914,0.3955647347080721,-0.9633271316447264,-0.0012718971761454,0.6943035204787382,0.2146758083575666,0.1280697599701943,-0.911501498243152
2016-07-26,EL,93.07,94.05,92.764,93.05,909373,-0.1131824174193028,-0.1045772928488937,0.0472126937884588,0.8970937092168011,0.031736292624227,0.0423414059312785,-0.4436101413284753,-0.9093713913375406,0.8106162724507953,-0.6485674073476264,-0.0012789108496914,0.6435526573116753,-0.0735334436805129,-0.0425520263376649,-0.4395093374330774
2016-07-27,EL,93.04,93.04,92.13,92.41,1097395,-0.4612082300381612,-0.4521142562077988,-0.1941767017785645,0.2634929216811416,-0.0080058021850763,-0.0694530909221985,-0.6853265178650426,-0.8958281349686495,0.5352925135754459,-0.2669165625263906,-0.0012869733928079,0.1308383013770488,-0.1136628995845147,-0.5378989310254579,-0.7706315287056689
2016-07-28,EL,92.56,92.88,92.01,92.11,1273698,-0.2351106545609866,-0.2261123952949642,-0.3128736511956124,-0.7862363147235861,-0.0524004873051979,-0.1708643757724739,-0.8236670199457521,-1.000493616694195,0.2254304055877317,0.1256389974284147,-0.0012949174660796,-0.3354641118831568,-0.4617795027397822,-0.3936275201956922,-0.8041504371048159
2016-07-29,EL,91.9,93.15,91.9,92.9,1097046,0.5009725773356393,0.5039964163199673,-0.1160208426297355,-0.4147242196692682,-0.0575256666269842,-0.1509143717372127,-0.8842233701566985,-1.0691626650638952,0.13587081005949,-0.0381963999366208,-0.0011968789268214,-0.0217714284513186,-0.2356229445107137,0.7957921015988307,-0.4699452765385023
2016-08-01,EL,92.81,94.22,92.81,93.43,1185002,0.3221897467679671,0.3274546644259648,0.0108737874738681,-0.1137180696617637,-0.0419415871834019,-0.0816490929488667,-0.9034670457162496,-1.091610697035746,0.0900415073174968,0.1581079758485741,-0.0011940087147431,0.3587504322062466,0.5006523116238926,0.4783931442158882,-0.3335842920181192
2016-08-02,EL,93.73,94.039,92.74,93.27,1255253,-0.1396136819232996,-0.1309030903271817,-0.0618817994150075,-0.204691511761432,-0.0371558233290965,-0.0540315483561406,-0.9619637844280404,-1.1118606542780929,0.1461320248903252,0.3357408473631357,-0.0012934063740917,0.2438759082341441,0.3218228414435841,-0.3971030778343992,-0.4306100990402035
2016-08-03,EL,93.05,93.89,92.67,93.84,1410672,0.3474808667176861,0.3524593434011652,0.0589728749211826,-0.2913345545924839,-0.012482609549901,0.0192524410699087,-1.0563899726152195,-1.1100402220456242,0.2858813293878274,0.646228167231801,-0.0011846739695905,0.5148077645820418,-0.1401010592916696,0.615122570873203,-0.5078216797320294
2016-08-04,EL,93.79,94.27,93.32,93.68,1721352,-0.1391478546434766,-0.1304390248985419,-0.0161890455276677,-0.5923019978137568,-0.0009114438957179,0.0441551862836838,-1.136427304626333,-1.1158785436703025,0.1742199424123648,1.1469907221059343,-0.0013120744426842,0.0961042386309847,0.3471205591635355,-0.1149261720045244,-0.7461721451092105
2016-08-05,EL,93.67,94.19,92.49,93.58,1760300,-0.0994542385027955,-0.0909083079805017,-0.0523525200466879,-0.4220743365040725,0.0025971472010763,0.0433244543381039,-1.1376512067276656,-1.269446646139486,-0.0774722918754984,1.1492870430727071,-0.0013154623433304,-0.0442550935050748,-0.1396351104900886,-0.0989082094906875,-0.0773309452332272
2016-08-08,EL,93.57,93.64,93.11,93.29,1260070,-0.2259307606685781,-0.216953791277441,-0.1340355836568497,-0.3133123337468099,-0.0076434328919161,0.0072697388258211,-1.1376885917336277,-1.2670523617945304,-0.1659024911452956,0.1994540739188342,-0.0012961897324334,-0.3613645164847787,-0.0999311393568444,-0.252398626786313,-1.117847047348254
2016-08-09,EL,93.49,94.06,93.31,93.34,990088,0.0003719693282823,0.0083968140200804,-0.1206795293226472,-0.2876158496566722,-0.0153110285646698,-0.0149512159792476,-1.1377831204350892,-1.266861094921159,-0.1596055007267318,-0.2643506219258314,-0.0011998609793916,-0.3066904780400039,-0.2264406558318829,-0.1475355879074358,-0.921668397735252
2016-08-10,EL,93.29,93.41,92.72,92.91,1282454,-0.3198072292997071,-0.3106765143536626,-0.2361249669848332,-0.1567548670817778,-0.0395507972304487,-0.0753844678237671,-1.1319936637618937,-1.251610843412413,-0.2288676711721722,0.2196568006956226,-0.0012973654428335,-0.7768872086651021,-7.888956385435186e-05,-0.3340631299196563,-0.9723895222645392
2016-08-11,EL,92.96,93.24,91.76,92.53,2074628,-0.2876301432503789,-0.2785361439407549,-0.3220628048729078,-0.6393157766666805,-0.0745528687707452,-0.1514330516294881,-1.1311799640230766,-1.294574636932877,-0.4017620106243969,1.4833029537906115,-0.0013329032349316,-1.0763909035418366,-0.3203416142986338,-0.3757923212827554,-0.2583024830903807
2016-08-12,EL,92.64,93.6431,92.17,93.1,1470954,0.350523695132556,0.3554670290664172,-0.1433538346295042,-0.2295116440469502,-0.0806262833441186,-0.1378100536369042,-1.1784441217616952,-1.2745529181985504,-0.3697281613001889,0.4182664965947774,-0.0011766109715475,-0.1876133327123782,-0.2881561341164667,0.3488326414361598,-0.272640551120669
2016-08-15,EL,93.09,93.8201,93.0701,93.2,1406479,0.0338761776771744,0.0416904664545484,-0.1043383716850716,-0.1018194291827035,-0.0822519356859098,-0.1154631918252599,-1.2032003913241571,-1.284955317912876,-0.2878200712316754,0.2904482511887006,-0.001180978386233,0.0257973796576435,0.3501641813701702,0.0629593796175442,-0.9206624774572608
2016-08-16,EL,92.77,92.96,91.95,92.42,1412500,-0.5540397045204924,-0.5451458452020386,-0.3091528333017289,-0.1833359920319453,-0.1146126253822224,-0.1766971594346399,-1.1894111117967645,-1.2540182860992934,-0.3355656007410476,0.2481416354988158,-0.0013033545474417,-1.0072152096671207,0.0334340591282469,-0.3113561628645584,-0.6805441127328546
2016-08-17,EL,92.64,93.2,92.08,93.02,2013764,0.3711894416826246,0.3758902344742569,-0.133230810371724,0.2976206928092468,-0.1169928458039729,-0.1485151217116647,-1.19605394285108,-1.21995437700126,-0.2428731397535495,1.0759477258628398,-0.0011543162070513,-0.2125901409557722,-0.554635194446981,0.2835893036464634,-0.5878648327062712
2016-08-18,EL,93.18,95.38,92.96,95.1,3520724,1.3591424002620272,1.344471612249602,0.4211028904172607,0.7642586193766906,-0.0382744122650729,0.0827770476793043,-1.0726051736670712,-0.9694338052399614,0.1867969133183848,2.931858927266492,-0.0010929395137325,1.1857597382470564,0.370835319055455,1.530449144660551,0.5294424433053233
2016-08-19,EL,91.89,93.25,91.06,91.73,5640769,-2.239195689426132,-2.258698036641176,-0.5072967965206302,-0.7085862004999882,-0.1089580999399691,-0.1167477049121971,-1.020917809145839,-0.4677253058692073,-0.4037723940710247,4.757100228202535,-0.0014703772118364,-1.365746852359219,1.359046007883029,-0.1578682499042758,0.3983902791164794
2016-08-22,EL,90.89,92.95,90.1,91.38,2744680,-0.2705444255274788,-0.2614767009106358,-0.5811731181844705,-0.7554930813657225,-0.1783896769019106,-0.2731445955648571,-0.956152747777962,-0.4648274458774614,-0.4496377701253373,1.0785104847835365,-0.001363387243822,-1.0754405943544574,-2.240230791043061,0.3809931061883109,1.00794780761029
2016-08-23,EL,91.65,92.27,91.45,91.57,1382971,0.0964527107755087,0.103825836297941,-0.5069898071864524,-0.8967529783634586,-0.2250391604163585,-0.3396213917381097,-0.9147425607039644,-0.4621264580984277,-0.4010727937445097,-0.4914625831273692,-0.0011791378898589,-0.95582042539346,-0.2710659591911961,-0.0922646448299225,-0.8450150137735671
2016-08-24,EL,91.37,91.57,90.19,90.5,2038675,-0.7604843047474344,-0.7525379264392624,-0.7828583731578161,-1.0933909002876934,-0.3023307953332458,-0.4716751988937442,-0.8130662975827325,-0.4359351944112578,-0.4710296991991844,0.1864226819698777,-0.0013343219143442,-1.62947085059487,0.0960269167542473,-0.7456998614555527,-0.3204909078139801
2016-08-25,EL,90.56,91.7699,90.3,91.23,1419420,0.4691958616329669,0.4726547888979273,-0.5642755427176804,-0.8190241066480383,-0.3327161575306608,-0.4565823061117677,-0.779015009269547,-0.4135061572449191,-0.307789223908284,-0.4972478091358142,-0.00117674606031,-1.1698775698499777,-0.7611336504952838,0.5326465239854541,-0.2485339293087741
2016-08-26,EL,91.19,91.81,90.26,90.92,1471023,-0.2445491683894088,-0.235530432186733,-0.6244872596114107,-0.8232318741009977,-0.3664687376600149,-0.4531751528776366,-0.7260432758140789,-0.4387662151489314,-0.4804949050015066,-0.4570121478020268,-0.0013094825513939,-1.365047319207398,0.4688673062341931,-0.2500141272700663,-0.1705327447263778
2016-08-29,EL,90.65,91.18,90.59,90.86,954330,-0.0740814175558201,-0.0656528311230468,-0.6057672770952377,-0.8520669523569231,-0.3927480233832997,-0.4312132991389973,-0.6875232928908075,-0.4539937002846709,-0.5714631667966257,-1.008137766731457,-0.0012870964186917,-1.4028221094056097,-0.2450639205925157,0.1487068896715828,-1.0501494874803978
2016-08-30,EL,90.83,90.98,89.77,89.87,1373933,-0.7113523838352355,-0.7031174874458906,-0.839565140230074,-0.9624872076937628,-0.44905631884842,-0.4909379702857214,-0.6002474940778892,-0.4260069562557455,-0.7028502569108714,-0.5573259665824032,-0.0013076516009902,-1.8220482123896653,-0.0745516993260525,-0.8248381159107547,-0.469231547183925
2016-08-31,EL,89.74,89.875,88.75,89.23,2352337,-0.4763602802731357,-0.4672894267959143,-0.9579655472674716,-1.0102032000307448,-0.5146324296153161,-0.5625729042479966,-0.5112270719670879,-0.4397593060155434,-0.8889709104923846,0.4389200477294203,-0.0013565628400698,-1.640638058556937,-0.7119889123916792,-0.455683727496441,-0.5405734043818822
2016-09-01,EL,89.43,89.5,88.34,88.95,1998994,-0.2283591552292433,-0.2193764221592924,-0.9725392529190016,-1.24765765341893,-0.5727157751423743,-0.6005946026755449,-0.4282234413913839,-0.439826945646055,-0.9090160105769884,0.0507379455258073,-0.0013435998818116,-1.5932700099882555,-0.4769355057354964,-0.431827641954071,-0.5044728961669436
2016-09-02,EL,89.59,90.0,89.41,89.62,1018692,0.4359515131489491,0.4398486338538993,-0.7260546904290505,-1.05930015787329,-0.587305025447806,-0.5190589090512322,-0.4052765343210781,-0.4094508417593412,-0.788963764124371,-0.955698093640193,-0.0011893548799019,-1.2769061420782442,-0.2288696838951125,-0.0010173706468265,-1.0426616915876477
2016-09-06,EL,89.51,90.1,88.705,89.47,1289552,-0.1371994086485229,-0.1284979860124317,-0.7155650876975209,-0.9454670023532394,-0.5995552954682272,-0.4478098591628103,-0.3813301266831405,-0.4097393712493257,-0.7688556522539862,-0.6673420592555404,-0.0013089750574301,-1.347733873699891,0.4356142851973875,-0.0600789394862505,-0.2918883498042345
2016-09-07,EL,89.11,89.22,88.0,88.21,2276987,-0.9097718030629788,-0.9029445673682238,-1.0057354195209425,-1.355429669039093,-0.6530203448263645,-0.4968967517707851,-0.3095049970973037,-0.3699389027771898,-0.9746549980210636,0.3070378391980597,-0.0013625785769609,-1.7867122536963689,-0.1376861561981907,-0.7893802546411923,-0.4386671906299923
2016-09-08,EL,88.0,88.54,87.5,88.09,2946028,-0.1176912533433739,-0.109067345669509,-0.9732014825255992,-2.215912357293189,-0.6938127554402546,-0.503547111884073,-0.2426919638059718,-0.3705453431590367,-0.92938813987971,0.8738870613406075,-0.0014048006411452,-1.6324110203903333,-0.9104600938877728,0.0509523203322499,-0.6073927648090389
2016-09-09,EL,87.15,88.02,86.85,87.55,3693499,-0.4146436789835045,-0.4055019171698815,-1.059652501762322,-1.8623593298274537,-0.7405525856961276,-0.5241759557506261,-0.1570613402656999,-0.3674665860353372,-0.9579126635498494,1.4746774893494756,-0.0014585321045253,-1.60850945861306,-0.1181729117421216,0.320450105074116,-0.4775739813517136
2016-09-12,EL,87.54,88.89,87.25,88.77,2384893,0.8345631316857721,0.8320654880908586,-0.6456970028616312,-1.1233931066675509,-0.7229428729649522,-0.3750444149478307,-0.1730130551208296,-0.3088153002804144,-0.8505355900395543,0.1800157952778967,-0.0010916005505008,-1.1330696607607929,-0.4152028042511864,1.0352404030793458,-0.0516257007399808
2016-09-13,EL,88.05,88.25,87.05,87.84,2478331,-0.6852431408739061,-0.6768709648676511,-0.8396293417951878,-1.4141980690038514,-0.7387678687130972,-0.3417995463657223,-0.1759917436959463,-0.2945675350698033,-1.012111128020864,0.2113761304692379,-0.0013916289680356,-1.4954950804350593,0.8343298907413624,-0.2065082020039243,-0.4527875708689534
2016-09-14,EL,88.06,88.62,87.29,87.51,1266339,-0.2668889434903481,-0.2578274506391339,-0.8662128556150434,-1.259436283442757,-0.7572635270689656,-0.3220778910778862,-0.1517122327977334,-0.3034593536368484,-0.947729688676858,-0.8878888898865037,-0.0013231163317623,-1.6240976487065737,-0.6858728582339163,-0.4981934738418597,-0.3246875975183495
2016-09-15,EL,87.57,88.11,87.05,87.86,1486465,0.2160076493777624,0.222364825615129,-0.6906856916199295,-1.4538827093558626,-0.7511839575246981,-0.2430443532857608,-0.1958606119906187,-0.3151732991059462,-0.9821683656947756,-0.6705203536400861,-0.0011455079747396,-1.4877009853883023,-0.2674095235375147,0.2238834913577674,-0.5858457429333109
2016-09-16,EL,87.49,88.03,87.31,87.72,1752585,-0.1322007465550146,-0.123518604849113,-0.6258452891579644,-1.4166616215141106,-0.7449840702093278,-0.1795078271804656,-0.4722033206736306,-0.5244038700447088,-1.307190256183456,-0.35635475778186,-0.0013534333923847,-1.429421857503517,0.2156130440115159,0.1722994119629636,-0.907267598214378
2016-09-19,EL,88.08,88.48,87.37,87.38,1236786,-0.2743062659144077,-0.26523235278663,-0.6631108688725327,-1.477119758578973,-0.7465419974809702,-0.1486470874954072,-0.4933735090558444,-0.9446673833536796,-0.8639392892395378,-0.7134717354619706,-0.0013240932777358,-1.5924804549472271,-0.1326861900887262,-0.6267508107584263,-0.532633652432756
2016-09-20,EL,87.85,88.19,87.29,87.3,1242174,-0.0899958484978695,-0.0814924567179303,-0.6277982300870345,-1.2630722265025265,-0.7440443757986418,-0.1135195825545546,-0.5134021358029828,-0.9447692705881374,-0.8232125815232137,-0.6519906076678269,-0.0013269172134506,-1.6053098531741226,-0.274828780940697,-0.4993214664864507,-0.7321397828680797
2016-09-21,EL,87.41,88.34,87.09,88.25,1424461,0.6444969194185087,0.6453582997313709,-0.2991169225247216,-0.5813120244956839,-0.698323445345729,0.0258384741009814,-0.5982707091014254,-0.8732364561620569,-0.699958596550157,-0.4495167191891434,-0.0011431212389819,-0.9430257383908373,-0.0904702819133808,0.6997273747236558,-0.4108584710366799
2016-09-22,EL,88.71,89.17,88.42,88.74,1317514,0.3126859781868621,0.3180559223216236,-0.128402914695064,-0.2707278590311259,-0.6371564167530059,0.1770829101386453,-0.638473551122409,-0.9002412693357719,-0.4530938243236915,-0.5391846115488124,-0.0011537889417089,-0.6146287719902721,0.6442140953318741,-0.0007664036917725,-0.8869555816770653
2016-09-23,EL,88.39,88.78,88.15,88.15,1288966,-0.4469271014713623,-0.4378147401802568,-0.2575494313352302,-0.7672584353455343,-0.6066045084401746,0.2192756663958516,-0.7336974118755512,-0.9289346975658334,-0.6633069674316988,-0.5663474016927497,-0.0013270012244073,-1.0100455274521738,0.3123165935858964,-0.2314577256312964,-0.9956943880682384
2016-09-26,EL,87.76,88.7,87.73,88.32,1758708,0.087070506860468,0.094513749429837,-0.1687688048078322,-0.6401723954405664,-0.5708175540602288,0.2665047898590651,-0.832438130790431,-0.9246725552632694,-0.5874618677472462,-0.0440806694560868,-0.0011240948232501,-0.7527700231155552,-0.4474946486121884,0.4557823517190389,-0.6760087554787498
2016-09-27,EL,88.53,89.59,88.37,89.39,1726066,0.7212623369695716,0.7208348373707567,0.1706451693454836,0.2859762519248039,-0.4963204764289879,0.4039272794985918,-0.9352873074274956,-0.8434788733886032,-0.4050867647245419,-0.1229223172644708,-0.0011310677919896,0.1631091046060667,0.0866422652755626,0.7076101998288343,-0.4538829296792769
2016-09-28,EL,89.45,89.76,88.02,88.45,1569812,-0.687683986318997,-0.6793241726313398,-0.087296223100205,-0.0586832812409337,-0.4705472621387234,0.3884508857331009,-0.9885676943652332,-0.8468579043884717,-0.3995332567791167,-0.3062256089506781,-0.0013403169255252,-0.2447826437394482,0.7209995389073998,-0.8709424330286616,0.0481684126656006
2016-09-29,EL,88.34,88.5,86.57,86.87,1771599,-1.14512379034117,-1.1408054201670137,-0.5221853767485715,-0.4072437911091644,-0.5081422920108782,0.2129610011065832,-0.960886181834871,-0.7418467266600971,-0.5559142114329595,-0.0511153852887664,-0.0013568791068617,-1.5987944392913118,-0.6883143404296711,-1.283517413271293,0.260268804911491
2016-09-30,EL,87.14,88.9,87.14,88.56,1952476,1.178194049875632,1.1682009440177998,-0.0135998034973366,-0.2531100280124627,-0.4677300473375576,0.2733584752202049,-0.971092576564707,-0.5885414309301786,-0.2318699155605705,0.1552254490715632,-0.0011114835514607,-0.0073307570596387,-1.1458734781439903,1.2048463471011932,0.0649533384504451
2016-10-03,EL,88.41,88.56,87.53,88.07,1220108,-0.3774680210813272,-0.3683132815304173,-0.1363566522417535,-0.1154110457046593,-0.4514790811232425,0.2594857396847343,-1.0256096641474477,-0.6026877934481041,-0.4214844452878317,-0.6774551009927069,-0.0013210095187634,-0.4687610554581803,1.178050452958355,-0.3168674721820498,-0.6166323465978912
2016-10-04,EL,88.43,88.46,87.21,87.43,901392,-0.4854218861207311,-0.4763666372389276,-0.2967880055144183,-0.2137510250719703,-0.4601791576709437,0.1841639967095291,-1.0695573613646523,-0.5885561508561736,-0.5023440673770543,-1.0235025205692296,-0.0013022353004962,-0.9851284522713698,-0.3780174482237554,-0.8806848100479713,-0.399786966411738
2016-10-05,EL,87.46,88.15,87.34,87.95,1274102,0.3372908092788508,0.3423859106597755,-0.1378690970745624,-0.161625261210615,-0.443196351192713,0.1900139011171643,-1.0705050903335422,-0.6392837862693493,-0.2107657250758502,-0.5597424567610145,-0.0011567248820743,-0.4432555997729129,-0.4859994755113575,0.3969669470716662,-0.823773063042531
2016-10-06,EL,87.77,88.74,87.7,88.31,1048992,0.2218407221499883,0.2281425280358752,-0.0338051696371578,-0.013574416063737,-0.4125103053984095,0.229965726746851,-1.06807976596119,-0.6338543058450615,-0.130798088388828,-0.7513250747031088,-0.0011740440068921,-0.0681128557355174,0.3369278434138871,0.438511567940598,-0.6098439577554963
2016-10-07,EL,88.27,88.52,87.26,87.83,763707,-0.3713932574024887,-0.3622385198099044,-0.1810919406257921,-0.0570625348976885,-0.4041197939464781,0.2045388656623799,-1.0739455131100548,-0.6369398390731126,-0.1205068313218331,-1.0106047452329725,-0.0012914924674968,-0.5683031811187165,0.2214476384749115,-0.4029199888358668,-0.3957246435320876
2016-10-10,EL,88.22,88.45,87.39,87.53,1246495,-0.2456501617989752,-0.2366291302874835,-0.2521384387409832,-0.1230055010138229,-0.4062896281011118,0.1570152289957911,-1.0849859954630412,-0.7101133610191264,-0.3726287059677112,-0.2903313539947919,-0.0013237563837261,-0.8809221344832102,-0.3719410998031162,-0.6172339364896479,-0.5820549535940025
2016-10-11,EL,87.34,87.67,87.0,87.28,1361442,-0.2108151836280157,-0.2018762212999293,-0.3184316896988352,-0.4876346036636569,-0.4147631531837458,0.1027707277294614,-1.0709103622174352,-0.7480871362565109,-0.2611070468243326,-0.0511023884168153,-0.0013338931684725,-1.141437928953624,-0.2461652012215315,-0.0782183954805233,-0.95156249031387
2016-10-12,EL,87.52,88.58,87.23,88.18,1376950,0.6089864701096257,0.6104129169950736,-0.0598661115412297,-0.3543208392686176,-0.3833356997686831,0.1620795584894759,-1.0758967025809945,-0.7117003367819145,-0.0550327927332343,-0.0364424899543536,-0.0011473527686751,-0.203581068860128,-0.2113211355454523,0.5434295438198891,-0.3154091799534891
2016-10-13,EL,87.37,88.53,87.13,88.15,1227625,-0.0541770492317597,-0.0458477243855298,-0.0731488501469614,-0.1889912872378273,-0.357188577552292,0.1959351414909766,-1.0756184310600656,-0.7169426458632769,-0.1190009724727291,-0.2373072594967635,-0.0013248998388384,-0.2348429641965788,0.6086943823056921,0.6481757511388412,-0.2677027659380458
2016-10-14,EL,87.49,88.49,87.175,87.33,2200158,-0.6121405779222022,-0.6034431666105534,-0.3119532593353673,-0.4786580910352876,-0.3662130751705365,0.1324884639037288,-1.0645869453841608,-0.683906434770946,-0.2327728265043981,1.1422152686454643,-0.0013945077205663,-1.0893347700595444,-0.0546421384897948,-0.1644841771624606,-0.3363916894943279
2016-10-17,EL,87.2,88.01,87.2,87.54,1300756,0.1167141123897505,0.1239310394266531,-0.25167821307173,-0.7808323604394197,-0.3626164946155472,0.1142175597848292,-1.0696580306626582,-0.6873579276131525,-0.1405846640303952,-0.1646779682528944,-0.0011477709406127,-0.8705015027043883,-0.6127512247976029,0.2682660977068714,-0.8201781825084102
2016-10-18,EL,88.0,88.09,87.58,87.67,1107725,0.0594593473391424,0.0671008109832229,-0.2183965216148209,-0.4625863903051134,-0.3522851622876547,0.1169359716170019,-1.0813460063961762,-0.6871809788548165,-0.1052315508378889,-0.4358712045850205,-0.0011645338663304,-0.7350332895797779,0.1162936040210306,-0.3096357452063586,-1.1065076756825103
2016-10-19,EL,87.6,87.89,87.21,87.6,1185119,-0.0827058939117563,-0.0742362654063758,-0.2296210974469207,0.1231826497218253,-0.3445764776794269,0.1123600510001944,-1.0788007103879689,-0.7342300516132733,-0.2756498356836525,-0.3085773253828289,-0.0013240542726772,-0.8079777120315015,0.0590239027483307,-0.0263165508545973,-0.9443857215852932
2016-10-20,EL,87.42,87.69,86.15,86.3,1729753,-0.9569166908616528,-0.9505188898454564,-0.5817205790786921,-1.213434963101604,-0.3868661962678824,-0.0199957146182397,-1.0229094144131317,-0.6731990888712684,-0.5712991361536052,0.451778038615179,-0.0013650225420043,-1.7431788986522825,-0.0831784255749743,-0.9942643817826092,-0.104128961028791
2016-10-21,EL,86.09,86.62,85.45,86.51,1527324,0.1185009195752081,0.1257037586101544,-0.4948306042253577,-0.9279619836253435,-0.4090967475716345,-0.074248375833008,-0.9813112272860004,-0.6800575566130526,-0.4407150802866482,0.1410811057814132,-0.0011297299002519,-1.063754657711545,-0.9576172805145712,0.3422715519145691,-0.4641847788044774
2016-10-24,EL,86.44,86.75,86.21,86.63,1616808,0.053363504975457,0.0610470949166356,-0.4339780478787637,-0.6025223472045788,-0.4188597294523477,-0.085559195734331,-0.9601035379355812,-0.6811327622571914,-0.448503542624957,0.28079409633911,-0.0011277888751691,-0.971202039499697,0.1180808773362318,0.1397505382301913,-1.0718264492872045
2016-10-25,EL,86.74,87.02,86.11,86.18,1254742,-0.3563957530177584,-0.3472435718370597,-0.5213700308900302,-1.1153045341304773,-0.4409204795409764,-0.1262620953212157,-0.9892233936834928,-0.7474357181481961,-0.6948717808334975,-0.2090968396007241,-0.0013283475490629,-1.318274357794148,0.0529264701439851,-0.5140845897047511,-0.7113032221960982
2016-10-26,EL,85.89,86.24,85.58,85.76,1488168,-0.3364118674819945,-0.3272687342863483,-0.6077362329216526,-1.5094381142625746,-0.4711976146528193,-0.1799732485985701,-0.9422273685039187,-0.7756794091436682,-0.6141340238150279,0.1387506963162147,-0.0013475133789809,-1.5826082123199907,-0.3569396829744851,-0.1406690024887895,-0.9499413528663349
2016-10-27,EL,86.12,86.14,85.28,85.92,1035301,0.0831570119829628,0.090629087735473,-0.5456461124461552,-1.2369690921395886,-0.485000912565825,-0.1805387978614157,-0.8999323751945236,-0.8980014409845137,-0.3280873105097336,-0.4838613716613555,-0.0011669360464857,-1.2936021819448578,-0.3369505841826306,-0.2017735530851387,-0.7571393206420411
2016-10-28,EL,86.13,86.92,86.01,86.41,1419956,0.3220602694983774,0.3273266275998256,-0.3663959218231801,-0.7825124848160023,-0.4729007014424749,-0.1143160509310539,-0.9187597816972282,-1.091463813184375,-0.5240271017502711,0.1392307531227225,-0.0011415455193474,-0.795659681980819,0.082727749472924,0.2192947326114621,-0.7136455987176139
2016-10-31,EL,86.51,87.72,86.3875,87.13,1763026,0.485760894790867,0.4889949923410606,-0.1356307048228779,-0.2622850385379063,-0.4316949717663572,0.0135792503277554,-0.935682787731662,-1.0554124332025907,-0.3242313104173103,0.6119083757864843,-0.0011215213188847,-0.103922483437872,0.3216933303968712,0.5151480983130213,-0.31677213853141
2016-11-01,EL,87.35,87.57,85.815,86.3,1980633,-0.6260658367372305,-0.6174236669891123,-0.3686466857511367,-1.1183954060724937,-0.4284614107225259,0.0181557829515711,-0.9201259394478568,-1.035797913370848,-0.3572951008706524,0.8243589641424413,-0.0013731579546688,-0.9013417539804354,0.4854366607619212,-0.9344948498642522,0.1034989034204569
2016-11-02,EL,83.27,84.63,81.16,81.6,6825094,-3.4236423494632744,-3.4921287548354347,-1.6945502401537833,-2.0045112923952284,-0.6055855798274312,-0.4424206835632918,-0.45994050624214,-0.0944340417448172,-1.227847494811929,6.200769140358213,-0.0017143967110163,-1.6883423793822343,-0.6266801163366178,-1.541525884564038,1.952705281885339
2016-11-03,EL,81.31,81.43,79.435,79.57,3706302,-1.5818173190580025,-1.584589571325818,-2.1865773307875926,-2.120083542775116,-0.8181151078991539,-0.9020146412661376,0.0280764301914269,-0.0061598744387261,-1.6209979868581066,2.10371719389836,-0.0015513031462284,-1.832230668513172,-3.4249864412289623,-1.643093161102028,0.4982200750471723
2016-11-04,EL,79.6,80.46,79.01,79.02,1907007,-0.4633331126032665,-0.4542421569029551,-2.230615237762372,-2.2500260159144667,-0.9983793311150312,-1.1866394681642778,0.4124925858341952,-0.0054027583208875,-1.640646723783002,0.0245308284698668,-0.0014213544075507,-1.8778292413233388,-1.5826809284099752,-0.5768195080540007,-0.0620370625552801
2016-11-07,EL,80.07,80.77,79.2,80.56,1683147,1.1803344776748457,1.1702889754254129,-1.6600663430507825,-1.7304899321304297,-1.069994267585538,-1.1346779359558743,0.582563589774255,0.1326049567586117,-1.3369645555946603,-0.2394667728928845,-0.0010741862508118,-1.3429034766774175,-0.4639049396293683,0.4360335768915124,0.0328710973789045
2016-11-08,EL,80.45,81.02,80.14,80.31,1959097,-0.2261999826575194,-0.2172223696089271,-1.6360330459651689,-1.7488547707888673,-1.1253127629785036,-1.051161951392524,0.7337293154343104,0.1324849164988163,-1.340314371147714,0.0236374339281659,-0.0014276314518973,-1.4297420748342229,1.180191439137381,-0.1577926219853102,-0.6781131389035685
2016-11-09,EL,78.9,80.52,77.74,80.39,2496110,0.0290216757863847,0.0368675814061544,-1.497759622550514,-1.5765033208135075,-1.1543936272366389,-0.9168139528715158,0.8152693038474724,0.0894403539399837,-1.4649165136488238,0.5156528184634962,-0.0009902764923682,-1.064891193570032,-0.226709948053571,1.4004535364597244,1.2907209870985694
2016-11-10,EL,80.16,80.19,78.1,78.21,2854139,-1.7212970972487551,-1.7270069465729072,-2.029558257611772,-1.873233233435044,-1.250516658288085,-0.9819009372755836,0.9923633045054244,0.1944069986853182,-1.8235665947758812,0.7668234796993569,-0.001507283689793,-1.735966476170727,0.0285782908290051,-1.8642155162103464,0.6357876676132939
2016-11-11,EL,78.02,78.99,77.12,78.36,2290513,0.086409475741127,0.093857605650129,-1.852542312280797,-1.8636854999330588,-1.307416563741668,-0.9330108747209558,1.1319296054851125,0.2037731487073918,-1.675988906423211,0.2067505140721688,-0.0010080065482092,-1.5055520918650431,-1.7221970931083406,0.3029273219287924,0.3975404020177077
2016-11-14,EL,78.33,78.36,77.19,77.6,1971086,-0.6368259115932986,-0.628228589526712,-1.9456293959071225,-1.8902152120976647,-1.3683431594714075,-0.9042634561301552,1.2612328788492224,0.1933043331532329,-1.835106629999647,-0.1382262756725605,-0.0014289316744544,-1.7358509039394563,0.0859810617110531,-0.7304248512138906,-0.3347671300432774
2016-11-15,EL,78.17,78.99,77.61,77.75,2839599,0.087348101597613,0.0947892896946612,-1.752048171136795,-1.8065878949230372,-1.3963247580355198,-0.7964656656886421,1.3232119720718842,0.1948229416898321,-1.8292833968662587,0.592370929769095,-0.0009551348389505,-1.6868520546471235,-0.6374429982056503,-0.4322491307112885,-0.1120906426925563
2016-11-16,EL,77.63,77.805,76.65,77.01,2254026,-0.6255484256748219,-0.6169041468835321,-1.829604986534224,-1.9195451717575347,-1.4328032191568214,-0.7320982112874164,1.3777820422374103,0.1912089130250642,-1.9429399565533432,-0.001497197920962,-0.0014495476333247,-1.773199320617332,0.0869199324296783,-0.6297186737386719,-0.3413733421407982
2016-11-17,EL,77.48,78.59,76.84,78.11,2316077,0.8562890010780954,0.8533715862593287,-1.3548109337564531,-1.7387500362101649,-1.4039339320919064,-0.5124002688714571,1.389268870338603,0.2591187753269917,-1.561252622426757,0.0275026328404918,-0.0010130604936368,-1.4428831786853782,-0.6261625702956353,0.5880048824326481,0.2758698474831366
2016-11-18,EL,77.86,78.035,77.37,77.41,2023079,-0.5909351833539048,-0.5821597119572299,-1.440589642759477,-2.0061926551310414,-1.3942281014873477,-0.3859683219761163,1.3845109323084788,0.2498785337241991,-1.7123573174957671,-0.254222010100746,-0.0014279748624617,-1.6530843599148053,0.8560614278263239,-0.4629759821699293,-0.875374132357222
2016-11-21,EL,77.77,78.22,77.48,77.82,1330779,0.2967519917553863,0.3022948210136318,-1.1724307644546277,-1.81777529266096,-1.3564600647375495,-0.2125911289220798,1.312854071344102,0.2645595776760413,-1.6610530925800029,-0.8593454909036085,-0.0011121237125927,-1.529966525194714,-0.5915402983144941,0.0222573112776295,-0.7988253656213952
2016-11-22,EL,77.9,78.03,77.46,77.73,1685959,-0.1049983994494283,-0.0964282000057751,-1.0697393989034123,-1.2516755430400697,-1.316589940670515,-0.0684786379109086,1.2254497013253538,0.2679505070823382,-1.6075018212605268,-0.557229200948605,-0.0014007120715883,-1.5569923913527794,0.2963784504076427,-0.1911920768787313,-0.9801790408508478
2016-11-23,EL,77.61,78.4,77.61,77.78,1212996,0.0070515817383251,0.0150358776163373,-0.9276177650695412,-0.7917423450722136,-1.27008024382155,0.0639015009410262,1.1171773792132729,0.2745248350497263,-1.5340658624502426,-0.9679152248241504,-0.0011221675977034,-1.5419780212649643,-0.1054767466253534,0.1391750543158708,-0.7448430707486015
2016-11-25,EL,78.0,78.78,78.0,78.65,834686,0.6633846798046028,0.663937473090575,-0.5260453283852926,-0.3091865746509818,-1.186994778212569,0.2639510111730695,0.9300580673292186,0.3183193299963342,-1.410158688520309,-1.3003202179793192,-0.0011632147967535,-1.280727981736962,0.0066024653766896,0.6032816588159919,-0.7648029805985871
2016-11-28,EL,78.17,79.3,77.87,78.44,1571728,-0.199228565298386,-0.1903212220807857,-0.4658418616875454,-0.9960179875992908,-1.1182196303977392,0.3871561077031728,0.6417401061132757,0.297026099840508,-1.5220863659977164,-0.6481091172681894,-0.0013882291614316,-1.343788336105792,0.6631067830246071,0.2346401076246992,-0.0719788118866378
2016-11-29,EL,78.57,79.04,78.24,78.61,1648151,0.1019334109865214,0.1092649290472749,-0.2698568654563408,-0.8428940240325045,-1.0466553217417844,0.4928994369179809,0.137159746088554,0.2703564507770186,-1.603600006022531,-0.5765197194206804,-0.0010816686938346,-1.2846548169907,-0.1997314945799858,0.0121468754712174,-0.7431787849715822
2016-11-30,EL,78.83,79.63,77.67,77.7,2557583,-0.7537035118687245,-0.7457149678040922,-0.4308890042365965,-1.122541308213994,-1.0157410247542988,0.4728616700294986,-0.5231971698957952,0.2752061382109428,-1.6310264961523606,0.2047591997038058,-0.0014789035615332,-1.4439104776913856,0.101509046731944,-1.1093245076138365,0.5109680436459051
2016-12-01,EL,77.43,77.56,75.295,75.91,2188532,-1.467254564576225,-1.4678585325879678,-0.9363426001646256,-1.0256258854112912,-1.0512656044940694,0.2858189315424563,-0.571504176676277,-0.2552249268911387,-1.1915758070579352,0.0961285965290766,-0.0014636226125713,-1.5480718731832486,-0.7543510886908206,-1.509446002538896,0.8953978235560657
2016-12-02,EL,76.12,76.72,75.68,75.84,2007407,-0.0904069589376173,-0.0819016884395305,-0.8991713093883801,-1.1147955492955508,-1.0715183274350737,0.1754942372537072,-0.4996645999572659,-0.3975649339019387,-0.8559377980653883,0.0031480824815983,-0.0014628640152485,-1.5648523157463474,-1.4680882875992107,-0.3042264279556443,-0.4484640151997944
2016-12-05,EL,76.38,77.62,76.0,77.16,2759689,1.0506090399931685,1.0436117744155775,-0.4250666977878024,-0.3400891745333694,-1.0254942048535898,0.2578299412671975,-0.4970200366124205,-0.2950698964071859,-0.513174015064849,0.7111266868058678,-0.0009139720275179,-0.7984034721788237,-0.0908814996007408,0.7452256385296228,0.1584453059730042
2016-12-06,EL,77.41,77.6,76.85,77.46,2510010,0.2090647559318865,0.2154871346327262,-0.2724040528650281,-0.2868674101079659,-0.9677535461940814,0.3538566666471638,-0.6051304098103163,-0.420421600872411,-0.7326247092319326,0.4116797827586537,-0.0009753795794996,-0.6242105531862053,1.0504321595921238,0.0224832070322814,-0.7843829687440882
2016-12-07,EL,77.83,79.01,77.53,78.33,2564515,0.6662615431058435,0.6667668452024432,0.054231013136584,0.2499770670496721,-0.8793142124728686,0.5096959080940842,-0.7182017649548023,-0.3702508059475001,-0.5295659553947805,0.4287680901208865,-0.0009935725476104,0.0495854379346924,0.2086683393522261,0.4590476092409316,-0.0166466158784786
2016-12-08,EL,78.5,79.32,78.3,79.29,2054587,0.7300285452112373,0.7294480119919265,0.3969404767973846,0.2097199956372238,-0.7643294239137349,0.7026948450346368,-0.8206687570185632,-0.3190825969841449,-0.3684373237665396,-0.0418707267609093,-0.001059552639975,0.8316911355027493,0.6659843968217962,0.7340135163654258,-0.5192129592542555
2016-12-09,EL,79.41,79.845,79.17,79.71,1618871,0.296785464697101,0.3023279349766593,0.5127757419200828,0.6139400214357597,-0.6508671342718875,0.8531751085832172,-0.7405407787641022,-0.5496551686087364,0.1141983383258781,-0.4180781784864277,-0.001107328993274,1.3442491900929403,0.7297680340160726,0.2591076469560159,-0.8855770663439424
2016-12-12,EL,79.7,79.71,77.84,78.23,2808802,-1.1889601065054134,-1.1852101612364063,0.0159256076018726,-0.0619641990224866,-0.6138142564826936,0.7768828086719779,-0.7431273201236187,-0.4293873544266173,-0.1918420778060837,0.7413250154649703,-0.0014666727883815,0.2629769537380259,0.2964119320815439,-1.419806189322488,0.4008454302534635
2016-12-13,EL,78.34,79.28,78.34,78.73,2195126,0.3649205969750104,0.3696956751179373,0.1652783937108193,0.1080257291193377,-0.5600124335882112,0.7589604651173535,-0.7284606564294536,-0.4504015647870165,0.0463864646650272,0.1208276613824172,-0.0010523122932537,0.6282716281822562,-1.1897212300193634,0.3498028799927776,-0.5962723597512659
2016-12-14,EL,78.79,79.37,77.8,77.96,3106928,-0.6418959398369912,-0.6333204031122273,-0.0977388060202022,-0.1391460255454087,-0.5431134032860135,0.6496354374084888,-0.7288680305976762,-0.4173112919952519,-0.1278090989237862,1.0002796211384428,-0.0014948906427135,0.0657178295381338,0.3645648389755407,-0.8222041213989695,0.0870387087899399
2016-12-15,EL,77.9,78.54,76.99,77.58,3175896,-0.3364600534347123,-0.3273168906726731,-0.235335059008247,-0.4995979294468435,-0.5401456168764083,0.5263166332828684,-0.7443318011750636,-0.4395551552803831,-0.0587724538622813,0.9998314835572736,-0.0015262534575036,-0.2119061230394778,-0.6425143490828005,-0.3366704821941478,0.0737744732737472
2016-12-16,EL,76.98,77.49,76.03,76.13,4157031,-1.1966226784337457,-1.1929753645205676,-0.6910950540364225,-0.786550930190217,-0.5897570762518102,0.2923235164632497,-0.6805198957259353,-0.4017893417532445,-0.539764339884605,1.7735752406912066,-0.0016560828903695,-1.271260678927748,-0.3369987827057623,-0.8605464467548336,0.0069639559995242
2016-12-19,EL,76.57,76.81,75.83,76.28,2437650,0.0896718359025516,0.0970957780020798,-0.6218190258485159,-0.792784823673444,-0.6177463153727157,0.1607842457244256,-0.6374991182443737,-0.4193343531351252,-0.3818652839813726,0.1736108461664654,-0.0009578855826852,-1.1616722765944747,-1.1973858009057912,-0.3124601801681107,-0.5206101857918729
2016-12-20,EL,76.74,77.65,76.395,77.63,2225963,1.0688438969467364,1.061433818534953,-0.1630113849059086,-0.2064551836102604,-0.5817875428882406,0.2201539101652004,-0.6371224024394557,-0.3288053202451168,-0.2033346265116972,-0.0589893309973347,-0.0010068278934482,-0.1753766555950567,0.0892442729341468,0.8499030059973495,-0.2439996906680561
2016-12-21,EL,77.55,78.3,77.38,78.12,1972220,0.3599762405281488,0.3648094717279127,-0.0042336123848856,0.4305675570058856,-0.5295969731306942,0.309430008474561,-0.6349696458065437,-0.3179220959878372,-0.09378912889526,-0.296331517473747,-0.0010500880306943,0.1826121253602956,1.0686717735274562,0.5289963768239131,-0.6098391255449856
2016-12-22,EL,78.38,78.92,77.8,78.78,2302755,0.4929935210683969,0.4961281012136,0.2014000829938059,0.5914088820102301,-0.4586697349537074,0.4290787490891511,-0.6173636661392504,-0.2993535756562032,0.0213447206180682,-0.0510175785914007,-0.0010324021651972,0.6648010956266773,0.3596191926795998,0.3592500996198661,-0.4064830470152767
2016-12-23,EL,78.8,78.835,78.34,78.38,1289670,-0.3491069214400163,-0.3399572938029817,0.0710952543804523,0.1641146792416368,-0.4151126197223025,0.4543475162850312,-0.6242926666616477,-0.3258294970852758,-0.2178948565145502,-0.9386913234028378,-0.001352195421337,0.3725653560712887,0.4926711738363368,-0.4290037306439064,-1.0649941542403931
2016-12-27,EL,78.33,78.515,78.0,78.23,1123724,-0.1521425807499143,-0.1433859073747426,0.0240634577908197,0.0372036058571473,-0.3837689270654476,0.4431253905842142,-0.6283790641269673,-0.3268237333043305,-0.2067958609679891,-1.0717042786348725,-0.0013420255271988,0.2629769537380259,-0.3496489499374123,-0.1227697426846315,-1.04267833367276
2016-12-28,EL,78.09,78.27,77.18,77.22,1221368,-0.8367876559056487,-0.8293676413395428,-0.2933506021676285,-0.5105757287827644,-0.3958114829479864,0.3224722331607372,-0.6354216789553568,-0.2831280976116935,-0.4271678774637071,-0.977450552523347,-0.0013546618430704,-0.4749182886393231,-0.1526332265696573,-0.8680383217549597,-0.4149248243561495
2016-12-29,EL,77.53,77.875,77.04,77.27,852920,0.0073160765407476,0.0152987521422876,-0.2692512054405824,-0.831728412569517,-0.4004673154922524,0.2449630059350693,-0.6312603970609604,-0.3186125588397206,-0.2487538646792352,-1.2707732161409004,-0.0011612421412155,-0.4383888211949022,-0.8374569071373165,-0.2796825271440672,-0.6907205926849058
2016-12-30,EL,77.31,77.47,76.275,76.49,1237427,-0.661458179053919,-0.65297062474549,-0.5423134123503601,-1.1752112813425148,-0.4315756919021004,0.114867231614892,-0.6661816270254829,-0.4524453717346091,-0.0552625020691147,-0.8976241833020022,-0.0013575311256413,-1.2348233025777269,0.0068670291786637,-0.8276677839626817,-0.2892932185726597
2017-01-03,EL,77.26,77.97,76.925,77.33,2075916,0.650710997068652,0.6514714675647169,-0.2837241726716679,-0.484288383233014,-0.4200249284798019,0.1205945037260162,-0.7411989898471556,-0.4196268397806004,0.1210641734718221,-0.123693903564364,-0.0010417685615332,-0.6393918746235207,-0.6620816915596804,0.0421357525525005,-0.4650960716928989
2017-01-04,EL,77.53,78.99,77.5,78.7,1550507,1.069984835948081,1.062548757690001,0.1521046672154982,-0.1979651211533496,-0.3545626140363593,0.2639437256767317,-0.7368315177899869,-0.4163681144508925,0.1256449561741729,-0.5689466206826185,-0.0011027588776556,0.494886757081643,0.6504297940670712,1.1138303424479965,-0.0134601102019534
2017-01-05,EL,78.19,78.69,77.56,78.6,1587515,-0.1121040957817966,-0.103503511576185,0.0990443816549365,0.0164228340528443,-0.3048014001543448,0.3382087406805934,-0.7320014834166816,-0.4176461093265742,0.0486690153130531,-0.5002056623869519,-0.0013791202518511,0.4120926963732298,1.0698130101689762,0.3698496074238585,-0.3931665082900746
2017-01-06,EL,78.64,79.5,78.3,79.16,1634591,0.4105726719508907,0.414792605873159,0.2734120045208539,0.3083725917766641,-0.2422299897169599,0.4305939780946015,-0.7051673415742025,-0.4399137873813624,-0.0118553985801954,-0.4180319860116527,-0.0010949915982664,0.8757394363403043,-0.1125842966420123,0.4732629034109688,-0.3279455381308886
2017-01-09,EL,78.8,79.0,78.11,78.24,1397164,-0.7565609053393719,-0.7485900380619649,-0.0184483197532492,0.5150769542995531,-0.2279177222910054,0.3802839646769654,-0.7404526678485726,-0.4450024280614994,-0.3619639845754971,-0.6313783408119255,-0.0013625891039882,0.1140340778229694,0.4102288233449918,-0.5632327905736761,-0.6433003211604335
2017-01-10,EL,78.4,78.4,77.23,77.35,2472403,-0.741197134229292,-0.7331327922145933,-0.278654834532259,0.1404399999535478,-0.2504112135094162,0.2452985647892342,-0.8097235675950777,-0.4235083558356074,-0.6023064173240047,0.4036616657759723,-0.0014644245615831,-0.5790461004783235,-0.7572092275782633,-1.038170816396618,-0.3307058605958289
2017-01-11,EL,76.63,78.36,76.34,78.33,2787818,0.7557935723149007,0.7547563195826873,0.0501573580493468,0.0351919911952329,-0.2287284499601676,0.2510191641737753,-0.8075663885975356,-0.4696540344368249,-0.1487033979829215,0.7173688095134693,-0.0009710012854068,0.3831260549700738,-0.7418414484751846,1.6497637672035954,0.5578977975342778
2017-01-12,EL,78.74,79.85,78.1,79.14,3338627,0.6108059532951446,0.6122039267929822,0.3162877519911458,0.1266953701475002,-0.1792959702777343,0.3270229353075392,-0.7864162241449858,-0.4486643843015047,-0.0909942200987539,1.1728424333791418,-0.0009463339539842,0.8557720627440921,0.7555397825195476,0.3574872853682683,0.2515684884118202
2017-01-13,EL,78.98,79.57,78.62,78.79,1933194,-0.3083348492748732,-0.2992153109946769,0.1841337490936873,-0.1857921463016013,-0.1538178677393379,0.3261677978111855,-0.7674072293758714,-0.4750944466611239,-0.0111168150255598,-0.1277969317007492,-0.0013977629425039,0.5663532721707452,0.6105143401452408,-0.208069389300902,-0.586452515880869
2017-01-17,EL,79.35,80.34,79.25,79.85,2253262,0.8045914648616476,0.8026608728680434,0.5021639277522348,0.2498355556524173,-0.0925387303918654,0.4176349351116245,-0.6931926809687128,-0.4363630580641347,0.2622532308315066,0.2412101252617313,-0.0010512886598435,1.0817149044441388,-0.3088662414396521,0.4497501483292089,-0.453671594065262
2017-01-18,EL,79.99,80.43,79.22,79.27,1615853,-0.4852147249449391,-0.476159104455526,0.253430956875733,0.1085101840586355,-0.0677163856117922,0.3969694884731471,-0.7451249976411795,-0.5490186014184563,0.4382732865617797,-0.2936754871197776,-0.0013711224000214,0.6046068862291205,0.8043504051187196,-0.7063676236829304,-0.3191851373322901
2017-01-19,EL,79.23,79.32,78.36,78.89,1720304,-0.3314450685274093,-0.3223051837947328,0.0816693082313621,0.3198507706504186,-0.0639585040149562,0.3262175655453419,-0.8229375526297199,-0.5335084466934293,0.3350387063289312,-0.1439825340919637,-0.0013860559663852,0.2108114675571555,-0.4857922602928089,-0.3505322135399448,-0.5771620931065068
2017-01-20,EL,78.99,79.79,78.71,79.63,1853198,0.5509936609532148,0.5533004886634079,0.2956909510803411,0.4821983626985484,-0.0331709547767794,0.3391899264065803,-0.7960616393539925,-0.6041236121744381,0.2108960895333073,0.0238792290924705,-0.0010798775841773,0.8028437991353573,-0.3319824895243218,0.5858260305190054,-0.4609945261778383
2017-01-23,EL,79.53,79.81,79.12,79.65,1188589,-0.0173592133396257,-0.0092301846584174,0.2763873286207972,0.7808682768404368,-0.0095703067460184,0.3310688551074217,-0.7648288362406197,-0.613473026993176,0.1201628450011717,-0.6884703259909599,-0.0011440612818639,0.8188446729618035,0.5506864443914125,0.0876808616847808,-0.8693503532739064
2017-01-24,EL,79.78,80.84,79.7,80.79,1283389,0.8580794465701354,0.8551271111284833,0.6231319938789982,0.8407637083005821,0.0517066142754237,0.4215500761635647,-0.6600372702430911,-0.5703640312729423,0.2072369945859904,-0.5369801296262375,-0.0011398494456016,1.406469315857264,-0.0178146978185069,0.93015503365374,-0.4153295989036238
2017-01-25,EL,81.05,82.055,80.9,82.01,1996454,0.907155036887217,0.9032261677921836,0.9675372798041442,0.8112767266586627,0.1449162409706159,0.5761292877034695,-0.4684688498580788,-0.5254456285075032,0.512698793481517,0.2532823803474374,-0.0010884180768989,1.41699844610553,0.8578523403972435,0.8685596213113725,-0.4175805458319968
2017-01-26,EL,82.21,83.33,81.64,81.96,2746622,-0.0709536320643755,-0.0625402241036219,0.8863317359374406,0.8316204215873197,0.2126700919998074,0.6342699285824912,-0.3337216001414852,-0.528669476589811,0.5327765298142891,0.9769788919557194,-0.0014437950095609,0.797360863277757,0.9069407332105996,-0.2560689689316867,0.1271491610346398
2017-01-27,EL,81.58,81.78,80.69,80.96,1189056,-0.7926109466458714,-0.7848745688050628,0.4902097971483174,0.3340398610928952,0.2227460589492562,0.5323205605670343,-0.3299900125625084,-0.5359645785322248,0.5438374144232764,-0.7351486837426741,-0.0013365624599612,0.3261799224637954,-0.0714230978798361,-0.6005027092205176,-0.469269346737577
2017-01-30,EL,81.11,81.11,80.11,80.87,1672533,-0.1022058179389476,-0.0936477811876477,0.3994655018935417,0.6433454635625944,0.2229234659511997,0.4252823432496908,-0.3465047040354621,-0.5328099744709056,0.5167676247147953,-0.2430780425671384,-0.0013793445978048,0.2837736377905442,-0.7932686733670429,-0.2498701008300927,-0.560770427578096
2017-01-31,EL,80.92,81.25,80.31,81.21,1891004,0.2287540836889437,0.234989566509859,0.432241952795349,1.109312134763941,0.2320736365308768,0.3627475083822299,-0.4263456603577578,-0.5893697832071706,0.7387920230491508,-0.0426595356809567,-0.0010802257178079,0.4346863545708392,-0.1026834366057676,0.2444449135118845,-0.626659354118767
2017-02-01,EL,80.9,81.29,79.35,79.92,4869491,-1.0219489844772087,-1.0162035983969155,-0.0362983744375039,0.3275235965106091,0.1847308473532359,0.1673077345774911,-0.5054021088214302,-0.4994785936457696,0.3244170532937482,2.7586307580596503,-0.0016379747195907,-0.1787892081331368,0.2283628035232038,-0.9415297703510244,0.4317149744517473
2017-02-02,EL,82.91,83.3099,80.86,82.0,5021826,1.58733326121561,1.5660504546369511,0.5931058288532404,0.6259728495583452,0.2247837504633549,0.2359109229991765,-0.4463718099353675,-0.3923003609990784,0.4483504125555337,2.5220937970150628,-0.0007673794952941,0.8103806914205665,-1.0226665392993963,-0.8555545739643247,0.8986367206901745
2017-02-03,EL,82.06,83.5,81.94,83.02,3395538,0.7414332038818363,0.7406517839514741,0.8530920084267715,0.943007734885044,0.2916110574200831,0.3597103283266362,-0.3406097611202845,-0.365843845512122,0.6584078959749773,0.9226470710435698,-0.000968309070942,1.2200285932581918,1.5872963976701595,0.8575454251879421,-0.0252947455163843
2017-02-06,EL,82.99,83.2,82.56,82.82,2114510,-0.182979269981549,-0.1741199018496037,0.7255912129244154,0.6731598598283144,0.3311871940269063,0.3886058092263614,-0.2627154613040471,-0.3646496797543753,0.5115626060871032,-0.2156302317593146,-0.0013982113434204,1.1271743603687354,0.7411756678541469,-0.1810798172394634,-0.9472989054089428
2017-02-07,EL,83.18,83.75,82.315,83.4,2402494,0.4030056684814636,0.4073198902688936,0.827871339153754,1.0098922943726687,0.379309252465391,0.4337192496260817,-0.2090528512990034,-0.4238800040577196,0.8011145062513032,-0.0103320970341651,-0.0010555404574511,1.28586612896686,-0.1834779602607974,0.1735078388460918,-0.1573414896706028
2017-02-08,EL,83.11,83.48,82.2,82.49,2263838,-0.7123103610817593,-0.7040807132673601,0.4455570745714758,0.8041802191429822,0.3756068055593236,0.3364146173279012,-0.3022332407664808,-0.4281407531253652,0.8084618288814401,-0.119306603177793,-0.0014079321886841,0.8776333085791803,0.4026598458486991,-0.5899323227170902,-0.2981210892158578
2017-02-09,EL,82.37,82.9,82.29,82.66,1535160,0.0953087984413032,0.1026905478538227,0.4289718809195681,0.6940570481585236,0.373363010819057,0.2623254570539922,-0.3463356964739033,-0.4579089641017232,0.6443800580033837,-0.7035674004058796,-0.0011235745542611,0.8015764732880495,-0.7129471395485973,0.2396785650436144,-0.9762994107767142
2017-02-10,EL,82.56,82.74,82.145,82.59,1684795,-0.0857187943812434,-0.0772351085896735,0.3493655023899429,0.6636112598737312,0.3629498930450459,0.1820264319777591,-0.3660161184790885,-0.4746150313696559,0.4727630785695993,-0.5183693855549112,-0.0013680737770964,0.7274704806839287,0.0948827060042041,0.001136859450807,-0.9909145115412438
2017-02-13,EL,82.81,82.97,82.43,82.59,1048869,-0.0329960430517004,-0.0247793014886723,0.2869549917951893,0.3989838617725409,0.3489784758466844,0.1086282104532506,-0.4254289011942624,-0.4878288285486825,0.540847560627194,-1.0751024256453232,-0.0012427088046935,0.7274704806839287,-0.0861921120288334,-0.2270337678006585,-1.0464145387762804
2017-02-14,EL,82.35,83.56,82.2,83.25,1666637,0.4645255061559687,0.468047042641753,0.4439020078649779,0.2428700502097136,0.358057143628272,0.1092401551736882,-0.4147109294224197,-0.5188891409136616,0.4578739377305548,-0.4833718173305347,-0.0011128279970128,1.1345131179217829,-0.0334556067571959,0.7993860192051899,-0.2298395926112387
2017-02-15,EL,83.33,83.94,82.65,83.54,2035833,0.1838788022886997,0.1905312942677589,0.4669998000091223,0.3461036446674256,0.3706958948752737,0.1188933045045471,-0.4415616092804115,-0.5506855818738048,0.623636541435281,-0.1559825973482438,-0.0010911494389195,1.2045861688636803,0.4641957323875694,0.1640815636743755,-0.3043989723553462
2017-02-16,EL,83.36,83.7,82.52,83.27,1530065,-0.2342130663293729,-0.2252168289793465,0.3087882970861254,0.6649866717618848,0.3641918593019213,0.077342620229353,-0.5407708071222925,-0.5580273562810809,0.6479253432308614,-0.6188628299563079,-0.0013507174386119,1.017027580092222,0.1834758153738564,-0.1078863764837068,-0.4103197693891434
2017-02-17,EL,83.68,85.72,83.59,85.0,6467665,1.2604638449336627,1.248406206559656,0.7740243210104069,1.0772593218512954,0.4205783004951602,0.2059810773710429,-0.503156164788718,-0.4651250099657074,0.8229383575016002,3.401696810866927,-0.0007676627913894,1.0802407662900688,-0.2347251221225689,1.1654659110457368,0.4970999833646228
2017-02-21,EL,85.2,85.71,84.48,84.64,2411083,-0.296677143045676,-0.2875711348094003,0.5773030391017911,0.8604565000687501,0.4442794181175523,0.2247603828783048,-0.5331477180848677,-0.4499232411786768,0.7526220094399092,-0.064457202064013,-0.0013939187408042,0.8792812544789326,1.2603417099842993,-0.52290105425675,-0.3802031897695391
2017-02-22,EL,84.53,84.99,84.03,84.2,1600093,-0.3566436860027219,-0.3474914330418706,0.3819308581019685,1.247299108398382,0.4389897073764134,0.1651619341423418,-0.5392595945217273,-0.474751729459817,0.4524157827730901,-0.7387700470822486,-0.0013488404076926,0.649667459113989,-0.2972054940297048,-0.321266143933445,-0.6411193280129158
2017-02-23,EL,84.6,84.83,83.86,84.02,1501677,-0.1660892348538888,-0.1572842256854456,0.292324872674443,0.6760880413335919,0.4211625209320758,0.0852119285213584,-0.5194613004143623,-0.5302957532830551,0.1924787207159072,-0.806705314905269,-0.001346273105935,0.5557345428283262,-0.3571876806384692,-0.5442838722857145,-0.6291644909119578
2017-02-24,EL,83.72,83.85,82.935,83.75,1225194,-0.2330635284672704,-0.2240698994949716,0.1779414539477056,0.1618861068326522,0.3902140427110202,-0.012522055130711,-0.5157210077286439,-0.524753948259127,0.1532761449409787,-1.0022318803002557,-0.0013304805919429,0.4148351683998399,-0.1665835189790715,0.0007564729726145,-0.6807939143110656
2017-02-27,EL,83.42,83.72,82.5,82.97,1264618,-0.6128320937847272,-0.6041373512365498,-0.101141878257475,-0.1231252186328386,0.3294954013611872,-0.1673371294639352,-0.5718887406883432,-0.5485729740574962,0.1971471181214212,-0.970410007097122,-0.001336263678484,0.007792531161983,-0.2335752843770803,-0.4338723327080107,-0.3658707444227108
2017-02-28,EL,83.0,83.4,82.74,82.85,1556155,-0.1230402096158747,-0.1143944413290081,-0.170406096487384,-0.4482752618369824,0.2718232164382805,-0.2833476625311816,-0.6442230190281982,-0.5479804224535563,0.1921047004208484,-0.7196205152965898,-0.0013618473863219,-0.0548294130284586,-0.6134429210579427,-0.1628559216265364,-0.9274136135341184
2017-03-01,EL,83.18,84.23,82.81,84.05,1622933,0.8687498229506408,0.8655883417196439,0.1636191688060495,0.5138218215588681,0.2685525051872403,-0.2361276322540327,-0.6903909355184368,-0.4931273246962785,0.3461272940020291,-0.6549359016732766,-0.001112884580114,0.5713900288759369,-0.1235232634128704,0.7638980811435778,-0.1833046241263144
2017-03-02,EL,85.0,85.04,82.8,82.92,3459458,-0.8700166542758946,-0.8628556849986496,-0.2401735557850002,-0.0868491154260386,0.2172876836113005,-0.3218876218084616,-0.918460013178758,-0.5202892868050712,0.3838199541287376,1.0083547252757488,-0.0015070764696492,-0.4722875656752157,0.8685255003908035,-1.8751131759578632,0.6600451856079439
2017-03-03,EL,82.79,83.05,81.69,82.95,1372517,-0.0104714274588641,-0.0023822736110152,-0.2456155360986071,-0.0468053396755344,0.1741371279681582,-0.3696096326249499,-0.9607988756460556,-0.748217817860522,0.0026720995849774,-0.7283034272176471,-0.0011267795162861,-0.8419805179598913,-0.8706945740559199,0.1196948711248077,-0.2249155987433451
2017-03-06,EL,82.53,83.14,82.43,82.71,1184086,-0.2131277971163102,-0.2041827819990087,-0.3163436359540088,-0.1430732279817832,0.1273307214162222,-0.4171973385833091,-0.9527739060020664,-0.8067804365943259,-0.2223171129348129,-0.8461182153022505,-0.0013387120676569,-1.03994666411032,-0.0109251151004071,0.1384637875542727,-0.8759084703393172
2017-03-07,EL,82.48,82.94,82.35,82.77,1274061,0.0121675677561266,0.0201203254916988,-0.2966649914226277,-0.3881851217570216,0.08986559054247,-0.4312232205608177,-0.95132808574937,-0.8088498364406108,-0.1763434973573656,-0.7273726264038022,-0.0011357092004413,-0.990455127572713,-0.213634352332156,0.239323818890016,-0.9972547070805928
2017-03-08,EL,82.84,83.25,82.71,82.93,1126678,0.08735294812594,0.0947941003430516,-0.2389047332585263,-0.4468548983397589,0.0640367893379949,-0.4124922138890436,-0.9473356009442012,-0.829187597017051,-0.2502428762550775,-0.840434041327885,-0.0011515995501736,-0.8584776968057564,0.0117197860170909,0.0557653016857522,-1.0486485817260378
2017-03-09,EL,83.3,83.34,82.66,82.88,958619,-0.0705325422067662,-0.062121189655477,-0.2607671564282335,-0.359228240257471,0.0394486179572788,-0.3943140487422338,-0.9606367480256852,-0.8829228383835795,-0.0980412082635714,-0.9833962076694956,-0.0013177639340436,-0.8997206439204369,0.0869247802223337,-0.4072499214115908,-0.9075427173821908
2017-03-10,EL,84.21,86.42,84.15,85.78,3603655,2.14543432309064,2.104662044773383,0.6021522574918322,0.101185337227474,0.1308887003234373,-0.0811167888620775,-0.838665589832757,-0.4453356650818217,0.3868665598107476,1.7299338906158892,-0.0009527178840174,0.9930952037862908,-0.0710018981712541,1.3822608473396616,0.614129006963368
2017-03-13,EL,85.44,85.87,85.17,85.37,1523552,-0.3305688499346177,-0.321429579568492,0.4286446566852621,0.0808805353032073,0.1834094462472207,0.0692633170207769,-0.7897264188707508,-0.4336387680945928,0.3268759702651716,-0.441894738586996,-0.001353712260097,0.7049526180883183,2.1455430530412487,-0.0882152512435532,-0.907962044498026
2017-03-14,EL,84.96,85.31,84.46,84.78,1126020,-0.4632671233394076,-0.4541760728093049,0.2086716444312626,0.0214664843523904,0.1978360235459115,0.0915136674625282,-0.7899087698649528,-0.4116901446377067,0.2219593433633569,-0.8623551326680234,-0.001328166817442,0.290308409400986,-0.3311060423497608,-0.1863838922962646,-0.7557526513054628
2017-03-15,EL,84.75,85.75,84.75,85.33,1412707,0.3708954481516232,0.3755997385954404,0.3478874904162974,0.2656371616390418,0.2266064687607893,0.1462348169080271,-0.7494009224366968,-0.4173096446842403,0.1994662694841043,-0.551605919568621,-0.0011320866734124,0.6768411463129017,-0.4638389331506924,0.4907340142554026,-0.6146350528446565
2017-03-16,EL,85.25,85.67,85.1,85.58,915312,0.1494076763277046,0.1563588035164678,0.3935951198493472,0.4475999888119239,0.2546149788170653,0.1880505284826059,-0.699650922134467,-0.4179863065841029,0.1911603619631469,-1.047957556182241,-0.0011737826071248,0.8525378449092278,0.3705412488294805,0.2661419723472207,-1.0362375489301767
2017-03-17,EL,85.71,86.66,85.4,85.96,2237858,0.2434476850326609,0.2495396909978602,0.4694128579397058,0.9026769059178776,0.2867652731575514,0.2321639791906025,-0.6444572486578262,-0.4221330596325262,0.3069654449591099,0.3460095644410748,-0.001078274116777,0.9746841694545048,0.1489956968269578,0.1940538410497022,-0.3697152135164782
2017-03-20,EL,85.77,86.55,85.5,86.51,2210948,0.3653511024138481,0.3701210989181564,0.6168789381195194,1.0796976793836823,0.3284083827258353,0.2918890827381897,-0.5663882768496662,-0.5392150777900816,0.0934252829070588,0.616554116744091,-0.0010893385590701,1.342551341606096,0.2430602380307249,0.625523498332164,-0.5797887909356981
2017-03-21,EL,86.98,87.55,86.39,86.48,2149480,-0.0545859300584932,-0.0462545024297697,0.5780643812748196,0.7877854371140491,0.3544481804754352,0.2995065095599766,-0.4940292489702439,-0.5481577091077492,0.1517958659032272,0.5628861903280374,-0.0013840065836344,0.8359036250489534,0.3649954567216221,-0.4606220530417096,-0.4734307827041229
2017-03-22,EL,86.38,86.89,86.09,86.53,1226626,0.0029995845492317,0.0110085631529114,0.5564104969024949,1.5128544369493124,0.37107898210537,0.2813818569776362,-0.4279089735785507,-0.5626134408521122,0.2389323184312304,-0.5395856719767811,-0.0011577500744327,0.8642669487472664,-0.0550511259824946,0.1048801124247605,-0.820808616104487
2017-03-23,EL,86.41,87.24,86.36,86.52,1348093,-0.0401910086703994,-0.0319352197737422,0.5134698877210514,1.4994002736095366,0.3778141103256858,0.2414108419056152,-0.3750203987827978,-0.5663009183902463,0.2695186917516748,-0.3828446361514614,-0.0013333071465559,0.8585942840076007,0.0025494111309499,0.0698609328585337,-0.7436591260545101
2017-03-24,EL,86.56,87.23,85.31,86.01,1888192,-0.3999817009836741,-0.3908321531681445,0.319337806510551,1.3068777969880396,0.3572658978191608,0.1392071804893235,-0.357380589755291,-0.5550041398141842,0.2288406850507067,0.2366642279643357,-0.0013738866611942,0.5692883822847948,-0.0406524493481316,-0.5063706386348459,0.2690929083055877
2017-03-27,EL,85.49,86.57,85.37,85.82,1786145,-0.1705268781258833,-0.1617071434738949,0.2156142778968945,1.166445642913352,0.3280262988815334,0.0350727723015058,-0.3782832679046329,-0.5918700871233752,0.3370025745401144,0.0802815383627093,-0.0013729533740068,0.4615077522311918,-0.4005370013372284,0.2653209401145802,-0.4259891162085841
2017-03-28,EL,85.53,86.13,84.89,85.61,1591127,-0.1853403436191824,-0.176473741333489,0.107458349228478,0.9931008669635186,0.2915322812869666,-0.0669075029896841,-0.4202708787379027,-0.5892414961793495,0.3217792563296118,-0.1536259676848453,-0.0013644459257122,0.3423817926982734,-0.1710223199123615,0.0443503825352947,-0.3841907904622754
2017-03-29,EL,85.66,86.17,85.33,85.52,1300616,-0.0984466139531407,-0.0899051470341326,0.0567470305569869,0.9685264565083784,0.25443934458819,-0.1500333306867103,-0.4259851917528839,-0.6511708604129067,0.0893847729755327,-0.4840330031081494,-0.0013467841667426,0.2913278100413045,-0.1858396498387843,-0.1497960036034399,-0.7727279940634809
2017-03-30,EL,85.42,85.66,85.22,85.34,1373586,-0.1640349433059531,-0.1552368578946318,-0.0363682369090081,-0.5130962554867639,0.2137982388071153,-0.2256669189818007,-0.4839101451770211,-0.7303712914471103,0.2611464202145772,-0.2877692846164816,-0.001356905702415,0.1892198447273756,-0.0989232519451546,-0.097074485914741,-1.1616311622030235
2017-03-31,EL,85.26,85.81,84.71,84.79,2078646,-0.4342372034011017,-0.4251112738210809,-0.234313102938378,-0.601773196733619,0.1564447356570646,-0.3291912127481269,-0.5494935538178759,-0.7067763391585248,0.1583006405673759,0.5557384048137242,-0.0014229389014812,-0.3214945253727385,-0.1645286915219452,-0.4427995326212035,-0.5101239326207764
2017-04-03,EL,84.73,85.2,83.34,83.5,2666392,-0.9801934528071716,-0.9740211619932752,-0.6438016267161105,-0.9682068382495498,0.0578597964162284,-0.5181396544755611,-0.5989412910667302,-0.6142976751312925,-0.0271991825808546,1.1446203369316734,-0.0014899562494436,-1.1461472529305916,-0.4348014400901998,-1.1230791585186886,0.2651311674288396
2017-04-04,EL,84.34,85.27,83.69,85.06,2691559,1.1301481305744323,1.1213126203928163,-0.1984218282831782,-0.3249793858038132,0.0389798304836137,-0.4641391786525954,-0.7000614950527048,-0.5042363729982106,0.2388562434368192,1.0451503658206889,-0.0009687181325393,-0.2498026441735335,-0.9809001147387147,0.6186595614946836,-0.0432571519073948
2017-04-05,EL,85.11,86.41,84.765,85.24,2665242,0.098751508673475,0.1061072407417619,-0.1785005695468887,-0.3623094520768332,0.0290700933099929,-0.3978495835876092,-0.8115174201024935,-0.5041618874737233,0.2416142041200764,0.886884576814677,-0.0009957756363896,-0.1274401335928331,1.1299919997742434,0.0890838964590057,0.0170256240897717
2017-04-06,EL,84.86,85.6,84.29,84.37,1809715,-0.6684311981873505,-0.6599765134150987,-0.468358915009615,-0.9361667251322864,-0.0145512453486045,-0.4315909894257013,-0.9330058545454484,-0.4621846280362225,0.0965548888769877,-0.0990289014094324,-0.0013966783223262,-1.068023216706668,0.0983263143465083,-0.462568904479744,-0.2973032097139617
2017-04-07,EL,84.36,84.45,83.67,84.15,1096342,-0.1953377314443392,-0.1864414896536316,-0.5112437063207271,-1.3596183534568296,-0.0587980614737608,-0.4601940823277434,-0.8940363684565861,-0.9405420273152096,-0.4465522086880975,-0.7816254709615883,-0.0013414637621218,-1.2417334158129256,-0.6690565297655041,-0.2143899847533436,-0.8188239555322637
2017-04-10,EL,84.34,84.99,84.05,84.72,1074607,0.3887161539083568,0.3932059686092705,-0.3262115046464482,-0.9892504680994084,-0.0722940515172777,-0.403924459678877,-0.8831387965703388,-0.9220071004822752,-0.2792991025408134,-0.7906215482390002,-0.0011423401778737,-0.7916660817648968,-0.1958396457124548,0.3140875084408528,-0.6666259800135665
2017-04-11,EL,84.61,85.02,84.16,84.85,994572,0.0625368284640558,0.0701567998616931,-0.2873242943304937,-0.9435593951344742,-0.0786628522007389,-0.3405634988388229,-0.8849829934439188,-0.9429963594644968,-0.1553507587918539,-0.879569786982807,-0.0011530577170378,-0.689019145929384,0.3883666035271149,0.1879894228897877,-0.7466198451347609
2017-04-12,EL,84.37,85.03,84.33,84.92,934808,0.0183659207067116,0.0262799085967518,-0.2595433519656277,-0.9011142605944612,-0.0817095216893315,-0.2813236216603984,-0.8800667501032249,-0.9641293898474036,-0.2380439871266704,-0.934185735414508,-0.0011610816971276,-0.633747718941023,0.0621021867049652,0.4661983458890118,-0.904340838260819
2017-04-13,EL,84.76,85.31,84.7,84.94,1043529,-0.0183332928165168,-0.0101986861163033,-0.2436040708921508,-0.70329102923155,-0.0840640186221185,-0.2321500796744993,-0.8770395348949135,-0.9692342169525118,-0.2773085890180584,-0.8097344122676113,-0.0011541916957312,-0.617955882658639,0.0179197559505801,0.1341284860600327,-0.9928081914310616
2017-04-17,EL,85.09,85.4,85.05,85.36,764976,0.274849209472464,0.2806231358407753,-0.1052099188372279,-0.4020963263952173,-0.0702865299245697,-0.1512877927792217,-0.8857891167489903,-0.9666562444775352,-0.2699889286682477,-1.0984945571493931,-0.0011798255379941,-0.286327320728507,-0.0187890314064295,0.2134176363980364,-1.2496029425661954
2017-04-18,EL,85.17,86.38,84.84,86.29,2110097,0.645307317698988,0.6461555722559419,0.1843177737286487,0.0939971287987427,-0.0241843915801933,-0.0033948715284722,-0.8966868558154524,-0.9270986219008734,-0.204825705857073,0.5725386192160117,-0.0010730957972256,0.4479930664025015,0.2744699542802864,0.9672022865262504,-0.1039566125601325
2017-04-19,EL,86.34,86.89,85.455,85.62,1507717,-0.5163995095489474,-0.5074076603136217,-0.0085406843373435,-0.1505264203675487,-0.0155334668061669,0.0185206864502789,-0.927744717934524,-0.9003095841523389,-0.3135272802606607,-0.1369293012142138,-0.0013569213739459,0.0620648827937015,0.6450247050233808,-0.6563522853407956,-0.1945225331704554
2017-04-20,EL,85.75,86.43,85.34,86.03,1506930,0.2651328447597514,0.2710068594689291,0.1254390762169477,0.0686794445190193,0.0056964570031098,0.0684312598073856,-0.953339582514502,-0.8882343335458447,-0.2523408669574133,-0.1545024866586777,-0.001123656436765,0.411530121345346,-0.5169851801650053,0.2203831557918364,-0.5353953094279822
2017-04-21,EL,85.96,86.15,85.01,85.18,1501789,-0.6481225323437034,-0.6395743235515632,-0.1156622671594399,-0.0486861061776801,-0.0124832024779658,0.0069201295245172,-0.9994252506112644,-0.8480898753583713,-0.3949385349483789,-0.169886835098859,-0.0013564747599689,-0.3089392816778343,0.2647510548304014,-0.7118725353260452,-0.4759378986102584
2017-04-24,EL,85.709,86.33,85.54,85.99,1312882,0.5590327239575414,0.5612206576705568,0.1342637932026272,0.7625726450105614,0.0032537007849035,0.0450118739405588,-1.000353192224923,-0.818456911819556,-0.1708920292427734,-0.3760226740361731,-0.0011390020366851,0.6001285032637973,-0.6487425659393545,0.2213826596144485,-0.8256618587962055
2017-04-25,EL,86.27,87.72,86.25,87.38,1760646,0.9733846072916382,0.9680786829649576,0.5379804566100281,0.7175960365354281,0.0679502090029329,0.201506449807212,-0.8912589149183446,-0.7189042197037916,0.0994889935242652,0.1947204752972991,-0.0011086421976849,1.1848372629850186,0.5587276045701898,0.945776662639337,-0.1892746541675404
2017-04-26,EL,87.41,88.41,87.27,87.81,2709609,0.2733779112214583,0.279167089394119,0.635529749481794,0.7830588567693804,0.1329172519565209,0.3273984622527108,-0.764012262316221,-0.7182261035558681,0.2099370082400427,1.2843549737113191,-0.0010458900038669,1.0494844874067952,0.9731875811214736,0.3194186518017171,-0.5093448588196368
2017-04-27,EL,87.72,88.17,87.35,87.42,1603733,-0.3095093629975565,-0.3003885830015027,0.4857222668890259,1.0403584866202271,0.1654520378540644,0.3446320008556783,-0.6921982767457762,-0.7075496222613223,0.1588144918779484,-0.092126482930996,-0.0013514854451442,0.7937782152958337,0.272998272207298,-0.2847015890230971,-0.8095862575880398
2017-04-28,EL,87.21,87.57,86.56,87.14,1717008,-0.2324040789656992,-0.2234119559177168,0.3715592211720055,1.0063631657834196,0.1764859536171622,0.3030759621411961,-0.6484705752010455,-0.7042891039207931,0.1422932533925047,0.0243616867237179,-0.0013639193848911,0.6101942250623222,-0.3100410615612489,-0.0869589652707467,-0.6253580069103484
2017-05-01,EL,87.68,88.39,87.1,87.18,1562630,-0.0044176462196699,0.0036358357207486,0.3465148188512832,0.8706820539269658,0.1829989983332913,0.2581944869197686,-0.6203338443784208,-0.7276241795547475,0.2464970253883621,-0.1322204352936619,-0.0011273584703292,0.6364205093813989,-0.232915662842942,-0.4571547417788107,-0.3581315569620281
2017-05-02,EL,87.11,87.805,87.02,87.48,2660818,0.1812435904602731,0.1879195778726507,0.3763080761194539,0.9164374074771384,0.1960116819907474,0.2390192654888185,-0.6560078818977496,-0.8508839200456939,0.5325525961912627,1.2120530857536838,-0.0010541303145546,0.7906659188972116,-0.0048697545931641,0.2945898951260508,-0.8434663939178523
2017-05-03,EL,90.15,91.91,89.98,91.3,5116225,2.6856333950435074,2.6215720931025297,1.4429822807910253,1.558042928230427,0.3509214918937224,0.5889198485955903,-0.3008303133957349,-0.3424062133142462,0.9099280466948922,3.7887562757986006,-0.000903180475472,1.1967924976006623,0.1808399160898251,0.93746107459787,0.170427012251683
2017-05-04,EL,91.46,92.21,90.77,91.86,2483041,0.3488714377719985,0.3538338723643615,1.50648365621903,1.615358173971065,0.4884016554296101,0.8239767053767814,-0.0128530508941449,-0.3413997900676719,0.9731255586331404,0.8012990091717477,-0.0010958885936329,1.3066418039370482,2.685883048344431,0.3041089254649789,-0.2848701949974228
2017-05-05,EL,91.38,92.95,91.04,92.86,2086068,0.6447531132576636,0.6456103451924353,1.6723037414935185,1.6711152798474478,0.627778526265074,1.016904282739757,0.2449004497229353,-0.3930369399165739,1.3104038777223588,0.3277893349769054,-0.0011255588410658,1.4106399226271713,0.3485114929802849,1.1973280326154834,0.1228807210591169
2017-05-08,EL,92.58,92.95,92.14,92.61,1586475,-0.2006086790052272,-0.1916974564235772,1.4614066294581511,1.473625108324907,0.7184191643015553,1.045800120381052,0.3884872191533939,-0.3926407000588028,1.309031771917077,-0.2648200218149089,-0.0013281940020647,1.3158875473917109,0.6444703560050834,-0.0018344428959217,-0.8623951004751245
2017-05-09,EL,92.77,93.01,92.28,92.98,2162435,0.2157403123578117,0.222100013366177,1.4411051285431296,1.8005104361251305,0.7939656250657641,1.0300646380357137,0.5218742259495633,-0.393669176948605,1.2644269575285398,0.3101161189896094,-0.0011224855789572,1.4316103402015552,-0.2011119683212245,0.1447072163513885,-0.9370022458941332
2017-05-10,EL,93.45,94.4732,93.37,94.08,2572072,0.7035477432295998,0.7034258332969047,1.6228884008166622,1.8574790197697453,0.8852274424487013,1.057927309562232,0.6778362207607581,-0.3827713359304645,1.4301288493947608,0.6419693154713864,-0.0011056486477743,1.3140172311223748,0.2153456372505559,0.4830213266317138,-0.6140531090749631
2017-05-11,EL,93.73,93.85,92.85,92.9,2338529,-0.8138685371877766,-0.8062804007378569,1.147414307116975,1.7192533397312124,0.8990535765304221,0.8808993309916101,0.7133082519027244,-0.2962547285592976,1.2126297996554394,0.3125855036377293,-0.0013614593495606,0.907782530412453,0.7032803239082868,-0.6953444147529224,-0.6942210006475695
2017-05-12,EL,93.08,93.08,92.37,92.93,1295237,-0.0128911870241681,-0.0047879383835123,1.032788765472186,1.6465632089655629,0.8991307964832322,0.7038874798495637,0.7138708478385388,-0.2964741585569181,1.2140338891326714,-0.7470049278904639,-0.0011739965459868,0.9103582036128448,-0.8145318094402797,-0.1480695351054554,-0.9545864608841252
2017-05-15,EL,92.98,93.38,92.48,92.61,1813708,-0.2473786105707555,-0.2383540149850728,0.8277116712266993,1.3412686964598766,0.874817698511613,0.4994977404683843,0.6871186575795216,-0.2788463571388581,1.0799162556288406,-0.2737452272833574,-0.001336601275608,0.7999340359446119,-0.0133455059156384,-0.3269635771976202,-0.7814030119630551
2017-05-16,EL,92.79,92.95,91.76,91.9,1646456,-0.5103009412699283,-0.5012953801436446,0.534817067995441,0.9753383747192736,0.8164986674484945,0.2484552625849766,0.6528379942824508,-0.2567201617535669,0.787344498866221,-0.4188114044507183,-0.0013309275180352,0.5389790214308792,-0.2478941008989212,-0.7509753372843676,-0.5121549927973773
2017-05-17,EL,91.86,92.65,91.09,92.1,2644714,0.1024947893717532,0.1098220186785617,0.4962940377195982,1.16821276734792,0.7676069069615874,0.0718869124545823,0.5720852410421509,-0.2926791834769252,0.944048872277856,0.4961451128192551,-0.0010963501158583,0.6092339359934436,-0.5108850209342081,0.1710754417266395,-0.1796871960726546
2017-05-18,EL,91.96,91.96,90.97,91.38,1937848,-0.5197038280568723,-0.5107196602308273,0.2073101232678217,0.9895722336674032,0.6908637930967854,-0.141056671794102,0.4741517489046705,-0.2568728007831574,0.745844448905301,-0.2017009735081921,-0.0013445772896791,0.3563162435681973,0.102070571565637,-0.5028284624800052,-0.6884189891374641
2017-05-19,EL,91.53,92.83,90.81,92.37,3273106,0.6415000953111003,0.6424099250244782,0.3886287947061433,1.1349794213115556,0.6597055816708469,-0.1940767850419715,0.3129152747883457,-0.2943420708333554,1.0722071432299312,0.9433934826466196,-0.0010640924724456,0.6602455849572868,-0.5202903606803989,0.6670462759212695,0.2312216841593902
2017-05-22,EL,92.11,93.3,92.11,92.95,1199625,0.3579280854442975,0.3627852930691109,0.45362206523888,1.173380322937915,0.648665192076322,-0.1847099485667709,0.1789819186275875,-0.3016225993356975,1.0212471420146536,-0.9464280348875715,-0.0011812027013949,0.8271338696857826,0.6412164894339826,0.6626802956853559,-0.5243457119958794
2017-05-23,EL,93.22,93.38,91.88,91.99,1757096,-0.6760053598740319,-0.6675872765968873,0.1095448737378603,0.0376555437054852,0.5935954598227393,-0.2905472494428319,0.0800304087788228,-0.2956521533919496,0.6073570315133773,-0.4361464149983012,-0.0013308438088728,0.3997346898947976,0.3575705032873956,-1.0231916393267972,-0.2323578288330059
2017-05-24,EL,92.34,93.1262,92.13,93.03,1434880,0.670866974651552,0.6712959812538971,0.3324471519993008,0.1758021835185536,0.5824716457348152,-0.2621010532973482,0.0023698675704938,-0.2759359144821118,0.7055874903934619,-0.6920084653575902,-0.0011683753704157,0.8366184788727351,-0.6766326673464367,0.5382354500196084,-0.6988788383454788
2017-05-25,EL,93.25,93.72,93.03,93.59,1220784,0.3417701721391484,0.3468142093067551,0.4028589065608199,0.0497299586725008,0.5872297374391919,-0.1984643442724767,-0.1147357821202152,-0.29070140043049,0.8690823105040223,-0.8834066790889975,-0.001181116235034,1.071863596014701,0.6705910298002298,0.2491537650119986,-0.9768865344974392
2017-05-26,EL,93.35,94.19,93.25,93.7,852849,0.0401782717772756,0.0479509553464007,0.3388675044662878,0.1730814968057759,0.586868484473866,-0.1607320821048455,-0.3003499138322728,-0.302502740545353,0.9381434868296284,-1.216441286615741,-0.0012006139867167,1.0980259151899152,0.3414083748189941,0.2569520598166952,-0.7552469756943674
2017-05-30,EL,93.41,94.05,92.85,93.99,1023571,0.1596915863462417,0.1665555946457692,0.3228378961704234,0.1495608049448441,0.5895037497699138,-0.1228332859498733,-0.5548834536509031,-0.3055878655614031,0.9797517979345076,-1.0377075801742222,-0.0011929423555742,1.2273680294305498,0.0397377972745168,0.4427984838640891,-0.5272848408574792
2017-05-31,EL,93.99,94.63,93.74,94.14,1260585,0.0663624591803106,0.0739555031887026,0.2694726236792888,-0.1664422402817316,0.5890096843828015,-0.100569092334126,-0.925600810596332,-0.3042104919689412,0.9506348448932966,-0.7609269895387123,-0.0011824983308517,1.092588654698949,0.1592822896399116,0.0942576354851295,-0.8034190258256356
2017-06-01,EL,94.34,94.57,93.9,94.56,1373772,0.2447644811612026,0.2508434622397223,0.3413742356619898,0.5018333754396702,0.5965744205534039,-0.0620145209611391,-0.9153775618365432,-0.912783061430507,0.3569277756955615,-0.5001634108453312,-0.0011784854182117,1.3825956673169917,0.0659288154249664,0.1498695073953848,-1.0008165410888972
2017-06-02,EL,95.0,96.225,94.8,96.13,2331927,1.0006875321679214,0.9947941603479288,0.7225559868140973,0.9048031637182976,0.6551100280666098,0.1000272815291726,-0.7710734243542703,-0.8234027137787553,0.5152093821324767,0.5878239693370851,-0.001136157707288,1.3845597778517904,0.2443773776758177,0.8723520515804638,-0.3559059818911395
2017-06-05,EL,95.98,96.38,95.42,96.3,820870,0.0771034719255036,0.0846196677997434,0.7204404365077471,1.094627187419875,0.6984430198655769,0.1905294523801517,-0.6370494673842775,-0.8579472733644498,0.3765864827994187,-1.0837779435667385,-0.00120658814492,1.3951346726604992,1.0004976285935676,0.2255752104639054,-0.7605115947393762
2017-06-06,EL,96.3,97.0,95.85,96.23,1419189,-0.0782511066539828,-0.0698025289696975,0.6483528045323032,1.440376543387857,0.7200335951459848,0.2069665832294991,-0.5454725155039407,-0.8643932623604089,0.406600463702446,-0.3756415481661778,-0.00130435490398,1.0293699018163582,0.0766726302103338,-0.0812347747510915,-0.5953560290513198
2017-06-07,EL,96.16,96.59,95.86,96.51,1205606,0.1481558898133257,0.1551175067079978,0.6759047795815264,1.4536968060592863,0.7379609638237886,0.2106872571745661,-0.453287550116004,-0.865912041960572,0.3901001614910627,-0.5861781394610315,-0.0011891505648193,1.179736756498733,-0.0787224761835026,0.248674347712012,-0.9609350552268414
2017-06-08,EL,96.47,96.51,95.6255,96.05,929544,-0.3297393572092676,-0.3206006798570203,0.5187466715890887,1.6096661123136138,0.7240227196969664,0.1316422575257765,-0.3980599041025779,-0.8975519051967501,0.1400539022336698,-0.8619423668663665,-0.0012832213523978,0.932705495234828,0.1477435837552805,-0.3552452309354261,-0.8238591406516336
2017-06-09,EL,95.99,96.66,95.65,96.35,1206894,0.1614590454394259,0.1683079118312148,0.5531950469725927,1.4958804129068557,0.7148468013109389,0.0806644022819447,-0.3464765924137683,-0.993257618215585,0.3779331238961108,-0.4525023833236244,-0.0011893292283781,1.0938128395373707,-0.3302763332321582,0.2570321589877735,-0.717693718882303
2017-06-12,EL,96.33,96.55,94.62,96.01,1296517,-0.2526922833165281,-0.2436570318502576,0.4143043262881674,1.152677006649824,0.6846060533727241,-0.014338390557514,-0.321284897658288,-0.979869642109634,0.3192826813695412,-0.33437351389986,-0.0012989701804706,0.9112245159944932,0.1610502098154446,-0.2772931028254258,0.0840001110646159
2017-06-13,EL,96.02,96.96,95.68,96.64,1005620,0.3755297732601795,0.3801787703796659,0.5324266103123905,1.955109014878501,0.6759460648088982,-0.0347921217038739,-0.291071709798913,-0.9834224977659104,0.4716202812439606,-0.6820970534232923,-0.001198167735271,1.2495499390298332,-0.2532091598384224,0.4615204289359855,-0.4874714589523346
2017-06-14,EL,96.76,97.7,96.665,97.16,1085348,0.3020016752767472,0.3074879881961561,0.6019436665964769,1.8840356894821957,0.6800129832690102,-0.0183962670301533,-0.2844293906911849,-1.033661322027415,0.6731242523161889,-0.545931590705474,-0.001195395746929,1.182347833438319,0.375176782908312,0.2860099690315887,-0.703532736660911
2017-06-15,EL,96.74,97.78,96.1,97.55,1096458,0.216907565680756,0.2232562346502273,0.6323882021391908,1.8579874595975776,0.6889468512024818,0.0072478608705882,-0.2749700984131804,-1.033172525062643,0.7015968274310547,-0.4460898090160571,-0.0011957126247118,1.3331855307277802,0.3016295034296716,0.606275406763564,-0.1560328335000154
2017-06-16,EL,97.55,97.77,96.68,97.5,1920817,-0.0649068772385677,-0.0565232564996211,0.5317595861081404,1.7961777639323375,0.6844729070738315,-0.0067483142463941,-0.3408267847601373,-1.0931891502591278,0.8161264980026441,0.7571717964004562,-0.0013236675666993,1.3093391782353678,0.2165131950783716,-0.065041197272058,-0.6596158314835088
2017-06-19,EL,97.6,98.22,97.44,98.19,1257675,0.4075992992459252,0.4118563901373626,0.6395075287633916,1.8598360255941204,0.6983365306472722,0.0292553292510293,-0.3446598602263049,-1.119206795201011,0.7578853778473921,-0.0661358777118251,-0.0011881074143586,1.4271491865582997,-0.0653747656189811,0.4304001832097222,-0.9292822423169068
2017-06-20,EL,98.21,98.4,96.98,97.05,1335805,-0.755820798611117,-0.7478453399756944,0.2687625507444405,1.0306459267857246,0.6552091504872911,-0.0886356184826571,-0.3892538631656612,-1.011539101807913,0.4803428784226421,0.0456740712283421,-0.0012995832177058,0.7545896301764154,0.4072546749673807,-0.9186907570061604,-0.3719110182370596
2017-06-21,EL,97.47,97.47,96.49,97.33,1358878,0.146625291307927,0.1535997004763903,0.2712379884367302,0.9955591310885492,0.6231703084315562,-0.1544066704741946,-0.5155307690007107,-1.1043247982993136,0.6850741365784461,0.1150542938109864,-0.0011836415394284,0.8755941836022184,-0.7564689277761488,-0.1348345555992968,-0.7521782904121941
2017-06-22,EL,97.4,97.91,96.68,97.48,1278723,0.0629528486033562,0.0705699030626418,0.2505371112488713,0.538184559755808,0.595126255134512,-0.1967409945713058,-0.5953437632721426,-1.1502897087324409,0.5350399303969318,0.0002371458805235,-0.001188284030215,0.8918432540943106,0.1462125859580641,0.0357383034866497,-0.5397311943029368
2017-06-23,EL,97.34,97.42,96.46,96.99,1728117,-0.3459467855045536,-0.3367985314224869,0.069995496320257,0.1621351503375645,0.5456310471273411,-0.2858233567994858,-0.6752334720905335,-1.1284556671206245,0.3660658258225228,0.6643883307069031,-0.0013148459577871,0.5983569561939776,0.0625183153726858,-0.2979738839773132,-0.7664221060149357
2017-06-26,EL,97.43,97.43,96.45,96.5,1783547,-0.3475278336930325,-0.3383788722638424,-0.1017418042646898,-0.0608865567046516,0.4798934268316968,-0.3988969362056818,-0.7752977851363377,-1.10143971292496,0.2713953944851361,0.6538948978598853,-0.0013191466086063,0.304870658293653,-0.3464879896078205,-0.7474821076567904,-0.7449607686138785
2017-06-27,EL,96.29,97.13,96.06,96.41,1505455,-0.0910605339830225,-0.0825522823049783,-0.1591186855352608,-0.2379349550495102,0.417742269833847,-0.4801243049417015,-0.8767635780046746,-1.0999663731738594,0.2106638081803493,0.1928558809695694,-0.0013090557162128,0.0233248338429766,-0.348069450249077,0.0678387531152403,-0.6663708920589045
2017-06-28,EL,96.9,97.71,96.77,96.81,1141429,0.2253092675948332,0.2315778927711797,-0.0867246189950825,0.1867252714400172,0.378173790589798,-0.4869787761443428,-0.9951201439693144,-1.0953714328619462,0.2490631736562492,-0.340618640448743,-0.0011911728480756,0.2683346089632025,-0.0915352451462261,-0.0964884875361511,-0.7821057632733495
2017-06-29,EL,96.43,96.53,94.69,95.62,2109234,-0.7982792227160748,-0.7905816494951386,-0.4239637904551994,-0.5029881376979755,0.2948868733812754,-0.6049928598309223,-1.0759164964779178,-1.0035893726723188,-0.0028434631494102,1.0206216136986703,-0.0013362053341614,-1.0018896801060913,0.2249170887695983,-0.6609421443419033,0.0123906051670542
2017-06-30,EL,95.96,96.43,95.745,95.98,1290323,0.2013994129145058,0.2078928913259199,-0.324278341633362,-0.2018577012215096,0.2386028140127613,-0.629899235543812,-1.0706669151819468,-1.1505971627599605,-0.1903936503032273,-0.0963719862848194,-0.0011835182742481,-0.6853009622544257,-0.7989384281374067,-0.0105700345643704,-0.9965282264330068
2017-07-03,EL,96.07,96.28,95.71,95.81,777971,-0.1432676243682078,-0.1345433334860733,-0.3638167316770845,-0.5705075596057434,0.1834954729781577,-0.6467954833793914,-1.0543314606212828,-1.151275023886369,-0.2422060178747278,-0.8679277066835849,-0.0012776511522848,-0.8348011901288251,0.2010009966538475,-0.2307868760520735,-1.0955062405240807
2017-07-05,EL,95.78,96.28,95.43,95.72,1441644,-0.0914787001320937,-0.0829685446410115,-0.3813900443987034,-0.8984944101908052,0.1330506368127924,-0.6483112743776632,-1.0366223793759963,-1.1511165000889487,-0.245312762394506,0.1337232515489312,-0.00130828548341,-0.9139483695917444,-0.1437559549514905,-0.0736448773280613,-0.851251496153108
2017-07-06,EL,95.34,95.6,94.27,94.84,1575467,-0.6053641270336149,-0.5966409751952203,-0.5980186978042907,-1.4231130575829427,0.0560969949216205,-0.7177571167756156,-0.9658965378191442,-1.1123482076363074,-0.4216116269030955,0.3034417394953141,-0.0013161070606273,-1.4225174398882905,-0.0919535203835535,-0.42253946442954,-0.4225834650406506
2017-07-07,EL,95.19,95.25,94.05,94.28,1570482,-0.4006099295890704,-0.3914606441176927,-0.7266773136461426,-1.5482228550439974,-0.0282984070678131,-0.7924687530798663,-0.8733734828159351,-1.106260089010944,-0.4381192469274737,0.2419930800806514,-0.0013178624132553,-1.705541462580232,-0.6059730061159703,-0.7485786003979055,-0.5305577654046328
2017-07-10,EL,94.31,94.58,93.57,94.27,2577739,-0.0395995684546078,-0.0313469581262444,-0.7017417537655987,-2.022312319757066,-0.0961635536014447,-0.8096894691420199,-0.7948325766800701,-1.1159955996163278,-0.4845296014839987,1.531753675635846,-0.0013694969082279,-1.3995373450405502,-0.4011653938305032,-0.0583605695845228,-0.6984176950076837
2017-07-11,EL,94.4,94.43,93.45,93.86,1764927,-0.3037693046876106,-0.2946548043471717,-0.7848340528131208,-1.8764318759665823,-0.1658671066285131,-0.8281980686583889,-0.7057759013082627,-1.1131727662999442,-0.4963602062948111,0.365438348842217,-0.001333673826259,-1.6059665366937674,-0.0400608548415591,-0.4584983727471217,-0.7211551148832084
2017-07-12,EL,94.48,95.0158,94.18,94.52,1553523,0.4047868756470162,0.409078984049683,-0.5765722195929645,-1.5804885535166882,-0.1945860315050164,-0.737511220946534,-0.6671760982765083,-1.1087015960154765,-0.4896570509016321,0.0382670062258601,-0.00115992627965,-1.1627423317014374,-0.3042995058250947,0.0056698103479661,-0.8543762667604305
2017-07-13,EL,94.75,95.13,94.3977,94.73,966237,0.1053258769091722,0.1126314012235444,-0.4865892401716433,-1.537181670968847,-0.2083754215217763,-0.6265333770542694,-0.6543021207705219,-1.1277998616094862,-0.5347918460649428,-0.7438521605238095,-0.0011927122876104,-1.021716448294781,0.4044415176831015,-0.0422641572209203,-0.947066416839992
2017-07-14,EL,94.89,95.64,94.68,95.31,952697,0.3481890276669244,0.3531593385826414,-0.2977533107548917,-1.0004612524512595,-0.1959150991496388,-0.4701847941301348,-0.6775939230020704,-1.1117043839145877,-0.5047180662795818,-0.7559078968719353,-0.0011942852411727,-0.6322163893621265,0.1049023976573438,0.3080890742628812,-0.7518818163391979
2017-07-17,EL,95.19,96.87,94.93,96.2,1705111,0.5483663887365203,0.5507118529083721,-0.0365017526767876,-0.324979385803814,-0.150969549449575,-0.2614895118694347,-0.7095666976315674,-1.0510308583371073,-0.3632976099574104,0.2783326417482562,-0.0011575278852409,-0.0345352644482233,0.3478289048528422,0.7753149546824879,0.0893545500380204
2017-07-18,EL,96.25,96.48,95.92,96.29,1138539,0.0252495221756554,0.0331197360343375,0.0142635183430812,-0.2433865266642181,-0.1122105174559782,-0.1104572761387987,-0.7859281638121905,-1.0847344059805368,-0.4516651978526699,-0.4871534607471897,-0.0011875254126878,0.0259043998689151,0.5480584867903437,0.0050815936276807,-1.1066330560390711
2017-07-19,EL,96.46,97.17,96.29,96.94,1065264,0.3872731892058012,0.3917805565349642,0.1938619379704646,-0.1322456362312813,-0.0569521759903291,0.0528374509975083,-0.7899516607517947,-1.1271200304657685,-0.1841232191308762,-0.5739062272929025,-0.0011920835744484,0.7199065344083077,0.0248051531652622,0.3496409121044107,-0.8347739075082505
2017-07-20,EL,97.3,97.84,97.02,97.11,1111220,0.0761835151776989,0.0837063649329078,0.2434931774462992,0.5771778428445399,-0.0080721737835147,0.1670554972549697,-0.79968007466975,-1.130452428783685,-0.2006737122119452,-0.4973946948246774,-0.0011908456370788,0.846613005566431,0.3869232623940342,-0.1738482998832627,-0.8875909710749545
2017-07-21,EL,96.76,98.01,96.76,97.95,1163164,0.5055350196483899,0.5084950872937203,0.4670755492627921,0.7456987836894267,0.0613212963256939,0.3112312475102441,-0.7721027783917087,-1.0876196023314468,-0.0966657240910014,-0.4186186334441485,-0.0011894171799398,1.3991395214370623,0.0757524334706562,0.9028548458068246,-0.5277601007728457
2017-07-24,EL,97.82,97.91,97.08,97.75,858997,-0.1601181206394104,-0.151333424019968,0.4016710690172629,0.7270396544913952,0.1055323443607513,0.3617527268013055,-0.7378472725538917,-1.101225126566536,-0.0523952131014786,-0.8065213375101851,-0.0012813232052956,1.2533420855843194,0.5052159441546381,-0.080381414494266,-0.8836726128330838
2017-07-25,EL,98.12,99.1,97.97,98.75,2067642,0.6039148264989708,0.6054203668758534,0.6437994037163444,1.0596267086862443,0.1761983048872361,0.4702643995759484,-0.6345572379908669,-1.0691663549977586,0.1749555520100942,0.905115602824718,-0.0011484508401997,1.236956002085832,-0.1606108470621388,0.4587795014394893,-0.6376512818009034
2017-07-26,EL,98.75,99.16,98.19,98.92,2039598,0.0741823506167433,0.0817196279070786,0.6549570749769889,1.677677643388464,0.234492817972153,0.5252298450507751,-0.5373529920313931,-1.071725447793986,0.2148821343140399,0.8112874554771274,-0.0011527834523198,1.303158337309141,0.603621415640174,0.1037472818267194,-0.7740914536289111
2017-07-27,EL,99.24,99.56,98.34,99.53,1699412,0.3509243256718443,0.3558630216912193,0.783153036792366,2.194467297027368,0.2995494152977291,0.5866076898594148,-0.4220068633235335,-1.0629785806111012,0.2451603262904962,0.2899031597785698,-0.0011701337568722,1.4265570752496326,0.0737507468599062,0.1944615395982118,-0.5697640852050706
2017-07-28,EL,99.3,99.51,98.57,99.0,1532137,-0.3645218129125097,-0.3553677958370197,0.5912401171329587,1.7990991028769143,0.3248084241823054,0.5332716581593658,-0.3577183298483888,-1.1496044719017977,0.3516669257524145,0.102243687629143,-0.0013064727525692,1.1382074492521654,0.3505649164231476,-0.2545696782276165,-0.8000066492636908
2017-07-31,EL,99.26,99.82,98.53,98.99,2250236,-0.0392847337081259,-0.0310338176708339,0.5464972341648106,2.0977072234444005,0.338830843646824,0.4616800450656618,-0.3029279397259913,-1.150466649344603,0.293103525909181,1.0067687524806923,-0.0013385606044446,1.0097436382090137,-0.3650678627388266,-0.2318271492157467,-0.5052575448076665
2017-08-01,EL,98.24,98.8,97.57,98.49,1706182,-0.3474623401452352,-0.3383134072164414,0.3734507549852059,1.6245347507442456,0.3248253724416156,0.3322634464961753,-0.2786967121355887,-1.1303890887125556,0.2433356242267213,0.1992577406312944,-0.0013179857886788,0.7488188707488488,-0.0397459379631936,0.1659467460724946,-0.5505151178465201
2017-08-02,EL,98.24,98.8,97.57,98.49,1717350,-0.0329960430517004,-0.0247793014886723,0.3351977103898851,1.5864088884847871,0.3084739007955018,0.2226916028911908,-0.2629290557412449,-1.1325841762209752,0.2575308037953095,0.1938694447344209,-0.0012427088046935,0.7488188707488488,-0.3480039396157818,0.1659467460724946,-0.5505151178465201
2017-08-03,EL,98.43,98.78,98.11,98.17,1046309,-0.2352761933161369,-0.2262775625706916,0.2027532654302967,1.2201607486271198,0.2780204535163199,0.0987358854877703,-0.2875845013499146,-1.1925283420746198,0.3481937577531119,-0.656981857777524,-0.0012901591468342,0.5818270195743469,-0.0334556067571959,-0.2258844076230886,-1.0225312355489211
2017-08-04,EL,98.35,98.82,98.01,98.58,1013906,0.2270202080883269,0.233272395912904,0.2546960496953535,1.0860001581051006,0.2652677049725452,0.0451326053992541,-0.3406525532618895,-1.2324677905360053,0.5023593138516603,-0.6749452337712335,-0.0011959281145611,0.7957853288916802,-0.235788526450455,0.1503678475888028,-0.9065389929051834
2017-08-07,EL,98.44,101.02,98.3301,100.53,2231738,1.1985232623066668,1.18802966848739,0.6941205373868408,1.508396392326768,0.3264453409921984,0.1925455185115788,-0.3385320350341001,-1.054959610779314,0.8077834723175868,1.0049896956201356,-0.0011414453800957,1.2277071599409963,0.2266284756012644,1.577739025998132,0.6386430464793934
2017-08-08,EL,100.34,101.41,100.06,101.06,2128913,0.2952319473416753,0.3007910595682214,0.7367160198953263,1.487694384768231,0.3896003326534986,0.3155655283836209,-0.3724936632916282,-1.0882178592380969,0.9591281699552676,0.8291478997136472,-0.0011495115288754,1.2819571010027264,1.198384968731942,0.515813061618378,-0.4780232859958294
2017-08-09,EL,100.85,104.5,100.68,103.77,7523547,1.6365001138961262,1.613689001039281,1.332580066792868,1.8174588787204613,0.5384023701701578,0.634435557932007,-0.2111617795500802,-0.834652667464404,1.2697911739080474,6.422448402453946,-0.0009240518784492,1.2026708270339586,0.2948580094553915,2.1612016709458257,1.4766348740591675
2017-08-10,EL,103.02,104.3784,101.22,101.69,4764877,-1.280916617370316,-1.278462669228962,0.6816709399000699,0.8109695948369353,0.5662458758063473,0.5781864027649749,-0.2486180658630548,-0.6026282717070874,0.9115728196067696,2.805103795618101,-0.0014237376817451,0.4916618356742078,1.6364760766548363,-1.0016987510431534,0.9971682783010628
2017-08-11,EL,101.9,102.33,99.01,99.65,3592379,-1.281952641508768,-1.2795140951618076,0.0809243923556719,0.2463257208725818,0.5005602813339756,0.2924447850193855,-0.3479146508387225,-0.426560353095046,0.5012841971720055,1.3839767793027835,-0.0013887155918521,-0.2417900520491295,-1.281701729854753,-1.6945355558698831,1.185310845937185
2017-08-14,EL,100.09,101.79,100.01,101.13,2687660,0.8916592052964782,0.8880427170055811,0.4069707325783665,0.336679848398313,0.4992985648843236,0.2296774438211219,-0.3818899895841806,-0.3929531023930001,0.5851705463933484,0.4624562784119914,-0.0011274069575807,0.1372270294444918,-1.282738024263926,0.758715485981133,-0.1244324785087923
2017-08-15,EL,101.48,101.64,100.52,101.04,1702431,-0.0884021873696204,-0.0799061039662635,0.3192191410911609,0.2820785966835716,0.4874415759931221,0.1521915219915006,-0.4370457211057655,-0.3901199864844299,0.5570127191220765,-0.4768252197419643,-0.0013128305997388,0.0419447546836268,0.8914408591758489,-0.3538962263631375,-0.6675138993759872
2017-08-16,EL,100.87,102.0,100.45,101.07,2034090,-0.014510877523624,-0.0063982466134055,0.2717916896007425,0.1688533149297698,0.4720874261014922,0.0812011523149821,-0.4773286594369558,-0.3950031519058209,0.4582239942807968,-0.2119064133170282,-0.0011567544695042,-0.0302404562603159,-0.0888762050419786,0.1234837567898276,-0.3132163323035839
2017-08-17,EL,101.15,101.3,98.16,98.32,4479410,-1.726966589416506,-1.7328027784906197,-0.4687060160583219,-0.3234582661330566,0.3460064807412084,-0.2606000088433655,-0.5244231234699206,-0.1581545826078602,0.0155188789061377,1.7091179950681883,-0.0014263084508831,-1.2113127079356216,-0.0149656189486074,-2.14012329335713,1.0702942630853882
2017-08-18,EL,102.81,106.45,102.0,105.92,8925828,4.779464137879907,4.585320611784757,1.421936343240061,0.7189061338241182,0.53729942212066,0.2828739832286837,-0.2304162407060334,0.9704865436711028,1.0275388712281552,4.398130313786347,-0.0008509445146205,1.2548514080259143,-1.7278680642934987,2.259123113079473,1.9100622707903687
2017-08-21,EL,105.39,106.9823,105.05,106.48,3541896,0.2961627654755222,0.3017119109582267,1.4474964216817576,0.8549912551161435,0.7011609230785517,0.6470451214629207,-0.0035500182978321,0.9640633026638654,1.1441708998534952,0.3953212509999615,-0.0011064812648519,1.265479350744002,4.7802600150797465,0.7550806009141912,-0.0789315041629604
2017-08-22,EL,107.09,107.91,104.89,105.21,4659537,-0.775555280685011,-0.7677053130595983,1.027712320676202,0.6422373924938222,0.7704631332843861,0.6949880454563234,0.101716765796694,0.9984616109969188,0.7932836567527422,1.0293700428238797,-0.001413537490789,0.5748622965744393,0.2957890704145536,-1.3526528670529767,0.8009334398457921
2017-08-23,EL,105.0,105.45,104.01,104.45,3201246,-0.4827261875143861,-0.4736661574292589,0.7554427220853617,0.5737229451699281,0.7847332982903641,0.5916908476621004,0.1470063330046711,1.0154557001286388,0.6535563988154641,0.0281426320316128,-0.0013677714442916,0.3305317386966575,-0.7762085580435052,-0.422063996933248,-0.4423450835495338
2017-08-24,EL,104.79,106.16,104.521,106.01,2510998,0.8968511421831787,0.8931304043032945,1.072550985320034,0.6725520972885283,0.8459891148659278,0.6299933477269213,0.2551131073283273,1.0361195236147922,0.7887055166675797,-0.4395564566229176,-0.0011399828515648,0.832052357498427,-0.4833030736700408,0.8532824366038755,-0.302807077629401
2017-08-25,EL,105.26,107.15,104.92,106.5,3170872,0.2547733973247058,0.2607524794579632,1.0978121001910144,0.5454580050173113,0.901728346999633,0.6464357543913124,0.3420746540309066,1.0235042919837647,0.9451404380401937,-0.069033696055623,-0.0011176173414982,0.9895812698143652,0.8966341504986799,0.863710179137636,0.1537476122683949
2017-08-28,EL,105.0,106.81,104.3,105.96,3841515,-0.3486705993825214,-0.3395211518040841,0.8653212583496825,0.4135714477825837,0.9124359165894246,0.5436789555375369,0.3734581863992238,1.033544389816508,0.866619930202607,0.2914445328518593,-0.001387721062502,0.8159779786906741,0.2543889048952669,0.6644426277554101,0.3828697258692874
2017-08-29,EL,105.56,106.5,105.2,105.7,1826456,-0.1857620844789353,-0.1768941994303196,0.7029543473841151,0.075377331468252,0.8986342428260627,0.3983871459806939,0.3513398606428821,1.027384591069387,0.9076578053610938,-0.9357331635735232,-0.0013154563251268,0.7323912088903826,-0.349212514055275,0.0738847557242757,-0.5663180616760052
2017-08-30,EL,105.65,106.41,105.16,105.66,1805047,-0.0565563221429364,-0.0482147986998131,0.5983913850290642,0.4117916067007659,0.8743470237822217,0.2551640852878941,0.3010767636660454,1.0278598665208172,0.9016931187864816,-0.9501671101862922,-0.0013165388875941,0.6873829482286822,-0.1862615007193388,-0.0191654117007496,-0.6053682483174013
2017-08-31,EL,106.0,107.1,105.67,106.99,2085013,0.7506798028039634,0.7497340212383607,0.8212219983521796,0.9638147153533752,0.8954241839840636,0.257352767981707,0.2481791915714263,1.0305427996935046,1.152023577451873,-0.7998579353205246,-0.0011550968296932,1.1339649123497444,-0.0570220320890241,0.6793086124365816,-0.477412050342382
2017-09-01,EL,107.0,108.175,106.72,107.93,2360555,0.5139948462712705,0.5168358022188155,0.9365038916498696,0.9106563447813242,0.9366292592114548,0.3109126209182082,0.2137654562080375,1.0332312875323069,1.225495641040664,-0.6628759084722822,-0.0011465540645885,1.3615582852259989,0.7504246789642373,0.6303484977364089,-0.4678091193589972
2017-09-05,EL,107.46,108.35,107.39,107.95,1636072,-0.0214592993291895,-0.0133068940271719,0.8442675877355336,0.9327544330727966,0.9573399322880404,0.3010082649344833,0.2316195576742097,0.9974207574797438,0.916519841554276,-1.0785015593681313,-0.0011782967918116,1.312390762499366,0.5136779777178351,0.3181872154643214,-0.850173135474096
2017-09-06,EL,108.31,108.6,106.86,108.07,1520419,0.0362115947419844,0.0440105393721244,0.783128442777237,0.9417577048587472,0.9656484318465084,0.2611617990105142,0.2454455856155221,0.998074889469822,0.8512516483829767,-1.1387219348397044,-0.0011842077989191,1.2741224097748285,-0.0219158534097865,-0.1937288714022245,-0.2494797701537308
2017-09-07,EL,108.56,108.74,107.548,108.23,1467889,0.0591783439176081,0.0668217624938976,0.7654122769890214,1.676753839307033,0.9657017303675114,0.2080358809110136,0.3064709534767736,0.9051574736066827,0.463746051653598,-1.0843633882525845,-0.0011873949659421,1.2826393775146592,0.0357700854403035,-0.2559783885752586,-0.673442496159111
2017-09-08,EL,108.2,108.85,107.725,108.81,1387934,0.3006421510643047,0.3061431419607668,0.8183731505358927,0.7976971760924483,0.9756276673844426,0.1909471479662593,0.3269436231018313,0.8167992179861734,0.860827038590641,-1.0841997477541554,-0.0011914299090132,1.4304402805841234,0.058742826020592,0.3996223488486067,-0.7296524839435428
2017-09-11,EL,109.18,109.835,108.64,108.74,2548044,-0.0730480844532331,-0.0646244952561733,0.6838612725063764,0.6290534170759946,0.9678858248439492,0.1317996011736722,0.2190201030803999,0.7188154578874583,1.1722193385130657,-0.2496862276437181,-0.0013351414867387,1.1311032675248325,0.3002696245540747,-0.3307934282186542,-0.6754481696668799
2017-09-12,EL,108.54,109.6,108.54,108.9,2438399,0.058610412712268,0.0662577785291023,0.6242812563614196,1.3575589944621376,0.955338571657828,0.0721125194610521,0.1562585308831546,0.6999185270346323,0.9609170951551752,-0.3194162662203509,-0.0011512060387855,1.176659502727473,-0.0735180966547634,0.2242698012530972,-0.7801089234964725
2017-09-13,EL,109.3,109.97,109.18,109.66,1302895,0.401495311391997,0.4058282448498268,0.7024726335099871,1.9946203571136043,0.9625136642230094,0.0751278325422144,0.0776138719947162,0.6969954255587818,1.085472939915937,-1.116130633511341,-0.0011953772340466,1.3556225052320747,0.0581747466573369,0.2225273892896768,-0.9909292347424782
2017-09-14,EL,109.41,110.03,109.0475,110.01,1227904,0.1657119008157361,0.1725241295696848,0.6751869379746052,1.8360319445580928,0.9691070449869996,0.0760427668448233,-0.0333115951949452,0.694284388560496,1.1316004490598994,-1.1569433168606862,-0.0011988495127834,1.4372777723488392,0.4011490947478536,0.3880063729757899,-0.8470061619229597
2017-09-15,EL,110.37,110.99,109.15,109.69,1896840,-0.2140938705178014,-0.2051463523477092,0.4537388687112529,1.474556337402729,0.9491017510867682,0.0083101835871547,-0.5399661251262112,0.5121282216811167,1.5309167445866725,-0.6072253363711584,-0.0013094076300962,0.962185092718444,0.1653041746468782,-0.4917982388959143,-0.1933187853577997
2017-09-18,EL,110.04,110.31,109.705,110.27,952330,0.2962013473136545,0.3017500793853734,0.5410301987194149,2.042822761576548,0.9435014402441116,-0.0087977046050238,-0.4925394343756918,-1.02949217702659,0.4356810035044698,-1.1960048482558128,-0.0012083972907447,1.0999832354366403,-0.2146006777561097,0.1315979401205692,-1.1340715188961843
2017-09-19,EL,110.27,110.43,109.99,110.35,1061889,0.0121716634857615,0.0201243958054321,0.5121984765256333,2.297542456958758,0.929797339343368,-0.0433430312646548,-0.4451929692696903,-1.0349059785479326,0.3663035408579161,-1.0437489354632803,-0.0012049172140612,1.1380827372984446,0.2958276623176455,0.0284956629192075,-1.2590177983549764
2017-09-20,EL,110.37,110.87,109.44,110.23,1438165,-0.100698485279418,-0.0921470653847903,0.4205764113226982,2.219790148601569,0.902118860607274,-0.1069491005770136,-0.4608213752825985,-1.1439103468073517,0.5332784783079374,-0.5792311342078443,-0.0012932040861909,1.0809334845057414,0.011723882815191,-0.1221510160395738,-0.5101533583659795
2017-09-21,EL,109.96,110.11,108.19,108.25,1402728,-1.1513024410121968,-1.1470622616751027,-0.1067563675418474,0.4059566439883704,0.7914399515644353,-0.3714756348159879,-0.5790887109387289,-0.966930073377286,0.3668350480821853,-0.5474896133964854,-0.0012928725718588,0.0814052973958129,-0.1011757107238513,-1.2012306343795458,-0.113130368847861
2017-09-22,EL,108.63,109.16,107.3,107.58,2173326,-0.4183344737588356,-0.4091952195236873,-0.2882002447379336,-0.3617288217088657,0.6679618580932695,-0.6160417425926461,-0.6228480743710609,-1.0357452949167087,0.0500297264855493,0.2956103562015794,-0.0013218610633632,-0.2515097444706262,-1.1520537406581286,-0.7565878793871698,-0.1504055304096554
2017-09-25,EL,107.79,108.36,107.6237,107.98,2025020,0.1984895025834706,0.2050097278674126,-0.209117839001735,-0.1750712456523319,0.5774937039683096,-0.7267276131902434,-0.654967964481619,-1.0391621481611928,0.0366178229363664,0.2045751806437053,-0.0011667926732321,-0.0527544955951379,-0.4188945618552079,0.1068575764344752,-1.0230346348147543
2017-09-26,EL,108.01,108.29,107.2,107.96,2833237,-0.044527444699893,-0.0362485212848529,-0.2380766340229717,-0.2408480821576567,0.4975780180634367,-0.7881144381264975,-0.7161618122628307,-1.0579884386532836,0.1097323654690936,1.191747643769388,-0.001346096152102,-0.2847833504573306,0.1980903272057863,-0.0612909907955691,-0.7498869167574831
2017-09-27,EL,108.1,108.76,107.43,108.52,1231022,0.2899430177041704,0.2955585011903296,-0.1366534867900085,-0.0605012793195924,0.449406792847658,-0.7555142027304499,-0.8092630099589473,-1.0560799116033786,0.2243496315711405,-0.6141580233255169,-0.001196049520768,0.0345205365011263,-0.044990016636684,0.2672241500463976,-0.5699145478857556
2017-09-28,EL,108.3,108.54,106.0,106.35,2542181,-1.2779273126049204,-1.2754290247873223,-0.6692934453617952,-1.068623041311511,0.320439069756905,-0.9374028090631712,-0.855458300478812,-0.840860376767407,-0.0715681936305804,0.8477394114214741,-0.001337471603352,-1.4564074007644812,0.2895677000789666,-1.386667253189933,0.399139497937141
2017-09-29,EL,106.76,108.16,106.3,107.84,2531129,0.8392604296599332,0.836672649594972,-0.3194744023397174,-0.4635014240946313,0.2720390727207716,-0.8755337542071632,-0.88408036250564,-0.8246143489995316,-0.0507971937488598,0.7994631159761715,-0.0011450224583289,-0.6555524788579834,-1.2787116452604677,0.7379765174603851,-0.1538795546616516
2017-10-02,EL,108.26,108.84,107.79,108.2,1151841,0.1748386518619456,0.1815712861117494,-0.2357723787010995,-0.3981683827331777,0.2433484442640724,-0.7753069348880903,-0.8887310201743404,-0.852585758373734,-0.1307367628329305,-0.7051620716705915,-0.0011997661966887,-0.4157317667378838,0.839028414113719,-0.0681889608825705,-0.7825632498299048
2017-10-03,EL,108.27,108.89,108.2682,108.45,1317682,0.1108533966400224,0.118116175951085,-0.1814223724306253,-0.5702912498836334,0.2261468028625232,-0.6655530245313671,-0.8957929891149213,-0.8505926175228549,-0.0994521719530716,-0.498207367454786,-0.0011943319062506,-0.2491896055433698,0.1744333066159765,0.0992890770098629,-1.1134876022449365
2017-10-04,EL,109.05,110.75,108.69,109.94,1864588,0.822370262830102,0.8201049881710026,0.1555077585840705,-0.2086527377772395,0.2663873799919303,-0.4298946145929983,-0.8830291641935399,-0.7754938509160348,0.086653221465964,0.1218316352120571,-0.0011754258292567,0.7434016751759296,0.1104313593688264,0.5902913243661123,-0.0297251186356417
2017-10-05,EL,109.9,110.55,109.81,110.02,1081962,0.0123072405565042,0.0202591314065592,0.1529915255835753,-0.0941312965308218,0.2963149042573639,-0.2679135071789341,-0.8697182755805636,-0.7756401445111348,0.0754217256805434,-0.7732342354505185,-0.0012045907223971,0.796695166758173,0.8221338410954645,0.0561785739793941,-1.0307691277836446
2017-10-06,EL,109.72,110.2,109.34,109.74,1211998,-0.1914422391942384,-0.1825573556498779,0.074211827591546,-0.3459356757000812,0.3038147789536714,-0.1960570051552548,-0.8608976565895079,-0.7806305613117575,-0.0419508854535514,-0.6131622758097283,-0.0012848296006107,0.6101679462203167,0.0118594952543303,-0.0125448072963664,-0.9382061751239402
2017-10-09,EL,109.74,110.06,109.36,109.63,1228200,-0.0954015845574727,-0.0868737053636042,0.0369242690335522,-0.4015578541345609,0.3002718773362073,-0.1669957196708141,-0.8557590121611945,-0.7802456927032395,-0.0472725256617139,-0.5358780705214978,-0.0012860504727743,0.5368893952947309,-0.1919431372336199,-0.1020473360528082,-1.0591830473597592
2017-10-10,EL,109.98,110.26,109.15,109.59,852052,-0.0557117367481612,-0.0473745331572285,0.0189384427777166,-0.3794661997073593,0.2908411021729482,-0.1589019764326602,-0.8514388430505383,-0.7804912182424015,-0.0744216772826144,-0.944836480825772,-0.0012732536921669,0.5102426495036139,-0.0958774281835452,-0.2942306826293143,-0.74719255683736
2017-10-11,EL,109.84,110.17,109.53,109.73,1030558,0.0465379039307013,0.0542679607978422,0.0517958449481701,0.3520366317881468,0.2839080778860819,-0.1459978140841218,-0.850213388555524,-0.799495977841664,-0.1581019864967121,-0.7028514918947717,-0.0012053535908815,0.603506259772542,-0.0561772263647265,-0.1019783895986948,-1.1052385073953772
2017-10-12,EL,109.58,109.87,109.19,109.49,1799880,-0.1691659965708761,-0.1603507441592847,0.0003048357439922,0.5485763159499112,0.2642262790928381,-0.1684896103194592,-0.8602922763620329,-0.8021423466624751,-0.2368979637073914,0.2561306941494093,-0.0013070835829909,0.4436257850258027,0.0460990884842356,-0.0883685737095213,-1.0737260874786456
2017-10-13,EL,109.86,111.75,109.55,111.0,1676274,0.8256178634498456,0.8232909224983713,0.3478645829466423,0.8291042027889981,0.3028679014876266,-0.0363595651849898,-0.8162591026296172,-0.7295327553867,0.007920806409163,0.1132005782074718,-0.0011813312396107,1.0092898560047348,-0.1696610833401058,0.7576724813949558,0.060476913489539
2017-10-16,EL,111.75,111.79,110.36,111.28,1243441,0.1240512587465137,0.131210012707171,0.402853729236673,0.8979061820414408,0.3389083776614118,0.0626491653274546,-0.7754210569697018,-0.7370041134172369,-0.0329579054259027,-0.4585698350201497,-0.0011981647504412,1.1500751970813683,0.8253822889265116,-0.3440734996279382,-0.5203549135929183
2017-10-17,EL,111.01,111.28,110.04,110.51,1238941,-0.4637894369581099,-0.4546991389484246,0.2156830421213087,0.4476377590709175,0.3316477111169055,0.0303997537930396,-0.770558776844167,-0.716143570397311,-0.1461824510909004,-0.4730843056134299,-0.0012863905510869,0.7079992413247702,0.1236326644411456,-0.3666092504333292,-0.6561807855294812
2017-10-18,EL,110.69,110.834,109.2,109.98,1447678,-0.3315822332086663,-0.3224422534229669,0.0912329533292056,1.223883739474852,0.2998821024871018,-0.0584750745188978,-0.7762815011516916,-0.7074437765149899,-0.2007858255142428,-0.2089255206961719,-0.0012945662727242,0.4037131938559404,-0.4643613830269133,-0.5109291397418796,-0.3531081875460074
2017-10-19,EL,109.46,109.77,108.91,109.7,1822323,-0.1914998664705223,-0.18261481312439,0.0063524599305832,0.6726943058768444,0.2590062497215489,-0.1530245487445188,-0.7823095312756075,-0.8440654623504472,0.0292481939508105,0.2360244043346788,-0.0013092294499945,0.2429583008535396,-0.3321196899881402,0.1393369156035928,-0.9379680282791052
2017-10-20,EL,109.47,109.76,108.25,108.8,1927107,-0.5437730143253666,-0.534850145896309,-0.2246113897069667,0.0672181738285241,0.1873361403304668,-0.3079280145678478,-0.8124889747587362,-0.8300333677390718,-0.000925635227135,0.3856602746118553,-0.0013147819186804,-0.2737538552256073,-0.1920007795433041,-0.4887235670007111,-0.4346630771464872
2017-10-23,EL,108.98,109.78,108.58,109.07,1260165,0.1215046014760194,0.1286836437466576,-0.1728082285084394,0.0749933164331375,0.1378775759504746,-0.3746786527311672,-0.8328820193040265,-0.8328048618646158,-0.019224134608306,-0.4164491138382222,-0.0011943225097015,-0.1187402084018663,-0.5443658259496253,0.0360771054533626,-0.6743987032201223
2017-10-24,EL,108.81,110.27,108.74,110.24,1350986,0.634849412832937,0.6358662620023721,0.0805743995373705,-0.0550636144076892,0.1414012695358273,-0.2917037433282111,-0.8479691331320289,-0.790544439781531,0.1426873046574155,-0.2123621587029643,-0.0011917241766887,0.5529855945010212,0.1210853428165394,0.9665981884108344,-0.4346519595769257
2017-10-25,EL,110.29,111.21,110.01,111.12,1459486,0.4639839369805017,0.4675127113738532,0.2600429929480852,0.2489883995850647,0.1751120544809045,-0.1476227623050786,-0.8255732403493137,-0.7776951493315813,0.1843939381205722,-0.0802934884925946,-0.0011886231192326,1.058215258222856,0.634564071972356,0.542257043153835,-0.6913146197735944
2017-10-26,EL,111.16,112.49,111.16,111.79,1639529,0.3423898921899098,0.3474268396823519,0.3542297325962907,0.5863794501998262,0.2239190279969776,0.0064993520200926,-0.914094315559763,-0.99214502053995,0.5837673321843752,0.230328649412254,-0.0011831125115165,1.0669616154869557,0.4636540219313291,0.4018736673092822,-0.5997920733520562
2017-10-27,EL,111.33,111.91,110.46,111.87,1644099,0.0115575216668433,0.019514062033201,0.3243739675679852,0.6615184701164633,0.2610420862063131,0.0997228466147938,-0.9211379992211862,-1.0671059280973283,0.3813620206034491,0.308290320165626,-0.0011842027487365,1.004369698317499,0.3420282565379818,0.3401431993174523,-0.5111035907957554
2017-10-30,EL,111.61,111.83,109.75,110.85,1838274,-0.6006477660207769,-0.5919071399741965,0.0492096370745489,0.2357770297932289,0.2457901782894489,0.0394893810966075,-0.9654424639099212,-1.0064640871121933,0.1922213517991614,0.5237323112265022,-0.0013067741050382,0.1571104216726742,0.0111095807832566,-0.5407808167981296,-0.0275080478806539
2017-10-31,EL,111.15,112.27,110.52,111.81,2255875,0.506180465731669,0.5091314852921097,0.2373905884748697,0.4520683684846791,0.2667136876077817,0.0844175098995661,-0.9761883778635478,-0.979310534094589,0.2875420118512024,1.0081269574582594,-0.0011622320363741,0.9097552980747556,-0.6012554147319047,0.4223040357932656,-0.2869101291907481
2017-11-01,EL,120.15,124.8,117.14,122.12,7620652,5.707817539010216,5.436459319425456,2.530890611784077,1.706736841778097,0.6795230121150027,1.1290673550745998,0.0565054899196726,0.9492845447878916,1.4596121273599587,6.60122035551999,-0.0009785085437551,0.9045822857067312,0.5058615586173707,1.2124434721676738,3.6362471850042617
2017-11-02,EL,121.67,122.5,118.82,120.15,4197621,-1.0373223931352216,-1.031741424334191,1.935511888312143,1.1529519950273346,0.916881405988896,1.5131795560847077,0.4174180622318446,1.0188566766093623,1.1847748828701954,2.3349327182108883,-0.0013755864396915,0.5088942114613108,5.708855598543116,-0.9701705283668368,0.9612717035026008
2017-11-03,EL,120.43,122.0,119.8125,121.71,2219327,0.7753480143580473,0.7739572304810084,2.149797103013269,1.2490547496177562,1.1514154861196964,1.8131995819375477,0.7716563818452314,1.0198593071941713,1.434473093430333,0.2124110577058878,-0.0011689221576574,0.8222309606099665,-1.0380439584645842,0.7766917112511958,-0.0934344119539554
2017-11-06,EL,121.42,121.75,120.47,121.12,1331662,-0.3347973915371209,-0.3256552706169036,1.866780742336956,1.28629882092693,1.2974136951774786,1.825325794588827,0.9931499987024384,1.0299612024660334,1.3717773964125686,-0.693692566095794,-0.0012858363465917,0.7037253952268224,0.7750993257885742,-0.2129870791706968,-0.7105750560911889
2017-11-07,EL,120.63,122.29,120.46,122.22,1299153,0.532425367519931,0.5350029381827413,1.9642945352909975,1.4683636640351512,1.4381354513076638,1.8214452657063231,1.2058878815089276,1.0266768613878547,1.5251147139119112,-0.7412786975911876,-0.0011999699517877,0.9246679747547212,-0.3353356870645804,0.9695164791142964,-0.3434612550085493
2017-11-08,EL,122.5,124.0,122.5,123.08,2227903,0.4050821131320438,0.409370551383076,1.9964377869263432,1.57568864894301,1.5637818556173018,1.7795371465306125,1.3986658336115707,1.0236037916534264,1.619321884424056,0.1257191106567482,-0.0011705279925519,1.0974049005674429,0.5321133069917909,0.3313980237827291,-0.57563256934258
2017-11-09,EL,122.67,124.1999,122.0,123.78,1855285,0.3210876931280573,0.3263648627438982,1.9799232147849049,1.8045590225137929,1.6699600776643722,1.6958998851834624,1.5545729390252254,1.0124720253865491,1.749326343894632,-0.2396149500984431,-0.001184123972383,1.2380047239033798,0.4047368321876163,0.6573264060877824,-0.1101350468032058
2017-11-10,EL,123.82,125.29,123.73,124.61,1859198,0.3844718122061737,0.3890131625745373,2.001561532152842,1.8280656637387445,1.764733369461308,1.5996339819733831,1.7225697618219231,1.0032439293796802,1.6332792569953605,-0.2437343981848611,-0.0011852140939456,1.3102236204170108,0.3207205003076395,0.4557211674200901,-0.547974726366159
2017-11-13,EL,124.81,126.99,124.57,126.32,2034980,0.8213594992207437,0.8191133837546454,2.204483848646961,1.8496598978047825,1.8837294143878835,1.5849702089756357,1.9124189746140503,1.00982325496758,1.8174772626868447,-0.1101803167961012,-0.0011810553833523,1.324031279936404,0.384121154590796,0.887738377374784,0.005294840812055
2017-11-14,EL,125.75,126.31,125.26,126.02,1431798,-0.1808539535138082,-0.1720011737181229,1.9474219839678588,1.7484090284603109,1.9421439815785135,1.417303509771946,2.0101424148771487,0.9932569617097586,1.893769842699224,-0.6895879634967096,-0.0012851450028931,1.2708159938514123,0.8211228138051753,0.1359019938239442,-0.8969269598288342
2017-11-15,EL,125.38,126.12,124.54,124.61,1392223,-0.7295825600569024,-0.7214501145025375,1.4564233897200405,1.425237808702884,1.9092418169966576,1.0481224548090171,1.9950825338411708,1.0232732954726458,1.7861893482805915,-0.7253183495608089,-0.0012846128069565,1.020704149251951,-0.1813520893553823,-0.490305022489321,-0.5345984549467041
2017-11-16,EL,125.16,126.445,124.81,125.64,1444781,0.4816157748083152,0.4849065367108149,1.4974788250135105,1.4772119656230571,1.900103563145596,0.8139455079731585,1.9534339030855876,1.0098128507419026,1.9665576840368728,-0.6633090450571847,-0.0011985562193856,1.2034099648104235,-0.7302238443740339,0.2634314267502758,-0.5067783336164013
2017-11-17,EL,125.48,126.16,124.69,124.69,2215281,-0.5037468837365936,-0.4947272592113478,1.1024005868302729,1.490510270559578,1.8326517735788048,0.4765059134172663,1.7980977225593833,1.0067349153487035,1.977461210640345,0.0588027964451173,-0.0013093477391202,1.0275817648969747,0.481290459429501,-0.5019772958081503,-0.6087987319059884
2017-11-20,EL,125.14,126.48,124.89,125.18,1673997,0.2116622164262359,0.2180602911648961,1.0251576411297767,1.4655020217188026,1.7763076942481186,0.2351452927053278,1.60707848579659,1.004928627261028,2.001775023702965,-0.4703508487663047,-0.0011911136138818,1.1131928024520164,-0.504329253624249,-0.002167027069882,-0.5327525123938079
2017-11-21,EL,124.8,126.4299,124.75,125.5,1889408,0.1261553549315657,0.1332972685427003,0.9215998353201544,0.5316209958048067,1.7226941220060128,0.0490850743771539,1.4167605090220412,1.0056631554684414,1.865512397619092,-0.289795412753281,-0.0011855371864988,1.1555799998269174,0.2112664774538766,0.3974514748852203,-0.4757517124886689
2017-11-22,EL,125.88,126.71,125.07,125.84,1560984,0.1356711501715457,0.142736024559861,0.8297088711185118,1.186321763203266,1.672608959490716,-0.0906810343887944,1.2152111640137873,1.0077618168514175,1.7780414890017762,-0.5981292449298038,-0.0011964283614723,1.2211381043936496,0.1257373095280732,-0.0503241088973222,-0.5051906414461697
2017-11-24,EL,126.0,126.6,126.0,126.19,870703,0.1401628342885849,0.1471908444743696,0.7446231534237174,1.0131864390043048,1.6262480629663814,-0.1929077248526229,0.9906930631840368,1.009811615921906,1.7243408610403497,-1.2231387419399444,-0.0012173174097487,1.28862438850646,0.1352555871820664,0.0876107442286497,-1.1950602038644298
2017-11-27,EL,126.1,126.46,124.67,125.15,1592967,-0.5460981826706977,-0.5371817341813305,0.3758509357443589,0.8498562607166974,1.5292524526717892,-0.4050219588112118,0.676603101683971,1.0379136351925669,1.5759518301526998,-0.5402362649537493,-0.0012887416645563,1.0880937157141068,0.1397484430581981,-0.5955012923490121,-0.3993132079005948
2017-11-28,EL,125.73,125.825,125.08,125.31,2022937,0.0465987312173553,0.0543283772659756,0.253355685795931,0.6789213151447204,1.4403796933782895,-0.5538052673330263,0.1584171447902481,1.0046279425888034,1.7483327574157113,-0.1424851744811527,-0.0011832648816507,1.1038001254227974,-0.5466916008685887,-0.2786966492193277,-1.095841174126351
2017-11-29,EL,124.53,124.9945,123.35,123.93,2575042,-0.7186244186644849,-0.7104297392607011,-0.168278196923643,0.0384789654346195,1.298966800828728,-0.8080693126934014,-0.583420680194802,1.048833912672588,1.4245182221168984,0.3587060577395197,-0.0013167895729512,0.4101888532513634,0.0461599316390861,-0.3903338245740353,-0.4854250610045999
2017-11-30,EL,123.87,125.03,123.34,124.83,2857491,0.4191320433577209,0.4232442372063618,-0.0067974622025311,0.0869881277823537,1.2067097930772606,-0.884954147711051,-0.6137920434539736,-0.7573942568760761,0.1584364894838408,0.9517215960095188,-0.0011582478090625,0.5640253714247374,-0.7192628442984412,0.5592143585992718,-0.4630209903836023
2017-12-01,EL,124.73,125.27,123.42,124.77,1703341,-0.0629205984463548,-0.0545468899911896,-0.0683395652523095,-0.1438355967816889,1.1166657446216974,-0.9407658965927566,-0.7591800793465806,-0.8924714378330226,0.3972492989324295,-0.1348174397941983,-0.0012915687589163,0.414709750016315,0.4187904276606844,-0.0020876451669665,-0.355605460792912
2017-12-04,EL,125.35,125.6,123.99,125.34,1541930,0.2514239407119461,0.2574366303010788,0.0133476913890288,-0.4994730750031808,1.053893133167223,-0.9152190863246136,-0.833222893304465,-0.9499676204660844,0.2705492991703426,-0.2826629738640966,-0.0011976862496099,0.6029247649371304,-0.0633879686602688,-0.0323438173213226,-0.5208054423441204
2017-12-05,EL,123.92,124.97,123.5,124.5,2491717,-0.4502351646314498,-0.4411267687130389,-0.198896122170422,-0.6441276062865943,0.9583433316226324,-0.9791495611553416,-0.9806126004076214,-0.9367244641082426,0.2423689665023761,0.7120420551916076,-0.0013143025881731,0.1753118259705597,0.2510385744997258,0.3272989703935667,-0.607299295910938
2017-12-06,EL,124.28,124.67,123.01,124.47,1902814,-0.0479979797983476,-0.0397007578550528,-0.2287476168444597,-0.2377498253367438,0.8697170599943677,-1.0124728942012051,-1.0800022460389411,-0.9669848715579732,0.1028939913464147,0.0264065260939066,-0.0012988295503823,-0.2358662326478113,-0.4508035747566233,0.0891874657248131,-0.4798446163654122
2017-12-07,EL,124.53,125.34,124.25,125.18,1635729,0.3221353671193504,0.3274008897868944,-0.1017234416080774,-0.3554959615671882,0.8163164710370587,-0.9484612598394304,-1.144771554406625,-0.9744066441418576,0.08310603686915,-0.2353973130448191,-0.0011934696495537,0.2371135051446132,-0.0484614571040274,0.3680354956748008,-0.865636595629666
2017-12-08,EL,125.16,125.9,124.57,125.63,1788500,0.190810610362258,0.1974007726642558,-0.0267865608945633,0.1735249790092,0.7810070504705047,-0.8506855963447106,-1.1760031629121412,-0.9826305452392546,0.0520263352195071,-0.0628390956648324,-0.0011898094370808,0.3069775233180617,0.3217684476087855,0.2573950105501713,-0.7090239482262636
2017-12-11,EL,125.31,125.85,124.95,125.47,1322331,-0.1122867061080762,-0.1036853516964292,-0.0693631760733439,-0.0721022923464091,0.7365406574774954,-0.7960349549408735,-1.1819757294929625,-1.0005292705103814,-0.0661172467534544,-0.5574064762267763,-0.0012810885057492,0.1733420846269085,0.1904094317689543,0.070150495874913,-0.9935174639043076
2017-12-12,EL,125.1,125.32,124.72,124.95,1609229,-0.2910193115562088,-0.2819206590518782,-0.1640123585108974,-0.4047735563782652,0.6714001698707897,-0.8055292054568735,-1.2078180282196975,-1.0975349413323423,-0.3267595086119074,-0.2131339927420034,-0.0012900704821117,-0.1383535466986753,-0.1127669546063948,-0.1169062213107913,-1.1911276950241574
2017-12-13,EL,124.95,128.57,124.9,127.95,2379604,1.4617947732407044,1.444247682259125,0.4443993002457554,0.4223088674106586,0.7277574807529679,-0.5003913640971414,-1.0819255297388968,-0.8148317902561092,0.0574479873637598,0.5930857996857656,-0.0011714580705537,1.072196638305419,-0.2915461865647863,1.7876518803691734,0.7991485751292902
2017-12-14,EL,128.02,128.22,127.34,127.81,1588933,-0.1011173814635865,-0.0925641190578114,0.3808997291363362,0.2902438793953256,0.7564947273698063,-0.3273746609595611,-1.003380931408514,-0.8798918319500465,0.2096754333919306,-0.2926616194034989,-0.0012890941921194,0.988494225492118,1.4617251600937875,-0.1502493338861495,-1.0175037266006408
2017-12-15,EL,128.68,129.79,128.44,129.62,2777831,0.8486802567090885,0.8459106866190809,0.7166984514564292,1.038450217526008,0.8391337424466928,-0.0502190743315385,-0.8206340901286769,-0.827884715912017,0.2977607698270437,0.9105055761611224,-0.0011602377685268,1.35952906762575,-0.1015947161867223,0.5255848949865719,-0.7233238989619885
2017-12-18,EL,129.78,130.36,129.09,129.39,1693931,-0.1434677960579783,-0.1347427608797917,0.6181633717236085,0.9240964825059956,0.8836911807038356,0.0734840717965522,-0.7150652366827075,-0.8610300781322134,0.3861102083286707,-0.217357450620681,-0.0012915485945605,1.0041772431698512,0.848450698541378,-0.2533561271574517,-0.7733094366909086
2017-12-19,EL,129.315,129.82,127.41,127.84,1980312,-0.7788029688017248,-0.7709742636470844,0.2667758176005849,0.8611872375432674,0.846547432692638,-0.0378508583011959,-0.6907813998977506,-0.7842765833802797,0.1446034282930835,0.0741851271893186,-0.0013008283893802,0.3031593679268848,-0.1439561788606494,-0.8880795567834757,-0.0202078897291799
2017-12-20,EL,128.09,128.305,127.27,127.69,1142979,-0.1060459931830113,-0.0974712632988392,0.2124269795159765,0.6355419000882372,0.8002860609581193,-0.1503874088868386,-0.6726168180405784,-0.7833328939324918,0.0888062649896435,-0.796900921779278,-0.0012769712726812,0.2353189283872398,-0.779457093394348,-0.2622499887825266,-0.9157988822299516
2017-12-21,EL,128.82,128.86,127.5,127.58,827840,-0.0866289361901103,-0.0781410325166298,0.1712219888892428,0.6171828835858567,0.7489647322851171,-0.2534408914097973,-0.6580747399737735,-0.7836812355272705,0.0355951749049953,-1.1225673871199784,-0.0012678347135741,0.1855692727248351,-0.1065246136478522,-0.7535655308187525,-0.702912168385413
2017-12-22,EL,127.39,128.115,127.24,127.75,747020,0.0499626211179071,0.0576694561747368,0.1901661768254235,0.5304459177727088,0.7051579056565027,-0.3165414785251715,-0.6412082982401952,-0.7853646653853215,0.014082740029668,-1.2097039021256044,-0.0012198287334282,0.2624551042030976,-0.0871024912691208,0.187190338679661,-1.020496095173354
2017-12-26,EL,127.78,129.01,127.57,128.85,491450,0.5030809921611034,0.5060754014920008,0.3796356193871656,1.0762484254812603,0.7039213664713687,-0.2574467611690717,-0.6079200247906358,-0.7980379641055211,0.2667238750403015,-1.477971942198177,-0.0012277795289059,0.7599516608271412,0.0495246990876743,0.6063365256965252,-0.6599243078431855
2017-12-27,EL,128.64,128.92,127.63,127.75,613808,-0.5644965572033176,-0.5556340044693469,0.125752438134836,0.6738855762820745,0.6504560149429034,-0.344607051157017,-0.6078768209878428,-0.7578295018758994,0.1184952857412094,-1.307392112001784,-0.001261255305309,0.2624551042030976,0.5027612764778489,-0.5490240197042345,-0.7497606234101143
2017-12-28,EL,127.62,128.21,127.38,127.89,794077,0.0352319432481056,0.043037334965356,0.1133601589435146,0.5621627912318742,0.6049247907941849,-0.3939129758548553,-0.6522130058725933,-0.8222502246097426,0.3018100356226263,-1.0377570734480213,-0.0012185539701316,0.3257728477734309,-0.5650947750402937,0.1335250256485103,-1.0504456967905205
2017-12-29,EL,127.8,128.13,127.2,127.24,805149,-0.3494220683396509,-0.3402723125606779,-0.0462360890362604,0.2490251644374771,0.5353920023507844,-0.4951373289299425,-0.6815009322832822,-0.8200310160026125,0.1160653425181663,-0.9535316888510474,-0.0012669891108778,0.0317976097683102,0.0347901783818044,-0.3573728864560325,-0.9821836979058776
2018-01-02,EL,127.64,128.07,126.8,127.59,1288852,0.138257596719627,0.1453012827366871,-0.0031351679799867,0.3778314587510765,0.4867540992689768,-0.5223337361666845,-0.7163924781828015,-0.8198402854356017,0.1644623757797972,-0.2736881069818139,-0.0012034987717408,0.1900919686941471,-0.3499641790503627,-0.0559122047093708,-0.7617691433395012
2018-01-03,EL,127.55,129.72,127.19,129.62,2121226,0.95755036436357,0.9525798456282007,0.3712521741718224,0.9091514986016416,0.5204050949125306,-0.3322806532087288,-0.6943423387432275,-0.7358743537839435,0.334026416638632,0.8135095883923863,-0.0011790749543719,1.1081992504639782,0.1378427084642076,1.1998080691546034,0.0353723956926732
2018-01-04,EL,130.0,131.59,129.9475,130.23,1904289,0.2599942583997063,0.2659206018710251,0.4367265644609717,0.4735148339810848,0.5628958335368608,-0.1574848405826201,-0.6976056280928344,-0.7639145805802758,0.5084582208902666,0.5724817642373571,-0.001186863234334,0.915968858146052,0.9573492074670138,0.1073519921216129,-0.5402038706909752
2018-01-05,EL,130.22,130.63,129.71,129.99,1572037,-0.1477309658779102,-0.1389902315300451,0.3295581429547397,0.4382715241814633,0.5787570084700535,-0.0861922290050279,-0.7369852438289258,-0.7595515885887971,0.4838426722140159,0.1404966091702496,-0.0012879013004869,0.7182615233225906,0.2596111279519374,-0.1597592676946169,-1.001481675739012
2018-01-08,EL,129.78,131.25,129.59,130.97,967924,0.4363698831626763,0.4402615973532041,0.4700232682044757,0.233713482481104,0.6210405136254973,0.038852483398871,-0.7267170309002723,-0.7529412371577258,0.5118258279767843,-0.6674528054262,-0.001214422576169,1.149290069398818,-0.1482204608264645,0.6664452332489562,-0.5350069842715722
2018-01-09,EL,131.3,132.49,131.0,131.7,1249330,0.3140175277962982,0.3193728428757255,0.5558104616532653,0.4978103609183534,0.6738166280208265,0.1658960488792248,-0.6889315840400164,-0.7493075383443353,0.5421254985584528,-0.2328124313047425,-0.0012065672399972,1.1048989047566398,0.4360327643525536,0.2038488266334932,-0.6484394625538038
2018-01-10,EL,131.3,131.3,128.27,130.32,1599133,-0.6853581671825881,-0.6769865715757044,0.2235027709795098,0.5612236850016417,0.6521179591916663,0.0758340912984109,-0.7369691413141455,-0.6901988904132519,0.4002266062283978,0.251575234131214,-0.0012883750402885,0.5145037282224543,0.3136484905606684,-0.5902217257004619,0.3463894470625409
2018-01-11,EL,130.59,130.87,128.75,129.09,1250244,-0.6206064338071519,-0.611942230378016,-0.0697647559742372,0.1922446021492658,0.5781534494991576,-0.1307468494121576,-0.8617088012462097,-0.6552808372780208,0.3191362156006891,-0.2261275713940501,-0.0012790091702389,-0.0462144266351105,-0.6859879145498561,-0.8941293829298335,-0.2226460657465491
2018-01-12,EL,129.16,129.49,128.42,128.53,1465988,-0.3030750654330162,-0.2939613605861661,-0.1897278616474892,0.0593750270611918,0.4901505988952516,-0.3321460498219117,-0.8687166607312067,-0.8631927997675276,-0.1009025165699447,0.160058480646027,-0.0012858373317498,-0.8706113863435418,-0.6212192891957407,-0.3948333103087301,-0.8975191883430289
2018-01-16,EL,129.2,130.39,128.46,128.66,1618911,0.0299740407794212,0.0378137733706955,-0.1718910754572258,0.0497649024379881,0.4189978516141945,-0.4498935342647477,-0.8797992663534123,-0.8638606707031266,-0.0698040986793903,0.3872847789650601,-0.0011943295466307,-0.7946634777552277,-0.3036050854622261,-0.3420902659215729,-0.3411462348552365
2018-01-17,EL,129.28,132.59,129.01,132.06,1613444,1.6122497792331294,1.5901970464408075,0.4948825527599106,0.5100458343633947,0.4890839356538,-0.180545201371771,-0.7970205901645924,-0.6640367575737923,0.1089864110705774,0.4886614623786985,-0.001195319028316,1.1385927047240565,0.0295309042683506,1.5983273441493229,0.6679542757358515
2018-01-18,EL,132.21,132.45,130.78,130.98,1147123,-0.5421485532627085,-0.5332212516886764,0.2588141850292912,0.5154424974631143,0.4947245647118105,-0.1309480267763029,-0.7677539606771628,-0.6361137647253953,0.0129976907860957,-0.2043256344059865,-0.0012758362158452,0.5185381174290771,1.612219415734383,-0.7292035922839865,-0.5287247623929615
2018-01-19,EL,131.58,134.46,131.32,134.45,1380073,1.616380885640215,1.594199590780026,0.8943790797910085,0.958778412456102,0.6268369162901317,0.2342657495053085,-0.5894222174496645,-0.4837556048539175,0.5918948612714074,0.2233175352078265,-0.0012023726264461,1.43853908961136,-0.542740941108943,1.6216058036867251,0.3550524324649866
2018-01-22,EL,133.74,135.69,133.59,134.87,1388010,0.1614879714474009,0.1683365896162251,0.9039072247712284,1.164476452754185,0.7378644893207642,0.4721649135151969,-0.4476598236745261,-0.4886349713152312,0.6583467290535541,0.2138673329408986,-0.0012027218206352,1.1362613325412751,1.616351599835574,0.6120378474655074,-0.2936609322602955
2018-01-23,EL,134.76,137.16,134.76,136.72,1317853,0.8209920148734814,0.8187528611980448,1.180975968101008,1.2964152486352771,0.8867445780943888,0.7599159686290745,-0.2524741823977834,-0.4572206607461528,0.8846868894283108,0.0582663314571983,-0.0012052822150847,1.3016972969347114,0.161079143369434,1.0725369584547075,-0.1283480209177252
2018-01-24,EL,136.82,137.6,135.12,136.25,1623197,-0.2470194311758389,-0.2379955722654936,0.9970075874852324,0.9913525411007964,0.973320007846143,0.8297456929486159,-0.1398712861796657,-0.4434540852535767,0.8097102980827778,0.4588478729989014,-0.0012881936690227,1.027356060012576,0.8207552335911704,-0.341069639156508,-0.0743673428398455
2018-01-25,EL,136.96,137.67,136.26,137.17,1115434,0.3873885037276863,0.3918944695450232,1.09435757062563,1.0238246728870708,1.0641755467629717,0.896626399714718,-0.0008187519161317,-0.4487935550004914,0.7808512768497421,-0.3641503412420828,-0.0012109315564565,1.2899725177199102,-0.2475348278037997,0.08952657767707,-0.734645240662681
2018-01-26,EL,136.87,137.85,135.84,137.71,1587948,0.2120964717054133,0.2184904727636166,1.0981384000798524,1.1365492694912478,1.142564346149424,0.9180417921865353,0.0959914565653038,-0.4964253757967533,0.977556578292382,0.2637752090523002,-0.0011979823751068,1.4007624250216733,0.3870386069983642,0.4373606576994692,-0.3748898926640628
2018-01-29,EL,137.76,138.2,136.13,136.6,1374568,-0.5348217755578587,-0.5258750117107052,0.7869190882044962,0.7704234933718361,1.1460956674146574,0.7424922461226567,0.117225963697038,-0.4537607541657796,0.8327564250994299,-0.0872113090250006,-0.0012808110794631,0.9763269574641162,0.2117008460185297,-0.6624959264799241,-0.3283987265612669
2018-01-30,EL,136.0,137.195,135.2301,136.63,1318348,-0.0193229747870061,-0.0111827162363722,0.6966551590097817,0.6865840831754902,1.13529185634732,0.5651542254213042,0.0890187376424048,-0.4742933823524673,0.9163543924532462,-0.200579832381524,-0.0012056562175989,0.985074803615281,-0.5354122520456427,0.3236659833446363,-0.3927843815734207
2018-01-31,EL,136.96,137.7699,134.1,134.96,2024939,-0.7939630533907581,-0.786235884203769,0.2917498244392239,0.6209220328155309,1.0472378099842503,0.2244430330420863,0.0082508254658907,-0.3976160873902993,0.680864377586834,0.7172294857673709,-0.0012988705447641,0.4646454932179883,-0.0197789715582194,-1.1295844416324894,0.6749225369244899
2018-02-01,EL,135.13,136.42,133.88,134.56,2098582,-0.2175189757682925,-0.208562704136596,0.1634288136649851,0.8151742048730117,0.9490755992091926,-0.0741441620495851,-0.0285551981924426,-0.4464890598523444,0.3922480512175559,0.8198462486679506,-0.0013021152061225,0.2243469499481067,-0.794621132840067,-0.3450060908639766,-0.018153697466716
2018-02-02,EL,138.74,138.74,133.035,134.39,3279624,-0.1116514114729206,-0.1030527388826734,0.0885796491137228,0.9135601547328952,0.8530611847341757,-0.3074855274201036,-0.0603142001949988,-0.4462717534295717,0.3016626187144965,2.233068806650185,-0.0013375787372399,0.0617718097024444,-0.2180266765240689,-2.395137838500889,1.946585181309593
2018-02-05,EL,133.4,137.04,132.541,134.3,3610531,-0.0746897953760572,-0.0662582747942697,0.0282042959950148,0.8748848743987759,0.7629362686738387,-0.4789991521825817,-0.1067772341780892,-0.4484828308804884,0.3194761114768162,2.3740349355711925,-0.001350847505877,0.0331971833060984,-0.1121314942400244,0.4834031391335845,1.2005638541901962
2018-02-06,EL,132.89,137.74,131.68,137.22,3546158,1.3206411088161194,1.3070076202532857,0.5391045853998453,0.8152008805083708,0.7955631678092973,-0.3002489928038563,-0.0904313940442841,-0.33700267678317,0.5333777077631013,1.981068239907152,-0.0011321918525046,0.9602850619433516,-0.0751602358556343,2.435412922731348,2.0892300018981778
2018-02-07,EL,136.83,137.5,133.985,134.71,2835714,-1.171807252215318,-1.1678310933674811,0.0173124206095303,0.4742618710265858,0.7127255911812796,-0.4544524382395384,-0.1094590703788642,-0.2241862487128511,0.1681837492256638,1.0373499497376637,-0.0013277000736743,0.1633704813339313,1.320534672489874,-1.196891604133826,0.5832965443268634
